file,rate,method,rmse,nrmse,nrmse_mean,mae,mape,r2,k
232,10,Temporal_Matrix+SVD+KNN,380167.01003200357,0.1284201112382981,1.0692310489392012,254206.93555813254,166.4109420934811,-0.16127233336507585,5
232,20,Temporal_Matrix+SVD+KNN,384317.74620346905,0.12977715357317376,1.0548709585107772,259333.7615561893,181.63340561026254,-0.15203257881704957,5
232,30,Temporal_Matrix+SVD+KNN,405318.7281984426,0.10161550059729124,1.0965347072323668,268893.5430205396,183.38681094076526,-0.10992674087372012,5
232,40,Temporal_Matrix+SVD+KNN,421316.38392777176,0.08270024935045273,1.1173709717711764,275362.2420011044,186.38525978190438,-0.11235578189654749,5
177,10,Temporal_Matrix+SVD+KNN,324674.4039393786,0.06865858500445846,2.5101414933294532,103146.21366789663,252.25822114629938,0.16657849849685047,5
177,20,Temporal_Matrix+SVD+KNN,354259.7572463695,0.07243885637244073,2.3559761676938735,110082.363167595,199.12478091044085,0.20548369000349265,5
177,30,Temporal_Matrix+SVD+KNN,396837.699474139,0.06959293085804949,2.6420265223766144,122403.6448366389,241.44459737255545,0.0577382570063365,5
177,40,Temporal_Matrix+SVD+KNN,457006.9088550391,0.04220785994057944,2.9547480053728052,128113.60462431399,223.19040167939716,0.030123005294918737,5
84,10,Temporal_Matrix+SVD+KNN,435358.21246010036,0.156927585756948,0.8022750648108796,335138.67516878,125.41215184727972,-0.24481087175796334,5
84,20,Temporal_Matrix+SVD+KNN,523601.02296067437,0.08206818408704651,0.9144573294712236,356256.55546555767,130.2520814225533,-0.17745074843558029,5
84,30,Temporal_Matrix+SVD+KNN,522534.3263293281,0.08190099217628333,0.906590775072349,363047.6504215299,134.04003116840428,-0.24378536647587712,5
84,40,Temporal_Matrix+SVD+KNN,552707.419416996,0.06660478079408907,0.9656210966129979,372366.9990144204,139.43699645895606,-0.2949792772004889,5
231,10,Temporal_Matrix+SVD+KNN,400553.2906154055,0.0602559778393796,2.1559072484044903,133820.60033383776,145.71449773326103,0.23897913498978163,5
231,20,Temporal_Matrix+SVD+KNN,488930.12524773856,0.06708189504915191,2.5164444893548885,156646.5434310281,232.74162695778955,0.07584599197284636,5
231,30,Temporal_Matrix+SVD+KNN,478069.20848661877,0.06559176212282046,2.516562312243107,155574.6136759664,215.28346493516048,0.06859636331551555,5
231,40,Temporal_Matrix+SVD+KNN,501304.99587405444,0.0640506573982615,2.572417858761317,155525.54062696075,7566.292668833026,0.07744608664020591,5
125,10,Temporal_Matrix+SVD+KNN,1233736.0925694592,0.06906516547734202,0.5121967785234135,814941.3778928469,42.39003354346902,0.29464217970446926,5
125,20,Temporal_Matrix+SVD+KNN,1278817.043433227,0.0714289620413969,0.5232916233901519,874948.4620761253,46.496022810658886,0.24255816880668324,5
125,30,Temporal_Matrix+SVD+KNN,1342876.4762124014,0.05604888531497465,0.5499423662686714,883094.7092836028,47.06187235899614,0.19063557532260456,5
125,40,Temporal_Matrix+SVD+KNN,1343542.9032702348,0.05607670060133715,0.5526410991303881,896820.0993467738,47.6466284141086,0.1512955951518673,5
196,10,Temporal_Matrix+SVD+KNN,499773.804024865,0.05607299363678914,1.622385513192751,170504.79456230186,180.60671891931815,0.43508933452247034,5
196,20,Temporal_Matrix+SVD+KNN,469256.1137345889,0.05264532272192893,1.40602630232583,182833.9981288711,199.22291734576396,0.4882609486051239,5
196,30,Temporal_Matrix+SVD+KNN,450267.2709254788,0.050514809506194136,1.3513868252092816,188024.59042965126,210.38830828357897,0.4940569018501325,5
196,40,Temporal_Matrix+SVD+KNN,462218.8077057103,0.05185563448447596,1.4040154520894121,196170.50513331516,215.7350852470306,0.46275434894881384,5
11,10,Temporal_Matrix+SVD+KNN,2864637.18244944,0.11895462446285848,1.6489715010667318,1617874.749630325,3300.16101007301,-0.07021252276477163,5
11,20,Temporal_Matrix+SVD+KNN,3138731.4685709355,0.09917163067597828,1.7154243094833725,1674050.0481267145,3856.903206702916,-0.04282726782302637,5
11,30,Temporal_Matrix+SVD+KNN,3182126.436252499,0.10054274182428924,1.714546037645461,1686049.0524084973,3905.392276007164,-0.06368659625357753,5
11,40,Temporal_Matrix+SVD+KNN,3281298.61983123,0.10367613293183645,1.7420239227012646,1741783.328839756,3318.281496750343,-0.0840164474660341,5
15,10,Temporal_Matrix+SVD+KNN,983353.0809650292,0.05560169064891251,3.015304188632799,235165.44984836676,295.6745506321684,0.10931865781938965,5
15,20,Temporal_Matrix+SVD+KNN,754166.8495644322,0.04264187651456654,2.468626602942722,212985.72014889691,321.17896827019365,0.15021791789428485,5
15,30,Temporal_Matrix+SVD+KNN,692268.2416506368,0.039141696266003945,2.354177492576218,215845.10683482076,389.92780739842334,0.14356528547443703,5
15,40,Temporal_Matrix+SVD+KNN,727468.7130556437,0.0411319741341172,2.4496008457687446,220853.09131592495,393.0247027279851,0.12952654225197624,5
180,10,Temporal_Matrix+SVD+KNN,421293.69592347584,0.07994052012699789,1.08746396419231,259922.59182388242,254.51293898430612,0.13519271708416958,5
180,20,Temporal_Matrix+SVD+KNN,444827.96500455594,0.08437762102222753,1.1205715868389325,254303.66677713496,232.4412424111296,0.12126419457231985,5
180,30,Temporal_Matrix+SVD+KNN,472736.0890542851,0.052827186983965456,1.1922669268561712,252958.0509722094,235.57971405823025,0.14714739063406224,5
180,40,Temporal_Matrix+SVD+KNN,490375.5587693227,0.054798357762990295,1.232868827320174,293572.60704466596,374.9648197652323,0.05781087824963671,5
255,10,Temporal_Matrix+SVD+KNN,2074005.1968582775,0.10817020258018935,7.925960945617773,452935.09027836245,2265.873534746323,-0.29255769110142094,5
255,20,Temporal_Matrix+SVD+KNN,2020244.1533654225,0.08380899277320772,8.85771427151009,472522.6357379339,5547.3483214681255,-0.5089717849326598,5
255,30,Temporal_Matrix+SVD+KNN,2455054.686223531,0.05767867515222335,8.450126334904757,488596.10102451104,3836.823782570232,-0.14433865253664413,5
255,40,Temporal_Matrix+SVD+KNN,2513882.4094732003,0.05906076458522168,8.738039723334674,524265.1580454667,5756.289096947804,-0.1409867655750474,5
17,10,Temporal_Matrix+SVD+KNN,953051.4825129807,0.1346892910938244,0.7598814941891533,612799.5699340083,156.71243089000407,0.36467460131048,5
17,20,Temporal_Matrix+SVD+KNN,1146526.0968954903,0.07802528847514832,0.873439864650832,672733.0721694939,180.63813247885145,0.340961416188002,5
17,30,Temporal_Matrix+SVD+KNN,1246917.5489394104,0.08485729345730782,0.9397559729503483,719510.5924781458,184.69059079916602,0.2670356757094403,5
17,40,Temporal_Matrix+SVD+KNN,1224072.0749187698,0.08330257550920474,0.9335914756263574,723795.3157755679,191.530931044203,0.2629069439083488,5
284,10,Temporal_Matrix+SVD+KNN,104.96823649883729,0.06132086348308821,0.17157175718843531,72.97700637607116,19.968335648554916,0.8667983560540196,5
284,20,Temporal_Matrix+SVD+KNN,118.91802666768555,0.06919631939977978,0.19538045168565912,86.14282436299025,27.849668841144197,0.8394560053257191,5
284,30,Temporal_Matrix+SVD+KNN,135.14129973712133,0.07863635819355816,0.22179085231207604,100.39699504164194,41.56285479512645,0.7988771136717797,5
284,40,Temporal_Matrix+SVD+KNN,149.05740604904426,0.08673389701205908,0.24372336789605822,112.19990992306636,46.333329483410964,0.7539739095464522,5
169,10,Temporal_Matrix+SVD+KNN,985558.1808659496,0.14220029260884343,0.7608587089328989,667772.4733589734,97.22666856982015,0.14620528533506127,5
169,20,Temporal_Matrix+SVD+KNN,1028432.726553544,0.12406764989357458,0.7861324187924857,685280.912005732,119.90912633858383,0.12440565431487427,5
169,30,Temporal_Matrix+SVD+KNN,1113663.8059896685,0.07191925651062346,0.8440255072594421,699517.7165566206,124.78942606986064,0.11141430161025156,5
169,40,Temporal_Matrix+SVD+KNN,1079961.8474412,0.06974281889208762,0.8302240026937842,700829.8888597209,131.070721682281,0.11239026608284797,5
263,10,Temporal_Matrix+SVD+KNN,61311.425788787834,0.061892188665442466,8.83271805182104,8744.004055339532,26821.168317105377,-0.03041323006940866,5
263,20,Temporal_Matrix+SVD+KNN,49486.86726919248,0.04995560593728756,8.63417772583131,8099.574638146053,36947.657957647105,-0.04696148009754997,5
263,30,Temporal_Matrix+SVD+KNN,50943.49408740966,0.05142602989709724,8.104239436872444,7260.9221064711555,14421.33656337314,-0.0007290134885700184,5
263,40,Temporal_Matrix+SVD+KNN,47521.88395119452,0.047972010334573795,7.906727420283413,6993.396709366388,15774.1477886022,-0.001136596426635439,5
170,10,Temporal_Matrix+SVD+KNN,429207.8703196782,0.06614124479766484,1.5142340167170867,226566.36033269862,242.4512320003449,-0.03257621263279731,5
170,20,Temporal_Matrix+SVD+KNN,425868.94832087087,0.053916391155794316,1.4087453881784466,196859.606740071,165.96026486263503,0.18285770249951627,5
170,30,Temporal_Matrix+SVD+KNN,420278.71849065344,0.05320864991435095,1.37275178431775,196303.773261548,163.62857239941033,0.18139633811120548,5
170,40,Temporal_Matrix+SVD+KNN,410492.2237577912,0.05196964791586864,1.3427221577426633,197189.52353668568,172.5165025839361,0.18575599282052602,5
238,10,Temporal_Matrix+SVD+KNN,848927.8672191702,0.1455456424642681,0.6580189237037435,597964.1505731228,65.54524783610488,0.15744394028910602,5
238,20,Temporal_Matrix+SVD+KNN,849420.2359862537,0.1290095076718753,0.6649048797466816,607365.8368708594,86.419963823144,0.13749358762951525,5
238,30,Temporal_Matrix+SVD+KNN,852595.8599445795,0.12949181980202953,0.6688620421550825,608237.1834038125,78.76728665309457,0.12185613353474078,5
238,40,Temporal_Matrix+SVD+KNN,850611.0264428636,0.12919036431272193,0.6676700027375747,609720.417224764,78.41994236292186,0.11762248956968713,5
96,10,Temporal_Matrix+SVD+KNN,471924.7471547203,0.1022621669750535,1.1501143471477533,241735.4531625142,170.17515418680495,0.4669339652639396,5
96,20,Temporal_Matrix+SVD+KNN,555847.2123909298,0.058115162136706304,1.2538144519213794,270421.6112574261,206.5208703541474,0.42424912592898434,5
96,30,Temporal_Matrix+SVD+KNN,590678.5980399939,0.06175686722997185,1.3111255329374523,280578.44831300725,220.1271631490831,0.4047706558481514,5
96,40,Temporal_Matrix+SVD+KNN,590598.8051860722,0.061748524695297506,1.3171938263881229,284925.76237808284,238.70764992775682,0.41082869418070256,5
94,10,Temporal_Matrix+SVD+KNN,2719888.1300792685,0.09049743385067606,0.5870286726886227,1707564.7800947947,63.906300006483164,0.48716614243294376,5
94,20,Temporal_Matrix+SVD+KNN,2560738.1134033296,0.08520211749292386,0.5373448110235868,1659122.1623447412,60.45959391045651,0.5451619938479795,5
94,30,Temporal_Matrix+SVD+KNN,2745296.3733720807,0.05203749558052483,0.5707106241460049,1741189.5618895986,61.9969765450779,0.501071044348524,5
94,40,Temporal_Matrix+SVD+KNN,3029814.1029244494,0.05743057089208999,0.6230297507847066,1852930.598707009,64.69004147847812,0.4416350810952111,5
147,10,Temporal_Matrix+SVD+KNN,1545057.9975291777,0.06911610483418085,1.5009587745404318,542105.3113042903,487.1601944395462,0.5791326386609281,5
147,20,Temporal_Matrix+SVD+KNN,1476377.7448776031,0.06604302059067271,1.3379755674535716,590921.7977908235,521.5827902665923,0.601832521833408,5
147,30,Temporal_Matrix+SVD+KNN,1567728.1087100294,0.06709473490360465,1.4223066067629238,606801.130709555,533.6368283850638,0.5834590881314405,5
147,40,Temporal_Matrix+SVD+KNN,1515898.8960119244,0.06487657777104978,1.4274820629901774,603580.6138011615,562.708339807988,0.5796802585377308,5
208,10,Temporal_Matrix+SVD+KNN,974347.1314052253,0.1060555273209282,0.9315398226404525,524587.8040201333,557.4263865374274,0.5340033445352467,5
208,20,Temporal_Matrix+SVD+KNN,1049041.1324045535,0.07641303847483143,0.968593276165407,573888.1250056413,819.6317566899369,0.485159917956714,5
208,30,Temporal_Matrix+SVD+KNN,1147883.2475624732,0.07440865796679563,1.065270585384345,615161.9853305183,981.3245245488702,0.4263389280817069,5
208,40,Temporal_Matrix+SVD+KNN,1172489.0473791747,0.07599995547180304,1.0846316564148888,644528.7793503907,50653.02104911084,0.40085104532542026,5
83,10,Temporal_Matrix+SVD+KNN,1605741.307850662,0.1394917482629268,1.2297958771223634,1183260.7954775607,1620.4373455858872,-0.1264719419548901,5
83,20,Temporal_Matrix+SVD+KNN,1640078.604596074,0.14247228891985245,1.2370541967434157,1199156.3741368528,1492.7818367463626,-0.15541015041738349,5
83,30,Temporal_Matrix+SVD+KNN,1608820.0050095096,0.13975687990284147,1.2071522563170085,1177303.1025016082,1372.8274802567403,-0.11905337397905602,5
83,40,Temporal_Matrix+SVD+KNN,1646485.0741579912,0.14302881369849652,1.2340485070222338,1199200.985717556,1416.1584381001696,-0.1529859011850423,5
120,10,Temporal_Matrix+SVD+KNN,971511.4106762736,0.13137145458908076,0.6144957499186573,648844.526721216,58.82159189705831,0.09917893897940966,5
120,20,Temporal_Matrix+SVD+KNN,900290.1500966905,0.12039987639135037,0.5681161558909456,620199.378001114,56.964561984392695,0.16550753302874344,5
120,30,Temporal_Matrix+SVD+KNN,903427.5560467575,0.10487509615563897,0.5697304618437674,627793.1515152394,56.29239771700934,0.15674342950309328,5
120,40,Temporal_Matrix+SVD+KNN,982720.8695764842,0.08031505306634268,0.6132063163757423,653749.2098831522,59.25246575971427,0.12137406365821113,5
79,10,Temporal_Matrix+SVD+KNN,979715.2940295248,0.048261810231814424,1.3088405756359556,412516.67640414153,91.42498593206751,0.1536874747947149,5
79,20,Temporal_Matrix+SVD+KNN,959419.019559125,0.0472433479402383,1.2589835121571022,364422.14321194723,70.21385982184077,0.21553586475183795,5
79,30,Temporal_Matrix+SVD+KNN,881547.825088196,0.04340884407913849,1.1555713497673634,367881.15563777904,70.36797181654887,0.23236959792787304,5
79,40,Temporal_Matrix+SVD+KNN,838650.3142230862,0.041296501098381434,1.1085885549834233,370314.94694956625,72.38218354813813,0.23702524460885255,5
240,10,Temporal_Matrix+SVD+KNN,296537.39766337554,0.08630162651832723,1.2509803869563547,141794.30593142085,1320.0764190415948,0.4844155791756656,5
240,20,Temporal_Matrix+SVD+KNN,295781.8389132198,0.08608034943350358,1.1821623082779407,157872.4680357069,1613.2050464816036,0.49152835993827904,5
240,30,Temporal_Matrix+SVD+KNN,307275.46466139617,0.07349781305332095,1.2226777884499438,161994.82314849913,1709.4242194318842,0.4758875446984909,5
240,40,Temporal_Matrix+SVD+KNN,330646.88372494146,0.06440157148484156,1.3175997329541833,165095.22219663466,1810.1169619431055,0.4300405299347817,5
53,10,Temporal_Matrix+SVD+KNN,11601300.30927543,0.07788960420066106,0.29417123627295105,7955897.778731433,26.534389715720692,0.8084937289777532,5
53,20,Temporal_Matrix+SVD+KNN,12151023.289769769,0.08157706638021037,0.3060825857185214,8805385.206303144,30.139911088689853,0.7831257814184103,5
53,30,Temporal_Matrix+SVD+KNN,12961576.127024649,0.08631566403065584,0.32355705748330116,9426315.822787007,31.700890693331523,0.7521738022677775,5
53,40,Temporal_Matrix+SVD+KNN,13808609.419267196,0.09195635466576699,0.3434029197710297,10086700.173013762,33.42984026767581,0.7198795422389361,5
18,10,Temporal_Matrix+SVD+KNN,322365.02724355087,0.05043446552068287,1.877028237285185,109659.16491451285,493.2759187794142,0.25706829045511903,5
18,20,Temporal_Matrix+SVD+KNN,259968.24873692187,0.04067240106504728,1.649753655519751,103203.31378094867,563.8923058071327,0.2857775617181978,5
18,30,Temporal_Matrix+SVD+KNN,308068.9854398784,0.037807142784010365,1.8720977465154294,111988.18662533085,634.707820376712,0.2089898530744011,5
18,40,Temporal_Matrix+SVD+KNN,294079.78621171386,0.03609034661935263,1.8307871329266332,116214.11390086792,708.6382767334176,0.1962577335559168,5
22,10,Temporal_Matrix+SVD+KNN,5212684.239796646,0.08618347191347353,0.539940796379297,3289938.8419938902,41.446382363973946,0.4652430065400004,5
22,20,Temporal_Matrix+SVD+KNN,6779805.81069662,0.05740997927995006,0.6660435975837721,3685206.2199883847,44.144085518069474,0.33619756524298616,5
22,30,Temporal_Matrix+SVD+KNN,6262152.918160277,0.052969776254245954,0.6185173021249893,3614951.1462809253,45.32661364413285,0.3745560039387005,5
22,40,Temporal_Matrix+SVD+KNN,6399668.68933338,0.05413298317775387,0.6324017225530326,3873494.995037565,49.60309571748125,0.3377783141388113,5
264,10,Temporal_Matrix+SVD+KNN,11162.078227365262,0.07645263714489883,5.109086982426306,2614.128789271288,1545.7714611062631,-0.23452241683152408,5
264,20,Temporal_Matrix+SVD+KNN,259723.7549955521,0.03310539627053602,20.311229523533324,12987.492174572471,1088.377843723112,-0.001743481436064842,5
264,30,Temporal_Matrix+SVD+KNN,213824.10187068238,0.027254848616914653,22.017491864456055,9760.917918760404,1340.8940679660568,-0.00021178587935177795,5
264,40,Temporal_Matrix+SVD+KNN,186962.74415812572,0.023830995872085682,22.729915221672115,8280.794077421135,984.2892015054487,-0.00016602808377386147,5
112,10,Temporal_Matrix+SVD+KNN,222048.76462513354,0.09644380455124216,1.1409310289058918,116774.496855814,219.65803855867523,0.5805824557320637,5
112,20,Temporal_Matrix+SVD+KNN,237769.65419508083,0.09770391229472336,1.1032542137960497,126314.69255641376,238.1940781927726,0.585282736514394,5
112,30,Temporal_Matrix+SVD+KNN,273919.4445904924,0.08089453539335655,1.2638167993864944,152379.61092592892,347.42066016788027,0.44841332137211665,5
112,40,Temporal_Matrix+SVD+KNN,353585.85690009006,0.10442180787258883,1.6383361082949148,200084.16237314764,419.19775868550965,0.07100577609080438,5
165,10,Temporal_Matrix+SVD+KNN,1906149.836609346,0.08814795773158379,1.2569879610226622,815029.4587750492,1874.4505557208206,0.18409069994298854,5
165,20,Temporal_Matrix+SVD+KNN,1974638.6635826675,0.06526375041867134,1.2867764937591222,850592.8977226327,1125.4536681897507,0.17489085701526486,5
165,30,Temporal_Matrix+SVD+KNN,2021081.4102106895,0.06679872888363744,1.3250915141678576,845880.390754262,1802.497543002879,0.16020622995036882,5
165,40,Temporal_Matrix+SVD+KNN,1975526.1323706787,0.06529308213517893,1.288274924950373,856163.083403379,2146.1743166380797,0.15183122639172253,5
29,10,Temporal_Matrix+SVD+KNN,1111678.2681196206,0.07640080020057681,1.2087854686656,478255.6066285922,73.32193950353789,0.2874153036641298,5
29,20,Temporal_Matrix+SVD+KNN,993893.8936659903,0.06830599371074315,1.1072620489498242,455210.87776632427,76.97177200213348,0.3107191743177864,5
29,30,Temporal_Matrix+SVD+KNN,1099638.7833634326,0.07514008460130497,1.1776072661616797,497831.08500447596,83.3097751074968,0.3036269684443955,5
29,40,Temporal_Matrix+SVD+KNN,1218608.398088492,0.08326946949630021,1.2894274954421743,516873.9599992362,79.90782816077511,0.2004824224689815,5
239,10,Temporal_Matrix+SVD+KNN,651698.3563062855,0.04807996062347915,1.744958429938352,224061.06401514646,454.2977623199947,0.3348153647340375,5
239,20,Temporal_Matrix+SVD+KNN,525865.344430861,0.038796453618190965,1.3994503487063286,222144.2388495093,586.8946203726072,0.42740579818995594,5
239,30,Temporal_Matrix+SVD+KNN,539584.8094280979,0.03980862639791229,1.4442170013488047,231446.1801406019,609.3658550305653,0.39167983203910406,5
239,40,Temporal_Matrix+SVD+KNN,544047.7175583009,0.040137883707049224,1.4794696831997005,237280.79297664203,674.1712063176518,0.3614283292464143,5
186,10,Temporal_Matrix+SVD+KNN,531784.9285795244,0.08046491877818446,0.8091774772183168,282452.0431129734,79.9694716973188,0.617632201250607,5
186,20,Temporal_Matrix+SVD+KNN,548418.5080543946,0.07089889412569363,0.8087880676552568,295962.98601358023,90.46258119080947,0.5755232773363255,5
186,30,Temporal_Matrix+SVD+KNN,609169.5335876086,0.07630971999446182,0.8906625003495752,320018.40745212365,86.50000057596175,0.48603587285041117,5
186,40,Temporal_Matrix+SVD+KNN,615589.2625780167,0.07711390946009916,0.9121973110779611,325621.8204542416,94.3957918957782,0.4655912755616235,5
62,10,Temporal_Matrix+SVD+KNN,685861.3299155873,0.09790267872778041,1.0031715378839887,319106.3310315341,490.98712361413294,0.7714080541596714,5
62,20,Temporal_Matrix+SVD+KNN,770810.3753864494,0.07277220032785467,1.0223632793401303,354564.8434051523,460.79883344083646,0.7376772155505826,5
62,30,Temporal_Matrix+SVD+KNN,837792.2047915434,0.07618429755769474,1.1184710828593458,378511.03370784805,428.7079532644308,0.6961139195757642,5
62,40,Temporal_Matrix+SVD+KNN,917225.5657909819,0.08001970686671367,1.213159135471582,414395.10735301784,491.7060861365098,0.6453196299561719,5
50,10,Temporal_Matrix+SVD+KNN,12534556.664709708,0.09240377495411595,0.3791420458278302,8200727.718358079,31.945722690921745,0.7377133471726576,5
50,20,Temporal_Matrix+SVD+KNN,12804078.314092552,0.09337207874476709,0.3772441151403562,8688501.541026393,33.53041817389837,0.7344586914781536,5
50,30,Temporal_Matrix+SVD+KNN,12923797.023684606,0.09424511189131915,0.38145602814200985,8980611.226278484,35.51312967022107,0.7149470850495091,5
50,40,Temporal_Matrix+SVD+KNN,13619308.214895923,0.09931703695461506,0.4003769961844435,9614472.637163987,37.28407489266641,0.6827324566607291,5
5,10,Temporal_Matrix+SVD+KNN,1157824.1016882048,0.04898301352246032,1.3515196962583884,422151.5482614667,385.57019513168257,0.6560513670726582,5
5,20,Temporal_Matrix+SVD+KNN,1276875.217810207,0.045970000474341965,1.3723681485969577,461766.0729483003,509.4966749352008,0.6133653819377853,5
5,30,Temporal_Matrix+SVD+KNN,1477603.069652995,0.039554955585316624,1.558791606820604,499444.2620550031,557.086133480136,0.5547148956433363,5
5,40,Temporal_Matrix+SVD+KNN,1452653.5873598508,0.03888706602535941,1.565400664313893,528734.6932731377,573.4133178510884,0.5364856756653091,5
49,10,Temporal_Matrix+SVD+KNN,122039890.21101989,0.05392895693985043,0.9174193041884857,49150221.727798276,37.683241158670015,0.17271322513817122,5
49,20,Temporal_Matrix+SVD+KNN,100827359.19466545,0.04453097427111124,0.7775042145913874,46759534.8488166,39.93204369975837,0.23244029628162588,5
49,30,Temporal_Matrix+SVD+KNN,99435944.27266681,0.043916447989883,0.7664123917074925,47214784.223957434,40.72819733703835,0.19420251754960338,5
49,40,Temporal_Matrix+SVD+KNN,96779125.04047526,0.04274304872785041,0.7449656348401565,48641871.14326488,42.688785051271196,0.18492535059074633,5
82,10,Temporal_Matrix+SVD+KNN,163569.5257214538,0.10362921625798101,1.3969226830000696,83264.97435263134,5632.006703732176,0.3431348709625257,5
82,20,Temporal_Matrix+SVD+KNN,317214.69368150993,0.03125422710463267,2.449454804631092,92475.05433208417,11404.342612303999,0.12556554748546678,5
82,30,Temporal_Matrix+SVD+KNN,328199.2201973225,0.03233649935938944,2.4233663393125644,98348.8044851613,14750.943348111428,0.12372792658924836,5
82,40,Temporal_Matrix+SVD+KNN,301141.7922561387,0.029670610937226904,2.2786629618500807,99011.86553137403,12346.049104911133,0.12250578498580678,5
100,10,Temporal_Matrix+SVD+KNN,495604.23137826414,0.06928558171389719,1.032697626538577,223438.08159997358,94.23377447419313,0.5427836511716115,5
100,20,Temporal_Matrix+SVD+KNN,591722.8088785278,0.04335633090907151,1.1378165412473973,246760.1199473299,97.18699410251368,0.4796461040693655,5
100,30,Temporal_Matrix+SVD+KNN,658776.2368074317,0.04826942630822138,1.2519674958366092,258224.22770669605,104.17439866888354,0.42703871289488315,5
100,40,Temporal_Matrix+SVD+KNN,642325.8176975152,0.0470640818397967,1.2304461386029264,258049.37150011226,108.65126976789756,0.42957987529558095,5
190,10,Temporal_Matrix+SVD+KNN,149138.06907979448,0.0826452250103507,2.1378821865086572,66795.4732550062,18949.961651513317,0.06853847317292439,5
190,20,Temporal_Matrix+SVD+KNN,155309.19212158892,0.08606496790700026,1.9933379588511382,71169.86545343365,10124.901839404216,0.04094481370326797,5
190,30,Temporal_Matrix+SVD+KNN,164073.08096558932,0.0909214983016012,2.088363331868357,81502.9328512736,6343.216335343071,-0.030372386094249526,5
190,40,Temporal_Matrix+SVD+KNN,148581.56582926333,0.04616702408176748,1.9361267536545217,59999.63972806983,6854.075879715002,0.19300001905974817,5
140,10,Temporal_Matrix+SVD+KNN,272664.42854321125,0.08036579401475274,1.1537333112202994,104339.8400110053,93198.28706204362,0.8047637239093082,5
140,20,Temporal_Matrix+SVD+KNN,343039.84123078507,0.08038805024240117,1.3236036937481508,128862.2737776475,87862.8830026979,0.7197850755073776,5
140,30,Temporal_Matrix+SVD+KNN,335327.4245697566,0.07858072041210318,1.3280882334607647,126042.33245755648,104503.7222093078,0.7150993356111421,5
140,40,Temporal_Matrix+SVD+KNN,344303.16293220833,0.08068409739553055,1.3983382145837908,128960.86736994212,233352.7152887344,0.6884991637307333,5
45,10,Temporal_Matrix+SVD+KNN,427369.4055763749,0.06923391032024125,0.9815624701942635,203248.39437886988,816.752083471167,0.7348321364366793,5
45,20,Temporal_Matrix+SVD+KNN,500293.4820965841,0.05829465715955837,1.0420806774448461,231236.8514297886,764.8289773881985,0.6783647604755276,5
45,30,Temporal_Matrix+SVD+KNN,565896.2012915107,0.055871154834464705,1.1847235322798353,250647.61013823326,889.5659145868914,0.6039018115072903,5
45,40,Temporal_Matrix+SVD+KNN,588756.985314876,0.05651460120538516,1.2329704176946594,261100.17864808827,896.8198530204651,0.5752753448722311,5
156,10,Temporal_Matrix+SVD+KNN,1916739.8836258606,0.06451973481974074,0.5998266512092971,1256989.7778271188,53.56681744178214,0.2752735838511797,5
156,20,Temporal_Matrix+SVD+KNN,1905692.900844848,0.06303610726520283,0.584502198229115,1117540.2644825762,44.192088370623544,0.33385230892838214,5
156,30,Temporal_Matrix+SVD+KNN,1892978.472114676,0.0625702430822675,0.5841690129300453,1115890.73582647,43.917720072503776,0.30571215395397944,5
156,40,Temporal_Matrix+SVD+KNN,1883520.185559661,0.06225761021422018,0.5846513024841031,1129051.3486243975,44.920568233118686,0.28952004624408345,5
277,10,Temporal_Matrix+SVD+KNN,32620.410815071227,0.06973897564052417,6.749452919814338,8973.637361439067,8726.165709945682,-0.4710174017247777,5
277,20,Temporal_Matrix+SVD+KNN,132466.3505151553,0.034072310953769794,12.953865744001213,13661.018337280564,16435.818724227618,-0.009711794245419014,5
277,30,Temporal_Matrix+SVD+KNN,113261.98603023455,0.02913266344438294,13.107547606260923,14704.40041933245,13381.873570023035,-0.06184426264075227,5
204,10,Temporal_Matrix+SVD+KNN,553140.3702493453,0.04513932267420462,2.7623386908820784,140323.63170912646,331.06755735360684,0.5088346673595908,5
204,20,Temporal_Matrix+SVD+KNN,896948.4801339053,0.03190055055742631,3.7408557536894236,184960.95938905887,355.3360152038498,0.3850199455527674,5
204,30,Temporal_Matrix+SVD+KNN,1303947.6280203778,0.03306780066707609,5.036722337695722,208197.98976103947,406.8665502892565,0.1672191632004837,5
204,40,Temporal_Matrix+SVD+KNN,1205315.9457006569,0.03056652474132554,4.862800664476932,198068.50390792056,418.5095075677702,0.24017402141284405,5
88,10,Temporal_Matrix+SVD+KNN,945300.9388676183,0.08464549718584695,0.7177317279092625,578444.1938312115,559.9544136999347,0.6620702670459122,5
88,20,Temporal_Matrix+SVD+KNN,1013837.1868225355,0.07507629586220031,0.7475088008753646,626824.4434006087,625.3905593536468,0.6173690519736039,5
88,30,Temporal_Matrix+SVD+KNN,1073106.9929138182,0.0770657042479066,0.7920464031559104,657634.6440773463,754.2564897514706,0.5628895888466801,5
88,40,Temporal_Matrix+SVD+KNN,1179905.6134560544,0.06576840363636273,0.854420834685514,709262.0788261154,722.6704878153224,0.5106531962174521,5
202,10,Temporal_Matrix+SVD+KNN,1213960.4352590018,0.055709051893613845,2.7740598501767018,343812.10732508684,161.32202249770413,0.035603897617330516,5
202,20,Temporal_Matrix+SVD+KNN,1249483.3841433628,0.050229527458822476,2.782440505062861,367720.9656359712,165.63693875974707,0.03095913080337087,5
202,30,Temporal_Matrix+SVD+KNN,1140723.3003161047,0.0458573463747415,2.6629050364538926,352184.61532355763,208.8200033660737,0.029853053971896082,5
202,40,Temporal_Matrix+SVD+KNN,1120981.0527056425,0.04506361752908289,2.6136782807904093,368749.9796404227,216.62532555415962,-0.013471119234939932,5
63,10,Temporal_Matrix+SVD+KNN,434993.46977127943,0.06470747258422586,1.3476664973908772,170995.6714638023,864.3873768502762,0.6728689179882581,5
63,20,Temporal_Matrix+SVD+KNN,470940.5322559715,0.070051686176567,1.299240435196059,191958.04316162944,868.1034496177239,0.6422869962257332,5
63,30,Temporal_Matrix+SVD+KNN,472755.5957560979,0.07032167410496278,1.2964995366490009,199528.50238746539,1638.2693809106665,0.6354971023223489,5
63,40,Temporal_Matrix+SVD+KNN,477194.4227982987,0.07098194286004904,1.3319970255755353,207007.12565729502,1594.2584827855283,0.6102115330762508,5
151,10,Temporal_Matrix+SVD+KNN,318585.76271701057,0.1086431173440372,1.3064948558095317,130779.2021064973,655.2928935520586,0.659578198564735,5
151,20,Temporal_Matrix+SVD+KNN,341975.2731163645,0.08677395862410295,1.2300596409553746,151309.10214656583,731.5865258017903,0.655438971083495,5
151,30,Temporal_Matrix+SVD+KNN,365992.2481909933,0.08588543261283886,1.2893969705761659,161839.87548708858,766.526957773286,0.6322795269552035,5
151,40,Temporal_Matrix+SVD+KNN,395862.71914927044,0.06096781814797422,1.4042662779807518,172059.93683208682,804.984926733978,0.5781899619897368,5
210,10,Temporal_Matrix+SVD+KNN,566642.7322334886,0.08215452716790243,1.2368371428622438,263842.80618688295,92.51907766505352,0.3181176634960652,5
210,20,Temporal_Matrix+SVD+KNN,567423.5739760231,0.054821926643461485,1.2037284744050945,262233.2915443668,83.96772044982963,0.30450095197600757,5
210,30,Temporal_Matrix+SVD+KNN,531761.537955168,0.05137642030153708,1.1408940766490816,253924.52828747238,83.78777715699364,0.3235964252632645,5
210,40,Temporal_Matrix+SVD+KNN,523805.7140258854,0.05060776419374932,1.1365956759103448,253007.16343623298,85.13537244269652,0.30123833695275204,5
168,10,Temporal_Matrix+SVD+KNN,1588193.3137656827,0.08700252785236341,0.6589631908425123,984896.8204127534,57.218654338019284,0.2262193659427857,5
168,20,Temporal_Matrix+SVD+KNN,1592120.4401487906,0.08695452733526443,0.644417387173526,992474.4796403857,58.34758791526217,0.24282443574507928,5
168,30,Temporal_Matrix+SVD+KNN,1650959.9874493924,0.09016808134482582,0.6646087104794625,1022753.7715867539,58.11049448345648,0.1971902349488739,5
168,40,Temporal_Matrix+SVD+KNN,1695742.51251441,0.08300190750328336,0.6844856152486853,1039895.925679142,58.302249702169064,0.17261326891065865,5
145,10,Temporal_Matrix+SVD+KNN,357656.5308817015,0.06782277935928502,0.8813821886796387,190191.04250376642,242.8655182302304,0.7311400145114575,5
145,20,Temporal_Matrix+SVD+KNN,371592.7813503838,0.07041809658572247,0.8147453446919332,195877.99187919393,230.48437477835284,0.7359445529550588,5
145,30,Temporal_Matrix+SVD+KNN,418732.8235563669,0.07584745179988199,0.9096766261622526,211520.26747352968,222.37864754444993,0.6799774681356152,5
145,40,Temporal_Matrix+SVD+KNN,451689.49727883446,0.06656345809166657,0.9834926177286523,220226.13272823105,240.81959059597935,0.6372099352391083,5
60,10,Temporal_Matrix+SVD+KNN,2202672.0234614513,0.07125978509193077,0.5988842470115997,1346130.7362301014,50.330594036835706,0.35332003663049105,5
60,20,Temporal_Matrix+SVD+KNN,2054194.5040426431,0.06623687645183243,0.5521473514077022,1322103.9449312438,52.54799133729673,0.37773705443863026,5
60,30,Temporal_Matrix+SVD+KNN,2117210.134594444,0.06823463664963524,0.5606417846532589,1383877.7106962153,55.32482453325548,0.3393642048033285,5
60,40,Temporal_Matrix+SVD+KNN,2172971.5173171284,0.07002425386596615,0.5757345897377634,1418646.103756905,55.334801436811155,0.2974647306246312,5
280,10,Temporal_Matrix+SVD+KNN,74.57485709562319,0.04042095045111648,10.212033032221985,7.44119999864333,168.8603060690212,-0.06505712610729986,5
280,20,Temporal_Matrix+SVD+KNN,62.06608892143623,0.03364096697860389,8.92450477234856,5.664336613919356,123.02494607836398,-0.0041719792891743435,5
280,30,Temporal_Matrix+SVD+KNN,78.29480356836397,0.029095731686899554,10.383470387034297,6.002188466919498,112.31619409464206,-0.0034391868911518575,5
280,40,Temporal_Matrix+SVD+KNN,86.41163487303095,0.03165735502335224,11.015786484741998,6.239522908205955,112.06967729771178,-0.0027313829973987236,5
243,10,Temporal_Matrix+SVD+KNN,262825.15382837795,0.09271033436822981,1.2686765604888657,118788.96247587366,4977.992278948188,0.5575196589678514,5
243,20,Temporal_Matrix+SVD+KNN,263109.31065182644,0.09281056803898484,1.2135623091193621,115376.74374835771,2369.264360982694,0.596358879402529,5
243,30,Temporal_Matrix+SVD+KNN,267700.48702258704,0.08016828757367714,1.2615889271579903,116493.18431901468,4732.1842611626535,0.5699420118306534,5
243,40,Temporal_Matrix+SVD+KNN,279791.4466557576,0.06453030243499515,1.3338660667946363,116218.97471261116,2663.954683701837,0.536244138128349,5
211,10,Temporal_Matrix+SVD+KNN,879674.2171352755,0.057088155146014744,2.2760518434268997,353623.0912212171,967.9162240795098,-0.022380542353128252,5
211,20,Temporal_Matrix+SVD+KNN,885719.7040169458,0.057480488678487617,2.144425186365051,389225.513510989,1076.858640040797,-0.031489103806708885,5
211,30,Temporal_Matrix+SVD+KNN,909443.1142290332,0.05622109374884831,2.2426937131553872,383054.332882745,1063.8498113257301,-0.05257153919573598,5
211,40,Temporal_Matrix+SVD+KNN,850784.3215607727,0.05259485101832608,2.133103206693851,382059.0954381432,1087.6538236089941,-0.055630449122972214,5
111,10,Temporal_Matrix+SVD+KNN,872099.6693141648,0.07092391665530434,1.0442461970439654,542489.822924606,613.7822315020371,0.16735438343367937,5
111,20,Temporal_Matrix+SVD+KNN,914421.3591958161,0.0602330347802033,1.0789273614825674,552059.1369014317,475.6502008776689,0.11901768493506071,5
111,30,Temporal_Matrix+SVD+KNN,945679.7071389178,0.062292025572461635,1.1132661167901778,579996.0637877138,496.26004962387265,0.1189347558623961,5
111,40,Temporal_Matrix+SVD+KNN,918314.4450648216,0.060489472771499075,1.0884997767886206,568876.6784796843,425.85072805144273,0.14169360083342641,5
102,10,Temporal_Matrix+SVD+KNN,424827.92420959,0.056361810984981886,1.9780333606245155,136111.29877027753,293.1754438750771,0.38687876643096886,5
102,20,Temporal_Matrix+SVD+KNN,392857.68532147526,0.05211571023775377,1.764312019657342,134423.00117348548,293.9881087527401,0.4251929307623784,5
102,30,Temporal_Matrix+SVD+KNN,365729.1940326648,0.048516899156743246,1.6562998379147835,136266.7632475611,371.87102418850634,0.46007795014892283,5
102,40,Temporal_Matrix+SVD+KNN,351254.7390120184,0.04659674707141971,1.6399960399267308,139441.86484818312,445.87646573802766,0.4509333605085729,5
274,10,Temporal_Matrix+SVD+KNN,140634.93717236703,0.08610897388450554,3.5535977855756022,51108.04003978572,14170.988725787538,0.05540281203828856,5
274,20,Temporal_Matrix+SVD+KNN,127794.29751867008,0.07824672965732127,3.3988996932653173,49643.83648588014,13509.904913462338,-0.0498960195291267,5
217,10,Temporal_Matrix+SVD+KNN,230970.9431338952,0.06119820869382785,1.7113409577677743,72995.62782494894,1038.0102115150014,0.6274100602656978,5
217,20,Temporal_Matrix+SVD+KNN,220125.29454630395,0.05832451137731281,1.687452999441916,74998.49161423283,3562.9452945731105,0.6006020423222811,5
217,30,Temporal_Matrix+SVD+KNN,329364.7796611489,0.04704346543339811,2.3974357546866614,90617.41185468495,2407.3622234194863,0.38269739489709276,5
217,40,Temporal_Matrix+SVD+KNN,336922.484798563,0.048122939203342596,2.5257382713190206,95950.36470662829,2384.630636487903,0.3031554761128016,5
142,10,Temporal_Matrix+SVD+KNN,611125.9727282082,0.04389996490525699,3.107652926710231,135423.7681347574,95.57289122472584,0.0727843284092432,5
142,20,Temporal_Matrix+SVD+KNN,465500.9177222224,0.0334379211033246,2.594109135245303,136555.0336325756,123.08978580149441,0.034458935820372516,5
142,30,Temporal_Matrix+SVD+KNN,420041.47921553074,0.03017247293702204,2.438067014314498,130783.2382750599,122.08957661089683,0.031184675982128374,5
142,40,Temporal_Matrix+SVD+KNN,484524.61717830965,0.03480443390123404,2.636886612863764,129614.88986313465,105.31938419776972,0.04628215277775993,5
275,10,Temporal_Matrix+SVD+KNN,33.04894562144838,0.13113388939037457,0.4288347737924748,23.88581524760323,31.752546231730943,-0.040233959607605785,5
275,20,Temporal_Matrix+SVD+KNN,32.451806399151614,0.12644546224050554,0.43162880646267515,23.912023409423913,34.54416384346481,-0.04870588895670824,5
275,30,Temporal_Matrix+SVD+KNN,32.120163462575256,0.1251532462110369,0.4283820393863346,23.764202783242993,34.335911899020275,-0.0624846854453498,5
275,40,Temporal_Matrix+SVD+KNN,32.86238344280931,0.1280452377177805,0.436416170114473,24.69597783945674,35.44598534270677,-0.10331460172790341,5
234,10,Temporal_Matrix+SVD+KNN,716927.5630635832,0.09750094321365343,0.9165335295855448,392746.695803161,68.13052724531194,0.18267832281716623,5
234,20,Temporal_Matrix+SVD+KNN,700170.2219129057,0.09521197100833927,0.8855101039871399,396179.2741388093,82.90613728893787,0.18470747919732677,5
234,30,Temporal_Matrix+SVD+KNN,718477.0910979079,0.09214579850143514,0.8973988343925893,395189.9599504432,78.58664024951575,0.1669115086280144,5
234,40,Temporal_Matrix+SVD+KNN,723909.8895971798,0.09283229369435453,0.9093227348624677,413349.3512803317,94.12522989571256,0.1252131244961302,5
219,10,Temporal_Matrix+SVD+KNN,666294.0852224557,0.08168513571401194,1.3501970322061116,301277.037240216,600.9475342972828,0.320244623979429,5
219,20,Temporal_Matrix+SVD+KNN,656346.4858761603,0.08046559764418282,1.315218924234814,366617.5483555543,972.0808666207998,0.20318398667795123,5
219,30,Temporal_Matrix+SVD+KNN,685873.7167905587,0.07371515252314868,1.3638272794430326,384938.2480004606,1016.8462372118668,0.17178522188921264,5
219,40,Temporal_Matrix+SVD+KNN,692706.8919327597,0.07444955673706398,1.4016389415520507,399079.3695309019,1115.9012142985666,0.10385104115773625,5
92,10,Temporal_Matrix+SVD+KNN,774925.0264453894,0.03918055648514,9.301343564225764,83403.54086469676,2284.974753410559,0.009877296761512833,5
92,20,Temporal_Matrix+SVD+KNN,545552.318929379,0.027583369639589246,7.352537106500473,71178.72127872876,2643.916229649526,0.018277001325072484,5
92,30,Temporal_Matrix+SVD+KNN,461391.0838965142,0.0233281398940873,6.4300542966662855,67875.02626106188,2294.0534514917517,0.02271257201637067,5
92,40,Temporal_Matrix+SVD+KNN,409552.59628371004,0.020707135591406325,5.915584650499496,66223.57090675822,2631.629222491544,0.024017349662666776,5
47,10,Temporal_Matrix+SVD+KNN,101.34813943819485,0.10490391594924789,1.3024424508409982,38.37386756203571,39.66620912100725,0.15390202160119926,5
47,20,Temporal_Matrix+SVD+KNN,95.686700375295,0.09904384657946516,1.2781191801967913,36.47500885050505,39.5277394210428,0.13799243477945078,5
47,30,Temporal_Matrix+SVD+KNN,97.56219597782724,0.09031436762650301,1.3134612452679466,36.07645619271997,36.81851023302862,0.07588572277297334,5
47,40,Temporal_Matrix+SVD+KNN,101.28900646107896,0.0935142331195219,1.3607172012431692,36.95820352492522,37.24740265165734,-0.005981847761824088,5
42,10,Temporal_Matrix+SVD+KNN,262306.842808006,0.08156352219795095,1.2847518104064264,118339.48537469753,270.78222889281074,0.5992521782144349,5
42,20,Temporal_Matrix+SVD+KNN,304818.5887788112,0.07709022041649084,1.3054837476845211,139627.6430798023,317.4040583614904,0.568791161095759,5
42,30,Temporal_Matrix+SVD+KNN,302657.14694014564,0.05752601072365939,1.2570857339725159,129256.60527792548,277.1351315827135,0.6112667672986265,5
42,40,Temporal_Matrix+SVD+KNN,347683.7156995852,0.06608420570927906,1.456402255950909,156734.26617206016,338.449592872023,0.47949945387162385,5
261,10,Temporal_Matrix+SVD+KNN,209745.07837618957,0.10790848420216827,1.3805770894641398,127186.94100516275,259.4911788166929,0.08365457259898978,5
261,20,Temporal_Matrix+SVD+KNN,234173.87198004883,0.08893261600436478,1.460077872466066,133370.87189064815,296.75172105072596,0.05169176850425772,5
261,30,Temporal_Matrix+SVD+KNN,243855.69189271456,0.09260949748237131,1.5235153242425687,139024.35044414195,328.4253120864334,-0.004549269282200008,5
261,40,Temporal_Matrix+SVD+KNN,245936.14820354697,0.09339959597047624,1.548638249257782,142264.57209022852,357.3155371346458,-0.02865766526706559,5
283,10,Temporal_Matrix+SVD+KNN,2.6940387185938297,0.15947348373680917,0.7506569189926436,2.0497576614267397,100.80722867104959,-0.22946503861726142,5
283,20,Temporal_Matrix+SVD+KNN,2.6097520382162847,0.15448413801596,0.7127390357445518,1.832963692218342,71.21132900519613,-0.035237278864556965,5
283,30,Temporal_Matrix+SVD+KNN,2.717716924262128,0.16087511390659792,0.7289106592691298,1.9129846113717632,70.85827110863679,-0.08615744754495247,5
72,10,Temporal_Matrix+SVD+KNN,133534.99194010132,0.07781021731316483,1.4549447894574803,54215.05481573436,2574.5790052115667,0.6179256566750049,5
72,20,Temporal_Matrix+SVD+KNN,169247.88502114435,0.05300762277028732,1.6251622472171947,68327.19301256617,3983.992915413024,0.5256416073615214,5
72,30,Temporal_Matrix+SVD+KNN,181054.6103332903,0.056705432296358785,1.7324345352401567,71542.84939174978,3731.1102288251036,0.4691638658437257,5
72,40,Temporal_Matrix+SVD+KNN,187302.18781565744,0.058662102412654786,1.821019311041618,75103.78038772888,4844.9488504167375,0.4181250194106024,5
1,10,Temporal_Matrix+SVD+KNN,51852111.343869545,0.07236786941797008,0.4487139477445346,25871719.822808765,24.388362194392617,0.498844277352704,5
1,20,Temporal_Matrix+SVD+KNN,48595292.741658665,0.06386989056101018,0.41568384814527815,25189783.7367103,24.737531506344247,0.5206766248434247,5
1,30,Temporal_Matrix+SVD+KNN,56062202.003699705,0.03987106960213416,0.47835317377236347,26864915.74934515,26.327073929566367,0.4452929838836579,5
1,40,Temporal_Matrix+SVD+KNN,57032121.51259643,0.040560869982168055,0.4842838344834176,28335318.330656465,27.28257979387661,0.4182484559841235,5
229,10,Temporal_Matrix+SVD+KNN,910464.212195128,0.07471331981199089,0.8768555860467924,466039.0261050274,65.43948000532126,0.22668073713382775,5
229,20,Temporal_Matrix+SVD+KNN,978882.5973704049,0.08027092085832077,0.9232794843862686,557593.8853007129,96.716157205843,0.12120121135574369,5
229,30,Temporal_Matrix+SVD+KNN,1333761.6835655523,0.028417612656835876,1.257725684146444,505101.34524353937,72.72747270473779,0.101988831368101,5
229,40,Temporal_Matrix+SVD+KNN,1272738.7584133416,0.027117435967454032,1.200817650356727,507997.5443854435,76.5232209435237,0.10993109658089162,5
250,10,Temporal_Matrix+SVD+KNN,150285.06962521776,0.06946067077479064,2.734092565132705,49174.512323509225,3183.5662319897024,0.09406350525774065,5
250,20,Temporal_Matrix+SVD+KNN,258940.34466431182,0.039262236901030555,3.9947094223712942,95775.27200531673,20436.72361685217,-0.13797553882435842,5
250,30,Temporal_Matrix+SVD+KNN,231087.3469563031,0.035038982329274285,3.7711092794873693,92958.29080696376,21244.306409873265,-0.20617450711078367,5
250,40,Temporal_Matrix+SVD+KNN,208454.11009362413,0.03160718220291061,3.414703516161964,66615.10922836226,9105.579546057961,-0.011803302856697506,5
27,10,Temporal_Matrix+SVD+KNN,1690327.2721121772,0.12237052951790915,0.5644373688018065,1106977.9260569634,48.00278906283212,0.35128190290818284,5
27,20,Temporal_Matrix+SVD+KNN,1846410.1352856918,0.06954554764594523,0.5969751709339434,1143268.0368214122,49.05200721009562,0.32986184678681996,5
27,30,Temporal_Matrix+SVD+KNN,1864378.900259814,0.07022234614090868,0.600703568499139,1174223.7378292491,49.30314886026165,0.30187864608070347,5
27,40,Temporal_Matrix+SVD+KNN,1930047.4189467994,0.07269576903212224,0.6220267358312028,1217330.5758251543,49.94864314633406,0.25231171729334423,5
138,10,Temporal_Matrix+SVD+KNN,1368870.4758369667,0.11512277610805352,0.7463179869290372,907698.2022660509,118.61397764092207,0.4392082609787993,5
138,20,Temporal_Matrix+SVD+KNN,1507935.0040068582,0.10457260047589315,0.7874124204329548,987829.199813634,152095.51674527835,0.3469727059599823,5
138,30,Temporal_Matrix+SVD+KNN,1557144.2090964967,0.10798517099776668,0.8061039062641715,1012467.8535424913,96987.97453393528,0.3090120656393651,5
138,40,Temporal_Matrix+SVD+KNN,1671571.547578997,0.06916665777147225,0.8578597564186798,1051268.722630336,57848.40426409084,0.26571304121611505,5
128,10,Temporal_Matrix+SVD+KNN,1889972.449800362,0.08983605359999215,1.6977178539287585,865149.1590444632,242.00209653974488,0.08959483656873068,5
128,20,Temporal_Matrix+SVD+KNN,2120699.4076781715,0.05915945553184929,1.8045221677848151,931026.571057424,274.5503867359859,0.027515432648512084,5
128,30,Temporal_Matrix+SVD+KNN,2557575.5837930287,0.05690052157706369,2.048532624565161,1011746.3240780695,259.8148900232688,0.026525643359742168,5
128,40,Temporal_Matrix+SVD+KNN,2451461.821637029,0.05453972002287217,1.9971530447938037,1022983.349592015,277.65230228402265,0.019904552666496156,5
119,10,Temporal_Matrix+SVD+KNN,4581658.206421051,0.08848760396673919,0.3859965004057346,3026955.5953082694,28.64506401821858,0.39794118833326664,5
119,20,Temporal_Matrix+SVD+KNN,4953032.246145705,0.09429181174715083,0.40509174442911433,3252977.2786641973,30.314040885455135,0.3525110272975559,5
119,30,Temporal_Matrix+SVD+KNN,4890069.199522882,0.09309317231898918,0.3990738963523487,3263450.747085551,30.34934293854269,0.35492786768895834,5
119,40,Temporal_Matrix+SVD+KNN,4931493.534539244,0.08339001814210538,0.4026738500078003,3324732.811151218,30.855930480816184,0.3383941990126391,5
154,10,Temporal_Matrix+SVD+KNN,208340.2864824791,0.05999096708697062,1.566851222380307,81507.99273567113,167.480063747719,0.4524366485823216,5
154,20,Temporal_Matrix+SVD+KNN,287721.93228808354,0.03781141370203549,1.8981009281581211,98931.25311683133,179.28910135308527,0.3169833524754685,5
154,30,Temporal_Matrix+SVD+KNN,273218.68390053516,0.03590456688629599,1.8315178352297106,99095.21817296401,193.8479453165973,0.31226913216046404,5
154,40,Temporal_Matrix+SVD+KNN,283946.67508212675,0.03731436753183044,1.9373110634891293,101247.8925246354,207.14691274878757,0.2619237911587806,5
257,10,Temporal_Matrix+SVD+KNN,910369.8812076782,0.04146819659119161,4.717638786015428,188535.1504239564,1066.1690326397218,0.0017157391886188922,5
257,20,Temporal_Matrix+SVD+KNN,685468.7161433658,0.03122356193801084,3.607019043671685,180082.36667421903,1157.0447827330634,0.007054679748452974,5
257,30,Temporal_Matrix+SVD+KNN,587892.81146928,0.02677891372650654,3.266591405574982,172000.75883839998,1380.6884869578064,0.018299248726621475,5
257,40,Temporal_Matrix+SVD+KNN,531788.9670980828,0.024223335191572656,3.107412219514389,164789.69981598074,1482.0934215753232,0.018575567254442094,5
31,10,Temporal_Matrix+SVD+KNN,1905797.8833917459,0.09046875455032656,0.47380315597849204,1205078.0414238942,1925090.9338936566,0.536073321148372,5
31,20,Temporal_Matrix+SVD+KNN,2096440.6357816996,0.06745649215021757,0.5139880263315274,1292354.1229543486,3186998.411309073,0.49676919063723923,5
31,30,Temporal_Matrix+SVD+KNN,2277946.346850647,0.07329674269915658,0.5519521683235676,1399849.670325141,4212962.984269163,0.42623395247504947,5
31,40,Temporal_Matrix+SVD+KNN,2338751.820887424,0.07525326076699239,0.5688436730249185,1465146.7762375453,4330994.011283754,0.38064094587800035,5
163,10,Temporal_Matrix+SVD+KNN,680821.2258734251,0.04846676158429602,4.8871916987491915,118377.52960850706,747.2037654384177,0.02888976443197855,5
163,20,Temporal_Matrix+SVD+KNN,632648.8555274982,0.04503743432513016,4.565384834567435,113030.52745186332,694.6643216865639,0.03915625707668691,5
163,30,Temporal_Matrix+SVD+KNN,661636.3458914749,0.04710095930338852,4.731923080012285,146589.44559528824,4369.260019028882,-0.004559891604645427,5
163,40,Temporal_Matrix+SVD+KNN,588201.2671430218,0.04187321950787952,4.530374995115337,136614.15895693487,3441.5880453079,-0.004233909400734204,5
126,10,Temporal_Matrix+SVD+KNN,1039879.631635325,0.08254718246160807,0.531048043476389,704982.0884161663,55.08013064191317,0.3692548982719651,5
126,20,Temporal_Matrix+SVD+KNN,1152899.8015175206,0.091061602674816,0.5658188604754456,781556.4422721443,9417.448972300754,0.3089257671448882,5
126,30,Temporal_Matrix+SVD+KNN,1240885.3353736375,0.09203246373994797,0.6018797856215196,808119.3929619354,8870.779448827192,0.27807041994774007,5
126,40,Temporal_Matrix+SVD+KNN,1327769.140943571,0.07561908306704997,0.6418759277776762,847984.4007638878,8198.476715035287,0.2257876130440457,5
56,10,Temporal_Matrix+SVD+KNN,9448727.320694081,0.11019434138616514,0.42397613496819353,6244933.517447782,39.83149949472338,0.6921814561135399,5
56,20,Temporal_Matrix+SVD+KNN,9627488.836759696,0.11175261561183494,0.4283012302516463,6611529.169592928,44.48061023200607,0.6682482727772052,5
56,30,Temporal_Matrix+SVD+KNN,9983944.223401856,0.11589022849112407,0.4461641224294291,6954986.103413013,47.06031806969186,0.6303782229079891,5
56,40,Temporal_Matrix+SVD+KNN,10837297.06275997,0.11546620474127078,0.4806027521869017,7562736.13739856,49.010095097599624,0.58004639678471,5
253,10,Temporal_Matrix+SVD+KNN,197621.47174402303,0.04793789002409661,2.944656269800093,60200.70062850067,2038.1349066300163,0.030864706851528534,5
253,20,Temporal_Matrix+SVD+KNN,166445.66665789566,0.04037544095192667,2.412104829943204,62349.79818081975,1538.3695089792252,0.016059479279603273,5
253,30,Temporal_Matrix+SVD+KNN,149124.10406484592,0.03617367504408706,2.2539977013507233,61473.66012475208,1639.8694873179024,0.004938029191827398,5
253,40,Temporal_Matrix+SVD+KNN,142717.87336993482,0.034619685995012056,2.192549561149073,62323.40675454801,1698.0771306493486,-0.001621621032630749,5
242,10,Temporal_Matrix+SVD+KNN,188969.13283778421,0.12748363644711996,4.441046885392475,79572.2956395723,202178.9395581289,-0.8054698766584123,5
242,20,Temporal_Matrix+SVD+KNN,327134.2355186212,0.03098153164347127,6.165640472846809,76505.17003491585,143241.21099511388,-0.05804481603259215,5
242,30,Temporal_Matrix+SVD+KNN,470058.42183844245,0.03747842506374977,7.0926891239840915,99443.16271309549,143508.84712875905,-0.06940717601841784,5
242,40,Temporal_Matrix+SVD+KNN,509628.8392343485,0.032790554736366974,7.418914405611297,84662.6471079422,85710.96829970133,-0.016619310757533423,5
8,10,Temporal_Matrix+SVD+KNN,162133.3782968157,0.09792181819459256,1.680829116335084,65225.356416872564,15857.67780164472,0.41046390933987653,5
8,20,Temporal_Matrix+SVD+KNN,195262.62265776758,0.07162812080768098,1.953399198545993,68395.14260019535,10936.889069256926,0.3404575168496141,5
8,30,Temporal_Matrix+SVD+KNN,193291.40938615918,0.07090501160983637,1.9815272768217553,71033.76388047583,11392.773932212105,0.3049316338034084,5
8,40,Temporal_Matrix+SVD+KNN,196735.9423227563,0.07216856827091875,2.0716108240371716,76976.4891720007,17618.810452262325,0.2520316523730496,5
221,10,Temporal_Matrix+SVD+KNN,156583.28825035,0.08345045718186393,1.3142362508127892,76672.52279783244,867.4261566956321,0.4417097767468907,5
221,20,Temporal_Matrix+SVD+KNN,173587.9077815362,0.09251300331905027,1.3077032409954332,86464.10850871507,630.4649150125452,0.38472888939559147,5
221,30,Temporal_Matrix+SVD+KNN,231188.94555643777,0.03311179193144019,1.6916529331926764,88432.97336584407,1113.659690341626,0.3113027185654983,5
221,40,Temporal_Matrix+SVD+KNN,236404.76034259528,0.03385882148138905,1.7332353812923968,90805.60077796331,597.0333272627032,0.27970866012371853,5
218,10,Temporal_Matrix+SVD+KNN,490221.8616738409,0.10269396874508922,0.8473563765505254,288525.4265807918,97.376617162551,0.05454055590090956,5
218,20,Temporal_Matrix+SVD+KNN,519342.35324167117,0.06769698095524371,0.8702705023383005,303761.53142101,125.4775738835044,0.033275313583750354,5
218,30,Temporal_Matrix+SVD+KNN,497829.27958605165,0.06489272259182939,0.8376128151690251,297451.4002941083,110.3895485788795,0.0230345256735629,5
218,40,Temporal_Matrix+SVD+KNN,508383.598140044,0.06626849234695412,0.8561073664762762,298505.8607326513,111.19881834684048,0.00603357424545925,5
235,10,Temporal_Matrix+SVD+KNN,230182.9357107155,0.0993695982276725,0.9594010945003899,120001.67159606042,128.77057585026876,0.6728480412739724,5
235,20,Temporal_Matrix+SVD+KNN,255254.27869439917,0.06836442617079104,0.9873666465256985,124939.83712167648,139.3472417064797,0.6402802302762612,5
235,30,Temporal_Matrix+SVD+KNN,258718.03771097594,0.06928505394012403,1.0159850198558196,129368.72510378111,160.0659472925184,0.6215366832753928,5
235,40,Temporal_Matrix+SVD+KNN,261271.51750830532,0.06996887941691829,1.0581148144601427,131351.59727193872,163.16629741743,0.5910336077221515,5
184,10,Temporal_Matrix+SVD+KNN,944673.9730979449,0.07579402661160631,1.2118859432280553,487462.0120592822,150.08004994639847,0.13200907278418073,5
184,20,Temporal_Matrix+SVD+KNN,990178.8283064221,0.07306005930792,1.169212227733231,498546.58169758716,138.9726091863656,0.17591478047533982,5
184,30,Temporal_Matrix+SVD+KNN,963162.4720953291,0.07106472325331062,1.127207687971265,490265.94149457174,135.40017813961822,0.21481419901163779,5
184,40,Temporal_Matrix+SVD+KNN,974142.8842335226,0.07187488765694489,1.1348928300608827,502261.06953224295,134.66032609480067,0.2199661867850009,5
69,10,Temporal_Matrix+SVD+KNN,1272542.5687318274,0.08355927165260674,0.5823630017615284,707566.9238158736,56.48402898502476,0.7525113023177465,5
69,20,Temporal_Matrix+SVD+KNN,1456032.1379524025,0.0597494617269634,0.6186719210266478,793749.879920574,64.92899169643627,0.7153943634491697,5
69,30,Temporal_Matrix+SVD+KNN,1564228.6471646056,0.06415451038018685,0.652587837224486,860145.3918536874,72.20434579371884,0.6745730006003057,5
69,40,Temporal_Matrix+SVD+KNN,1600197.3316893768,0.06562971245431386,0.6706278525337438,893311.4530429711,74.54902340754249,0.6596383976125646,5
207,10,Temporal_Matrix+SVD+KNN,444837.28510988824,0.060592911997278155,2.346204270788306,127490.83769533806,567.4808552805573,0.3184617795348684,5
207,20,Temporal_Matrix+SVD+KNN,359162.14518286556,0.048921810645799604,1.8888508201941854,124234.21526041933,21692.6097720627,0.4273624280035566,5
207,30,Temporal_Matrix+SVD+KNN,334749.10281851306,0.04559648305111287,1.7944945255499163,121326.51452121785,47317.197620820596,0.45774110721118844,5
207,40,Temporal_Matrix+SVD+KNN,320966.87909474474,0.04371919368682098,1.767038731492398,120711.13441383486,41427.00389553935,0.4592559007108271,5
26,10,Temporal_Matrix+SVD+KNN,693271.3401442125,0.08255380829853164,0.5622140240099506,445024.50192369614,63.32467068924608,0.7864935587243697,5
26,20,Temporal_Matrix+SVD+KNN,867740.1518301654,0.09863392158039741,0.6936028031350745,490377.0949312954,62.78306302751725,0.6724472620162624,5
26,30,Temporal_Matrix+SVD+KNN,911464.3867079967,0.07629556438638964,0.7394858737058855,517109.9209084893,60.57329076794896,0.620904698671495,5
26,40,Temporal_Matrix+SVD+KNN,1043104.2763432169,0.08718727764865149,0.850136536160756,569004.8256278317,64.26573248888843,0.5051495018374099,5
76,10,Temporal_Matrix+SVD+KNN,774246.5687575964,0.08604117426999057,1.8558455128380735,288877.16998693754,367.05224196810934,0.45871367129368756,5
76,20,Temporal_Matrix+SVD+KNN,849667.8731836962,0.08114602870276173,1.8384623569257583,324281.85615614266,441.96778514015983,0.3937064099282813,5
76,30,Temporal_Matrix+SVD+KNN,843124.7363698973,0.0805211379843341,1.892216754626519,331741.9005500881,493.2535042472321,0.3639665895117187,5
76,40,Temporal_Matrix+SVD+KNN,829279.8580372689,0.07919890734572455,1.9021112439419785,331881.5346937287,536.5021291132865,0.3406163872996949,5
106,10,Temporal_Matrix+SVD+KNN,2901810.040669056,0.05492296729543358,0.5152912154239537,1713026.439289317,39.28698696251635,0.3724686663090654,5
106,20,Temporal_Matrix+SVD+KNN,2712798.959844395,0.05134552795063971,0.47564563013011746,1692518.384774528,37.77560569210741,0.37738043962614676,5
106,30,Temporal_Matrix+SVD+KNN,2699104.982253813,0.05108634010828924,0.4716445583533368,1742524.3648983978,37.58518423288963,0.36374976916485546,5
106,40,Temporal_Matrix+SVD+KNN,2686239.1725803358,0.050807721517429356,0.47111993107756345,1765076.6741247294,38.16339181365013,0.3446673997535554,5
199,10,Temporal_Matrix+SVD+KNN,599534.251069866,0.11787824045671277,1.0612564181514685,300420.92189493467,211.92821444443828,0.4499158762110833,5
199,20,Temporal_Matrix+SVD+KNN,714229.5581358086,0.08109021941240228,1.2036604109493612,337946.31970748643,257.8131690873814,0.36529255240540803,5
199,30,Temporal_Matrix+SVD+KNN,747830.7330697231,0.07051782363344954,1.2476910654789803,348228.6248167504,274.1328635648797,0.335880370862667,5
199,40,Temporal_Matrix+SVD+KNN,787034.6861355945,0.07421256623076009,1.3058124487918352,355190.7398589094,270.05014571526226,0.3046238524562067,5
160,10,Temporal_Matrix+SVD+KNN,258655.41806955665,0.0847326080149563,2.1932811081926165,88932.41546899013,103.08379693716503,0.017140157331976047,5
160,20,Temporal_Matrix+SVD+KNN,279818.0289617421,0.04456279510897718,2.3158980215586644,94472.14423580366,116.61915237400753,-0.026951397106265818,5
160,30,Temporal_Matrix+SVD+KNN,322410.4316526151,0.05134590526579958,2.5025489344476903,99218.39834764985,109.38766775534788,-0.021659315103781385,5
160,40,Temporal_Matrix+SVD+KNN,350214.4712268643,0.055773874840692725,2.6138559870349978,114823.86413399992,148.39744553985835,-0.06272205513956641,5
266,10,Temporal_Matrix+SVD+KNN,4.5367371552904965,0.06532901503618314,0.5478046824155548,2.796918725163354,42.45139627625223,0.34690775247003325,5
266,20,Temporal_Matrix+SVD+KNN,4.645937476204215,0.06625695202801218,0.5632989842780076,2.9127488056909425,47.62908084931264,0.30699152990507694,5
266,30,Temporal_Matrix+SVD+KNN,4.695681221233949,0.0669663608276376,0.5693796044524367,2.943305491790891,46.47063612333704,0.24721315738981264,5
266,40,Temporal_Matrix+SVD+KNN,4.579430547034088,0.06530847899364073,0.5556693866639757,2.9158460269341133,45.86774874750891,0.2440330003215173,5
55,10,Temporal_Matrix+SVD+KNN,4265627.967051618,0.08986715707301204,0.36621660879816725,2938102.735295203,35.0366750965361,0.6901751525152877,5
55,20,Temporal_Matrix+SVD+KNN,4791118.915088158,0.0944953313395835,0.39767671040184943,3233230.0362065868,38.77897112904406,0.6397357849266213,5
55,30,Temporal_Matrix+SVD+KNN,5116048.570175368,0.08947983909316733,0.4217345597620265,3434751.8853373965,40.74581711714019,0.6036215222153231,5
55,40,Temporal_Matrix+SVD+KNN,5571791.406096093,0.05490790464244259,0.4560472232309848,3635776.7997615603,41.695848871125456,0.5510548760203895,5
122,10,Temporal_Matrix+SVD+KNN,536440.4892869487,0.060049983377444265,1.5813802502550414,271750.5604695507,267.93208906657856,0.007271742997847275,5
122,20,Temporal_Matrix+SVD+KNN,664302.339592715,0.05131927982634039,1.856963324886494,287540.1510735423,285.26932610252345,-0.0037342231765762346,5
122,30,Temporal_Matrix+SVD+KNN,638867.3162570831,0.049352626064602965,1.7983785125881324,286320.22790927946,262.09825008580094,-0.02257676265416375,5
122,40,Temporal_Matrix+SVD+KNN,614870.8326191952,0.04749889297525914,1.749811411635612,289119.2540910517,264.9692526964145,-0.03513171365011347,5
139,10,Temporal_Matrix+SVD+KNN,1205822.8082786514,0.043277767078220813,2.2392039322816526,329818.97778915515,424.9268946198923,0.39471944955476934,5
139,20,Temporal_Matrix+SVD+KNN,1300614.508176576,0.046678391810966176,2.159600953406534,375331.9040128289,562.8915163123601,0.35201256375372947,5
139,30,Temporal_Matrix+SVD+KNN,1256774.4412947847,0.04510499415465662,2.1558106902628955,385363.06013905525,663.68049588361,0.33392336740704465,5
139,40,Temporal_Matrix+SVD+KNN,1178577.067931329,0.04229853027969557,2.0830825097053585,384287.37365199014,701.9591737042164,0.3463507376738799,5
86,10,Temporal_Matrix+SVD+KNN,1589533.6067758987,0.10804545622343051,0.8636160131946793,885340.7525279195,79335.98134615549,0.5230081416311665,5
86,20,Temporal_Matrix+SVD+KNN,1671543.2951906752,0.08534225465175234,0.9054919269840983,890507.1048114253,120291.37081296567,0.489278976228286,5
86,30,Temporal_Matrix+SVD+KNN,1619421.44161199,0.08268112316097269,0.8904533646119496,886077.0531415681,102507.06094840309,0.4910985246328141,5
86,40,Temporal_Matrix+SVD+KNN,1630872.6332935162,0.08326577441572049,0.9134202740731702,910679.476178118,92746.00128142552,0.46802860093260634,5
73,10,Temporal_Matrix+SVD+KNN,729762.7925963965,0.05614058270853028,1.2837092188812698,270880.2026233921,827.7950487103491,0.721655499744377,5
73,20,Temporal_Matrix+SVD+KNN,1178162.9233240786,0.03918826085107776,1.83106143871478,307912.6460320163,662.162210690465,0.5057596576864765,5
73,30,Temporal_Matrix+SVD+KNN,1113400.8882168639,0.03703410740770094,1.7475115876106777,330980.1642511122,467.7233035701112,0.5195903935061938,5
73,40,Temporal_Matrix+SVD+KNN,1047329.9089079028,0.034836444580092836,1.6740332484050269,337543.88537517097,539.6879116823374,0.5417579590166552,5
161,10,Temporal_Matrix+SVD+KNN,329051.12969374435,0.06490406113913251,1.1016622654801107,133783.87507349765,350.58328895972267,0.7429725308151214,5
161,20,Temporal_Matrix+SVD+KNN,377917.02686462854,0.07454248905315813,1.108623830339005,163703.90039347875,319.48615150841556,0.7068569608754781,5
161,30,Temporal_Matrix+SVD+KNN,422660.23811197304,0.06368518842546642,1.2324529528127057,175449.60300049823,368.89939571050695,0.6500367538865086,5
161,40,Temporal_Matrix+SVD+KNN,421068.6995727977,0.06344538012883899,1.2618243539229883,179967.81972726257,400.644521501535,0.6358629791150294,5
262,10,Temporal_Matrix+SVD+KNN,70.09203800924097,0.038443530044887486,1.1812546822139172,12.77330360908931,20.660264340071077,0.03837515540235992,5
262,20,Temporal_Matrix+SVD+KNN,49.28918568388683,0.026893681547928268,0.8518497548462346,11.55181074436178,22.049114206833355,0.06622878577470381,5
262,30,Temporal_Matrix+SVD+KNN,41.14844993157218,0.02245184807369101,0.7128931675196325,11.568855523537596,22.400004130424552,0.08775812204254152,5
262,40,Temporal_Matrix+SVD+KNN,36.971653256225075,0.02017286054085473,0.6398243795332177,11.809720481627096,22.847890692498375,0.0918031141893404,5
159,10,Temporal_Matrix+SVD+KNN,236156.67811765234,0.09115469788865994,2.716428110428035,73630.74892517965,439.41245188682115,0.24154928725973102,5
159,20,Temporal_Matrix+SVD+KNN,339741.8835143825,0.04070063504066715,3.789164780213548,80254.26130144618,549.6230357671644,0.07323046794373378,5
159,30,Temporal_Matrix+SVD+KNN,488828.3224774691,0.039144595866354055,4.7370300493584745,116972.11176321607,1512.4110243813902,-0.015653078593611758,5
159,40,Temporal_Matrix+SVD+KNN,440679.3725184656,0.03528853865516515,4.682812619591225,110780.84599246747,1702.8928552630944,-0.021650847467782786,5
227,10,Temporal_Matrix+SVD+KNN,876376.3224874409,0.05844274072206993,2.1878314312410962,273538.81157788367,135.13778216607878,0.013918927542229897,5
227,20,Temporal_Matrix+SVD+KNN,715182.3329219451,0.04768487730528968,1.823135074792026,282612.7187644753,168.61099690080144,-0.03308645823863432,5
227,30,Temporal_Matrix+SVD+KNN,710505.0086071037,0.04737301608360791,1.7582906299478076,279285.2358314907,167.5862363205632,-0.0051938843155519,5
227,40,Temporal_Matrix+SVD+KNN,691568.335463225,0.046110410879495876,1.726725408006317,284179.8214234202,181.3749706420617,-0.026174595266153622,5
7,10,Temporal_Matrix+SVD+KNN,360520.8214044892,0.06487029404989056,1.109411311050287,141247.17642332887,768.7588570555685,0.748092441169532,5
7,20,Temporal_Matrix+SVD+KNN,467305.8649696363,0.0666337917584456,1.2280570544578397,182937.92637837373,1134.7332430493373,0.6727315371276905,5
7,30,Temporal_Matrix+SVD+KNN,503165.5274286689,0.06862620117052871,1.3276800000947784,195118.53379725912,1142.2590501119269,0.6270648449632652,5
7,40,Temporal_Matrix+SVD+KNN,521736.5917061041,0.07115908850795619,1.4113041663585641,209832.0945728943,1503.6785186955694,0.5752069326987972,5
20,10,Temporal_Matrix+SVD+KNN,211814.80494336347,0.08659419921477586,1.0164426913126536,135660.12612091663,455.9275404785884,0.23341669574928148,5
20,20,Temporal_Matrix+SVD+KNN,216422.42144699884,0.08846257960722134,1.0049556072231751,142416.66878821267,483.22441041112893,0.20316959934682155,5
20,30,Temporal_Matrix+SVD+KNN,245093.32262603982,0.06153074703213251,1.127212703822748,148963.2954205234,490.4734563477411,0.13105504228400822,5
20,40,Temporal_Matrix+SVD+KNN,252215.30220263446,0.06331872199203825,1.1485736572297482,155400.23838641876,566.5036964199595,0.11109872532531873,5
149,10,Temporal_Matrix+SVD+KNN,439214.8816686794,0.09800446326226335,0.8061811902057824,252650.91078972723,431.6024847752334,0.5741509997675189,5
149,20,Temporal_Matrix+SVD+KNN,472221.3483240907,0.0831785675449016,0.8169678161727072,278920.3237811525,500.1746588137803,0.548808493808757,5
149,30,Temporal_Matrix+SVD+KNN,483406.19603381894,0.08514460314263865,0.8431533372777942,286452.4587837938,661.5940765295093,0.5352736930105824,5
149,40,Temporal_Matrix+SVD+KNN,512533.8723085281,0.090274997533992,0.8858762801711988,302666.3428153865,666.7252793937209,0.48771746494388557,5
28,10,Temporal_Matrix+SVD+KNN,592727.9518364213,0.08589198477454336,0.6689828097937454,402915.03854487557,67.08839227741446,0.21463621337728178,5
28,20,Temporal_Matrix+SVD+KNN,672436.2034545148,0.08598172433907472,0.7434486930046146,422502.4294613315,74.6503207112853,0.18710591304496538,5
28,30,Temporal_Matrix+SVD+KNN,725346.0629699777,0.08830988217182358,0.795859943173554,461410.2516767769,80.78350139747243,0.039843036780397134,5
28,40,Temporal_Matrix+SVD+KNN,820483.1891223666,0.03837854284377646,0.8945504475569064,476838.4592194853,82.4995559057761,0.009394716927407343,5
215,10,Temporal_Matrix+SVD+KNN,2214600.028027104,0.08712757662000621,1.8522493454963413,980729.5159349481,235.41053012990236,-0.0971237517802288,5
215,20,Temporal_Matrix+SVD+KNN,2003528.2857529176,0.07878195092682214,1.6721974088446154,881063.1500168076,191.33457821934425,-0.06047125335307335,5
215,30,Temporal_Matrix+SVD+KNN,1965051.916434685,0.07726899827173538,1.6586388476785234,885413.535262611,189.3652674939777,-0.08500046049596244,5
215,40,Temporal_Matrix+SVD+KNN,1972546.214566222,0.07756368611409237,1.6476138021141484,1019903.3545953322,337.15636426612747,-0.07394124917247624,5
205,10,Temporal_Matrix+SVD+KNN,573228.0888626894,0.09055386320341213,1.2585746727317488,278231.78266917233,169.2831571886279,0.38199320500429124,5
205,20,Temporal_Matrix+SVD+KNN,792060.6128332397,0.05273934893403615,1.5282147778096649,312192.0546504995,155.26102494262705,0.3114934711735925,5
205,30,Temporal_Matrix+SVD+KNN,732429.8112413395,0.04876883253489079,1.4418426619639686,310293.13962635165,157.56128131176396,0.3159206778716185,5
205,40,Temporal_Matrix+SVD+KNN,725003.985085471,0.048274383965662034,1.446730801816946,320873.19434359344,169.85362280965174,0.28024646442808776,5
206,10,Temporal_Matrix+SVD+KNN,552615.7742107965,0.0629307636792037,1.4927885828338356,222562.23172481486,190.63962093994493,0.3137937319311812,5
206,20,Temporal_Matrix+SVD+KNN,751402.2219610701,0.039077280556536614,1.8785474940627598,248742.2062141572,213.12842513740904,0.21577128744919716,5
206,30,Temporal_Matrix+SVD+KNN,687060.3082232871,0.035731127269800544,1.7551986111599096,256068.6143123743,243.99147847933742,0.22731555693290206,5
206,40,Temporal_Matrix+SVD+KNN,661939.2678267165,0.03442468723707498,1.7247841093684022,257155.1335826821,273.0608238925133,0.22130358749452184,5
130,10,Temporal_Matrix+SVD+KNN,1007024.4222133809,0.12114169852784612,0.5205007414184,728639.0099969261,55.472343136485435,0.3820376541606466,5
130,20,Temporal_Matrix+SVD+KNN,1026827.9157005242,0.11689712085089159,0.5257141972522023,737029.3309693807,55.790674210044436,0.31713491749990874,5
130,30,Temporal_Matrix+SVD+KNN,1082428.6190467842,0.10706578017026147,0.5520503004614741,769037.2360059994,55.53781632216611,0.26909010315031845,5
130,40,Temporal_Matrix+SVD+KNN,1121643.161183975,0.10791675386260244,0.572213780138614,786858.2565012057,56.957296656210175,0.22328382185065387,5
40,10,Temporal_Matrix+SVD+KNN,503171.9148375323,0.1055626090266176,0.8024797163001298,308642.312175195,220.0739320531008,0.5589655478065823,5
40,20,Temporal_Matrix+SVD+KNN,589495.1521010438,0.09225668186619367,0.8630753572631529,348181.9987792713,274.81348316962095,0.5002400857118618,5
40,30,Temporal_Matrix+SVD+KNN,618273.112582858,0.09676046639345562,0.9068123933741307,369638.10723817087,276.0574534921313,0.4497667998710626,5
40,40,Temporal_Matrix+SVD+KNN,620306.5766794793,0.09707870590667246,0.9124250897541438,380608.07419835124,281.2476407232474,0.43145459336575687,5
222,10,Temporal_Matrix+SVD+KNN,1185321.907622196,0.08813823691729283,0.831475645013209,688571.4425855393,1447.376862777795,0.4479605700435765,5
222,20,Temporal_Matrix+SVD+KNN,1206037.6961855844,0.08967862275559325,0.8508148996868334,706324.4052508388,1357.6491116875472,0.4333456929640779,5
222,30,Temporal_Matrix+SVD+KNN,1359727.1161366235,0.062415533535785786,0.9398206607361549,750559.9359649444,1437.4283032059764,0.38611084276202934,5
222,40,Temporal_Matrix+SVD+KNN,1368134.1384409326,0.06280144095525507,0.9329971403185204,757673.1765952278,1294.5676942414043,0.38412010628989557,5
223,10,Temporal_Matrix+SVD+KNN,255459.6373069829,0.0719502545910785,0.9302194078225636,116574.49697257698,309.60091887635775,0.7891786616550175,5
223,20,Temporal_Matrix+SVD+KNN,319355.9342851872,0.08993668352236882,1.0286410586415875,147137.2246239039,327.6122341598957,0.7074225480911966,5
223,30,Temporal_Matrix+SVD+KNN,330172.6145759772,0.07493425654789246,1.0610969805323658,152671.3715136712,343.8524519723536,0.691330555860116,5
223,40,Temporal_Matrix+SVD+KNN,342444.5826598188,0.07771943849256438,1.1151118890817393,161220.54664755057,364.22372336869176,0.6634553517764243,5
4,10,Temporal_Matrix+SVD+KNN,207466.78169055877,0.0825676591275674,1.2605224933258499,88099.93689688356,312.8017479250065,0.6458605720089985,5
4,20,Temporal_Matrix+SVD+KNN,214311.4120165501,0.058879901516852774,1.2254937282618004,91651.98977455635,311.86362744986076,0.6303728650505686,5
4,30,Temporal_Matrix+SVD+KNN,203042.9949057753,0.055784017431678615,1.1791818433979242,91421.47132887813,329.21177298952034,0.650467160232447,5
4,40,Temporal_Matrix+SVD+KNN,235240.4898335427,0.04951018051357214,1.346475870433293,100084.39741659077,406.2100965933493,0.5649790067665973,5
248,10,Temporal_Matrix+SVD+KNN,424119.56010494684,0.061920982674246214,1.5474708080631956,169579.7509882853,170.22264629242022,0.3756555137350861,5
248,20,Temporal_Matrix+SVD+KNN,422529.1060365951,0.05485475345513692,1.5195268563756519,167423.37199074533,170.20912037290577,0.35492570077712704,5
248,30,Temporal_Matrix+SVD+KNN,436644.57879796176,0.05668729177537374,1.5764110505706923,170624.30609013393,187.7200931548868,0.323979033171789,5
248,40,Temporal_Matrix+SVD+KNN,412936.13473258883,0.05359850250090063,1.5421420142333218,167620.9473615893,239.2104812815234,0.32408015987391336,5
136,10,Temporal_Matrix+SVD+KNN,1800108.212701298,0.08013874068066493,1.258673802273051,741347.7452188941,91.28679122197605,0.2787689398174066,5
136,20,Temporal_Matrix+SVD+KNN,1490600.211041936,0.06630431892832683,1.0791299892978088,693436.9697926829,101.70836044589295,0.3219485846107667,5
136,30,Temporal_Matrix+SVD+KNN,1444330.4299142663,0.06424194061963366,1.0577124949323096,691731.4681574563,105.83943438424004,0.303100213952449,5
136,40,Temporal_Matrix+SVD+KNN,1399220.8533299514,0.06223552527291941,1.0380788833806291,701075.4970458256,108.89201044141312,0.3066491355009934,5
203,10,Temporal_Matrix+SVD+KNN,905216.4912939701,0.08849155367913361,1.0583689000759682,462473.22656795883,600.1029432759872,0.486326558590759,5
203,20,Temporal_Matrix+SVD+KNN,893679.4589393594,0.08736220626078835,1.0424826539977325,492596.0276118866,618.8317584302476,0.432678094614677,5
203,30,Temporal_Matrix+SVD+KNN,942863.1379744785,0.09216788457724356,1.1097544855392973,522652.93435940763,770.2129810613936,0.3575325381456632,5
203,40,Temporal_Matrix+SVD+KNN,1001194.6033132409,0.0978695270517803,1.1522168123692968,552711.0636886709,846.7830758854784,0.30382435110180517,5
65,10,Temporal_Matrix+SVD+KNN,608889.1027253031,0.080965652910351,1.165613905954077,289155.6353528978,409.30974570030367,0.655921069330829,5
65,20,Temporal_Matrix+SVD+KNN,705136.4512377077,0.07877147544635003,1.2125057673467263,333776.8620228583,414.09461009781506,0.6121414457158794,5
65,30,Temporal_Matrix+SVD+KNN,757531.6395362475,0.08462459264277472,1.2918324968170685,351164.9821423951,514.1223620476012,0.5676902556775644,5
65,40,Temporal_Matrix+SVD+KNN,846044.0632473478,0.03666356097968167,1.4442521835001174,361901.8795263031,518.0956014300796,0.5114145782828892,5
90,10,Temporal_Matrix+SVD+KNN,3409463.355598119,0.09655303751921114,0.7400757991150885,1945337.3884820025,52.922813039695484,0.31428080821396076,5
90,20,Temporal_Matrix+SVD+KNN,3503912.8469643304,0.07771607589289478,0.7550899816404071,1976150.4674818562,57.607981268017994,0.26970997378474926,5
90,30,Temporal_Matrix+SVD+KNN,3427713.4217833313,0.07602598810561091,0.7394266839611155,1947310.6410266778,55.706725538146074,0.2505022183293847,5
90,40,Temporal_Matrix+SVD+KNN,3479684.432557695,0.07717869457805361,0.7486134047753509,2019794.5813041152,56.3649280048931,0.23418632232685632,5
256,10,Temporal_Matrix+SVD+KNN,54472.34026520833,0.09906923025799338,3.6459123022746156,21067.714625563098,1925.9708637941053,-0.23433797532829082,5
256,20,Temporal_Matrix+SVD+KNN,72648.3611318762,0.13212608787870614,5.127951396947413,21852.566693319,2603.3735246447145,-1.9921621803468725,5
256,30,Temporal_Matrix+SVD+KNN,74052.1571553916,0.13467918162888837,5.480610306928561,20873.571798862948,2190.0223751633125,-2.68105124102563,5
236,10,Temporal_Matrix+SVD+KNN,4375562.896553953,0.10902035759990315,3.4124106405033108,1462689.4837328708,5968.328670960093,0.03891661976645633,5
236,20,Temporal_Matrix+SVD+KNN,4243178.862134257,0.0941357647299032,3.416455466575166,1472717.514780124,9579.045803959021,0.029994418871679196,5
236,30,Temporal_Matrix+SVD+KNN,4182945.26494233,0.0927994704283137,3.484932368363488,1445470.398656691,7416.733999420232,0.028315020432060356,5
236,40,Temporal_Matrix+SVD+KNN,3914684.2020484265,0.08684804553596957,3.4895853511557533,1236311.6302820416,4130.960695185025,0.054013706271771045,5
276,10,Temporal_Matrix+SVD+KNN,853325.3151339273,0.03925836842488183,9.810399900700181,102826.36355479046,625.7071623376925,-0.008499146967346993,5
276,20,Temporal_Matrix+SVD+KNN,650862.4514406297,0.02994335501468603,9.13917266564496,105435.50024490924,974.4710349966983,-0.21701842024082052,5
276,30,Temporal_Matrix+SVD+KNN,626043.1857571983,0.02880152837847764,7.945115093556658,85617.57881214474,553.3222255459335,-0.009913073076746937,5
276,40,Temporal_Matrix+SVD+KNN,705857.2125665835,0.03218722683959385,7.998965808858027,98068.2460578973,575.78682349771,-0.013798818038674998,5
260,10,Temporal_Matrix+SVD+KNN,485061.4051271225,0.04262864941032952,8.298455787394241,76978.23026220736,113087.04813619147,-1.0449244884025433e-05,5
260,20,Temporal_Matrix+SVD+KNN,490984.6257161618,0.04257820170153472,7.4492712131782115,86220.41087792271,103125.67446082854,-0.025679780220807524,5
260,30,Temporal_Matrix+SVD+KNN,412799.7393725408,0.035798005492754026,7.06610123242717,79936.8685400505,121435.58452581707,-0.034776345189430735,5
260,40,Temporal_Matrix+SVD+KNN,376048.2981921541,0.03261091943683288,7.049193345123128,81809.57676038051,113074.15403335707,-0.11208598365663813,5
66,10,Temporal_Matrix+SVD+KNN,1256865.4152649173,0.07031559550681722,0.964715443844466,667213.1563726101,136.30250676051787,0.3098921896449256,5
66,20,Temporal_Matrix+SVD+KNN,1239358.4297716368,0.06933616358392533,0.908418945120779,685816.2682463961,108.09287820023566,0.3374406627791403,5
66,30,Temporal_Matrix+SVD+KNN,1266365.521801055,0.07084708093107478,0.9394789461870691,700752.9569084152,106.12624056395306,0.300922374836173,5
66,40,Temporal_Matrix+SVD+KNN,1378253.289880327,0.06299404225276568,1.008669587049026,730910.590551634,103.05297140188945,0.2420044358714164,5
70,10,Temporal_Matrix+SVD+KNN,704775.2240170615,0.07426516535206772,0.9253575118258381,318612.6196907962,317.2107226216651,0.8113266655207927,5
70,20,Temporal_Matrix+SVD+KNN,800695.7733022984,0.08436680338538002,0.917220592920589,375442.122609439,277.94597230001676,0.7851502684673323,5
70,30,Temporal_Matrix+SVD+KNN,894050.6607285414,0.08627729370867032,1.0276150244336826,415225.598321385,317.113571891739,0.7343205751413031,5
70,40,Temporal_Matrix+SVD+KNN,936431.8738341538,0.0903671473729616,1.1001752907408506,435486.0444426706,355.4175229357298,0.6961809090006239,5
121,10,Temporal_Matrix+SVD+KNN,3072.151926074196,0.040986558109444654,0.8487933139705555,968.826934356852,27.212354576578292,-0.03581908139882617,5
121,20,Temporal_Matrix+SVD+KNN,2308.0270252606115,0.03045596977426353,0.6473054186141199,947.1980823960079,29.75615828265808,-0.10875749563149095,5
121,30,Temporal_Matrix+SVD+KNN,2086.5149190111115,0.027532968466769545,0.583658927733331,935.9781903351355,28.18851759385783,-0.23200795773413008,5
121,40,Temporal_Matrix+SVD+KNN,2301.6136675140633,0.030371341202958847,0.6382797439905215,942.1556124600636,27.921583615331507,-0.12409659209274104,5
183,10,Temporal_Matrix+SVD+KNN,239663.86391765875,0.08660612910395546,1.3181048896452512,113434.39577745319,556.4535923149051,0.526613599058487,5
183,20,Temporal_Matrix+SVD+KNN,273163.97081095254,0.08918918007653304,1.3415381175080447,130658.60977976055,676.1341826173336,0.4600652813259605,5
183,30,Temporal_Matrix+SVD+KNN,287109.2353077037,0.0650424300613067,1.401668090780717,132136.00457594128,681.481217352277,0.4412147713500645,5
183,40,Temporal_Matrix+SVD+KNN,326958.8167878854,0.03967778901644985,1.5642893551509094,140011.41982087056,702.2715014902001,0.36044755637415227,5
179,10,Temporal_Matrix+SVD+KNN,1334139.2095800368,0.10204193970976425,0.6781599637403819,815212.9496062674,62.74043049332887,0.512488283212595,5
179,20,Temporal_Matrix+SVD+KNN,1580408.488228374,0.04391998574771252,0.7655516115099416,831466.8256094714,59.298484364872,0.4891261954558238,5
179,30,Temporal_Matrix+SVD+KNN,1569942.8309677166,0.04362914225936618,0.7672139335197562,856875.7372609251,63.59396292918288,0.4645453855828906,5
179,40,Temporal_Matrix+SVD+KNN,2126526.141290053,0.0364119961641901,1.0282318633070844,935313.0494024074,68.44609093223573,0.2922767535718659,5
58,10,Temporal_Matrix+SVD+KNN,332820.65720297705,0.04995293521888812,1.5736967217134525,134376.30154461018,281.09843712580005,0.47140416359081727,5
58,20,Temporal_Matrix+SVD+KNN,315217.7570665845,0.047310245622426535,1.3473225017633799,143710.35266462454,280.73464156651085,0.502680904520266,5
58,30,Temporal_Matrix+SVD+KNN,340406.37343899504,0.05108821237753467,1.438160488749345,149280.59135453452,302.9750259437393,0.4522074963672902,5
58,40,Temporal_Matrix+SVD+KNN,344396.4745662328,0.05168704703429146,1.4742790096373972,152682.12259129222,307.0631391908497,0.419860741044104,5
279,10,Temporal_Matrix+SVD+KNN,3.367178834663553,0.09317041601171978,0.7779393472761978,2.301046807195895,86.28809753344953,-0.1187853739077176,5
279,20,Temporal_Matrix+SVD+KNN,3.3905368305912953,0.08536094739655829,0.7967544878772719,2.3186818504410924,93.62435966781963,-0.12601188585410772,5
279,30,Temporal_Matrix+SVD+KNN,3.4389974264409555,0.08658100267978237,0.7936183399941562,2.355933449637612,88.80067098889421,-0.14841063483504735,5
279,40,Temporal_Matrix+SVD+KNN,3.4162177688872712,0.08600749669907531,0.7852753175473738,2.3765506819068305,89.12225326441869,-0.17738603181569212,5
148,10,Temporal_Matrix+SVD+KNN,952166.5620201209,0.061802270816249796,3.5588331177993218,230525.46973758796,1119.2672445279939,0.11210255959100579,5
148,20,Temporal_Matrix+SVD+KNN,997944.9394655888,0.058983483407988486,3.7203884223747923,246219.82386394392,1456.8598306800113,0.08735766279495549,5
148,30,Temporal_Matrix+SVD+KNN,979669.8633953955,0.05790327578260198,3.8385995479046753,251226.13368680765,1890.7244062798725,0.06178994010778904,5
148,40,Temporal_Matrix+SVD+KNN,956106.0337256112,0.05651053831170042,3.681863687963179,259546.7984057064,2248.9715135952365,0.04595715874790951,5
230,10,Temporal_Matrix+SVD+KNN,1537851.9054919356,0.12781454707648024,0.5155559090713124,1057179.4297990866,43.40893264319618,0.29514626825214096,5
230,20,Temporal_Matrix+SVD+KNN,1535763.878385761,0.12569837611713644,0.5086671151976434,1063958.0541008397,47.45189906710792,0.3132554338179864,5
230,30,Temporal_Matrix+SVD+KNN,1649949.6119831752,0.09926049375574264,0.5432893431575497,1145889.05254261,49.573303713029524,0.24274626782643005,5
230,40,Temporal_Matrix+SVD+KNN,1649966.6504837433,0.09926151878703267,0.5440224698114736,1144724.8057693224,48.22152572379558,0.23058529034723096,5
48,10,Temporal_Matrix+SVD+KNN,28908592.77285388,0.10338575595440584,0.27343923654248264,21485563.851035208,25.502925121003017,0.7248907098431592,5
48,20,Temporal_Matrix+SVD+KNN,29693352.78124652,0.09478523639713508,0.282704635101973,22225331.13091202,26.598111007589072,0.6983280591869312,5
48,30,Temporal_Matrix+SVD+KNN,30564847.1448423,0.09642972148337985,0.290204375823357,23214870.193736617,28.764220949515636,0.6768801088325113,5
48,40,Temporal_Matrix+SVD+KNN,32621201.56270305,0.0961458821445374,0.30805808842955557,24796827.66777671,29.942655581130715,0.6408869513005457,5
71,10,Temporal_Matrix+SVD+KNN,282925.2388536181,0.07265607543127148,1.2104486597561983,136009.62884875323,420.85293686661043,0.44520197128193917,5
71,20,Temporal_Matrix+SVD+KNN,278785.07774070126,0.07159073288016872,1.1079595986366035,144656.95186938072,411.3750256794135,0.48375708578772003,5
71,30,Temporal_Matrix+SVD+KNN,274419.032476637,0.0704695524254061,1.100464473709139,147201.40568236005,421.09356857577575,0.4778679288651574,5
71,40,Temporal_Matrix+SVD+KNN,291648.14006830857,0.06446484270214979,1.1773664590607549,152915.21935214833,428.1277906714302,0.41805647347656893,5
171,10,Temporal_Matrix+SVD+KNN,882405.2293021536,0.05575022075572513,1.2361843792235583,357014.79127717577,74.58646253521518,0.20674220971653567,5
171,20,Temporal_Matrix+SVD+KNN,1211303.7364704364,0.03192183417593803,1.6426867258984301,371304.3966423202,80.75652657078575,0.13773299891953306,5
171,30,Temporal_Matrix+SVD+KNN,1042551.1330789726,0.027474648503154776,1.43965766371,353214.18872584554,75.23724812359326,0.154368850673693,5
171,40,Temporal_Matrix+SVD+KNN,953382.3227604601,0.025124757314882448,1.3336027422243353,349768.9966375058,73.44190361925786,0.1538867590326456,5
105,10,Temporal_Matrix+SVD+KNN,3630593.344731226,0.1312064991130042,0.7870689777625786,2114395.6426585754,78.3219987556298,0.3071282242692711,5
105,20,Temporal_Matrix+SVD+KNN,3762863.5721183293,0.0763987590428154,0.7835776227721305,2189706.2880131085,82.8431829518451,0.29988590443569874,5
105,30,Temporal_Matrix+SVD+KNN,3838139.597218763,0.07792711498586954,0.7950470761977906,2314367.9167997055,83.385543907469,0.2559323754889411,5
105,40,Temporal_Matrix+SVD+KNN,4029055.65030291,0.08180335159594944,0.8307235945773926,2422915.1156288004,88.1454754230885,0.22128115806734816,5
273,10,Temporal_Matrix+SVD+KNN,54231.841744161815,0.13333785354918448,3.0497179611768663,25575.943664691153,10679.12316262751,-0.21289423746667646,5
273,20,Temporal_Matrix+SVD+KNN,46836.47007270861,0.11272983148047698,2.5687044443986604,18779.040075306984,2238.916019685141,0.08951106766482309,5
273,30,Temporal_Matrix+SVD+KNN,85824.57610312685,0.02795143800733388,4.415349666936554,21443.30655581902,2736.94850433096,0.015388090620166772,5
273,40,Temporal_Matrix+SVD+KNN,224705.8822694253,0.027113111912488705,9.010257473267915,23077.870116548103,1598.5764939277938,0.0017678531225612248,5
187,10,Temporal_Matrix+SVD+KNN,810281.1523777056,0.05056776757452487,1.2887155193323019,320145.9489841863,82.25735888216728,0.06086649704493119,5
187,20,Temporal_Matrix+SVD+KNN,1015652.1386194113,0.06096284512360722,1.5097445808222971,385410.88305688073,101.78258496251209,0.00014048549729783755,5
187,30,Temporal_Matrix+SVD+KNN,882286.457219553,0.052957789976442765,1.3497967349341013,369580.465369473,99.05203836852733,-0.002736311933944746,5
187,40,Temporal_Matrix+SVD+KNN,824884.9617805092,0.049512359850070374,1.2852684366089993,371610.07330275344,105.82099544933628,-0.02404498408771616,5
157,10,Temporal_Matrix+SVD+KNN,299829.539004683,0.05885028385911259,1.8520435272556561,99226.70489441448,388.573546624372,0.4448320530568092,5
157,20,Temporal_Matrix+SVD+KNN,402628.01369255595,0.041499411845379405,2.1019248745525068,125307.13962151481,415.31838060428026,0.3342928046864754,5
157,30,Temporal_Matrix+SVD+KNN,389597.8578538533,0.04015637612712284,1.9888834009497671,131185.3578983729,388.2302219411811,0.35520901861433685,5
157,40,Temporal_Matrix+SVD+KNN,375006.7244844853,0.03865244835162375,1.9464421079317937,131092.00107174466,423.06155615533027,0.3664829416461989,5
212,10,Temporal_Matrix+SVD+KNN,484319.2175876722,0.047884632597294294,0.9506322941543353,162326.82718416982,28.933624601398726,0.04547564060050213,5
212,20,Temporal_Matrix+SVD+KNN,395845.94626320666,0.038952003136880846,0.7683228271614702,159849.3228255594,29.624638581559587,0.08853317493474366,5
212,30,Temporal_Matrix+SVD+KNN,371328.2318636342,0.03653941284205366,0.7215406129746605,160871.35220060116,29.983759269984585,0.09503707427170571,5
212,40,Temporal_Matrix+SVD+KNN,354688.5982363022,0.03490204086094105,0.6911492803757678,161796.0435383709,30.910355197782874,0.1055856199923475,5
124,10,Temporal_Matrix+SVD+KNN,926988.5798805166,0.09812899815373184,0.9047737344511354,569888.9457353745,252.4697379728054,0.515227672434292,5
124,20,Temporal_Matrix+SVD+KNN,889307.6117161693,0.0941384931795401,0.8364330673317794,558118.8788926752,241.41212518747278,0.5420902653026128,5
124,30,Temporal_Matrix+SVD+KNN,1011276.934821058,0.05554894326393595,0.9490254914434451,580571.0995653026,268.3237239945963,0.46801740293808103,5
124,40,Temporal_Matrix+SVD+KNN,1030228.1777023138,0.056589925688575377,0.9670147434057319,593918.0947104209,265.29741527959555,0.44338821131321404,5
78,10,Temporal_Matrix+SVD+KNN,4828890.346820396,0.09945526376945298,0.984333246912352,2490418.5188432066,81.25940486903335,0.17122343554730923,5
78,20,Temporal_Matrix+SVD+KNN,4681396.0529814735,0.09231538904755211,0.9399437800187812,2533584.7587607186,91.21234963569323,0.18594628782676592,5
78,30,Temporal_Matrix+SVD+KNN,4736870.031118689,0.090408879095275,0.9654946454098071,2579294.844233366,99.98856604328496,0.16917296416676997,5
78,40,Temporal_Matrix+SVD+KNN,4872387.525468348,0.06078482446790029,0.9937015955055588,2607012.9874922344,100.83101450481884,0.1389488107996809,5
214,10,Temporal_Matrix+SVD+KNN,442241.776750676,0.11200535407496508,1.2448186724006365,199598.91148586592,509.1853174978125,0.6428519168538894,5
214,20,Temporal_Matrix+SVD+KNN,464396.08401350037,0.09846678038135338,1.2405325107886522,214648.70654596103,9304.50404754917,0.6197121102646935,5
214,30,Temporal_Matrix+SVD+KNN,471943.06649992004,0.0773829822557704,1.2674380215121355,214199.2861993703,11149.729009216897,0.6174948630012272,5
214,40,Temporal_Matrix+SVD+KNN,503479.7093250356,0.058214123684138405,1.3613468652734433,224836.89362460308,9620.48142447094,0.5834232821077505,5
85,10,Temporal_Matrix+SVD+KNN,286413.238424815,0.08725753926174493,1.1983215684467277,139004.95979720922,213.40629066243514,0.3315306751718269,5
85,20,Temporal_Matrix+SVD+KNN,305769.23298332584,0.07555177896546027,1.2196471884161757,148974.21408609443,181.70535428968756,0.3030185819646063,5
85,30,Temporal_Matrix+SVD+KNN,383647.2519560286,0.03577117766797918,1.4940690154538683,157473.12934046955,150.3968440429571,0.18910745004150098,5
85,40,Temporal_Matrix+SVD+KNN,446047.36744782864,0.04158934945568023,1.7378875679768402,226919.6362453724,266.65732631111484,-0.09201301923657934,5
182,10,Temporal_Matrix+SVD+KNN,30.07154161320389,0.04025210367457821,0.4189172156435412,13.904158548013745,19.475421341205955,0.8374037414403143,5
182,20,Temporal_Matrix+SVD+KNN,30.61912164813328,0.040689742493665505,0.4307441333876625,14.708406183225181,21.948876223083754,0.8240976675120139,5
182,30,Temporal_Matrix+SVD+KNN,34.28714730423551,0.04556418079800718,0.48301316605095695,16.272479351537847,23.77703168306311,0.7770306574915592,5
182,40,Temporal_Matrix+SVD+KNN,60.98182285390638,0.03013372632425633,0.8409305554328148,20.184779315522437,24.783604554370505,0.4758844639647538,5
127,10,Temporal_Matrix+SVD+KNN,712588.4918053612,0.0455156737273768,2.4465973310359304,174688.61766380724,709.469880582549,0.31913064655059453,5
127,20,Temporal_Matrix+SVD+KNN,626466.1833610515,0.04001432013745989,1.9148835752441717,187679.15249267692,631.196182689403,0.423502828543725,5
127,30,Temporal_Matrix+SVD+KNN,572772.8187453203,0.036584759950405096,1.8247413320230235,183285.94270623612,680.1173528544406,0.43589454233659863,5
127,40,Temporal_Matrix+SVD+KNN,572827.3396522145,0.03658824236826035,1.859526419673331,185510.95024562735,748.1991248054283,0.41983619833955044,5
89,10,Temporal_Matrix+SVD+KNN,4020415.2374513843,0.10379261836069248,1.6189675100068885,1979841.2392474092,169.1319571439743,0.15826317656455047,5
89,20,Temporal_Matrix+SVD+KNN,4175488.8091056743,0.09596821930744587,1.6530227114213139,2109609.21254663,187.68013558980508,0.11513338494632575,5
89,30,Temporal_Matrix+SVD+KNN,4234324.523778749,0.09732048224646815,1.6366919944714347,2164716.230255139,186.7404300902982,0.12326583036275862,5
89,40,Temporal_Matrix+SVD+KNN,4420573.703740421,0.10160117918173836,1.6985074376699687,2270208.1464042063,199.05798145019833,0.0664182311543493,5
57,10,Temporal_Matrix+SVD+KNN,12244935.579378685,0.11404595681205826,0.36611645162241996,8622794.683437593,34.59780064470396,0.6879060100906969,5
57,20,Temporal_Matrix+SVD+KNN,12827668.346491627,0.07253812490785147,0.3751831822459217,8879818.730219923,34.190015143541316,0.6651503339830197,5
57,30,Temporal_Matrix+SVD+KNN,13754838.42314273,0.050917091984799934,0.40142515353203967,9271806.07572888,36.03213454885349,0.62727272388981,5
57,40,Temporal_Matrix+SVD+KNN,14721206.148750119,0.05449435206319575,0.42652900692616413,10093346.092097696,38.754050208588204,0.5836021139883236,5
81,10,Temporal_Matrix+SVD+KNN,432167.3767976425,0.05524566527894873,1.0338901073393638,213831.75459416927,90.78728451243406,0.2871347178854068,5
81,20,Temporal_Matrix+SVD+KNN,415948.6243935997,0.05314095247279675,0.986738562239174,220541.3637611761,95.87685037909094,0.27681331091042527,5
81,30,Temporal_Matrix+SVD+KNN,425463.45977917116,0.05435655311517964,1.0104858893258752,226093.03107904777,97.196221222531,0.25295746083841686,5
81,40,Temporal_Matrix+SVD+KNN,440388.2275100242,0.05626331834083474,1.0450006219181365,236190.29784016355,99.1811400809714,0.22217471083701723,5
38,10,Temporal_Matrix+SVD+KNN,770527.0930234134,0.07366221010790727,1.2634140579312476,309679.03826268535,33729.41180626953,0.6145865504057099,5
38,20,Temporal_Matrix+SVD+KNN,970051.5069139802,0.07656418119865353,1.4743552496719277,362891.36865716387,37891.20830708527,0.48318047495935945,5
38,30,Temporal_Matrix+SVD+KNN,972877.1007074601,0.07678719953701582,1.5106772979328924,377034.00942783145,35852.04209164188,0.4544163230240702,5
38,40,Temporal_Matrix+SVD+KNN,938547.6745322952,0.0740776481499118,1.5096877589133773,381245.1981757834,34112.717376097695,0.4482976977367098,5
175,10,Temporal_Matrix+SVD+KNN,2087079.7532272178,0.10469956566714109,0.6609786822195081,1235268.5084440783,55.57321105546878,0.5270334388780222,5
175,20,Temporal_Matrix+SVD+KNN,2148420.85123931,0.09681932323592464,0.6740937091011971,1278867.9063526662,56.18859732168639,0.5112240784204027,5
175,30,Temporal_Matrix+SVD+KNN,2139589.744888791,0.08741720716321182,0.6721000726936782,1263583.2232319547,56.59044186275584,0.5075933950193476,5
175,40,Temporal_Matrix+SVD+KNN,2264846.86644286,0.0925348367320191,0.7002252340010832,1340392.3870141637,56.651931736162055,0.4681492530944097,5
59,10,Temporal_Matrix+SVD+KNN,7874709.479522304,0.10539339638688214,0.41723958790365084,5423974.957062285,46.8865945791368,0.653938767550392,5
59,20,Temporal_Matrix+SVD+KNN,7961530.974308417,0.10209337792211787,0.4120156984045112,5649969.650454724,45.56862399073985,0.6462615148602455,5
59,30,Temporal_Matrix+SVD+KNN,8427963.170587853,0.09475446335805295,0.4373119076818692,5951266.130748836,48.49092831965848,0.599357026213649,5
59,40,Temporal_Matrix+SVD+KNN,8713956.020169895,0.09796984273713685,0.4500521710916792,6204395.672951846,49.337951709687566,0.5749308377447149,5
115,10,Temporal_Matrix+SVD+KNN,1648036.7553602543,0.11328973115956242,1.2862120854213241,830279.3255777415,501.255860907591,0.48868467077723665,5
115,20,Temporal_Matrix+SVD+KNN,1726192.3154021653,0.11865081278813744,1.2167792986704855,869005.5217965262,487.30633020273376,0.4842343582526666,5
115,30,Temporal_Matrix+SVD+KNN,1862284.1544935647,0.06788306196840453,1.3005863835432625,916305.7479766499,575.9829024955579,0.43424530960064445,5
115,40,Temporal_Matrix+SVD+KNN,1959521.4372330862,0.06645150208672683,1.3717926009268362,957370.7843807694,661.4492597867165,0.3910904597548567,5
181,10,Temporal_Matrix+SVD+KNN,2710669.2356755002,0.10485939354096264,2.591621599163659,1251705.7809274627,137981.66634343116,-0.09424985447166523,5
181,20,Temporal_Matrix+SVD+KNN,2913387.5509052332,0.11270133873843276,2.6315923863817523,1380870.1595235346,330356.479637865,-0.17591809048596296,5
181,30,Temporal_Matrix+SVD+KNN,3007047.672463215,0.10254318287615014,2.70730971714679,1415974.0159314228,33584.76095340297,-0.2503257629437128,5
30,10,Temporal_Matrix+SVD+KNN,698145.6363379142,0.08665332575729766,0.7617329422720746,402012.837196056,2107.835409382916,0.28142966839780104,5
30,20,Temporal_Matrix+SVD+KNN,643091.4764821463,0.07982002758699291,0.6991147824692455,396293.0923544159,20475.440536666694,0.3168809344846606,5
30,30,Temporal_Matrix+SVD+KNN,652387.7809035111,0.08097387542504178,0.6961432222305318,412140.14645188436,25242.735961882394,0.2845228904643283,5
30,40,Temporal_Matrix+SVD+KNN,675449.3401257974,0.08383625862447332,0.7254477082039789,433974.6960515061,36280.75461746057,0.23382427906795955,5
34,10,Temporal_Matrix+SVD+KNN,1734661.10359495,0.06610769435703256,0.6142639530822592,984312.5730980546,64.34645740191928,0.7890082576018752,5
34,20,Temporal_Matrix+SVD+KNN,1940169.0156801597,0.07391631757135969,0.6434183069200407,1065168.4087192926,70.15417075164156,0.7533088542835898,5
34,30,Temporal_Matrix+SVD+KNN,1995787.948475221,0.0760031432161999,0.6617825153201528,1114551.0935857922,75.43045606081631,0.7377809911852005,5
34,40,Temporal_Matrix+SVD+KNN,2137789.8713533017,0.08141082818078949,0.7160764892532846,1187274.7221893957,79.57957248962632,0.6995567892657497,5
164,10,Temporal_Matrix+SVD+KNN,1994569.421842591,0.11177656305207295,1.0204333228787963,1065983.7925544684,156.21122510348934,0.21971399589246865,5
164,20,Temporal_Matrix+SVD+KNN,1939146.361991615,0.10867062997392095,0.9526468712588594,1097987.5542381096,170.8485849885051,0.22585001096779223,5
164,30,Temporal_Matrix+SVD+KNN,2042259.1183137237,0.07907323026326582,0.9802775081458123,1086493.2606346458,162.10547396988127,0.23283538065686482,5
164,40,Temporal_Matrix+SVD+KNN,2137909.8210214144,0.08277668296044044,1.0207043152245157,1137233.0078773808,173.22746359908484,0.2002452087843425,5
131,10,Temporal_Matrix+SVD+KNN,949890.884698402,0.045353763884540314,1.1150452432780524,332007.50864121935,45.09535489057532,0.10674582155298074,5
131,20,Temporal_Matrix+SVD+KNN,1115363.9918347416,0.04118004604102506,1.2715255372497685,348577.9031174725,46.174281835419734,0.08474889360087179,5
131,30,Temporal_Matrix+SVD+KNN,1212944.904904986,0.044782803994818966,1.3559691704007293,367421.53314116696,44.86353993611704,0.050976135259250044,5
131,40,Temporal_Matrix+SVD+KNN,1098826.702461883,0.0405694773452867,1.2414672701563012,356538.5856499781,44.42296243994727,0.06626412674313975,5
194,10,Temporal_Matrix+SVD+KNN,355655.5469118783,0.06985244241751565,1.5031657062257076,153199.16095425183,166.58167446100452,0.28660316070699887,5
194,20,Temporal_Matrix+SVD+KNN,365753.2378458778,0.0718108420184292,1.4437557212656467,200171.28395525418,305.633388257642,0.16222420710473773,5
194,30,Temporal_Matrix+SVD+KNN,387058.04322626407,0.07599376059603309,1.5200683017251282,209680.35132137852,309.2809645653132,0.09575853984444704,5
194,40,Temporal_Matrix+SVD+KNN,413593.30494809453,0.046843593221685194,1.6226893514848915,216298.25543161054,337.0024089548271,0.05926755857715971,5
0,10,Temporal_Matrix+SVD+KNN,28488945.590332974,0.07293519827144944,0.18836410420654467,21429281.40875711,18.43679080311135,0.8785160008933489,5
0,20,Temporal_Matrix+SVD+KNN,30830857.615272734,0.07611099124930308,0.20132018883897737,23491077.444288604,20.51755680761404,0.855333253836775,5
0,30,Temporal_Matrix+SVD+KNN,33640058.814400226,0.0791683452896132,0.2193383448693421,25607667.60395108,21.944030355693343,0.8258952312363319,5
0,40,Temporal_Matrix+SVD+KNN,36789619.23304641,0.08592514844605684,0.2390159961822299,28006442.208243042,23.765161711134898,0.7962321911435689,5
109,10,Temporal_Matrix+SVD+KNN,3527216.6061151316,0.11294881476196045,0.31222161828136374,2589244.0255671497,27.688578718522916,0.6752772151533242,5
109,20,Temporal_Matrix+SVD+KNN,3868280.5617636456,0.1013517190006818,0.3359835134725502,2769914.9170345045,30.561797897017094,0.6282180924066414,5
109,30,Temporal_Matrix+SVD+KNN,3974617.1136925817,0.10413781275952985,0.3456914998928357,2864755.728801882,31.762068024526307,0.5997030380809094,5
109,40,Temporal_Matrix+SVD+KNN,4062506.494414956,0.10644057743129831,0.35432809135571675,2958457.6992663885,33.3496496179956,0.5730855278158714,5
13,10,Temporal_Matrix+SVD+KNN,2182069.790693526,0.05952514998559762,3.757364708080578,502705.3584270875,630.6822258208872,0.13635871595536464,5
13,20,Temporal_Matrix+SVD+KNN,2720828.7401801418,0.03855752708397546,3.864448703515199,581053.0858164472,644.2152508378838,0.16203681628506506,5
13,30,Temporal_Matrix+SVD+KNN,2884213.9877712955,0.04087289924102672,3.9524884266049147,668589.1520843481,846.1163878308415,0.12443654609347166,5
13,40,Temporal_Matrix+SVD+KNN,2618343.479319316,0.037105183478884037,3.877178321304226,661799.9109470176,1154.1936265308336,0.115489749081636,5
192,10,Temporal_Matrix+SVD+KNN,35121.42040939535,0.07799038793145638,0.7193336969786401,18880.76122025359,43.577559281156766,0.5206941978251319,5
192,20,Temporal_Matrix+SVD+KNN,46405.12342755473,0.05209720513261686,0.9203957707446965,20821.029340364224,42.90278540884212,0.3700746947736445,5
192,30,Temporal_Matrix+SVD+KNN,47244.98465736161,0.053040084270531196,0.929061435470246,21587.88180409409,41.66148521948417,0.33445507845612055,5
192,40,Temporal_Matrix+SVD+KNN,48287.461070073005,0.05421043149746458,0.9570654351410748,22170.09857152473,42.77213363801089,0.29875825804976486,5
146,10,Temporal_Matrix+SVD+KNN,713160.2601044786,0.05533236305626703,1.5291052479893443,277528.9720961459,183.53736973774247,0.14899989032499417,5
146,20,Temporal_Matrix+SVD+KNN,570137.2226906279,0.04422378886873194,1.2209138641190753,267660.09154271724,213.19669725381365,0.2131352121757174,5
146,30,Temporal_Matrix+SVD+KNN,803741.8014956624,0.037335968260464585,1.5980421154650037,300010.5817502391,210.204192344223,0.12151520642266023,5
146,40,Temporal_Matrix+SVD+KNN,800089.3412307398,0.037166301658242334,1.6100307104657947,297459.15372827085,209.3667061402611,0.12085491727443165,5
123,10,Temporal_Matrix+SVD+KNN,2748962.671695344,0.07374040264794854,1.1862565352403172,1154138.9193827028,59.06819317817549,0.29385324222335274,5
123,20,Temporal_Matrix+SVD+KNN,2583059.0182817266,0.0691662032934514,1.0841005505859311,1186007.241155092,65.29334408110094,0.3174666968492671,5
123,30,Temporal_Matrix+SVD+KNN,2481818.3636472733,0.0664552967092624,1.0450922268479605,1186404.6393290528,65.1325566173555,0.31802464723166024,5
123,40,Temporal_Matrix+SVD+KNN,2508965.3073380534,0.06718220655252312,1.0573801740112567,1204553.3371352511,65.03746688373059,0.2933750915160944,5
233,10,Temporal_Matrix+SVD+KNN,697787.030198081,0.06505292871948763,2.902109048223004,219008.85606830893,350.8822942005188,0.0764866951311235,5
233,20,Temporal_Matrix+SVD+KNN,693364.5191854462,0.06463848791963728,2.612534960094677,240438.0271356962,341.49545173626433,0.06767209046096234,5
233,30,Temporal_Matrix+SVD+KNN,679470.3163046794,0.06334286806327384,2.65153927945525,224096.0478803226,294.18614181303377,0.06721333220380732,5
233,40,Temporal_Matrix+SVD+KNN,667941.2155554687,0.06226808040865321,2.571203814109049,227652.1552148948,314.6175761664182,0.06184438065710862,5
155,10,Temporal_Matrix+SVD+KNN,513704.04456068913,0.08660375716936838,0.9946446991610446,313022.08651334443,161.6054868118377,0.20747512208139496,5
155,20,Temporal_Matrix+SVD+KNN,550512.9274460383,0.06465882176132211,1.038624741355811,317311.6184162139,153.22126390373893,0.1547481352100204,5
155,30,Temporal_Matrix+SVD+KNN,534425.521748038,0.06276932444750827,1.0089042214221449,322183.0121994733,157.23920533815667,0.1310033807626233,5
155,40,Temporal_Matrix+SVD+KNN,554251.1351253425,0.06509788157625557,1.036576753900383,324610.6639214503,163.21781567337018,0.1377843445917757,5
166,10,Temporal_Matrix+SVD+KNN,921177.661144562,0.06585497667750985,1.7194701621113364,379195.30383561575,375.5899454446515,0.17701474323476396,5
166,20,Temporal_Matrix+SVD+KNN,1048572.9081308937,0.05011605712367495,1.9783710449531873,385148.0560748068,408.54621780164393,0.10385472762069425,5
166,30,Temporal_Matrix+SVD+KNN,1095131.677520635,0.035025288206718116,2.060563835914441,380425.8415867392,385.21022220031307,0.1769657492063179,5
166,40,Temporal_Matrix+SVD+KNN,1185383.5039167085,0.0379117869680925,2.2035987780468522,388170.5444300626,442.8626472297007,0.07999306237384896,5
6,10,Temporal_Matrix+SVD+KNN,537174.6495679141,0.07611382504884805,1.5742240335736488,240129.55642427856,344.4612570660591,0.1569617018935726,5
6,20,Temporal_Matrix+SVD+KNN,499800.94937865174,0.0708182377013778,1.4368458652122253,244503.474119047,297.90390189365996,0.16547760408813716,5
6,30,Temporal_Matrix+SVD+KNN,517366.7415240822,0.0728715871268456,1.4479029766993816,254802.43197650902,343.077400048186,0.15100254630839072,5
6,40,Temporal_Matrix+SVD+KNN,503381.62973710353,0.07090177111381521,1.4232866299890494,251603.57022233028,438.42973278096906,0.13678438162430517,5
137,10,Temporal_Matrix+SVD+KNN,8211675.049068812,0.11019252507875336,1.4419441711394623,3483739.3156947764,81.03268505931047,0.07700984488553875,5
137,20,Temporal_Matrix+SVD+KNN,7829284.429238534,0.07725140541304795,1.4267398507260376,3247212.7109052185,79.86212745605799,0.0901524429574273,5
137,30,Temporal_Matrix+SVD+KNN,7284263.129556569,0.07187369027688031,1.343819325181201,3138132.165057254,84.79361557725413,0.13231738787244451,5
137,40,Temporal_Matrix+SVD+KNN,7404799.610076572,0.0730630215124321,1.3658218897996013,3340684.757104896,96.05347471687996,0.12263619389764147,5
41,10,Temporal_Matrix+SVD+KNN,1008186.0734698271,0.08976185921646904,0.9056414282860399,546733.1471059439,318.24744614245645,0.51312330600424,5
41,20,Temporal_Matrix+SVD+KNN,970572.6879917213,0.08641302560253045,0.8489361204257716,552177.1086908887,374.4240808459454,0.5168354856322315,5
41,30,Temporal_Matrix+SVD+KNN,1032330.3884213169,0.09191150069296239,0.8878169329140796,578686.2834206601,368.6326474481772,0.48916421054965264,5
41,40,Temporal_Matrix+SVD+KNN,1038043.8839529648,0.09242019050235505,0.8891450558613374,594033.1508574751,406.0851430859433,0.4811920031302186,5
251,10,Temporal_Matrix+SVD+KNN,236024.7944872955,0.07684363007795057,2.452509671083095,91994.35940434957,392.9444893008019,0.08296743520065619,5
251,20,Temporal_Matrix+SVD+KNN,286579.13937804924,0.051632440377523424,2.4901107837155396,105480.4019528965,387.8491419374017,0.07021722376271788,5
251,30,Temporal_Matrix+SVD+KNN,312175.38207734615,0.05460063603645208,2.7194928784624643,108509.70641042992,426.7905834673379,0.04032786886488127,5
251,40,Temporal_Matrix+SVD+KNN,290868.2311859187,0.05087393605436204,2.589809129978156,95835.28165990494,349.1336577725215,0.0939735499080071,5
228,10,Temporal_Matrix+SVD+KNN,250124.4737899866,0.09393344257184925,1.2982638593012583,109477.10790658611,992.2895075406661,0.4540508952219209,5
228,20,Temporal_Matrix+SVD+KNN,264901.1284080125,0.09948276774157183,1.2810355584917146,115246.51166185804,706.1911072602019,0.44825960173990254,5
228,30,Temporal_Matrix+SVD+KNN,318708.9132704571,0.03983155613983102,1.5034874923533605,125882.49794733258,529.1388930080811,0.34342099596315756,5
228,40,Temporal_Matrix+SVD+KNN,352136.2777323752,0.036798872166582,1.6541083521317534,129892.80327614733,435.3984584460494,0.29890412029800395,5
98,10,Temporal_Matrix+SVD+KNN,2153907.410164182,0.059525658047446986,1.0011237773333765,1115191.2137547634,111.05999812956613,0.34155858749618084,5
98,20,Temporal_Matrix+SVD+KNN,2093740.615902369,0.05782162166730472,0.950723003522615,1159339.5849458827,112.70348690177043,0.29507485933478217,5
98,30,Temporal_Matrix+SVD+KNN,2091955.4499405187,0.057772321773098406,0.9644750171396369,1146426.6030719143,106.54350431735884,0.2776362388740039,5
98,40,Temporal_Matrix+SVD+KNN,2188169.2461928898,0.06042940244671474,0.9928814675717488,1228778.2964668798,117.57932053836934,0.22866139060917923,5
162,10,Temporal_Matrix+SVD+KNN,61093.019269617296,0.06523741835881508,2.902105430467957,22779.80920089444,11102.567385843566,0.053178661199307364,5
162,20,Temporal_Matrix+SVD+KNN,64680.05980794529,0.06906779484153885,2.8667891054587935,24579.222652817847,8478.768892408465,0.015395402040667583,5
162,30,Temporal_Matrix+SVD+KNN,66206.23909511353,0.06347035061899818,2.822938547689561,25432.741142948453,5541.132791687085,0.026126244029259338,5
162,40,Temporal_Matrix+SVD+KNN,77447.99315481789,0.0521182044673538,3.183734186636043,30961.273488138104,4499.077538545894,-0.10723574411970982,5
143,10,Temporal_Matrix+SVD+KNN,724739.1334231878,0.06645175391804183,1.60458777605079,355115.23182622885,349.09176578710554,0.022506137689446315,5
143,20,Temporal_Matrix+SVD+KNN,663978.8615979721,0.0608806091500596,1.4801229142259886,340944.4480605787,334.1701494045776,0.028168788099986797,5
143,30,Temporal_Matrix+SVD+KNN,731710.9449789716,0.04826943782615472,1.6290815818576323,361714.8920258304,322.0491824159403,-0.00929474486728532,5
143,40,Temporal_Matrix+SVD+KNN,757784.7492394842,0.04998947205863474,1.6881586016113013,364293.46779899596,342.91651827441126,-0.013001238566220152,5
64,10,Temporal_Matrix+SVD+KNN,725016.0483978651,0.07741091395006222,0.9200195625965288,378447.86287134275,164.5000873371822,0.5763535412470999,5
64,20,Temporal_Matrix+SVD+KNN,806133.2444534629,0.05922414105257819,0.9561462761631279,398910.6117794753,183.77388999501503,0.5554288472026245,5
64,30,Temporal_Matrix+SVD+KNN,757157.9470202965,0.05562607591479778,0.9322788372257278,398273.82896592637,193.71138304517112,0.557655475532347,5
64,40,Temporal_Matrix+SVD+KNN,801266.7312322744,0.05886661322770688,0.9914790215905825,408506.52530659625,209.88887498701726,0.5232513854330323,5
104,10,Temporal_Matrix+SVD+KNN,1137201.0014479356,0.11098555555249177,0.5105626403093132,746359.5286479167,45.77913900355349,0.6517614236942701,5
104,20,Temporal_Matrix+SVD+KNN,1438165.6255322502,0.07655131423519318,0.601530889409944,859961.7620641901,48.02111907402705,0.5754041985889102,5
104,30,Temporal_Matrix+SVD+KNN,1492440.4130581205,0.07944027656413466,0.6197364751997986,890306.4235267771,49.118025230651874,0.5508409459706527,5
104,40,Temporal_Matrix+SVD+KNN,1544255.1057535193,0.06724234491580694,0.6424758675613249,912637.6485168505,50.67024131328124,0.5318487562707148,5
133,10,Temporal_Matrix+SVD+KNN,390870.0453421634,0.10056249631432605,1.225192262491173,221455.6028334137,307.09482883895424,0.22526141453793824,5
133,20,Temporal_Matrix+SVD+KNN,464731.0194015333,0.0409823839160068,1.4422974811737237,218491.84273672523,540.4815939092714,0.1740115390375242,5
133,30,Temporal_Matrix+SVD+KNN,494148.65158435353,0.04357658280888199,1.5446568784366184,253827.9029232303,701.1652485352499,-0.0377298797564789,5
133,40,Temporal_Matrix+SVD+KNN,479084.0936199418,0.0422481122049238,1.5074944699972939,255041.9352424551,1212.5076544816923,-0.05397979827106014,5
265,10,Temporal_Matrix+SVD+KNN,76067.51808699989,0.07121516978556029,1.6846944786278135,32295.561758607197,4060.2268718975265,0.5834889681892984,5
265,20,Temporal_Matrix+SVD+KNN,86733.11057169217,0.08120019142086478,1.794926037871609,36583.910518729135,5399.0588687778645,0.4577037147639459,5
265,30,Temporal_Matrix+SVD+KNN,94974.79608947178,0.08891611948182256,1.940067068116972,39262.34638957676,4459.778020180406,0.3398021016923226,5
265,40,Temporal_Matrix+SVD+KNN,100968.85039534129,0.049331928250020134,2.079959450254041,40312.3186399702,4546.411404719673,0.2899875912437172,5
114,10,Temporal_Matrix+SVD+KNN,1231220.5440180057,0.05560853604194698,1.4079682278825403,489673.848531572,726.1998696693936,0.4124166904420714,5
114,20,Temporal_Matrix+SVD+KNN,1533364.9933371446,0.04340377142208626,1.6877369992718252,547703.903652909,493.7298102746446,0.28358682543451574,5
114,30,Temporal_Matrix+SVD+KNN,1438171.261975129,0.04070919643517448,1.6193987899909699,549052.0239416393,440.0197455066712,0.2856292987958621,5
114,40,Temporal_Matrix+SVD+KNN,1510370.8746527147,0.04275240109626071,1.6581829299920932,602838.8194940344,939.9740632771804,0.22972793645631073,5
33,10,Temporal_Matrix+SVD+KNN,2357975.5805312586,0.09329477796796666,0.5325802835520485,1501252.6226109825,44.05603980080278,0.48288712847221504,5
33,20,Temporal_Matrix+SVD+KNN,2803023.8279571277,0.07914682253579156,0.6149513151951911,1652842.4142153806,50.06915292859042,0.4178078836034639,5
33,30,Temporal_Matrix+SVD+KNN,2887634.6582803265,0.06773472414084154,0.6335797856538536,1658931.0042498764,49.157934414204405,0.38762234623414116,5
33,40,Temporal_Matrix+SVD+KNN,2917600.4204565133,0.06843762560687493,0.6381371292926538,1715114.3837834867,51.06365450200102,0.37677239544623387,5
135,10,Temporal_Matrix+SVD+KNN,503518.435272389,0.04474355959123541,1.4787102319284158,167169.44516233218,69.0816021979466,0.20503020960040974,5
135,20,Temporal_Matrix+SVD+KNN,463346.47640520515,0.041171229015129346,1.3671121339281858,167512.65427624385,112.4335271460412,0.23186409351948423,5
135,30,Temporal_Matrix+SVD+KNN,469341.3435343149,0.04170391041027608,1.3361534875347167,186209.61264092106,116.59765762254153,0.2122953745317685,5
135,40,Temporal_Matrix+SVD+KNN,446288.67556365347,0.03965553684802668,1.2858852032085946,189715.82574611792,120.96243455810523,0.20380624681919435,5
97,10,Temporal_Matrix+SVD+KNN,3977310.9146195548,0.07344867147401876,1.0437927639955438,1840832.123819003,63.34236958519036,0.25582948986116283,5
97,20,Temporal_Matrix+SVD+KNN,4446208.116349052,0.07864809144215938,1.1199373328214353,2139814.498604502,82.52581786981398,0.12072284477966111,5
97,30,Temporal_Matrix+SVD+KNN,4696003.145923481,0.08154810339993013,1.159894781441485,2266117.57275121,88.88873369844589,0.10379664810020284,5
97,40,Temporal_Matrix+SVD+KNN,5136972.85996423,0.04667041782889203,1.2488546570267913,2386628.8057999224,93.60765282839814,0.05705977661504669,5
225,10,Temporal_Matrix+SVD+KNN,1811023.733960955,0.17264122818393088,0.7688281504953143,1328335.967564855,214.66649202831735,0.039575432546339884,5
225,20,Temporal_Matrix+SVD+KNN,1762025.5510607257,0.16795344737735596,0.7693009249226647,1301392.7914325004,209.37553084332393,0.04222958812697941,5
225,30,Temporal_Matrix+SVD+KNN,1787428.9221897747,0.16276567186472948,0.7762556276073123,1313993.4497232267,178.9454875612065,0.011788931665928981,5
225,40,Temporal_Matrix+SVD+KNN,1789578.5528841957,0.15809681562448857,0.7832461862207004,1322512.626185211,197.95963706381383,-0.011965009722959552,5
270,10,Temporal_Matrix+SVD+KNN,4.0498807719237675,0.08684519167813655,0.4283789916026309,2.8330222070943094,40.564867102920445,0.41611345098887553,5
270,20,Temporal_Matrix+SVD+KNN,29.920537444254446,0.02680496641459056,2.8800610065607675,3.6384834266660135,43.63453781722376,0.009825423462256788,5
270,30,Temporal_Matrix+SVD+KNN,24.62596718509832,0.02206171010641811,2.4170817805547298,3.4232424721048105,41.660918466704025,0.012307213284350471,5
270,40,Temporal_Matrix+SVD+KNN,21.654052102689395,0.019399255124805347,2.150445180043574,3.4293611165448086,42.665714916822765,0.013942894216824264,5
200,10,Temporal_Matrix+SVD+KNN,1053058.4175862274,0.08316751662215514,0.9858141215744978,590405.6520838472,162.85409802906915,0.16918851186776995,5
200,20,Temporal_Matrix+SVD+KNN,944170.3884076402,0.07454995220644223,0.9169589711518549,560529.1231277297,348.3605194843032,0.18494817057098845,5
200,30,Temporal_Matrix+SVD+KNN,990115.7606815307,0.07817771404813952,0.9323731833580658,582339.302809528,293.16702398190756,0.17195539806442106,5
200,40,Temporal_Matrix+SVD+KNN,1015775.1685794122,0.08020373356317516,0.950179236536646,599877.5555877746,250.76800343893376,0.14849506053253225,5
61,10,Temporal_Matrix+SVD+KNN,36258619.413882636,0.06139168517758884,0.7368677187788762,16414749.030559013,34.331784644868996,0.2666939632131218,5
61,20,Temporal_Matrix+SVD+KNN,44062127.61394739,0.050744181838018085,0.8595620692034959,18127546.727566134,36.57430115016684,0.1772236321846341,5
61,30,Temporal_Matrix+SVD+KNN,48825427.312208675,0.04619246668630136,0.9429118190639539,18701954.58144557,36.50145206798906,0.15153071409776664,5
61,40,Temporal_Matrix+SVD+KNN,45273220.14315233,0.04283181588707226,0.8809329912572893,18577350.03867137,37.06410599414312,0.1455822725472088,5
68,10,Temporal_Matrix+SVD+KNN,8465026.192797389,0.09438339419349458,0.33639317291459314,6221287.429426247,35.72282594813165,0.680438329286001,5
68,20,Temporal_Matrix+SVD+KNN,9178515.648693811,0.10233866273431406,0.35885592645298564,6666143.561879539,38.65382692630807,0.6420527647370644,5
68,30,Temporal_Matrix+SVD+KNN,9398317.139467254,0.09903762404168445,0.36988162161722704,6807208.274329051,41.094987581992505,0.6104235011613734,5
68,40,Temporal_Matrix+SVD+KNN,10026558.81607065,0.10022330087877838,0.3908289221255207,7265276.955227542,41.860853147502134,0.5773982202384371,5
14,10,Temporal_Matrix+SVD+KNN,1102081.816484931,0.10817986131932891,1.9382253169089994,469555.79846134264,392.87417780633035,0.07457126943568093,5
14,20,Temporal_Matrix+SVD+KNN,1229625.759173673,0.11621509249830655,2.0045130244371308,518106.17721559556,389.81979165369216,0.05076985197398742,5
14,30,Temporal_Matrix+SVD+KNN,1233912.1460962829,0.07930681137726199,2.103432150062156,581605.8475227444,788.2960634773245,-0.0026842893123297795,5
14,40,Temporal_Matrix+SVD+KNN,1205022.2404312992,0.07744998039741606,2.0971040003536436,584657.509727858,825.4051066649655,-0.03151529197295355,5
91,10,Temporal_Matrix+SVD+KNN,1210721.4283504174,0.040782075534849194,2.952253577682466,280994.2469703555,372.1219272219324,0.2817753764138613,5
91,20,Temporal_Matrix+SVD+KNN,1244660.6305500786,0.0419251375312272,2.725380609982197,364589.3060866931,668.3915362123741,0.18458996870952593,5
91,30,Temporal_Matrix+SVD+KNN,1075909.9278454797,0.03624094037279793,2.3525700152197158,336200.37546617276,654.2645497991388,0.28202012681669164,5
91,40,Temporal_Matrix+SVD+KNN,1272041.9612394606,0.042847450028918245,2.748875599290955,387606.0053388557,732.7875820723476,0.16050746293568985,5
258,10,Temporal_Matrix+SVD+KNN,823348.4187338357,0.06754790701725634,5.865645474354065,164101.01373483453,3807.9902346899407,0.022213734397112717,5
258,20,Temporal_Matrix+SVD+KNN,738912.5067876012,0.06062073337546714,6.12993258133634,137389.62825062816,2922.0483673948684,0.02193585722092739,5
258,30,Temporal_Matrix+SVD+KNN,766447.2943206676,0.0628797004361938,6.2685991197056605,143973.64994852353,2883.213902586034,-0.01560762022988782,5
258,40,Temporal_Matrix+SVD+KNN,794907.8538873893,0.05041593974682268,6.277457221859587,156512.68660514028,3518.48858093481,-0.0057995235358467845,5
278,10,Temporal_Matrix+SVD+KNN,3520194.593023277,0.09504535436621635,2.645900439608447,1253575.775114849,53913.6606227138,-0.08678975317207183,5
278,20,Temporal_Matrix+SVD+KNN,3363787.086934559,0.0908223445836356,2.5193202281974965,1272732.4181517265,133629.395384499,-0.07755440252587253,5
278,30,Temporal_Matrix+SVD+KNN,3385952.661529793,0.09142081571208541,2.455506000753401,1298470.0140534616,126548.35702894621,-0.08643195277993754,5
278,40,Temporal_Matrix+SVD+KNN,3283655.770678843,0.08326267241380987,2.395252775580827,1184524.078562802,55292.87089431669,-0.009615619344870208,5
188,10,Temporal_Matrix+SVD+KNN,228352.5388111841,0.062122137508798504,1.5796007207807496,107128.5962817721,138.2135830600273,-0.11417927431552521,5
188,20,Temporal_Matrix+SVD+KNN,320375.0162395012,0.03356405256939827,2.138093713790605,109834.50008245608,152.2658644023214,-0.023744205722912692,5
188,30,Temporal_Matrix+SVD+KNN,331669.1561945083,0.03474728187243673,2.185577393155833,121176.71994474933,174.38068135275938,-0.07858073271481292,5
188,40,Temporal_Matrix+SVD+KNN,346881.3748015263,0.03634098824510043,2.291274013002111,124096.89139960888,193.95468059675608,-0.1267580990706323,5
272,10,Temporal_Matrix+SVD+KNN,4.495690103928603,0.1371659466247116,0.48183925395610894,3.129637774874,39.01328838270429,0.21940511492024595,5
272,20,Temporal_Matrix+SVD+KNN,4.201723975453303,0.09878661384294597,0.46091366227001374,2.9799032912377865,38.816174337628006,0.245142017811946,5
272,30,Temporal_Matrix+SVD+KNN,4.3010316350002835,0.10112143342477152,0.4671707651800953,3.017868862573038,37.86472020891582,0.20443184952588878,5
272,40,Temporal_Matrix+SVD+KNN,19.679615240717485,0.01985816218337064,2.0567072728794598,3.349444781691615,36.858012074233166,0.00603236066723245,5
197,10,Temporal_Matrix+SVD+KNN,205576.12580987817,0.0869523520455235,2.4565116833237224,79196.18991382075,1393.1471037680808,0.07132670194538215,5
197,20,Temporal_Matrix+SVD+KNN,265212.44752541947,0.04686103117970835,2.9113143654627773,85973.97151467497,1353.9442834508297,0.027858367267060813,5
197,30,Temporal_Matrix+SVD+KNN,244716.73953073754,0.04323959477900196,2.725354546983126,86965.59423386949,1581.1273347573608,0.025622440788925394,5
197,40,Temporal_Matrix+SVD+KNN,235023.6701501743,0.04152677270164012,2.69686677897365,86273.79820062856,1520.153581513048,-0.019669058519174554,5
259,10,Temporal_Matrix+SVD+KNN,309846.0893570835,0.06216263655589848,6.985661069463873,54638.74966641101,6561.287161647833,-0.047994593182546286,5
259,20,Temporal_Matrix+SVD+KNN,266282.3620303015,0.050429695659126784,7.4958667486174075,47233.92241851983,7347.978960043631,-0.08928177369497603,5
259,30,Temporal_Matrix+SVD+KNN,402196.52926470066,0.03093426017040161,9.508970676857325,61492.22421403536,6789.9602811266905,-0.09954593249239685,5
259,40,Temporal_Matrix+SVD+KNN,494039.24698875967,0.02713220313919652,11.161645055339363,60191.93203457674,8012.356307084832,-0.03833118015011561,5
209,10,Temporal_Matrix+SVD+KNN,1567697.3325766637,0.16053648784712515,0.578695342851842,1145569.6176725535,482065.2045734063,0.20120933120648843,5
209,20,Temporal_Matrix+SVD+KNN,1567332.1917719329,0.1054532304609388,0.5979725842557986,1131162.5881023977,541816.7636539926,0.18868287488478286,5
209,30,Temporal_Matrix+SVD+KNN,1569735.8545725935,0.10561495367992141,0.5975506023212269,1152883.0952397897,415768.4396256738,0.16425739141963047,5
209,40,Temporal_Matrix+SVD+KNN,1575746.6813384073,0.10601937407243536,0.6002557920304433,1166508.4949911842,294749.62917131773,0.14847215166132066,5
132,10,Temporal_Matrix+SVD+KNN,1177583.038326314,0.0716424846553601,1.2122706884584953,492059.20885883557,384.90195133823624,0.6686258827242624,5
132,20,Temporal_Matrix+SVD+KNN,1363071.4083694594,0.05939879563164674,1.3851847977333491,532516.5912660267,336.7785375036671,0.5750775597887989,5
132,30,Temporal_Matrix+SVD+KNN,1376844.0390642318,0.05999896791236939,1.4225757533964825,564393.2156099428,325.7504329618582,0.5350092993701847,5
132,40,Temporal_Matrix+SVD+KNN,1521723.6984049662,0.06631241357891536,1.5477004194960489,623898.3681098784,338.4176688670476,0.4537021721275266,5
201,10,Temporal_Matrix+SVD+KNN,964641.9517589544,0.07012868449625823,1.8444537567259223,378271.9793922089,298.9890619946708,0.06304909899697153,5
201,20,Temporal_Matrix+SVD+KNN,1439807.1791134118,0.03706042132082282,2.418940141414607,531592.9849356246,784.9636530899691,-0.03686685152518243,5
201,30,Temporal_Matrix+SVD+KNN,1381970.883017287,0.035571723714607165,2.312224815930367,480637.50772812415,475.0273560733821,-0.011717264501869495,5
201,40,Temporal_Matrix+SVD+KNN,1287720.4616806835,0.03314573197413644,2.2074455806019544,473369.4386112747,492.0154613406453,-0.012597167898446227,5
21,10,Temporal_Matrix+SVD+KNN,5610836.183927277,0.09063249342576984,7.404797701085312,1053620.504020428,498774.6619843354,-0.13281728462788722,5
21,20,Temporal_Matrix+SVD+KNN,6347622.714165759,0.0540730790278049,7.847667967521511,1131693.1414589859,752602.25547517,-0.03758901618868293,5
21,30,Temporal_Matrix+SVD+KNN,5830013.857165998,0.049663758253400477,7.383631165613219,898691.1772909462,303114.3537025352,-0.007865896616497725,5
21,40,Temporal_Matrix+SVD+KNN,6344177.392342089,0.052356730415479245,7.702751540866832,928627.7425974575,290896.9962918394,-0.0099717776566135,5
144,10,Temporal_Matrix+SVD+KNN,1193770.3768601874,0.05277027558501638,1.4011150173321645,558596.2396796427,282.99769196762486,0.28151453674431615,5
144,20,Temporal_Matrix+SVD+KNN,1050801.270346195,0.04643692938555813,1.2127169421334008,549076.8678376261,295.2525665950068,0.34373081648526604,5
144,30,Temporal_Matrix+SVD+KNN,1063696.6190356854,0.04700679964875141,1.2471769961252885,565213.6629568492,288.7494579766771,0.27185575930627115,5
144,40,Temporal_Matrix+SVD+KNN,1004126.2457756273,0.044374270268921774,1.1825746482131168,558050.6511130186,300.9584136253313,0.3157883859735984,5
12,10,Temporal_Matrix+SVD+KNN,1007020.787016526,0.07315390838795058,0.8263795881141969,535175.1812061069,77.21684490426458,0.6690777083404609,5
12,20,Temporal_Matrix+SVD+KNN,1134918.4314122382,0.08231521454216643,0.8504567846099395,596782.3977496937,86.23618765029455,0.6351327883849271,5
12,30,Temporal_Matrix+SVD+KNN,1230495.872547907,0.07799099646191808,0.934833969628641,647294.9551436678,93.03064921721645,0.5719887776144768,5
12,40,Temporal_Matrix+SVD+KNN,1231573.9097183896,0.07805932435722003,0.9547217963237443,659480.9120241187,100.25503455712983,0.5424480688473474,5
23,10,Temporal_Matrix+SVD+KNN,7590352.530753458,0.08498642128416568,0.30808348070727115,5565596.069950088,46.66776271694842,0.7912415943247745,5
23,20,Temporal_Matrix+SVD+KNN,8308075.856591199,0.08711322305199917,0.3258978539817803,6026616.487657597,42.503114564461015,0.7650577333414382,5
23,30,Temporal_Matrix+SVD+KNN,8804210.768813802,0.09231537960646095,0.34630480958721216,6445830.506163331,43.70746569632517,0.7303581631078082,5
23,40,Temporal_Matrix+SVD+KNN,9828540.101909095,0.10305584842414071,0.3814779470894943,7082136.403133776,43.110874137468365,0.6773584975674554,5
117,10,Temporal_Matrix+SVD+KNN,346309.8589637593,0.1110330624615493,0.9211541834915907,215147.74658724444,12447.39009541677,0.47979229488288844,5
117,20,Temporal_Matrix+SVD+KNN,398050.16291122953,0.10734343078083916,0.974723739587148,239753.83899997323,7045.385471976516,0.4524063319389927,5
117,30,Temporal_Matrix+SVD+KNN,410666.1982870462,0.11074563644805456,1.0104674365053303,250951.10720014607,12330.81969574871,0.425793928841391,5
117,40,Temporal_Matrix+SVD+KNN,407937.46509989543,0.10672785619702387,0.9997044278528915,251426.454206553,8191.017800547423,0.42538230023134127,5
118,10,Temporal_Matrix+SVD+KNN,24532.941066673156,0.10814217385058014,0.48433294918737213,16372.685739924462,43.10689770967956,0.28344340428147496,5
118,20,Temporal_Matrix+SVD+KNN,25487.959233036112,0.11229141920566059,0.5002236210884161,17572.21750024697,64.40397272137275,0.2430983007325639,5
118,30,Temporal_Matrix+SVD+KNN,25892.085513914393,0.11404193401519781,0.5062224443162006,17969.913521002105,61.5245128482013,0.20555215911088254,5
118,40,Temporal_Matrix+SVD+KNN,26211.417442269874,0.11544843449515688,0.5139512699175509,18330.482685766754,69.37840071840674,0.16096892107268845,5
32,10,Temporal_Matrix+SVD+KNN,1791501.59990267,0.10695233579947634,0.4088919106800659,1264273.8427959466,33.375015154558206,0.39793333863756164,5
32,20,Temporal_Matrix+SVD+KNN,1891387.4226096105,0.10852234828768718,0.4200628349523289,1322276.203051901,33.85671959555412,0.3781672267941263,5
32,30,Temporal_Matrix+SVD+KNN,1959086.40700698,0.11228333310202297,0.43358471733644954,1371251.7447211246,33.86727969315617,0.32753245624039895,5
32,40,Temporal_Matrix+SVD+KNN,2034294.075557324,0.08820890541704925,0.44947477181433587,1417446.2618240593,35.91586897875579,0.2861281984280595,5
37,10,Temporal_Matrix+SVD+KNN,9.215489736083198,0.10526374203567468,0.4776449513112145,6.298662078785619,42.58280962962157,0.1603488062273627,5
37,20,Temporal_Matrix+SVD+KNN,10.480167166032128,0.06586237308448374,0.5240557341087122,6.445080565870459,40.477108839454495,0.14666431460365537,5
37,30,Temporal_Matrix+SVD+KNN,10.584906986180942,0.066520608110906,0.5238426474346753,6.677685976240699,39.763950725220425,0.097899556968154,5
37,40,Temporal_Matrix+SVD+KNN,10.588351734499724,0.06654225655366072,0.5243000515071512,6.79439670372954,39.422791605208346,0.041373716240540315,5
249,10,Temporal_Matrix+SVD+KNN,364051.4943829602,0.05975227396761863,2.2975816818692096,104022.53628485392,1881.1277020159769,0.4392230051763464,5
249,20,Temporal_Matrix+SVD+KNN,337149.28359018423,0.05533622832110194,2.0205223416545133,105889.61168962816,1739.6681468210065,0.45607763910728816,5
249,30,Temporal_Matrix+SVD+KNN,374913.11646305857,0.039965702283504316,2.2851841939114954,112586.1078415605,1845.5189514189478,0.4062246132399767,5
249,40,Temporal_Matrix+SVD+KNN,352913.56397663744,0.0376205520968763,2.254748673479332,111756.82340947507,1982.1558999293832,0.3982759118423771,5
43,10,Temporal_Matrix+SVD+KNN,572365.3490688967,0.06049741565315837,2.047540242700801,182829.7896836818,337.47432748218404,0.43854842462876475,5
43,20,Temporal_Matrix+SVD+KNN,499243.94316098816,0.05276418391746404,1.6671819301585018,177689.80204705658,354.7519896756074,0.5156038800381646,5
43,30,Temporal_Matrix+SVD+KNN,550459.2979873266,0.058177041576477635,1.818875471216525,188754.52513428283,394.3642292109293,0.4550792167913009,5
43,40,Temporal_Matrix+SVD+KNN,567532.9928091408,0.0545205219682484,1.9029806769563735,197239.4548430748,1738.126291213927,0.4270175485003569,5
172,10,Temporal_Matrix+SVD+KNN,1567262.1401911885,0.13417620249205411,1.1694341357871918,1035194.3270420374,339.7259939644965,-0.06550448893353655,5
172,20,Temporal_Matrix+SVD+KNN,1545267.2223947376,0.1322172572376239,1.134956540205904,1036764.6663536101,370.5254939520134,-0.09995154103406789,5
172,30,Temporal_Matrix+SVD+KNN,1599794.1796691893,0.13688273168234066,1.1546178805430753,1056329.9366345953,353.8543682818332,-0.12149916616899192,5
172,40,Temporal_Matrix+SVD+KNN,1586052.6347935766,0.13570696780970407,1.1399544046357086,1054065.887261213,358.66193269761794,-0.10522862032757807,5
77,10,Temporal_Matrix+SVD+KNN,456385.5890541601,0.09001914846134824,0.9833665933972713,269998.3263057672,116.79176273136792,0.13342726021373486,5
77,20,Temporal_Matrix+SVD+KNN,718833.0658434206,0.04869368553032129,1.4280088217347038,309587.1599364735,146.15646773730663,0.061539685363901864,5
77,30,Temporal_Matrix+SVD+KNN,635946.3521788956,0.04307894719731684,1.2819551315149134,297671.4824318308,134.30598893739756,0.0597341648692874,5
77,40,Temporal_Matrix+SVD+KNN,599385.3786261881,0.040602310223516694,1.225142948121878,300935.0537510574,146.04737591178673,0.06403963650659872,5
36,10,Temporal_Matrix+SVD+KNN,872451.9560257504,0.09652162078206475,0.5849370214994084,585129.2331824944,81.5992006688546,0.5857994055445874,5
36,20,Temporal_Matrix+SVD+KNN,1000375.9208506983,0.0848706033014674,0.635225249197186,636970.3041773146,83.8697187760323,0.5395103147940252,5
36,30,Temporal_Matrix+SVD+KNN,1122888.3534640127,0.07056580469116391,0.6992340388090055,676278.8124727652,86.0996879198668,0.4557911450386345,5
36,40,Temporal_Matrix+SVD+KNN,1215911.3343399728,0.054766538310742734,0.7542992637668343,695735.8584662142,83.39198722912535,0.4072483539160755,5
153,10,Temporal_Matrix+SVD+KNN,337565.2528137084,0.07401580850110161,1.042208302737732,182026.40534976043,265.17385776045165,0.24568876455166455,5
153,20,Temporal_Matrix+SVD+KNN,339668.2803773275,0.07447692611946997,1.01252179155982,188399.35322083576,207.83470124020428,0.21998460765244832,5
153,30,Temporal_Matrix+SVD+KNN,359748.91469950165,0.04814478493761643,1.066037683371706,189489.79701283245,154.32575343639553,0.18073726708037163,5
153,40,Temporal_Matrix+SVD+KNN,352787.0050734302,0.04721308055156621,1.0478547343955404,195811.23260791137,172.51944166127876,0.16214046619177946,5
16,10,Temporal_Matrix+SVD+KNN,454935.19913356716,0.09614038358705412,1.062286896641618,234988.574590746,219.05417657708114,0.48675617795787307,5
16,20,Temporal_Matrix+SVD+KNN,448909.65475582104,0.09486550486649994,1.0034293124441762,235741.13658498897,209.01054350678643,0.48706775112514433,5
16,30,Temporal_Matrix+SVD+KNN,491475.25129141647,0.047133238252673314,1.1081891493589373,245641.75720987815,217.802540139418,0.4274556018534138,5
16,40,Temporal_Matrix+SVD+KNN,512305.542808808,0.04346826161520067,1.1681020039989114,249812.2839821465,243.0718887131147,0.40811417064262356,5
52,10,Temporal_Matrix+SVD+KNN,5537920.998623744,0.10598547774920641,0.4585717143305183,3791875.539894523,54.65254095677384,0.65681661169818,5
52,20,Temporal_Matrix+SVD+KNN,5926144.646345324,0.10333654791996036,0.4741992575510469,4057580.844532096,57.99337110339344,0.6197930874107267,5
52,30,Temporal_Matrix+SVD+KNN,6230328.331084545,0.10864072015846783,0.4977103471028843,4280229.468382434,60.827217170736226,0.5829169207239807,5
52,40,Temporal_Matrix+SVD+KNN,6427844.705018859,0.1120848919527941,0.5127399799780137,4428809.526982742,63.717504142281214,0.5607437178955965,5
3,10,Temporal_Matrix+SVD+KNN,15592772.024509646,0.07793557092007213,0.29865085451285206,11017802.231170375,27.032045272205725,0.7939047206958356,5
3,20,Temporal_Matrix+SVD+KNN,16629854.029295148,0.08311909941691954,0.31400904885973335,11774187.100136138,29.994222400483327,0.7694476589080329,5
3,30,Temporal_Matrix+SVD+KNN,18073175.350217417,0.09033308747435907,0.34325058662937125,12689349.410393609,33.05939150258152,0.7217411415592625,5
3,40,Temporal_Matrix+SVD+KNN,20335285.560487345,0.1016395344899631,0.3833424169497329,14358210.969157085,36.922669017688,0.6576514817636503,5
108,10,Temporal_Matrix+SVD+KNN,2839815.221242544,0.11254001815847821,0.29429814611059363,2123446.4221371366,30.81224069049302,0.5898530594701256,5
108,20,Temporal_Matrix+SVD+KNN,3063112.5383359455,0.10444980075951964,0.3154262272232714,2238484.103208442,54.36690272828749,0.5522829581530054,5
108,30,Temporal_Matrix+SVD+KNN,3135934.673918296,0.10693298002807873,0.32505985188737474,2319782.0097187147,48.938443245324784,0.5160598745574124,5
108,40,Temporal_Matrix+SVD+KNN,3288564.124684491,0.11213752786073024,0.341169489577338,2427516.493772344,54.870099204220026,0.4682518997743511,5
245,10,Temporal_Matrix+SVD+KNN,133864.65555657723,0.09523288717793307,1.7696985751734557,64179.21428177497,675.2309177504446,0.2836282599711297,5
245,20,Temporal_Matrix+SVD+KNN,163191.0359640646,0.08187847717150895,2.02275725720771,68802.16487998213,716.6290105359222,0.24661026784505924,5
245,30,Temporal_Matrix+SVD+KNN,189947.05779450346,0.0605534462849628,2.2803242333905134,73424.93729449704,883.5849241253962,0.15161348447422351,5
245,40,Temporal_Matrix+SVD+KNN,206176.83626676825,0.04067727245386243,2.4634191352713923,76064.43719648069,976.6977572289786,0.11902600018704002,5
195,10,Temporal_Matrix+SVD+KNN,104687.59504105661,0.09873514041554489,1.4309974458872425,54512.528211876794,275.4279722574867,0.3013254338878556,5
195,20,Temporal_Matrix+SVD+KNN,151643.13311814927,0.058385432075558484,1.7851940298506053,64501.956881069455,248.8937791053341,0.1881065273375,5
195,30,Temporal_Matrix+SVD+KNN,153999.35453683074,0.05094600372429774,1.869134497029357,64425.39436707798,256.44068805161385,0.15681929002188744,5
195,40,Temporal_Matrix+SVD+KNN,144394.3789561314,0.047768489616022265,1.7838172203521632,60587.36239003948,221.17783048880875,0.16150770859706587,5
198,10,Temporal_Matrix+SVD+KNN,699344.5055606061,0.05583340816341277,1.1011712218632852,350983.6308027722,237.21653610095888,0.5675043064081222,5
198,20,Temporal_Matrix+SVD+KNN,860636.847498209,0.06201311529868085,1.250620351608122,398296.3250293535,241.01535684742413,0.45070535134600676,5
198,30,Temporal_Matrix+SVD+KNN,883322.5697568952,0.06364773309845462,1.2707604338243224,420369.1791600327,236.43153623191805,0.41725899806105304,5
198,40,Temporal_Matrix+SVD+KNN,921846.353138622,0.06642356105369146,1.3136574321377903,443617.2240312253,244.51918915481636,0.36580469197894383,5
19,10,Temporal_Matrix+SVD+KNN,2028702.0696785692,0.11541911701000729,3.544955551035451,668461.5790467812,6385.516901868346,-0.032094246350031996,5
19,20,Temporal_Matrix+SVD+KNN,1680619.8664403684,0.09561564702537002,3.669340440282101,584288.5846838139,7443.954346708162,-0.06894792167429076,5
19,30,Temporal_Matrix+SVD+KNN,1713271.052338775,0.06444091241627402,3.931708022454185,586141.0715247563,8337.502070527607,-0.09247401896856777,5
19,40,Temporal_Matrix+SVD+KNN,1652201.3254743684,0.06214390931522773,3.9581301997983975,589063.2017499984,6460.901073456123,-0.15427286363164106,5
247,10,Temporal_Matrix+SVD+KNN,103587.63138809508,0.11105334528491988,1.8646770961282346,47146.574733532085,7655.8040048066505,0.20924284051500242,5
247,20,Temporal_Matrix+SVD+KNN,340330.43466615636,0.030097880201266615,4.450055145255799,67974.30568976751,10309.744863432752,0.043610708530035236,5
247,30,Temporal_Matrix+SVD+KNN,285024.8882397595,0.02520681098954556,4.015576842928159,64177.313743466286,9106.370245845146,0.05457568370984833,5
247,40,Temporal_Matrix+SVD+KNN,260669.6504308489,0.02305290127363955,3.7630908424539484,63766.81307058774,8237.215560764547,0.05594828742331426,5
252,10,Temporal_Matrix+SVD+KNN,127545.99605112821,0.05894655242617094,2.620732439540304,42441.29891151339,1261.619049994413,0.17166951157422594,5
252,20,Temporal_Matrix+SVD+KNN,126692.67173392265,0.05855218076294349,2.538393413347842,49437.772883125705,6980.819237948364,0.13110703621276776,5
252,30,Temporal_Matrix+SVD+KNN,125991.70137441573,0.058228220879253355,2.5791134910546094,48243.196157888844,4581.439177134447,0.09691355860404516,5
252,40,Temporal_Matrix+SVD+KNN,132394.12036048775,0.06118715756171512,2.6588780317778378,44601.99229804744,1390.1931108045696,0.04471944201401179,5
141,10,Temporal_Matrix+SVD+KNN,996526.8122087074,0.08387466953868021,1.3752513994036255,474734.7560321799,231.79826757489815,0.07282713051510581,5
141,20,Temporal_Matrix+SVD+KNN,1085253.7288911084,0.07271413830001718,1.4428476299457345,520013.5318469379,295.230393917481,0.0413635965229604,5
141,30,Temporal_Matrix+SVD+KNN,1075750.64743728,0.07206770057471946,1.4347739354379034,546552.1088607308,302.9344191553114,-0.004487214883526658,5
141,40,Temporal_Matrix+SVD+KNN,1036292.1087515887,0.06942425698684825,1.3907338089375387,540270.3416936216,355.3620779953516,0.003080757933964673,5
269,10,Temporal_Matrix+SVD+KNN,153139.6837384171,0.07594753979534571,2.1753683715382066,73372.77332909519,5329.439695712049,0.024140514323274576,5
269,20,Temporal_Matrix+SVD+KNN,174121.75565751593,0.07744855436549093,2.2438001394878047,77268.1145120127,3642.9365733567706,-0.014797519720720853,5
269,30,Temporal_Matrix+SVD+KNN,229111.8036669901,0.034127496630604444,2.71691791939764,82342.08473404945,3186.2820703203793,-0.019894003102809865,5
269,40,Temporal_Matrix+SVD+KNN,227791.94507791742,0.03393089624236376,2.6186024634750478,91053.7029210294,5643.325181905562,-0.05020013409380519,5
51,10,Temporal_Matrix+SVD+KNN,16813.436036465646,0.07422518024521883,3.5019801675058826,4812.421932562713,155.8727370277505,-0.01641585512092103,5
51,20,Temporal_Matrix+SVD+KNN,21973.495410757983,0.0508230604134274,4.0072154108491596,5389.648532886073,119.77718457918378,-0.03154466875438833,5
51,30,Temporal_Matrix+SVD+KNN,24531.965281668552,0.056740610916182675,4.204871427270307,5542.492296767687,91.75030291407094,-0.012490617388100755,5
51,40,Temporal_Matrix+SVD+KNN,26304.921269122664,0.06084132623599532,4.316154281671887,5815.487830575266,75.68335153356557,-0.037151947526481655,5
54,10,Temporal_Matrix+SVD+KNN,579244.9851117785,0.11173131078538674,1.3278359262656563,262711.66695164976,230.59891257068918,0.428300593211691,5
54,20,Temporal_Matrix+SVD+KNN,587318.3416352752,0.08794362906796974,1.2858640580325151,278814.7551400183,236.36700032599336,0.4448454029842268,5
54,30,Temporal_Matrix+SVD+KNN,568109.9006825746,0.08505991956144543,1.2696989259988325,280499.9546315041,255.13693541482814,0.44706900964148943,5
54,40,Temporal_Matrix+SVD+KNN,575338.2772755075,0.08614218398038263,1.2775315503654845,287745.7829990266,290.5782988158421,0.4344764443571685,5
9,10,Temporal_Matrix+SVD+KNN,9211562.773325434,0.05129685876703167,0.7562941275813995,4597227.481944612,52.13926999806184,0.4573036795223925,5
9,20,Temporal_Matrix+SVD+KNN,9874480.744996034,0.05401775189006612,0.7915819459865295,4780555.03189377,58.857115240011694,0.46097633534391724,5
9,30,Temporal_Matrix+SVD+KNN,9683970.72061134,0.05297557828159584,0.7828867872956421,4961547.788732985,60.804380526438905,0.41981625831666614,5
9,40,Temporal_Matrix+SVD+KNN,11105083.570728036,0.060749690493449596,0.8803495136652884,5445634.102514573,65.9233580401549,0.3173945896798631,5
268,10,Temporal_Matrix+SVD+KNN,240077.37319881638,0.06710906829243199,3.513934427322927,79455.02744455759,5504.958259127902,-0.052693844323387085,5
268,20,Temporal_Matrix+SVD+KNN,237094.1464867692,0.06526092079201894,3.492391287491955,82052.99034671608,5169.440239088818,-0.09592285516963739,5
268,30,Temporal_Matrix+SVD+KNN,225931.51181297295,0.05143983246121353,3.2227336170621053,62858.928129484644,3649.6336457370744,0.06461108944977212,5
268,40,Temporal_Matrix+SVD+KNN,242910.42627019298,0.05530557260540233,3.4725246157924876,63155.39202410042,2778.533149776819,0.03718941325463132,5
103,10,Temporal_Matrix+SVD+KNN,200470.80082213908,0.07385434550032938,1.3536942516713126,93094.18340083968,109.24838520117454,0.08392790290680419,5
103,20,Temporal_Matrix+SVD+KNN,193000.4369146454,0.07110222980679892,1.279721348727692,92729.91523477441,114.54135090578515,0.09151990961550627,5
103,30,Temporal_Matrix+SVD+KNN,222332.86527343866,0.07819402463924882,1.4506392859128923,95028.10488333688,109.21222293180206,0.05559067978367438,5
103,40,Temporal_Matrix+SVD+KNN,230934.9402218109,0.041593749589287056,1.5291416103206126,94395.57494324281,108.8288514439327,0.04671813757573928,5
67,10,Temporal_Matrix+SVD+KNN,4929165.644199775,0.11382512329570951,0.530213994201102,3341125.6738420487,54.05223668996722,0.5425771537026267,5
67,20,Temporal_Matrix+SVD+KNN,5827343.118884912,0.07468666080347972,0.5978838289395664,3707522.773826582,56.10995181159223,0.4680456856878217,5
67,30,Temporal_Matrix+SVD+KNN,6113264.174655182,0.0619680510088051,0.6274295121793377,3785359.685591879,59.781689754377524,0.43685575576895475,5
67,40,Temporal_Matrix+SVD+KNN,6453060.037098111,0.06541244450054096,0.6517161734901088,4029013.528186006,62.2952437324652,0.3871857073440048,5
46,10,Temporal_Matrix+SVD+KNN,503451.40157101635,0.08252786691209096,1.272709357091128,248012.60456413255,916.2436725001273,0.45725420900393765,5
46,20,Temporal_Matrix+SVD+KNN,453429.36342089134,0.07432770544196413,1.1138793348294396,242961.77348369424,990.3807246196083,0.5396603065381612,5
46,30,Temporal_Matrix+SVD+KNN,475650.2085759962,0.07520225958760089,1.143007944780808,256462.64009343786,1114.3691811151466,0.5112852283673568,5
46,40,Temporal_Matrix+SVD+KNN,472808.9317051257,0.07475090102323083,1.1578551001355974,260051.4442742571,8002.650153312894,0.4906092345858465,5
213,10,Temporal_Matrix+SVD+KNN,602038.5344859031,0.08282671140125551,2.1690734840037504,224357.3892449715,165.13069294081288,0.01967375878398503,5
213,20,Temporal_Matrix+SVD+KNN,569965.6346216856,0.07838948479617151,2.069432759340357,223076.66916446484,163.43185731635216,0.0034493142019177414,5
213,30,Temporal_Matrix+SVD+KNN,549872.9737529327,0.07562606672670988,2.00545056889549,213770.13476407024,152.0004814456628,0.044468591660293155,5
213,40,Temporal_Matrix+SVD+KNN,555835.5423566068,0.07644612087122699,2.0235858816645846,226377.9845785437,165.85349846347555,-0.016233730413766745,5
152,10,Temporal_Matrix+SVD+KNN,546032.6763217035,0.08525144188321462,0.5490639058310947,305599.86298951536,309.8507663220149,0.8565699357900343,5
152,20,Temporal_Matrix+SVD+KNN,623161.8967118221,0.08843905998477312,0.5825046862861091,364910.06658769865,338.248043081415,0.8317287499601143,5
152,30,Temporal_Matrix+SVD+KNN,699692.5150842203,0.0779352352289158,0.6674229697089695,402523.7116904588,364.9449373271804,0.7838438988393124,5
152,40,Temporal_Matrix+SVD+KNN,887569.798207943,0.09886194223056849,0.8337622821417852,482180.9371835359,377.9062639452628,0.665059932306059,5
193,10,Temporal_Matrix+SVD+KNN,1027067.2526396237,0.09318887396780252,0.5044943008298273,730363.4839694059,50.42030005671611,0.345054311423755,5
193,20,Temporal_Matrix+SVD+KNN,969044.4830725477,0.08739200974428755,0.478088415765238,702513.9025573571,56.8180813695849,0.36838118474766435,5
193,30,Temporal_Matrix+SVD+KNN,1032188.9325640437,0.0930866093644841,0.5050558057474817,743495.602509694,60.37772119045197,0.3076533645053049,5
193,40,Temporal_Matrix+SVD+KNN,1083149.9687397713,0.0976824637838057,0.527286031889682,791142.2757175796,63.409366142804345,0.24505375461490908,5
134,10,Temporal_Matrix+SVD+KNN,1660528.7151708982,0.056697913411676605,2.4069366037501614,710836.9402378821,547.8679715430351,-0.1283239791296653,5
134,20,Temporal_Matrix+SVD+KNN,1529505.4198876738,0.052223236799656056,2.127224723075835,720037.2023381062,546.6938010000143,-0.17218941055877934,5
134,30,Temporal_Matrix+SVD+KNN,1601846.8518710267,0.05469325337087572,2.1794858382244455,754133.8524864253,503.8255415688744,-0.20090814361990628,5
134,40,Temporal_Matrix+SVD+KNN,1878103.6294781056,0.037858699192746315,2.493421893112282,775881.2738888393,450.8074688880406,-0.17917906947243623,5
185,10,Temporal_Matrix+SVD+KNN,378248.53259035206,0.09514856818537999,1.085960130548979,222794.41860966184,392.68609839549555,0.31489423834603236,5
185,20,Temporal_Matrix+SVD+KNN,439060.3794591612,0.07653509907124009,1.1917723965079254,240758.1413302445,430.37240491894977,0.23437265927828865,5
185,30,Temporal_Matrix+SVD+KNN,480712.6867274448,0.08379285428584754,1.2683938981963494,251790.7621526609,359.65902121009793,0.1834124978292755,5
185,40,Temporal_Matrix+SVD+KNN,497687.5235099998,0.08143698991902237,1.2898838317804135,260629.4198555485,518.7449212591922,0.15934769867247967,5
191,10,Temporal_Matrix+SVD+KNN,261036.6936745459,0.07868842975899037,1.6738759713717588,110129.08093888922,962.7320055285705,0.3375581289666567,5
191,20,Temporal_Matrix+SVD+KNN,278680.0588016637,0.06302281487871576,1.7405656432169345,118382.52708736659,979.3897366170784,0.3085937353654492,5
191,30,Temporal_Matrix+SVD+KNN,301171.25740448997,0.06810914452871471,1.8177066278629512,121083.5227165254,1040.8661718560606,0.29538607341848977,5
191,40,Temporal_Matrix+SVD+KNN,332800.6838426166,0.07402629925544484,1.9129547590979858,127410.14348949162,861.6927412002161,0.24819774440556508,5
178,10,Temporal_Matrix+SVD+KNN,923203.0990607248,0.08407435140280319,0.5372608240175588,604579.3152850427,47.470185341934496,0.309336365847127,5
178,20,Temporal_Matrix+SVD+KNN,951257.9263716061,0.06440338409455441,0.5432756852201044,614543.8236309605,50.32825879178651,0.30881349102477573,5
178,30,Temporal_Matrix+SVD+KNN,966414.9372615691,0.06542956507766068,0.5511344449299146,630783.9763892953,50.8458440645414,0.30806548965559444,5
178,40,Temporal_Matrix+SVD+KNN,959548.0742199513,0.06496465518757347,0.550208402210867,641422.5453291457,53.759416921589995,0.2960560697496766,5
10,10,Temporal_Matrix+SVD+KNN,2332890.626516352,0.07863414516997175,0.527557732181027,1411319.1880104216,75.46283806031929,0.8212133888913368,5
10,20,Temporal_Matrix+SVD+KNN,2570913.7308985656,0.08665712881569354,0.5400603575040214,1560760.8869235541,77.45712886377153,0.7982630927415948,5
10,30,Temporal_Matrix+SVD+KNN,2819586.076348683,0.08259961726838119,0.5946803124366213,1674788.930000273,84.60368011516817,0.7605905992046073,5
10,40,Temporal_Matrix+SVD+KNN,2954554.395372886,0.08655350666664098,0.6272491390481586,1774116.8393523286,90.44587110851765,0.7332273783723124,5
226,10,Temporal_Matrix+SVD+KNN,372764.99888467346,0.052271662074270954,7.228592532908305,54138.19487108854,376.22048062690976,-0.005772442416635437,5
226,20,Temporal_Matrix+SVD+KNN,297759.4572467113,0.04175272371807997,6.979944054579398,43406.34939797667,403.8694167555055,0.026793001047808795,5
226,30,Temporal_Matrix+SVD+KNN,288260.36690772674,0.04042073279438586,7.191006470718094,40821.90453610917,295.7183132176531,-0.006488920926768449,5
226,40,Temporal_Matrix+SVD+KNN,306853.74702515826,0.043027952293664865,6.898850656314422,44061.63706767135,292.74356223677864,0.029374492769313254,5
99,10,Temporal_Matrix+SVD+KNN,425899.5462902935,0.08919680831370042,1.2886855317604098,172448.05323610693,680.4667905485915,0.6677434518766272,5
99,20,Temporal_Matrix+SVD+KNN,470048.62507767125,0.09843693537130604,1.2728075899720863,201130.49051997525,756.8535677921437,0.6452154918079496,5
99,30,Temporal_Matrix+SVD+KNN,476857.9583623184,0.08981352393607724,1.3332554618728523,205029.8574413053,955.5002020152493,0.6211218091481552,5
99,40,Temporal_Matrix+SVD+KNN,483619.2725228274,0.09108697956483454,1.394600541440169,209137.30317340212,1077.1729993558986,0.5841808156329558,5
110,10,Temporal_Matrix+SVD+KNN,1374762.305352113,0.07651398926915082,1.9689124904935411,678576.0146044348,2079.7106979098535,-0.011325543866626875,5
110,20,Temporal_Matrix+SVD+KNN,1424917.9605381056,0.05588028595497437,1.7390491814659006,487819.2737864628,536.6365427021551,0.2605587353660608,5
110,30,Temporal_Matrix+SVD+KNN,1630000.414263699,0.0637683152350363,2.003367010166417,685974.6422662293,1703.8826873371438,0.0978902124063935,5
110,40,Temporal_Matrix+SVD+KNN,2999605.6628685906,0.02276128961857744,3.4876549275776854,727396.873602543,1548.965807078134,0.012694276896466072,5
220,10,Temporal_Matrix+SVD+KNN,247626.26386176175,0.05856301388851987,1.5851975999564392,98398.03902329433,187.32034773346933,0.40221438844298696,5
220,20,Temporal_Matrix+SVD+KNN,307308.88029678416,0.04295961950282024,1.7923355451146563,108125.97913367898,200.88986064274218,0.32610762503565927,5
220,30,Temporal_Matrix+SVD+KNN,275948.3672081717,0.0385756403988031,1.669089872161911,105113.41632960594,207.62141977034872,0.3555619139762415,5
220,40,Temporal_Matrix+SVD+KNN,267067.72747033637,0.03733418944004595,1.6573953390850429,105052.93499762415,221.92826033545637,0.3550480578962164,5
95,10,Temporal_Matrix+SVD+KNN,1525819.380023464,0.08330436587849376,0.9025151991654213,744310.7223799648,62.56008169521132,0.40239079858116633,5
95,20,Temporal_Matrix+SVD+KNN,1559165.8966421576,0.06623990343032826,0.8861226562767612,784477.3712978319,65.39655803080382,0.3933605884611965,5
95,30,Temporal_Matrix+SVD+KNN,1591809.6446378327,0.06762674669023684,0.8969206143312569,791629.7514513009,62.338248900685564,0.37334631286938635,5
95,40,Temporal_Matrix+SVD+KNN,1747255.263491969,0.06236268317647865,0.9607944286137443,824908.7924487327,59.76607556285356,0.3259683367691484,5
2,10,Temporal_Matrix+SVD+KNN,73473190.29201943,0.08905195879420738,0.3805185847473516,49816631.10579725,30.210548141969618,0.42171595947832785,5
2,20,Temporal_Matrix+SVD+KNN,75863745.10491082,0.07712283326521636,0.39514712745448155,51623269.34525216,32.305327065526804,0.37260606522792195,5
2,30,Temporal_Matrix+SVD+KNN,79129092.69173948,0.0796317782147243,0.4085393249543561,52289814.99451754,32.3251446917067,0.35939097404007203,5
2,40,Temporal_Matrix+SVD+KNN,81538846.43523721,0.0820568404658721,0.41917804838874684,55131111.9954393,34.07617117439125,0.30535922907491764,5
281,10,Temporal_Matrix+SVD+KNN,6.575928135825479,0.1116835620894273,0.5693306316677621,4.672901318683911,57.09068141538912,0.0009928823679534737,5
281,20,Temporal_Matrix+SVD+KNN,6.513434893991887,0.11025600745923674,0.5717949081307343,4.605051546816915,60.11011079708912,-0.01777114755959386,5
281,30,Temporal_Matrix+SVD+KNN,6.541727053592928,0.11073492228847494,0.5761150339822323,4.669811796712161,59.698859412175786,-0.05142898891154668,5
281,40,Temporal_Matrix+SVD+KNN,7.009224045582946,0.11864846601385517,0.617298837661906,5.1718677601302945,66.6247044328127,-0.21877533530796045,5
271,10,Temporal_Matrix+SVD+KNN,9.340445519333585,0.07578659749553944,0.5809625217973775,4.553559287277423,28.772342739928526,0.1869764359944368,5
271,20,Temporal_Matrix+SVD+KNN,9.006060162960155,0.07219865450505174,0.5650569855631823,4.540536279243781,30.343170267423698,0.21315665778212933,5
271,30,Temporal_Matrix+SVD+KNN,49.503450509859746,0.022399345943901354,2.89779721639173,5.782264551989851,31.295459373860485,0.00702263815201154,5
271,40,Temporal_Matrix+SVD+KNN,43.7349387602865,0.01978920687421336,2.603311275349367,5.571922775145903,31.312140581288432,0.007608622548342603,5
74,10,Temporal_Matrix+SVD+KNN,4128393.63847222,0.07543217587903943,0.5264416251068238,2642442.0778938006,523367.4267195304,0.639401258505635,5
74,20,Temporal_Matrix+SVD+KNN,4359571.995211105,0.07922761360084521,0.5378255461833975,2712528.5957979136,482575.53852677945,0.6169245589272366,5
74,30,Temporal_Matrix+SVD+KNN,4761869.064103888,0.07528095010128669,0.5842326045243814,2896271.343200556,487472.36895293265,0.5562296038598564,5
74,40,Temporal_Matrix+SVD+KNN,4868518.563752825,0.07696698462960266,0.5965760487867647,3038409.778735112,499364.9331852325,0.5227077239423685,5
35,10,Temporal_Matrix+SVD+KNN,288559.1813710868,0.09836406630942918,1.0915920667492378,160465.83697532714,279.25827521424196,0.36718320811516836,5
35,20,Temporal_Matrix+SVD+KNN,280522.44130384974,0.09561332438400011,1.0153197159238387,162161.15697765435,278.4381047385694,0.386246079218018,5
35,30,Temporal_Matrix+SVD+KNN,309828.6167859848,0.09980706905270714,1.1107735487938628,179600.72898110695,334.6501435582862,0.263645925897275,5
35,40,Temporal_Matrix+SVD+KNN,302476.3794410892,0.0926689606463303,1.1074030770805103,172923.50480137355,338.9216947552891,0.27778520422870734,5
87,10,Temporal_Matrix+SVD+KNN,2399235.6289619966,0.08736477993455853,1.2397193138384575,1060984.0952080437,98.29245542285943,0.3201986469607516,5
87,20,Temporal_Matrix+SVD+KNN,2736979.9358060206,0.053984056901305026,1.322638227059893,1175664.360442939,3792.6372041183618,0.3456338505575288,5
87,30,Temporal_Matrix+SVD+KNN,3538205.809079232,0.055086309327466464,1.6412016966154117,1296163.7370525456,6030.747119924499,0.17931137200203173,5
87,40,Temporal_Matrix+SVD+KNN,3697839.180246903,0.05757163377167462,1.701062238467695,1340640.7588118534,22461.175124975416,0.13141726423716715,5
224,10,Temporal_Matrix+SVD+KNN,400266.1777595584,0.10494753255656608,0.7625424830093089,224734.42753305158,98.21828519715152,0.6806204284204108,5
224,20,Temporal_Matrix+SVD+KNN,436640.0143608145,0.08788148275500166,0.769337454064674,240726.983835522,106.56173663810003,0.6822639899975054,5
224,30,Temporal_Matrix+SVD+KNN,455141.1340060336,0.09160515849147685,0.8011280886512446,246846.18373815206,110.90851888688684,0.6514559772355438,5
224,40,Temporal_Matrix+SVD+KNN,474923.718217027,0.0955867515109182,0.8414505690244729,256073.5930725586,114.12129331134115,0.6161488442835144,5
246,10,Temporal_Matrix+SVD+KNN,278836.2110383158,0.06014937337014778,1.6997833643887768,95783.48313138727,606.802259987142,0.5405187234746914,5
246,20,Temporal_Matrix+SVD+KNN,332302.80113143096,0.06947394458951883,1.88757199541201,109539.62710075283,468.4767848570546,0.4525236847756001,5
246,30,Temporal_Matrix+SVD+KNN,340839.8738015468,0.07125877490578734,1.9037093082404317,118002.05159899335,483.6681152925421,0.4074992399910019,5
246,40,Temporal_Matrix+SVD+KNN,369548.4337758048,0.07726080469265699,2.0270274618935162,131428.84025405883,684.0118124780014,0.30357329540640565,5
244,10,Temporal_Matrix+SVD+KNN,589188.5346027414,0.04426550099857361,1.4894084674107373,178447.14434259685,310.9121417704081,0.6144149675631847,5
244,20,Temporal_Matrix+SVD+KNN,560346.9534010516,0.04209587022134811,1.2539870075297517,207714.42988555832,396.6571939286821,0.6475053340720133,5
244,30,Temporal_Matrix+SVD+KNN,561472.573766194,0.04218043206026228,1.272264090536472,212543.37993400963,462.16828359125293,0.6407197671419291,5
244,40,Temporal_Matrix+SVD+KNN,614439.9764307415,0.04615958978565965,1.399899516039214,236680.23773656884,528.8006232414771,0.5910165292502981,5
267,10,Temporal_Matrix+SVD+KNN,1.8862098084157084,0.13272782076420153,0.7078761097326661,1.30652571180474,65.34987216193187,-0.06926659498342724,5
267,20,Temporal_Matrix+SVD+KNN,2.0273674426884605,0.08991872158582764,0.763901974578516,1.3340530231489385,69.84021423652781,-0.08464875863958188,5
267,30,Temporal_Matrix+SVD+KNN,1.9961434059674685,0.08853385892818459,0.7524464862930116,1.3050772586218409,65.18019880383456,-0.07590945455231402,5
267,40,Temporal_Matrix+SVD+KNN,2.074247390699925,0.06669129221312992,0.7849070344170783,1.2906658329015015,64.70933036451072,-0.0891471731079081,5
129,10,Temporal_Matrix+SVD+KNN,782710.0512669982,0.06854178555291486,0.8901829008969416,376053.9935865308,126.52897705046111,0.6343680536598583,5
129,20,Temporal_Matrix+SVD+KNN,720214.1443587147,0.0630690296552379,0.7980028338790526,374213.253874361,146.0438142992367,0.6622592488047405,5
129,30,Temporal_Matrix+SVD+KNN,760572.3680986936,0.06660319241755891,0.8504710149492594,402339.420896496,156.31943625661683,0.6076568820690657,5
129,40,Temporal_Matrix+SVD+KNN,808162.0767412363,0.0707706150781249,0.9115404579939247,425070.53602252476,159.9887670547841,0.5527755781294361,5
241,10,Temporal_Matrix+SVD+KNN,309151.95878405735,0.046727701818537526,3.0642828143448897,104086.3430699364,585.0333663755074,-0.03420251795423468,5
241,20,Temporal_Matrix+SVD+KNN,235137.9509002202,0.03553777358586389,2.4772110215898793,90440.98860019857,428.8306573533403,-0.04520579659187951,5
241,30,Temporal_Matrix+SVD+KNN,353615.2597226244,0.028422321006384303,3.4726122236801915,108117.3405818292,821.9775965321412,-0.02312992548619408,5
113,10,Temporal_Matrix+SVD+KNN,3370464.093844856,0.10432878019365172,0.38534711067113253,2368340.7356262854,32.44305999182472,0.5759688980808954,5
113,20,Temporal_Matrix+SVD+KNN,3544744.860108293,0.09995601776248797,0.3974299267925795,2511860.9042007704,34.919461376759706,0.5555358676386816,5
113,30,Temporal_Matrix+SVD+KNN,3685611.3277887725,0.10392822216683507,0.4098674898073149,2631300.8871750045,35.66980802244837,0.5241128533202808,5
113,40,Temporal_Matrix+SVD+KNN,3781756.6654833434,0.10663936371908922,0.42431421880861253,2683303.7478080997,36.75038940182011,0.4981150744213114,5
150,10,Temporal_Matrix+SVD+KNN,274473.09340788686,0.09568622534953469,1.7653102194266683,125398.85715163473,334.08403687716464,0.1876387236353929,5
150,20,Temporal_Matrix+SVD+KNN,294652.6384852337,0.08465332001892954,1.7031957170212149,129546.41115933891,288.75282878128814,0.2726002706257721,5
150,30,Temporal_Matrix+SVD+KNN,322508.1448932991,0.09168061737856179,1.8139038554701128,147738.73387981727,388.9001049881567,0.2030373366730044,5
150,40,Temporal_Matrix+SVD+KNN,342590.4339707976,0.060035279270798825,1.9055826205224675,140947.0759392252,289.87925070324707,0.21073184054714467,5
107,10,Temporal_Matrix+SVD+KNN,590691.2049554993,0.06209081001349973,1.0894725625052823,245447.011295883,1094.2733420200523,0.7268438516111346,5
107,20,Temporal_Matrix+SVD+KNN,641890.6146731814,0.06747064592163564,1.053498703000572,267871.8990179576,5888.444314912715,0.7135817239623239,5
107,30,Temporal_Matrix+SVD+KNN,683544.788794637,0.07184901502232395,1.1280552964437918,290028.8317042443,7880.400331217354,0.6825514829122321,5
107,40,Temporal_Matrix+SVD+KNN,702357.9623326627,0.07382651234263092,1.1762695614850616,303283.84206575487,6568.880210493446,0.6552271948795141,5
24,10,Temporal_Matrix+SVD+KNN,1210343.6328557853,0.06360607942328213,1.079084277993533,581620.1383043359,74.68771356154875,0.02917883078094541,5
24,20,Temporal_Matrix+SVD+KNN,1087144.842045309,0.05702627291402257,0.9978089033596106,604675.1184072084,97.09923865401932,-0.009792723629762135,5
24,30,Temporal_Matrix+SVD+KNN,1005367.5802741359,0.05272909039274118,0.9287190510173572,597551.4775365704,100.97101918404985,-0.0053524514850926685,5
24,40,Temporal_Matrix+SVD+KNN,1003698.7152531099,0.052641562471338575,0.9354969937808437,604614.4326019511,101.47357457412292,-0.03275780356449176,5
101,10,Temporal_Matrix+SVD+KNN,3835727.5510047018,0.08935340946041788,0.7956357097751847,2011432.938138367,65.56034249438063,0.5704049435658328,5
101,20,Temporal_Matrix+SVD+KNN,3862685.8096403345,0.08996525258495512,0.7744477783282724,2042865.271306121,66.83561434369749,0.5686577010686903,5
101,30,Temporal_Matrix+SVD+KNN,3777210.25463938,0.08797445388310159,0.7682321399294124,2055565.741984239,72.06472971706975,0.5575449246217763,5
101,40,Temporal_Matrix+SVD+KNN,3790637.338263563,0.0882871821321127,0.773232210100447,2103300.3237662516,79.77378428899692,0.5506865140602974,5
25,10,Temporal_Matrix+SVD+KNN,1178235.5476416175,0.04886893146399349,1.1393487042917112,488007.1116936425,94.16759768033022,0.060646567354430636,5
25,20,Temporal_Matrix+SVD+KNN,960914.387285285,0.039855238987657256,0.9438889908222287,467423.2161852297,88.44256303311796,0.08594539541916157,5
25,30,Temporal_Matrix+SVD+KNN,879013.3726644008,0.036456289652448085,0.8726792068531111,461278.82665018394,93.59800462549053,0.11207323377550782,5
25,40,Temporal_Matrix+SVD+KNN,855351.8440551071,0.03547176876322056,0.8516987329113426,473513.2818761925,119.81010783113479,0.0971511182265612,5
189,10,Temporal_Matrix+SVD+KNN,1319565.2501049112,0.04552895060148342,3.194216930418177,314053.5144194873,1760.0416857978676,0.17689314436554215,5
189,20,Temporal_Matrix+SVD+KNN,1077772.281747425,0.03718624911258915,2.6283682094836696,297852.2236893504,2632.009935489281,0.2205111557333872,5
189,30,Temporal_Matrix+SVD+KNN,1034973.4768592891,0.03570956702747287,2.5854234630284294,327447.1525429398,3382.2184126246393,0.17618312210821296,5
189,40,Temporal_Matrix+SVD+KNN,1078860.7056455233,0.037223802873156416,2.64227869941681,313803.95844726934,2937.5038860863974,0.18474582992510002,5
80,10,Temporal_Matrix+SVD+KNN,3491390.185470872,0.10947431319958331,0.2717751241934181,2538947.8829560447,26.16060839282437,0.7397984809320606,5
80,20,Temporal_Matrix+SVD+KNN,3619605.0226476006,0.11349455456370507,0.27638833578493416,2637761.0699345493,26.458205957815288,0.7178016110703156,5
80,30,Temporal_Matrix+SVD+KNN,3930526.0423178473,0.08393899449941142,0.29884356023895714,2818900.601329822,27.223266425971858,0.6781495607699297,5
80,40,Temporal_Matrix+SVD+KNN,4167425.636705154,0.08899814269893908,0.3174010290958539,2983726.532603285,29.334353723395658,0.6449193095499082,5
39,10,Temporal_Matrix+SVD+KNN,4677526.647946214,0.06370152792874006,1.498153230983113,1877169.9500482283,808.5214334686952,0.2821060501431438,5
39,20,Temporal_Matrix+SVD+KNN,4555690.633773856,0.062042287726883694,1.4094477255130553,1920999.4184323533,835.4464925209736,0.3197315464609892,5
39,30,Temporal_Matrix+SVD+KNN,4318044.309971772,0.058805869193707026,1.3853637585761847,1905999.3794675104,1053.908513219893,0.32016998078661263,5
39,40,Temporal_Matrix+SVD+KNN,4469204.949140192,0.06086447075869036,1.4234273033344524,2007390.901216486,1068.925122185756,0.28357005788834744,5
254,10,Temporal_Matrix+SVD+KNN,833182.0218778506,0.2278806661510921,1.3986619567721628,572704.27418258,2182.822551814433,-0.12610841927955008,5
254,20,Temporal_Matrix+SVD+KNN,850121.4953907449,0.15598660677385642,1.4232377456526928,577573.4015450997,2229.191533732787,-0.173641251545948,5
254,30,Temporal_Matrix+SVD+KNN,852428.8046081645,0.15640996900802495,1.433139444268234,580614.6410352658,1892.2597293633185,-0.2197801828519792,5
254,40,Temporal_Matrix+SVD+KNN,838679.7320701308,0.1538871870490654,1.4137865976267698,575504.0451561549,1899.534160135975,-0.21547534291904236,5
167,10,Temporal_Matrix+SVD+KNN,1272217.5442705094,0.08685081195204032,0.9106825093701854,722343.4274827028,125.35663772221268,0.3923966553102639,5
167,20,Temporal_Matrix+SVD+KNN,1813449.818813892,0.06417943920137555,1.19561023716363,844025.3773240233,133.23647219176848,0.2309153396793413,5
167,30,Temporal_Matrix+SVD+KNN,2125923.5236731786,0.04277969343653562,1.3706678795020713,890160.2786613198,135.69002650214034,0.17675001881973107,5
167,40,Temporal_Matrix+SVD+KNN,2247708.7341482867,0.04523036201008211,1.45466291032566,1100434.6833994202,231.8920019028426,0.028071349451112115,5
173,10,Temporal_Matrix+SVD+KNN,3728864.587967339,0.11066775262962178,1.9061474043196591,1413755.2716330895,579.3277077649773,0.22580844663551514,5
173,20,Temporal_Matrix+SVD+KNN,3978411.1538238525,0.08037393708492917,1.920044937178823,1513638.8802072855,573.9777495348638,0.21114247208643744,5
173,30,Temporal_Matrix+SVD+KNN,3649997.546656904,0.07373618295394213,1.9178126246809042,1405191.3582551035,1075.2023604015396,0.21471591003048118,5
173,40,Temporal_Matrix+SVD+KNN,3661432.4593014293,0.07396718771491556,1.9537602630427977,1421574.7712670008,6135.26278318443,0.181763247033903,5
237,10,Temporal_Matrix+SVD+KNN,552379.613130147,0.048250850305547086,4.189147110050407,149710.6662789985,568.5886300557648,-0.035789789907046066,5
237,20,Temporal_Matrix+SVD+KNN,501158.4917008637,0.0437721947577204,3.8418435304091316,140796.21114266777,558.1812277219071,-0.019198678520032653,5
237,30,Temporal_Matrix+SVD+KNN,529067.0443920338,0.036537271986914095,4.192462642851102,139216.19737130922,586.5354065558105,-0.015852212458363546,5
237,40,Temporal_Matrix+SVD+KNN,490827.8636089445,0.033896481252284186,3.876709794219737,138956.8898954188,571.3394344219431,-0.02358775925340617,5
116,10,Temporal_Matrix+SVD+KNN,841809.1303118216,0.07724645597004409,0.6638051493068388,555419.1121194845,65.22496279987678,0.2659826586190567,5
116,20,Temporal_Matrix+SVD+KNN,845841.1447751465,0.07745220545180401,0.6786058676832085,565609.3163432472,76.72595042949325,0.19962242584167922,5
116,30,Temporal_Matrix+SVD+KNN,976839.5574405898,0.05617881391086677,0.7632331569213251,588470.8048738721,70.3375741015108,0.12510420397955946,5
116,40,Temporal_Matrix+SVD+KNN,1025777.2251211931,0.05899325780282358,0.8002051273335097,595609.0663104523,69.67571155158784,0.08290860953852008,5
75,10,Temporal_Matrix+SVD+KNN,5925438.043348353,0.10980145127086684,0.6691367318699016,3528804.918376993,48.967011533554,0.1897876463867899,5
75,20,Temporal_Matrix+SVD+KNN,6061356.583994748,0.10417033194954663,0.6789027783411673,3668742.504823057,49.931145144417975,0.1610595550948024,5
75,30,Temporal_Matrix+SVD+KNN,5990115.844752368,0.08319912292569594,0.679709215761844,3643320.653018946,51.2535439951359,0.12848780989356245,5
75,40,Temporal_Matrix+SVD+KNN,6047802.633396306,0.08400035788407831,0.6776984803845741,3768213.7257061605,52.43112903991555,0.09821373627934393,5
176,10,Temporal_Matrix+SVD+KNN,571709.7517000871,0.07071902832333099,1.157411705512351,282891.4487159314,112.49601805991657,0.08333267255569055,5
176,20,Temporal_Matrix+SVD+KNN,638269.2392132964,0.06485267195761756,1.2394919162840903,308711.62662803486,129.15807508816565,0.05156501913316491,5
176,30,Temporal_Matrix+SVD+KNN,757223.1846195917,0.045156559810804055,1.3889491815799464,312641.7073065138,103.03171980097392,0.08284085826327003,5
176,40,Temporal_Matrix+SVD+KNN,854949.1163408904,0.04745593878787059,1.5540697817009002,323949.8224409383,109.69005343009022,0.05427598245588283,5
93,10,Temporal_Matrix+SVD+KNN,2530536.122234932,0.08941450031762112,1.2459640964447896,1099863.3367812599,352.8356070361278,0.6812074724193007,5
93,20,Temporal_Matrix+SVD+KNN,2676462.7631034916,0.061301644506776276,1.2226134371112292,1214155.38233792,427.3436380406339,0.6456690536271841,5
93,30,Temporal_Matrix+SVD+KNN,2606052.84113869,0.059688977196198326,1.2388635060952653,1184027.2770972473,460.2940710729164,0.6438382796693698,5
93,40,Temporal_Matrix+SVD+KNN,2590896.662014257,0.059341840401479884,1.2603465279873507,1195981.3252517069,514.4866842326518,0.633570864701115,5
216,10,Temporal_Matrix+SVD+KNN,261984.06780296846,0.06533823447962077,1.3080863866649406,106821.80576593826,373.3208231027784,0.6255976006770182,5
216,20,Temporal_Matrix+SVD+KNN,290811.41401614365,0.07251974401090938,1.320887574772756,126289.20244591398,495.5638501835172,0.5758704224868267,5
216,30,Temporal_Matrix+SVD+KNN,294586.50647636293,0.0671843196788593,1.3494950394841656,129511.60622171641,522.2011926175715,0.5639855555562121,5
216,40,Temporal_Matrix+SVD+KNN,295821.0846646859,0.06746588144034306,1.3617239613417247,133111.97127956894,508.05628445092685,0.5543177536293334,5
158,10,Temporal_Matrix+SVD+KNN,122670.09759645224,0.06949490048773946,1.4825507844324752,48588.14997114781,229.9121946430124,0.5195656089982741,5
158,20,Temporal_Matrix+SVD+KNN,114926.12099310252,0.06509875101063893,1.3353082054863206,51083.82920694241,20476.879485185687,0.5551881514193431,5
158,30,Temporal_Matrix+SVD+KNN,121040.15925137157,0.0685619867903314,1.3832100656835642,53699.324282286434,13671.416863910741,0.5373944083913216,5
158,40,Temporal_Matrix+SVD+KNN,119303.41891454997,0.06757822760852043,1.3908222066722111,54052.40398476997,20498.544820598356,0.5237845008045247,5
232,10,Temporal_Matrix+SVD+KNN,372407.6456925403,0.12579900418451015,1.0474076054187142,257343.33065812333,180.65515029009532,-0.11435201413821638,10
232,20,Temporal_Matrix+SVD+KNN,378731.0523812497,0.1278906280892618,1.0395366651418974,260377.4588827114,194.92923520532946,-0.1187826234526208,10
232,30,Temporal_Matrix+SVD+KNN,402305.1882482639,0.10085999055222512,1.0883819846535463,267730.28975616023,191.36249356644097,-0.09348351218745687,10
232,40,Temporal_Matrix+SVD+KNN,420024.50621511653,0.08244666650145249,1.1139447896660757,274977.13456043747,190.95745826147342,-0.10554463223790145,10
177,10,Temporal_Matrix+SVD+KNN,320491.58886100294,0.06777404910901345,2.4778030719455635,100818.28797981313,248.76235342848437,0.18791428854560077,10
177,20,Temporal_Matrix+SVD+KNN,357464.21123307396,0.0730941015064048,2.3772871325119773,108296.04763419708,187.00103539984022,0.19104509924716728,10
177,30,Temporal_Matrix+SVD+KNN,398846.23674924765,0.06994516552702795,2.6553987618565102,122565.00227435608,248.15379076979602,0.04817587260097789,10
177,40,Temporal_Matrix+SVD+KNN,458539.06764781254,0.04234936577447181,2.9646540769203966,128894.9802222612,244.65632464380974,0.023608895667883267,10
84,10,Temporal_Matrix+SVD+KNN,442326.5448722484,0.15943936468035697,0.8151162589759999,333036.31288992305,124.5018050276055,-0.28497860331234515,10
84,20,Temporal_Matrix+SVD+KNN,516559.29383400094,0.08096447745371865,0.9021591090139249,351947.9778683697,129.4614095602311,-0.14599345355555893,10
84,30,Temporal_Matrix+SVD+KNN,518115.10380009125,0.0812083320168354,0.898923477105262,358514.2345909093,133.21885340825736,-0.22283623059115953,10
84,40,Temporal_Matrix+SVD+KNN,549359.9390867867,0.06620138799389601,0.9597727987364166,370312.7579768012,139.1038004733375,-0.2793406580632454,10
231,10,Temporal_Matrix+SVD+KNN,412717.66060329985,0.062085886681956935,2.2213798185808162,135374.0505819785,149.85389441558846,0.192054507080212,10
231,20,Temporal_Matrix+SVD+KNN,484372.94587857724,0.06645664368423071,2.4929894222229194,156654.60865180418,245.83198115721348,0.09299326147841103,10
231,30,Temporal_Matrix+SVD+KNN,474958.0176313973,0.06516490239859687,2.5001849645422776,157289.30950857286,236.53059588704642,0.08067974087164198,10
231,40,Temporal_Matrix+SVD+KNN,502495.3559546011,0.06420274713669853,2.578526123300384,153902.98895291166,6767.368245840137,0.0730596345758856,10
125,10,Temporal_Matrix+SVD+KNN,1243379.4252840283,0.0696050040811537,0.5162002959534214,807260.1186936812,41.886001619684926,0.28357241584488235,10
125,20,Temporal_Matrix+SVD+KNN,1269487.765404094,0.07090787057671985,0.5194740850878654,857339.4710415789,45.583552244042835,0.2535692981613574,10
125,30,Temporal_Matrix+SVD+KNN,1329478.8449297696,0.05548969590883469,0.5444556925645144,872933.6662166811,46.765390958282495,0.20670477333911286,10
125,40,Temporal_Matrix+SVD+KNN,1327457.6262247588,0.0554053344225771,0.5460247230067886,879991.6412183866,46.762987548724865,0.17149580574594236,10
196,10,Temporal_Matrix+SVD+KNN,495513.5820689926,0.05559501060386679,1.608555811978861,176016.77826503996,196.5653393084302,0.44467922226516465,10
196,20,Temporal_Matrix+SVD+KNN,470612.7913126132,0.05279752687406298,1.4100912986096221,185837.07070593888,217.5838714934038,0.4852976691532239,10
196,30,Temporal_Matrix+SVD+KNN,446605.4848232495,0.05010399921783731,1.3403967093051965,188900.8745030226,225.55770253100943,0.5022525766863764,10
196,40,Temporal_Matrix+SVD+KNN,456822.1927299639,0.05125019634788259,1.3876229325973253,194285.9973647391,230.35083443021142,0.475226288680314,10
11,10,Temporal_Matrix+SVD+KNN,2838630.588393658,0.11787469551115146,1.6340013217014249,1597673.836844799,3697.7289175732494,-0.05086889082217305,10
11,20,Temporal_Matrix+SVD+KNN,3107391.132140573,0.09818139869823349,1.6982957416149944,1647745.1872350385,4333.584361285643,-0.02210590982518701,10
11,30,Temporal_Matrix+SVD+KNN,3161599.754536634,0.09989417901523313,1.7034861563029104,1670929.0982780303,3884.6857879812246,-0.05000798518109706,10
11,40,Temporal_Matrix+SVD+KNN,3271251.1920806663,0.10335867372565664,1.7366897969385828,1722580.2720152196,3376.6521409230963,-0.07738803412098161,10
15,10,Temporal_Matrix+SVD+KNN,985453.0271526623,0.05572042781521046,3.021743357490906,231372.09813592597,270.4076696398072,0.10551050381575355,10
15,20,Temporal_Matrix+SVD+KNN,757073.9949454359,0.042806251459471964,2.47814260915582,219843.91940582375,360.9600451674248,0.14365384906888823,10
15,30,Temporal_Matrix+SVD+KNN,695503.0552808011,0.039324596599965705,2.3651780339597916,222012.9336858055,410.2269672127933,0.1355427321802919,10
15,40,Temporal_Matrix+SVD+KNN,725044.7540436619,0.04099492051573654,2.4414386637541825,225341.6707180163,433.18336582433335,0.13531779251447518,10
180,10,Temporal_Matrix+SVD+KNN,417016.5285366913,0.07912892719579985,1.076423529818491,260454.85869496097,292.82070892062603,0.15266342194099103,10
180,20,Temporal_Matrix+SVD+KNN,434523.29391728813,0.08242296956106931,1.094612963414718,244273.43701542073,227.0754438536228,0.1615053722573827,10
180,30,Temporal_Matrix+SVD+KNN,471221.54629691155,0.052657940261975095,1.1884471650890118,250284.98055560648,239.69564626132615,0.15260334223143113,10
180,40,Temporal_Matrix+SVD+KNN,487694.3106315816,0.054498734357876,1.2261278158887983,290515.4252450037,391.04004793128314,0.06808600863981162,10
255,10,Temporal_Matrix+SVD+KNN,2073593.5840513282,0.10814873482264478,7.924387937489569,495213.8722623973,3595.7035938152353,-0.29204469286420887,10
255,20,Temporal_Matrix+SVD+KNN,2032154.3828300317,0.08430308371437631,8.909934400116766,484151.17427755427,5590.834955369989,-0.5268163382296656,10
255,30,Temporal_Matrix+SVD+KNN,2452349.4626400475,0.05761511904768464,8.440815144741508,505191.71532794554,3915.9319554910844,-0.14181814954583216,10
255,40,Temporal_Matrix+SVD+KNN,2513175.990662449,0.05904416809092142,8.735584272114524,544607.0575308137,6466.543204782928,-0.1403456049041405,10
17,10,Temporal_Matrix+SVD+KNN,925494.048560751,0.13079475726066378,0.7379095603829919,595011.871941588,156.74486701587819,0.40088422371988786,10
17,20,Temporal_Matrix+SVD+KNN,1139368.3500362048,0.07753817765836003,0.8679869914324135,666692.0416150313,186.613564071038,0.3491644681037134,10
17,30,Temporal_Matrix+SVD+KNN,1241896.9920575514,0.0845156262243738,0.935972163570749,708654.2831340535,184.38037247649316,0.27292617068246117,10
17,40,Temporal_Matrix+SVD+KNN,1221084.0219949565,0.08309922759415,0.9313125079123218,714435.9270031351,196.03141918694737,0.2665011519691678,10
284,10,Temporal_Matrix+SVD+KNN,103.02082858550008,0.060183217098022386,0.1683886971619136,72.47492758190933,19.43105648270271,0.8716949175827324,10
284,20,Temporal_Matrix+SVD+KNN,118.63207691863903,0.06902993024313321,0.19491064073526188,86.67651460292659,29.73904527930747,0.8402271637744666,10
284,30,Temporal_Matrix+SVD+KNN,136.12787632147553,0.07921042984910362,0.2234099995449404,102.09699097920718,44.118476082167525,0.7959298664845986,10
284,40,Temporal_Matrix+SVD+KNN,152.81414847542743,0.0889198797105876,0.24986600743840243,116.12478097642794,49.39224012036127,0.7414162802711903,10
169,10,Temporal_Matrix+SVD+KNN,966477.3155321089,0.13944722872445858,0.7461281300131718,652038.4982137986,96.54879362827769,0.17894498602240339,10
169,20,Temporal_Matrix+SVD+KNN,1006062.0629549632,0.12136890685713235,0.7690323174142651,668247.9257326155,125.28577543908163,0.16208354840195027,10
169,30,Temporal_Matrix+SVD+KNN,1096651.6715874183,0.07082063046990253,0.8311323205623445,682780.4899402069,126.88677905356,0.13835471021331824,10
169,40,Temporal_Matrix+SVD+KNN,1069235.5732894281,0.06905012720364848,0.8219781463411969,689595.2362172848,134.88500915978793,0.12993433939716725,10
263,10,Temporal_Matrix+SVD+KNN,61756.24487023857,0.06234122122596354,8.896800096561922,9792.522582955668,29872.11201149684,-0.045418920560258425,10
263,20,Temporal_Matrix+SVD+KNN,49864.164784594126,0.050336477207598415,8.700006378628665,8513.04006108749,37491.780251154276,-0.0629868147519359,10
263,30,Temporal_Matrix+SVD+KNN,50738.56919958822,0.051219163964625426,8.071639388775438,7593.068984385305,19019.248086982778,0.00730584236190801,10
263,40,Temporal_Matrix+SVD+KNN,47447.716910072275,0.047897140784644854,7.894387451221479,7360.101456168118,18163.541627219074,0.001985897515043633,10
170,10,Temporal_Matrix+SVD+KNN,428599.93330865254,0.06604756126237024,1.5120892310181882,229871.92779883422,252.66456187845407,-0.02965316872680357,10
170,20,Temporal_Matrix+SVD+KNN,422606.09940003895,0.053503303891762825,1.3979521068470222,191635.9907402339,166.88321381194757,0.19533101436687716,10
170,30,Temporal_Matrix+SVD+KNN,416065.48504358594,0.05267524088451107,1.3589901459626597,192603.98091899615,168.51155589755254,0.19772683724201412,10
170,40,Temporal_Matrix+SVD+KNN,409610.10099137673,0.05185796831041969,1.3398367296742066,192930.3955358977,177.5210137575622,0.18925175416621143,10
238,10,Temporal_Matrix+SVD+KNN,838943.2343268472,0.1438338129140811,0.6502796591053213,591265.0699551166,65.18599911350871,0.1771467700733491,10
238,20,Temporal_Matrix+SVD+KNN,831257.5565833722,0.1262509692847515,0.6506875893495101,590353.7501140821,81.3899742229834,0.17398422970026772,10
238,30,Temporal_Matrix+SVD+KNN,841083.6121292165,0.12774334553695368,0.6598306757770196,596665.9255630937,76.99299479809562,0.1454104544009731,10
238,40,Temporal_Matrix+SVD+KNN,838740.7926606479,0.12738751932349743,0.6583527016734084,599116.1759999767,78.92071109345605,0.14207772174804933,10
96,10,Temporal_Matrix+SVD+KNN,466391.2121607861,0.10106309597289967,1.136628726770059,241195.99325341985,186.3920314161996,0.47936156541671593,10
96,20,Temporal_Matrix+SVD+KNN,557787.2555098385,0.058317998308039444,1.2581905719155326,272783.0635945204,227.31832835177764,0.42022308867898106,10
96,30,Temporal_Matrix+SVD+KNN,591498.1225071533,0.06184255048289148,1.3129446261927777,285219.14408287714,234.87072735383663,0.4031178334500788,10
96,40,Temporal_Matrix+SVD+KNN,598989.6491468762,0.0626258076003397,1.3359076601553195,288593.09560826,252.64368657423324,0.3939686447071896,10
94,10,Temporal_Matrix+SVD+KNN,2671974.2520859363,0.08890322011950154,0.576687504649123,1711077.2009788754,65.90546627948954,0.5050752822943974,10
94,20,Temporal_Matrix+SVD+KNN,2541184.486883563,0.08455151977056025,0.5332416816594029,1671209.7450173812,64.4632370782871,0.552081699129011,10
94,30,Temporal_Matrix+SVD+KNN,2778028.6012112712,0.05265793976208707,0.577515219220324,1758830.1831307767,65.37382354541023,0.48910263599803194,10
94,40,Temporal_Matrix+SVD+KNN,3083888.1395653584,0.05845555219101843,0.6341491569356617,1910126.4602028087,69.58761038600962,0.42152660156994237,10
147,10,Temporal_Matrix+SVD+KNN,1546051.0921952291,0.06916052959697865,1.5019235241843565,563147.5045662441,510.92233240424997,0.5785914350870083,10
147,20,Temporal_Matrix+SVD+KNN,1478319.317886297,0.06612987325872217,1.3397351288240085,615664.132060835,560.4555724778178,0.6007845792438598,10
147,30,Temporal_Matrix+SVD+KNN,1586852.8593532299,0.06791322509165065,1.4396573572160105,638877.9037128012,605.9197619737637,0.5732343161124619,10
147,40,Temporal_Matrix+SVD+KNN,1548176.4561582108,0.06625797441075934,1.4578769912186549,645234.9981384155,641.6590030903081,0.5615902215287032,10
208,10,Temporal_Matrix+SVD+KNN,964457.3939903424,0.10497905130658593,0.9220845844194153,543452.9818551731,749.9344275729152,0.5434151764679427,10
208,20,Temporal_Matrix+SVD+KNN,1047786.3183553764,0.07632163676401504,0.9674346900877716,588139.504493892,1016.9879268268296,0.48639083669473215,10
208,30,Temporal_Matrix+SVD+KNN,1160806.7329205417,0.07524639055309255,1.0772639730758455,634002.7369373282,1221.3581589944179,0.4133490457262854,10
208,40,Temporal_Matrix+SVD+KNN,1166892.4566375194,0.0756371882049271,1.0794544315188725,649332.4820543875,46800.35528204848,0.4065571773850064,10
83,10,Temporal_Matrix+SVD+KNN,1561200.2168017896,0.13562243592128823,1.195683003606171,1163178.2052593285,1559.989010392488,-0.0648450713715576,10
83,20,Temporal_Matrix+SVD+KNN,1606773.2480159572,0.1395790797944095,1.2119331257069352,1175675.447758919,1477.085562086367,-0.10896039696917348,10
83,30,Temporal_Matrix+SVD+KNN,1583264.550118861,0.13753689840777436,1.1879771311094676,1173853.5916118282,1413.221722044921,-0.08378431373396888,10
83,40,Temporal_Matrix+SVD+KNN,1618403.5598036065,0.14058939548086163,1.2130012765262794,1190020.7493457755,1464.5022800122006,-0.11399194521953504,10
120,10,Temporal_Matrix+SVD+KNN,947376.5811240417,0.1281078514757327,0.5992301029876203,622371.8773645826,56.84388859392817,0.14338039553325677,10
120,20,Temporal_Matrix+SVD+KNN,886711.4863924917,0.11858394023857823,0.5595475202961466,611813.2542870492,56.46828646049349,0.19049023493940886,10
120,30,Temporal_Matrix+SVD+KNN,884303.7642637329,0.10265509579292997,0.5576703839196192,612103.3021423117,55.538513113645614,0.19206575782037383,10
120,40,Temporal_Matrix+SVD+KNN,967223.7359927996,0.07904851528874747,0.6035362864685424,638046.8676628835,58.93573909550624,0.14886675850476283,10
79,10,Temporal_Matrix+SVD+KNN,978350.1151005286,0.04819456007576888,1.3070167788797322,429460.21745386865,103.96221103247805,0.1560444106579324,10
79,20,Temporal_Matrix+SVD+KNN,958036.1044939059,0.04717525096043487,1.2571688021812415,369932.74026646186,74.03445872248395,0.2177957019958997,10
79,30,Temporal_Matrix+SVD+KNN,878799.959729424,0.043273534734013096,1.15196932796974,366464.6969976252,74.61799931428644,0.2371476880539819,10
79,40,Temporal_Matrix+SVD+KNN,836615.3787753955,0.04119629757788488,1.105898630340004,371467.2320135134,77.59101960730078,0.2407233788555999,10
240,10,Temporal_Matrix+SVD+KNN,295114.1225054686,0.08588740908039742,1.2449761213162922,144807.73708298255,1587.0918830581832,0.48935294942610275,10
240,20,Temporal_Matrix+SVD+KNN,294467.8172273072,0.0856979343186941,1.1769105087927076,158916.33118363513,1759.0923439881742,0.49603613255731105,10
240,30,Temporal_Matrix+SVD+KNN,306237.365653125,0.07324950814253078,1.2185470954867952,162484.1116999746,1925.796602306237,0.4794228843004301,10
240,40,Temporal_Matrix+SVD+KNN,333414.0510764843,0.06494054503872256,1.3286266596935425,169492.62774972784,2008.8541028459763,0.4204606853484433,10
53,10,Temporal_Matrix+SVD+KNN,11218877.586273259,0.07532206834365344,0.2844742400565465,7665229.364512388,25.567753398647934,0.8209111777498506,10
53,20,Temporal_Matrix+SVD+KNN,11843759.766993372,0.07951422309565748,0.29834266033893936,8456168.627676275,28.91649065237815,0.7939553225202003,10
53,30,Temporal_Matrix+SVD+KNN,12761580.788666328,0.08498382519683982,0.31856461655208784,9205129.117638718,31.112128351198027,0.7597626479888736,10
53,40,Temporal_Matrix+SVD+KNN,13659152.89445023,0.09096107144890624,0.339686122123805,9891246.178040983,32.97989183459947,0.7259104556974396,10
18,10,Temporal_Matrix+SVD+KNN,328394.42423618404,0.05137777322789803,1.9121354835821738,114887.85840775011,691.1432886545106,0.22901735042514126,10
18,20,Temporal_Matrix+SVD+KNN,266284.22284109885,0.04166054416763631,1.6898347093298203,111371.79805414606,894.1479037745147,0.25065166968407415,10
18,30,Temporal_Matrix+SVD+KNN,314409.7015537438,0.038585294337070766,1.91062950696224,121325.1285379849,949.0968783675445,0.17609341369899667,10
18,40,Temporal_Matrix+SVD+KNN,298027.14854659134,0.03657477867343248,1.8553613488725405,123600.19246426728,1009.9734413131642,0.17453604414430868,10
22,10,Temporal_Matrix+SVD+KNN,5111410.202189278,0.08450906621879076,0.5294506185740129,3254514.2472302075,44.129094365122704,0.4858200857838474,10
22,20,Temporal_Matrix+SVD+KNN,6652570.581252953,0.05633257793690333,0.6535440935678378,3620310.951110803,46.03352075714571,0.36087866807056546,10
22,30,Temporal_Matrix+SVD+KNN,6224928.430711184,0.052654904867819194,0.6148406129973206,3621026.4864314934,47.92615046921409,0.3819696313911384,10
22,40,Temporal_Matrix+SVD+KNN,6268889.057211606,0.05302675534482862,0.6194783559471159,3789313.2594676195,50.50760255544709,0.36456726483910606,10
264,10,Temporal_Matrix+SVD+KNN,10912.935556428496,0.07474617945570779,4.995049833526087,2661.9745150108797,1589.8825188128521,-0.18002725381273188,10
264,20,Temporal_Matrix+SVD+KNN,259725.1529290746,0.03310557445655995,20.311338846412298,12845.14381010778,734.4194195184804,-0.0017542650054178655,10
264,30,Temporal_Matrix+SVD+KNN,213883.73049934287,0.02726244911299137,22.023631831068492,9673.523124292287,1044.800539273604,-0.0007697171195566455,10
264,40,Temporal_Matrix+SVD+KNN,186982.65392668496,0.02383353364833884,22.732335743222933,8217.007944898922,735.7939478598563,-0.000379055919954574,10
112,10,Temporal_Matrix+SVD+KNN,218889.06328547155,0.09507143205028672,1.1246958505360327,118502.41515338367,248.2936742610206,0.5924339541582211,10
112,20,Temporal_Matrix+SVD+KNN,237162.0602787652,0.09745424080947232,1.1004349703113363,129333.03693522539,284.48028974274996,0.5873995561236931,10
112,30,Temporal_Matrix+SVD+KNN,285654.00191331154,0.08436001249409798,1.317958011231144,160620.5522794236,385.63551820495434,0.4001417037451379,10
112,40,Temporal_Matrix+SVD+KNN,357421.42156541615,0.10555453586141997,1.6561081542189107,219709.021837397,590.4970078201372,0.050741709742411434,10
165,10,Temporal_Matrix+SVD+KNN,1887549.7209709825,0.0872878143285817,1.244722334794327,787489.1466473879,1959.292130990735,0.19993621604850642,10
165,20,Temporal_Matrix+SVD+KNN,1959105.3570555972,0.06475035935677442,1.276654189320332,823623.6034264317,1033.0175170186394,0.18782108359647565,10
165,30,Temporal_Matrix+SVD+KNN,2020416.3112473967,0.06677674670859722,1.3246554520736298,833390.958081582,1751.260795549471,0.16075885891391173,10
165,40,Temporal_Matrix+SVD+KNN,1975734.082987899,0.06529995510765332,1.2884105331619795,844709.9264782788,2331.44735230162,0.15165265471896938,10
29,10,Temporal_Matrix+SVD+KNN,1161986.8836731366,0.07985829199069086,1.2634886369956215,484020.37578274525,72.4490873160369,0.2214603938298474,10
29,20,Temporal_Matrix+SVD+KNN,1026211.2811160979,0.07052702683911104,1.1432657077636663,454998.2491483026,76.99602167387788,0.2651651888496742,10
29,30,Temporal_Matrix+SVD+KNN,1164931.8413860204,0.07960166414717088,1.2475298450308385,500302.735620529,81.53141436219492,0.21847499342974064,10
29,40,Temporal_Matrix+SVD+KNN,1259037.0487054547,0.08603202414027475,1.332205646151547,523205.53265825054,79.67146204114142,0.14655271215570698,10
239,10,Temporal_Matrix+SVD+KNN,642287.1060189832,0.04738563242876672,1.7197592862453,222662.7589178787,617.5784846088442,0.35388865764846533,10
239,20,Temporal_Matrix+SVD+KNN,531739.8587693515,0.039229854155945196,1.4150838016930025,223694.5433636811,674.7966184382262,0.41454128397647994,10
239,30,Temporal_Matrix+SVD+KNN,536809.1389040191,0.03960384741050184,1.436787825265686,235573.48107541853,700.4297857241411,0.39792223710671115,10
239,40,Temporal_Matrix+SVD+KNN,541685.6934687928,0.03996362206572956,1.47304645428313,239835.9545754412,744.9989473072088,0.366961106518085,10
186,10,Temporal_Matrix+SVD+KNN,526664.3162316339,0.07969011371221885,0.8013858231890331,275284.29684803163,78.07672510869662,0.6249604667954118,10
186,20,Temporal_Matrix+SVD+KNN,554413.2551620168,0.07167388792012527,0.8176289070106908,294614.80852052005,87.2536901940535,0.5661926722956925,10
186,30,Temporal_Matrix+SVD+KNN,613103.4984729292,0.07680252165691345,0.8964143228026973,318049.12529462366,86.46400734247702,0.47937616516680914,10
186,40,Temporal_Matrix+SVD+KNN,622160.6544801196,0.07793709750279405,0.9219349825864501,326284.8950271216,95.51375228398096,0.45412079160986263,10
62,10,Temporal_Matrix+SVD+KNN,685269.1609856153,0.09781815008915494,1.002305405051802,329651.30928125104,533.1321872464106,0.7718026138333105,10
62,20,Temporal_Matrix+SVD+KNN,800918.5606867615,0.07561471382033846,1.0622972294289246,377463.93899888085,519.6058304726537,0.71678410323303,10
62,30,Temporal_Matrix+SVD+KNN,897244.547573416,0.08159057246344326,1.1978412725429695,416257.086429658,548.5227369730472,0.651454216734738,10
62,40,Temporal_Matrix+SVD+KNN,939124.1463080135,0.08193016167644072,1.2421230719327152,436890.9965531497,602.4447414548168,0.6281816113591977,10
50,10,Temporal_Matrix+SVD+KNN,12593185.378748268,0.09283598126525905,0.3809154320894614,8295003.979741224,34.286053822223344,0.7352539873809918,10
50,20,Temporal_Matrix+SVD+KNN,12927598.191557432,0.09427283141452394,0.38088335771084236,8825132.984645015,35.88255569062825,0.7293106696164656,10
50,30,Temporal_Matrix+SVD+KNN,13133319.940884665,0.09577303056252134,0.38764026174250593,9203174.11187983,37.534428204604836,0.7056295051841215,10
50,40,Temporal_Matrix+SVD+KNN,13824850.869117284,0.10081593007480492,0.40641948741721534,9842570.33561472,39.927394104665744,0.6730837870073075,10
5,10,Temporal_Matrix+SVD+KNN,1179909.5535286835,0.04991736269050272,1.3772998843885635,430941.4760922086,433.1513196251249,0.6428046050555429,10
5,20,Temporal_Matrix+SVD+KNN,1284553.8086753313,0.04624644473513465,1.3806209938103498,471723.58370624215,586.4222674972566,0.6087012838493611,10
5,30,Temporal_Matrix+SVD+KNN,1527811.6614185062,0.04089902332453192,1.6117589652687296,527215.222317341,655.2908831722937,0.5239394004670097,10
5,40,Temporal_Matrix+SVD+KNN,1469987.0648799972,0.03935107760433473,1.584079472159762,538740.5749337822,632.1601021076648,0.5253581101357625,10
49,10,Temporal_Matrix+SVD+KNN,122566758.99632926,0.05416177822465141,0.9213799730614369,48466413.247200474,37.31343294435857,0.16555470595986566,10
49,20,Temporal_Matrix+SVD+KNN,100754370.9859956,0.044498738615349434,0.7769413848167157,45722650.2244189,38.9552591974323,0.23355115609215094,10
49,30,Temporal_Matrix+SVD+KNN,99165021.84915929,0.04379679356704536,0.7643242302877326,46598596.09588837,40.087865245821796,0.1985874752709772,10
49,40,Temporal_Matrix+SVD+KNN,97309623.02762073,0.042977346168596046,0.749049188701694,48300781.848016396,42.27604822216488,0.17596514236937322,10
82,10,Temporal_Matrix+SVD+KNN,162601.0444017765,0.10301563643817055,1.388651622009021,83237.13191115932,5183.753781611494,0.3508903287680395,10
82,20,Temporal_Matrix+SVD+KNN,316682.2005647237,0.0312017621301684,2.4453430221401633,94353.52957616172,12859.725369329266,0.1284988259283938,10
82,30,Temporal_Matrix+SVD+KNN,327254.1905573819,0.03224338838146521,2.4163884037229924,100507.28998036515,14800.011698258872,0.12876700526448703,10
82,40,Temporal_Matrix+SVD+KNN,298768.0339577925,0.029436731546387193,2.26070133960462,99867.90336880811,12829.890690726133,0.13628500618366313,10
100,10,Temporal_Matrix+SVD+KNN,497832.6130752608,0.06959710997048137,1.0373409373575961,221027.8162316769,94.08471692658948,0.5386628507091415,10
100,20,Temporal_Matrix+SVD+KNN,580856.4923768778,0.04256014119500396,1.1169218343466445,237893.94859886752,97.29004661007026,0.4985820395125947,10
100,30,Temporal_Matrix+SVD+KNN,655001.9840260642,0.047992881699718645,1.2447947389286753,255555.1441196439,106.57495160955304,0.43358511188314686,10
100,40,Temporal_Matrix+SVD+KNN,644534.0057333315,0.04722587876523845,1.234676166989017,259042.21765754026,112.51279753125638,0.42565115258821185,10
190,10,Temporal_Matrix+SVD+KNN,148965.3815908266,0.0825495298168278,2.135406725288224,68005.04882206088,16462.77234328225,0.0706943094088125,10
190,20,Temporal_Matrix+SVD+KNN,154601.51313876116,0.08567280587129894,1.984255152097193,73184.51436411406,8592.761839317249,0.04966492751319074,10
190,30,Temporal_Matrix+SVD+KNN,163435.71143812872,0.09056829842220931,2.080250732640223,81418.57617773711,6071.024543784359,-0.02238262480289821,10
190,40,Temporal_Matrix+SVD+KNN,147614.3873907499,0.04586650395995422,1.9235237093945396,59342.40943054422,7866.0829795494055,0.20347201317714703,10
140,10,Temporal_Matrix+SVD+KNN,297347.4906103024,0.08764094131700835,1.2581755044387968,110623.3423484055,206465.83758988435,0.7678160995614496,10
140,20,Temporal_Matrix+SVD+KNN,342030.1480107279,0.08015143845698246,1.3197078381798146,139290.10586723918,543390.9138433338,0.7214322003598035,10
140,30,Temporal_Matrix+SVD+KNN,335391.3098420597,0.07859569130429232,1.328341255648097,144340.25978078844,902717.1410375508,0.7149907689447875,10
140,40,Temporal_Matrix+SVD+KNN,373088.8179342419,0.08742973566384793,1.5152470488749645,162309.1677086947,1168986.504594661,0.6342354108841288,10
45,10,Temporal_Matrix+SVD+KNN,451511.9930545278,0.07314501325496525,1.0370120589873055,215609.59822361564,975.9196254924163,0.7040266466250269,10
45,20,Temporal_Matrix+SVD+KNN,510556.6213500235,0.05949052759475335,1.0634581678353168,236381.6737079998,832.8689073132282,0.6650332021425154,10
45,30,Temporal_Matrix+SVD+KNN,572152.4083060152,0.0564888326170441,1.1978211209471243,255618.91725308856,978.669070049278,0.5950953544375817,10
45,40,Temporal_Matrix+SVD+KNN,588757.2266153219,0.056514624367740456,1.232970923024225,265914.2212344606,988.1861102703621,0.5752749967276748,10
156,10,Temporal_Matrix+SVD+KNN,1957752.6193459115,0.06590027208277517,0.6126612210609735,1264717.0726607214,55.248001438688874,0.2439276439633321,10
156,20,Temporal_Matrix+SVD+KNN,1919282.9440187928,0.06348563584290375,0.5886704512071671,1121728.8086849952,45.01470249617162,0.32431745096374576,10
156,30,Temporal_Matrix+SVD+KNN,1897985.1290852271,0.06273573241470927,0.5857140563120226,1111078.1693064063,44.63992195849873,0.3020347133732929,10
156,40,Temporal_Matrix+SVD+KNN,1895467.6400809607,0.06265251968869348,0.5883598344662927,1150030.821790472,47.77801264845721,0.28047809522967404,10
277,10,Temporal_Matrix+SVD+KNN,32620.410815071227,0.06973897564052417,6.749452919814338,8973.637361439067,8726.165709945682,-0.4710174017247777,10
277,20,Temporal_Matrix+SVD+KNN,132894.12919703647,0.034182341978341434,12.995698161001338,13967.603903048794,16243.750056974455,-0.016243726437376038,10
277,30,Temporal_Matrix+SVD+KNN,113167.1149279505,0.02910826118913111,13.09656839308242,14643.729880998826,13280.359133843976,-0.06006615246112412,10
204,10,Temporal_Matrix+SVD+KNN,606250.6671401305,0.04947341752176614,3.027567258306142,144407.06911596493,344.9177865561053,0.4099871737608187,10
204,20,Temporal_Matrix+SVD+KNN,953688.5769554357,0.033918548655843594,3.9774986850961738,184587.66067659398,365.0004346505028,0.30475288468236983,10
204,30,Temporal_Matrix+SVD+KNN,1326933.6771676084,0.033650721387962865,5.125509912217403,207758.16092496493,406.93891248622265,0.13759977992565287,10
204,40,Temporal_Matrix+SVD+KNN,1267870.3267024218,0.032152888915290945,5.115173900379406,203204.87101532196,449.93084354534847,0.15925942130876058,10
88,10,Temporal_Matrix+SVD+KNN,962797.7820928881,0.08621222470413326,0.7310164280557299,605188.9515516716,718.8303064945546,0.6494448199168799,10
88,20,Temporal_Matrix+SVD+KNN,1049067.9932086593,0.07768519448821956,0.7734847052689499,658555.9140230956,763.1111743777733,0.5903141783067912,10
88,30,Temporal_Matrix+SVD+KNN,1090696.259434377,0.0783288860373853,0.805028813459594,684546.5220221914,887.4405628796119,0.5484428241379915,10
88,40,Temporal_Matrix+SVD+KNN,1192147.107627642,0.06645074934317816,0.8632854316063213,727962.577748203,874.9652266748301,0.5004465987091142,10
202,10,Temporal_Matrix+SVD+KNN,1222044.603374982,0.056080037082265194,2.792533241517363,351041.17750212026,166.65035710416967,0.022716658112666432,10
202,20,Temporal_Matrix+SVD+KNN,1267713.7550325186,0.05096239267878631,2.8230372212961727,376396.71927208506,192.7707040892637,0.0024755977717798583,10
202,30,Temporal_Matrix+SVD+KNN,1162789.8445147364,0.04674442666873548,2.71441718814518,366450.29070406867,268.68579331446074,-0.008043691525861929,10
202,40,Temporal_Matrix+SVD+KNN,1123920.958688454,0.045181802219592254,2.6205329625856937,377634.5933317101,377.4151376720572,-0.018793986840705212,10
63,10,Temporal_Matrix+SVD+KNN,448767.15753189987,0.06675637810830802,1.3903391783170322,180588.04488316254,974.7494876041692,0.6518242916736408,10
63,20,Temporal_Matrix+SVD+KNN,478412.32739737973,0.0711631043123435,1.319853777446971,200251.3616841463,1861.7437723580551,0.6308462274982484,10
63,30,Temporal_Matrix+SVD+KNN,490711.80609825347,0.07299263301729828,1.3457432020811226,214667.49490181403,1659.3419972502666,0.6072821488497284,10
63,40,Temporal_Matrix+SVD+KNN,486706.1211366134,0.07239679348632648,1.3585471135260858,218041.1039086657,1557.0987779490983,0.594517716940919,10
151,10,Temporal_Matrix+SVD+KNN,312985.96190116357,0.10673349083734454,1.283530518366867,133965.65066017286,798.5070953136402,0.6714402525470807,10
151,20,Temporal_Matrix+SVD+KNN,340489.15158348554,0.08639686513652631,1.22471417225382,157133.29670021578,873.5141670462667,0.6584271809121824,10
151,30,Temporal_Matrix+SVD+KNN,373386.48026199394,0.08762059728749123,1.3154469770427233,171792.8575011417,946.7540781311385,0.6172711383891407,10
151,40,Temporal_Matrix+SVD+KNN,400406.2015314137,0.06166757135592554,1.4203836307528312,180939.12950332012,1007.338560010428,0.5684518151906934,10
210,10,Temporal_Matrix+SVD+KNN,566838.6418722514,0.08218293106832264,1.2372647638376535,262188.60198416817,95.13513963797328,0.31764607740593864,10
210,20,Temporal_Matrix+SVD+KNN,563402.6861976946,0.05443344645875483,1.1951985906760023,257190.46437680075,87.06782831141058,0.3143229451404239,10
210,30,Temporal_Matrix+SVD+KNN,533961.5828233823,0.05158897879207076,1.1456142716601008,255444.5932951715,89.09537446538167,0.3179879090929253,10
210,40,Temporal_Matrix+SVD+KNN,515983.85003394604,0.049852050695671515,1.1196231676830715,249085.74533964577,90.10903122913709,0.3219513996976878,10
168,10,Temporal_Matrix+SVD+KNN,1569418.1859030756,0.08597401100202792,0.6511731327572753,964010.0714057925,55.662050874477174,0.2444060167349683,10
168,20,Temporal_Matrix+SVD+KNN,1573717.683001914,0.08594945070348477,0.6369687944802052,965333.2883619915,56.47523700348527,0.26022712451887753,10
168,30,Temporal_Matrix+SVD+KNN,1632799.4700449524,0.08917623476887246,0.657298031755836,995968.2521917439,56.37611673469056,0.21475486896114415,10
168,40,Temporal_Matrix+SVD+KNN,1672813.682928699,0.08187960468998076,0.6752304046786346,1017210.7662759032,57.160140265413816,0.19483686927775656,10
145,10,Temporal_Matrix+SVD+KNN,352039.0686889835,0.06675753417023,0.8675389321059721,185672.57184387147,255.06547691534766,0.7395192833011721,10
145,20,Temporal_Matrix+SVD+KNN,380026.95864549687,0.07201640188441544,0.8332379178321532,198605.6882663321,235.40432960486228,0.7238217932430282,10
145,30,Temporal_Matrix+SVD+KNN,422754.2464351387,0.07657587493942487,0.9184129711319714,214235.9927462456,237.0211664038238,0.6738010919881541,10
145,40,Temporal_Matrix+SVD+KNN,468439.03645575093,0.06903176265879525,1.0199624675482621,229861.14285226984,260.72080117986246,0.6098051273554499,10
60,10,Temporal_Matrix+SVD+KNN,2183444.330586506,0.07063774002689696,0.5936564317733211,1330310.1937622372,51.594262362194065,0.3645608324268832,10
60,20,Temporal_Matrix+SVD+KNN,2062148.928259327,0.06649336443924017,0.5542854226831204,1327933.4729450052,53.840512547700236,0.3729085663481657,10
60,30,Temporal_Matrix+SVD+KNN,2129089.0674794596,0.0686174775665335,0.5637873515592604,1382008.4404839536,55.62614909938471,0.3319302110183763,10
60,40,Temporal_Matrix+SVD+KNN,2137397.1130764484,0.06887786465017215,0.5663090566060817,1395778.6130900022,56.82258010313721,0.3202792914770559,10
280,10,Temporal_Matrix+SVD+KNN,74.01392989547666,0.04011691754449309,10.135221526043393,7.268243388369699,164.38376525443906,-0.049095373318870816,10
280,20,Temporal_Matrix+SVD+KNN,62.55999091803447,0.03390867098649231,8.99552311428554,5.852921781844756,125.56117079935787,-0.020217324161236228,10
280,30,Temporal_Matrix+SVD+KNN,78.4806471305457,0.02916479443659093,10.408116992384675,6.169998348693147,116.3881996096241,-0.008208444254127034,10
280,40,Temporal_Matrix+SVD+KNN,86.42100900827457,0.031660789286896494,11.01698150289522,6.282465933135345,115.15169130354026,-0.002948952065820576,10
243,10,Temporal_Matrix+SVD+KNN,259940.42579851323,0.09169276015086704,1.2547517637882257,116700.60797436007,4968.308101930357,0.5671795446025201,10
243,20,Temporal_Matrix+SVD+KNN,263135.62397045235,0.09281984993798952,1.2136836763626313,116759.69047261598,47377.3356234356,0.5962781398156587,10
243,30,Temporal_Matrix+SVD+KNN,267903.6149478382,0.08022911831069557,1.2625462057350434,117244.06726763504,217075.08633583956,0.5692891185132851,10
243,40,Temporal_Matrix+SVD+KNN,286350.46049063426,0.06604305470637055,1.3651352356364654,126248.24528268889,696344.5145305905,0.5142460774788099,10
211,10,Temporal_Matrix+SVD+KNN,881081.1958370539,0.057179463742822144,2.2796922325680913,369901.0923774082,1234.8185422180102,-0.025653613191025437,10
211,20,Temporal_Matrix+SVD+KNN,879139.2460793752,0.05705343716742339,2.128493171219464,397523.05409128853,1320.467391455395,-0.016219134949988723,10
211,30,Temporal_Matrix+SVD+KNN,896989.7209550783,0.055451234282333096,2.211983549577287,392169.6042486548,1302.4943653784937,-0.023942282892165823,10
211,40,Temporal_Matrix+SVD+KNN,844269.7664377615,0.05219212608856141,2.11676978578926,391175.6109814741,1286.685903709638,-0.03952617046523765,10
111,10,Temporal_Matrix+SVD+KNN,848442.0572148314,0.06899995020074054,1.0159187336414184,523776.9572978494,744.7119331392366,0.2119163217001141,10
111,20,Temporal_Matrix+SVD+KNN,880763.1555424993,0.05801596523026154,1.0392139881074607,529946.0914847717,568.3195036605971,0.1826788370426522,10
111,30,Temporal_Matrix+SVD+KNN,927137.6574594673,0.061070658735382505,1.0914381812977012,574479.7740796695,451.4319709161962,0.15314633319195037,10
111,40,Temporal_Matrix+SVD+KNN,897871.1675221779,0.05914287184746738,1.0642678776155385,567104.8369834819,392.1275392874101,0.179483025030158,10
102,10,Temporal_Matrix+SVD+KNN,421242.5242358088,0.05588613689645818,1.961339446794542,134473.538273511,340.56568133685585,0.3971841552723673,10
102,20,Temporal_Matrix+SVD+KNN,396716.37151489244,0.05262759578579897,1.7816412630080503,137509.0407483819,370.74227505546133,0.4138458557730418,10
102,30,Temporal_Matrix+SVD+KNN,374565.470201409,0.04968910177768524,1.696317214227253,141668.26146175762,440.0554162404066,0.43367297846347186,10
102,40,Temporal_Matrix+SVD+KNN,359902.63106776413,0.047743959034896546,1.6803727442098624,142916.8996871507,485.4734957353071,0.4235645042899444,10
274,10,Temporal_Matrix+SVD+KNN,159655.4637851001,0.09775499913467495,4.034213076558722,56904.64745172066,15280.04694950985,-0.21738451358959,10
274,20,Temporal_Matrix+SVD+KNN,128150.4708313187,0.07846480978645926,3.4083727087802216,54166.851663279915,17868.618047139444,-0.05575646961615077,10
217,10,Temporal_Matrix+SVD+KNN,238793.96007598215,0.06327100026207136,1.7693043064239018,74181.04730715891,944.2140812879018,0.6017432874461088,10
217,20,Temporal_Matrix+SVD+KNN,243119.79055031273,0.06441714487754542,1.8637259322395487,80889.1401966184,2523.9950771960175,0.5128008012024532,10
217,30,Temporal_Matrix+SVD+KNN,340791.0596492175,0.048675491201921536,2.4806072832715915,94680.2652344532,2322.3678380229794,0.339123692310639,10
217,40,Temporal_Matrix+SVD+KNN,357769.4035246391,0.05110052321063074,2.682017127261235,103972.1071078774,2637.43159692353,0.21425378902120673,10
142,10,Temporal_Matrix+SVD+KNN,612423.5487768489,0.04399317570882165,3.1142512651627534,135568.74855659239,93.64208379839543,0.06884271839814948,10
142,20,Temporal_Matrix+SVD+KNN,466400.89875841996,0.033502568655535914,2.599124483096756,134328.0475357393,126.73416292514148,0.030721849043101712,10
142,30,Temporal_Matrix+SVD+KNN,422424.88588193036,0.03034367810769748,2.4519011365680874,130821.96851295648,125.94963000178964,0.020158945763273373,10
142,40,Temporal_Matrix+SVD+KNN,487900.9675903418,0.035046964333283755,2.6552614340517415,129916.8273791944,111.44875172759696,0.03294411001189268,10
275,10,Temporal_Matrix+SVD+KNN,32.02743555186506,0.12708067117245483,0.4155799170525913,23.154864160372284,32.00933919840775,0.023077431630746825,10
275,20,Temporal_Matrix+SVD+KNN,31.5252961598076,0.12283540078372703,0.4193056555149375,23.476080960763,35.45633434211478,0.010321115623894372,10
275,30,Temporal_Matrix+SVD+KNN,31.067893628652605,0.12105317412520171,0.4143480666773936,23.26139234911301,34.89520622157006,0.005989883591043688,10
275,40,Temporal_Matrix+SVD+KNN,31.96313278743003,0.12454139070874364,0.42447401967135207,24.206479001933978,36.19386845209074,-0.04375826245749748,10
234,10,Temporal_Matrix+SVD+KNN,709702.5904983494,0.09651835909205427,0.907296990292683,386951.45884669985,70.913544873026,0.1990687421119689,10
234,20,Temporal_Matrix+SVD+KNN,688027.9750069759,0.09356081929665268,0.8701537206623363,382324.44269299053,80.41934787967566,0.21273964939256595,10
234,30,Temporal_Matrix+SVD+KNN,711272.6365171372,0.09122181605531708,0.888400260571205,387772.1657161572,77.58088989572506,0.18353515972290824,10
234,40,Temporal_Matrix+SVD+KNN,708292.6641837526,0.09082958192441733,0.8897055168523595,400782.30999438674,93.51586368461186,0.16255030864908337,10
219,10,Temporal_Matrix+SVD+KNN,655647.5665872948,0.080379912781852,1.3286226280753561,297376.1908294773,765.6152609592939,0.3417942947825432,10
219,20,Temporal_Matrix+SVD+KNN,664627.4480475184,0.08148081229761042,1.3318127178986954,374411.73550091987,1037.507382365262,0.18295068423106808,10
219,30,Temporal_Matrix+SVD+KNN,683433.0711933292,0.07345284102461715,1.3589741717010857,382521.649344192,1018.8384334563419,0.17766905215504813,10
219,40,Temporal_Matrix+SVD+KNN,692035.5798335156,0.07437740661295954,1.400280593322527,397957.3547685307,1113.1782564535552,0.10558714090888488,10
92,10,Temporal_Matrix+SVD+KNN,774508.4386082243,0.039159493617471446,9.296343304244584,81321.44067873851,2178.3810629258314,0.01094156024969728,10
92,20,Temporal_Matrix+SVD+KNN,545348.7453180254,0.027573076866603048,7.349793496988705,70747.41632759558,2475.031883320186,0.019009527249945646,10
92,30,Temporal_Matrix+SVD+KNN,460475.29704118683,0.023281837300431124,6.417291676387197,68886.91824629167,2516.81033913316,0.026588237625246536,10
92,40,Temporal_Matrix+SVD+KNN,408514.57495833177,0.020654652836989872,5.900591452861346,66501.98364654167,2713.521101400648,0.02895838513115856,10
47,10,Temporal_Matrix+SVD+KNN,107.0208125463002,0.110775613508167,1.3753429530771166,38.82617348455489,37.925428750650894,0.056535453638699384,10
47,20,Temporal_Matrix+SVD+KNN,100.26983673371923,0.10378778123868283,1.339337661575962,36.23730642843047,37.63816752179718,0.05343915574008273,10
47,30,Temporal_Matrix+SVD+KNN,99.68203556077587,0.09227672578669803,1.3420002414486065,35.96231314443692,37.58247590779521,0.035290974362579,10
47,40,Temporal_Matrix+SVD+KNN,100.61101313768802,0.09288828142039626,1.351609034328524,36.9874750157083,40.65501530922832,0.007440463323333701,10
42,10,Temporal_Matrix+SVD+KNN,281005.6972770849,0.08737787463816271,1.3763368673363336,129786.27411686449,301.0393039341042,0.5400801220680662,10
42,20,Temporal_Matrix+SVD+KNN,318060.6936208846,0.08043921820938621,1.3621973251789885,146938.43988141077,330.6304376953688,0.5305117131153889,10
42,30,Temporal_Matrix+SVD+KNN,316817.9187385259,0.06021754706623258,1.3159024656762104,137987.79189354854,298.7128809323139,0.5740395514908068,10
42,40,Temporal_Matrix+SVD+KNN,359872.8510534513,0.06840099332909134,1.5074609723240404,164998.67197277548,357.4113272210968,0.4423641865524296,10
261,10,Temporal_Matrix+SVD+KNN,204698.41042323757,0.10531210247397353,1.3473590792589984,130500.83998412942,324.1949082297872,0.1272203743791509,10
261,20,Temporal_Matrix+SVD+KNN,232521.94971964095,0.0883052626330782,1.4497781105026082,139876.58449968562,384.2802402454206,0.06502379489734567,10
261,30,Temporal_Matrix+SVD+KNN,242840.1557740814,0.09222382557579473,1.517170650361673,144997.07340327278,405.8220861204113,0.0038001921549050133,10
261,40,Temporal_Matrix+SVD+KNN,248591.71018428766,0.09440810333260043,1.5653600889982586,151478.49159241188,442.67376544694565,-0.050992016260567485,10
283,10,Temporal_Matrix+SVD+KNN,2.681549560452686,0.15873418866136657,0.7471769864637094,2.0392424082260767,101.83770967333075,-0.21809223131907496,10
283,20,Temporal_Matrix+SVD+KNN,2.5834855618579495,0.15292929529545873,0.7055655024900889,1.8254821353744084,75.07048086351547,-0.01450335876229758,10
283,30,Temporal_Matrix+SVD+KNN,2.693481877984146,0.15944052158548613,0.7224106506029595,1.879523052988833,71.469255890638,-0.06687235666682678,10
72,10,Temporal_Matrix+SVD+KNN,138959.5027772652,0.08097105449093371,1.514048127565498,57203.54100925234,3806.707858300979,0.5862536179333668,10
72,20,Temporal_Matrix+SVD+KNN,170904.80594422045,0.053526562426399665,1.6410724332172806,69922.83147558625,5650.612275457895,0.5163082954176712,10
72,30,Temporal_Matrix+SVD+KNN,183367.84537286658,0.05742992637403397,1.7545688971507005,74850.6843268707,5622.893552711681,0.4555128115464394,10
72,40,Temporal_Matrix+SVD+KNN,188308.961569151,0.05897741888451543,1.8308075279778024,77068.09515023665,6275.468192861305,0.41185289963284466,10
1,10,Temporal_Matrix+SVD+KNN,51374750.79773749,0.07170163684281651,0.44458300052558924,25214448.586687386,24.093092235185054,0.5080292750487786,10
1,20,Temporal_Matrix+SVD+KNN,49055540.94988685,0.0644748051737631,0.41962080861005696,25190066.107932158,24.746169197676863,0.5115542426156534,10
1,30,Temporal_Matrix+SVD+KNN,56407955.13187975,0.04011696695446992,0.48130332735705017,26790000.342208877,26.074611717776374,0.43842978198232385,10
1,40,Temporal_Matrix+SVD+KNN,57785954.95130198,0.04109699136928484,0.4906849526353614,28407079.59105523,27.36766232589783,0.4027679855041987,10
229,10,Temporal_Matrix+SVD+KNN,908934.0261647685,0.0745877516933029,0.8753818848837599,458642.1302825371,67.30357746062843,0.2292779352060702,10
229,20,Temporal_Matrix+SVD+KNN,956818.7130000262,0.07846162491120769,0.902468886833748,549415.163853929,101.25598802940132,0.16037075855957827,10
229,30,Temporal_Matrix+SVD+KNN,1323704.6267955175,0.02820333333896356,1.2482419669558458,496195.4852356969,72.7356811669745,0.1154804461829878,10
229,40,Temporal_Matrix+SVD+KNN,1270467.3445371916,0.027069040395358096,1.1986745916530333,501220.2631804771,76.81744241467277,0.11310521350235847,10
250,10,Temporal_Matrix+SVD+KNN,149331.53199291666,0.06901995258692399,2.716745132300221,49760.74686380158,3556.1014876431364,0.10552311407046155,10
250,20,Temporal_Matrix+SVD+KNN,258951.84300723916,0.03926398035535617,3.994886808938432,95859.69953575634,20450.075345132274,-0.13807660552776246,10
250,30,Temporal_Matrix+SVD+KNN,230901.7225877389,0.03501083674252681,3.7680800795419316,92753.94652517287,21208.476320423266,-0.20423752994131772,10
250,40,Temporal_Matrix+SVD+KNN,207812.35215180443,0.031509874645922885,3.404190827784305,69526.889309899,11640.994721116527,-0.005582909604940678,10
27,10,Temporal_Matrix+SVD+KNN,1701604.223270972,0.1231869196379863,0.5682029902558241,1119019.9339418332,49.12899491597382,0.3425972355549871,10
27,20,Temporal_Matrix+SVD+KNN,1856520.9155670577,0.06992637297741289,0.6002441547157129,1151562.7673551384,50.29858938296321,0.32250251654328144,10
27,30,Temporal_Matrix+SVD+KNN,1853826.2488487258,0.06982487761131391,0.5973035003268995,1165614.9065075342,49.964559618634624,0.30975921377407867,10
27,40,Temporal_Matrix+SVD+KNN,1910787.225945176,0.07197032854386516,0.6158194505248055,1197825.3919930127,50.32283004874846,0.26715981652732534,10
138,10,Temporal_Matrix+SVD+KNN,1325872.220559311,0.11150659868093804,0.7228750302090745,876136.9843636232,131.13770689542793,0.4738855414847526,10
138,20,Temporal_Matrix+SVD+KNN,1462904.927885636,0.10144984508715875,0.7638986475338077,964918.4732895455,129461.41094616955,0.38539187983197387,10
138,30,Temporal_Matrix+SVD+KNN,1530357.9254187688,0.10612759004512487,0.7922371572625198,999388.3410873452,105301.44560146857,0.33258059719090893,10
138,40,Temporal_Matrix+SVD+KNN,1634083.2685159326,0.06761545945623898,0.8386205644186879,1032430.1573078501,66187.68527783519,0.29827937578664365,10
128,10,Temporal_Matrix+SVD+KNN,1934101.2399105392,0.09193362722021049,1.7373577094463541,919459.1072888754,291.55463438709495,0.04658457951252282,10
128,20,Temporal_Matrix+SVD+KNN,2150337.7002631337,0.05998625127945583,1.8297416570680285,976227.1698819755,305.16553872478937,0.000143150141322268,10
128,30,Temporal_Matrix+SVD+KNN,2588169.0900554466,0.057581160880251385,2.0730370013177164,1059397.3210114473,304.18545122267085,0.003097112932955226,10
128,40,Temporal_Matrix+SVD+KNN,2479979.128243504,0.05517416837707291,2.0203854790971896,1053704.3262118988,310.23285951390056,-0.003030537185881421,10
119,10,Temporal_Matrix+SVD+KNN,4534369.651695464,0.08757429906397432,0.38201252434053173,2968993.128396922,28.281925286739266,0.4103050810124259,10
119,20,Temporal_Matrix+SVD+KNN,4839006.090533202,0.09212107425444985,0.3957659310703261,3146326.7024243954,29.35443242964552,0.3819801802605155,10
119,30,Temporal_Matrix+SVD+KNN,4793796.394655672,0.09126040872251287,0.39121716431369463,3177075.2162836506,29.427694829652285,0.3800774425927489,10
119,40,Temporal_Matrix+SVD+KNN,4881940.569461067,0.08255209295211517,0.39862767554004935,3271498.2974448074,30.422028373840053,0.35162338204522536,10
154,10,Temporal_Matrix+SVD+KNN,208400.4695131581,0.060008296612016475,1.5673038369791348,82047.60508301605,191.59848751391831,0.4521202548379367,10
154,20,Temporal_Matrix+SVD+KNN,291106.6397501888,0.03825622016184296,1.9204298355315539,99411.09583550529,201.2629527108171,0.3008190692295055,10
154,30,Temporal_Matrix+SVD+KNN,277524.63234560395,0.036470425749781314,1.8603827037011296,101933.78898612548,238.3432027656886,0.29042092583143575,10
154,40,Temporal_Matrix+SVD+KNN,286238.2980933133,0.037615517257422695,1.9529463464577848,102302.04312046389,245.36431513960468,0.24996226557719436,10
257,10,Temporal_Matrix+SVD+KNN,904968.141433331,0.0412221423098264,4.6896463649155375,191059.14664573243,1527.1934951703404,0.013527363485636545,10
257,20,Temporal_Matrix+SVD+KNN,678879.5796326462,0.03092342232971771,3.572346212781256,184641.43142928142,1685.510407602997,0.026052501706587683,10
257,30,Temporal_Matrix+SVD+KNN,584183.1031340746,0.026609934011972033,3.2459786320751904,179347.27870555778,1989.5416926056264,0.03064957215823816,10
257,40,Temporal_Matrix+SVD+KNN,530367.4498608211,0.024158584151876047,3.0991058417844757,178264.01045053586,2300.5591114963645,0.023815416924551247,10
31,10,Temporal_Matrix+SVD+KNN,1924991.4802316206,0.0913798799202185,0.4785749037260165,1200666.9538870216,2426992.0747705433,0.526681705546346,10
31,20,Temporal_Matrix+SVD+KNN,2078431.5894818166,0.06687702089325637,0.5095727168752029,1275538.5504836738,3639996.227698592,0.5053778591797378,10
31,30,Temporal_Matrix+SVD+KNN,2278487.954369746,0.07331416982909149,0.5520834011969671,1395179.7862086021,4422204.455733804,0.42596108129978993,10
31,40,Temporal_Matrix+SVD+KNN,2320785.2647925713,0.07467515670361309,0.564473751569667,1457992.3558874212,4651497.475651296,0.39012036714502474,10
163,10,Temporal_Matrix+SVD+KNN,679896.0644858283,0.04840090057013312,4.880550541156512,121404.17378824601,820.0309742806023,0.03152723583414352,10
163,20,Temporal_Matrix+SVD+KNN,633272.8539304088,0.04508185594518769,4.569887795128499,116395.59301770746,745.7763197972882,0.03725991082005997,10
163,30,Temporal_Matrix+SVD+KNN,659920.8619027196,0.046978836415125624,4.719654197974305,145020.24023137384,4918.859932838289,0.0006425805231755621,10
163,40,Temporal_Matrix+SVD+KNN,587683.5117238287,0.04183636122903805,4.5263871998899186,135409.42356338468,3703.5222843904194,-0.002466763562355201,10
126,10,Temporal_Matrix+SVD+KNN,1039810.8449872623,0.08254172207579434,0.5310129153579417,711672.2769706358,57.01811081568029,0.3693383414033029,10
126,20,Temporal_Matrix+SVD+KNN,1146320.6655710419,0.09054195069576867,0.5625899595776835,769053.6614631072,10667.267099952262,0.3167906280944015,10
126,30,Temporal_Matrix+SVD+KNN,1225362.8573247402,0.09088121159966933,0.5943507533297713,797287.4150886302,8842.167219822892,0.29601896984962595,10
126,40,Temporal_Matrix+SVD+KNN,1291858.7535844322,0.07357391536361102,0.6245159722762081,821763.7303656972,9419.638271883643,0.26709946553119923,10
56,10,Temporal_Matrix+SVD+KNN,9233230.587245772,0.1076811435969562,0.41430652878265134,6089090.049639118,39.440408992328635,0.7060621516453127,10
56,20,Temporal_Matrix+SVD+KNN,9514923.448483307,0.11044599487401416,0.42329349717607534,6511035.836941558,44.434586493384714,0.6759606574817303,10
56,30,Temporal_Matrix+SVD+KNN,9956814.373554405,0.1155753144223554,0.4449517392892611,6937261.073417755,47.16111244319406,0.6323842755462699,10
56,40,Temporal_Matrix+SVD+KNN,10816665.32197208,0.1152463834341508,0.4796877942091288,7549955.216969961,49.54803473232581,0.5816438664007806,10
253,10,Temporal_Matrix+SVD+KNN,199320.16812938423,0.04834995010940583,2.9699676740594425,62532.69975522565,2069.180181640084,0.014132293940651408,10
253,20,Temporal_Matrix+SVD+KNN,164381.734553159,0.03987478406793066,2.382194645445926,62895.699005641334,1832.6838791645187,0.04030998166767141,10
253,30,Temporal_Matrix+SVD+KNN,147607.5739290635,0.03580580380911553,2.231075481891177,61799.4913156154,2073.6140465914905,0.025073852477766168,10
253,40,Temporal_Matrix+SVD+KNN,140858.38345905094,0.034168621560644895,2.1639825450367907,62467.657640937774,2105.1199920162967,0.02430886464655313,10
242,10,Temporal_Matrix+SVD+KNN,192867.01569216407,0.1301132525820884,4.532652748477682,81318.30421725559,193615.56552884716,-0.8807212326648011,10
242,20,Temporal_Matrix+SVD+KNN,351001.8608110948,0.03324193580777707,6.6154839331643105,90467.71446735038,208759.48180155447,-0.21806624467358393,10
242,30,Temporal_Matrix+SVD+KNN,473178.6185322138,0.037727202774218836,7.139769623186825,100685.23212766043,145001.99853421113,-0.08365151292142303,10
242,40,Temporal_Matrix+SVD+KNN,511011.15677313413,0.032879495854743805,7.439037473051973,88529.77925110748,96037.37693413139,-0.022141747679564894,10
8,10,Temporal_Matrix+SVD+KNN,162757.23720574507,0.09829860303248955,1.6872966323372107,67238.64225267818,25885.099751506812,0.4059183316851117,10
8,20,Temporal_Matrix+SVD+KNN,199392.3916028814,0.07314304253147078,1.9947132362136344,74160.78274395237,25030.539135192812,0.312264086676427,10
8,30,Temporal_Matrix+SVD+KNN,196283.24337554869,0.07200250489433387,2.012198069054709,78511.77314825231,24289.354766727367,0.2832480730084681,10
8,40,Temporal_Matrix+SVD+KNN,200540.23294908268,0.0735640947036945,2.1116696437232645,86376.35225553992,32626.482419721226,0.22282498473883872,10
221,10,Temporal_Matrix+SVD+KNN,155080.57510915527,0.08264959203177591,1.3016236654800986,75564.60505431173,701.7893046149102,0.45237406164277194,10
221,20,Temporal_Matrix+SVD+KNN,169743.99049208633,0.0904644024833021,1.2787455609255853,85561.20290222771,615.3811284824725,0.41167622153379024,10
221,30,Temporal_Matrix+SVD+KNN,230803.1973480242,0.033056543552742096,1.6888303411060779,86912.80656770074,894.5369595944411,0.31359904035896013,10
221,40,Temporal_Matrix+SVD+KNN,236004.92583808434,0.03380155560784777,1.73030393731946,89829.92304446358,680.4574387221359,0.2821430762811127,10
218,10,Temporal_Matrix+SVD+KNN,486161.97733721556,0.10184348518291085,0.8403388011430338,285647.0601931711,102.58001680708189,0.07013578639466311,10
218,20,Temporal_Matrix+SVD+KNN,511926.1846177899,0.06673027330477381,0.8578431068958816,295524.60975877463,123.59429705954659,0.060687690225745716,10
218,30,Temporal_Matrix+SVD+KNN,492539.49308137136,0.06420319173799201,0.8287125894339847,290823.4416805398,108.61219575918038,0.043686112467890115,10
218,40,Temporal_Matrix+SVD+KNN,503750.190240051,0.06566452133552818,0.8483048042976657,294650.9940204043,111.19045576780718,0.024069029609866233,10
235,10,Temporal_Matrix+SVD+KNN,231583.33624135208,0.09997414885457936,0.9652379555069772,120001.65493790394,135.26550845267315,0.6688552394943386,10
235,20,Temporal_Matrix+SVD+KNN,256748.87895075133,0.06876472304104474,0.9931480126620824,124068.68964545186,154.31019897099972,0.6360553351095305,10
235,30,Temporal_Matrix+SVD+KNN,265076.05011707434,0.07098773859406618,1.0409529170221923,132704.05243089114,182.37217377920513,0.6027065958231516,10
235,40,Temporal_Matrix+SVD+KNN,267698.0539570791,0.07168991490574989,1.0841414303230807,135258.0585572617,186.87260068488118,0.5706673539832314,10
184,10,Temporal_Matrix+SVD+KNN,917380.8568405495,0.0736042180227841,1.1768726530547722,480546.4582488686,162.80604773693966,0.18143978585244958,10
184,20,Temporal_Matrix+SVD+KNN,965189.4342581625,0.07121622407428094,1.13970452240808,484888.7915326994,149.01294438356842,0.21698520006794286,10
184,30,Temporal_Matrix+SVD+KNN,946206.0774406869,0.06981363475223497,1.1073632910302098,485392.58038567443,150.5752697681753,0.2422171044923661,10
184,40,Temporal_Matrix+SVD+KNN,959854.9100006118,0.07082068240691751,1.1182470999780894,495101.4522310372,149.06452196263794,0.2426802451195651,10
69,10,Temporal_Matrix+SVD+KNN,1292044.2334152914,0.08483981419554701,0.5912876917982058,718415.159321772,58.06819295312023,0.7448676694394352,10
69,20,Temporal_Matrix+SVD+KNN,1461287.27344713,0.059965110481498315,0.6209048420501841,799553.2406828348,66.10075083588367,0.7133362492219592,10
69,30,Temporal_Matrix+SVD+KNN,1569280.5564818485,0.06436170692355685,0.6546954668099496,868177.0599712831,72.26665404658229,0.6724675762949281,10
69,40,Temporal_Matrix+SVD+KNN,1594201.1654829036,0.065383788619693,0.6681149149185828,898968.4308626276,76.39116344129202,0.6621843849019542,10
207,10,Temporal_Matrix+SVD+KNN,433895.09277525474,0.059102435997664154,2.288491890898742,126234.99685198134,745.3299277059596,0.3515786146601707,10
207,20,Temporal_Matrix+SVD+KNN,355436.42108563863,0.048414326292986684,1.8692570597958527,124231.9138056351,17756.941992945343,0.4391811783042897,10
207,30,Temporal_Matrix+SVD+KNN,338377.10505603696,0.04609065657133988,1.8139432114436294,125103.24304239069,45519.62450820958,0.44592343646856347,10
207,40,Temporal_Matrix+SVD+KNN,326375.4643005743,0.044455902050164406,1.796814948802523,124882.25131084454,36180.5683457134,0.4408782902537399,10
26,10,Temporal_Matrix+SVD+KNN,717216.6317289391,0.08540518105357264,0.5816326527032128,454891.4756850522,63.588882506850375,0.7714900095850272,10
26,20,Temporal_Matrix+SVD+KNN,888083.5907080546,0.10094631101025757,0.7098637381642429,497165.3421172296,61.91278012839386,0.6569088321173635,10
26,30,Temporal_Matrix+SVD+KNN,952903.9060289728,0.07976432472480915,0.7731064293720293,532366.2349868026,59.58295819393775,0.5856501296046405,10
26,40,Temporal_Matrix+SVD+KNN,1135438.354477373,0.09490496905236892,0.9253893897198954,596372.1297367819,64.30039129593513,0.41366518686073384,10
76,10,Temporal_Matrix+SVD+KNN,762234.6419465098,0.08470630198282045,1.8270532890524829,293559.0623616801,453.2195332538363,0.47537878996569394,10
76,20,Temporal_Matrix+SVD+KNN,851774.6411342936,0.08134723185282161,1.8430208599528743,329340.62237880187,498.28685440120483,0.39069604902303356,10
76,30,Temporal_Matrix+SVD+KNN,849343.189753907,0.08111502038557744,1.90617276987967,339082.5878813049,555.3086007914831,0.35454988165222956,10
76,40,Temporal_Matrix+SVD+KNN,832066.1991447413,0.07946501192919603,1.9085022477733329,336343.4579053646,590.2991367627568,0.33617794781738664,10
106,10,Temporal_Matrix+SVD+KNN,2871137.3476710645,0.05434242091549096,0.5098444876803221,1657638.1820621404,38.01689734981862,0.38566480784490753,10
106,20,Temporal_Matrix+SVD+KNN,2675972.597178987,0.050648510198293785,0.46918872022464003,1669719.8450897585,37.32180240778374,0.3941698768481794,10
106,30,Temporal_Matrix+SVD+KNN,2673871.2571420902,0.05060873783948822,0.4672351896128923,1724979.9764977305,37.89183531937519,0.37559066844252453,10
106,40,Temporal_Matrix+SVD+KNN,2643613.406630718,0.05000149470488721,0.4636441083283099,1734667.7772957662,37.99963197979645,0.36530027773205354,10
199,10,Temporal_Matrix+SVD+KNN,594089.6455111821,0.11680774194542139,1.0516187325928115,302414.71193087706,222.4945564503619,0.45986156898435804,10
199,20,Temporal_Matrix+SVD+KNN,705025.0089294229,0.08004517877212661,1.1881483793424934,335043.8027526241,297.5801437516644,0.3815465720307376,10
199,30,Temporal_Matrix+SVD+KNN,735664.3896611595,0.06937057998484025,1.2273925710481577,345812.98378795484,302.6186954655854,0.35731351537206957,10
199,40,Temporal_Matrix+SVD+KNN,782934.6116322646,0.0738259542351396,1.2990097901266746,357962.42048706784,311.9538781017008,0.3118501352221037,10
160,10,Temporal_Matrix+SVD+KNN,257358.55162103937,0.08430776914148483,2.182284266515722,87783.80226723103,104.27349418745742,0.026971325950740033,10
160,20,Temporal_Matrix+SVD+KNN,280191.39341229445,0.04462225576479222,2.3189881512245862,97001.6101590107,135.46121638189575,-0.029693771864584217,10
160,30,Temporal_Matrix+SVD+KNN,321090.21410159115,0.051135652250853224,2.4923014092400884,98119.40465195221,107.45897061312854,-0.013309393114192103,10
160,40,Temporal_Matrix+SVD+KNN,348770.26951204333,0.05554387656162401,2.6030770626646063,123990.11608630167,192.52371833500462,-0.053975297967028046,10
266,10,Temporal_Matrix+SVD+KNN,4.6307691542321,0.06668307582094224,0.5591589151061208,2.756693523198822,42.293490516647395,0.3195541722375671,10
266,20,Temporal_Matrix+SVD+KNN,4.693106389355384,0.066929640464281,0.5690180024532714,2.870461186587153,46.962695209283204,0.2928482510006645,10
266,30,Temporal_Matrix+SVD+KNN,4.6273794715094265,0.06599229137919889,0.5610976062908711,2.8642846251468517,45.39671630360614,0.2689534381618487,10
266,40,Temporal_Matrix+SVD+KNN,4.579151632387767,0.06530450131756654,0.5556355430825826,2.871289013251286,45.07384186624404,0.24412508331968075,10
55,10,Temporal_Matrix+SVD+KNN,4241489.569070973,0.08935861548908278,0.36414425689158453,2871083.829166641,34.14456094079226,0.6936717140116777,10
55,20,Temporal_Matrix+SVD+KNN,4757996.335143581,0.09384205405255397,0.39492744058287244,3219213.5346503495,38.43363091244868,0.6446998162995976,10
55,30,Temporal_Matrix+SVD+KNN,5073773.288382387,0.08874044317841653,0.41824965395802094,3397644.108398417,39.905824166952655,0.6101452202506408,10
55,40,Temporal_Matrix+SVD+KNN,5523107.36385416,0.05442814175216209,0.45206246847943354,3614831.0268117446,41.80472249526084,0.5588660000772481,10
122,10,Temporal_Matrix+SVD+KNN,527757.221681636,0.05907796488559994,1.5557827270013933,273479.886601001,313.13653778677406,0.03914986951167754,10
122,20,Temporal_Matrix+SVD+KNN,664786.8984002924,0.051356713397707345,1.858317840565264,292571.7288275451,315.7878665256034,-0.005199055118055185,10
122,30,Temporal_Matrix+SVD+KNN,636068.3501105931,0.04913640537827252,1.7904995673874304,293469.4801231236,315.7431823862993,-0.01363628968408781,10
122,40,Temporal_Matrix+SVD+KNN,609891.0635662243,0.0471142048346931,1.7356398877090657,294309.2035081804,320.1964209914363,-0.018432781556676048,10
139,10,Temporal_Matrix+SVD+KNN,1230810.5826307249,0.04417459459780964,2.2856060422798903,353597.47736147116,574.9835463283504,0.36937356239518204,10
139,20,Temporal_Matrix+SVD+KNN,1318058.295241084,0.04730444043809222,2.1885654305353843,397940.42935813486,714.5028875147668,0.33451444290897037,10
139,30,Temporal_Matrix+SVD+KNN,1268855.2840392587,0.04553856944348207,2.1765335893609152,401594.8875436667,777.3248672672364,0.3210563932266184,10
139,40,Temporal_Matrix+SVD+KNN,1196069.1796471823,0.042926313253928663,2.113999038598172,398617.98824723816,809.4474574541504,0.3268041943579354,10
86,10,Temporal_Matrix+SVD+KNN,1563450.622289511,0.10627251606885488,0.8494447600809798,868338.4443628904,66015.27530650154,0.53853382121064,10
86,20,Temporal_Matrix+SVD+KNN,1673101.3832976965,0.08542180434237767,0.9063359590869442,891203.3849790194,116213.22972550846,0.48832642031891116,10
86,30,Temporal_Matrix+SVD+KNN,1637345.0001711224,0.08359622772525176,0.9003087936032514,899323.4133372268,89400.12942923648,0.47977126661814296,10
86,40,Temporal_Matrix+SVD+KNN,1631409.7079447543,0.0832931952797668,0.9137210792158384,924316.5190991405,99978.60585614078,0.4676781684191802,10
73,10,Temporal_Matrix+SVD+KNN,734282.8980923082,0.056488313997407946,1.2916604341998434,279485.06436285167,978.2658681324,0.7181967239369673,10
73,20,Temporal_Matrix+SVD+KNN,1201749.496793123,0.03997280157578512,1.8677189028868217,332367.070428715,859.3467924218471,0.48577239511035664,10
73,30,Temporal_Matrix+SVD+KNN,1128455.9847279622,0.037534872286843664,1.7711409522754353,351993.57949792995,679.6252974375977,0.5065106272579969,10
73,40,Temporal_Matrix+SVD+KNN,1066448.9897349367,0.03547238631534586,1.704592842579867,360594.9889519324,697.7406175356097,0.524874769871029,10
161,10,Temporal_Matrix+SVD+KNN,337012.53892587224,0.0664744182810047,1.1283170414088346,141475.96847217268,396.8119166739278,0.7303844807691753,10
161,20,Temporal_Matrix+SVD+KNN,384724.88805442466,0.07588531004861854,1.1285947673758048,169008.29395639012,367.25743479609696,0.6962003764486415,10
161,30,Temporal_Matrix+SVD+KNN,429397.7116058529,0.06470037090604708,1.252099038139118,182842.7432804684,403.7284909920348,0.6387905526114104,10
161,40,Temporal_Matrix+SVD+KNN,429579.5606857335,0.06472777138490197,1.2873290087122287,188822.01798799593,437.2401879641835,0.6209939559439517,10
262,10,Temporal_Matrix+SVD+KNN,70.13721241859052,0.03846830694983154,1.1820160023877344,12.597091392608542,20.327423232906146,0.037135219043201606,10
262,20,Temporal_Matrix+SVD+KNN,49.23277759150063,0.02686290357397086,0.8508748712281788,11.322331524133503,21.555504058364736,0.06836483701185792,10
262,30,Temporal_Matrix+SVD+KNN,41.08390281795256,0.022416629201753115,0.7117748946233494,11.43702745335338,22.12992842700444,0.09061783595405704,10
262,40,Temporal_Matrix+SVD+KNN,36.82833617750972,0.02009466237584406,0.6373441615042842,11.628025872460237,22.634137530817796,0.0988305439357895,10
159,10,Temporal_Matrix+SVD+KNN,244173.5087866018,0.09424913410565554,2.8086429245897864,72481.76245145792,515.1789927055489,0.18918086459614958,10
159,20,Temporal_Matrix+SVD+KNN,340287.4073936674,0.040765988090715216,3.7952490458588937,79533.75781855476,702.42466068206,0.07025184896297243,10
159,30,Temporal_Matrix+SVD+KNN,488518.41493478644,0.03911977896243007,4.734026865470171,120680.31030244073,1876.7365574293303,-0.01436567866209737,10
159,40,Temporal_Matrix+SVD+KNN,444611.9059723661,0.035603446425882014,4.724601090831998,116495.89127637247,2033.567746457038,-0.03996621619859653,10
227,10,Temporal_Matrix+SVD+KNN,881128.0344514928,0.058759617231824136,2.1996938521217175,272443.07768160966,144.94380538678703,0.003196876531101678,10
227,20,Temporal_Matrix+SVD+KNN,709607.8951558231,0.04731320092475399,1.808924778276254,277272.47531796934,176.52359025345987,-0.017044583798213164,10
227,30,Temporal_Matrix+SVD+KNN,725849.9816270389,0.04839614420356449,1.7962649185888522,292176.071077955,187.40293420507632,-0.049081649521516946,10
227,40,Temporal_Matrix+SVD+KNN,697545.6037447583,0.046508946038301066,1.7416496034660187,287468.76050729543,187.3842758020019,-0.043989835235344055,10
7,10,Temporal_Matrix+SVD+KNN,378851.61725413136,0.06816864478675591,1.1658196820756321,155912.80169208162,1095.0668613025482,0.7218245581403817,10
7,20,Temporal_Matrix+SVD+KNN,469102.2538074091,0.06688994133564195,1.2327778768359614,191627.5269670615,1299.852300322548,0.6702105698329199,10
7,30,Temporal_Matrix+SVD+KNN,509657.60448951885,0.06951164852752323,1.3448103486637917,206631.86497632705,1493.4103975361159,0.6173791933508834,10
7,40,Temporal_Matrix+SVD+KNN,517601.39721071627,0.07059509381068436,1.4001184122580903,214846.93791817586,1626.4078396811087,0.5819139213168403,10
20,10,Temporal_Matrix+SVD+KNN,209018.4611110581,0.08545099699643986,1.0030237839255896,133858.58541363257,533.2027795361786,0.25352369977758404,10
20,20,Temporal_Matrix+SVD+KNN,212597.96804834495,0.08689933578539126,0.9871967915614522,140178.40656980724,554.1054250197624,0.2310827395793964,10
20,30,Temporal_Matrix+SVD+KNN,241330.37211299903,0.06058605725588094,1.1099064566483694,148713.06579032494,584.1599525557244,0.15753227165638606,10
20,40,Temporal_Matrix+SVD+KNN,247271.14278512372,0.06207748939073413,1.1260582459343036,154056.46919098232,647.3942824078248,0.14560728531657974,10
149,10,Temporal_Matrix+SVD+KNN,425905.78398480243,0.0950347301556394,0.7817522724728746,254640.75620830528,545.4136472722058,0.5995681489358908,10
149,20,Temporal_Matrix+SVD+KNN,463999.1237679255,0.08173027880691562,0.8027429344227153,277905.51585386746,601.2807719932331,0.5643838199219939,10
149,30,Temporal_Matrix+SVD+KNN,487734.69885424245,0.08590700266889745,0.8507030783204206,291907.16870653874,782.8829922226872,0.5269139528320838,10
149,40,Temporal_Matrix+SVD+KNN,510330.5617416283,0.08988691809819274,0.8820680234402326,304599.77438303956,787.3160171833204,0.49211245807565795,10
28,10,Temporal_Matrix+SVD+KNN,579692.0561847696,0.08400295803408823,0.6542698372163585,388778.8519260778,65.8459118976674,0.24880142792756088,10
28,20,Temporal_Matrix+SVD+KNN,663167.583231704,0.08479658299048698,0.7332012620138306,412685.7877377628,72.5392492219076,0.20936075521925857,10
28,30,Temporal_Matrix+SVD+KNN,718904.615631228,0.0875256448476809,0.788792296191392,455213.2543367597,79.7560443744864,0.05682069398375844,10
28,40,Temporal_Matrix+SVD+KNN,816218.4468233945,0.0381790572269976,0.8899007153224884,469418.8018488919,81.42801233438601,0.019665973444344398,10
215,10,Temporal_Matrix+SVD+KNN,2137592.651105865,0.08409792519397052,1.787841839989433,978135.9572210896,295.23743887263794,-0.0221506533163931,10
215,20,Temporal_Matrix+SVD+KNN,1982411.9195141124,0.07795162148220779,1.6545731341289358,887745.714521296,232.15860931297198,-0.03823518966945971,10
215,30,Temporal_Matrix+SVD+KNN,1932901.1257767053,0.07600477753181024,1.6315013710943636,889801.8894741273,239.41887774946915,-0.049786884925990815,10
215,40,Temporal_Matrix+SVD+KNN,1997676.255697534,0.07855183970357466,1.6686042368679173,1066680.9348216045,391.91545320277964,-0.10147936307596916,10
205,10,Temporal_Matrix+SVD+KNN,558128.2775565996,0.08816851909000367,1.2254216566076115,270959.1075303524,176.02837178103945,0.41412309725072327,10
205,20,Temporal_Matrix+SVD+KNN,793006.511223264,0.05280233157001042,1.5300398097258092,313488.7335645333,170.8263104333916,0.30984802616515583,10
205,30,Temporal_Matrix+SVD+KNN,737735.6656177685,0.04912212280184488,1.452287631680777,315791.0081549938,172.21891817797396,0.30597358931500596,10
205,40,Temporal_Matrix+SVD+KNN,722214.4857741531,0.04808864517857023,1.4411644123096456,320652.78296647343,177.87301498830573,0.28577440511743224,10
206,10,Temporal_Matrix+SVD+KNN,558086.7743266536,0.06355379007737626,1.5075674706086148,224841.85122942016,248.58020069162575,0.30013933203017873,10
206,20,Temporal_Matrix+SVD+KNN,754382.8466366399,0.039232290354587245,1.8859992221138426,250860.0114447756,280.57082115692424,0.20953726922184202,10
206,30,Temporal_Matrix+SVD+KNN,696002.0334523502,0.03619614892561042,1.7780415894481045,263772.073181706,302.4095800069104,0.20707252662490983,10
206,40,Temporal_Matrix+SVD+KNN,669419.9076586001,0.03481372396455496,1.7442760617831647,265180.7014921377,323.0814173634277,0.2036038891603008,10
130,10,Temporal_Matrix+SVD+KNN,998874.0656404482,0.12016123766009226,0.5162880663874294,716657.7477256705,54.402604010972134,0.3920001365592961,10
130,20,Temporal_Matrix+SVD+KNN,1010500.2134628629,0.11503832703304807,0.517354758690397,717171.325852692,54.72256521819524,0.33867888202405594,10
130,30,Temporal_Matrix+SVD+KNN,1069509.160749657,0.10578788354260468,0.545461237026502,757161.3493918299,55.37108030124377,0.28643370617106223,10
130,40,Temporal_Matrix+SVD+KNN,1114477.139328866,0.1072272887604433,0.5685579860356665,780164.7628342515,56.997490759933356,0.2331767810592702,10
40,10,Temporal_Matrix+SVD+KNN,520291.42411873094,0.10915418481153047,0.8297826291735749,321168.06006747665,247.12259032995655,0.5284442262789955,10
40,20,Temporal_Matrix+SVD+KNN,597254.0295768788,0.09347095528027627,0.8744350706137207,363532.0008090608,306.5682808163723,0.48699792734690084,10
40,30,Temporal_Matrix+SVD+KNN,617559.6137432557,0.09664880298923173,0.905765914759354,379646.7819236809,316.3241994385961,0.45103602608598403,10
40,40,Temporal_Matrix+SVD+KNN,621768.9241498328,0.09730756499884548,0.9145760947120978,388372.6524790193,320.40736337331504,0.4287707883662154,10
222,10,Temporal_Matrix+SVD+KNN,1165820.0298524525,0.08668811512999722,0.8177955330594066,671463.9957042523,1222.1533910540938,0.4659763369587361,10
222,20,Temporal_Matrix+SVD+KNN,1183165.9068509,0.08797792088368847,0.8346796999248407,686500.7767190335,1292.7106727314629,0.4546344219120374,10
222,30,Temporal_Matrix+SVD+KNN,1349855.3898127647,0.061962391829548755,0.9329974884641654,738555.043638008,1604.0997776962804,0.39499225302916996,10
222,40,Temporal_Matrix+SVD+KNN,1367957.9632325475,0.0627933539872917,0.9328769978843833,753150.1378210852,1485.8599974649183,0.38427871030333627,10
223,10,Temporal_Matrix+SVD+KNN,264896.43177976145,0.07460812951800551,0.9645821332172705,122541.65306861854,367.1526717142462,0.7733153044260634,10
223,20,Temporal_Matrix+SVD+KNN,322966.0586705274,0.09095336296829007,1.0402692194831142,148554.39862550434,381.0138480089841,0.700770339941281,10
223,30,Temporal_Matrix+SVD+KNN,336813.9489497307,0.07644153919888488,1.0824406642286828,157600.58734001554,398.3442358841063,0.6787880597887441,10
223,40,Temporal_Matrix+SVD+KNN,346754.9706718444,0.07869770170051968,1.1291479263331736,165636.32902852428,416.57077704445464,0.6549297814384163,10
4,10,Temporal_Matrix+SVD+KNN,211312.1790110058,0.08409805089716788,1.2838862809100624,90217.64648513198,361.10460488281313,0.6326109583353072,10
4,20,Temporal_Matrix+SVD+KNN,217344.83446366066,0.05971330377604319,1.2428397022774793,96040.79288836998,384.7259008425022,0.6198352051746615,10
4,30,Temporal_Matrix+SVD+KNN,212811.68904478446,0.05846786773830017,1.2359139989089918,97171.40595057771,412.11434868295225,0.6160250245376463,10
4,40,Temporal_Matrix+SVD+KNN,236391.43094043992,0.049752414756509204,1.3530636582321685,102996.59639804259,456.9731798970916,0.5607118130560818,10
248,10,Temporal_Matrix+SVD+KNN,419526.13658060983,0.06125034796361045,1.530710937777507,168699.75561716422,182.9736304445681,0.3891061943937665,10
248,20,Temporal_Matrix+SVD+KNN,418799.10957279423,0.05437050743873915,1.5061127986931007,167346.0158119023,188.96914577735458,0.36626458580677823,10
248,30,Temporal_Matrix+SVD+KNN,436216.1060463472,0.05663166538936561,1.574864142139187,171648.05793733898,209.8144147277475,0.32530512061247285,10
248,40,Temporal_Matrix+SVD+KNN,411494.32435520494,0.05341135763607043,1.536757461580982,168724.30890899186,246.93247466084003,0.32879201136181746,10
136,10,Temporal_Matrix+SVD+KNN,1804693.8715289487,0.08034288892077969,1.2618801920843972,749199.7814449703,96.57465106635347,0.2750896808200747,10
136,20,Temporal_Matrix+SVD+KNN,1486258.6007351421,0.06611119704875662,1.0759868514871473,695672.549021982,107.1013171574273,0.3258926975900308,10
136,30,Temporal_Matrix+SVD+KNN,1430686.605256055,0.06363508102894462,1.0477208451541404,693419.6322228991,111.33672372303138,0.3162045119457684,10
136,40,Temporal_Matrix+SVD+KNN,1383104.8467279165,0.06151870624196193,1.0261224534159235,688309.7503451698,111.08113490242184,0.3225289683683348,10
203,10,Temporal_Matrix+SVD+KNN,890150.9335444272,0.08701878487175799,1.0407544200728231,453070.3915697568,573.4318774550222,0.5032824549275844,10
203,20,Temporal_Matrix+SVD+KNN,882312.2489558316,0.08625099738913179,1.029222732765749,489145.9173610918,644.348873619503,0.4470184798257558,10
203,30,Temporal_Matrix+SVD+KNN,930449.5360100574,0.09095441531859536,1.0951436158309849,515625.8830331229,799.8350612316881,0.37433844339757505,10
203,40,Temporal_Matrix+SVD+KNN,994291.8611405739,0.09719476501294823,1.144272846674239,550361.6347674077,873.6622779716129,0.3133908332796509,10
65,10,Temporal_Matrix+SVD+KNN,635937.5206177905,0.0845623551752711,1.2173934695698905,307055.13466537197,532.2442206953351,0.6246723363970555,10
65,20,Temporal_Matrix+SVD+KNN,715275.8812267376,0.07990416098404833,1.229940857133572,348133.23394503497,522.2918772479812,0.6009069128717173,10
65,30,Temporal_Matrix+SVD+KNN,749269.3444154866,0.08370160365802841,1.2777426545210737,359836.264462333,628.7281276123031,0.5770691160460037,10
65,40,Temporal_Matrix+SVD+KNN,849603.4639051862,0.036817808623201415,1.4503283116775358,366845.4553078905,599.9161240407163,0.5072948649500528,10
90,10,Temporal_Matrix+SVD+KNN,3424675.0784305343,0.09698382028241592,0.7433777345685469,1926067.0581466425,51.26915115765725,0.3081483241846663,10
90,20,Temporal_Matrix+SVD+KNN,3501780.600735154,0.07766878310423066,0.7546304845477678,1953503.2922076501,55.649614639424286,0.2705985143573102,10
90,30,Temporal_Matrix+SVD+KNN,3425359.7425105884,0.07597378397697611,0.7389189480317662,1939132.8413473757,55.235426240257446,0.25153116766940353,10
90,40,Temporal_Matrix+SVD+KNN,3503017.4949209746,0.0776962171662679,0.7536332402225472,2010859.5082308454,56.633084459992176,0.22388154424003226,10
256,10,Temporal_Matrix+SVD+KNN,77064.64807894989,0.14015802016424553,5.158048050323337,22542.66911313856,1964.7527286185152,-1.4705430246889302,10
256,20,Temporal_Matrix+SVD+KNN,78848.80544475578,0.14340287977609542,5.565615462324029,22641.8010822085,2635.9351496916515,-2.524712694175305,10
256,30,Temporal_Matrix+SVD+KNN,74034.71477900672,0.1346474590556722,5.479319394260188,20862.37371114672,2185.1950570050535,-2.6793173625790483,10
236,10,Temporal_Matrix+SVD+KNN,4310114.967084878,0.10738967445271054,3.3613691593958004,1590907.6101117425,10624.197772814337,0.06745260259113195,10
236,20,Temporal_Matrix+SVD+KNN,4220988.36046149,0.09364346404860327,3.398588470342102,1588961.7964573891,10085.423528136678,0.040113542710161876,10
236,30,Temporal_Matrix+SVD+KNN,4154941.6158032734,0.09217820391738302,3.4616017204262772,1581981.994658016,9502.13963302972,0.041281788785285656,10
236,40,Temporal_Matrix+SVD+KNN,3865442.6947817896,0.08575561292975452,3.4456910205896834,1310700.5644745422,5664.201660510569,0.0776625219409488,10
276,10,Temporal_Matrix+SVD+KNN,858322.9291036141,0.03948829031631958,9.867855821346645,111503.14924709294,727.8720481277348,-0.020346559237790274,10
276,20,Temporal_Matrix+SVD+KNN,647463.5287525118,0.029786985341658325,9.091446235498113,106651.3454957178,1005.0230603789282,-0.20434062450313117,10
276,30,Temporal_Matrix+SVD+KNN,626183.8421866292,0.02880799936999394,7.946900164532433,88779.03859474778,622.8564174400412,-0.010366929065517949,10
276,40,Temporal_Matrix+SVD+KNN,707542.8441035395,0.03226409196710412,8.018067843646927,101878.78701338562,643.4685852449549,-0.018646630597369374,10
260,10,Temporal_Matrix+SVD+KNN,489416.11418873287,0.043011354288328876,8.37295637687171,81607.49115162021,122907.05222296531,-0.018046525662852364,10
260,20,Temporal_Matrix+SVD+KNN,490922.56186473893,0.04257281952244835,7.448329573791624,86921.95494727854,104415.97810865994,-0.025420490578035526,10
260,30,Temporal_Matrix+SVD+KNN,412826.0185897372,0.03580028442723924,7.066551067035353,80707.50700291111,120563.73454207853,-0.03490809904148384,10
260,40,Temporal_Matrix+SVD+KNN,375919.9669863365,0.03259979055090448,7.046787719339499,81951.41972738378,116138.5022131718,-0.11132708654559687,10
66,10,Temporal_Matrix+SVD+KNN,1233944.7898608372,0.0690332963798762,0.9471225647331974,646451.3985661656,142.75471638841017,0.334832766281963,10
66,20,Temporal_Matrix+SVD+KNN,1214522.0804222627,0.06794668888479974,0.8902145179473043,672322.0901047963,111.67189737559808,0.36372954374001454,10
66,30,Temporal_Matrix+SVD+KNN,1247413.786412306,0.06978682217658702,0.9254192169186065,681559.6099477325,102.71114479274715,0.3216898345921806,10
66,40,Temporal_Matrix+SVD+KNN,1331817.9817426477,0.060871683623678605,0.9746860780469948,700947.7074644299,104.37129744377908,0.2922199175307313,10
70,10,Temporal_Matrix+SVD+KNN,757016.2309931028,0.07977002262999652,0.9939490380078871,340411.0284960216,362.7079906621147,0.7823194376362488,10
70,20,Temporal_Matrix+SVD+KNN,859976.8215580019,0.09061306158909348,0.9851287798288293,408189.8823613965,355.6851568514751,0.7521589526787478,10
70,30,Temporal_Matrix+SVD+KNN,928105.8292379532,0.08956367098553573,1.066757775909729,437705.3710149155,367.5867763747015,0.7136951755478864,10
70,40,Temporal_Matrix+SVD+KNN,939661.4767180127,0.09067880912638619,1.1039696183273082,442499.5914576269,389.06163396583105,0.6940816488915018,10
121,10,Temporal_Matrix+SVD+KNN,3061.045392492638,0.04083838230467033,0.8457247315331423,970.710590465985,27.40929509908344,-0.028343172498592084,10
121,20,Temporal_Matrix+SVD+KNN,2324.9329717178416,0.030679055114543975,0.652046832223577,951.1156971883296,30.105830436497023,-0.12505994382693175,10
121,30,Temporal_Matrix+SVD+KNN,2129.239145071037,0.02809674338069759,0.5956101367772572,937.9135338873726,28.660005244453423,-0.28297858708248347,10
121,40,Temporal_Matrix+SVD+KNN,2291.2385950590647,0.030234435140058843,0.6354025458386647,945.5651528484851,28.30330755094515,-0.11398516651745072,10
183,10,Temporal_Matrix+SVD+KNN,242203.77690728998,0.0875239647288054,1.3320739197534224,117696.87368551153,610.5034761249465,0.5165267094941146,10
183,20,Temporal_Matrix+SVD+KNN,270559.1505902366,0.08833869536933418,1.3287455606969396,134268.36145770855,738.344407262443,0.4703135375714306,10
183,30,Temporal_Matrix+SVD+KNN,288016.2757720555,0.06524791323185726,1.40609626486772,133661.20958864415,713.3540833150901,0.4376785463807956,10
183,40,Temporal_Matrix+SVD+KNN,329020.29593072337,0.039927957937707,1.5741522177300187,142013.98384146072,765.9604009654768,0.3523573609441587,10
179,10,Temporal_Matrix+SVD+KNN,1329847.7846952945,0.1017137091051816,0.6759785777775577,811184.1271649364,64.88781526411688,0.5156195233649397,10
179,20,Temporal_Matrix+SVD+KNN,1597672.8488368238,0.04439976706850034,0.7739144867943584,845897.3502442187,64.01759323800442,0.4779036742675604,10
179,30,Temporal_Matrix+SVD+KNN,1599023.1587794947,0.044437292552499466,0.7814251724568874,871498.5773659638,67.65729957036896,0.44452502636066604,10
179,40,Temporal_Matrix+SVD+KNN,2115862.093943462,0.03622939824378868,1.0230755132107117,936557.8279611138,72.74580449689887,0.29935709961280166,10
58,10,Temporal_Matrix+SVD+KNN,331729.30970347347,0.04978913525706439,1.5685364350994773,135469.06585356544,296.3333737412369,0.4748651021441985,10
58,20,Temporal_Matrix+SVD+KNN,319197.8950654427,0.04790761459075328,1.3643346445306175,145447.70211994788,295.14793862075305,0.4900426875929832,10
58,30,Temporal_Matrix+SVD+KNN,345556.2451456514,0.05186110548411414,1.4599178428664783,152430.40125696087,312.36537376410547,0.43550745377515543,10
58,40,Temporal_Matrix+SVD+KNN,348034.0711927124,0.05223297779087495,1.4898506915447138,156171.87707194456,333.8870674218459,0.4075408854288851,10
279,10,Temporal_Matrix+SVD+KNN,3.3161773682281006,0.091759196685891,0.7661561752330388,2.2897114249295005,89.50813960622108,-0.08515035422328054,10
279,20,Temporal_Matrix+SVD+KNN,3.335717464779551,0.08398080223513472,0.7838722872360608,2.3112831300435626,96.8139223634623,-0.0898947476120957,10
279,30,Temporal_Matrix+SVD+KNN,3.3729272905111243,0.08491760550128712,0.7783713173599794,2.3369610769205305,91.99633689396617,-0.10470790716705003,10
279,40,Temporal_Matrix+SVD+KNN,3.3506954263349296,0.08435789089463569,0.7702139011403638,2.3554937098968285,90.83261670475747,-0.1326551143479502,10
148,10,Temporal_Matrix+SVD+KNN,958383.7844841942,0.06220581204713941,3.582070708876798,231973.4215518558,1575.7026615174534,0.10046955642487021,10
148,20,Temporal_Matrix+SVD+KNN,1009170.8313001137,0.059646989157229685,3.762239106075201,257386.0892558448,2348.7689643963454,0.06670953269438706,10
148,30,Temporal_Matrix+SVD+KNN,971968.0559995789,0.05744806133299259,3.808421877352307,263526.45183798776,3144.4554880523015,0.07648368480523127,10
148,40,Temporal_Matrix+SVD+KNN,949809.7666180535,0.05613839816086811,3.6576174261310044,281353.811217494,4149.965190438665,0.058481145905542986,10
230,10,Temporal_Matrix+SVD+KNN,1521774.6946809283,0.12647833166410954,0.5101661176320981,1062152.868172412,46.40652624487427,0.30980677923531674,10
230,20,Temporal_Matrix+SVD+KNN,1531184.6721967433,0.12532357971127872,0.5071504161563096,1079489.6521835376,49.266547981553224,0.3173446778084281,10
230,30,Temporal_Matrix+SVD+KNN,1613468.065554601,0.0970657744229984,0.5312768336526511,1120041.6639505886,49.85553403305441,0.27586288447615337,10
230,40,Temporal_Matrix+SVD+KNN,1642873.5377583029,0.09883479916706434,0.5416837481758491,1138328.1896586628,49.63117222560621,0.237186410955738,10
48,10,Temporal_Matrix+SVD+KNN,28333525.264005266,0.10132914290532792,0.26799981505920617,20939608.22861796,24.774124119192034,0.7357271310921297,10
48,20,Temporal_Matrix+SVD+KNN,29062637.683638364,0.09277190768796391,0.27669971936085697,21698738.144476566,26.0931107802359,0.7110075501879052,10
48,30,Temporal_Matrix+SVD+KNN,29990894.85774627,0.0946189465455193,0.28475486500330377,22806218.530326977,28.13484539259964,0.688901379016813,10
48,40,Temporal_Matrix+SVD+KNN,32222799.89194229,0.09497165562165708,0.30429578504272925,24382517.781138815,29.589535823583912,0.6496050591320524,10
71,10,Temporal_Matrix+SVD+KNN,284485.9174048757,0.0730568625049295,1.2171257638149755,140736.876324384,488.5434321266426,0.43906431082283404,10
71,20,Temporal_Matrix+SVD+KNN,278144.94389080623,0.07142634943530582,1.105415551268103,149041.04398432508,464.46439455661294,0.48612511185167595,10
71,30,Temporal_Matrix+SVD+KNN,274816.94837759726,0.07057173540881856,1.1020601804958685,151697.28793181153,494.49499899821194,0.4763526164311277,10
71,40,Temporal_Matrix+SVD+KNN,291255.94795945403,0.0643781539867669,1.1757832024887587,155505.62454586368,504.5955257584628,0.41962055134737297,10
171,10,Temporal_Matrix+SVD+KNN,872047.9410618468,0.055095848947112405,1.2216745854138495,352533.363856877,77.56095607956853,0.22525475111891746,10
171,20,Temporal_Matrix+SVD+KNN,1213900.3840016597,0.03199026437177528,1.6462081204941459,362927.0653238161,80.67364600198627,0.13403218752837243,10
171,30,Temporal_Matrix+SVD+KNN,1042544.9002084548,0.02747448424653349,1.439649056746252,351517.5574874861,78.22478295185996,0.15437896182035415,10
171,40,Temporal_Matrix+SVD+KNN,951640.480526214,0.025078854047775993,1.331166232206626,347105.7481932927,77.79006252480183,0.15697565510431843,10
105,10,Temporal_Matrix+SVD+KNN,3607112.9378282884,0.1303579375433219,0.7819787079075523,2075833.7254473455,78.48488787579134,0.3160613661086119,10
105,20,Temporal_Matrix+SVD+KNN,3736374.0039451495,0.07586093190738416,0.7780614427513609,2154760.4395380416,79.26863078684335,0.30970844581552404,10
105,30,Temporal_Matrix+SVD+KNN,3783329.1477173613,0.07681427891189818,0.7836934277654216,2242563.86660331,81.3538989741992,0.27703191183609466,10
105,40,Temporal_Matrix+SVD+KNN,3980550.1259198,0.08081852666180907,0.82072257025067,2365094.9189354246,85.7053061503937,0.23991817913542812,10
273,10,Temporal_Matrix+SVD+KNN,55181.280138658876,0.13567220314027229,3.1031094601856624,26596.924366941814,11697.919189199984,-0.2557343325154293,10
273,20,Temporal_Matrix+SVD+KNN,46293.61321408037,0.11142323937188763,2.538931943967566,19275.0487614987,2789.9820688753143,0.11049474885455646,10
273,30,Temporal_Matrix+SVD+KNN,85382.00309767447,0.027807300366493603,4.3925809605712445,21745.426233146965,3024.2549871674,0.025516636998146103,10
273,40,Temporal_Matrix+SVD+KNN,224716.96772542433,0.027114449488550654,9.010701977932195,23042.993547757706,1475.6949626959988,0.0016693587584057923,10
187,10,Temporal_Matrix+SVD+KNN,808636.2615494285,0.050465113752643787,1.2860993948774906,316431.1217176919,82.47539900795682,0.06467555546420667,10
187,20,Temporal_Matrix+SVD+KNN,1010430.1966116163,0.060649406663960605,1.5019822788018895,375230.2257061063,98.85011847599122,0.010395544029976667,10
187,30,Temporal_Matrix+SVD+KNN,878459.5274162013,0.05272808482442313,1.3439419727861421,364238.6911172385,98.54900538795923,0.0059435880112916895,10
187,40,Temporal_Matrix+SVD+KNN,818113.2417214464,0.04910589851800226,1.2747172949871675,366181.16150611034,106.03144035622998,-0.007300632014630493,10
157,10,Temporal_Matrix+SVD+KNN,295801.570651595,0.058059677697552735,1.8271628142308771,97501.1231595218,365.85391518798207,0.45964832608082595,10
157,20,Temporal_Matrix+SVD+KNN,403082.74638835224,0.04154628175701158,2.1042988126096245,125868.64804330692,415.2359894354101,0.33278824084942016,10
157,30,Temporal_Matrix+SVD+KNN,389756.4567585883,0.040172723129919444,1.9896930427962956,131153.3658607649,406.5675506105017,0.35468394407301707,10
157,40,Temporal_Matrix+SVD+KNN,375454.05721522786,0.038698555538887625,1.9487639523322386,131310.70446396328,429.5378031945706,0.364970638415121,10
212,10,Temporal_Matrix+SVD+KNN,483917.494969869,0.04784491428907737,0.949843784262702,161827.3211041078,28.996043663009445,0.04705846028192362,10
212,20,Temporal_Matrix+SVD+KNN,393690.9348693708,0.03873994586721541,0.7641400271042574,157286.62136380636,29.30263657610115,0.09843033182780736,10
212,30,Temporal_Matrix+SVD+KNN,370993.3554588185,0.03650646035916484,0.7208899031560486,158192.70472727844,29.494220612167005,0.09666859083493984,10
212,40,Temporal_Matrix+SVD+KNN,353088.11482371186,0.03474455021212614,0.6880305645096091,158876.19776438377,30.399942858738516,0.11363925167653055,10
124,10,Temporal_Matrix+SVD+KNN,917839.7915096146,0.09716052728295493,0.8958441924916097,566632.5609825345,269.90544242037527,0.5247492432940548,10
124,20,Temporal_Matrix+SVD+KNN,897111.314660192,0.09496456149009168,0.8437727944453467,563743.2221108136,260.15006884109215,0.534018660358641,10
124,30,Temporal_Matrix+SVD+KNN,1028527.2031661144,0.05649649199622932,0.9652138804296878,600392.7031656872,289.2765066012896,0.4497135909930924,10
124,40,Temporal_Matrix+SVD+KNN,1051048.1577493649,0.05773355692406337,0.9865572370966093,612554.8859457653,295.91501924351473,0.4206636448135693,10
78,10,Temporal_Matrix+SVD+KNN,4738354.134235501,0.09759059046842286,0.9658781158788804,2476673.162316421,85.07787767109389,0.20200934369294177,10
78,20,Temporal_Matrix+SVD+KNN,4667927.470485404,0.09204979361000057,0.9372395203920428,2544654.718636323,99.2670436821744,0.19062368631399795,10
78,30,Temporal_Matrix+SVD+KNN,4670648.421769636,0.08914495979121945,0.95199699636795,2552270.046782408,107.32729572797182,0.19224056844639126,10
78,40,Temporal_Matrix+SVD+KNN,4809128.763594671,0.059995648172614026,0.9808002545767015,2579418.694429853,109.96647270435179,0.16116192214746783,10
214,10,Temporal_Matrix+SVD+KNN,443311.59443146223,0.11227630384595352,1.247829986788191,202770.65707611706,497.0787627351408,0.6411218881729506,10
214,20,Temporal_Matrix+SVD+KNN,470089.00901341444,0.0996738620407193,1.2557399140958463,220399.05399353761,6650.775137433074,0.6103312376654267,10
214,30,Temporal_Matrix+SVD+KNN,478226.3585360327,0.07841323338276393,1.2843122671407339,222877.59565924763,8689.967152066542,0.6072419718043205,10
214,40,Temporal_Matrix+SVD+KNN,513049.7524425689,0.05932064627757814,1.3872230782712842,232883.82049601898,7239.680906204518,0.5674363580101554,10
85,10,Temporal_Matrix+SVD+KNN,289370.97237131884,0.08815863094096422,1.2106964027990614,143839.59458179728,255.417935205647,0.31765308159273176,10
85,20,Temporal_Matrix+SVD+KNN,306248.72982347495,0.0756702566779761,1.2215597973704395,150232.85774140377,203.75103251935704,0.30083090320354233,10
85,30,Temporal_Matrix+SVD+KNN,380375.33994264825,0.03546610537735832,1.481326939665344,156748.752793728,175.42216440192993,0.20287976493538806,10
85,40,Temporal_Matrix+SVD+KNN,440918.3999197636,0.04111112575470416,1.7179041098195098,233069.45593611934,324.92283612833586,-0.06704393220645533,10
182,10,Temporal_Matrix+SVD+KNN,33.33710542905248,0.044623206924362155,0.46440876106670376,14.705035207842226,19.885453658253653,0.8001726451505804,10
182,20,Temporal_Matrix+SVD+KNN,36.64844709833609,0.04870211145703886,0.5155635673284831,16.208479538882216,22.284500595008314,0.7480018827958979,10
182,30,Temporal_Matrix+SVD+KNN,42.72791864027435,0.0567811195481843,0.6019208036784435,18.284137623984304,23.785895538172845,0.6537371313096563,10
182,40,Temporal_Matrix+SVD+KNN,67.3590970373465,0.033285010197795374,0.9288722480594089,21.9681980127169,24.94657971141744,0.3605321086691463,10
127,10,Temporal_Matrix+SVD+KNN,713573.1248449401,0.045578565896821084,2.4499779645914628,177584.79213893405,762.4444832603122,0.31724773757197355,10
127,20,Temporal_Matrix+SVD+KNN,631903.0498714051,0.04036158950788741,1.931502136082708,192425.67255371917,705.0097685264634,0.4134529994395595,10
127,30,Temporal_Matrix+SVD+KNN,579998.6342829533,0.0370462949922901,1.8477613564333575,192867.8513463125,819.4595445975823,0.4215718195914453,10
127,40,Temporal_Matrix+SVD+KNN,584802.6057077578,0.03735313940884266,1.8984008274947521,199235.17962729398,861.3429537895989,0.3953253650297174,10
89,10,Temporal_Matrix+SVD+KNN,4257723.527277121,0.10991906234843471,1.7145283882724667,2247524.269798929,208.46585309081559,0.05596212032653125,10
89,20,Temporal_Matrix+SVD+KNN,4246163.841457766,0.09759259367758795,1.681002054427496,2244653.530199967,208.47890951924052,0.08492506983227843,10
89,30,Temporal_Matrix+SVD+KNN,4281157.558243562,0.09839687907755318,1.6547943510940584,2271680.931452676,206.6883568420037,0.10376463689643667,10
89,40,Temporal_Matrix+SVD+KNN,4447086.221048929,0.10221053516178716,1.7086942846400242,2332081.5790405814,208.64215958431865,0.055186283134779246,10
57,10,Temporal_Matrix+SVD+KNN,11745315.127515307,0.10939262955637309,0.35117809071325695,8252020.965806972,33.429661644409656,0.7128546796250197,10
57,20,Temporal_Matrix+SVD+KNN,12545312.881551728,0.07094145625139789,0.36692485976678996,8645730.221514923,33.93908944407122,0.6797291454691186,10
57,30,Temporal_Matrix+SVD+KNN,13668887.159363993,0.05059892115142479,0.39891672717345733,9120901.3603792,35.87500490057782,0.6319163678124394,10
57,40,Temporal_Matrix+SVD+KNN,14780131.03810303,0.054712477781512316,0.42823628378140094,10015276.388461476,38.60282094960315,0.5802619929549265,10
81,10,Temporal_Matrix+SVD+KNN,432712.3738645183,0.05531533440982514,1.03519392411551,214641.49254679438,94.7953879703054,0.28533562577795724,10
81,20,Temporal_Matrix+SVD+KNN,415302.8685734149,0.053058451708671135,0.9852066611047595,219163.87496015654,94.62391464698293,0.27905704717188207,10
81,30,Temporal_Matrix+SVD+KNN,426148.36845126783,0.054444055987067135,1.0121125637974968,225440.92614032,96.96052171061201,0.25055035521218505,10
81,40,Temporal_Matrix+SVD+KNN,443573.5189306352,0.05667026624273361,1.0525590244993073,236274.83562828746,98.74484713149731,0.2108821275973396,10
38,10,Temporal_Matrix+SVD+KNN,786780.7302232303,0.075216054027571,1.2900647414914934,318058.1360376739,33949.15655147373,0.5981550937647149,10
38,20,Temporal_Matrix+SVD+KNN,981125.9831419374,0.07743826695446555,1.491187048857518,382860.45753734844,51419.14953737679,0.4713127001883739,10
38,30,Temporal_Matrix+SVD+KNN,994366.9766498432,0.078483351487569,1.5440466389297614,407410.3274285129,56891.354095246905,0.4300473312780976,10
38,40,Temporal_Matrix+SVD+KNN,967147.791208682,0.07633499685758995,1.5556920773102576,416969.35984874365,44069.51977537388,0.41416163516958493,10
175,10,Temporal_Matrix+SVD+KNN,2063970.6677559337,0.10354028499850969,0.6536600290446649,1215569.2007364107,56.06418371819114,0.5374492504467863,10
175,20,Temporal_Matrix+SVD+KNN,2122017.5101470463,0.09562944760506505,0.6658093331050876,1257820.6762470047,55.585780540052845,0.5231640262649577,10
175,30,Temporal_Matrix+SVD+KNN,2135938.905254505,0.08726804482711799,0.6709532502294847,1259602.5827151078,56.414265348461676,0.5092723746686507,10
175,40,Temporal_Matrix+SVD+KNN,2250441.2631381485,0.09194626707215446,0.6957714375460445,1317780.3390731888,56.109253872748646,0.47489343082492474,10
59,10,Temporal_Matrix+SVD+KNN,7939398.816714442,0.10625918438508386,0.4206671368769808,5459549.751691485,49.06413446088116,0.6482297512991677,10
59,20,Temporal_Matrix+SVD+KNN,7952969.819373359,0.10198359536533887,0.41157265167881235,5646147.4910362465,48.29149036846541,0.6470218665413393,10
59,30,Temporal_Matrix+SVD+KNN,8388578.490455984,0.0943116666638947,0.435268307199369,5976019.719738024,50.92840016291738,0.6030927631181495,10
59,40,Temporal_Matrix+SVD+KNN,8722548.933440033,0.09806645171241521,0.4504959717333484,6264474.8145481115,52.375215192179716,0.5740920950750452,10
115,10,Temporal_Matrix+SVD+KNN,1640323.0665906472,0.11275947494766968,1.280191928597529,849868.3754748122,611.4128814308549,0.49345992471851785,10
115,20,Temporal_Matrix+SVD+KNN,1696539.3192954853,0.11661259719751747,1.1958771364465977,873924.1972139725,639.3789429351049,0.5018020814282467,10
115,30,Temporal_Matrix+SVD+KNN,1879662.462014176,0.06851652744867569,1.31272308678256,956897.8233766991,796.6228386802894,0.42363711855001907,10
115,40,Temporal_Matrix+SVD+KNN,1988298.7985407459,0.0674274030636953,1.3919386276892622,1000753.0952394056,845.3524124400019,0.37307434751625523,10
181,10,Temporal_Matrix+SVD+KNN,2748027.5124674453,0.10630455925745132,2.6273391687465866,1281270.0500155604,454677.7740176463,-0.12461946676145219,10
181,20,Temporal_Matrix+SVD+KNN,2922856.35171667,0.1130676293568453,2.6401453247355255,1391862.223855205,330376.0853174767,-0.18357421460205203,10
181,30,Temporal_Matrix+SVD+KNN,3014899.409743058,0.10281093457797895,2.7143788051525646,1420577.3671843987,33594.61740474828,-0.256863767935134,10
30,10,Temporal_Matrix+SVD+KNN,695471.79796293,0.0863214508938448,0.758815569926642,391852.1221206044,3056.34428236593,0.2869232546692798,10
30,20,Temporal_Matrix+SVD+KNN,637361.6015649118,0.07910883984669578,0.6928857460057998,387534.47315527796,26576.6106332662,0.32899973702751595,10
30,30,Temporal_Matrix+SVD+KNN,650150.7267380384,0.08069621396261649,0.6937561295524628,409083.69097058964,34313.793209562486,0.28942125586246614,10
30,40,Temporal_Matrix+SVD+KNN,669524.360666456,0.08310085467810849,0.7190841476605125,430342.9875676651,50946.23230720709,0.24720697047466333,10
34,10,Temporal_Matrix+SVD+KNN,1741358.2811329057,0.06636292286525035,0.6166355026261056,985289.0969723572,69.73152127855003,0.787375919268805,10
34,20,Temporal_Matrix+SVD+KNN,1939279.492322029,0.07388242862122424,0.6431233142629944,1082019.8290626917,75.21850913018659,0.7535350069857786,10
34,30,Temporal_Matrix+SVD+KNN,2052412.8211174498,0.07815951875114308,0.680558733843512,1160207.2838699527,80.1085885723196,0.7226904553455313,10
34,40,Temporal_Matrix+SVD+KNN,2150849.233952528,0.0819081518602413,0.720450867973687,1209817.1673080558,85.85453839327393,0.6958748735213073,10
164,10,Temporal_Matrix+SVD+KNN,1979945.5987254847,0.11095703745982682,1.0129516898741175,1077022.5102680842,178.99451384321705,0.2311138835545158,10
164,20,Temporal_Matrix+SVD+KNN,1915326.2020835388,0.10733573755216916,0.9409447113527817,1080507.0226551516,185.96237688067816,0.24475226361994584,10
164,30,Temporal_Matrix+SVD+KNN,2030934.2066958128,0.07863474655860565,0.9748415886578171,1091428.6421819034,181.06174141118532,0.24132008517899517,10
164,40,Temporal_Matrix+SVD+KNN,2110544.0572942463,0.08171712136165801,1.0076390526717713,1128832.920178511,189.25210938490073,0.22058828221669147,10
131,10,Temporal_Matrix+SVD+KNN,948151.9700482521,0.045270737164599416,1.1130039893399943,327475.0314325743,44.76120597318588,0.11001329371642488,10
131,20,Temporal_Matrix+SVD+KNN,1115241.0752376912,0.04117550787127708,1.2713854111624592,344850.8123301542,45.99755896676566,0.08495060954897027,10
131,30,Temporal_Matrix+SVD+KNN,1208071.9446754777,0.04460289077538901,1.3505216155999449,362860.6199431679,44.65220967028798,0.058586152899230304,10
131,40,Temporal_Matrix+SVD+KNN,1095616.9775886736,0.04045097197930267,1.2378408854248706,354439.1279185742,45.127870938767344,0.071711133099437,10
194,10,Temporal_Matrix+SVD+KNN,351730.67561722914,0.0690815790119364,1.486577375233282,151504.09479744028,166.946331381178,0.3022618001713646,10
194,20,Temporal_Matrix+SVD+KNN,373756.7362768824,0.07338222376424385,1.4753483237480138,210704.53211451176,364.4020732556231,0.12515823891530764,10
194,30,Temporal_Matrix+SVD+KNN,389702.4848575092,0.0765129619606655,1.5304536482377913,221033.83964916496,398.8135830444164,0.08336049061742279,10
194,40,Temporal_Matrix+SVD+KNN,414840.3347060498,0.046984831858815274,1.6275819401341995,229044.33497543205,441.70407282993267,0.05358618085531164,10
0,10,Temporal_Matrix+SVD+KNN,27705135.640990417,0.07092854857354583,0.1831816849938734,20815837.01721177,18.11156325059102,0.8851087671029769,10
0,20,Temporal_Matrix+SVD+KNN,30421822.22583708,0.07510122080001885,0.19864925821257085,23026632.06005983,20.37090557767676,0.8591464002472212,10
0,30,Temporal_Matrix+SVD+KNN,33186276.565775402,0.07810041642707362,0.21637961498442732,25218932.433507495,21.773001965663894,0.8305606681649869,10
0,40,Temporal_Matrix+SVD+KNN,36233070.737616226,0.0846252841613971,0.23540019379470536,27524893.658528525,23.60247458072707,0.8023507033351759,10
109,10,Temporal_Matrix+SVD+KNN,3556908.626456229,0.11389961503308661,0.3148498919816146,2600352.954758405,28.395305478529632,0.6697871881406883,10
109,20,Temporal_Matrix+SVD+KNN,3895839.893273269,0.10207379320869542,0.3383772077461983,2804797.0594231132,31.693310760885396,0.622901746088089,10
109,30,Temporal_Matrix+SVD+KNN,4027490.9275646736,0.10552314452140582,0.35029018889850877,2912905.5836960985,33.22200751255847,0.5889820022788248,10
109,40,Temporal_Matrix+SVD+KNN,4127813.197042544,0.10815165977599636,0.36002408207636694,3031865.57842972,34.898884576541036,0.5592495023948739,10
13,10,Temporal_Matrix+SVD+KNN,2171305.6141552976,0.059231511704346373,3.738829582756546,507488.55847573624,757.054823887226,0.14485840527934957,10
13,20,Temporal_Matrix+SVD+KNN,2738077.0732864058,0.03880195741546857,3.888946863772756,594056.8448862456,807.7137954177007,0.1513788275392549,10
13,30,Temporal_Matrix+SVD+KNN,2875155.852985977,0.040744534205713216,3.940075279363623,701433.953194612,1164.5077118001504,0.12992748251164998,10
13,40,Temporal_Matrix+SVD+KNN,2560183.5903004683,0.03628098551929591,3.791056594856038,677992.8193548959,1425.4837294991644,0.15434766062445426,10
192,10,Temporal_Matrix+SVD+KNN,34499.16634722756,0.07660861478177453,0.7065891009520114,18518.33268705164,42.85229899751009,0.537527679965039,10
192,20,Temporal_Matrix+SVD+KNN,45976.333911214395,0.05161582002378568,0.911891191331274,20316.471812114458,41.63767372967943,0.3816620990226306,10
192,30,Temporal_Matrix+SVD+KNN,47318.605592997286,0.05312273559656106,0.9305091737357656,21369.026633439174,40.899157879010716,0.3323792510839296,10
192,40,Temporal_Matrix+SVD+KNN,48796.7197369438,0.05478215615357824,0.9671590258332997,22265.959981732703,42.20159911305752,0.28388911577216935,10
146,10,Temporal_Matrix+SVD+KNN,715471.4661877415,0.05551168389234141,1.534060764370171,274129.83872731257,196.01164610868932,0.14347511897264664,10
146,20,Temporal_Matrix+SVD+KNN,566353.2228283299,0.0439302756506336,1.2128106606974471,265348.4008933383,232.26836632817412,0.22354539173136156,10
146,30,Temporal_Matrix+SVD+KNN,801499.5185022771,0.03723180818503212,1.5935838893884793,296975.9998662839,219.24498259173032,0.1264099719152687,10
146,40,Temporal_Matrix+SVD+KNN,798585.3930270697,0.037096439219467696,1.6070042949518297,294496.1864428029,223.53696188494845,0.12415691349933144,10
123,10,Temporal_Matrix+SVD+KNN,2693414.213324621,0.07225032578044283,1.1622857762179122,1138989.1597772003,61.52417514260156,0.32210320684045757,10
123,20,Temporal_Matrix+SVD+KNN,2575683.371511777,0.06896870665078839,1.0810050182470885,1174047.9930337656,65.85436762357779,0.32135893261856663,10
123,30,Temporal_Matrix+SVD+KNN,2458211.047172438,0.06582316695963032,1.0351512000161933,1159103.672625954,65.38342571973222,0.3309369841182116,10
123,40,Temporal_Matrix+SVD+KNN,2489030.2183267875,0.0666484075144572,1.0489787155191794,1180349.5196499354,67.12146543797527,0.3045595167856179,10
233,10,Temporal_Matrix+SVD+KNN,694885.0924439755,0.06478238836591782,2.8900398359145165,221017.17438881332,377.14538253585175,0.08415208671895114,10
233,20,Temporal_Matrix+SVD+KNN,696250.4756377328,0.06490752946433137,2.623408983665665,240474.50538720973,346.09382216355556,0.05989477487401473,10
233,30,Temporal_Matrix+SVD+KNN,680067.496381214,0.06339853951482992,2.653869692413466,222226.77693692784,299.39083594734814,0.06557297679868579,10
233,40,Temporal_Matrix+SVD+KNN,665556.629509977,0.06204578001430106,2.5620244782746213,224294.28851435025,306.1825495282693,0.06853095558287747,10
155,10,Temporal_Matrix+SVD+KNN,508719.06941599835,0.08576335581084815,0.9849926842399698,304497.99556351046,175.63276069335998,0.22278178752753708,10
155,20,Temporal_Matrix+SVD+KNN,539491.2081724567,0.06336429924153314,1.0178306241623647,309980.6055821321,171.67669894304098,0.18825459817886492,10
155,30,Temporal_Matrix+SVD+KNN,515361.77983447583,0.060530250614653204,0.9729151286299728,311479.18447798776,163.93357312241093,0.19189438996567243,10
155,40,Temporal_Matrix+SVD+KNN,540591.3336167561,0.06349351113006782,1.0110297918657596,319232.65281470533,173.06833815706128,0.17976012174754596,10
166,10,Temporal_Matrix+SVD+KNN,952077.8852109662,0.06806403321573992,1.777148518334956,374136.2022105464,382.6391138704301,0.12087584104125282,10
166,20,Temporal_Matrix+SVD+KNN,1059102.5750108515,0.05061931768167457,1.9982376540432922,374551.7664013354,406.6181893178053,0.08576635365101204,10
166,30,Temporal_Matrix+SVD+KNN,1134314.9257007302,0.036278475004757144,2.1342897501865563,373107.8468555824,401.45688004511493,0.11701663974529508,10
166,40,Temporal_Matrix+SVD+KNN,1202429.9150669796,0.03845697753803399,2.2352876371010786,382094.7710092809,439.77088714906455,0.053342480746114695,10
6,10,Temporal_Matrix+SVD+KNN,526428.0257271416,0.07459110492878973,1.5427303777514176,233372.55117532716,339.3314063248917,0.1903556489967977,10
6,20,Temporal_Matrix+SVD+KNN,502369.53255600255,0.0711821876583267,1.4442301211293427,246960.35686772523,365.51401609571866,0.15687798760496918,10
6,30,Temporal_Matrix+SVD+KNN,519578.4402648717,0.07318310695321285,1.4540926385646145,257543.4167830484,412.0228418558197,0.14372824740647294,10
6,40,Temporal_Matrix+SVD+KNN,500660.6042941019,0.07051851214734214,1.4155930652975708,248314.0840396233,439.16470656742223,0.146091369509742,10
137,10,Temporal_Matrix+SVD+KNN,8129622.048424408,0.10909145528760024,1.4275359236994813,3413786.489280402,80.92230694906408,0.0953631612934922,10
137,20,Temporal_Matrix+SVD+KNN,7773640.937379397,0.0767023721026531,1.4165998707589667,3222529.1004687306,82.32777824234606,0.10303923733193898,10
137,30,Temporal_Matrix+SVD+KNN,7277148.399632999,0.07180348936762766,1.342506781771567,3118844.206091745,86.6413356292459,0.13401153661745835,10
137,40,Temporal_Matrix+SVD+KNN,7320856.865895541,0.07223476000005233,1.3503385757965753,3262699.173880959,94.6152522954226,0.14241549409472654,10
41,10,Temporal_Matrix+SVD+KNN,988073.8467361171,0.08797120676439962,0.8875748568222606,531680.8974612128,333.0130639360319,0.5323548805063703,10
41,20,Temporal_Matrix+SVD+KNN,955419.6770460481,0.08506390715009049,0.8356821534801255,541670.8419489705,393.56448821338904,0.5318044721202051,10
41,30,Temporal_Matrix+SVD+KNN,1030409.3534800354,0.09174046513465939,0.8861648190475127,579157.6612440548,391.99888444476005,0.4910636418630303,10
41,40,Temporal_Matrix+SVD+KNN,1044749.0760475416,0.09301717405990545,0.8948884434884482,593472.5447831224,432.0744989076184,0.47446792797262194,10
251,10,Temporal_Matrix+SVD+KNN,237964.6867965284,0.07747520934624552,2.4726668950713124,95665.38560323563,562.493727783689,0.06783127111425113,10
251,20,Temporal_Matrix+SVD+KNN,286999.11732754624,0.051708107037994035,2.4937600082307463,109978.82381045178,610.7211602869545,0.06749005811911635,10
251,30,Temporal_Matrix+SVD+KNN,311537.22094094066,0.054489019278879405,2.713933584663518,111087.71192500897,566.4058754908175,0.04424745715312706,10
251,40,Temporal_Matrix+SVD+KNN,291062.48619862477,0.05090791197897353,2.591538722114771,96088.67486342657,349.6178466353107,0.09276297459482985,10
228,10,Temporal_Matrix+SVD+KNN,243922.52760096433,0.0916043216051846,1.2660728366774612,110582.87952884016,1206.3503552687769,0.4807893338717021,10
228,20,Temporal_Matrix+SVD+KNN,262184.44595918513,0.0984625263756384,1.2678979518722444,115488.77854250273,602.9421393536859,0.45951827394228406,10
228,30,Temporal_Matrix+SVD+KNN,312418.8285200335,0.039045434844101265,1.4738144479095763,125643.66845631278,509.400127332175,0.3690819228511768,10
228,40,Temporal_Matrix+SVD+KNN,346454.7482184053,0.03620514214921033,1.6274202032069698,128778.5210788974,388.52162713575717,0.32134522054990566,10
98,10,Temporal_Matrix+SVD+KNN,2157386.322966632,0.05962180172236927,1.0027407559970678,1095682.2156661863,114.326094609537,0.33942988860753154,10
98,20,Temporal_Matrix+SVD+KNN,2087789.4962867787,0.057657273044416105,0.9480207269023481,1140062.3869810344,115.78413122048144,0.2990764360935354,10
98,30,Temporal_Matrix+SVD+KNN,2112250.0266445065,0.058332785341108404,0.9738316275851302,1169982.5223568752,116.79286689493308,0.26355259553092925,10
98,40,Temporal_Matrix+SVD+KNN,2191237.0393086774,0.06051412391199433,0.9942734782383411,1252001.3877137576,129.39659309671376,0.2264970552402893,10
162,10,Temporal_Matrix+SVD+KNN,59927.618349284305,0.06399295952694782,2.846745319280054,23346.836833314297,12644.459819737685,0.08895695721586405,10
162,20,Temporal_Matrix+SVD+KNN,63852.19224853307,0.0681837667976683,2.8300958539817103,25102.273817687557,9341.620602002571,0.040438843875169495,10
162,30,Temporal_Matrix+SVD+KNN,65894.83984784386,0.06317181954886288,2.809660932908027,25852.375637565623,5803.328120528567,0.0352658768715538,10
162,40,Temporal_Matrix+SVD+KNN,78250.66023272558,0.05265835489839185,3.2167302464734306,31837.18815762441,4614.754504311045,-0.13030534424153806,10
143,10,Temporal_Matrix+SVD+KNN,711959.3302375157,0.06527996630888645,1.576293021391681,346494.6054781343,347.54290295907475,0.0566757780105237,10
143,20,Temporal_Matrix+SVD+KNN,643545.4899651471,0.05900706138529785,1.4345734196293494,336585.4304916559,349.0929316011932,0.08706293781145436,10
143,30,Temporal_Matrix+SVD+KNN,715456.7345533461,0.04719718162315981,1.5928932003475185,358095.18156714056,338.59840041100205,0.03504810913581846,10
143,40,Temporal_Matrix+SVD+KNN,748699.2847424023,0.04939012300328306,1.6679184145980683,363277.0411333913,359.01746482824655,0.011143912335772832,10
64,10,Temporal_Matrix+SVD+KNN,720422.4589817935,0.07692045038612426,0.9141904611102082,375935.5639889207,168.96071505193552,0.5817048515598808,10
64,20,Temporal_Matrix+SVD+KNN,794630.2819395548,0.058379053619286594,0.9425027316893183,390841.2182977902,191.11650348993612,0.5680257709528298,10
64,30,Temporal_Matrix+SVD+KNN,745348.0898169592,0.05475844186839961,0.9177375120178792,393601.0602148712,202.86610794135282,0.5713468975711608,10
64,40,Temporal_Matrix+SVD+KNN,798344.2858688819,0.0586519101155218,0.9878628184504717,403652.42150543706,214.31691624542526,0.5267227162563718,10
104,10,Temporal_Matrix+SVD+KNN,1151325.1056628646,0.11236400276717,0.5169038587313832,764626.119316772,48.16405742251787,0.6430574174042647,10
104,20,Temporal_Matrix+SVD+KNN,1422674.8759330006,0.07572676578315242,0.59505168825353,858085.6646166045,49.92283607781992,0.5845017384330561,10
104,30,Temporal_Matrix+SVD+KNN,1486189.1072756355,0.07910752930273479,0.6171406179869167,889956.138634123,50.50498385620613,0.5545958028639147,10
104,40,Temporal_Matrix+SVD+KNN,1532519.8734621813,0.06673135127592111,0.63759351132412,911161.1514094226,52.33299022401463,0.5389369489648765,10
133,10,Temporal_Matrix+SVD+KNN,383958.52843051014,0.09878431095006744,1.2035279340445617,218700.4498337504,375.4629508484101,0.25241764033337055,10
133,20,Temporal_Matrix+SVD+KNN,459576.71490345773,0.04052785069799145,1.4263010443437696,218028.04489583045,1189.5866333592169,0.192231914256615,10
133,30,Temporal_Matrix+SVD+KNN,488261.77884780004,0.04305744793627376,1.5262551314403583,255184.105352688,1001.4756428331714,-0.013151870437358104,10
133,40,Temporal_Matrix+SVD+KNN,472160.86993396067,0.041637586547736874,1.485709732077253,256617.9246264039,1668.4783353490361,-0.023737867336222962,10
265,10,Temporal_Matrix+SVD+KNN,78612.41829117051,0.07359773076145588,1.7410572919605884,34156.406940766545,5204.5500502202185,0.5551533457426217,10
265,20,Temporal_Matrix+SVD+KNN,88512.18326899108,0.08286577268066402,1.8317436256025224,37774.85251740255,5910.483894606842,0.43522834507186337,10
265,30,Temporal_Matrix+SVD+KNN,96657.31556034976,0.09049130688377438,1.9744361928881469,40755.86911716206,4964.237815809081,0.31620352653014394,10
265,40,Temporal_Matrix+SVD+KNN,102363.1781788427,0.050013176752933416,2.1086826182280256,42119.93859661201,5524.629543036322,0.27024237972006104,10
114,10,Temporal_Matrix+SVD+KNN,1257130.3193992435,0.05677876073087585,1.437597477252686,503889.59518902557,632.8306390643761,0.3874263018686406,10
114,20,Temporal_Matrix+SVD+KNN,1536649.9027752664,0.043496754801134324,1.6913526180071332,563681.5090890109,469.34529175094156,0.2805140108231561,10
114,30,Temporal_Matrix+SVD+KNN,1458568.628261356,0.04128656883362294,1.6423664789973227,583342.4205763531,492.31144468638047,0.26522197682399107,10
114,40,Temporal_Matrix+SVD+KNN,1547645.418844734,0.043807490472467014,1.6991053378190146,649270.1999454335,1033.2744290168232,0.1912396054476676,10
33,10,Temporal_Matrix+SVD+KNN,2326219.651018349,0.09203833476408674,0.525407782664387,1499472.431030082,45.11268014557551,0.49672172693270245,10
33,20,Temporal_Matrix+SVD+KNN,2802121.562341955,0.07912134595731514,0.614753368455969,1640999.7091300266,51.60098402603391,0.41818262703566433,10
33,30,Temporal_Matrix+SVD+KNN,2881870.422123686,0.06759951349539747,0.6323150468829326,1658308.348431964,50.5567162729729,0.39006473710750433,10
33,40,Temporal_Matrix+SVD+KNN,2897925.0840217047,0.06797610479711166,0.633833742638901,1698004.2128557868,51.70640674427281,0.3851497363232582,10
135,10,Temporal_Matrix+SVD+KNN,502012.16198457155,0.04460970942033216,1.4742866764699722,166591.2429039892,70.32831194690637,0.20977939296745773,10
135,20,Temporal_Matrix+SVD+KNN,462369.1679477851,0.04108438905331279,1.3642285677012547,169179.6981229708,112.58182143736006,0.2351010405867482,10
135,30,Temporal_Matrix+SVD+KNN,471194.09852056234,0.04186853926520884,1.3414280389257789,187413.8722240135,114.57743198852515,0.2060640706978385,10
135,40,Temporal_Matrix+SVD+KNN,451589.7696026082,0.040126572170021184,1.301159169945259,192204.17087247592,123.73236421733398,0.184779256974676,10
97,10,Temporal_Matrix+SVD+KNN,3936202.581607367,0.07268952729065647,1.0330044244718921,1783098.83692308,60.42845303737388,0.27113305390154263,10
97,20,Temporal_Matrix+SVD+KNN,4386021.959311973,0.07758347047563316,1.1047772857833704,2102735.135589686,82.3287849771396,0.14436642299166846,10
97,30,Temporal_Matrix+SVD+KNN,4687561.715050176,0.08140151434189313,1.157809780364272,2238235.686636704,90.66139673785395,0.10701574266049252,10
97,40,Temporal_Matrix+SVD+KNN,5133359.175608599,0.046637586789410886,1.2479761305755952,2354268.298561263,93.53349692224468,0.058385962250348644,10
225,10,Temporal_Matrix+SVD+KNN,1783764.6807906895,0.17004267780041218,0.7572559512799503,1302014.140770641,199.61729342442177,0.06826995999462604,10
225,20,Temporal_Matrix+SVD+KNN,1743393.633105994,0.16617748286318337,0.7611662235234541,1294337.6390456897,216.2039652077489,0.062377708413938304,10
225,30,Temporal_Matrix+SVD+KNN,1761797.0633792616,0.16043160046829938,0.7651240662899977,1295263.674416572,184.52120366344326,0.03992775330649356,10
225,40,Temporal_Matrix+SVD+KNN,1766923.4645862486,0.15609539617753299,0.7733307167492641,1305813.7242565714,191.6457447089525,0.013494660984752938,10
270,10,Temporal_Matrix+SVD+KNN,4.042961463437576,0.08669681479851843,0.42764709687317337,2.771887881438338,39.22572422996235,0.41810691207551987,10
270,20,Temporal_Matrix+SVD+KNN,29.93819777477804,0.02682078780708518,2.8817609368978725,3.5827848200187886,42.56214925991422,0.008656195065389838,10
270,30,Temporal_Matrix+SVD+KNN,24.621668877405437,0.02205785937367101,2.4166598941316058,3.388853654419848,41.12826397200819,0.012651974321905124,10
270,40,Temporal_Matrix+SVD+KNN,21.648175606804518,0.019393990537726218,2.149861590321371,3.3879818633402476,42.05166937649952,0.014478015701747338,10
200,10,Temporal_Matrix+SVD+KNN,1023964.5102063216,0.08086976372904593,0.9585780402062548,565447.1613066291,170.91654007292675,0.2144616821946015,10
200,20,Temporal_Matrix+SVD+KNN,926729.2790298962,0.07317283438268692,0.9000205224278537,544637.7397501458,294.3746802724437,0.2147820052336954,10
200,30,Temporal_Matrix+SVD+KNN,978042.991127459,0.07722447043416286,0.9210044858500794,569893.4513132778,255.37368750004404,0.19202546493849193,10
200,40,Temporal_Matrix+SVD+KNN,1001615.8468519509,0.07908573963854242,0.9369342843808539,584673.9799233214,248.72674380795328,0.17206858507348577,10
61,10,Temporal_Matrix+SVD+KNN,36104660.36268752,0.061131007695820416,0.7337388777840074,16634096.103386363,35.78194224693531,0.27290817715597415,10
61,20,Temporal_Matrix+SVD+KNN,44807334.9031936,0.05160240036354739,0.8740995405925815,18192481.66887547,37.05088385941011,0.1491576316516845,10
61,30,Temporal_Matrix+SVD+KNN,49409072.32013377,0.04674463804596633,0.9541831136824578,18670979.9042697,36.64785347339461,0.13112476341891788,10
61,40,Temporal_Matrix+SVD+KNN,45809633.59411854,0.043339302699330944,0.8913706032587362,18655937.986034334,37.23951465353951,0.1252154270895126,10
68,10,Temporal_Matrix+SVD+KNN,8219121.928670897,0.09164160951778266,0.3266211398743265,6047386.396585002,35.30889093684108,0.6987348354835394,10
68,20,Temporal_Matrix+SVD+KNN,9063890.466716863,0.10106061426894292,0.35437438200205545,6546074.828055845,38.77265468271302,0.6509373316990403,10
68,30,Temporal_Matrix+SVD+KNN,9259654.276606893,0.09757642196936467,0.36442438455959514,6689308.36698734,40.84564239867136,0.6218343287728139,10
68,40,Temporal_Matrix+SVD+KNN,9926139.586036133,0.09921953209924124,0.3869146440411833,7219073.531405619,42.104726163372426,0.5858208175100756,10
14,10,Temporal_Matrix+SVD+KNN,1110146.3401841375,0.1089714713816101,1.9524083510257122,480892.05112078215,432.75771664336247,0.06097799945605409,10
14,20,Temporal_Matrix+SVD+KNN,1222638.5540257778,0.11555471377208909,1.9931226126643793,523316.68179335893,477.1346026727123,0.06152698132066048,10
14,30,Temporal_Matrix+SVD+KNN,1218954.806199074,0.07834546340959155,2.0779345895439847,597779.1449879137,956.3153399136926,0.02147722146726938,10
14,40,Temporal_Matrix+SVD+KNN,1189484.462168833,0.07645132611414185,2.0700635559057776,592552.7859243437,943.4038479519905,-0.005085696127060446,10
91,10,Temporal_Matrix+SVD+KNN,1225111.835682429,0.041266803619319406,2.9873435088056994,273695.48379595694,410.81125697788525,0.26460054524662724,10
91,20,Temporal_Matrix+SVD+KNN,1246000.7786930376,0.041970279069271144,2.728315075549498,372966.1464927257,724.6236648182982,0.18283309054549957,10
91,30,Temporal_Matrix+SVD+KNN,1099016.7965378677,0.03701927193086789,2.4030951800355,345986.5294408972,724.5905507511329,0.2508494547418414,10
91,40,Temporal_Matrix+SVD+KNN,1268218.9191455105,0.04271867471326799,2.7406140266012606,386842.7237769095,753.5210643477283,0.16554596411174638,10
258,10,Temporal_Matrix+SVD+KNN,817438.6253981496,0.06706306468119645,5.823543307464448,174806.16471705952,4265.8648477301995,0.03619997945014786,10
258,20,Temporal_Matrix+SVD+KNN,744092.9043996714,0.06104573565860008,6.172908559973598,155462.06397862043,3903.788777494851,0.008173680428046337,10
258,30,Temporal_Matrix+SVD+KNN,764300.305273577,0.06270356043397682,6.251039381742806,160673.63433584105,4261.851963244439,-0.009925704662361312,10
258,40,Temporal_Matrix+SVD+KNN,782493.9774432363,0.04962860666944491,6.179423747973869,173686.8302616307,5816.244457301887,0.025369816646814036,10
278,10,Temporal_Matrix+SVD+KNN,3483398.889417861,0.094051869319889,2.618243511625481,1247714.4446432546,77418.83099189686,-0.06418861898745498,10
278,20,Temporal_Matrix+SVD+KNN,3340340.8771745325,0.09018929627024015,2.5017601065261736,1252690.132534586,157861.38863839986,-0.06258525223219835,10
278,30,Temporal_Matrix+SVD+KNN,3372144.1929068915,0.09104798667652823,2.4454920457592904,1297032.24331012,146358.61950202813,-0.07758872737111133,10
278,40,Temporal_Matrix+SVD+KNN,3277614.8591667362,0.08310949483630473,2.390846250939719,1166460.217694618,56936.11416738887,-0.005904275094900546,10
188,10,Temporal_Matrix+SVD+KNN,237737.72932258237,0.06467533047319746,1.6445216267345366,106912.70618505527,136.5384206691082,-0.20764588933657002,10
188,20,Temporal_Matrix+SVD+KNN,324150.95036894863,0.03395963788409277,2.163293247513995,108661.98867695959,147.6046030452866,-0.04801807465754426,10
188,30,Temporal_Matrix+SVD+KNN,331419.5894726926,0.034721136042874495,2.183932840519276,122170.88103392025,184.85529552260033,-0.07695817252015491,10
188,40,Temporal_Matrix+SVD+KNN,341997.735250681,0.03582935429642815,2.259015848671081,123308.78061028932,193.1290971953809,-0.095254850326155,10
272,10,Temporal_Matrix+SVD+KNN,4.373567298945125,0.13343991352127643,0.4687503710740692,3.0463310406552306,37.70006865640074,0.26123792100610566,10
272,20,Temporal_Matrix+SVD+KNN,4.159286262048609,0.09778886196039047,0.45625840123478295,2.924676885120465,38.144422810777236,0.2603132531388114,10
272,30,Temporal_Matrix+SVD+KNN,4.259698796648528,0.10014965822841364,0.46268126234484036,2.9658361782142997,37.14204249099391,0.21964916926749256,10
272,40,Temporal_Matrix+SVD+KNN,19.681293143953187,0.019859855309693232,2.056882629752338,3.306981211361749,36.12961704446521,0.005862860136235271,10
197,10,Temporal_Matrix+SVD+KNN,207105.31259297943,0.0875991508261881,2.4747845502914876,81873.45934798491,1981.8638624709347,0.05745936476943414,10
197,20,Temporal_Matrix+SVD+KNN,264879.90276578465,0.046802273038846945,2.907663924674958,88775.53951214516,1966.4106450836427,0.03029473804039806,10
197,30,Temporal_Matrix+SVD+KNN,243703.71880149815,0.043060601687156114,2.7140727660313417,89770.7697180723,2294.9577499624256,0.03367274138174492,10
197,40,Temporal_Matrix+SVD+KNN,232403.97904742378,0.04106389457152277,2.666806156136527,90788.01111488507,2236.4444461257617,0.0029357335385979955,10
259,10,Temporal_Matrix+SVD+KNN,319431.14224539214,0.06408563051816317,7.2017616855779725,61296.86457057522,6259.387655079091,-0.113836672212148,10
259,20,Temporal_Matrix+SVD+KNN,272922.6691751089,0.05168726550281646,7.682791850031764,51092.889649162804,7356.272408307233,-0.14428618733845733,10
259,30,Temporal_Matrix+SVD+KNN,406298.9776255915,0.031249792990049374,9.605963212417866,63791.74307163558,5991.106225280048,-0.12209130799455692,10
259,40,Temporal_Matrix+SVD+KNN,495476.7732233292,0.02721115082210227,11.194122551177601,61867.73736938506,8051.22280297671,-0.044382520814320925,10
209,10,Temporal_Matrix+SVD+KNN,1525674.1390666377,0.156233198076815,0.5631830204981109,1116634.8697746033,502035.01734164084,0.2434596191620637,10
209,20,Temporal_Matrix+SVD+KNN,1534089.866402824,0.10321662062378421,0.5852898873061716,1105153.9695809502,516114.6670905201,0.22273316393231313,10
209,30,Temporal_Matrix+SVD+KNN,1537349.879389111,0.10343596078827093,0.5852222485276394,1126514.0042269204,436672.661666262,0.19838686609814127,10
209,40,Temporal_Matrix+SVD+KNN,1544504.4036043973,0.10391733142231628,0.5883545401425861,1141403.670079262,291182.70896681835,0.18190383812033517,10
132,10,Temporal_Matrix+SVD+KNN,1161839.836321064,0.07068469053691696,1.1960637444789262,519758.83320354956,449.33336499101887,0.6774269897220963,10
132,20,Temporal_Matrix+SVD+KNN,1420713.5731628635,0.0619106780945214,1.443762103287558,583832.2599354729,406.7252745059963,0.538379050726918,10
132,30,Temporal_Matrix+SVD+KNN,1456324.166723079,0.06346248701386127,1.5046958042347593,621898.5592547532,416.17346402403655,0.4797754023893319,10
132,40,Temporal_Matrix+SVD+KNN,1618102.9053739076,0.07051234674656687,1.6457248763753625,693237.3418359364,425.828329667981,0.3823106109837847,10
201,10,Temporal_Matrix+SVD+KNN,950319.3033259688,0.0690874396164599,1.8170679866375339,373932.0036707273,296.46558947543264,0.09066554995939136,10
201,20,Temporal_Matrix+SVD+KNN,1432904.0603966326,0.03688273607811621,2.407342594738079,532133.2339430974,875.2144007578064,-0.026948222736344674,10
201,30,Temporal_Matrix+SVD+KNN,1372580.0124115068,0.03533000411057391,2.296512615098416,470154.02991681657,498.8326919714279,0.001985810444414593,10
201,40,Temporal_Matrix+SVD+KNN,1276422.1231417104,0.032854914430958566,2.188077660142378,462850.23451153364,514.1184857756516,0.005093746056936688,10
21,10,Temporal_Matrix+SVD+KNN,5507951.826290129,0.08897059035793929,7.26901796524281,1181164.2934013032,842706.4004229517,-0.09165386093467531,10
21,20,Temporal_Matrix+SVD+KNN,6274235.2803720385,0.053447918288758486,7.756937903789726,1306717.4157711146,1324033.2420576992,-0.013735734002947364,10
21,30,Temporal_Matrix+SVD+KNN,5753518.616420744,0.049012123242406745,7.286751011050036,886560.249142738,303921.65011219,0.018408878787783634,10
21,40,Temporal_Matrix+SVD+KNN,6314182.4437368,0.052109190452323595,7.666333322664659,937467.6096557812,360524.832156599,-0.0004441634914646997,10
144,10,Temporal_Matrix+SVD+KNN,1184845.8871188734,0.05237577108713844,1.3906404429575934,542236.1575609266,303.83027624123946,0.2922170104349303,10
144,20,Temporal_Matrix+SVD+KNN,1035627.1384717639,0.04576635531011192,1.1952046614333343,549537.1219833603,321.56195156335474,0.36254772072532604,10
144,30,Temporal_Matrix+SVD+KNN,1051844.0940126828,0.046483013769284015,1.2332799917631903,557657.6248586642,294.6692204471204,0.28799243718272405,10
144,40,Temporal_Matrix+SVD+KNN,985380.6663484685,0.043545867056329964,1.1604976961466962,550145.2814324946,333.3288615013978,0.341096403444171,10
12,10,Temporal_Matrix+SVD+KNN,1061456.1766602579,0.07710830690524216,0.871050259715621,572731.109420136,85.97050850533226,0.6323341529870636,10
12,20,Temporal_Matrix+SVD+KNN,1173401.2343814876,0.0851063580243072,0.8792940648674118,627128.9000059376,95.06817420957661,0.6099694540341045,10
12,30,Temporal_Matrix+SVD+KNN,1242121.327489302,0.07872783827945716,0.9436660758014962,662916.8941031384,103.48033621299584,0.5638630609113062,10
12,40,Temporal_Matrix+SVD+KNN,1230902.7767081321,0.07801678676453384,0.9542015309072159,668210.0955964297,107.41101982788193,0.5429466090210096,10
23,10,Temporal_Matrix+SVD+KNN,7268738.293653415,0.08138542344718423,0.29502953713754354,5299448.75028789,47.74136947880669,0.8085575944549285,10
23,20,Temporal_Matrix+SVD+KNN,8145314.638799216,0.0854066119768873,0.31951327920111233,5908605.494896542,43.069206240982446,0.7741729413514842,10
23,30,Temporal_Matrix+SVD+KNN,8668891.920588756,0.09089651184308876,0.3409821782692378,6323002.130906646,42.78184065939878,0.7385831409618578,10
23,40,Temporal_Matrix+SVD+KNN,9797235.2652584,0.10272760572813851,0.38026290348223873,7071325.208230914,43.25378911605047,0.6794105122742617,10
117,10,Temporal_Matrix+SVD+KNN,345737.283327272,0.11084948459114073,0.9196311819677707,218876.6809754791,17416.560720952075,0.4815110563698335,10
117,20,Temporal_Matrix+SVD+KNN,400495.79990688927,0.10800295334864478,0.9807124833692068,244590.12313790747,13066.238951290992,0.4456567834844446,10
117,30,Temporal_Matrix+SVD+KNN,406492.90403664386,0.10962021115185629,1.0001988096726955,252656.88001848038,13523.91449347093,0.4374050857544468,10
117,40,Temporal_Matrix+SVD+KNN,408924.3786738261,0.10698606040479765,1.0021229894074792,256448.02839868044,10631.021206590185,0.4225986187126033,10
118,10,Temporal_Matrix+SVD+KNN,24329.4067004314,0.10724498631978774,0.48031474364100296,16193.305778706415,43.03355181141469,0.2952837217317166,10
118,20,Temporal_Matrix+SVD+KNN,25235.831218562646,0.11118062754486593,0.49527538701346985,17357.273545797823,63.55065790946865,0.25799884582446286,10
118,30,Temporal_Matrix+SVD+KNN,25696.46558433759,0.11318032419667368,0.5023978316231011,17764.881700583624,62.00251322556687,0.2175112385981035,10
118,40,Temporal_Matrix+SVD+KNN,26097.014237095897,0.11494454450265061,0.5117080614870528,18258.608430093045,72.87069329551336,0.16827706219449123,10
32,10,Temporal_Matrix+SVD+KNN,1769661.853311835,0.10564850670365789,0.4039072119710164,1252398.0187839475,34.05465639695548,0.4125231501533617,10
32,20,Temporal_Matrix+SVD+KNN,1858939.5240173962,0.10666058157076075,0.4128564021993367,1306591.7637785317,34.28026716909579,0.399320049065519,10
32,30,Temporal_Matrix+SVD+KNN,1917184.0228874367,0.10988173440936928,0.42431088780590204,1353444.5402077697,34.9858289777867,0.3559912800892847,10
32,40,Temporal_Matrix+SVD+KNN,1999642.820528237,0.08670639439164333,0.4418186196707416,1411054.4553936017,37.771061235770105,0.31024061998410923,10
37,10,Temporal_Matrix+SVD+KNN,9.332225378765383,0.10659715251407308,0.4836954371738263,6.20286883608837,41.862284469132206,0.13894179851129806,10
37,20,Temporal_Matrix+SVD+KNN,10.791809257857883,0.06782088074905451,0.5396392474843632,6.585537056408478,41.197303327573614,0.0951595458739658,10
37,30,Temporal_Matrix+SVD+KNN,10.880323166254641,0.06837714440073443,0.5384626714053046,6.864810273021212,41.19265751930883,0.04684310498369426,10
37,40,Temporal_Matrix+SVD+KNN,10.802695074711131,0.06788929241840667,0.5349136226399357,6.926718216372305,41.35768319269368,0.002169331256397733,10
249,10,Temporal_Matrix+SVD+KNN,354440.59478872403,0.058174823759363274,2.236925903237046,101115.51975705077,1946.5229017885677,0.46844101183073517,10
249,20,Temporal_Matrix+SVD+KNN,336354.18915066647,0.05520572966788375,2.015757372078829,110180.50842759493,2049.5914101096196,0.4586400630668973,10
249,30,Temporal_Matrix+SVD+KNN,377333.97929887316,0.04022376602978805,2.299939925960087,117661.52230119522,2241.812235703329,0.39853168599747146,10
249,40,Temporal_Matrix+SVD+KNN,358381.43071264104,0.03820342616689708,2.289682624815309,117379.66101216926,2495.7387089363306,0.37948584303463717,10
43,10,Temporal_Matrix+SVD+KNN,574098.942293239,0.06068065160557433,2.0537418792902424,186654.75297990703,422.2506104193477,0.4351421993272201,10
43,20,Temporal_Matrix+SVD+KNN,518445.3595211314,0.05479354667324954,1.7313033978850674,193399.9061897023,448.39858679864193,0.47762662940479406,10
43,30,Temporal_Matrix+SVD+KNN,565025.458659167,0.05971651259297925,1.8670062457400562,206508.96776513034,500.6326034181819,0.42585844487703983,10
43,40,Temporal_Matrix+SVD+KNN,582733.5487849189,0.05598077583279456,1.9539492808391563,211583.27185366797,1704.4309609465288,0.3959134904259638,10
172,10,Temporal_Matrix+SVD+KNN,1559480.1816431845,0.13350997466765557,1.1636275207124434,1037645.3593763738,348.54357578681254,-0.05494961613844129,10
172,20,Temporal_Matrix+SVD+KNN,1519990.1054004894,0.13005447850821117,1.1163911886379645,1024548.6937328299,363.7167504406094,-0.0642603660807437,10
172,30,Temporal_Matrix+SVD+KNN,1569913.4087566852,0.1343260518298589,1.1330520611280286,1042860.0907414932,363.88224042367676,-0.07999595236057577,10
172,40,Temporal_Matrix+SVD+KNN,1569424.1042132252,0.13428418560520042,1.1280028676804688,1041247.2194862523,354.8446693714878,-0.0821751777619768,10
77,10,Temporal_Matrix+SVD+KNN,450282.69028800406,0.08881539057930438,0.9702167768529739,265468.8995300845,122.64686585354032,0.15644834401418606,10
77,20,Temporal_Matrix+SVD+KNN,717598.2948663997,0.04861004225831004,1.4255558685640828,305530.4579535174,153.09008355519777,0.06476098490625115,10
77,30,Temporal_Matrix+SVD+KNN,626853.062210048,0.04246296857415826,1.2636246706230831,292381.9782984409,142.32452629972897,0.08643132750159055,10
77,40,Temporal_Matrix+SVD+KNN,592864.4863030623,0.04016058557944121,1.2118142525446673,294478.7854593821,152.0148945432911,0.08429404101020055,10
36,10,Temporal_Matrix+SVD+KNN,862275.5191262466,0.09539577519647983,0.5781142106290105,581961.3909013304,79.65424087098376,0.5954056730795034,10
36,20,Temporal_Matrix+SVD+KNN,991382.0734050357,0.084107576880294,0.6295142770857679,634508.5249964729,87.71621937497397,0.5477531294189697,10
36,30,Temporal_Matrix+SVD+KNN,1115072.560065292,0.0700746358685653,0.6943670644853116,673289.8336362386,87.84979329797491,0.4633406420455415,10
36,40,Temporal_Matrix+SVD+KNN,1193881.0415289404,0.053774259646042884,0.7406326145806501,678268.3179433683,85.94123246241932,0.42853311847352615,10
153,10,Temporal_Matrix+SVD+KNN,334199.14026675036,0.07327774218772339,1.03181567371224,180239.7070024545,251.99659671482797,0.26065734848745414,10
153,20,Temporal_Matrix+SVD+KNN,336112.16794255894,0.07369719972646507,1.0019213276912473,184583.95659616785,224.75831230102918,0.23623164931434448,10
153,30,Temporal_Matrix+SVD+KNN,356433.92421865347,0.04770114356095239,1.0562144299073988,187283.05216700138,167.63753440952735,0.19576627838004057,10
153,40,Temporal_Matrix+SVD+KNN,349100.30672127806,0.04671969393650862,1.0369044321819236,191652.42019897295,175.8380196609759,0.1795605826164114,10
16,10,Temporal_Matrix+SVD+KNN,443988.826186884,0.09382711238714397,1.0367267980404107,225737.6853960837,222.5743263196593,0.5111577540604582,10
16,20,Temporal_Matrix+SVD+KNN,441845.4201629983,0.09337266065153638,0.9876389190201896,235756.7623211204,229.58490017069772,0.5030841741665126,10
16,30,Temporal_Matrix+SVD+KNN,483658.3245591081,0.046383582864920905,1.090563371940205,245321.44738158697,244.32016217058074,0.4455234326474523,10
16,40,Temporal_Matrix+SVD+KNN,509456.1082170952,0.04322649189393455,1.1616050408027008,249208.38001490285,261.43363381283257,0.4146799778139535,10
52,10,Temporal_Matrix+SVD+KNN,5651007.109062966,0.1081497349577652,0.467935894777291,3857224.60897391,56.868651942814175,0.6426576796971444,10
52,20,Temporal_Matrix+SVD+KNN,5845963.889684705,0.10193840408490758,0.46778334002837985,4024189.161508354,60.84137577855381,0.6300118879261747,10
52,30,Temporal_Matrix+SVD+KNN,6169910.853743538,0.10758719650775804,0.49288389141379246,4240059.18007955,62.982887385631905,0.5909668738805232,10
52,40,Temporal_Matrix+SVD+KNN,6415954.666261194,0.11187756060447654,0.5117915285896684,4410558.347210409,66.20972979568158,0.5623672617087663,10
3,10,Temporal_Matrix+SVD+KNN,15255862.106921323,0.07625163257129054,0.29219796501870376,10604877.391391242,26.20390167208987,0.8027146235767186,10
3,20,Temporal_Matrix+SVD+KNN,16730161.843373543,0.08362045650375799,0.31590308600741185,11798698.908758733,30.131466277246272,0.7666579834799189,10
3,30,Temporal_Matrix+SVD+KNN,17900282.39289154,0.08946893635895305,0.339966957279453,12624140.677121367,33.43447840022483,0.7270394783566128,10
3,40,Temporal_Matrix+SVD+KNN,20236163.661943965,0.10114410482925128,0.38147386054086213,14246623.951143183,36.39568725059669,0.6609808208890737,10
108,10,Temporal_Matrix+SVD+KNN,2763456.084058592,0.1095139555396971,0.28638483106680396,2065233.1902974504,30.02564362003546,0.611613213969951,10
108,20,Temporal_Matrix+SVD+KNN,2995193.455045722,0.10213381183366482,0.3084322105390732,2199693.3902617227,53.26076964056463,0.5719174985624098,10
108,30,Temporal_Matrix+SVD+KNN,3095846.117506508,0.10556599083733133,0.3209044144932302,2276197.92136232,47.887170848374666,0.5283537895069361,10
108,40,Temporal_Matrix+SVD+KNN,3264820.7581089744,0.11132789717392555,0.33870625275169336,2397842.980391018,55.34293157647798,0.4759026018442213,10
245,10,Temporal_Matrix+SVD+KNN,133864.0207858349,0.09523243559457648,1.7696901834671193,65816.12479827864,920.7751763903805,0.28363505385919774,10
245,20,Temporal_Matrix+SVD+KNN,163593.16001092724,0.08208023644337488,2.027741595528035,71502.31087307443,975.0923280874671,0.24289279172365819,10
245,30,Temporal_Matrix+SVD+KNN,187492.32010933157,0.05977089756697455,2.2508549807729223,74053.99948626746,979.9832228764844,0.17339965572129556,10
245,40,Temporal_Matrix+SVD+KNN,202558.04965293084,0.03996331073193072,2.420181551688256,75774.2774434938,1111.090225072135,0.1496800621394292,10
195,10,Temporal_Matrix+SVD+KNN,103940.41160861382,0.09803044124761125,1.420784033467026,55325.40847313188,307.6385693626501,0.3112630983736324,10
195,20,Temporal_Matrix+SVD+KNN,151100.54343895044,0.058176524938068255,1.7788064814265718,65318.568720246454,279.1682460086416,0.19390615565237868,10
195,30,Temporal_Matrix+SVD+KNN,154852.6970097369,0.05122830613350935,1.8794917602704038,66052.93452815538,285.37923117700205,0.14744892058548997,10
195,40,Temporal_Matrix+SVD+KNN,140621.59890665737,0.046520380057189725,1.7372091039593671,60405.745910093254,256.77281701512976,0.20475204069474517,10
198,10,Temporal_Matrix+SVD+KNN,671712.3379709942,0.05362734508691244,1.0576622681138128,334449.36359107983,250.10427820116092,0.6010062396010865,10
198,20,Temporal_Matrix+SVD+KNN,849314.2747577358,0.06119726827693905,1.2341671403112067,397130.5831666467,260.1372163502307,0.4650633633406379,10
198,30,Temporal_Matrix+SVD+KNN,894863.5959950365,0.06447932076850549,1.2873635185991117,432229.57740415086,276.88626384678673,0.4019319479474238,10
198,40,Temporal_Matrix+SVD+KNN,934423.8809908516,0.06732983375993218,1.3315807692370225,457206.43659682374,297.3372650825038,0.34838090996023474,10
19,10,Temporal_Matrix+SVD+KNN,2002354.1459467092,0.11392010237516732,3.498915168917482,696487.9502821844,12658.57241038397,-0.005459530691866776,10
19,20,Temporal_Matrix+SVD+KNN,1660862.2384596788,0.09449157463947025,3.6262031045875363,610613.4153575234,11066.225231982751,-0.04396222262345195,10
19,30,Temporal_Matrix+SVD+KNN,1704032.0031243456,0.06409340595462923,3.9105057475038008,609960.2175565657,9680.029258584802,-0.08072315662417462,10
19,40,Temporal_Matrix+SVD+KNN,1647245.7447431418,0.061957516074393586,3.9462582605574728,618570.3660147942,7527.005453264516,-0.14735904035081449,10
247,10,Temporal_Matrix+SVD+KNN,101846.16828930935,0.10918637236335713,1.8333290837203418,49774.307848821736,8573.99755963162,0.23560697403616804,10
247,20,Temporal_Matrix+SVD+KNN,338960.1499547983,0.029976696020003076,4.432137727625413,68294.85801598961,10428.53053495032,0.05129669357678868,10
247,30,Temporal_Matrix+SVD+KNN,285325.8169619415,0.025233424291521443,4.019816481142311,65713.68354210997,9052.627069577899,0.052578275530748564,10
247,40,Temporal_Matrix+SVD+KNN,260551.83214436265,0.02304248175099045,3.761389988847795,64454.456216251405,8214.884524453484,0.056801485474431646,10
252,10,Temporal_Matrix+SVD+KNN,124939.85512102295,0.0577421004815967,2.567183145254322,42030.04130870963,1927.7412720983498,0.20517414961090086,10
252,20,Temporal_Matrix+SVD+KNN,127137.13166835101,0.05875759199996587,2.547298539071446,49995.83427165549,6297.397508633918,0.12499988712585675,10
252,30,Temporal_Matrix+SVD+KNN,125042.27651807033,0.057789435470052115,2.55967828675916,48710.49462058035,5029.069042595796,0.1104728984629223,10
252,40,Temporal_Matrix+SVD+KNN,132181.00621640115,0.06108866490450835,2.654598049295004,44429.26803620188,1245.5248468082675,0.047792387308257855,10
141,10,Temporal_Matrix+SVD+KNN,1000831.8008346981,0.08423700750485338,1.381192475508932,487051.85367590055,346.0689439523811,0.06479906711263883,10
141,20,Temporal_Matrix+SVD+KNN,1076708.1405400978,0.07214156704163936,1.4314862482056818,528526.0434255305,430.82858044969623,0.05640129394942972,10
141,30,Temporal_Matrix+SVD+KNN,1042594.07068534,0.06984644395625125,1.3905516128900532,544202.6071127554,445.8098869754166,0.056478756919532525,10
141,40,Temporal_Matrix+SVD+KNN,1013451.7850942,0.06789411651210933,1.3600814378067065,554261.0700588285,499.28719169093256,0.04654153144526241,10
269,10,Temporal_Matrix+SVD+KNN,151148.11725068575,0.0749598495285928,2.14707792035361,70892.16196401068,5801.1638796056195,0.04935738247329102,10
269,20,Temporal_Matrix+SVD+KNN,172866.17779341014,0.07689007911866667,2.2276202785854156,75333.80200310418,3611.9947074062857,-0.00021504121295778944,10
269,30,Temporal_Matrix+SVD+KNN,226383.38261770178,0.033721082911729455,2.6845629908351305,81163.14212877456,3441.256528696039,0.004252558242563209,10
269,40,Temporal_Matrix+SVD+KNN,226794.37734569793,0.03378230289677777,2.607134835327882,90821.5053019958,5913.883373967334,-0.04102200629161201,10
51,10,Temporal_Matrix+SVD+KNN,16890.903161979382,0.07456716931526171,3.518115378452319,4549.671843774887,99.98872676764076,-0.025803609910248104,10
51,20,Temporal_Matrix+SVD+KNN,22015.456499684315,0.05092011329088958,4.014867680961783,5191.675931420637,85.00712006839979,-0.035488152986563826,10
51,30,Temporal_Matrix+SVD+KNN,24688.396035689606,0.05710242361432252,4.231684248843187,5461.63246375402,76.23199538666526,-0.025444300263675723,10
51,40,Temporal_Matrix+SVD+KNN,26280.626595685426,0.06078513446346464,4.312167972125275,5796.994830523542,80.97945184833499,-0.03523704865426813,10
54,10,Temporal_Matrix+SVD+KNN,572898.14341905,0.11050706032158851,1.3132867033383326,267970.8749105452,264.00711674547466,0.4407602843426598,10
54,20,Temporal_Matrix+SVD+KNN,584195.6201766602,0.08747604030363049,1.2790272286637954,282300.0750733556,282.793395513925,0.4507331281477902,10
54,30,Temporal_Matrix+SVD+KNN,562622.9862616454,0.08423839453833983,1.257435930161353,280777.482557232,301.6687518107898,0.45769805905364414,10
54,40,Temporal_Matrix+SVD+KNN,578789.6921603569,0.08665894503687142,1.2851953745589246,291204.7562317644,332.28272790427286,0.4276710186748295,10
9,10,Temporal_Matrix+SVD+KNN,9278684.684622044,0.051670643681566035,0.7618050173831459,4570846.5502832765,56.17907491092578,0.4493659319651434,10
9,20,Temporal_Matrix+SVD+KNN,10048642.693759749,0.05497049433596904,0.8055435362594207,4835404.171747085,62.51380896826226,0.4417945070503283,10
9,30,Temporal_Matrix+SVD+KNN,9640109.464475263,0.05273563792293486,0.779340886663163,4980814.7848145515,65.03258268961594,0.4250599665053989,10
9,40,Temporal_Matrix+SVD+KNN,11007640.166035866,0.060216632219914315,0.8726247402870168,5429129.87762345,69.86202749318676,0.3293213022734629,10
268,10,Temporal_Matrix+SVD+KNN,237202.56659743714,0.06630547072732648,3.471856818117681,85892.95480371233,7593.07845901725,-0.027633822963261112,10
268,20,Temporal_Matrix+SVD+KNN,235630.08056856698,0.06485793197370401,3.470825630419402,88208.01011179488,6865.262394420681,-0.08242990826536545,10
268,30,Temporal_Matrix+SVD+KNN,224755.98441748318,0.05117218970614881,3.205965652182738,61594.650026276955,2922.568529081322,0.07431947162192265,10
268,40,Temporal_Matrix+SVD+KNN,241670.15295193595,0.05502318857147408,3.4547942956325466,62150.17222728001,2632.971434603222,0.04699631785029568,10
103,10,Temporal_Matrix+SVD+KNN,200245.98983794687,0.07377152412170113,1.3521761984896745,92527.44393066766,108.28274707001651,0.08598134505458666,10
103,20,Temporal_Matrix+SVD+KNN,193209.56824989239,0.07117927473216927,1.2811080286683278,91801.39238870637,113.21619653237602,0.08955002195176576,10
103,30,Temporal_Matrix+SVD+KNN,222361.40575147464,0.07820406226836864,1.450825501921159,94305.13062940151,109.68951733895385,0.055348199901634976,10
103,40,Temporal_Matrix+SVD+KNN,231415.75766408697,0.04168034973854547,1.5323253553063048,94286.08818445588,110.69445611947748,0.04274444953775436,10
67,10,Temporal_Matrix+SVD+KNN,4756453.706284938,0.10983683013479086,0.5116359440688663,3223986.051187604,53.53233234831015,0.5740706429945324,10
67,20,Temporal_Matrix+SVD+KNN,5711165.460114258,0.07319765951824107,0.5859640325510668,3597673.503657515,55.42022052907518,0.48904501634889797,10
67,30,Temporal_Matrix+SVD+KNN,6056001.152180088,0.06138759549497886,0.6215523720409452,3683423.001432322,58.07852863494921,0.44735630342081334,10
67,40,Temporal_Matrix+SVD+KNN,6367192.7320773555,0.06454203723766247,0.6430441463999658,3959836.5678162947,61.213262764825984,0.40338596400268556,10
46,10,Temporal_Matrix+SVD+KNN,497907.2549421462,0.08161904712590953,1.258693928254045,249347.58732291538,1010.7979710346166,0.4691421247934029,10
46,20,Temporal_Matrix+SVD+KNN,455956.432076308,0.07474195125355942,1.120087246755847,245622.62316635228,1142.7159468436623,0.5345148448426383,10
46,30,Temporal_Matrix+SVD+KNN,475294.759217609,0.0751460615781441,1.1421537846579308,258665.57218473786,1295.7364253467347,0.5120153802378888,10
46,40,Temporal_Matrix+SVD+KNN,478213.2130484382,0.07560531571954116,1.171089568218414,266288.9096094255,8500.37156796055,0.47889784837661986,10
213,10,Temporal_Matrix+SVD+KNN,599499.6019879804,0.08247741244906753,2.1599260111370473,221041.45570931002,165.50939864392691,0.027924838109055217,10
213,20,Temporal_Matrix+SVD+KNN,568001.0306700247,0.07811928553810318,2.06229967002806,218737.79712753947,156.31960909869287,0.010307458262421632,10
213,30,Temporal_Matrix+SVD+KNN,547291.0639886375,0.07527096711382243,1.9960340442565299,209324.62515522126,147.80896280524865,0.0534208548504137,10
213,40,Temporal_Matrix+SVD+KNN,555765.5140367594,0.07643648961702405,2.02333093517671,223904.84069608548,157.18166474734525,-0.015977681088626294,10
152,10,Temporal_Matrix+SVD+KNN,518944.2752812478,0.08102216157243512,0.5218251270492387,292414.2339642281,297.6103177206364,0.8704479237398909,10
152,20,Temporal_Matrix+SVD+KNN,632306.4247003455,0.08973685027583042,0.5910525940373634,364856.15701401903,295.0814612253428,0.8267539549237619,10
152,30,Temporal_Matrix+SVD+KNN,720438.543067921,0.08024603109441218,0.6872121989890344,407432.3484119133,351.0047618590669,0.7708357221586891,10
152,40,Temporal_Matrix+SVD+KNN,930550.9999462442,0.10364940243012885,0.8741378164635678,496168.71939355775,367.40668284336186,0.6318350569010965,10
193,10,Temporal_Matrix+SVD+KNN,1001973.5027615171,0.09091204322593974,0.49216827858793616,711243.542588432,48.94076711461123,0.3766671765399795,10
193,20,Temporal_Matrix+SVD+KNN,960818.5267239697,0.08665016262588526,0.47403005259662867,700810.0365479891,58.02177896716599,0.3790589535816835,10
193,30,Temporal_Matrix+SVD+KNN,1019460.0012438184,0.09193866733560593,0.4988274686074282,735477.6772960091,60.36792272127515,0.32462408113724706,10
193,40,Temporal_Matrix+SVD+KNN,1064576.4734483645,0.09600743739456762,0.5182443064470619,777169.1680031043,62.6256217703132,0.27072290241699093,10
134,10,Temporal_Matrix+SVD+KNN,1656353.032663016,0.0565553368436814,2.4008839513738205,722972.0643418091,596.0562836381898,-0.12265638820347013,10
134,20,Temporal_Matrix+SVD+KNN,1533638.155484897,0.05236434439359973,2.132972500901294,727298.5775430534,570.3768777986757,-0.1785324984287895,10
134,30,Temporal_Matrix+SVD+KNN,1603800.167846745,0.05475994714091283,2.1821435358075094,756368.4677319973,509.94016755395046,-0.20383873999086566,10
134,40,Temporal_Matrix+SVD+KNN,1878362.8291754823,0.037863924124544444,2.493766013740123,776559.044970099,452.0259041814371,-0.17950457222346716,10
185,10,Temporal_Matrix+SVD+KNN,375961.67788205034,0.0945733089777559,1.079394518726068,221041.21845177384,449.34039909905135,0.32315336444732,10
185,20,Temporal_Matrix+SVD+KNN,433544.5816574722,0.07557360914648485,1.1768004794953508,239335.96420507875,472.14640519218403,0.25348856818056986,10
185,30,Temporal_Matrix+SVD+KNN,476450.4131060489,0.08304989891490569,1.2571475924443085,254981.22435258765,440.7664776369321,0.19782896457973376,10
185,40,Temporal_Matrix+SVD+KNN,492508.21879094327,0.08058949632862926,1.2764603459556965,261557.19550907315,567.6521038512049,0.1767535558920239,10
191,10,Temporal_Matrix+SVD+KNN,260702.07752048504,0.07858756110575854,1.671730273263072,109023.01268015848,1041.8190772562568,0.3392553744807232,10
191,20,Temporal_Matrix+SVD+KNN,282095.96412991924,0.06379531352849925,1.7619005298263664,118730.29108387372,1129.4678215236756,0.2915401073667634,10
191,30,Temporal_Matrix+SVD+KNN,307799.9041850899,0.06960819681378495,1.857713550471361,125140.15936469167,1209.3092762424903,0.2640282592172366,10
191,40,Temporal_Matrix+SVD+KNN,333417.3842284139,0.07416347459650144,1.9164995833583425,128394.30102309673,907.3591303662017,0.24540889007039546,10
178,10,Temporal_Matrix+SVD+KNN,907626.5773617662,0.08265582717960245,0.5281960203012106,581746.3466900614,45.498947010020096,0.33244586376338825,10
178,20,Temporal_Matrix+SVD+KNN,935930.8281161243,0.06336568762061497,0.5345221814895822,599378.0874269167,49.78786735671835,0.3309074710514387,10
178,30,Temporal_Matrix+SVD+KNN,953959.8491512021,0.06458631341976057,0.5440314627557035,617985.1388000316,50.176581788051585,0.32578576734111564,10
178,40,Temporal_Matrix+SVD+KNN,948403.9663712753,0.06421016133446358,0.543818329698377,628226.1324021441,52.82071981810047,0.31231220681690375,10
10,10,Temporal_Matrix+SVD+KNN,2464746.686219132,0.08307858350855418,0.557375539771518,1477485.2287101797,80.73697724744636,0.8004320395485207,10
10,20,Temporal_Matrix+SVD+KNN,2658523.153859719,0.08961015713390154,0.5584640774408177,1624431.2625415563,82.77752131400426,0.78427958598379,10
10,30,Temporal_Matrix+SVD+KNN,2886891.001181716,0.08457131129755763,0.608875627863935,1731151.6533083757,93.27446426212408,0.7490245401404951,10
10,40,Temporal_Matrix+SVD+KNN,3032760.941939988,0.08884456309811897,0.6438523158517299,1807878.267656101,97.79119851109212,0.7189176128547188,10
226,10,Temporal_Matrix+SVD+KNN,372429.23112070025,0.052224578417955705,7.2220813841719425,52632.07791534646,283.8309011151345,-0.003961361060379476,10
226,20,Temporal_Matrix+SVD+KNN,296860.8358905818,0.04162671633763746,6.958878974564702,42618.80929157918,314.9649027556371,0.03265830546487303,10
226,30,Temporal_Matrix+SVD+KNN,286333.8326211397,0.04015058838135844,7.142946722964625,39911.033807076245,233.4277590310066,0.006919483742731769,10
226,40,Temporal_Matrix+SVD+KNN,307702.2968280463,0.04314693849080742,6.917928208475093,43654.540437991425,246.5678653438934,0.023998883807390237,10
99,10,Temporal_Matrix+SVD+KNN,429709.30381659744,0.08999469179292767,1.3002130843169386,180781.34453988718,865.2377822917797,0.6617726618633686,10
99,20,Temporal_Matrix+SVD+KNN,470046.03148208605,0.09843639222409238,1.2728005669792084,207749.7346146891,951.5403921451922,0.6452194069986188,10
99,30,Temporal_Matrix+SVD+KNN,486398.60854334186,0.09161045192767851,1.3599303316964633,214658.06734254252,1123.2871172173686,0.6058094718349325,10
99,40,Temporal_Matrix+SVD+KNN,482535.9520486906,0.09088294222493468,1.3914765978638444,216420.69146341216,1265.345989656625,0.5860416219905367,10
110,10,Temporal_Matrix+SVD+KNN,1337189.0248807592,0.07442280480213444,1.9151006417536838,694789.1360894885,2589.6131569910926,0.04319959130879936,10
110,20,Temporal_Matrix+SVD+KNN,1410726.3404139706,0.05532374037644749,1.7217289384455712,482130.1378562011,548.6807928117946,0.2752144733424826,10
110,30,Temporal_Matrix+SVD+KNN,1603601.99568842,0.06273556538866572,1.9709217908698513,672543.9905333038,1865.6762036357004,0.12687355670119482,10
110,40,Temporal_Matrix+SVD+KNN,3005824.905245846,0.022808481814108057,3.4948860685210894,757158.2835388049,2126.611686869749,0.008595965463339295,10
220,10,Temporal_Matrix+SVD+KNN,244681.25593229497,0.05786652661941725,1.5663449167683199,97408.10257086813,229.2226428746985,0.41634871058180667,10
220,20,Temporal_Matrix+SVD+KNN,306414.2480565947,0.04283455620950968,1.7871177292079092,108562.16642073727,206.04383612069478,0.33002556121188087,10
220,30,Temporal_Matrix+SVD+KNN,276782.4812903551,0.03869224367937846,1.674135060074727,106514.43057645379,220.70559976527542,0.3516601167214658,10
220,40,Temporal_Matrix+SVD+KNN,263938.0776880094,0.03689668641801806,1.6379730486745576,103374.06327675127,232.1661462588108,0.37007530899366303,10
95,10,Temporal_Matrix+SVD+KNN,1508359.9590618731,0.08235114296701872,0.8921880313546279,743403.2061630306,64.5686137504763,0.41598901990033743,10
95,20,Temporal_Matrix+SVD+KNN,1554152.506254639,0.06602691359015606,0.8832733900013073,775225.510610911,65.67841881191771,0.3972555307805381,10
95,30,Temporal_Matrix+SVD+KNN,1576724.711418993,0.06698587548992338,0.8884208621056282,786197.6702712883,63.37380218950344,0.3851671204588534,10
95,40,Temporal_Matrix+SVD+KNN,1732512.095312591,0.06183647298532972,0.9526873396595223,819275.6764747613,62.65734388734396,0.3372951727883239,10
2,10,Temporal_Matrix+SVD+KNN,73504001.12534928,0.08908930255251162,0.3806781544440936,49228256.20564246,29.85686124411918,0.4212308533064836,10
2,20,Temporal_Matrix+SVD+KNN,75503513.18690561,0.07675662268451401,0.39327080817416743,50630231.83389083,31.86093794398464,0.3785501623144799,10
2,30,Temporal_Matrix+SVD+KNN,79200608.00463636,0.07970374784487975,0.408908554736487,51638779.187054425,31.98412889841485,0.3582325111794441,10
2,40,Temporal_Matrix+SVD+KNN,80585360.35951345,0.08109729715341871,0.41427633037504913,54300363.72243114,33.68597397483238,0.3215100039456862,10
281,10,Temporal_Matrix+SVD+KNN,6.583143571369338,0.11180610685070208,0.5699553295645599,4.636944025272501,56.79042007290701,-0.0012006410262246359,10
281,20,Temporal_Matrix+SVD+KNN,6.482060373463459,0.10972491604192584,0.5690406331014796,4.56993791771175,59.733493006138104,-0.007989772427619002,10
281,30,Temporal_Matrix+SVD+KNN,6.463650610892501,0.10941328524306447,0.5692390191208566,4.611802107046742,58.72078845537655,-0.02648085345008222,10
281,40,Temporal_Matrix+SVD+KNN,7.018615736552859,0.1188074436295812,0.618125959163759,5.16140145695157,66.67036371380708,-0.22204360858674188,10
271,10,Temporal_Matrix+SVD+KNN,9.328965151651603,0.07569344797683455,0.580248459138816,4.451019100080245,28.463058962466064,0.1889737868325645,10
271,20,Temporal_Matrix+SVD+KNN,9.050978362553948,0.07255874909855657,0.567875237051639,4.433736405465411,30.063639164582685,0.20528823926101725,10
271,30,Temporal_Matrix+SVD+KNN,49.516233424555395,0.02240512996350989,2.898545493415673,5.693699127728538,30.983844883358785,0.006509753348647562,10
271,40,Temporal_Matrix+SVD+KNN,43.74538533740646,0.019793933746631943,2.6039331052358627,5.507346724054752,31.13262906792623,0.007134478465856686,10
74,10,Temporal_Matrix+SVD+KNN,4144292.1446635546,0.07572266632647713,0.5284689597481093,2634267.4446350746,581127.8276814403,0.6366185683234309,10
74,20,Temporal_Matrix+SVD+KNN,4306629.759507762,0.07826548085064018,0.5312942429122053,2672678.689186066,523071.68193144834,0.6261721299350927,10
74,30,Temporal_Matrix+SVD+KNN,4743223.148219815,0.07498617461620605,0.581944941454682,2882144.238618523,536473.2667586486,0.5596981181107417,10
74,40,Temporal_Matrix+SVD+KNN,4874412.643837449,0.07706016483736779,0.5972982945709951,3022110.071673442,557445.620976348,0.521551355012496,10
35,10,Temporal_Matrix+SVD+KNN,286538.5280098462,0.09767526590367173,1.0839481263682738,158509.70274850976,297.1514817529527,0.37601485417205693,10
35,20,Temporal_Matrix+SVD+KNN,285350.29648490925,0.09725885149890792,1.032793599753494,162319.15444136588,295.2265064083584,0.36493860039202186,10
35,30,Temporal_Matrix+SVD+KNN,298951.0107757661,0.09630299642877659,1.0717759986137316,175914.2179883256,370.24266118470194,0.31444280994459783,10
35,40,Temporal_Matrix+SVD+KNN,292993.5981126961,0.08976374374522096,1.0726854530407486,171508.20643882154,393.2902049842109,0.32235894216842875,10
87,10,Temporal_Matrix+SVD+KNN,2520212.6202850216,0.09176998636634769,1.3022298529713345,1073063.2007274008,97.65543789251056,0.2499148207547307,10
87,20,Temporal_Matrix+SVD+KNN,2927427.3124675504,0.0577404315403367,1.414671412002344,1176307.1536709147,4149.646060684094,0.25139997292216865,10
87,30,Temporal_Matrix+SVD+KNN,3633852.5800136137,0.0565754334469127,1.6855675846399252,1298118.4004552346,4414.969709316621,0.1343410121833295,10
87,40,Temporal_Matrix+SVD+KNN,3734844.984920626,0.05814777690020285,1.7180854711898867,1332039.7592454827,22419.648836541946,0.11394574444232708,10
224,10,Temporal_Matrix+SVD+KNN,409894.8853079182,0.10747212532771988,0.7808860228087353,230611.8496746127,108.8116102249298,0.66506977261634,10
224,20,Temporal_Matrix+SVD+KNN,442430.6121626504,0.08904694241084227,0.7795401923017968,243758.21853711028,117.67527211143111,0.6737806564649627,10
224,30,Temporal_Matrix+SVD+KNN,463800.94034855213,0.09334809683134879,0.8163708641002767,252326.27082786572,124.70809511099543,0.6380665567223327,10
224,40,Temporal_Matrix+SVD+KNN,489733.09226337605,0.09856739851316736,0.8676892169171901,269472.7557595592,134.49680019758435,0.5918366212504343,10
246,10,Temporal_Matrix+SVD+KNN,296421.31413913186,0.06394275776676112,1.8069820155271012,101125.5079558044,515.0739874536815,0.4807358616493489,10
246,20,Temporal_Matrix+SVD+KNN,344047.4948632049,0.07192938642980416,1.9542851104002261,113548.60474987421,473.9896549068749,0.41314051099610305,10
246,30,Temporal_Matrix+SVD+KNN,359225.2018846337,0.07510256213886368,2.006397763720865,124403.04950198163,734.3728214543833,0.34185480468881657,10
246,40,Temporal_Matrix+SVD+KNN,390795.1418510803,0.08170281448875759,2.1435687777458954,140469.87056999624,1196.740709333367,0.22119093796120337,10
244,10,Temporal_Matrix+SVD+KNN,591754.1422508024,0.044458254083940024,1.495894061631698,191339.27474012235,457.6572986553674,0.6110496143544892,10
244,20,Temporal_Matrix+SVD+KNN,572751.5497779128,0.04302776121506039,1.28174695624692,218177.4546667868,511.89779735696465,0.6317259944761408,10
244,30,Temporal_Matrix+SVD+KNN,589005.4719295347,0.04424883147042565,1.334652031245046,230848.76658491895,599.1813308170462,0.604619826050576,10
244,40,Temporal_Matrix+SVD+KNN,631495.2261096226,0.04744085949314571,1.4387570720043814,249709.34309669392,616.6503191245737,0.5679967917670441,10
267,10,Temporal_Matrix+SVD+KNN,1.8483062220340694,0.13006064111263976,0.6936512641438888,1.2856190923011228,67.08068401862894,-0.026724327521561175,10
267,20,Temporal_Matrix+SVD+KNN,1.9740713261728475,0.08755490802067627,0.743820262804722,1.2958181823022852,69.52352771957383,-0.0283711120219583,10
267,30,Temporal_Matrix+SVD+KNN,1.9581481017596796,0.08684867393966644,0.7381241520051459,1.2657029909439534,63.940367340388335,-0.03534077661076385,10
267,40,Temporal_Matrix+SVD+KNN,2.0366357653509355,0.06548200160102322,0.7706745810247566,1.2557590724877161,63.439030404062066,-0.05000700396495161,10
129,10,Temporal_Matrix+SVD+KNN,807213.5473249606,0.07068755251908947,0.9180509385792034,384679.98364332545,146.49915659546608,0.6111167868316214,10
129,20,Temporal_Matrix+SVD+KNN,738537.3029939736,0.06467358552851049,0.8183050351494422,381010.4477011403,154.7883214629841,0.6448555397664406,10
129,30,Temporal_Matrix+SVD+KNN,770910.3100238917,0.06750848422689293,0.8620308879217533,405782.6221446606,160.31946370286698,0.5969186909390891,10
129,40,Temporal_Matrix+SVD+KNN,811544.5396577746,0.07106681677821905,0.9153555984030385,428839.5422457893,163.8397142237558,0.5490241383682286,10
241,10,Temporal_Matrix+SVD+KNN,311099.1070273186,0.047022009390986566,3.0835827499567325,105904.33312354238,638.4272743033167,-0.04727108956914794,10
241,20,Temporal_Matrix+SVD+KNN,233567.90178837255,0.035300482882079515,2.4606703357949398,89499.43705439354,508.2324862436721,-0.03129442455596543,10
241,30,Temporal_Matrix+SVD+KNN,355157.0911729242,0.028546247865345466,3.4877534897708165,109884.59647188972,900.7851993198683,-0.032071468272078185,10
113,10,Temporal_Matrix+SVD+KNN,3311240.89801658,0.10249559532418008,0.37857608841374857,2349447.0178185473,32.67988668885354,0.5907394743300178,10
113,20,Temporal_Matrix+SVD+KNN,3559210.090792231,0.10036391365125949,0.3990517404346422,2519503.796250226,35.53127366219237,0.5519009688767662,10
113,30,Temporal_Matrix+SVD+KNN,3707265.831373453,0.10453884381391239,0.4122756322395777,2620438.8426622995,35.799866509843156,0.5185043545479989,10
113,40,Temporal_Matrix+SVD+KNN,3800600.332301013,0.10717072435842163,0.42642848381096093,2685153.747258674,37.83565616850456,0.4931010478105464,10
150,10,Temporal_Matrix+SVD+KNN,266095.87623020366,0.09276577773584246,1.711431032543515,121216.89021775383,330.492515289956,0.23647027771745466,10
150,20,Temporal_Matrix+SVD+KNN,292052.6608879502,0.08390634983493128,1.688166933532937,130031.20326332425,315.37232883173186,0.2853806010792813,10
150,30,Temporal_Matrix+SVD+KNN,313007.26907351427,0.08897976726179,1.7604674522265538,148420.856356857,431.15904912896417,0.24930167248772173,10
150,40,Temporal_Matrix+SVD+KNN,337597.60590481857,0.05916033999179466,1.8778111317523014,139982.07922588018,336.2007142547039,0.23356940156367256,10
107,10,Temporal_Matrix+SVD+KNN,589412.6178130697,0.061956410667986746,1.0871143326911885,246477.54580221933,1467.163565824784,0.7280250980747747,10
107,20,Temporal_Matrix+SVD+KNN,648711.9874616602,0.06818765660474908,1.0646942357300926,283625.5624148032,12168.85209487386,0.7074618427052556,10
107,30,Temporal_Matrix+SVD+KNN,694669.8875399221,0.07301840055488629,1.1464150685740266,311419.5434624643,10902.641467381289,0.6721340648297482,10
107,40,Temporal_Matrix+SVD+KNN,712848.0133789786,0.07492914650438172,1.193837708222126,324899.0243319115,8752.56272228639,0.6448515944794123,10
24,10,Temporal_Matrix+SVD+KNN,1226389.9048099513,0.0644493444437756,1.093390363733245,601500.5599081104,80.68848319225762,0.003266645097553811,10
24,20,Temporal_Matrix+SVD+KNN,1091892.8305162888,0.05727532904331379,1.0021667267021555,611194.8776970117,100.59470780326025,-0.018632307320479047,10
24,30,Temporal_Matrix+SVD+KNN,1010798.0844047896,0.0530139071590679,0.933735537267482,603603.5247116138,103.72366530977504,-0.016242628796619973,10
24,40,Temporal_Matrix+SVD+KNN,999742.3714417869,0.052434061837197246,0.9318094850836518,605636.8645114155,102.46236864614838,-0.024632074266043524,10
101,10,Temporal_Matrix+SVD+KNN,3834876.2953328714,0.0893335794293249,0.7954591358653721,2026790.8179253761,73.68842802735598,0.5705956008242,10
101,20,Temporal_Matrix+SVD+KNN,3831285.69396067,0.08923391706414535,0.7681522236220947,2034081.2855356182,73.94781752879635,0.5756420367122026,10
101,30,Temporal_Matrix+SVD+KNN,3760854.5404566363,0.08759351532631152,0.7649056146740999,2058272.5167889304,79.47655316282203,0.5613683818824131,10
101,40,Temporal_Matrix+SVD+KNN,3797070.4261166123,0.08843701424430686,0.7745444619184123,2110070.516646469,86.35260216993838,0.5491601607954657,10
25,10,Temporal_Matrix+SVD+KNN,1171827.7066296143,0.04860315749046625,1.1331523496078397,480356.52009433444,92.71785732000234,0.07083614219860812,10
25,20,Temporal_Matrix+SVD+KNN,951893.5909949593,0.03948108911877496,0.9350280242058963,455908.2377981541,91.62298446698316,0.10302661985638406,10
25,30,Temporal_Matrix+SVD+KNN,872812.6478508896,0.03619912016346604,0.8665231644304945,455017.37862355413,96.72723398625165,0.12455625227720124,10
25,40,Temporal_Matrix+SVD+KNN,845300.801942333,0.03505494819501617,0.841690617664517,462904.1935866427,126.6447980040464,0.1182447900143141,10
189,10,Temporal_Matrix+SVD+KNN,1316810.5773542395,0.04543390614682033,3.187548808218644,312518.1081521568,2327.89221545615,0.18032612862851216,10
189,20,Temporal_Matrix+SVD+KNN,1071679.6962378076,0.036976037357901,2.6135101932419866,305998.8687346742,4035.0625980681,0.22929905891939895,10
189,30,Temporal_Matrix+SVD+KNN,1020674.8880438992,0.03521622451472473,2.549704763140886,329526.7930122546,4442.111383345416,0.1987886289623566,10
189,40,Temporal_Matrix+SVD+KNN,1055812.5809636842,0.03642857616292104,2.5858306625297054,312272.2083853796,4391.428410292687,0.2192069419810342,10
80,10,Temporal_Matrix+SVD+KNN,3421595.1943537826,0.10728585579109577,0.266342175891661,2487386.1568704876,25.78800013503737,0.7500976680572595,10
80,20,Temporal_Matrix+SVD+KNN,3528609.795575576,0.11064135298526089,0.2694400584957141,2564603.034530177,25.690138977317005,0.7318119413740984,10
80,30,Temporal_Matrix+SVD+KNN,3868383.8871196443,0.08261190749700917,0.29411880261099305,2763672.2698432705,27.04977867627235,0.688246109968508,10
80,40,Temporal_Matrix+SVD+KNN,4139438.578790583,0.08840046048667201,0.3152694683296075,2958141.978791264,29.096639727971162,0.6496725052504698,10
39,10,Temporal_Matrix+SVD+KNN,4633889.161528516,0.06310724493069503,1.4841766903476123,1879019.5600288336,893.4536506083924,0.2954382925094714,10
39,20,Temporal_Matrix+SVD+KNN,4555915.290470146,0.062045347244421525,1.4095172302040146,1945339.8949137335,1142.3476225175239,0.31966445207559047,10
39,30,Temporal_Matrix+SVD+KNN,4317299.025950184,0.05879571944267634,1.385124648136542,1944414.3033242177,1407.2361685569947,0.32040463457413515,10
39,40,Temporal_Matrix+SVD+KNN,4400751.668397186,0.0599322305165147,1.4016251550952765,2022158.3183637722,1405.7962694907994,0.30534860727821733,10
254,10,Temporal_Matrix+SVD+KNN,820092.7747523336,0.22430067249297594,1.3766890486722159,573168.5396262812,2367.975545868943,-0.09100413383533179,10
254,20,Temporal_Matrix+SVD+KNN,837629.708833781,0.15369452098596742,1.40232452061968,575201.6156308029,2235.890549082667,-0.13940341199452777,10
254,30,Temporal_Matrix+SVD+KNN,839377.4599737667,0.15401521134762708,1.411196970368737,575738.794199935,2135.16587345528,-0.1827145664663592,10
254,40,Temporal_Matrix+SVD+KNN,825183.6185522598,0.1514108198901338,1.39103581007105,567727.6200691948,2001.0275092832735,-0.1766710087490253,10
167,10,Temporal_Matrix+SVD+KNN,1276406.5350452594,0.08713678289441971,0.913681085083638,706348.4531219443,128.04616482931192,0.3883887949550382,10
167,20,Temporal_Matrix+SVD+KNN,1816013.5243850576,0.06427017079158986,1.1973004921649864,833161.0459663493,134.3472606828949,0.22873926584936233,10
167,30,Temporal_Matrix+SVD+KNN,2110617.933718802,0.04247170096228977,1.360799753817547,868638.6150608935,130.43396623118073,0.18856132667323677,10
167,40,Temporal_Matrix+SVD+KNN,2233088.0243589086,0.04493615129382198,1.4452007393912651,1115380.7095665885,266.5020873241753,0.040674467970695294,10
173,10,Temporal_Matrix+SVD+KNN,3697930.859699406,0.10974968062483126,1.8903344820606633,1390482.701954716,562.6517632069737,0.23860016628557756,10
173,20,Temporal_Matrix+SVD+KNN,3977769.1638908465,0.0803609672694703,1.9197351025556713,1489665.4196522683,534.8022344748301,0.2113970449349032,10
173,30,Temporal_Matrix+SVD+KNN,3664665.837430155,0.07403250747423358,1.9255197622523246,1389152.5692763522,2270.9778396213965,0.2083915656729629,10
173,40,Temporal_Matrix+SVD+KNN,3668503.2233839952,0.07411002922298555,1.9575332611924081,1415951.7500510497,4318.63081051985,0.1785999247601231,10
237,10,Temporal_Matrix+SVD+KNN,549396.1006682164,0.0479902378394758,4.1665206909889365,148381.96549381857,568.0900061101381,-0.024630992471977642,10
237,20,Temporal_Matrix+SVD+KNN,506469.49463861715,0.04423606847990594,3.882557281875546,150088.93877283676,719.4369517935539,-0.04091495828037872,10
237,30,Temporal_Matrix+SVD+KNN,533395.858418131,0.036836219080914306,4.22676527289512,147100.354939123,707.3507095614048,-0.03254357590007584,10
237,40,Temporal_Matrix+SVD+KNN,494782.9063615891,0.03416961577144386,3.9079479412617535,144915.52093120874,673.2169752296392,-0.04015015999180549,10
116,10,Temporal_Matrix+SVD+KNN,836158.3234751517,0.07672792417253037,0.6593492286701378,544164.5648092986,65.42536714565588,0.2758040507600322,10
116,20,Temporal_Matrix+SVD+KNN,836445.793777573,0.07659188946900877,0.6710681162327378,552403.0900675083,73.3867273796217,0.2173043848763918,10
116,30,Temporal_Matrix+SVD+KNN,968174.1654850694,0.0556804603804166,0.7564626341596332,578036.1541077858,70.570187311922,0.1405574861516764,10
116,40,Temporal_Matrix+SVD+KNN,1016848.3322580045,0.05847975012720751,0.7932397300956338,586486.8823974411,69.49794557722632,0.09880479368141015,10
75,10,Temporal_Matrix+SVD+KNN,5809153.461946688,0.10764663744867842,0.6560051651913307,3445064.7531866804,48.08924057909142,0.22127586178135283,10
75,20,Temporal_Matrix+SVD+KNN,6003437.66389636,0.10317493874850318,0.6724155645915019,3580709.863264491,48.78373602797775,0.17701584212091104,10
75,30,Temporal_Matrix+SVD+KNN,5920707.891933999,0.08223508801414824,0.6718333705527504,3562315.652096927,49.957112635683615,0.1485673636122944,10
75,40,Temporal_Matrix+SVD+KNN,6018063.247249532,0.08358729561485227,0.6743659746761461,3723524.4498771937,52.31100924686815,0.10706079459012896,10
176,10,Temporal_Matrix+SVD+KNN,568214.7160805381,0.07028670139129084,1.1503360956854773,276015.0381434926,116.15451626940279,0.09450614684115577,10
176,20,Temporal_Matrix+SVD+KNN,635869.2304073416,0.06460881407723493,1.234831200505811,301443.59815976943,128.08456171791488,0.058684186419824425,10
176,30,Temporal_Matrix+SVD+KNN,756517.3015754927,0.04511446489011525,1.387654403902365,308007.2545368429,101.76891040902862,0.08455001176983856,10
176,40,Temporal_Matrix+SVD+KNN,852044.637007575,0.04729471890844388,1.548790211867787,317338.8026313779,107.41316266575384,0.06069079700322089,10
93,10,Temporal_Matrix+SVD+KNN,2522446.255108989,0.08912865123593984,1.2419808756974675,1123121.7197707284,444.9012567156086,0.683242509013259,10
93,20,Temporal_Matrix+SVD+KNN,2691797.4405567134,0.06165286962330786,1.2296183478338936,1244231.6765798486,489.71127421657565,0.6415971745064823,10
93,30,Temporal_Matrix+SVD+KNN,2687998.432750316,0.06156585723171523,1.2778187418949631,1263113.8311169038,557.0291026758028,0.6210875911842305,10
93,40,Temporal_Matrix+SVD+KNN,2669913.089289793,0.06115163092119695,1.2987842168503496,1276149.8474598657,602.9077098134857,0.6108795426077341,10
216,10,Temporal_Matrix+SVD+KNN,258814.20185435595,0.06454767707528589,1.2922592467563747,105004.08507224178,442.9528102439549,0.634602923586916,10
216,20,Temporal_Matrix+SVD+KNN,288007.6067958486,0.07182055762388384,1.3081524689933786,128986.77569034915,559.9779179473766,0.5840093392644075,10
216,30,Temporal_Matrix+SVD+KNN,301025.354060075,0.06865278338957671,1.3789912746585058,133392.1329486803,581.4571299884224,0.5447171109431588,10
216,40,Temporal_Matrix+SVD+KNN,299437.03919512394,0.06829054733567885,1.3783689274461555,136482.81682450537,555.9124128921286,0.5433556128254942,10
158,10,Temporal_Matrix+SVD+KNN,120276.83697779018,0.06813907366609392,1.4536266172795227,48857.54523790691,266.47869764113545,0.5381290330080062,10
158,20,Temporal_Matrix+SVD+KNN,112025.84566772924,0.06345591907967951,1.301610370680142,50634.88409591193,17704.459231823883,0.5773554120894161,10
158,30,Temporal_Matrix+SVD+KNN,118523.88886345355,0.06713667061292078,1.354454894258835,54034.7378671367,12090.955716715893,0.5564284430123183,10
158,40,Temporal_Matrix+SVD+KNN,116483.17010789306,0.06598072589815096,1.3579441491586317,54099.08741109848,17391.60702728989,0.5460331818949912,10
232,10,Temporal_Matrix+SVD+KNN,372407.6456925403,0.12579900418451015,1.0474076054187142,257343.33065812333,180.65515029009532,-0.11435201413821638,15
232,20,Temporal_Matrix+SVD+KNN,378731.0523812497,0.1278906280892618,1.0395366651418974,260377.4588827114,194.92923520532946,-0.1187826234526208,15
232,30,Temporal_Matrix+SVD+KNN,402305.1882482639,0.10085999055222512,1.0883819846535463,267730.28975616023,191.36249356644097,-0.09348351218745687,15
232,40,Temporal_Matrix+SVD+KNN,420024.50621511653,0.08244666650145249,1.1139447896660757,274977.13456043747,190.95745826147342,-0.10554463223790145,15
177,10,Temporal_Matrix+SVD+KNN,322035.4964549446,0.06810053776808701,2.489739419456786,101344.40111731351,246.5741797359398,0.18007130434722385,15
177,20,Temporal_Matrix+SVD+KNN,359997.07953136513,0.0736120211377408,2.3941317704495892,108188.75797209998,182.6802787272773,0.1795405327580164,15
177,30,Temporal_Matrix+SVD+KNN,399161.44175256416,0.0700004426340946,2.6574973023425867,123957.77844349059,268.7671020675897,0.04667084007877165,15
177,40,Temporal_Matrix+SVD+KNN,458491.77736747067,0.04234499817851091,2.964348324734147,131291.28875236216,284.4192382764296,0.02381028059359447,15
84,10,Temporal_Matrix+SVD+KNN,442326.5448722484,0.15943936468035697,0.8151162589759999,333036.31288992305,124.5018050276055,-0.28497860331234515,15
84,20,Temporal_Matrix+SVD+KNN,516559.29383400094,0.08096447745371865,0.9021591090139249,351947.9778683697,129.4614095602311,-0.14599345355555893,15
84,30,Temporal_Matrix+SVD+KNN,518115.10380009125,0.0812083320168354,0.898923477105262,358514.2345909093,133.21885340825736,-0.22283623059115953,15
84,40,Temporal_Matrix+SVD+KNN,549359.9390867867,0.06620138799389601,0.9597727987364166,370312.7579768012,139.1038004733375,-0.2793406580632454,15
231,10,Temporal_Matrix+SVD+KNN,414472.87422133016,0.0623499267369242,2.2308269454682175,135039.04752815925,146.12870406773092,0.18516780188215753,15
231,20,Temporal_Matrix+SVD+KNN,480542.8576840781,0.06593115024247928,2.4732765760858424,160655.25601208155,290.4873325833167,0.10728052158350787,15
231,30,Temporal_Matrix+SVD+KNN,473171.23312489374,0.06491975307244319,2.490779308479631,162267.17881939048,284.6903454889853,0.08758366654916894,15
231,40,Temporal_Matrix+SVD+KNN,503410.45494557003,0.06431966735979316,2.583221901332276,152519.41624999093,6339.306001262174,0.06968044090206749,15
125,10,Temporal_Matrix+SVD+KNN,1243977.863678633,0.06963850496274443,0.5164487431048888,802587.0018716754,41.75049188735353,0.2828826168337103,15
125,20,Temporal_Matrix+SVD+KNN,1272433.4821741772,0.07107240505210509,0.5206794716743047,854915.6573295611,45.66207493575236,0.25010124669878364,15
125,30,Temporal_Matrix+SVD+KNN,1324727.6232159005,0.055291389746157854,0.5425099453880041,865167.3348097091,46.22286907791404,0.21236471531783085,15
125,40,Temporal_Matrix+SVD+KNN,1320658.640501515,0.05512155882756849,0.543228088129019,871415.2398926755,46.31989588870582,0.17996095375490562,15
196,10,Temporal_Matrix+SVD+KNN,497630.22634490725,0.055832491200206336,1.615426946444435,182891.86197056394,225.8198989591831,0.439924854058905,15
196,20,Temporal_Matrix+SVD+KNN,477059.90006903914,0.053520820851853085,1.429408691010432,190683.02684564135,228.00070050445055,0.47109885604037627,15
196,30,Temporal_Matrix+SVD+KNN,454406.56131571205,0.050979190284134494,1.363810074377668,194263.64116000858,236.5923599892835,0.4847119118837273,15
196,40,Temporal_Matrix+SVD+KNN,463589.0671318571,0.052009361833442715,1.4081776916513,198767.14604236046,246.52950594889504,0.4595642705853936,15
11,10,Temporal_Matrix+SVD+KNN,2835213.056262536,0.11773278181480694,1.6320340872039023,1586763.4392063834,3780.722474631173,-0.04834005433441346,15
11,20,Temporal_Matrix+SVD+KNN,3108474.6558715533,0.09821563380765697,1.6988879244654986,1633218.4070942632,4275.490982569979,-0.022818835263930692,15
11,30,Temporal_Matrix+SVD+KNN,3155798.2114421744,0.09971087295835136,1.700360255140872,1658470.5971074684,3892.0236055206237,-0.046157986486309754,15
11,40,Temporal_Matrix+SVD+KNN,3277227.217186701,0.10354749261874756,1.7398624367691846,1715870.0838910898,3620.6310355607707,-0.0813280427526959,15
15,10,Temporal_Matrix+SVD+KNN,985006.3439338797,0.05569517102532535,3.0203736706442803,228964.6628848642,255.32163350569525,0.10632122311361314,15
15,20,Temporal_Matrix+SVD+KNN,758630.1511776699,0.04289423917986914,2.4832364006363745,228336.46201293473,441.89637457983196,0.1401298131393267,15
15,30,Temporal_Matrix+SVD+KNN,694057.9314919438,0.039242887526795805,2.3602636413977374,227442.12363391876,453.78231560184423,0.1391313574276699,15
15,40,Temporal_Matrix+SVD+KNN,724762.0853536051,0.04097893808097436,2.4404868352427855,228732.57721690185,456.5747031069269,0.13599187763974518,15
180,10,Temporal_Matrix+SVD+KNN,419614.0511226527,0.07962180736128208,1.0831283825987277,265151.1471742071,296.85939903827386,0.14207472583829872,15
180,20,Temporal_Matrix+SVD+KNN,431620.05821590836,0.0818722665005126,1.0872993867225933,242025.2448200031,231.5851041762655,0.17267262204519263,15
180,30,Temporal_Matrix+SVD+KNN,469539.6127379159,0.05246998799712174,1.184205234333161,247088.43991056006,239.9497418818898,0.1586417811989569,15
180,40,Temporal_Matrix+SVD+KNN,490731.0065370583,0.05483807824577967,1.2337624698860505,292949.7773658362,394.88752727373975,0.05644449532303808,15
255,10,Temporal_Matrix+SVD+KNN,2073593.5840513282,0.10814873482264478,7.924387937489569,495213.8722623973,3595.7035938152353,-0.29204469286420887,15
255,20,Temporal_Matrix+SVD+KNN,2032154.3828300317,0.08430308371437631,8.909934400116766,484151.17427755427,5590.834955369989,-0.5268163382296656,15
255,30,Temporal_Matrix+SVD+KNN,2452349.4626400475,0.05761511904768464,8.440815144741508,505191.71532794554,3915.9319554910844,-0.14181814954583216,15
255,40,Temporal_Matrix+SVD+KNN,2513175.990662449,0.05904416809092142,8.735584272114524,544607.0575308137,6466.543204782928,-0.1403456049041405,15
17,10,Temporal_Matrix+SVD+KNN,920347.0721977504,0.13006736465876437,0.7338058029669072,589950.7016938974,155.91221782362507,0.4075294532407624,15
17,20,Temporal_Matrix+SVD+KNN,1141461.1579955248,0.07768060088378088,0.8695813222598394,664437.308517721,189.3262052168961,0.34677134437064494,15
17,30,Temporal_Matrix+SVD+KNN,1241004.5786355508,0.08445489423154848,0.93529958434177,703150.4877307971,187.5013715853227,0.27397072964322144,15
17,40,Temporal_Matrix+SVD+KNN,1221669.9314371997,0.08313910087167516,0.9317593770730316,710271.1977253392,197.8479223340323,0.26579707755755055,15
284,10,Temporal_Matrix+SVD+KNN,103.36443363458913,0.06038394599478272,0.1689503234597097,72.91020714893068,20.43934245003733,0.8708376192061772,15
284,20,Temporal_Matrix+SVD+KNN,118.72569908595199,0.06908440734449305,0.19506446048698475,87.86478363130541,30.325756976927565,0.8399748849307027,15
284,30,Temporal_Matrix+SVD+KNN,138.87915034257057,0.08081134807197338,0.22792532839903404,104.96609538253456,46.02639162757187,0.7875976039001229,15
284,40,Temporal_Matrix+SVD+KNN,155.98166768231044,0.09076300372539244,0.25504520966283245,118.8072326958915,52.01441230733879,0.7305853761467687,15
169,10,Temporal_Matrix+SVD+KNN,958204.6208561026,0.13825361111118067,0.739741544306936,645456.248628305,97.61641647297074,0.19294069469306852,15
169,20,Temporal_Matrix+SVD+KNN,999434.0772423573,0.12056932260659325,0.7639658951724972,663130.9985549238,126.65976103472964,0.1730876493544936,15
169,30,Temporal_Matrix+SVD+KNN,1097355.7500929113,0.07086609913142122,0.8316659288331288,683101.8247521529,130.71612427066623,0.13724795828622016,15
169,40,Temporal_Matrix+SVD+KNN,1063815.5537352995,0.06870010794782866,0.81781148958423,684200.5016070495,138.50922479750187,0.13873281326552978,15
263,10,Temporal_Matrix+SVD+KNN,61756.24487023857,0.06234122122596354,8.896800096561922,9792.522582955668,29872.11201149684,-0.045418920560258425,15
263,20,Temporal_Matrix+SVD+KNN,49864.164784594126,0.050336477207598415,8.700006378628665,8513.04006108749,37491.780251154276,-0.0629868147519359,15
263,30,Temporal_Matrix+SVD+KNN,50751.71969969418,0.05123243902601894,8.073731408639453,7606.153254967054,19110.75318442439,0.006791199692078864,15
263,40,Temporal_Matrix+SVD+KNN,47461.13735779332,0.04791068835059215,7.896620355583971,7375.011670863755,18242.999562278972,0.0014212469414176532,15
170,10,Temporal_Matrix+SVD+KNN,428599.93330865254,0.06604756126237024,1.5120892310181882,229871.92779883422,252.66456187845407,-0.02965316872680357,15
170,20,Temporal_Matrix+SVD+KNN,423085.92868408875,0.053564051836568,1.3995393493395387,192834.34304091075,177.60689318271045,0.19350272586855133,15
170,30,Temporal_Matrix+SVD+KNN,417296.1304742187,0.05283104459049551,1.3630097896810727,194255.06775753835,177.44485399484503,0.19297386452966137,15
170,40,Temporal_Matrix+SVD+KNN,410113.65928668674,0.05192172042507075,1.341483871426706,198399.43239844855,191.87417889679398,0.18725712584886933,15
238,10,Temporal_Matrix+SVD+KNN,835464.485927294,0.14323739395984997,0.6475832200248037,589154.1670461233,65.02233076514378,0.1839566815026471,15
238,20,Temporal_Matrix+SVD+KNN,826087.4846872698,0.1254657414296958,0.6466405865978412,588531.1270498649,80.92600618552666,0.18422721718571322,15
238,30,Temporal_Matrix+SVD+KNN,836714.2677376851,0.12707973176261755,0.6564029220781117,595164.0676541151,77.53926595140248,0.15426640431683825,15
238,40,Temporal_Matrix+SVD+KNN,836434.3084881818,0.1270372116960869,0.6565422733508595,597898.4866060794,79.28831777589805,0.1467896981002177,15
96,10,Temporal_Matrix+SVD+KNN,471143.208377494,0.1020928140233042,1.1482096812747309,248086.84284438775,202.39059631385712,0.46869808893437137,15
96,20,Temporal_Matrix+SVD+KNN,561996.9043013258,0.05875812720785628,1.267686200164844,276930.898521306,236.03101804519753,0.4114388540741265,15
96,30,Temporal_Matrix+SVD+KNN,595491.9675110863,0.06226011657799533,1.3218097385849092,289355.3830799047,242.81813100903526,0.39503022416811284,15
96,40,Temporal_Matrix+SVD+KNN,605475.0010755653,0.06330386673322297,1.350371735340389,292145.54302840977,263.20778609421035,0.3807744142352013,15
94,10,Temporal_Matrix+SVD+KNN,2693280.028875651,0.08961211623340468,0.5812858929913309,1742079.444440895,71.3811275566852,0.4971509571118904,15
94,20,Temporal_Matrix+SVD+KNN,2612081.826891854,0.08691045037018098,0.5481187663442552,1736221.4530734306,70.15492952075512,0.5267398124724252,15
94,30,Temporal_Matrix+SVD+KNN,2861576.477764485,0.054241602021313326,0.5948837121947965,1844081.123150109,71.86238956530615,0.457910555291865,15
94,40,Temporal_Matrix+SVD+KNN,3144415.2640335383,0.05960285271658828,0.6465955308688763,1986972.0704134558,76.42142675214934,0.3985965009048318,15
147,10,Temporal_Matrix+SVD+KNN,1544634.583475242,0.06909716397229289,1.5005474456191001,574918.1703243046,540.3376636233215,0.5793632795021517,15
147,20,Temporal_Matrix+SVD+KNN,1513203.0026226414,0.06769033020635243,1.3713486627193272,650058.6634231157,597.3119586077012,0.5817218357091968,15
147,30,Temporal_Matrix+SVD+KNN,1631093.1711905275,0.06980659676642319,1.479793964744988,672426.6875580837,649.1586584986663,0.5491067725291974,15
147,40,Temporal_Matrix+SVD+KNN,1607393.3480377423,0.06879230523024168,1.5136399785830805,685512.3426574556,688.4334116528266,0.5274109568359897,15
208,10,Temporal_Matrix+SVD+KNN,981946.4445128811,0.1068826957221395,0.938805264859475,568985.6756495138,919.3284596984082,0.5267060185832417,15
208,20,Temporal_Matrix+SVD+KNN,1055211.5928284407,0.07686250000232861,0.9742905422618494,604804.822558445,1214.5374664990786,0.479085526356569,15
208,30,Temporal_Matrix+SVD+KNN,1168182.3165288798,0.07572449429681712,1.0841087391134108,652075.0704778592,1350.6737124079075,0.40587038586200885,15
208,40,Temporal_Matrix+SVD+KNN,1189892.4395791504,0.07712803170860283,1.1007309710748348,673868.5124199456,43696.98061965008,0.38293256579163903,15
83,10,Temporal_Matrix+SVD+KNN,1555057.430919488,0.13508880828292721,1.1909784022390855,1165833.8426200456,1549.7968005827597,-0.056481958579738034,15
83,20,Temporal_Matrix+SVD+KNN,1588063.2436261796,0.13795375699363518,1.1978208207316732,1166084.7703259003,1446.3512391810837,-0.08328427807517613,15
83,30,Temporal_Matrix+SVD+KNN,1576587.3438037995,0.13695685494849688,1.1829669965735827,1178688.8528701018,1425.0968297966785,-0.07466215956354016,15
83,40,Temporal_Matrix+SVD+KNN,1605324.2847046615,0.1394532095349337,1.2031982967348953,1189047.1276203936,1482.0452750133902,-0.09605904857362768,15
120,10,Temporal_Matrix+SVD+KNN,937095.6744661605,0.1267176283169535,0.5927272730906654,614851.5990027437,56.35571484182127,0.16187154391495417,15
120,20,Temporal_Matrix+SVD+KNN,882994.8096737533,0.1180868922396918,0.5572021607585439,610670.0294858515,56.36071065446333,0.19726217969545723,15
120,30,Temporal_Matrix+SVD+KNN,882465.1015997202,0.10244165319601616,0.5565108641310855,610338.8575944861,55.811692672540026,0.19542201214299815,15
120,40,Temporal_Matrix+SVD+KNN,960743.3875157279,0.07851889436795771,0.5994926248943573,632066.1008247894,58.73722930111993,0.16023364819299424,15
79,10,Temporal_Matrix+SVD+KNN,1000910.4645273585,0.04930590671844799,1.337156045777275,452265.15071544633,112.30475871654969,0.1166731074954388,15
79,20,Temporal_Matrix+SVD+KNN,962612.7412173236,0.04740061197237296,1.2631744264793332,375531.98524325516,76.83165042472726,0.21030451123691463,15
79,30,Temporal_Matrix+SVD+KNN,882674.2551886552,0.04346431132346184,1.1570479234875426,374989.70218242286,77.41947353255053,0.23040660872665542,15
79,40,Temporal_Matrix+SVD+KNN,838645.841309976,0.041296280844888365,1.108582642363828,375273.41035649675,80.37820507263451,0.23703338318729805,15
240,10,Temporal_Matrix+SVD+KNN,296418.7388125024,0.08626709309383562,1.250479809638449,147976.08572953116,1790.2873351497906,0.48482811678560234,15
240,20,Temporal_Matrix+SVD+KNN,298981.63731176173,0.08701157551984916,1.1949510618902075,163761.99471229487,1870.2772522177827,0.48046745566621085,15
240,30,Temporal_Matrix+SVD+KNN,314563.90633277275,0.07524114952179939,1.2516791789573998,169235.51418089677,2102.128598170606,0.45072922622888667,15
240,40,Temporal_Matrix+SVD+KNN,341229.81933462474,0.06646285715766667,1.35977183201074,176477.6427926643,2133.4811050929484,0.3929715323273655,15
53,10,Temporal_Matrix+SVD+KNN,11201173.400001386,0.07520320476589498,0.28402531948523435,7618672.427323501,25.416859770237348,0.8214759615458453,15
53,20,Temporal_Matrix+SVD+KNN,11744656.213368418,0.07884888183346236,0.29584625561449457,8400449.466932716,29.10687341004913,0.7973890848057408,15
53,30,Temporal_Matrix+SVD+KNN,12747229.412446912,0.08488825436841642,0.31820636621162895,9176559.846284963,31.015613995005793,0.7603026748171515,15
53,40,Temporal_Matrix+SVD+KNN,13618074.457846276,0.09068751578730588,0.3386645525623006,9865039.919289924,32.750648863793444,0.7275565665043933,15
18,10,Temporal_Matrix+SVD+KNN,333731.43177241663,0.05221275562307698,1.9432111679818462,121031.29534449245,918.0948642661943,0.20375397250833982,15
18,20,Temporal_Matrix+SVD+KNN,270772.82121647167,0.04236279174683137,1.718319270863429,119120.51600669128,1149.1232276873566,0.22517609216863166,15
18,30,Temporal_Matrix+SVD+KNN,318546.5472206621,0.03909298034960876,1.9357686148138848,128924.30314038969,1198.0511606006705,0.15426967723246898,15
18,40,Temporal_Matrix+SVD+KNN,302810.5383519852,0.03716181050692225,1.8851402351411226,130869.35908046806,1226.5511924051361,0.14782570524647698,15
22,10,Temporal_Matrix+SVD+KNN,5203586.9722072575,0.08603306301285499,0.5389984822698812,3351104.0450514387,46.58332931647378,0.4671079122777234,15
22,20,Temporal_Matrix+SVD+KNN,6702903.922426129,0.05675879015514764,0.6584888074091254,3717618.7741446206,48.85390995211626,0.35117089950544045,15
22,30,Temporal_Matrix+SVD+KNN,6265144.076737171,0.052995077616673485,0.6188127409872125,3715426.7618538,50.822294790502234,0.37395836635363067,15
22,40,Temporal_Matrix+SVD+KNN,6294070.206752087,0.05323975555009602,0.6219667038785968,3862359.9195483816,53.9985205332802,0.3594521437405751,15
264,10,Temporal_Matrix+SVD+KNN,10912.935556428496,0.07474617945570779,4.995049833526087,2661.9745150108797,1589.8825188128521,-0.18002725381273188,15
264,20,Temporal_Matrix+SVD+KNN,259750.6052990304,0.03310881871426532,20.31332930326558,12800.598332314445,521.7141750303751,-0.0019506131002409166,15
264,30,Temporal_Matrix+SVD+KNN,213896.27675038614,0.027264048306767482,22.0249237199522,9657.921273318285,795.6014989209643,-0.000887129288663635,15
264,40,Temporal_Matrix+SVD+KNN,187019.56199813154,0.023838238094148353,22.73682282613752,8192.76492621949,546.5106057720163,-0.0007740198898638084,15
112,10,Temporal_Matrix+SVD+KNN,225793.08605339,0.09807009868808834,1.1601701023900748,124627.75714100736,278.84526998954533,0.566318247517251,15
112,20,Temporal_Matrix+SVD+KNN,244325.71390313614,0.10039791748593778,1.1336744140663337,134778.660260976,315.6774847487882,0.562097308324311,15
112,30,Temporal_Matrix+SVD+KNN,289511.6450786792,0.08549926075755115,1.3357565075946234,163682.8381638747,408.12107544174347,0.38383061180217926,15
112,40,Temporal_Matrix+SVD+KNN,361569.48678514664,0.10677955224984427,1.6753281679621839,224514.5756966089,625.9874236950317,0.0285805635849814,15
165,10,Temporal_Matrix+SVD+KNN,1878319.35936443,0.08686096565744632,1.2386354820231091,778119.6255348893,2282.9217733779774,0.20774191403808429,15
165,20,Temporal_Matrix+SVD+KNN,1958323.9544564781,0.06472453323215428,1.2761449870468973,815350.01840961,1141.8980486744265,0.18846884064429492,15
165,30,Temporal_Matrix+SVD+KNN,2021245.5866648771,0.06680415507695996,1.3251991539814598,829187.8686284926,1799.891015308257,0.16006978817951967,15
165,40,Temporal_Matrix+SVD+KNN,1976379.8805081956,0.06532129935101437,1.2888316689487256,842210.6561347232,2144.2188347307247,0.1510979746587635,15
29,10,Temporal_Matrix+SVD+KNN,1190998.6750684273,0.08185214591535346,1.2950346632734433,485683.90893754933,71.40906047613821,0.1820988551377577,15
29,20,Temporal_Matrix+SVD+KNN,1049658.997497511,0.07213848614868834,1.1693879796169664,459028.4221371425,76.96542730829667,0.2312013387051548,15
29,30,Temporal_Matrix+SVD+KNN,1193243.7040158028,0.08153625920275404,1.2778491241030319,505647.52508810454,81.54568638242117,0.1800258720188499,15
29,40,Temporal_Matrix+SVD+KNN,1277085.4385104945,0.08726529960980665,1.3513029132470153,525647.6198026907,80.11717496496823,0.12190887276340079,15
239,10,Temporal_Matrix+SVD+KNN,648671.0006027652,0.04785661320882017,1.7368525174342595,230840.00593607684,638.0715679946818,0.34098101855063656,15
239,20,Temporal_Matrix+SVD+KNN,534934.3231771936,0.039465530249732934,1.4235850166462773,228343.49425172832,730.3749699072278,0.4074857858431883,15
239,30,Temporal_Matrix+SVD+KNN,539830.7964692293,0.03982677443701203,1.4448753939883046,238475.69994973333,747.0644817057328,0.39112506109521195,15
239,40,Temporal_Matrix+SVD+KNN,546130.1541989666,0.040291518392046095,1.4851326090380372,245409.37378180373,806.5687767123655,0.35653048667532905,15
186,10,Temporal_Matrix+SVD+KNN,541719.7281793599,0.08196816341697787,0.8242945210546997,277389.2831374666,78.20127323649577,0.6032119673367649,15
186,20,Temporal_Matrix+SVD+KNN,558009.7547783053,0.0721388391239476,0.8229328964498881,295106.2116026582,86.47519362606275,0.5605461680976751,15
186,30,Temporal_Matrix+SVD+KNN,617646.181166701,0.07737157645245431,0.9030561472920168,317602.7639243007,87.93054846782188,0.47163264217778267,15
186,40,Temporal_Matrix+SVD+KNN,625411.5441591585,0.07834433139658278,0.9267522414376058,326896.6339853625,95.30906329876126,0.44840127418566045,15
62,10,Temporal_Matrix+SVD+KNN,706611.4510864888,0.10086463671833706,1.033521595626498,346033.61245407636,598.4746502409752,0.7573671316740078,15
62,20,Temporal_Matrix+SVD+KNN,837487.4189366611,0.07906717938554107,1.110800284182628,403461.00355754053,594.695066216349,0.6903311700264145,15
62,30,Temporal_Matrix+SVD+KNN,928343.5969826233,0.08441855202735196,1.239359189837589,441603.3329652368,618.9011778182556,0.6268738647074197,15
62,40,Temporal_Matrix+SVD+KNN,981951.2477429073,0.08566644229332027,1.2987679053186059,463712.07943349716,676.909256028413,0.5934961127618619,15
50,10,Temporal_Matrix+SVD+KNN,12933441.697219316,0.09534432432993518,0.391207417689093,8671022.566240946,37.29560870822419,0.7207543257560995,15
50,20,Temporal_Matrix+SVD+KNN,13500969.009727662,0.09845406366497168,0.397776472673273,9402182.263097223,39.00529592392456,0.7047667086233146,15
50,30,Temporal_Matrix+SVD+KNN,13900368.032341067,0.10136662918317821,0.4102802891140786,9892411.334499547,41.29439110698667,0.6702401116793948,15
50,40,Temporal_Matrix+SVD+KNN,14599550.566971632,0.1064653270417064,0.4291939142146553,10447477.358583441,43.409562118858375,0.6354185882413694,15
5,10,Temporal_Matrix+SVD+KNN,1206867.4270248734,0.05105784497971684,1.4087676150621768,444538.8283522661,494.7898462239748,0.6262961706781922,15
5,20,Temporal_Matrix+SVD+KNN,1338092.4648252376,0.04817394087123136,1.4381636145723242,505970.06392408116,619.8185885369496,0.5754038314913562,15
5,30,Temporal_Matrix+SVD+KNN,1573028.2913295364,0.042109457861777784,1.6594600729894788,556389.726241775,709.5120578684433,0.49534373949329324,15
5,40,Temporal_Matrix+SVD+KNN,1517024.1140317668,0.04061024417502922,1.6347672814421998,570665.0600101094,679.6541196291284,0.49449668660033463,15
49,10,Temporal_Matrix+SVD+KNN,122785121.9822621,0.05425827198620156,0.9230214889483214,47956477.14592376,36.894076739618,0.1625787885012322,15
49,20,Temporal_Matrix+SVD+KNN,101787739.03122997,0.044955131465489205,0.7849099363766409,45519733.87757227,38.378964083171766,0.21774865826971668,15
49,30,Temporal_Matrix+SVD+KNN,99233706.19409916,0.043827128397013894,0.7648536216809885,46550386.2399659,39.994248931318424,0.1974769313331064,15
49,40,Temporal_Matrix+SVD+KNN,97680796.34946014,0.04314127696849969,0.751906327255325,48298277.50558899,42.100456719020016,0.16966683240720237,15
82,10,Temporal_Matrix+SVD+KNN,163751.12369073863,0.10374426736635847,1.3984735728822886,85639.37728220262,7455.287658488027,0.34167553323521516,15
82,20,Temporal_Matrix+SVD+KNN,317693.19367346197,0.0313013722959366,2.453149665328433,97116.02427869564,14419.471226416177,0.12292549035290423,15
82,30,Temporal_Matrix+SVD+KNN,327394.01107978186,0.03225716448437702,2.417420814303753,103578.93565796995,15810.569879540899,0.12802237140379868,15
82,40,Temporal_Matrix+SVD+KNN,297347.7672088049,0.029296796860402298,2.2499545441744044,102847.93035556556,13396.52311791721,0.14447724782149418,15
100,10,Temporal_Matrix+SVD+KNN,504427.52321527357,0.0705190798740291,1.0510828459564927,224421.9976621692,100.05308274785591,0.5263589992482305,15
100,20,Temporal_Matrix+SVD+KNN,590772.1629986519,0.04328667579906593,1.1359885559293366,241009.4838283721,103.13182249578676,0.48131673402062214,15
100,30,Temporal_Matrix+SVD+KNN,660771.2836920588,0.04841560609309893,1.2557589711702182,256395.00085945043,110.88328001779936,0.4235631306459128,15
100,40,Temporal_Matrix+SVD+KNN,647478.0202652737,0.04744159069375092,1.2403157524034787,261220.80055192683,117.008654506244,0.420392304956988,15
190,10,Temporal_Matrix+SVD+KNN,149323.13616913912,0.08274778038963963,2.140535108301598,69085.10315889237,16507.686356848426,0.06622531690660494,15
190,20,Temporal_Matrix+SVD+KNN,154049.82836085523,0.08536708840501991,1.9771744751965024,75142.39300632467,8686.950179908106,0.056435235833498076,15
190,30,Temporal_Matrix+SVD+KNN,163435.71143812872,0.09056829842220931,2.080250732640223,81418.57617773711,6071.024543784359,-0.02238262480289821,15
190,40,Temporal_Matrix+SVD+KNN,146667.64993269916,0.04557233522656528,1.911187026098812,60462.4878795884,7558.537887853365,0.2136564490338123,15
140,10,Temporal_Matrix+SVD+KNN,305634.06968279125,0.09008334830931265,1.2932387591620884,123165.35078658393,657066.4131292673,0.7546946185217319,15
140,20,Temporal_Matrix+SVD+KNN,380840.5152413215,0.08924627053148791,1.469455882715482,166722.3118901468,1257732.8009973622,0.6546269664289128,15
140,30,Temporal_Matrix+SVD+KNN,403361.02203170967,0.09452373225387746,1.5975401590977922,184404.6188587412,1712072.872925903,0.5877666034490143,15
140,40,Temporal_Matrix+SVD+KNN,433592.47806032625,0.1016081799303046,1.7609740394607336,199074.8987573195,1933731.0061269188,0.5059843910218852,15
45,10,Temporal_Matrix+SVD+KNN,480329.9465090643,0.07781352620664334,1.1031998141464032,230011.02824234602,1025.9449010630196,0.6650396823140912,15
45,20,Temporal_Matrix+SVD+KNN,532317.9546448479,0.062026178186163156,1.1087856920855643,250610.6303893537,881.1260046314626,0.635870247896553,15
45,30,Temporal_Matrix+SVD+KNN,589199.8106889046,0.05817192936850859,1.2335104553536096,267956.8266862719,1067.61432903007,0.5706074588255445,15
45,40,Temporal_Matrix+SVD+KNN,606772.6905335526,0.058243923185867075,1.2706987710604472,280015.82667299785,1066.8067024702643,0.5488848852200732,15
156,10,Temporal_Matrix+SVD+KNN,1957752.6193459115,0.06590027208277517,0.6126612210609735,1264717.0726607214,55.248001438688874,0.2439276439633321,15
156,20,Temporal_Matrix+SVD+KNN,1950971.1417150332,0.06453381135331028,0.598389656858382,1144768.3020421516,46.99527480343752,0.301821637024799,15
156,30,Temporal_Matrix+SVD+KNN,1921977.9652490465,0.06352878823289095,0.5931181930339544,1140762.1933332747,47.0949980392163,0.2842769212276779,15
156,40,Temporal_Matrix+SVD+KNN,1913663.5670702674,0.06325396528968663,0.5940079143200494,1168212.1888373806,49.30801093263607,0.2665973945596075,15
277,10,Temporal_Matrix+SVD+KNN,32620.410815071227,0.06973897564052417,6.749452919814338,8973.637361439067,8726.165709945682,-0.4710174017247777,15
277,20,Temporal_Matrix+SVD+KNN,132894.12919703647,0.034182341978341434,12.995698161001338,13967.603903048794,16243.750056974455,-0.016243726437376038,15
277,30,Temporal_Matrix+SVD+KNN,113167.1149279505,0.02910826118913111,13.09656839308242,14643.729880998826,13280.359133843976,-0.06006615246112412,15
204,10,Temporal_Matrix+SVD+KNN,648562.3148680462,0.052926282693777915,3.238868237009084,148318.15625882216,348.1699783660849,0.32475649733638656,15
204,20,Temporal_Matrix+SVD+KNN,1004440.7652125041,0.03572358292843964,4.189168161837402,187088.32183020265,367.56694445245546,0.22878637350738296,15
204,30,Temporal_Matrix+SVD+KNN,1349501.507252837,0.034223036173242814,5.212682043567617,209524.90209582643,415.137091385706,0.10801577545135743,15
204,40,Temporal_Matrix+SVD+KNN,1290645.8436087975,0.03273047058879193,5.207060844330644,204016.70800699067,444.484393400593,0.12878266500234958,15
88,10,Temporal_Matrix+SVD+KNN,994029.5716358755,0.08900882655352602,0.754729560406195,633016.1277327639,796.916599703626,0.6263329222073621,15
88,20,Temporal_Matrix+SVD+KNN,1095273.703889239,0.08110680266226028,0.8075524785104141,699769.5972682283,836.9103661665408,0.5534305781572499,15
88,30,Temporal_Matrix+SVD+KNN,1134017.0486726179,0.08143998973279126,0.8370033281394919,723167.8888516694,1006.8242319132846,0.511860144512311,15
88,40,Temporal_Matrix+SVD+KNN,1229126.359698506,0.06851198741903038,0.8900637120552858,759522.1552213017,985.1374913829419,0.4689746099524844,15
202,10,Temporal_Matrix+SVD+KNN,1231966.145297389,0.05653533997168936,2.815205274558475,364705.43886818044,258.5848376572518,0.006783494582216942,15
202,20,Temporal_Matrix+SVD+KNN,1270361.2547115062,0.051068822791831864,2.828932866198251,380791.9512083557,321.46267368844224,-0.001695222661536322,15
202,30,Temporal_Matrix+SVD+KNN,1150511.396018965,0.04625083013620302,2.6857543719037924,365867.3910396884,436.51666315238924,0.01313273030530493,15
202,40,Temporal_Matrix+SVD+KNN,1095555.7766551892,0.04404151736713676,2.5543967330463366,367544.59363131516,548.9668839268438,0.03198113862127183,15
63,10,Temporal_Matrix+SVD+KNN,471508.9502563062,0.07013933447775518,1.4607962179627194,193368.92599623717,1116.851328698744,0.6156417409576083,15
63,20,Temporal_Matrix+SVD+KNN,491646.0370495685,0.07313159844697674,1.3563632080653205,209081.67562620874,1986.8937295071114,0.6101409023782048,15
63,30,Temporal_Matrix+SVD+KNN,505497.18228287634,0.0751919351829584,1.3862910740568875,226021.01573759675,1778.147995495409,0.5832600768849924,15
63,40,Temporal_Matrix+SVD+KNN,501873.38212061493,0.07465290043367215,1.400883623660357,229892.47932083128,1710.3176569263144,0.5688517856007327,15
151,10,Temporal_Matrix+SVD+KNN,315162.3332073744,0.10747567015254164,1.2924556438704247,140277.18595154007,978.0193502572432,0.6668550363807084,15
151,20,Temporal_Matrix+SVD+KNN,350906.7849965103,0.08904027055734831,1.2621856253763082,165025.23360401267,993.4688792858243,0.6372058489391406,15
151,30,Temporal_Matrix+SVD+KNN,388685.7542918322,0.0912107956460896,1.3693465819758683,182717.64044296104,1083.5194586586056,0.5852644310841202,15
151,40,Temporal_Matrix+SVD+KNN,412025.8523591003,0.06345714315528012,1.4616026772300992,190393.53112665407,1129.3726157268368,0.5430416299451137,15
210,10,Temporal_Matrix+SVD+KNN,566208.6119863454,0.08209158637362544,1.2358895686402664,262609.7658012503,96.9407110181328,0.31916208008372837,15
210,20,Temporal_Matrix+SVD+KNN,567382.2986051957,0.054817938801828774,1.2036409131167813,259807.3685663574,91.31361434733593,0.30460213189991714,15
210,30,Temporal_Matrix+SVD+KNN,533436.1221345653,0.05153821113161827,1.1444868960516867,257006.89358389954,94.05114626878478,0.3193295569643295,15
210,40,Temporal_Matrix+SVD+KNN,515314.8310035772,0.04978741307064484,1.1181714764993793,251821.90789485403,95.84335809598058,0.3237085606356027,15
168,10,Temporal_Matrix+SVD+KNN,1564153.0812537752,0.08568558426585797,0.6489885686177901,964782.5407153133,56.21825182600152,0.24946726584591739,15
168,20,Temporal_Matrix+SVD+KNN,1574516.6827736227,0.08599308851237027,0.6372921929695736,958019.7053031703,55.865208903987515,0.2594757465371347,15
168,30,Temporal_Matrix+SVD+KNN,1625683.1608476536,0.08878757365566868,0.654433297834394,989048.9666621364,55.984368033299845,0.22158469702252737,15
168,40,Temporal_Matrix+SVD+KNN,1671497.4464346555,0.08181517855280204,0.6746991064775284,1014099.1102693122,57.098255066423356,0.19610343968729416,15
145,10,Temporal_Matrix+SVD+KNN,361334.4454334846,0.06852022611506758,0.8904457681127779,189146.268003688,263.6793556681231,0.7255820095989813,15
145,20,Temporal_Matrix+SVD+KNN,394484.77160859486,0.07475620664045499,0.8649377688446078,209358.49691395543,254.9102734843173,0.7024081188294391,15
145,30,Temporal_Matrix+SVD+KNN,447365.54078864085,0.08103385830541883,0.9718798071512551,231550.45932743986,264.88318701419183,0.6347151984112201,15
145,40,Temporal_Matrix+SVD+KNN,494618.37460634374,0.07288969446449944,1.076964425670472,253692.65521080923,302.80667905604776,0.5649733206946133,15
60,10,Temporal_Matrix+SVD+KNN,2195665.9531171946,0.07103312807638194,0.5969793673391205,1348520.7720620022,52.32429527678505,0.3574273025853719,15
60,20,Temporal_Matrix+SVD+KNN,2053871.6409541352,0.06622646582982838,0.5520605689735968,1326466.5779321506,54.887616825968834,0.3779326444352291,15
60,30,Temporal_Matrix+SVD+KNN,2111514.9332771883,0.06805108850475357,0.559133683129327,1369460.4059415448,55.85541447623415,0.3429135864850805,15
60,40,Temporal_Matrix+SVD+KNN,2121500.8378953347,0.06836560537758864,0.5620972961679804,1392537.2148782865,58.09606288845465,0.3303521485273406,15
280,10,Temporal_Matrix+SVD+KNN,74.01392989547666,0.04011691754449309,10.135221526043393,7.268243388369699,164.38376525443906,-0.049095373318870816,15
280,20,Temporal_Matrix+SVD+KNN,62.55999091803447,0.03390867098649231,8.99552311428554,5.852921781844756,125.56117079935787,-0.020217324161236228,15
280,30,Temporal_Matrix+SVD+KNN,78.4806471305457,0.02916479443659093,10.408116992384675,6.169998348693147,116.3881996096241,-0.008208444254127034,15
280,40,Temporal_Matrix+SVD+KNN,86.42100900827457,0.031660789286896494,11.01698150289522,6.282465933135345,115.15169130354026,-0.002948952065820576,15
243,10,Temporal_Matrix+SVD+KNN,261221.05132937373,0.09214449477153465,1.2609334384494997,116406.46885281788,67606.14699662635,0.5629043628012513,15
243,20,Temporal_Matrix+SVD+KNN,262558.86610741814,0.09261640132282443,1.2110234451365582,121527.05216241462,517536.4296220715,0.5980460081580001,15
243,30,Temporal_Matrix+SVD+KNN,281900.8443336969,0.08442086978309975,1.3285107835379961,135017.03605692447,1206560.7575907626,0.5231064488760795,15
243,40,Temporal_Matrix+SVD+KNN,306498.9630715552,0.0706900479604524,1.4611903660224947,153650.64843344534,2129851.0474929013,0.443482835479974,15
211,10,Temporal_Matrix+SVD+KNN,882592.0907363765,0.05727751618171564,2.2836014924438963,383716.4029049238,1378.3167405023999,-0.02917425012854613,15
211,20,Temporal_Matrix+SVD+KNN,882023.7313102466,0.05724063140043461,2.1354768284088954,413605.69783380657,1451.326334821667,-0.022898572581913523,15
211,30,Temporal_Matrix+SVD+KNN,903515.6012665723,0.05585465932678713,2.2280764206083674,408429.63030964305,1373.8869158709622,-0.03889548001256182,15
211,40,Temporal_Matrix+SVD+KNN,849163.4301121918,0.05249464872017066,2.1290392757315035,402842.15682191687,1336.5630079464158,-0.05161196314601946,15
111,10,Temporal_Matrix+SVD+KNN,841650.2708519817,0.06844760497359673,1.007786294964864,519215.42406692065,747.6688628021639,0.2244830551483209,15
111,20,Temporal_Matrix+SVD+KNN,877606.6326501928,0.05780804472266972,1.0354896012245356,532655.775819349,511.83120012470187,0.18852665202117413,15
111,30,Temporal_Matrix+SVD+KNN,920568.0884043361,0.060637920504358823,1.08370440148221,576898.4182311964,486.33116650398483,0.165105188778485,15
111,40,Temporal_Matrix+SVD+KNN,896794.7795518741,0.0590719700543276,1.062992009559983,569971.1309587527,421.2514951103314,0.18144915388366734,15
102,10,Temporal_Matrix+SVD+KNN,421158.9719225104,0.05587505203263186,1.960950420429646,136838.94136885097,371.9535151688416,0.39742326533546557,15
102,20,Temporal_Matrix+SVD+KNN,400738.2250412311,0.05316112678399196,1.7997032859312216,142165.18747678003,409.97257645465623,0.4019009202698698,15
102,30,Temporal_Matrix+SVD+KNN,381055.1935259745,0.05055001541879038,1.7257076152834772,146468.91599016704,470.7480069870578,0.41387860253303155,15
102,40,Temporal_Matrix+SVD+KNN,365646.66944110306,0.04850595161043827,1.7071914576369307,148143.04134397322,525.0666147713629,0.405017877488848,15
274,10,Temporal_Matrix+SVD+KNN,159655.4637851001,0.09775499913467495,4.034213076558722,56904.64745172066,15280.04694950985,-0.21738451358959,15
274,20,Temporal_Matrix+SVD+KNN,129017.79635228463,0.07899586153823246,3.43144065863723,57027.57207881807,20183.869458344045,-0.07009560097806511,15
217,10,Temporal_Matrix+SVD+KNN,262143.50294926763,0.06945771006321044,1.942308878003469,82703.3238545274,1018.7428298505343,0.5200515141488509,15
217,20,Temporal_Matrix+SVD+KNN,265908.775996677,0.07045532619461482,2.038423446784459,89157.9184690503,2764.2819029945185,0.41718424756019945,15
217,30,Temporal_Matrix+SVD+KNN,362880.6336444461,0.05183056477035871,2.641396589755549,104502.80898859745,3407.2682367817306,0.25067300370566536,15
217,40,Temporal_Matrix+SVD+KNN,365378.13487762795,0.0521872851004861,2.739055956195192,109858.79410300088,4552.391962472331,0.18047725641210055,15
142,10,Temporal_Matrix+SVD+KNN,615102.5937379433,0.0441856237228483,3.1278745478993164,135570.93178807222,94.15172643455276,0.06067821014216768,15
142,20,Temporal_Matrix+SVD+KNN,467421.10333433753,0.03357585212033703,2.6048098038113894,134749.91448049786,134.89724573237498,0.026476816389184865,15
142,30,Temporal_Matrix+SVD+KNN,422721.6838981514,0.030364997740532113,2.453623855606726,131370.97711546204,136.54154795887047,0.01878157878093545,15
142,40,Temporal_Matrix+SVD+KNN,489626.5268722258,0.03517091492699918,2.664652296783548,131716.37907958945,119.54070198333912,0.026091640985061115,15
275,10,Temporal_Matrix+SVD+KNN,31.871188538844834,0.126460703480969,0.41355249526274773,23.21491013817144,33.0869113801802,0.03258608555341225,15
275,20,Temporal_Matrix+SVD+KNN,31.30345830150626,0.12197103008613498,0.4163550767758339,23.584450077947896,37.20221082585907,0.024200495673912692,15
275,30,Temporal_Matrix+SVD+KNN,31.087391804523318,0.12112914696413998,0.4146081110683115,23.652746758005122,37.13626466411341,0.004741812758408459,15
275,40,Temporal_Matrix+SVD+KNN,31.813940373957898,0.12396007626811659,0.42249272754106715,24.418469293139147,38.336518515926166,-0.03403722598086922,15
234,10,Temporal_Matrix+SVD+KNN,707550.1658760633,0.09622563296227289,0.9045452906261215,384639.9573422562,71.36921713398291,0.203919590756088,15
234,20,Temporal_Matrix+SVD+KNN,685822.0889118832,0.09326085400769785,0.8673639213188099,381011.0327369732,82.63599173592554,0.21777962700044462,15
234,30,Temporal_Matrix+SVD+KNN,711890.5344616707,0.09130106242266392,0.889172033119096,387579.25313162233,77.73945040120148,0.1821159821748931,15
234,40,Temporal_Matrix+SVD+KNN,709303.6008957096,0.09095922178028809,0.8909753817193821,405564.3515988404,101.37075077235107,0.1601580409979373,15
219,10,Temporal_Matrix+SVD+KNN,656902.2980286562,0.08053373811265623,1.331165251079095,301455.98958712415,826.3848747964424,0.3392726301500075,15
219,20,Temporal_Matrix+SVD+KNN,664627.4480475184,0.08148081229761042,1.3318127178986954,374411.73550091987,1037.507382365262,0.18295068423106808,15
219,30,Temporal_Matrix+SVD+KNN,683433.0711933292,0.07345284102461715,1.3589741717010857,382521.649344192,1018.8384334563419,0.17766905215504813,15
219,40,Temporal_Matrix+SVD+KNN,692035.5798335156,0.07437740661295954,1.400280593322527,397957.3547685307,1113.1782564535552,0.10558714090888488,15
92,10,Temporal_Matrix+SVD+KNN,775139.5451502826,0.0391914026469587,9.303918409671544,82002.85245204507,2293.443601825651,0.009329039235844938,15
92,20,Temporal_Matrix+SVD+KNN,545767.1474867039,0.0275942314676857,7.355432401570188,72470.32164981152,2566.993463744535,0.01750367985658352,15
92,30,Temporal_Matrix+SVD+KNN,460255.9752729689,0.023270748293579065,6.414235156815617,70286.63260672748,2561.7811606923215,0.027515277786444803,15
92,40,Temporal_Matrix+SVD+KNN,407669.2360441194,0.020611912178827466,5.888381363239743,67997.7955037942,2815.1202129155968,0.032972978552757715,15
47,10,Temporal_Matrix+SVD+KNN,107.60556003712784,0.11138087673223167,1.382857644114352,38.36571932413222,39.04504531603777,0.0461973579097219,15
47,20,Temporal_Matrix+SVD+KNN,100.49169099828201,0.10401741920985515,1.3423010430034121,36.021008594202954,39.915644151242454,0.0492458532412412,15
47,30,Temporal_Matrix+SVD+KNN,99.67177922638763,0.09226723138832829,1.3418621623739972,36.66919787569335,41.92516724637339,0.03548948293596166,15
47,40,Temporal_Matrix+SVD+KNN,99.26086895273943,0.09164177202645957,1.3334711881712127,37.49538031632538,44.399293797623635,0.03390092236577846,15
42,10,Temporal_Matrix+SVD+KNN,295998.8204026867,0.09203994108591727,1.4497716350803165,140302.69771471576,332.33716745802127,0.4896925710279094,15
42,20,Temporal_Matrix+SVD+KNN,327367.27010346454,0.08279290023133673,1.4020557353673753,154036.26296073914,362.73538228158947,0.5026349408835309,15
42,30,Temporal_Matrix+SVD+KNN,327925.70751580957,0.06232880326083529,1.362038639723555,145653.55528324726,310.73967157733193,0.5436471881471795,15
42,40,Temporal_Matrix+SVD+KNN,362308.29820531583,0.06886389850212785,1.5176627464252166,168456.9890956042,376.2098854322521,0.43479102281012716,15
261,10,Temporal_Matrix+SVD+KNN,210901.4722835834,0.10850341932366696,1.3881886670387058,138877.2829992336,375.60264392869533,0.0735224884988177,15
261,20,Temporal_Matrix+SVD+KNN,237194.48314675892,0.09007975872663404,1.4789114318574101,147306.10852125555,439.294261811924,0.02706950961727228,15
261,30,Temporal_Matrix+SVD+KNN,244207.09641826304,0.09274295098625095,1.525710762764122,149195.99140272435,441.69906660819197,-0.007446536116775482,15
261,40,Temporal_Matrix+SVD+KNN,249578.74981597922,0.09478295307909047,1.571575390564687,153683.751244021,464.197584385613,-0.05935456564107211,15
283,10,Temporal_Matrix+SVD+KNN,2.681549560452686,0.15873418866136657,0.7471769864637094,2.0392424082260767,101.83770967333075,-0.21809223131907496,15
283,20,Temporal_Matrix+SVD+KNN,2.5830718897397222,0.15290480799564257,0.7054525261374155,1.835401420353655,77.30609111609458,-0.014178496753943781,15
283,30,Temporal_Matrix+SVD+KNN,2.670721308572643,0.15809321084684153,0.7163061069299337,1.8763114727583936,74.31207368499044,-0.04891788255171625,15
72,10,Temporal_Matrix+SVD+KNN,144856.6909829119,0.08440731856787191,1.5783015725060157,60568.69983548362,5347.3372463757,0.5503911753438251,15
72,20,Temporal_Matrix+SVD+KNN,173708.80909743963,0.05440476271453898,1.6679972013768383,72885.6187327154,7499.486067734885,0.5003064151147458,15
72,30,Temporal_Matrix+SVD+KNN,184505.4149098558,0.057786207676362576,1.7654538160626767,76875.17002316596,7043.098987877005,0.4487361237752385,15
72,40,Temporal_Matrix+SVD+KNN,190782.41103696355,0.05975209080738774,1.8548552943082486,79711.66429948447,7692.518021224469,0.3963007320853127,15
1,10,Temporal_Matrix+SVD+KNN,51232595.26049049,0.07150323617812017,0.4433528255016867,25097426.69329563,24.09612916709803,0.5107481049635794,15
1,20,Temporal_Matrix+SVD+KNN,49049390.09060213,0.06446672096051513,0.41956819419593117,25012030.04769227,24.647015621706675,0.5116767230821564,15
1,30,Temporal_Matrix+SVD+KNN,56794508.13624798,0.04039188091059784,0.4846016076575383,26844077.84893232,26.174505281884166,0.4307067419616254,15
1,40,Temporal_Matrix+SVD+KNN,57972783.42972737,0.04122986255523055,0.4922713921631732,28582715.77876986,27.481927473788947,0.3988999063531937,15
229,10,Temporal_Matrix+SVD+KNN,910885.181645368,0.0747478648547785,0.8772610159462368,455535.1818550638,66.32641169977468,0.2259654557617764,15
229,20,Temporal_Matrix+SVD+KNN,958965.4346928481,0.07863766167759036,0.9044936690732054,557655.6522813521,104.28467732848566,0.15659894207270253,15
229,30,Temporal_Matrix+SVD+KNN,1325416.3771899338,0.02823980451689069,1.2498561327115674,495001.16200080805,73.26017223022734,0.1131913317845189,15
229,40,Temporal_Matrix+SVD+KNN,1271425.5781573565,0.027089456870196246,1.1995786765146381,498572.1629797417,76.27051332510898,0.11176685104741313,15
250,10,Temporal_Matrix+SVD+KNN,149629.47153630469,0.06915765808611746,2.722165459765003,50370.14347831236,4046.6115714715643,0.10195031352612705,15
250,20,Temporal_Matrix+SVD+KNN,258951.84300723916,0.03926398035535617,3.994886808938432,95859.69953575634,20450.075345132274,-0.13807660552776246,15
250,30,Temporal_Matrix+SVD+KNN,230901.7225877389,0.03501083674252681,3.7680800795419316,92753.94652517287,21208.476320423266,-0.20423752994131772,15
250,40,Temporal_Matrix+SVD+KNN,207548.42348152667,0.03146985604630739,3.3998673910431982,73317.74106283396,13543.873760735874,-0.0030302834245534704,15
27,10,Temporal_Matrix+SVD+KNN,1706109.8904353871,0.1235131055108865,0.5697075313946541,1127422.3808657478,50.08641737494223,0.3391111609555093,15
27,20,Temporal_Matrix+SVD+KNN,1865270.3428135624,0.07025592257087435,0.6030729903715831,1162724.5806227338,51.57957254245452,0.3161016373680815,15
27,30,Temporal_Matrix+SVD+KNN,1864283.4573593072,0.07021875125770378,0.6006728167614346,1181183.6799033557,51.74224973590287,0.301950121917944,15
27,40,Temporal_Matrix+SVD+KNN,1914990.8019889472,0.07212865739640377,0.6171742030866633,1210721.0525935704,52.61136828414957,0.26393189258473815,15
138,10,Temporal_Matrix+SVD+KNN,1336538.438715422,0.11240363362060596,0.728690328736532,881839.0664424382,137.15407593898667,0.4653866477395068,15
138,20,Temporal_Matrix+SVD+KNN,1476271.2540806879,0.10237677594645411,0.7708782661735871,982190.4541164883,158210.30198841268,0.3741094208507292,15
138,30,Temporal_Matrix+SVD+KNN,1530691.6596596949,0.10615073391893161,0.7924099251241559,1014227.026910618,105981.16561418977,0.3322894692249996,15
138,40,Temporal_Matrix+SVD+KNN,1617854.3039031315,0.06694393376355492,0.8302917700874917,1043142.4927779353,71851.10100002719,0.31214849520608334,15
128,10,Temporal_Matrix+SVD+KNN,1948402.5249547053,0.09261341015033318,1.750204217847135,944858.7476476721,315.7707176177036,0.03243281107921314,15
128,20,Temporal_Matrix+SVD+KNN,2159673.7017616383,0.06024669024760773,1.837685744571202,998819.3363237319,322.06955818527075,-0.008557742695415094,15
128,30,Temporal_Matrix+SVD+KNN,2597761.7179596424,0.057794576090539694,2.0807203758938515,1078190.7092680223,331.46388459793434,-0.0043062983744714955,15
128,40,Temporal_Matrix+SVD+KNN,2482776.8052933803,0.055236410636637354,2.022664686217282,1073627.581543702,341.86974777112175,-0.005294861350046753,15
119,10,Temporal_Matrix+SVD+KNN,4493655.038394597,0.08678795961761909,0.37858239106968183,2963074.229121531,28.5211424499444,0.4208474107193262,15
119,20,Temporal_Matrix+SVD+KNN,4832484.243188834,0.09199691661293291,0.39523253124849245,3127188.7648745505,29.166538192002143,0.38364494970752316,15
119,30,Temporal_Matrix+SVD+KNN,4790310.855813746,0.09119405386028157,0.3909327128039552,3171635.6377183883,29.514590293935406,0.3809785983515984,15
119,40,Temporal_Matrix+SVD+KNN,4870797.0566734625,0.08236365962516932,0.397717768396226,3244602.8771228036,30.188693220691835,0.3545799715084831,15
154,10,Temporal_Matrix+SVD+KNN,213322.78058082328,0.06142566147331019,1.6043227412127905,84918.861192967,209.98398368392307,0.42593333254706056,15
154,20,Temporal_Matrix+SVD+KNN,294508.702874668,0.038703307442319465,1.9428732381699072,101314.3842848877,226.17315201249633,0.2843814026702849,15
154,30,Temporal_Matrix+SVD+KNN,279973.1474157021,0.036792193177438086,1.876796292101058,103204.72574137368,262.6958254288744,0.2778448933331197,15
154,40,Temporal_Matrix+SVD+KNN,288096.8730430655,0.03785975871135219,1.9656270295875917,105778.87468868712,283.08243701663594,0.2401904981266434,15
257,10,Temporal_Matrix+SVD+KNN,906341.8216777703,0.04128471472528711,4.69676492994556,204524.15347439505,2234.94767996658,0.010530293459044993,15
257,20,Temporal_Matrix+SVD+KNN,682922.4435512244,0.03110757750557883,3.5936202502418295,195950.5322918253,2152.41135301381,0.014417856242497251,15
257,30,Temporal_Matrix+SVD+KNN,587905.8392563558,0.02677950715098689,3.2666637936982337,185382.05405120258,2197.9479499829863,0.018255738992134063,15
257,40,Temporal_Matrix+SVD+KNN,532912.3923851688,0.024274507948014508,3.1139767510876037,181213.29403674792,2405.4912483992575,0.014424591242817364,15
31,10,Temporal_Matrix+SVD+KNN,1929055.0360829714,0.09157277804447453,0.47958515019739906,1200383.952387099,2590480.128210478,0.5246812963021932,15
31,20,Temporal_Matrix+SVD+KNN,2092461.9628915347,0.06732847167971012,0.5130125681233,1282375.6586266141,3990943.741816099,0.49867746396765156,15
31,30,Temporal_Matrix+SVD+KNN,2287900.6830714364,0.0736170401555584,0.554364129197397,1404015.468146096,4628553.472479059,0.42120842644825907,15
31,40,Temporal_Matrix+SVD+KNN,2330983.7517304732,0.075003310118658,0.5669542818752945,1463000.8951359757,4917438.980396003,0.3847484649230205,15
163,10,Temporal_Matrix+SVD+KNN,683251.6837472949,0.048639782662130954,4.904638442613702,125961.92632073032,803.9434934862177,0.021943872226009686,15
163,20,Temporal_Matrix+SVD+KNN,634132.9955634505,0.04514308828911744,4.576094836416504,119214.86187121017,794.1169911495565,0.034642854980367344,15
163,30,Temporal_Matrix+SVD+KNN,659979.8844158887,0.04698303814468299,4.720076318061932,144891.78293923187,4908.501831905955,0.0004638099232092685,15
163,40,Temporal_Matrix+SVD+KNN,587683.0361682154,0.041836327374903934,4.526383537121102,135418.84406527362,3704.020425512725,-0.0024651411635840947,15
126,10,Temporal_Matrix+SVD+KNN,1036187.4865553994,0.08225409452689388,0.5291625306138646,711209.0053168054,58.3368130453198,0.3737259314340342,15
126,20,Temporal_Matrix+SVD+KNN,1148881.0673137645,0.09074418360957161,0.5638465506487547,767519.0975907246,9205.552445044574,0.3137352106857677,15
126,30,Temporal_Matrix+SVD+KNN,1227708.3417600202,0.09105516861655802,0.5954884085416123,805272.7909781224,9727.016200167222,0.293321390419495,15
126,40,Temporal_Matrix+SVD+KNN,1289817.0843373616,0.07345763825516734,0.6235289796569586,832398.3907950517,9526.918448452807,0.2694142047562298,15
56,10,Temporal_Matrix+SVD+KNN,9191567.614431037,0.10719525553037453,0.4124370594260122,6036884.5430271765,39.67946013880249,0.7087088298611613,15
56,20,Temporal_Matrix+SVD+KNN,9527790.862889323,0.11059535544356822,0.423865934029932,6492186.555977215,44.55462986821147,0.6750836419490551,15
56,30,Temporal_Matrix+SVD+KNN,9980996.65811208,0.11585601415585928,0.4460324011526081,6953549.60226491,47.579051744152096,0.6305964379684106,15
56,40,Temporal_Matrix+SVD+KNN,10846299.670034695,0.11556212320588137,0.4810019917581744,7593726.090700587,50.15707437826724,0.5793483910629766,15
253,10,Temporal_Matrix+SVD+KNN,197931.94816023228,0.048013203623190705,2.949282519759408,64733.83950375169,2459.2752562096266,0.027817163364416087,15
253,20,Temporal_Matrix+SVD+KNN,164034.62758043534,0.03979058483725912,2.3771644249407893,65125.571508752895,2141.7465081324394,0.04435864798110789,15
253,30,Temporal_Matrix+SVD+KNN,147492.3255090731,0.03577784750439725,2.2293335121715816,64046.85835570103,2267.536855880739,0.026595655616237668,15
253,40,Temporal_Matrix+SVD+KNN,141100.20801710087,0.034227281979749315,2.1676976531455914,65359.90506935183,2438.635382591481,0.020955871278597882,15
242,10,Temporal_Matrix+SVD+KNN,192867.01569216407,0.1301132525820884,4.532652748477682,81318.30421725559,193615.56552884716,-0.8807212326648011,15
242,20,Temporal_Matrix+SVD+KNN,350943.57464501524,0.03323641576584105,6.6143853885744495,90395.40972000448,208464.430250074,-0.21766174244924508,15
242,30,Temporal_Matrix+SVD+KNN,473178.6185322138,0.037727202774218836,7.139769623186825,100685.23212766043,145001.99853421113,-0.08365151292142303,15
242,40,Temporal_Matrix+SVD+KNN,511293.38570122054,0.03289765503727458,7.443146016562591,88735.73556841782,96059.68633780358,-0.023271107101376032,15
8,10,Temporal_Matrix+SVD+KNN,166190.2365686241,0.10037199188681033,1.7228863754616848,72535.41823828548,34126.79188506367,0.38059237781183675,15
8,20,Temporal_Matrix+SVD+KNN,202527.69634707028,0.0742931652939785,2.026078695158792,80685.52650373049,37071.6063815721,0.29046571712574554,15
8,30,Temporal_Matrix+SVD+KNN,203339.83482226456,0.0745910715566818,2.0845387306364125,90602.7202740845,38933.26674048581,0.23078569737878618,15
8,40,Temporal_Matrix+SVD+KNN,204684.3948383398,0.07508429597805004,2.155307275591584,97566.46650050493,51262.37490172965,0.19037247082722475,15
221,10,Temporal_Matrix+SVD+KNN,154216.31482016668,0.08218898785717896,1.2943697483180656,76449.40069044636,701.1035342307699,0.45846086562567,15
221,20,Temporal_Matrix+SVD+KNN,169569.0585126152,0.09037117316218032,1.2774277322851477,86580.46921410067,891.8713147015773,0.41288820685079886,15
221,30,Temporal_Matrix+SVD+KNN,229448.42146562922,0.0328625072114991,1.6789171915402277,86350.80769007723,817.323374281248,0.32163350644203914,15
221,40,Temporal_Matrix+SVD+KNN,235790.25284817137,0.03377080929617534,1.7287300315276064,89447.42685286641,718.8528182067472,0.28344842534469317,15
218,10,Temporal_Matrix+SVD+KNN,483105.6588730516,0.10120323329417986,0.8350559054954677,281052.1960237657,105.22807095711767,0.08179045345617075,15
218,20,Temporal_Matrix+SVD+KNN,510905.65651098784,0.06659724608028646,0.8561329912031919,292051.62838241906,125.90691213458909,0.06442900746926172,15
218,30,Temporal_Matrix+SVD+KNN,491836.33408975566,0.06411153400862178,0.8275295031700182,289313.41975559614,110.44385383986094,0.046414668141192106,15
218,40,Temporal_Matrix+SVD+KNN,503549.99687188794,0.06563842585814739,0.8479676828448275,294489.7962966305,108.47683166945711,0.024844557203730466,15
235,10,Temporal_Matrix+SVD+KNN,231247.00238403695,0.09982895407648439,0.96383611800834,119953.05683863786,148.26236315131993,0.6698163994814608,15
235,20,Temporal_Matrix+SVD+KNN,264375.87431937695,0.07080745143114404,1.0226505184719963,129067.45330350002,170.91592145065465,0.6141114545587087,15
235,30,Temporal_Matrix+SVD+KNN,274638.0859720203,0.07354846522854785,1.0785030054269376,138671.10678279327,202.58856618537533,0.5735266463950444,15
235,40,Temporal_Matrix+SVD+KNN,277305.82156776526,0.07426288856866171,1.123051608285492,141432.8028699518,207.3634949098381,0.5392965560458614,15
184,10,Temporal_Matrix+SVD+KNN,901648.0444350425,0.07234192728958234,1.15668963251579,481074.01122896175,171.00326756678393,0.20927517189999778,15
184,20,Temporal_Matrix+SVD+KNN,958493.3178898175,0.0707221530590071,1.1317976868826383,488662.7245921565,165.6898636430083,0.22781202953064494,15
184,30,Temporal_Matrix+SVD+KNN,942270.8313780484,0.06952328169085925,1.1027577963765252,492514.646380262,163.7367569215017,0.24850719513539676,15
184,40,Temporal_Matrix+SVD+KNN,961901.8399021158,0.07097171041224755,1.1206318077108588,508673.18767684884,166.9941944243045,0.2394467702542663,15
69,10,Temporal_Matrix+SVD+KNN,1337915.9588430845,0.08785190043955737,0.6122803064049868,745368.6254267079,60.40714377871208,0.7264300442100939,15
69,20,Temporal_Matrix+SVD+KNN,1483692.988471867,0.060884547200950406,0.6304250898489884,820173.4388668626,69.78577229203444,0.7044781045010522,15
69,30,Temporal_Matrix+SVD+KNN,1578658.7809798955,0.06474634084647998,0.6586080119824727,883583.1066356773,76.44137214251032,0.6685411261207435,15
69,40,Temporal_Matrix+SVD+KNN,1628511.9243745003,0.0667909933409804,0.6824942355802304,929007.5536079183,81.36133049965738,0.6474868180973172,15
207,10,Temporal_Matrix+SVD+KNN,432261.6840258755,0.05887994342359346,2.2798768068848427,129989.10607289472,812.4513535075951,0.3564514219711914,15
207,20,Temporal_Matrix+SVD+KNN,360671.879593863,0.049127452977461974,1.8967905853357372,128299.69077463775,19500.581883279716,0.42253815750640955,15
207,30,Temporal_Matrix+SVD+KNN,342981.89710236323,0.046717879529449044,1.8386281890846545,128585.02460235861,41078.66333618451,0.43074056694404683,15
207,40,Temporal_Matrix+SVD+KNN,332306.97184452706,0.045263838145939456,1.82947004267347,131675.25722052285,34063.456750058576,0.4203707996914444,15
26,10,Temporal_Matrix+SVD+KNN,741673.3438658462,0.08831745307240817,0.6014660220470015,471573.6449095787,63.86736120996596,0.7556401616433914,15
26,20,Temporal_Matrix+SVD+KNN,972699.8163424485,0.11056443245600289,0.777499252283235,538932.5045442482,62.787193023229314,0.5884150226701449,15
26,30,Temporal_Matrix+SVD+KNN,1031264.6679332602,0.08632363591943343,0.8366817893379201,562194.84297806,59.961176340474765,0.5147011408391735,15
26,40,Temporal_Matrix+SVD+KNN,1203664.6541741374,0.10060762550724923,0.9809942524500223,618066.8527063179,64.45453229927176,0.34108472536654144,15
76,10,Temporal_Matrix+SVD+KNN,785324.5968475889,0.08727226341383838,1.8823992097500237,305547.61652760976,515.718516900038,0.4431132567586804,15
76,20,Temporal_Matrix+SVD+KNN,850987.1692094378,0.08127202573825176,1.841316973603072,334457.1344566426,546.3501761715132,0.3918221402169071,15
76,30,Temporal_Matrix+SVD+KNN,854189.6173575256,0.08157786988929648,1.917049560840798,346302.5017512065,603.1526549185813,0.3471628748591068,15
76,40,Temporal_Matrix+SVD+KNN,835247.3970252367,0.07976882661098762,1.9157989307917969,341790.72105095733,628.8555813570331,0.3310923279920267,15
106,10,Temporal_Matrix+SVD+KNN,2847064.3694470013,0.053886788266498176,0.5055697095128677,1637412.931072543,38.40431047953386,0.3959233760949331,15
106,20,Temporal_Matrix+SVD+KNN,2666075.3686222774,0.050461183959595445,0.4674534005112809,1654353.7718591602,37.19543617185852,0.3986429800966773,15
106,30,Temporal_Matrix+SVD+KNN,2662484.2983234874,0.050393215266327514,0.4652454199676586,1704318.4954070111,37.567092027890006,0.38089756848537737,15
106,40,Temporal_Matrix+SVD+KNN,2637315.876017571,0.049882382756514826,0.46253963028379724,1735252.935534981,38.35977385868005,0.3683205984114045,15
199,10,Temporal_Matrix+SVD+KNN,591017.2448694003,0.11620365772340233,1.0461801694174713,301637.53134850925,230.73618911295895,0.46543389455587647,15
199,20,Temporal_Matrix+SVD+KNN,712622.0848633768,0.08090771455961897,1.20095140525554,339276.73049883195,304.17983447460614,0.3681463327070008,15
199,30,Temporal_Matrix+SVD+KNN,742074.9431249656,0.06997507276450692,1.238088026487297,350182.25752191455,336.8631135419807,0.3460640195661503,15
199,40,Temporal_Matrix+SVD+KNN,781742.0014432322,0.07371349837493398,1.2970310650986316,364240.6636860496,343.68798997410715,0.31394499592696856,15
160,10,Temporal_Matrix+SVD+KNN,257888.9021710747,0.08448150602123801,2.1867813996157883,89108.3360509885,112.86664795745536,0.022956864341914907,15
160,20,Temporal_Matrix+SVD+KNN,280050.4002625695,0.04459980171182689,2.3178212294300438,105257.33788474719,174.58066107051252,-0.028657742606638115,15
160,30,Temporal_Matrix+SVD+KNN,322032.8866048024,0.05128577882336657,2.4996184307655773,98046.45110389663,108.31948883382347,-0.019267974531677723,15
160,40,Temporal_Matrix+SVD+KNN,348345.8190375585,0.055476280132621354,2.599909139848495,127225.6562933573,204.7106732072166,-0.051411500891785256,15
266,10,Temporal_Matrix+SVD+KNN,4.649144043318113,0.06694767422378083,0.5613776573289199,2.73864831156229,42.090408791457996,0.31414344137349515,15
266,20,Temporal_Matrix+SVD+KNN,4.708462523984115,0.0671486383911026,0.5708798645818741,2.842106625671245,46.32894639121747,0.2882129913621767,15
266,30,Temporal_Matrix+SVD+KNN,4.642534369693712,0.06620841941947678,0.5629352288906901,2.838441828066074,44.97106861256054,0.26415716920883403,15
266,40,Temporal_Matrix+SVD+KNN,4.586298544723144,0.06540642533832207,0.5565027514293742,2.8446456526960118,44.52615646791366,0.24176377802967097,15
55,10,Temporal_Matrix+SVD+KNN,4279620.8924845075,0.09016195644077257,0.3674179422803135,2891361.038705521,34.46923799210702,0.6881391255331237,15
55,20,Temporal_Matrix+SVD+KNN,4739579.999912411,0.09347882831539894,0.39339883155809424,3189965.1651315326,38.1735226968462,0.6474449482860927,15
55,30,Temporal_Matrix+SVD+KNN,5079833.584160489,0.08884643792878752,0.4187492262621044,3391131.4510591784,39.84905792223971,0.6092133511467841,15
55,40,Temporal_Matrix+SVD+KNN,5527707.780467907,0.0544734771242772,0.4524390093564143,3624779.971138059,42.176895783270616,0.5581308177848905,15
122,10,Temporal_Matrix+SVD+KNN,531689.2843841687,0.059518126105048565,1.5673741083842845,280875.8621901049,333.99161061334337,0.0247788773792762,15
122,20,Temporal_Matrix+SVD+KNN,663516.1141226807,0.0512585416315479,1.8547655426781093,300949.7202493086,360.7028592062397,-0.0013597187857696813,15
122,30,Temporal_Matrix+SVD+KNN,635266.920900566,0.049074494813882645,1.78824358553643,300972.65319388494,348.8910488499943,-0.011083589314123676,15
122,40,Temporal_Matrix+SVD+KNN,608418.0769301739,0.047000416326817854,1.7314480336021334,303154.05602405436,366.0645505401616,-0.013519358726493236,15
139,10,Temporal_Matrix+SVD+KNN,1252817.888259582,0.04496445115093332,2.3264734441607753,369614.31446748716,670.8784134739726,0.34662032307765867,15
139,20,Temporal_Matrix+SVD+KNN,1339667.3415305323,0.04807997809588316,2.2244460982317062,417125.10270292097,814.052134205551,0.31251482476952097,15
139,30,Temporal_Matrix+SVD+KNN,1297982.7045396683,0.046583937719795576,2.2264973715889127,419904.7669387294,874.7021438064523,0.2895274073726599,15
139,40,Temporal_Matrix+SVD+KNN,1220815.9153315015,0.04381446098490741,2.1577377924556416,420124.07281551295,931.211487392145,0.29865909894065956,15
86,10,Temporal_Matrix+SVD+KNN,1600868.6788304343,0.1088159357063663,0.8697745176108698,905064.7281206596,77656.93926102741,0.5161809629348529,15
86,20,Temporal_Matrix+SVD+KNN,1707112.2414888926,0.08715826150087837,0.9247599853209857,925688.2398824312,108720.21239132709,0.4673123483805568,15
86,30,Temporal_Matrix+SVD+KNN,1684639.1394786898,0.08601087560899769,0.9263138991247206,943324.0896238766,91756.19833194942,0.44928397671109455,15
86,40,Temporal_Matrix+SVD+KNN,1688537.1621139492,0.08620989252189931,0.9457170633160493,969570.0940150126,92351.75057610119,0.4297445564495658,15
73,10,Temporal_Matrix+SVD+KNN,768041.5232715188,0.05908536184395103,1.351044468024212,301471.544700945,1143.6157942718187,0.6916892898791906,15
73,20,Temporal_Matrix+SVD+KNN,1221338.7023394436,0.04062438115074636,1.8981637914339204,359805.9260376166,903.1628613539949,0.468871351020841,15
73,30,Temporal_Matrix+SVD+KNN,1159414.4479315206,0.03856461733518301,1.81973106366782,378641.3839108059,733.6468873571829,0.4790620792398109,15
73,40,Temporal_Matrix+SVD+KNN,1106834.7736919718,0.036815704321140126,1.7691447517079812,389436.42648236104,752.8642395115864,0.48820798151695455,15
161,10,Temporal_Matrix+SVD+KNN,342810.8666481241,0.06761811597120873,1.1477298264688265,144794.13161744486,429.22607807222465,0.7210271573886945,15
161,20,Temporal_Matrix+SVD+KNN,395478.4117555301,0.07800639580498925,1.1601403495742781,173654.68943909655,403.9828334265791,0.6789798966790308,15
161,30,Temporal_Matrix+SVD+KNN,441213.2710061623,0.06648070427765145,1.286552529996063,191446.6632740622,450.566820138644,0.6186385561262275,15
161,40,Temporal_Matrix+SVD+KNN,443625.6493377256,0.06684419427445219,1.3294211821661728,197730.65212408974,486.24243568969064,0.5958038125256468,15
262,10,Temporal_Matrix+SVD+KNN,70.10114675394101,0.03844852593758077,1.1814081910521763,12.447417037065772,20.033294833748425,0.038125205062722656,15
262,20,Temporal_Matrix+SVD+KNN,49.199311401216285,0.026844643400838728,0.8502964854099958,11.243981955883294,21.352022399931702,0.06963097247610306,15
262,30,Temporal_Matrix+SVD+KNN,41.07270020275862,0.022410516713560227,0.7115808103299339,11.393908012920825,22.065925166055855,0.09111370264680418,15
262,40,Temporal_Matrix+SVD+KNN,36.8226113781376,0.020091538750872308,0.6372450892182592,11.58653864898588,22.60787667742512,0.09911068764570807,15
159,10,Temporal_Matrix+SVD+KNN,248795.5087490531,0.09603319125608999,2.8618081821826498,73642.24580202195,607.4651597216695,0.15819408348864983,15
159,20,Temporal_Matrix+SVD+KNN,340575.9127931453,0.04080055066171749,3.7984667665805625,79585.73050485968,801.8661144815063,0.0686746464832283,15
159,30,Temporal_Matrix+SVD+KNN,488711.1093061478,0.03913520962171436,4.73589418572456,121291.807653038,1890.5145650461272,-0.015166062437048877,15
159,40,Temporal_Matrix+SVD+KNN,444633.21904070163,0.035605153124862544,4.724827570925208,116589.89396348584,2036.249514594681,-0.04006592294052669,15
227,10,Temporal_Matrix+SVD+KNN,881518.6883831492,0.05878566869607987,2.2006691009143706,274606.7795060872,152.13570227001225,0.002312802102202083,15
227,20,Temporal_Matrix+SVD+KNN,707350.4916464305,0.0471626882450935,1.8031702296437147,275385.78470629995,181.8248169168541,-0.010584035082796373,15
227,30,Temporal_Matrix+SVD+KNN,723474.9262969121,0.04823778707308608,1.7903873561762291,291517.9843285772,187.011390010958,-0.042227476903616834,15
227,40,Temporal_Matrix+SVD+KNN,697188.9697359662,0.04648516741826348,1.7407591506029216,287362.9616977781,187.27899182369734,-0.042922587160066916,15
7,10,Temporal_Matrix+SVD+KNN,405345.3241313009,0.07293578846766231,1.2473473396646666,167016.23073466154,1192.1959186307834,0.6815576423348877,15
7,20,Temporal_Matrix+SVD+KNN,487020.98781253165,0.06944499848295572,1.2798674371250756,202124.58077085685,1480.1094044061983,0.644534834453222,15
7,30,Temporal_Matrix+SVD+KNN,519273.9626139887,0.07082321319402608,1.3701845956255285,212630.7701714969,1614.728435335471,0.6028041892474556,15
7,40,Temporal_Matrix+SVD+KNN,529091.6063569896,0.07216223098797317,1.4311995752400446,223054.8612000875,1661.8635079987512,0.5631457446936718,15
20,10,Temporal_Matrix+SVD+KNN,210013.37071111734,0.08585773627102106,1.0077980894410488,139741.41513281432,621.2606611014404,0.24640046319068254,15
20,20,Temporal_Matrix+SVD+KNN,211745.40631745788,0.08655085151336246,0.9832379286754795,144180.16599585622,639.7339558145391,0.2372374078690338,15
20,30,Temporal_Matrix+SVD+KNN,240545.8052699595,0.060389091531023065,1.1062981424642184,151024.3582802395,658.8651089230445,0.16300110533327528,15
20,40,Temporal_Matrix+SVD+KNN,246762.36174084764,0.06194975976760661,1.1237412869724566,156727.03072684084,719.394049963884,0.14911963696531427,15
149,10,Temporal_Matrix+SVD+KNN,435610.6411301714,0.09720022899291765,0.7995655880292737,255861.01986109585,603.1780094079016,0.581111440674565,15
149,20,Temporal_Matrix+SVD+KNN,473645.02564815833,0.08342933858878256,0.8194308529636231,286185.2282807917,680.8960418622663,0.5460838418414982,15
149,30,Temporal_Matrix+SVD+KNN,495892.23719186574,0.08734382820004807,0.8649313934098231,299207.0783820813,898.2307933396635,0.5109565441132342,15
149,40,Temporal_Matrix+SVD+KNN,513664.6652027993,0.09047416939610133,0.8878307707072272,310906.3735738976,903.9973235490697,0.485454494574143,15
28,10,Temporal_Matrix+SVD+KNN,579701.9920650708,0.08400439783876912,0.6542810513544821,387634.82987854804,65.54282008930426,0.2487756767274898,15
28,20,Temporal_Matrix+SVD+KNN,665332.9169262715,0.0850734555382052,0.7355952653361904,412420.83527465723,72.0701955462517,0.20418923358616037,15
28,30,Temporal_Matrix+SVD+KNN,719416.0821735173,0.08758791519336867,0.7893534845042022,454978.2417090133,79.71270210724613,0.05547816188163157,15
28,40,Temporal_Matrix+SVD+KNN,817114.1230880322,0.03822095296642563,0.8908772467298592,468324.57169347676,81.13390021486376,0.017513256380716657,15
215,10,Temporal_Matrix+SVD+KNN,2141473.2084119353,0.08425059545033016,1.791087464318596,999900.4723874918,320.94845083333456,-0.025865219384124227,15
215,20,Temporal_Matrix+SVD+KNN,1963492.438281314,0.07720767708539428,1.638782437426952,908186.5609052131,271.19559947931276,-0.018512609843342798,15
215,30,Temporal_Matrix+SVD+KNN,1911352.5208048904,0.07515745176580887,1.6133128677675004,911306.2848462141,276.26149122577306,-0.026510632438661474,15
215,40,Temporal_Matrix+SVD+KNN,1995314.3389106428,0.0784589653410207,1.666631392496115,1067366.5945585642,392.9501707260413,-0.09887627400034904,15
205,10,Temporal_Matrix+SVD+KNN,559769.351264709,0.08842776242953662,1.22902478395821,277261.26309411944,183.846448895349,0.4106727051854818,15
205,20,Temporal_Matrix+SVD+KNN,801388.019220062,0.05336041420620585,1.5462112291519299,320696.6310108075,182.66236105154653,0.2951821103586876,15
205,30,Temporal_Matrix+SVD+KNN,740825.4188463305,0.04932785399337365,1.4583700411506089,319858.53355332115,181.59382872187825,0.30014803166953785,15
205,40,Temporal_Matrix+SVD+KNN,719162.1220499071,0.047885403566857235,1.4350734821781446,322233.2357040774,186.97838413181225,0.29179884635412756,15
206,10,Temporal_Matrix+SVD+KNN,562431.1413838703,0.06404851778760831,1.5193029690241535,232618.07738792358,310.8935987956354,0.2892009410596924,15
206,20,Temporal_Matrix+SVD+KNN,758160.2367096551,0.03942873658184146,1.8954429081296233,258064.29867266022,335.0068889890959,0.20160134746093705,15
206,30,Temporal_Matrix+SVD+KNN,701246.9420786146,0.03646891464268139,1.791440495230169,269243.2228852311,353.19472082567273,0.19507686587134065,15
206,40,Temporal_Matrix+SVD+KNN,672183.0057692947,0.03495742111758579,1.7514757369581981,271394.27338786755,373.37220155752806,0.1970159105262269,15
130,10,Temporal_Matrix+SVD+KNN,1003087.7761827058,0.12066813306494432,0.5184660070738598,714367.4559328364,55.222069892001294,0.3868596704405297,15
130,20,Temporal_Matrix+SVD+KNN,1007489.4197344602,0.1146955693879308,0.5158132959157515,716341.6132421831,55.003450023052146,0.3426138346273979,15
130,30,Temporal_Matrix+SVD+KNN,1067783.392442403,0.10561718339022697,0.544581076528357,755578.4644877351,55.69912067185228,0.28873468048982853,15
130,40,Temporal_Matrix+SVD+KNN,1114914.7189595986,0.10726938964862168,0.5687812202185851,779296.9874042539,57.13710406351083,0.23257450384376477,15
40,10,Temporal_Matrix+SVD+KNN,535598.4170294746,0.11236550495949973,0.8541948647658335,335267.7329615356,278.78354287914345,0.5002897000149069,15
40,20,Temporal_Matrix+SVD+KNN,607570.4920823273,0.09508549374756893,0.8895393247044409,374290.2874134672,332.4505805045183,0.46912253656548264,15
40,30,Temporal_Matrix+SVD+KNN,630155.4204857193,0.09862006149974845,0.9242400056200991,391697.7238764892,344.5291630960557,0.42841420998906643,15
40,40,Temporal_Matrix+SVD+KNN,638666.3808808133,0.09995203677172045,0.9394310036458591,403110.1311818723,352.20111935879737,0.3973009663924397,15
222,10,Temporal_Matrix+SVD+KNN,1171022.453237066,0.08707495723750283,0.8214449116050465,667998.1764280178,1256.286382416571,0.4611995858984226,15
222,20,Temporal_Matrix+SVD+KNN,1168807.365514005,0.08691024761282426,0.8245502811298583,677359.6143750764,1429.7406041507352,0.46779088447342987,15
222,30,Temporal_Matrix+SVD+KNN,1349708.5451148872,0.061955651219571826,0.9328959918628643,734548.05007256,1658.9795734421273,0.395123878013768,15
222,40,Temporal_Matrix+SVD+KNN,1372553.773605464,0.06300431540230701,0.936011104266864,755822.4965275764,1614.956304410409,0.3801345892411083,15
223,10,Temporal_Matrix+SVD+KNN,278103.3769982353,0.07832786810707164,1.0126733185402599,132072.71041398498,396.9884048436905,0.7501481850458449,15
223,20,Temporal_Matrix+SVD+KNN,329882.84598902665,0.09290126136400263,1.0625480960151097,155365.03008811723,416.12709063722104,0.6878162182141483,15
223,30,Temporal_Matrix+SVD+KNN,344097.5230887825,0.0780945812412185,1.1058483551916565,163909.24484976198,447.1484065907123,0.6647454852222925,15
223,40,Temporal_Matrix+SVD+KNN,351893.9494179214,0.07986401754487657,1.1458821268072443,170382.60460999238,462.83151429599707,0.6446259700124166,15
4,10,Temporal_Matrix+SVD+KNN,213914.85839310012,0.08513386560585524,1.299699587875698,91868.8461202849,393.87003683305943,0.623505146247175,15
4,20,Temporal_Matrix+SVD+KNN,221643.72590113638,0.060894380892228976,1.26742198861274,100038.52209095724,427.65742387010476,0.6046478226581719,15
4,30,Temporal_Matrix+SVD+KNN,215878.20224270533,0.05931036134792544,1.2537229200550102,100433.13986045882,464.8608763277213,0.6048795119942738,15
4,40,Temporal_Matrix+SVD+KNN,241369.5146768314,0.05080013330434431,1.3815573483991568,107381.70565149435,514.5980134982789,0.5420153735455435,15
248,10,Temporal_Matrix+SVD+KNN,426886.7050771313,0.06232498275346293,1.557567197074527,172479.1882698805,190.43210529913188,0.3674819331985789,15
248,20,Temporal_Matrix+SVD+KNN,423834.7998133704,0.05502426487858596,1.5242224778882696,172634.00241052118,205.87411289397411,0.35093274090309956,15
248,30,Temporal_Matrix+SVD+KNN,441877.97284339456,0.057366716070633844,1.5953050907255535,176725.20728830938,229.54934569116165,0.30767705260702594,15
248,40,Temporal_Matrix+SVD+KNN,417568.54719955096,0.05419978282081369,1.5594421177885283,174379.22359068613,265.50191543832256,0.3088298480195031,15
136,10,Temporal_Matrix+SVD+KNN,1814791.236392932,0.08079241195427472,1.2689404835361073,758291.2001358109,101.03807011823392,0.2669551588090534,15
136,20,Temporal_Matrix+SVD+KNN,1499775.6969884485,0.06671245944918097,1.0857726436983077,706695.8756136077,112.14912803746088,0.31357531395202465,15
136,30,Temporal_Matrix+SVD+KNN,1434835.5146431495,0.06381961912698758,1.0507591757246126,697314.7376844053,114.0739702844628,0.31223282578370537,15
136,40,Temporal_Matrix+SVD+KNN,1392865.6978897324,0.061952856217443425,1.0333640074928143,702790.3297219443,115.42481650658686,0.3129331268349751,15
203,10,Temporal_Matrix+SVD+KNN,880190.3150143208,0.08604506132848237,1.0291085773609703,452754.5087690003,565.4467300040652,0.5143366084910702,15
203,20,Temporal_Matrix+SVD+KNN,884085.5359815536,0.08642434619484853,1.031291283123915,493541.7422997754,636.5289084528915,0.44479346172124945,15
203,30,Temporal_Matrix+SVD+KNN,931002.2103022506,0.09100844099668168,1.095794116152931,518842.7973989788,839.9241146369668,0.3735949538455865,15
203,40,Temporal_Matrix+SVD+KNN,1007005.9313609237,0.09843760035709706,1.158904732836082,560687.6874039418,954.2440222389021,0.2957191405973545,15
65,10,Temporal_Matrix+SVD+KNN,632299.4577672752,0.08407859198637106,1.2104290213143454,312552.65540307807,581.7665258838937,0.6289543918406747,15
65,20,Temporal_Matrix+SVD+KNN,718810.7871348963,0.08029904874436894,1.2360192463490878,355427.3529240451,573.75025876222,0.5969525155814304,15
65,30,Temporal_Matrix+SVD+KNN,759087.1103433458,0.08479835579212518,1.2944850695039203,370589.99423762085,703.3472176746676,0.5659130742862217,15
65,40,Temporal_Matrix+SVD+KNN,862353.036901764,0.03737031500830711,1.472092661123267,377259.73251113016,652.3128208995636,0.4923963526080185,15
90,10,Temporal_Matrix+SVD+KNN,3437284.5030319626,0.0973409082225571,0.7461148016711926,1927968.4206416358,51.286848241228334,0.3030442418058268,15
90,20,Temporal_Matrix+SVD+KNN,3524428.305609591,0.07817110460242274,0.7595110440264807,1954380.0454587154,55.45964567659427,0.26113322197315425,15
90,30,Temporal_Matrix+SVD+KNN,3448513.3115128814,0.0764873254388685,0.7439136382647447,1941302.7802827863,55.209646842641206,0.24137848542877072,15
90,40,Temporal_Matrix+SVD+KNN,3514262.7797464095,0.07794563530167839,0.7560525317198079,2016062.9284979182,57.1272385416467,0.21889060042255615,15
256,10,Temporal_Matrix+SVD+KNN,77064.64807894989,0.14015802016424553,5.158048050323337,22542.66911313856,1964.7527286185152,-1.4705430246889302,15
256,20,Temporal_Matrix+SVD+KNN,78848.80544475578,0.14340287977609542,5.565615462324029,22641.8010822085,2635.9351496916515,-2.524712694175305,15
256,30,Temporal_Matrix+SVD+KNN,74034.71477900672,0.1346474590556722,5.479319394260188,20862.37371114672,2185.1950570050535,-2.6793173625790483,15
236,10,Temporal_Matrix+SVD+KNN,4312964.852349868,0.10746068143353868,3.363591725733522,1715370.5874199842,11666.314271960524,0.06621897808752719,15
236,20,Temporal_Matrix+SVD+KNN,4229107.557791922,0.09382359005189618,3.4051257568918856,1707358.156574911,10888.287599178642,0.036417250554021785,15
236,30,Temporal_Matrix+SVD+KNN,4177188.6333498317,0.09267175841455344,3.480136352518486,1689548.548735993,10721.749690478708,0.03098767478306408,15
236,40,Temporal_Matrix+SVD+KNN,3815050.8950792216,0.08463766085767727,3.4007713088110316,1433098.1518325917,7559.825440500761,0.10155385472717482,15
276,10,Temporal_Matrix+SVD+KNN,858322.9291036141,0.03948829031631958,9.867855821346645,111503.14924709294,727.8720481277348,-0.020346559237790274,15
276,20,Temporal_Matrix+SVD+KNN,647463.5287525118,0.029786985341658325,9.091446235498113,106651.3454957178,1005.0230603789282,-0.20434062450313117,15
276,30,Temporal_Matrix+SVD+KNN,626802.1774505799,0.02883644629036182,7.9547474583777475,92196.06730896204,697.6199105721162,-0.012363320275690315,15
276,40,Temporal_Matrix+SVD+KNN,707538.6816553038,0.0322639021586511,8.018020673652025,101874.85674628634,643.7667552994874,-0.018634645312142872,15
260,10,Temporal_Matrix+SVD+KNN,489416.11418873287,0.043011354288328876,8.37295637687171,81607.49115162021,122907.05222296531,-0.018046525662852364,15
260,20,Temporal_Matrix+SVD+KNN,490922.56186473893,0.04257281952244835,7.448329573791624,86921.95494727854,104415.97810865994,-0.025420490578035526,15
260,30,Temporal_Matrix+SVD+KNN,412826.0185897372,0.03580028442723924,7.066551067035353,80707.50700291111,120563.73454207853,-0.03490809904148384,15
260,40,Temporal_Matrix+SVD+KNN,375919.9669863365,0.03259979055090448,7.046787719339499,81951.41972738378,116138.5022131718,-0.11132708654559687,15
66,10,Temporal_Matrix+SVD+KNN,1219039.460995518,0.0681994146749134,0.9356818800128502,649441.6296232276,142.05381193722712,0.35080536985337774,15
66,20,Temporal_Matrix+SVD+KNN,1209022.191749299,0.06763899647591988,0.8861832361594393,672399.1758263444,109.6072957883988,0.3694791192888295,15
66,30,Temporal_Matrix+SVD+KNN,1234777.8003332375,0.06907989932297484,0.9160449543686328,684754.1892300891,107.92715098651071,0.33536245272861975,15
66,40,Temporal_Matrix+SVD+KNN,1320496.8410671689,0.06035424287508983,0.966400742997259,708311.1533892523,111.88780624987086,0.3042017666875316,15
70,10,Temporal_Matrix+SVD+KNN,806186.4779113136,0.08495130084941152,1.0585087100757524,366691.7295991116,391.8813714948102,0.7531231955174097,15
70,20,Temporal_Matrix+SVD+KNN,887116.1630832711,0.09347264892153044,1.0162176949390176,420956.4798140385,388.77119106213127,0.7362692756636044,15
70,30,Temporal_Matrix+SVD+KNN,961679.9051353175,0.09280362206932963,1.1053475631992928,455806.9781086939,399.8074774756059,0.6926064517125345,15
70,40,Temporal_Matrix+SVD+KNN,980316.4690845235,0.09460207977669916,1.151733496615388,463027.80258585105,413.66690603131593,0.6670375317239818,15
121,10,Temporal_Matrix+SVD+KNN,3061.045392492638,0.04083838230467033,0.8457247315331423,970.710590465985,27.40929509908344,-0.028343172498592084,15
121,20,Temporal_Matrix+SVD+KNN,2324.9329717178416,0.030679055114543975,0.652046832223577,951.1156971883296,30.105830436497023,-0.12505994382693175,15
121,30,Temporal_Matrix+SVD+KNN,2129.239145071037,0.02809674338069759,0.5956101367772572,937.9135338873726,28.660005244453423,-0.28297858708248347,15
121,40,Temporal_Matrix+SVD+KNN,2291.2385950590647,0.030234435140058843,0.6354025458386647,945.5651528484851,28.30330755094515,-0.11398516651745072,15
183,10,Temporal_Matrix+SVD+KNN,248390.51157788045,0.08975963402351878,1.3660997636455363,123876.243706078,674.273237111168,0.4915120472787059,15
183,20,Temporal_Matrix+SVD+KNN,272844.4041123328,0.08908484021156092,1.3399686905224437,137822.49784342997,762.9524905262941,0.4613278506698558,15
183,30,Temporal_Matrix+SVD+KNN,290774.3285154696,0.06587272926216242,1.4195610860846015,138394.2836809871,769.3392861490865,0.4268573661170689,15
183,40,Temporal_Matrix+SVD+KNN,329297.2552937261,0.039961568088610136,1.5754772915959288,145029.75763608157,816.9848242491671,0.3512665699540243,15
179,10,Temporal_Matrix+SVD+KNN,1344635.6472192693,0.10284476212069317,0.6834954367687669,837170.104095668,68.50480706138285,0.504787038816773,15
179,20,Temporal_Matrix+SVD+KNN,1632501.232963386,0.04536765742460012,0.79078539440652,868247.5006083773,67.61081843222738,0.4548927437448541,15
179,30,Temporal_Matrix+SVD+KNN,1616884.054485664,0.04493365174741603,0.7901535973272819,889464.2343513845,71.24349257076007,0.43204654502022843,15
179,40,Temporal_Matrix+SVD+KNN,2125729.161144885,0.03639834966465956,1.0278465022415544,954344.1124970176,76.34774124098571,0.29280713565269156,15
58,10,Temporal_Matrix+SVD+KNN,339724.2513029397,0.05098909322587931,1.6063394173155043,138773.82587222868,317.9413271286227,0.4492477364814842,15
58,20,Temporal_Matrix+SVD+KNN,322733.8733542659,0.04843832073788335,1.3794483334249645,149174.59089924098,320.64945235041455,0.4786818004729373,15
58,30,Temporal_Matrix+SVD+KNN,347598.69877385104,0.052167637067746284,1.4685468708088882,155694.9015869339,337.5284168224452,0.4288147246296943,15
58,40,Temporal_Matrix+SVD+KNN,351699.6839399624,0.05278311320882672,1.5055423037702351,160707.52163764508,365.3371174137984,0.3949952036200006,15
279,10,Temporal_Matrix+SVD+KNN,3.307958134733407,0.0915317690850417,0.7642572368475427,2.2763994717133857,89.39168563084458,-0.07977787257886404,15
279,20,Temporal_Matrix+SVD+KNN,3.353200131425583,0.08442094993518588,0.7879806021744533,2.3238776856449594,97.814657973218,-0.10134907427407969,15
279,30,Temporal_Matrix+SVD+KNN,3.3969130386903603,0.0855214763013686,0.7839065147716342,2.3508181074286507,92.67829109736462,-0.1204754928434113,15
279,40,Temporal_Matrix+SVD+KNN,3.3785516817957144,0.08505920649032514,0.776617131652151,2.3712757156287534,91.57065932132119,-0.15156622334398184,15
148,10,Temporal_Matrix+SVD+KNN,967864.2029792445,0.06282115752833276,3.6175048741337683,251378.35722204868,2639.9950090465327,0.08258506235629637,15
148,20,Temporal_Matrix+SVD+KNN,1018667.0382825759,0.060208261973833006,3.797641438525473,279897.1242029419,3687.188619676654,0.04906253404248406,15
148,30,Temporal_Matrix+SVD+KNN,979485.2649616515,0.05789236511318416,3.837876243564316,285868.8106620674,4543.532406356956,0.062143479186252404,15
148,40,Temporal_Matrix+SVD+KNN,953923.0854814323,0.05638151540416323,3.6734573840706846,304368.5590870291,5478.361581732869,0.05030866073993612,15
230,10,Temporal_Matrix+SVD+KNN,1527988.4464823317,0.1269947714261606,0.5122492417920225,1062632.2797369284,46.9874710365216,0.30415884037765095,15
230,20,Temporal_Matrix+SVD+KNN,1547726.3444815595,0.12667747360976575,0.5126292562567203,1095903.5710605339,51.33056978684603,0.30251530154400275,15
230,30,Temporal_Matrix+SVD+KNN,1618944.879476695,0.09739525797217295,0.53308021880861,1128799.1057205636,51.4972972612588,0.2709384667869482,15
230,40,Temporal_Matrix+SVD+KNN,1648206.2204978403,0.09915561182578121,0.5434420256742661,1151979.4877715975,51.80526963644719,0.23222626670828483,15
48,10,Temporal_Matrix+SVD+KNN,28178345.961667195,0.10077417540460046,0.2665320123788086,20772131.22244173,24.582028452151647,0.7386139851992437,15
48,20,Temporal_Matrix+SVD+KNN,28759450.494190004,0.09180409278217813,0.2738131331140279,21476465.12233981,25.96861377735377,0.7170057518102742,15
48,30,Temporal_Matrix+SVD+KNN,29858487.17337837,0.0942012105736903,0.28349769236919536,22647959.398860622,28.034579069488224,0.6916422721217587,15
48,40,Temporal_Matrix+SVD+KNN,32225161.284526687,0.09497861545643446,0.30431808483705725,24373611.334845994,29.54098487724639,0.649553701066597,15
71,10,Temporal_Matrix+SVD+KNN,285956.51340111275,0.07343451610014944,1.2234174646186955,142349.694108466,547.6145477510239,0.43325002030524606,15
71,20,Temporal_Matrix+SVD+KNN,282587.8233459759,0.07256726055892657,1.1230726331242527,153515.7082178716,518.0634727941149,0.4695774925342051,15
71,30,Temporal_Matrix+SVD+KNN,280993.7052724913,0.07215789832869834,1.1268299694723223,155138.10958988042,547.2032659427938,0.45254920035830537,15
71,40,Temporal_Matrix+SVD+KNN,297924.63446848345,0.06585217616545744,1.2027042993278583,160128.72693918465,551.0085014668863,0.3927391969466104,15
171,10,Temporal_Matrix+SVD+KNN,877950.6467790202,0.05546878094690206,1.2299438389953292,355196.5708707219,79.45905390667335,0.2147310857605237,15
171,20,Temporal_Matrix+SVD+KNN,1218479.049753598,0.032110927261255265,1.6524173917335385,362927.1499902308,81.69884122896838,0.1274872438202762,15
171,30,Temporal_Matrix+SVD+KNN,1045463.4841720716,0.027551398525347322,1.4436793259935674,353016.5219258175,82.23469853310607,0.14963773564969174,15
171,40,Temporal_Matrix+SVD+KNN,950991.3482262037,0.02506174727842056,1.3302582180818692,349752.93422977667,82.84560990477785,0.15812534914029663,15
105,10,Temporal_Matrix+SVD+KNN,3585738.6367944945,0.1295854888157051,0.7773450164781688,2033911.4551608732,76.97866930096039,0.32414284190429954,15
105,20,Temporal_Matrix+SVD+KNN,3735697.3140443955,0.07584719283136304,0.7779205290419946,2135850.9284560033,78.90224759048797,0.3099584588086838,15
105,30,Temporal_Matrix+SVD+KNN,3781383.2170700217,0.07677476998902846,0.7832903401672602,2231994.049952184,81.28909580722089,0.27777542840783653,15
105,40,Temporal_Matrix+SVD+KNN,3980148.170138021,0.08081036561043704,0.8206396937205641,2347527.429356908,85.32635988825531,0.24007167744455393,15
273,10,Temporal_Matrix+SVD+KNN,55181.280138658876,0.13567220314027229,3.1031094601856624,26596.924366941814,11697.919189199984,-0.2557343325154293,15
273,20,Temporal_Matrix+SVD+KNN,46605.75470673323,0.11217452694352135,2.556051065844469,19406.13690395691,2813.2579444670337,0.09845906917909009,15
273,30,Temporal_Matrix+SVD+KNN,85325.73107455314,0.027788973634953057,4.389685977923756,21727.060465850926,3032.6847959051765,0.026800703385378433,15
273,40,Temporal_Matrix+SVD+KNN,224784.83381860828,0.027122638241604095,9.013423272840528,22994.73328277507,1436.6797471079228,0.0010662620548312907,15
187,10,Temporal_Matrix+SVD+KNN,807107.1312090708,0.05036968427435041,1.2836673822422242,313825.3434645272,82.10161707338749,0.06820960598755521,15
187,20,Temporal_Matrix+SVD+KNN,1010344.2152849514,0.06064424577658422,1.501854469449604,374390.7956100875,99.67731635106493,0.010563955235568967,15
187,30,Temporal_Matrix+SVD+KNN,878527.0059495413,0.05273213511213558,1.3440452071758748,364835.1075490186,100.07815779502789,0.005790866018052787,15
187,40,Temporal_Matrix+SVD+KNN,816645.2630482535,0.049017785518387785,1.2724300104060577,365209.744835083,108.1048344457496,-0.003688982371145899,15
157,10,Temporal_Matrix+SVD+KNN,300751.48618959374,0.05903124285906708,1.8577383841465203,101976.78692581353,389.6082902892865,0.4414126271376174,15
157,20,Temporal_Matrix+SVD+KNN,403691.18746326544,0.04160899459837574,2.107475187294363,126255.72615712228,419.5417030051929,0.33077244912948955,15
157,30,Temporal_Matrix+SVD+KNN,391389.2597497442,0.04034101833414755,1.9980284448029186,133151.51532960832,432.04720047805256,0.34926578593237123,15
157,40,Temporal_Matrix+SVD+KNN,377136.1060963146,0.03887192658334153,1.957494491162569,134418.27598410373,474.71096410088194,0.3592679800769726,15
212,10,Temporal_Matrix+SVD+KNN,483014.1430887033,0.04775559990433924,0.9480706655425766,160334.67766541845,28.7230472464149,0.05061294241782599,15
212,20,Temporal_Matrix+SVD+KNN,394210.06756374484,0.03879102952369997,0.7651476451010532,156546.51744751196,29.105546735322484,0.09605109049120797,15
212,30,Temporal_Matrix+SVD+KNN,369885.3471221312,0.03639743020585961,0.7187368941849237,157161.25634743797,29.276789143641203,0.10205631045810382,15
212,40,Temporal_Matrix+SVD+KNN,353408.96052069817,0.03477612204635469,0.6886557672189333,158165.79879164256,30.205036477066148,0.11202767525541835,15
124,10,Temporal_Matrix+SVD+KNN,924482.5707356826,0.09786371746734157,0.9023277806370847,580714.3828731745,297.0589493993465,0.5178451842690937,15
124,20,Temporal_Matrix+SVD+KNN,921736.0866302899,0.09757123987405524,0.8669334795445633,582561.7107954492,285.896484574963,0.5080861632177378,15
124,30,Temporal_Matrix+SVD+KNN,1052190.9162816498,0.05779632808662876,0.9874209200600552,615675.3577511333,309.81420296633956,0.4241010089801902,15
124,40,Temporal_Matrix+SVD+KNN,1066128.1121375675,0.05856189138111419,1.0007119054884221,623444.3001247325,315.1367834320097,0.4039202854895023,15
78,10,Temporal_Matrix+SVD+KNN,4752333.900697891,0.09787851611201669,0.9687277869056953,2505397.2977860845,92.38108886625086,0.19729370644912925,15
78,20,Temporal_Matrix+SVD+KNN,4654957.4924759725,0.0917940304674832,0.934635371967305,2572101.6953504337,107.33324477488199,0.19511519099822405,15
78,30,Temporal_Matrix+SVD+KNN,4655158.155305527,0.0888493093683227,0.9488396859015836,2567285.565556023,115.65059515701577,0.19758957309072234,15
78,40,Temporal_Matrix+SVD+KNN,4775019.29101007,0.05957011997049337,0.9738437805376392,2595200.936710395,119.58986685600108,0.17301889550098748,15
214,10,Temporal_Matrix+SVD+KNN,455983.8033344354,0.11548575921563387,1.2834996206678413,214289.92735766483,544.4769799123887,0.6203113416479171,15
214,20,Temporal_Matrix+SVD+KNN,473848.9339353468,0.10047108603610409,1.2657837307091793,227841.84696782805,6199.156600076611,0.6040729140837027,15
214,30,Temporal_Matrix+SVD+KNN,496963.0345895105,0.0814854257159013,1.3346309969041634,236180.6237897696,8061.815513746721,0.5758629378609358,15
214,40,Temporal_Matrix+SVD+KNN,534822.3427439543,0.06183807099451081,1.4460934696827064,251853.2108380432,6731.368433479088,0.5299434242930312,15
85,10,Temporal_Matrix+SVD+KNN,291083.6494062058,0.08868040844132083,1.2178620556228474,146064.44401169053,300.2968962353359,0.3095520737028572,15
85,20,Temporal_Matrix+SVD+KNN,306290.2242834143,0.07568050944355045,1.221725309776335,154074.89237219238,216.24500708453147,0.300641425784144,15
85,30,Temporal_Matrix+SVD+KNN,380728.9863091698,0.03549907927967088,1.4827041737676443,159816.77581125105,184.09607272283043,0.20139686270685753,15
85,40,Temporal_Matrix+SVD+KNN,437594.4959848747,0.040801205749803844,1.7049535315913613,239422.66815995183,355.8534129343492,-0.051016554944737,15
182,10,Temporal_Matrix+SVD+KNN,39.92473340149858,0.05344104165751804,0.5561789404412425,16.11464058736432,20.20674714493561,0.7133953632843977,15
182,20,Temporal_Matrix+SVD+KNN,43.584923176970655,0.05791999264568224,0.6131446283266143,17.94115320283134,22.52666966695928,0.6435827528271707,15
182,30,Temporal_Matrix+SVD+KNN,49.49494721155356,0.06577382199003945,0.6972499328698675,19.794900412881535,24.164806921454726,0.5353732846301151,15
182,40,Temporal_Matrix+SVD+KNN,71.08461077268265,0.03512594584163184,0.9802465459749413,22.950751855599897,25.33452294440132,0.28784027564714243,15
127,10,Temporal_Matrix+SVD+KNN,723273.0788855599,0.04619813798977595,2.4832817323899383,184676.89334821928,867.5068975122122,0.2985595949658102,15
127,20,Temporal_Matrix+SVD+KNN,644415.6337804538,0.04116080669084419,1.9697486401202497,204726.79938074164,827.4799791739077,0.3899940777795401,15
127,30,Temporal_Matrix+SVD+KNN,593064.7174321868,0.037880865872510744,1.8893873225926512,205231.39180359725,928.8616833577678,0.395216858106052,15
127,40,Temporal_Matrix+SVD+KNN,597099.5509410839,0.03813858308696621,1.9383194782989004,211318.67753944956,978.1922420715182,0.3696283950611172,15
89,10,Temporal_Matrix+SVD+KNN,4257723.527277121,0.10991906234843471,1.7145283882724667,2247524.269798929,208.46585309081559,0.05596212032653125,15
89,20,Temporal_Matrix+SVD+KNN,4246163.841457766,0.09759259367758795,1.681002054427496,2244653.530199967,208.47890951924052,0.08492506983227843,15
89,30,Temporal_Matrix+SVD+KNN,4281157.558243562,0.09839687907755318,1.6547943510940584,2271680.931452676,206.6883568420037,0.10376463689643667,15
89,40,Temporal_Matrix+SVD+KNN,4447086.221048929,0.10221053516178716,1.7086942846400242,2332081.5790405814,208.64215958431865,0.055186283134779246,15
57,10,Temporal_Matrix+SVD+KNN,11681570.054874634,0.10879892550997512,0.3492721501182799,8148334.484342861,33.12332788706426,0.7159630557568898,15
57,20,Temporal_Matrix+SVD+KNN,12507528.419729294,0.07072779201116196,0.36581974118692995,8627999.701572735,33.853465150999824,0.6816554486971188,15
57,30,Temporal_Matrix+SVD+KNN,13801626.932014424,0.051090291751802894,0.40279064280785365,9219440.573357834,36.20139680549118,0.624732670155701,15
57,40,Temporal_Matrix+SVD+KNN,14823904.049056167,0.054874514903039136,0.4295045534261131,10073945.731019814,38.73242088899768,0.5777721092765902,15
81,10,Temporal_Matrix+SVD+KNN,433720.9231208079,0.05544426125072456,1.037606714054836,215862.0423916775,93.23504806728317,0.2820003192647307,15
81,20,Temporal_Matrix+SVD+KNN,417359.3192334037,0.053321180662143294,0.9900850981245031,220797.91511950732,95.70396222134407,0.27189959958300547,15
81,30,Temporal_Matrix+SVD+KNN,430776.65267425,0.05503535841602133,1.023104849484123,228328.21417795468,96.4299868792126,0.2341828064667968,15
81,40,Temporal_Matrix+SVD+KNN,446146.9447206577,0.05699904313867653,1.0586655264061333,236745.9740341789,97.28598583665989,0.2016993115209026,15
38,10,Temporal_Matrix+SVD+KNN,811048.5788828813,0.07753605469077908,1.3298561277126386,341175.03919767175,40657.69875052996,0.5729833849402206,15
38,20,Temporal_Matrix+SVD+KNN,1006120.359981684,0.07941102199238488,1.5291753313799499,409979.5505449255,60183.06691149804,0.4440327644361507,15
38,30,Temporal_Matrix+SVD+KNN,1027157.7647361403,0.08107146131760562,1.5949639635407276,440465.35551372834,60767.164139877335,0.39183739428666053,15
38,40,Temporal_Matrix+SVD+KNN,1009125.0250938972,0.07964817406364409,1.6232139708370128,457768.49511550565,54198.90537565743,0.3622035862617107,15
175,10,Temporal_Matrix+SVD+KNN,2059640.1323919126,0.10332304118163202,0.6522885474068455,1208070.1329536908,56.292869607323496,0.5393882227474005,15
175,20,Temporal_Matrix+SVD+KNN,2124723.3532221927,0.09575138735219009,0.6666583249558785,1249970.4747471027,55.60792017900204,0.5219471975406285,15
175,30,Temporal_Matrix+SVD+KNN,2140323.503522114,0.08744718633590613,0.672330565119609,1253244.2942442559,55.81077908248241,0.5072556017087944,15
175,40,Temporal_Matrix+SVD+KNN,2245549.655657435,0.09174641069056348,0.6942590938006133,1309227.3748056078,56.41810313803458,0.47717371573203127,15
59,10,Temporal_Matrix+SVD+KNN,8161563.126800391,0.10923258311894127,0.43243845941633413,5723016.284775432,53.14105015354653,0.6282674785495808,15
59,20,Temporal_Matrix+SVD+KNN,8257108.91075043,0.10588367278726288,0.42731209683706256,5933023.01063759,52.32044289980027,0.6195083246527087,15
59,30,Temporal_Matrix+SVD+KNN,8662217.97759468,0.09738815884030645,0.4494669698792587,6280311.731193865,55.313415006077015,0.5767758037056867,15
59,40,Temporal_Matrix+SVD+KNN,9067538.284268009,0.10194512086892361,0.4683137350987196,6632416.192613421,57.140724361500794,0.5397353004838925,15
115,10,Temporal_Matrix+SVD+KNN,1658516.6375868912,0.11401014169420491,1.2943911209494159,890268.7507521347,737.2587643703796,0.48216107611990155,15
115,20,Temporal_Matrix+SVD+KNN,1732256.0558653725,0.11906760744541653,1.2210535813227184,927614.795687705,775.6218785599691,0.4806044474661324,15
115,30,Temporal_Matrix+SVD+KNN,1915122.8253951496,0.06980911109602321,1.3374879786802372,1005201.4090459296,925.7972196052316,0.4016854944626945,15
115,40,Temporal_Matrix+SVD+KNN,2016233.014978096,0.06837471122098637,1.4114943981408246,1036842.4533914514,972.1970019619574,0.3553348635416125,15
181,10,Temporal_Matrix+SVD+KNN,2748027.5124674453,0.10630455925745132,2.6273391687465866,1281270.0500155604,454677.7740176463,-0.12461946676145219,15
181,20,Temporal_Matrix+SVD+KNN,2922856.35171667,0.1130676293568453,2.6401453247355255,1391862.223855205,330376.0853174767,-0.18357421460205203,15
181,30,Temporal_Matrix+SVD+KNN,3014899.409743058,0.10281093457797895,2.7143788051525646,1420577.3671843987,33594.61740474828,-0.256863767935134,15
30,10,Temporal_Matrix+SVD+KNN,697932.8838205918,0.08662691907045518,0.7615008121941071,393895.8519935365,2398.87988885018,0.28186755512240524,15
30,20,Temporal_Matrix+SVD+KNN,636212.8702943927,0.07896626019037,0.6916369423104101,385955.1081188682,30696.096700804206,0.3314162753582406,15
30,30,Temporal_Matrix+SVD+KNN,649658.0130178373,0.08063505871022271,0.6932303696794884,409261.88779019413,41106.459368324264,0.2904978653832623,15
30,40,Temporal_Matrix+SVD+KNN,667921.2505095485,0.08290187786410642,0.7173623714735515,430656.4197320968,55489.53159247499,0.250807632163632,15
34,10,Temporal_Matrix+SVD+KNN,1830439.4171541813,0.06975779261869518,0.6481801833963641,1029480.5883468017,72.49892166203948,0.7650654462718927,15
34,20,Temporal_Matrix+SVD+KNN,2017230.6275019692,0.07685220126290748,0.6689742514827034,1134449.152487984,80.83792435227645,0.7333230131259246,15
34,30,Temporal_Matrix+SVD+KNN,2117234.470499062,0.0806280420755899,0.7020529182370685,1205400.7380361182,85.4185433232957,0.7048972259849607,15
34,40,Temporal_Matrix+SVD+KNN,2230544.602017619,0.08494309276032365,0.7471457177054207,1269138.288870612,92.78847314508182,0.6729198502205632,15
164,10,Temporal_Matrix+SVD+KNN,1983898.28771093,0.11117854791956239,1.0149739085602931,1077839.6232529313,183.43511411193512,0.2280408684923153,15
164,20,Temporal_Matrix+SVD+KNN,1907770.5535861205,0.10691231562890975,0.9372328384160712,1076089.403521674,189.88089696188325,0.2506991681607563,15
164,30,Temporal_Matrix+SVD+KNN,2033813.8269051989,0.07874624116271621,0.9762237966734161,1092409.2731671573,188.40490445151758,0.23916712637229154,15
164,40,Temporal_Matrix+SVD+KNN,2097148.6608981448,0.08119847157123805,1.0012436758550303,1127091.0039243444,196.0901583891683,0.23045057002044922,15
131,10,Temporal_Matrix+SVD+KNN,945367.8423021059,0.04513780539900698,1.1097357945925475,328998.12558461475,45.70842743243136,0.11523228568097599,15
131,20,Temporal_Matrix+SVD+KNN,1114508.8635531813,0.041148474085803785,1.2705506828922777,348106.9092117307,47.28275219761502,0.08615176672104974,15
131,30,Temporal_Matrix+SVD+KNN,1206501.3796886809,0.04454490437907338,1.348765857614899,365106.4226932288,46.017161013306904,0.06103234913873168,15
131,40,Temporal_Matrix+SVD+KNN,1093036.8920909325,0.04035571335488538,1.2349258746297433,356745.3736148712,46.977046450323556,0.07607806899876901,15
194,10,Temporal_Matrix+SVD+KNN,347506.049611231,0.06825184235414532,1.468722141457274,150642.24874559403,172.56181059276037,0.31892216495748904,15
194,20,Temporal_Matrix+SVD+KNN,383658.3329646509,0.07532627216054312,1.5144333827124257,227265.20710364342,440.30319905376086,0.07819147661248627,15
194,30,Temporal_Matrix+SVD+KNN,395827.226421302,0.0777154744836758,1.5545069541186807,232498.4889995998,450.8917976468775,0.054321427093632635,15
194,40,Temporal_Matrix+SVD+KNN,416903.8036837131,0.04721854043257315,1.6356777412439245,232851.78255743973,464.73806830423445,0.044147597533454874,15
0,10,Temporal_Matrix+SVD+KNN,27762574.937879916,0.07107560022534967,0.18356146393902734,20925491.884384252,18.25277468821201,0.8846318798827008,15
0,20,Temporal_Matrix+SVD+KNN,30120010.507821437,0.0743561494395178,0.1966784796885694,22904160.912961215,20.35749148933855,0.8619273245257543,15
0,30,Temporal_Matrix+SVD+KNN,33191943.49803735,0.07811375295696858,0.2164165642522535,25232299.73141437,21.84069571049335,0.8305027958576355,15
0,40,Temporal_Matrix+SVD+KNN,36271951.278651476,0.08471609282780253,0.23565279415973706,27508554.30108871,23.667482815854836,0.8019262935602787,15
109,10,Temporal_Matrix+SVD+KNN,3696230.7255717027,0.11836099853246093,0.3271823841718518,2721111.8493629275,30.279310900580263,0.64341206277491,15
109,20,Temporal_Matrix+SVD+KNN,4013213.9145132317,0.10514907656230746,0.34857184989196466,2913147.501390491,33.367806248934215,0.5998369916823962,15
109,30,Temporal_Matrix+SVD+KNN,4142097.9204032505,0.10852592975071523,0.3602581083532126,3033616.0741865155,34.9215442970103,0.565257177411414,15
109,40,Temporal_Matrix+SVD+KNN,4227488.1797929555,0.11076321565510551,0.36871764267557366,3116500.909191676,36.270153794450145,0.5377067579464669,15
13,10,Temporal_Matrix+SVD+KNN,2186975.9827835653,0.05965898705225024,3.765812812301992,528352.4129482973,806.9220624442503,0.13247070693828633,15
13,20,Temporal_Matrix+SVD+KNN,2752666.6195626673,0.0390087094309051,3.909668694720646,617558.3234435695,926.0804400867448,0.14231116221390405,15
13,30,Temporal_Matrix+SVD+KNN,2815261.97428408,0.039895763455790954,3.857997505870591,711986.9677396194,1377.1989388948668,0.16579978584490607,15
13,40,Temporal_Matrix+SVD+KNN,2558479.9043945153,0.03625684217117139,3.788533818866927,677710.9471030054,1422.663021368609,0.15547277259574865,15
192,10,Temporal_Matrix+SVD+KNN,34136.90938218502,0.0758041894224009,0.6991695934582142,18192.791718133205,41.828570073428985,0.5471890281077143,15
192,20,Temporal_Matrix+SVD+KNN,45986.40193290144,0.05162712299536226,0.9120908797254874,20232.86361414631,40.95643163227549,0.38139125876639146,15
192,30,Temporal_Matrix+SVD+KNN,47788.78355424471,0.0536505858830533,0.9397551120035207,21529.25572872763,40.7803065992705,0.3190458028990877,15
192,40,Temporal_Matrix+SVD+KNN,49554.7395925821,0.05563315520275512,0.9821831042773757,22508.60404622418,41.77661743037251,0.2614678354792518,15
146,10,Temporal_Matrix+SVD+KNN,716618.4505363795,0.05560067560703594,1.5365200429993628,278778.54458094324,214.22125496577306,0.14072669881405853,15
146,20,Temporal_Matrix+SVD+KNN,568902.134103115,0.0441279868499292,1.2182689977256946,269138.91323503305,250.5138545233525,0.21654069079942306,15
146,30,Temporal_Matrix+SVD+KNN,803692.6521510574,0.03733368514122557,1.5979443941290221,301111.05032602494,238.4874657549093,0.12162264299400638,15
146,40,Temporal_Matrix+SVD+KNN,799377.3794218493,0.03713322911747124,1.6085980199924665,296550.76728191215,238.68548354692388,0.12241884071094722,15
123,10,Temporal_Matrix+SVD+KNN,2712649.569399887,0.07276631056141913,1.170586386148671,1145023.537818371,64.96313720829818,0.31238606192030227,15
123,20,Temporal_Matrix+SVD+KNN,2563804.4940871545,0.06865062764251394,1.0760194962496306,1170490.1709423237,69.29638237093685,0.32760419134186247,15
123,30,Temporal_Matrix+SVD+KNN,2440420.2522417335,0.06534678537863657,1.0276595069237942,1160980.330013468,69.13394109232655,0.34058635054091524,15
123,40,Temporal_Matrix+SVD+KNN,2467752.2536646747,0.066078650486424,1.0400113145307215,1185185.1486056875,71.63118672618799,0.31639891351087757,15
233,10,Temporal_Matrix+SVD+KNN,695278.0810721945,0.06481902570670049,2.8916742828223065,219376.57714327896,371.9533289426757,0.08311588780252344,15
233,20,Temporal_Matrix+SVD+KNN,700067.2078180554,0.06526334201329206,2.637790086214906,240056.5685926106,329.874273893667,0.04955951546809856,15
233,30,Temporal_Matrix+SVD+KNN,677337.3115710734,0.0631440210582215,2.643215522406996,220583.18824693034,295.8616974437043,0.07306057932241017,15
233,40,Temporal_Matrix+SVD+KNN,668489.5769712093,0.06231920079459906,2.573314701909991,224221.73310517846,293.28779197751567,0.06030334828596229,15
155,10,Temporal_Matrix+SVD+KNN,505319.7271714949,0.08519027134052767,0.9784108054715809,306527.7052474104,184.79464720567768,0.23313407673841946,15
155,20,Temporal_Matrix+SVD+KNN,536159.6494999867,0.06297300114906149,1.0115451418566925,310673.70278194436,175.84294932602063,0.19824930105693972,15
155,30,Temporal_Matrix+SVD+KNN,509762.5995365317,0.059872615920089634,0.9623448313495917,309714.82090910716,166.73937864181713,0.209358430124444,15
155,40,Temporal_Matrix+SVD+KNN,537230.4652616502,0.06309877055795406,1.00474419714337,320297.54484038387,180.35307944095118,0.1899273175206031,15
166,10,Temporal_Matrix+SVD+KNN,968088.2267858142,0.06920861228607966,1.8070334208726018,375166.58120366605,382.06663105691007,0.09106016518988203,15
166,20,Temporal_Matrix+SVD+KNN,1068731.0473090925,0.0510795060614912,2.01640395478811,370501.02332997456,408.0745102728858,0.06906790194663515,15
166,30,Temporal_Matrix+SVD+KNN,1150227.1426818364,0.03678739096181618,2.1642296556184974,369606.42019235936,407.7411164933552,0.0920698263803299,15
166,40,Temporal_Matrix+SVD+KNN,1208333.2364469878,0.03864578180418378,2.246261766348214,380174.2871849213,445.36612100439623,0.044024446212432955,15
6,10,Temporal_Matrix+SVD+KNN,523766.6373959803,0.07421400514199228,1.5349310121690012,232132.34371763887,331.96931837711526,0.1985213663165073,15
6,20,Temporal_Matrix+SVD+KNN,507007.09464145335,0.07183929720269762,1.4575623525215178,254502.10182850456,420.20988928273385,0.1412397854236359,15
6,30,Temporal_Matrix+SVD+KNN,519518.4946921114,0.07317466356349012,1.4539248748367337,261516.97627545576,466.81873832927005,0.1439258181123645,15
6,40,Temporal_Matrix+SVD+KNN,499210.4899828652,0.070314262196787,1.4114929388940372,247691.6651340698,437.7259384186541,0.1510307310582394,15
137,10,Temporal_Matrix+SVD+KNN,8138920.839755058,0.10921623583368639,1.429168762051919,3389012.7928733747,78.76090845419608,0.09329250166145053,15
137,20,Temporal_Matrix+SVD+KNN,7782811.015418723,0.07679285309394775,1.418270945030341,3213613.6955374344,83.83044694050051,0.10092181214204365,15
137,30,Temporal_Matrix+SVD+KNN,7298647.299102861,0.07201561861314063,1.3464729532379027,3124959.695354919,88.17012465805821,0.12888719416912908,15
137,40,Temporal_Matrix+SVD+KNN,7379638.338050271,0.07281475570428841,1.3611808707419137,3241209.517819289,91.83576710336332,0.12858857194399875,15
41,10,Temporal_Matrix+SVD+KNN,999936.6736118038,0.0890273901654061,0.8982310915768545,544325.8255746084,349.64369567837304,0.5210583658864796,15
41,20,Temporal_Matrix+SVD+KNN,974870.8185977938,0.08679570118644173,0.8526955898266183,557663.5430801116,423.05544607502566,0.5125466724379255,15
41,30,Temporal_Matrix+SVD+KNN,1054254.1659076014,0.09386344099446264,0.9066716533641184,598026.5651803825,426.2226019440335,0.46723640017250545,15
41,40,Temporal_Matrix+SVD+KNN,1067719.7653407024,0.09506232408994071,0.9145641769814903,614904.7543076979,463.3363029956774,0.45110433814812523,15
251,10,Temporal_Matrix+SVD+KNN,237964.6867965284,0.07747520934624552,2.4726668950713124,95665.38560323563,562.493727783689,0.06783127111425113,15
251,20,Temporal_Matrix+SVD+KNN,286999.11732754624,0.051708107037994035,2.4937600082307463,109978.82381045178,610.7211602869545,0.06749005811911635,15
251,30,Temporal_Matrix+SVD+KNN,311537.22094094066,0.054489019278879405,2.713933584663518,111087.71192500897,566.4058754908175,0.04424745715312706,15
251,40,Temporal_Matrix+SVD+KNN,291062.48619862477,0.05090791197897353,2.591538722114771,96088.67486342657,349.6178466353107,0.09276297459482985,15
228,10,Temporal_Matrix+SVD+KNN,244771.1142916702,0.09192300561067533,1.2704774013941171,111807.37399856295,1176.0108674875632,0.4771704663330656,15
228,20,Temporal_Matrix+SVD+KNN,257222.0578586302,0.0965989174668433,1.243900335667093,116011.4032530855,624.4679308911032,0.4797841451172987,15
228,30,Temporal_Matrix+SVD+KNN,310484.6630601533,0.038803706994985344,1.4646901546878048,125292.80712294739,461.346978897386,0.3768696900494086,15
228,40,Temporal_Matrix+SVD+KNN,344305.39197267796,0.03598053056918142,1.6173239184939638,129368.27569250113,408.83843515278545,0.32973965706700725,15
98,10,Temporal_Matrix+SVD+KNN,2160662.2022298686,0.059712334336681265,1.0042633658393587,1105739.8050293617,118.67815200240739,0.3374222826186255,15
98,20,Temporal_Matrix+SVD+KNN,2112937.999238348,0.05835178468168404,0.9594401262675883,1178645.8026611533,124.10966926900898,0.2820887631682517,15
98,30,Temporal_Matrix+SVD+KNN,2134045.6042777174,0.05893470118223791,0.9838802594104195,1210581.930120537,127.54038694891199,0.24827589034652964,15
98,40,Temporal_Matrix+SVD+KNN,2207473.897555685,0.06096252782004934,1.0016409502348935,1288684.1730986743,139.28224729938367,0.21499141810972688,15
162,10,Temporal_Matrix+SVD+KNN,59927.618349284305,0.06399295952694782,2.846745319280054,23346.836833314297,12644.459819737685,0.08895695721586405,15
162,20,Temporal_Matrix+SVD+KNN,63852.19224853307,0.0681837667976683,2.8300958539817103,25102.273817687557,9341.620602002571,0.040438843875169495,15
162,30,Temporal_Matrix+SVD+KNN,65894.83984784386,0.06317181954886288,2.809660932908027,25852.375637565623,5803.328120528567,0.0352658768715538,15
162,40,Temporal_Matrix+SVD+KNN,78250.66023272558,0.05265835489839185,3.2167302464734306,31837.18815762441,4614.754504311045,-0.13030534424153806,15
143,10,Temporal_Matrix+SVD+KNN,707035.4239798716,0.06482849047177665,1.5653913887530273,347958.0777941791,361.8359164652892,0.06967870669135767,15
143,20,Temporal_Matrix+SVD+KNN,644684.6919730469,0.059111515481952356,1.4371128965515012,336695.5516938011,351.83636244032857,0.08382792095487768,15
143,30,Temporal_Matrix+SVD+KNN,716320.8243190558,0.04725418381440535,1.5948170101962693,358302.42283067474,341.51905732795893,0.032715868693534045,15
143,40,Temporal_Matrix+SVD+KNN,748472.3820685004,0.04937515470933359,1.6674129310804064,363566.4728724782,359.2891493490437,0.011743191900428496,15
64,10,Temporal_Matrix+SVD+KNN,723636.0813005499,0.07726357305400862,0.9182684334621116,381673.1808059473,178.89503093396368,0.577964710560159,15
64,20,Temporal_Matrix+SVD+KNN,795773.9892596257,0.058463078294007285,0.9438592710736327,392817.1911557862,199.93715904063802,0.5667813994698703,15
64,30,Temporal_Matrix+SVD+KNN,749257.0327774398,0.055045619938341304,0.9225505431857087,398166.33071789035,215.52778062069078,0.5668390057505002,15
64,40,Temporal_Matrix+SVD+KNN,798464.349831399,0.058660730847206514,0.9880113843342715,409796.1543288844,228.30406841587353,0.5265803520660284,15
104,10,Temporal_Matrix+SVD+KNN,1176180.8039538849,0.11478980390519361,0.528063179669403,788001.696545803,50.83914361846924,0.627479149341859,15
104,20,Temporal_Matrix+SVD+KNN,1422201.4506192356,0.0757015660917417,0.5948536721523228,867553.3952481388,51.63511289406966,0.5847782241837982,15
104,30,Temporal_Matrix+SVD+KNN,1475661.1753681116,0.0785471438996966,0.6127688900744145,885881.1243538833,52.20832717280472,0.5608837998731687,15
104,40,Temporal_Matrix+SVD+KNN,1533326.8122886193,0.06676648825470859,0.6379292322297224,911381.8150344647,54.42562142145949,0.5384512813608413,15
133,10,Temporal_Matrix+SVD+KNN,386008.6687707855,0.09931176817752603,1.2099541519444972,219190.14905272756,379.98418685059823,0.24441291890627959,15
133,20,Temporal_Matrix+SVD+KNN,459265.88170042104,0.04050043981916288,1.425336370312795,219615.70641122316,1211.5091886510247,0.19332420733548483,15
133,30,Temporal_Matrix+SVD+KNN,489131.6678139735,0.04313415924257289,1.5289743131496836,260760.8265281327,1219.8292557850627,-0.0167651564302842,15
133,40,Temporal_Matrix+SVD+KNN,474208.36228565476,0.04181814500869408,1.4921524076714654,264195.34873866773,1559.4502033291296,-0.032635852630696904,15
265,10,Temporal_Matrix+SVD+KNN,83748.31923362755,0.07840601249349002,1.8548039236127585,36576.17561645762,5807.381433500516,0.495129243930882,15
265,20,Temporal_Matrix+SVD+KNN,91934.75237337923,0.08607000765616092,1.9025730742570046,40499.70626567565,6536.3821107752,0.39070697482953054,15
265,30,Temporal_Matrix+SVD+KNN,100197.12030239236,0.09380529874630256,2.0467444145465707,43851.28668877455,6085.1374998622905,0.26520214856876667,15
265,40,Temporal_Matrix+SVD+KNN,104966.54328782276,0.051285143505669026,2.162311968663163,45441.51936259287,7083.93317103522,0.23265104378751567,15
114,10,Temporal_Matrix+SVD+KNN,1277723.4851851556,0.05770885876033737,1.46114689192007,532967.6865112897,775.9388488634374,0.36719267314016313,15
114,20,Temporal_Matrix+SVD+KNN,1577608.1941369132,0.04465612932958963,1.736434398312788,603204.6091113104,533.6303695197163,0.24164809471689785,15
114,30,Temporal_Matrix+SVD+KNN,1490822.1435335018,0.04219954402903565,1.67868433973175,631029.2038090513,588.7174393654698,0.2323661959328852,15
114,40,Temporal_Matrix+SVD+KNN,1548663.2673448443,0.04383630158638759,1.7002227977995568,684233.9869818916,1236.9597290160239,0.1901754518084714,15
33,10,Temporal_Matrix+SVD+KNN,2327354.1523952177,0.09208322202031331,0.5256640249554317,1501389.7172147874,46.09608590960242,0.49623070784514645,15
33,20,Temporal_Matrix+SVD+KNN,2823974.058181936,0.0797383780328047,0.6195475556915758,1660761.9991816129,53.3165599848736,0.40907257418773824,15
33,30,Temporal_Matrix+SVD+KNN,2879761.0530169867,0.06755003440560203,0.6318522273837085,1675435.6675393328,53.139799846529186,0.3909572878195109,15
33,40,Temporal_Matrix+SVD+KNN,2899373.3121707975,0.0680100756229883,0.6341504988839108,1714610.713867438,54.51616944838599,0.38453504413381456,15
135,10,Temporal_Matrix+SVD+KNN,504492.8911991565,0.04483015150877815,1.4815719701459944,168319.5061175057,73.97557558560743,0.20195023250454702,15
135,20,Temporal_Matrix+SVD+KNN,465104.23293743137,0.04132741666395445,1.3722984262732612,171212.75113314114,114.80001973516232,0.2260250204477514,15
135,30,Temporal_Matrix+SVD+KNN,475065.0050796284,0.04221249349504548,1.3524480041814904,189060.8100880198,110.99321411993198,0.1929659638197666,15
135,40,Temporal_Matrix+SVD+KNN,455427.86497946363,0.04046761092134263,1.312217819478251,194383.3039492101,126.49532654548801,0.17086312541851867,15
97,10,Temporal_Matrix+SVD+KNN,3972877.835550243,0.07336680616975416,1.042629360893775,1783095.1184050702,60.95851545788379,0.2574874584144202,15
97,20,Temporal_Matrix+SVD+KNN,4412600.499821213,0.07805361299475713,1.1114720465748753,2116741.588226661,83.59187720226276,0.13396501749576262,15
97,30,Temporal_Matrix+SVD+KNN,4716925.275956671,0.0819114251376454,1.1650624673837746,2235640.2374029523,91.99838821624431,0.09579313871206396,15
97,40,Temporal_Matrix+SVD+KNN,5139744.761716348,0.046695601106374426,1.2495285368595879,2354680.3083441565,94.07800516039372,0.05604188420533607,15
225,10,Temporal_Matrix+SVD+KNN,1779469.9710581999,0.169633271811409,0.7554327318054476,1303981.2888474034,196.11539309381914,0.07275114853238929,15
225,20,Temporal_Matrix+SVD+KNN,1726673.5680984738,0.1645837531033079,0.7538662377387366,1283001.4093500131,229.44707128391366,0.08027605278450256,15
225,30,Temporal_Matrix+SVD+KNN,1752152.5295240488,0.15955335629686532,0.760935578799493,1292132.2976700575,198.36663041307153,0.05041035106501346,15
225,40,Temporal_Matrix+SVD+KNN,1749867.2631761301,0.15458859943746045,0.7658657162974221,1298983.6909566352,196.62951952778275,0.03244830873843174,15
270,10,Temporal_Matrix+SVD+KNN,4.012750247075711,0.08604896884365355,0.4244514841801021,2.740666455025144,39.1999191556663,0.4267708657562035,15
270,20,Temporal_Matrix+SVD+KNN,29.93722340974781,0.02681991490090963,2.88166714744857,3.5807328797832656,42.48789310779506,0.008720722330871955,15
270,30,Temporal_Matrix+SVD+KNN,24.620038090632438,0.022056398397752346,2.4164998295555686,3.3769159265615096,40.747258445344904,0.012782761620306782,15
270,40,Temporal_Matrix+SVD+KNN,21.647985438187323,0.019393820171020523,2.149842704840524,3.3755860857751245,41.94358077286205,0.014495330281340424,15
200,10,Temporal_Matrix+SVD+KNN,1018074.5057726011,0.08040458816664091,0.9530641490014276,562725.6595184435,176.9316199210507,0.22347277001970922,15
200,20,Temporal_Matrix+SVD+KNN,917773.2446511762,0.07246568242887604,0.8913226050070776,537718.0872628919,281.3881634311444,0.2298855706481896,15
200,30,Temporal_Matrix+SVD+KNN,974180.1374496579,0.07691946663336983,0.9173669099994145,565612.9438513629,244.50696603053643,0.19839517250542982,15
200,40,Temporal_Matrix+SVD+KNN,1000263.7877803601,0.07897898354832297,0.935669537519407,580294.9219793059,235.31951362309348,0.17430228904063927,15
61,10,Temporal_Matrix+SVD+KNN,37059819.35399819,0.06274824577705404,0.753150147114597,16749065.772861365,36.00199023409021,0.23392845946705565,15
61,20,Temporal_Matrix+SVD+KNN,45228620.8284713,0.05208757461081462,0.8823179681009115,18301340.204178557,37.430457062284,0.13308289708922905,15
61,30,Temporal_Matrix+SVD+KNN,49858374.22345961,0.04716971088903147,0.9628599875634557,18842440.010788873,37.16692164947728,0.11525066279041041,15
61,40,Temporal_Matrix+SVD+KNN,46045124.78938659,0.043562094793351526,0.8959528256499485,18652931.161087736,37.318286419731585,0.11619839090517614,15
68,10,Temporal_Matrix+SVD+KNN,8166109.360229658,0.09105052969942884,0.32451446404177275,5980219.379428922,34.63291035566201,0.7026085667842097,15
68,20,Temporal_Matrix+SVD+KNN,9069421.986482788,0.10112228963753192,0.35459064993973405,6558774.00109545,39.091115504727284,0.6505111490932509,15
68,30,Temporal_Matrix+SVD+KNN,9270216.164767263,0.09768772107677662,0.36484005986211204,6729403.851448208,41.14197066025443,0.6209711385636161,15
68,40,Temporal_Matrix+SVD+KNN,9950922.907003714,0.0994672607845932,0.387880682220197,7215548.707531312,42.25712998439469,0.5837500124628733,15
14,10,Temporal_Matrix+SVD+KNN,1097247.3022959982,0.10770530755509646,1.9297228830100064,487413.02105431695,506.95572098434536,0.08267263758027088,15
14,20,Temporal_Matrix+SVD+KNN,1209631.8908776017,0.11432542059114971,1.9719193925053398,533240.5290202168,567.1761622122425,0.08138808477431048,15
14,30,Temporal_Matrix+SVD+KNN,1218363.1656920968,0.07830743710258223,2.076926028547489,598640.9671708352,961.6099779787728,0.022426876388289108,15
14,40,Temporal_Matrix+SVD+KNN,1189987.1936985054,0.07648363800500318,2.070938461170267,593600.3335974833,948.205130087281,-0.005935467712511189,15
91,10,Temporal_Matrix+SVD+KNN,1226925.2395431348,0.041327886517078354,2.9917653583824815,278552.19368778326,483.0049847009647,0.2624218654760806,15
91,20,Temporal_Matrix+SVD+KNN,1246000.7786930376,0.041970279069271144,2.728315075549498,372966.1464927257,724.6236648182982,0.18283309054549957,15
91,30,Temporal_Matrix+SVD+KNN,1093677.0335042397,0.03683940740067054,2.391419326810084,348682.0234265946,789.5171670800972,0.2581115245471395,15
91,40,Temporal_Matrix+SVD+KNN,1268218.9191455105,0.04271867471326799,2.7406140266012606,386842.7237769095,753.5210643477283,0.16554596411174638,15
258,10,Temporal_Matrix+SVD+KNN,819371.951575803,0.06722167570650574,5.837316584592789,184512.46726111913,6745.893777367372,0.03163561645907598,15
258,20,Temporal_Matrix+SVD+KNN,739720.0133462637,0.06068698159747171,6.136631562228013,171222.527342601,6322.709391171402,0.019796971336294877,15
258,30,Temporal_Matrix+SVD+KNN,762230.4527732541,0.0625337487507315,6.234110526154706,177109.13257683627,6661.956695333124,-0.004463017656710422,15
258,40,Temporal_Matrix+SVD+KNN,783043.3999827637,0.04966345304001842,6.183762586081635,194092.16343704847,8081.508332337226,0.024000676950067246,15
278,10,Temporal_Matrix+SVD+KNN,3450800.411188772,0.09317170947837802,2.593741363918119,1253760.3515544867,93786.6421631795,-0.044363954845025866,15
278,20,Temporal_Matrix+SVD+KNN,3284609.990745536,0.0886845607919259,2.460020262152165,1280984.000029904,188361.28828908814,-0.027424284458877457,15
278,30,Temporal_Matrix+SVD+KNN,3321819.3471740205,0.08968921444685232,2.4089962724757314,1340153.3093891342,171798.98182345642,-0.04566551692866616,15
278,40,Temporal_Matrix+SVD+KNN,3271400.306856587,0.08295191430127458,2.3863130645433874,1155820.9563492753,66514.51479074161,-0.002093382943501254,15
188,10,Temporal_Matrix+SVD+KNN,237737.72932258237,0.06467533047319746,1.6445216267345366,106912.70618505527,136.5384206691082,-0.20764588933657002,15
188,20,Temporal_Matrix+SVD+KNN,324150.95036894863,0.03395963788409277,2.163293247513995,108661.98867695959,147.6046030452866,-0.04801807465754426,15
188,30,Temporal_Matrix+SVD+KNN,331419.5894726926,0.034721136042874495,2.183932840519276,122170.88103392025,184.85529552260033,-0.07695817252015491,15
188,40,Temporal_Matrix+SVD+KNN,341997.735250681,0.03582935429642815,2.259015848671081,123308.78061028932,193.1290971953809,-0.095254850326155,15
272,10,Temporal_Matrix+SVD+KNN,4.384717615834713,0.13378011574517737,0.4699454401840949,3.0342902152380646,37.344357381352864,0.2574662027262512,15
272,20,Temporal_Matrix+SVD+KNN,4.157903659949555,0.09775635564144718,0.45610673487100933,2.9163222148973365,37.96704655850488,0.26080493483905565,15
272,30,Temporal_Matrix+SVD+KNN,4.254454161081661,0.1000263517495688,0.46211159892015746,2.9495851322082234,36.8224206575226,0.22156955680310741,15
272,40,Temporal_Matrix+SVD+KNN,19.68367990449427,0.019862263724559983,2.057132068966643,3.307550699563763,35.94606540953438,0.005621726471505939,15
197,10,Temporal_Matrix+SVD+KNN,207333.17551788886,0.08769552980592998,2.4775073758872668,84922.09549897835,2248.799866764107,0.0553842058925591,15
197,20,Temporal_Matrix+SVD+KNN,264433.5298364682,0.04672340232235665,2.902763958879242,91615.07621025403,2368.489270606948,0.03356025918013261,15
197,30,Temporal_Matrix+SVD+KNN,243032.38251466994,0.04294198164890881,2.7065962468305282,92433.88822495134,2646.23956763112,0.03898933663352033,15
197,40,Temporal_Matrix+SVD+KNN,231232.76426400617,0.040856950436641774,2.6533666151812545,94865.70428048426,2822.709764125515,0.012959949746536248,15
259,10,Temporal_Matrix+SVD+KNN,319431.14224539214,0.06408563051816317,7.2017616855779725,61296.86457057522,6259.387655079091,-0.113836672212148,15
259,20,Temporal_Matrix+SVD+KNN,272922.6691751089,0.05168726550281646,7.682791850031764,51092.889649162804,7356.272408307233,-0.14428618733845733,15
259,30,Temporal_Matrix+SVD+KNN,406298.9776255915,0.031249792990049374,9.605963212417866,63791.74307163558,5991.106225280048,-0.12209130799455692,15
259,40,Temporal_Matrix+SVD+KNN,495476.7732233292,0.02721115082210227,11.194122551177601,61867.73736938506,8051.22280297671,-0.044382520814320925,15
209,10,Temporal_Matrix+SVD+KNN,1502563.0081934484,0.15386655516465347,0.5546518432571749,1102921.77602039,492646.72629721917,0.2662063832602205,15
209,20,Temporal_Matrix+SVD+KNN,1521812.317325522,0.10239056267694877,0.580605725398043,1099473.2742377676,515606.5138122287,0.23512454358232504,15
209,30,Temporal_Matrix+SVD+KNN,1527218.4055479357,0.10275429505621284,0.5813655051917713,1121458.7802396647,426043.7420859637,0.20891766496912423,15
209,40,Temporal_Matrix+SVD+KNN,1541522.3940661075,0.1037166958833228,0.5872185907425671,1140554.7072820037,307027.29566910793,0.18505982198841098,15
132,10,Temporal_Matrix+SVD+KNN,1266688.5017499912,0.077063534881349,1.3040009002349506,580351.0733582259,498.84698005276107,0.6165796517078105,15
132,20,Temporal_Matrix+SVD+KNN,1509326.249336653,0.06577216782286698,1.5338123612334948,638992.4646345087,449.1659037914109,0.4789988274562549,15
132,30,Temporal_Matrix+SVD+KNN,1514350.2827809553,0.06599110098658263,1.5646492509764889,663389.529133873,459.74915695325456,0.43749361545723187,15
132,40,Temporal_Matrix+SVD+KNN,1644400.7039518345,0.0716583304079519,1.6724715938862627,733056.3757410913,504.0712236601258,0.3620697836088237,15
201,10,Temporal_Matrix+SVD+KNN,952365.6781583168,0.06923620940064472,1.820980779088983,380362.30534665287,336.8183050011876,0.08674509364567762,15
201,20,Temporal_Matrix+SVD+KNN,1431374.8221870062,0.03684337371545348,2.4047734064851576,539774.2200115744,962.5958712635189,-0.024757412492955266,15
201,30,Temporal_Matrix+SVD+KNN,1372291.353241751,0.03532257406674272,2.296029649137369,470939.3952297493,525.5924951266732,0.0024055392062101166,15
201,40,Temporal_Matrix+SVD+KNN,1272988.4163469183,0.03276653133192059,2.182191506186764,468200.1883772156,549.2104061984951,0.010439346569178998,15
21,10,Temporal_Matrix+SVD+KNN,5521910.806509187,0.08919607139881487,7.287440072259884,1229925.9122699013,927508.4379719587,-0.09719409973290016,15
21,20,Temporal_Matrix+SVD+KNN,6211385.630656581,0.05291252508267686,7.679235871855592,1320237.0920967904,1384860.500634181,0.006471932267360203,15
21,30,Temporal_Matrix+SVD+KNN,5739642.468691198,0.04889391740907385,7.269177063655625,940271.7026409808,413653.24811382015,0.02313790786782277,15
21,40,Temporal_Matrix+SVD+KNN,6237365.562722381,0.05147524211167906,7.573066487264907,995964.1249494709,564587.4143929747,0.02375010875683925,15
144,10,Temporal_Matrix+SVD+KNN,1190395.770488332,0.052621102082569336,1.3971542793570546,551948.2209872126,322.48763477978184,0.2855708924297796,15
144,20,Temporal_Matrix+SVD+KNN,1037507.8058215992,0.04584946561782334,1.1973751167059197,558083.7341652953,345.7321265181649,0.36023043071101757,15
144,30,Temporal_Matrix+SVD+KNN,1049877.6793690545,0.04639611412372229,1.2309743840697105,555280.5927737679,298.51778224096523,0.29065213431022663,15
144,40,Temporal_Matrix+SVD+KNN,982321.1998695967,0.04341066334764959,1.156894516257521,560248.0044246956,360.4209573696236,0.34518165497042663,15
12,10,Temporal_Matrix+SVD+KNN,1085845.1319418158,0.0788800155167702,0.8910642803594458,581712.6334609007,93.92372038902501,0.6152444175885543,15
12,20,Temporal_Matrix+SVD+KNN,1201760.7373545526,0.08716326229771142,0.9005453998039649,649491.2335902805,102.52566165798913,0.5908886186027719,15
12,30,Temporal_Matrix+SVD+KNN,1267879.4457709026,0.08036043320040254,0.9632350678644217,681783.8682591812,112.66994652558036,0.545586990517845,15
12,40,Temporal_Matrix+SVD+KNN,1254256.730252713,0.07949700148845304,0.9723056238109392,687509.9858482077,115.60495658162289,0.5254387067684625,15
23,10,Temporal_Matrix+SVD+KNN,7189281.262298588,0.08049577191738366,0.2918044696999931,5282479.071611439,48.325537260812126,0.8127201612961653,15
23,20,Temporal_Matrix+SVD+KNN,8060552.608563956,0.08451785099616438,0.3161883500322369,5836274.316940343,42.51747391673374,0.7788485039453907,15
23,30,Temporal_Matrix+SVD+KNN,8754886.140530154,0.09179819278489126,0.3443646747523858,6390214.401169296,43.23885801510128,0.7333709777419173,15
23,40,Temporal_Matrix+SVD+KNN,9857169.552285511,0.10335603871363094,0.3825891501616346,7125500.511689452,43.39491872132484,0.6754761219474174,15
117,10,Temporal_Matrix+SVD+KNN,345288.29568570934,0.11070553121655516,0.9184369137895589,223763.95898180656,26892.66681879529,0.48285684105012894,15
117,20,Temporal_Matrix+SVD+KNN,402087.3925276034,0.1084321631021678,0.984609889414253,248819.54238381924,12789.551379202272,0.4412420470256597,15
117,30,Temporal_Matrix+SVD+KNN,410831.8495836018,0.11079030815062471,1.0108750309011743,259348.37765519836,15041.281553412739,0.4253305979680677,15
117,40,Temporal_Matrix+SVD+KNN,412333.64412047196,0.10787801964722221,1.0104778429189192,262213.7453014633,12277.963621629284,0.4129307163542325,15
118,10,Temporal_Matrix+SVD+KNN,24206.52849533184,0.1067033343351272,0.4778888639511208,16122.891332306255,44.8895868490878,0.3023842314764611,15
118,20,Temporal_Matrix+SVD+KNN,25103.5473583006,0.11059782912342248,0.49267919988892095,17312.711659014374,65.94674849438188,0.2657574583368115,15
118,30,Temporal_Matrix+SVD+KNN,25694.62460643466,0.11317221559219619,0.5023618382175699,17815.98238389833,64.07618634384521,0.2176233546330243,15
118,40,Temporal_Matrix+SVD+KNN,25977.321989296463,0.11441735887218689,0.5093611459533435,18234.275451639685,75.48562560628974,0.17588885222404138,15
32,10,Temporal_Matrix+SVD+KNN,1780470.6353982163,0.10629378912559309,0.40637420589369283,1278423.8224673355,35.63542105958209,0.4053248243251404,15
32,20,Temporal_Matrix+SVD+KNN,1888567.439479714,0.10836054579934992,0.41943653803721687,1343756.846906212,36.16435071715912,0.38002010015754306,15
32,30,Temporal_Matrix+SVD+KNN,1918524.0175352253,0.10995853503687322,0.42460745522555016,1370567.8711701178,36.72106661455558,0.35509071988371843,15
32,40,Temporal_Matrix+SVD+KNN,1988623.0467716092,0.08622856663178549,0.43938381422436146,1419427.9035664853,39.370824157612546,0.31782202221471934,15
37,10,Temporal_Matrix+SVD+KNN,9.615077026814896,0.10982801964835781,0.4983558258813209,6.45386069046235,43.77560233317019,0.08595494016327243,15
37,20,Temporal_Matrix+SVD+KNN,11.083593253718213,0.0696545906594958,0.5542297662928196,6.8627989677215755,43.80654720620449,0.045568758025367195,15
37,30,Temporal_Matrix+SVD+KNN,11.180876023334564,0.07026596202081635,0.55333690738606,7.158059828548978,44.56320425508424,-0.006543312782395061,15
37,40,Temporal_Matrix+SVD+KNN,11.072486417110563,0.06958478999650518,0.5482727948947936,7.156102786896848,44.73028552587902,-0.048293578275154125,15
249,10,Temporal_Matrix+SVD+KNN,364503.3638403582,0.059826439924997296,2.30043349542837,108756.64376118999,2143.3762287650366,0.4378300414768501,15
249,20,Temporal_Matrix+SVD+KNN,343325.34203432704,0.056349903262214895,2.0575352160016616,116871.33417170253,2409.701525319248,0.4359674681168546,15
249,30,Temporal_Matrix+SVD+KNN,386174.8479967628,0.041166201785679306,2.3538271134755844,124994.0870951141,2586.9723222096845,0.37001691257363434,15
249,40,Temporal_Matrix+SVD+KNN,365510.84369766613,0.03896342090782191,2.335232119398452,126123.92972890344,2931.5573522869654,0.35455204650957195,15
43,10,Temporal_Matrix+SVD+KNN,583394.2639417683,0.06166314109120738,2.086994320541575,197262.1619025112,525.6576453762991,0.41670272609218695,15
43,20,Temporal_Matrix+SVD+KNN,533225.5082901092,0.05635563370236017,1.7806604252266056,205816.13559419074,515.0460143320107,0.44741781398680647,15
43,30,Temporal_Matrix+SVD+KNN,579470.2916980736,0.0612431607127265,1.9147361189502097,220468.08742388219,566.8327463192946,0.39612743514153226,15
43,40,Temporal_Matrix+SVD+KNN,594939.701078098,0.05715336985407618,1.9948774246620091,222318.87942287905,1496.9173011870155,0.3703416086245246,15
172,10,Temporal_Matrix+SVD+KNN,1548583.5446509179,0.13257709347690697,1.155496845608862,1029540.9077048055,349.40799911184945,-0.040258513380839744,15
172,20,Temporal_Matrix+SVD+KNN,1512207.1384630266,0.12938854673490421,1.110674812143425,1014465.4177493807,361.0682687279138,-0.053389378453098546,15
172,30,Temporal_Matrix+SVD+KNN,1561974.7916558585,0.13364680220615668,1.1273225308122634,1036909.5280652778,362.3097067634767,-0.06910108778930435,15
172,40,Temporal_Matrix+SVD+KNN,1561603.780613189,0.1336150574944617,1.122382113275494,1037731.4472349529,355.8273187521426,-0.07141725081413042,15
77,10,Temporal_Matrix+SVD+KNN,455917.0591410372,0.08992673392237167,0.9823570596266559,270833.7939706975,130.80982714308462,0.13520561102324424,15
77,20,Temporal_Matrix+SVD+KNN,713670.8096551838,0.04834399477261801,1.4177536627455896,307610.0608403465,161.34552061777143,0.07497027806635115,15
77,30,Temporal_Matrix+SVD+KNN,628095.9240353394,0.04254715991948455,1.2661300597793184,295059.5999470424,154.29607134725018,0.0828050702025267,15
77,40,Temporal_Matrix+SVD+KNN,590817.6726723177,0.04002193461302008,1.2076305680984867,295002.69170301047,163.09793268624026,0.09060591864021128,15
36,10,Temporal_Matrix+SVD+KNN,875690.8272946661,0.09687994550381135,0.5871085287096045,594918.3303318196,84.38891634277934,0.5827183589567853,15
36,20,Temporal_Matrix+SVD+KNN,985024.8559465158,0.0835682387477204,0.6254775295390508,635933.2078814033,90.93989703299981,0.5535345808630336,15
36,30,Temporal_Matrix+SVD+KNN,1120549.0504450386,0.07041879559676807,0.6977773309422711,681056.2382867935,90.33784710550036,0.45805627376049485,15
36,40,Temporal_Matrix+SVD+KNN,1201973.9921988964,0.054138778735877406,0.7456531342185913,693790.4901465334,88.8414001104949,0.420759264385986,15
153,10,Temporal_Matrix+SVD+KNN,334487.2872649101,0.0733409223665427,1.0327053067280432,179610.00237674432,234.01206518870788,0.25938187418848124,15
153,20,Temporal_Matrix+SVD+KNN,336099.51121178654,0.07369442456476437,1.0018835990705393,184571.0429409312,209.07539790401336,0.23628916956681412,15
153,30,Temporal_Matrix+SVD+KNN,353498.06614243746,0.047308241039467784,1.0475146528840498,185505.3175593448,168.656541687226,0.20896026437565907,15
153,40,Temporal_Matrix+SVD+KNN,348284.96136878926,0.04661057720247136,1.0344826777649916,190642.34450238218,191.12319007464617,0.18338848122331453,15
16,10,Temporal_Matrix+SVD+KNN,446609.64096180844,0.09438096299763031,1.0428464766215126,231930.7165578963,235.00657460157007,0.5053695621535775,15
16,20,Temporal_Matrix+SVD+KNN,443961.84854669916,0.0938199133336886,0.9923696844546052,240409.23393524965,246.522434442676,0.49831234453343953,15
16,30,Temporal_Matrix+SVD+KNN,485632.3684368828,0.046572896732034054,1.0950144892649536,249431.4414561176,255.210912571545,0.4409880210380628,15
16,40,Temporal_Matrix+SVD+KNN,508697.09403691354,0.04316209082036253,1.1598744212586045,252259.47618232976,276.4952337844925,0.41642275896503456,15
52,10,Temporal_Matrix+SVD+KNN,5817354.817583876,0.11133331980205168,0.48171044192058615,3985592.3281120597,60.08062058582634,0.6213099861986604,15
52,20,Temporal_Matrix+SVD+KNN,5963873.8020538995,0.10399444625682651,0.47721827559612073,4117343.142823782,62.959209544915765,0.6149364561761773,15
52,30,Temporal_Matrix+SVD+KNN,6270230.569998839,0.10933651141395526,0.5008979410987144,4332953.508547128,66.34111095030255,0.5775573821810007,15
52,40,Temporal_Matrix+SVD+KNN,6490635.356554598,0.11317979758850953,0.5177487004572285,4502657.966769952,69.53067875774545,0.5521200179239514,15
3,10,Temporal_Matrix+SVD+KNN,15316091.968933132,0.07655267260926128,0.2933515571913299,10685736.933492525,26.644738716724753,0.8011537905272887,15
3,20,Temporal_Matrix+SVD+KNN,16958485.818561092,0.08476166214269194,0.3202143562178548,11881164.487237383,30.25645026500376,0.7602454778854998,15
3,30,Temporal_Matrix+SVD+KNN,18057401.341669023,0.09025424604962812,0.3429510024344075,12755721.736885196,33.70189386431905,0.7222266502854393,15
3,40,Temporal_Matrix+SVD+KNN,20349609.603759162,0.10171112871891215,0.3836124408622065,14352754.335325962,36.70075450179619,0.6571690157483678,15
108,10,Temporal_Matrix+SVD+KNN,2767387.18023048,0.10966974230753246,0.2867922217684648,2061396.122140587,30.630183120303517,0.610507445171913,15
108,20,Temporal_Matrix+SVD+KNN,3003841.779032628,0.10242871308395543,0.3093227779514205,2198261.9605226647,53.377758329271764,0.5694418380861876,15
108,30,Temporal_Matrix+SVD+KNN,3112428.4089608435,0.10613143432556914,0.32262327593793133,2294101.8593569878,48.853115001597246,0.5232876974688705,15
108,40,Temporal_Matrix+SVD+KNN,3290826.5863515907,0.11221467607758386,0.3414042068773167,2418132.9520456223,56.5495187349381,0.4675199854875486,15
245,10,Temporal_Matrix+SVD+KNN,133993.8272508169,0.09532478143734728,1.7714062325255644,68208.7467957291,1122.9335731472288,0.2822450778842185,15
245,20,Temporal_Matrix+SVD+KNN,162669.04515865268,0.08161657668174142,2.0162871672079437,74149.89587236579,1173.4644826890235,0.25142221791856056,15
245,30,Temporal_Matrix+SVD+KNN,186618.72685638507,0.05949240374489897,2.2403674486787137,76744.57979295799,1199.6559419658101,0.18108455923168887,15
245,40,Temporal_Matrix+SVD+KNN,202039.66705494578,0.03986103740891641,2.413987870407708,78634.53541225637,1306.607203172359,0.15402673735015648,15
195,10,Temporal_Matrix+SVD+KNN,104040.02418039172,0.09812438992660981,1.422145659319034,55491.53382360873,311.40528152690825,0.3099423468372816,15
195,20,Temporal_Matrix+SVD+KNN,151123.1581632688,0.058185232028349534,1.779072709576899,65359.16858797757,281.6179007439026,0.19366484673539808,15
195,30,Temporal_Matrix+SVD+KNN,154814.6684387157,0.051215725537138,1.8790301965568268,66020.72275061125,284.98669803114143,0.14786760645798103,15
195,40,Temporal_Matrix+SVD+KNN,140683.1072960275,0.04654072823750094,1.7379689654231427,60846.74315235347,264.8456171771364,0.20405619995365898,15
198,10,Temporal_Matrix+SVD+KNN,692892.7244240384,0.05531831878083411,1.0910124007660156,356194.4905872419,313.0213972389205,0.5754474483377952,15
198,20,Temporal_Matrix+SVD+KNN,881490.723753747,0.06351573958953982,1.2809238206391147,416978.6109824144,319.71814345509426,0.42376320182595284,15
198,30,Temporal_Matrix+SVD+KNN,911192.8743133028,0.06565592553744899,1.3108550510360888,447186.5445969648,325.8407732166799,0.3799059680506164,15
198,40,Temporal_Matrix+SVD+KNN,939396.163394889,0.06768811114825864,1.338666413946157,470377.5502590394,350.2710270378609,0.3414276317283551,15
19,10,Temporal_Matrix+SVD+KNN,2009926.3611096493,0.11435090904756097,3.5121468634953614,714245.6533864595,12293.655708100547,-0.013078514421871468,15
19,20,Temporal_Matrix+SVD+KNN,1661030.7928939413,0.09450116422103644,3.6265711138050745,613179.2068809938,11080.178946298738,-0.044174128688535985,15
19,30,Temporal_Matrix+SVD+KNN,1703505.6990422788,0.06407361018722249,3.9092979561395054,609782.3310100276,9674.178676769041,-0.08005567952242143,15
19,40,Temporal_Matrix+SVD+KNN,1647553.4312351334,0.06196908902325946,3.9469953760513565,618667.4614194798,7527.004891185463,-0.14778770723306955,15
247,10,Temporal_Matrix+SVD+KNN,102480.1572941409,0.1098660538940277,1.844741496193385,52034.58083174649,9994.711554728257,0.22606071140041162,15
247,20,Temporal_Matrix+SVD+KNN,339273.87041325046,0.030004440587674323,4.4362398389798585,70273.63531689101,10707.206665069956,0.04953975920505427,15
247,30,Temporal_Matrix+SVD+KNN,286202.7780394111,0.025310980298161714,4.0321715586816245,66942.02289106298,10146.121641369573,0.046745443334378245,15
247,40,Temporal_Matrix+SVD+KNN,261612.27337766966,0.023136264233981917,3.7766987779125074,66424.61638592352,8893.73555233161,0.04910825991462775,15
252,10,Temporal_Matrix+SVD+KNN,123944.27776805096,0.05728198527258812,2.54672666723239,42019.12980619523,2013.7206395020814,0.21779074588831315,15
252,20,Temporal_Matrix+SVD+KNN,127494.27409824365,0.058922648651049125,2.554454185718243,51138.6889413681,6784.1276993931215,0.1200770359394554,15
252,30,Temporal_Matrix+SVD+KNN,123817.5588188555,0.05722342094745521,2.5346076995195173,49892.09724874641,5514.958079983044,0.12781238545856288,15
252,40,Temporal_Matrix+SVD+KNN,132248.88208127653,0.061120034358283636,2.6559612038332396,44431.22836608571,1269.6187588894259,0.04681420577413864,15
141,10,Temporal_Matrix+SVD+KNN,994379.9740683592,0.08369397661866168,1.3722886671212264,508547.14289176115,438.6305569362332,0.07681768245561649,15
141,20,Temporal_Matrix+SVD+KNN,1076722.4383118656,0.07214252502052118,1.4315052571301015,558736.0093766906,530.635604528346,0.05637623340050568,15
141,30,Temporal_Matrix+SVD+KNN,1043888.890833902,0.06993318776717712,1.3922785690435657,566086.6941877755,517.5437751066031,0.05413374274319083,15
141,40,Temporal_Matrix+SVD+KNN,1009607.3106303492,0.06763656385788784,1.3549220425268222,562887.9185866211,532.6216450909917,0.05376159709021,15
269,10,Temporal_Matrix+SVD+KNN,151367.76439522117,0.0750687805374816,2.1501980355285717,70273.52953134992,5269.174026828872,0.04659244358142667,15
269,20,Temporal_Matrix+SVD+KNN,172664.77170502796,0.07680049461886247,2.2250248820050222,74945.32252974113,3730.3720576893097,0.002114298712138196,15
269,30,Temporal_Matrix+SVD+KNN,225764.44961180867,0.033628889346251314,2.6772233856829586,81016.73752626717,3729.651499510217,0.009689869635048698,15
269,40,Temporal_Matrix+SVD+KNN,225824.19896182226,0.033637789349256986,2.595982063858469,92091.82769961134,6562.403356539731,-0.032134512471633236,15
51,10,Temporal_Matrix+SVD+KNN,16931.155129310315,0.0747448670519934,3.5264992442481207,4492.976816625596,86.54700350550306,-0.03069853020179747,15
51,20,Temporal_Matrix+SVD+KNN,21940.63948135529,0.05074706709266721,4.001223610993057,5256.720845436508,106.71519170418608,-0.028462135060235427,15
51,30,Temporal_Matrix+SVD+KNN,24572.283608514754,0.05683386420714837,4.211782140643834,5581.47727681802,116.17083461190802,-0.015821412342795993,15
51,40,Temporal_Matrix+SVD+KNN,26022.77443045716,0.06018874158531048,4.269859169312217,6152.545346894866,167.0339185172135,-0.015022265500100218,15
54,10,Temporal_Matrix+SVD+KNN,575979.0254601202,0.111101335624218,1.3203491828830285,274901.02118014335,303.73322508627984,0.43472924937967794,15
54,20,Temporal_Matrix+SVD+KNN,592159.793684513,0.08866857639718653,1.296463844787802,289347.12045382825,316.11876349289804,0.4356550468266316,15
54,30,Temporal_Matrix+SVD+KNN,575223.5230450836,0.08612500247096437,1.285597537628003,291228.2134890676,341.9143383095335,0.4331351984396087,15
54,40,Temporal_Matrix+SVD+KNN,583677.6143030535,0.08739078629466475,1.2960489454052715,298526.5312274579,364.8711816998178,0.4179634786657307,15
9,10,Temporal_Matrix+SVD+KNN,9419044.240422875,0.052452270479069724,0.7733289151640411,4801551.698413175,62.164185381764526,0.4325809418679142,15
9,20,Temporal_Matrix+SVD+KNN,10308206.20357741,0.05639042087541269,0.8263512924862663,5071152.401094767,68.71331621940877,0.4125843771143475,15
9,30,Temporal_Matrix+SVD+KNN,9960450.934046578,0.05448804662879734,0.8052384354255181,5229716.418881868,71.33238187691099,0.38621450628006915,15
9,40,Temporal_Matrix+SVD+KNN,11025026.747258201,0.06031174446479469,0.8740030521408537,5609690.333496095,75.1325023953234,0.3272009533871074,15
268,10,Temporal_Matrix+SVD+KNN,238256.31400434521,0.06660002579409909,3.487280176185541,86457.03348964814,7757.933942166322,-0.036784413126538684,15
268,20,Temporal_Matrix+SVD+KNN,235635.7682526436,0.0648594975269052,3.470909409874144,88200.0854015346,6923.647933143316,-0.08248216469749892,15
268,30,Temporal_Matrix+SVD+KNN,225085.6721435589,0.05124725263675892,3.2106683858095395,61082.177069485704,2623.028183672863,0.0716017745342038,15
268,40,Temporal_Matrix+SVD+KNN,242482.72560457615,0.05520819419897139,3.4664104233621744,61875.173733666954,2577.25140918421,0.04057693518709915,15
103,10,Temporal_Matrix+SVD+KNN,200483.36255946456,0.07385897330091039,1.3537790757531178,92308.18167738688,107.62610988878292,0.08381309498921119,15
103,20,Temporal_Matrix+SVD+KNN,193451.75748819648,0.0712684983378456,1.2827139045080127,91660.58993766384,113.59305803110314,0.08726608344488085,15
103,30,Temporal_Matrix+SVD+KNN,223025.6819439753,0.07843768687847646,1.4551596571093854,94263.80069853169,109.95475771433807,0.04969571716726573,15
103,40,Temporal_Matrix+SVD+KNN,231650.40367829645,0.041722611890594785,1.533879069887905,94551.85903141888,112.40934882766635,0.040802230239155746,15
67,10,Temporal_Matrix+SVD+KNN,4745079.5765919,0.10957417681612729,0.510412466675242,3208318.9769867077,54.149713378661545,0.5761052610597064,15
67,20,Temporal_Matrix+SVD+KNN,5651443.161629479,0.07243222337378585,0.5798365408687194,3559760.0451619755,55.80472843850263,0.49967537008114415,15
67,30,Temporal_Matrix+SVD+KNN,6078285.699707952,0.061613486269279115,0.6238395270509499,3695141.437999393,58.39820213266793,0.44328164319109364,15
67,40,Temporal_Matrix+SVD+KNN,6380925.355450957,0.06468124010562099,0.6444310500868325,3947739.1374560124,60.78966868844986,0.4008096602766469,15
46,10,Temporal_Matrix+SVD+KNN,505264.7173135328,0.08282511323974248,1.2772933624303917,254178.6395035298,1087.729905373503,0.45333747797653423,15
46,20,Temporal_Matrix+SVD+KNN,464473.14797206834,0.07613804070320843,1.1410091247862626,251025.8624354909,1292.9534168185019,0.5169630364349145,15
46,30,Temporal_Matrix+SVD+KNN,484065.04279884795,0.0765326795815457,1.1632291539746986,266529.44905625784,1394.481706808922,0.4938403460542814,15
46,40,Temporal_Matrix+SVD+KNN,485201.8852351244,0.07671022196787869,1.1882040286101583,271462.12728113314,8521.853563066768,0.46355564126358617,15
213,10,Temporal_Matrix+SVD+KNN,600849.9131122645,0.08266318432808602,2.1647910220741644,221369.80459550797,165.6631231148509,0.023540908068221955,15
213,20,Temporal_Matrix+SVD+KNN,566152.2764537055,0.07786501952322634,2.055587208246467,217569.00877076015,157.07956761666767,0.016739561270740833,15
213,30,Temporal_Matrix+SVD+KNN,547930.2764780527,0.07535888037503825,1.9983653264102856,207509.16290745852,144.81673789028832,0.05120843591378654,15
213,40,Temporal_Matrix+SVD+KNN,556206.7687303559,0.07649717700937514,2.0249373757515503,223064.6941153871,151.9145416615855,-0.017591609541433018,15
152,10,Temporal_Matrix+SVD+KNN,508329.72916727985,0.07936492492636579,0.5111516556606402,289742.4568298205,290.0379237146778,0.8756934691759715,15
152,20,Temporal_Matrix+SVD+KNN,644291.9733142222,0.09143783786574278,0.602256164525438,369587.0041987636,297.23848188769904,0.8201238507399422,15
152,30,Temporal_Matrix+SVD+KNN,750992.395130297,0.08364927122674967,0.7163569193338919,420990.32570855285,351.5435025856263,0.7509857959393376,15
152,40,Temporal_Matrix+SVD+KNN,971129.2219752178,0.10816920678821688,0.9122560479225957,517951.31679558137,363.0124682900081,0.5990260884526132,15
193,10,Temporal_Matrix+SVD+KNN,996286.3507365239,0.0903960309668294,0.48937475579068207,707302.4028549987,49.805899340695944,0.38372310751958794,15
193,20,Temporal_Matrix+SVD+KNN,962628.1941348743,0.08681336511531716,0.47492287128622906,697893.2687025936,57.59675292560884,0.376717710223228,15
193,30,Temporal_Matrix+SVD+KNN,1021319.8916254141,0.0921063991179864,0.4997375233519074,734950.6551715597,60.36671549278453,0.32215753805828684,15
193,40,Temporal_Matrix+SVD+KNN,1068335.5179867996,0.0963464419115641,0.520074239268529,779042.3816432661,62.61486113126011,0.26556362056782556,15
134,10,Temporal_Matrix+SVD+KNN,1656353.032663016,0.0565553368436814,2.4008839513738205,722972.0643418091,596.0562836381898,-0.12265638820347013,15
134,20,Temporal_Matrix+SVD+KNN,1533638.155484897,0.05236434439359973,2.132972500901294,727298.5775430534,570.3768777986757,-0.1785324984287895,15
134,30,Temporal_Matrix+SVD+KNN,1603800.167846745,0.05475994714091283,2.1821435358075094,756368.4677319973,509.94016755395046,-0.20383873999086566,15
134,40,Temporal_Matrix+SVD+KNN,1878362.8291754823,0.037863924124544444,2.493766013740123,776559.044970099,452.0259041814371,-0.17950457222346716,15
185,10,Temporal_Matrix+SVD+KNN,379558.64516223414,0.09547812752173107,1.0897214935074857,227492.7018047547,592.8702297841054,0.31014011500558625,15
185,20,Temporal_Matrix+SVD+KNN,432761.48316713865,0.07543710281764224,1.174674860313597,242206.94480738376,530.2471227689753,0.2561829347327833,15
185,30,Temporal_Matrix+SVD+KNN,474433.6486209049,0.08269835742807083,1.2518262189135407,260002.69006141383,510.45242418990966,0.2046056030011424,15
185,40,Temporal_Matrix+SVD+KNN,485615.6865928308,0.07946166601619639,1.2585965952639584,263738.9429729282,630.4580951638792,0.19963458617099972,15
191,10,Temporal_Matrix+SVD+KNN,263831.7224023411,0.07953097958838594,1.6917988593799222,111768.48295335447,1197.2519672468216,0.32329609813115534,15
191,20,Temporal_Matrix+SVD+KNN,282351.9750429563,0.0638532097714118,1.7634995096795967,121694.55597279804,1271.4878336129152,0.29025362483540695,15
191,30,Temporal_Matrix+SVD+KNN,310222.28687743447,0.07015601274522082,1.8723337407014715,129480.10799375473,1414.7518678441825,0.252398492516955,15
191,40,Temporal_Matrix+SVD+KNN,335477.7034341279,0.07462176033174364,1.928342399858369,128998.89482644649,910.5140913689029,0.23605423622370847,15
178,10,Temporal_Matrix+SVD+KNN,909806.1830651711,0.08285431972800708,0.5294644484048815,582777.2582977468,45.84795103819573,0.3292358390939599,15
178,20,Temporal_Matrix+SVD+KNN,934775.4392212186,0.06328746387843705,0.5338623239723157,597341.2810741698,49.48369815541845,0.3325584155211583,15
178,30,Temporal_Matrix+SVD+KNN,952927.9729614591,0.06451645190613352,0.5434429965708969,614138.1077097288,50.00561520825204,0.32724354221453733,15
178,40,Temporal_Matrix+SVD+KNN,947510.3823420764,0.06414966266858359,0.5433059453226943,624995.0631019343,52.9914686857443,0.3136074720359119,15
10,10,Temporal_Matrix+SVD+KNN,2586756.963515584,0.08719115258835046,0.5849668312198499,1552252.6226615647,88.31506958914414,0.7801849165373709,15
10,20,Temporal_Matrix+SVD+KNN,2798326.4765236503,0.09432247182394597,0.5878319366228307,1702418.5826822356,88.9061856089928,0.7609949297391609,15
10,30,Temporal_Matrix+SVD+KNN,3040345.0202349676,0.08906673824990934,0.6412406919280256,1830024.8864650882,101.24933976182592,0.7216339762242254,15
10,40,Temporal_Matrix+SVD+KNN,3218892.515426022,0.09429727718990423,0.6833678750851753,1928095.3377297553,105.05290710899227,0.6833567556296927,15
226,10,Temporal_Matrix+SVD+KNN,372762.714457079,0.05227134173618233,7.228548233694858,52054.70593896729,251.15138521293474,-0.005760115039935343,15
226,20,Temporal_Matrix+SVD+KNN,297161.02699657925,0.041668810034432964,6.965915920241993,41998.852366444145,265.75502145382256,0.030700929074690575,15
226,30,Temporal_Matrix+SVD+KNN,286935.35655238497,0.04023493587024537,7.157952471164693,39661.80871400763,206.01473919616683,0.002742616810991527,15
226,40,Temporal_Matrix+SVD+KNN,308869.81904461526,0.04331065195601142,6.944177069660998,43442.551861517764,219.05328495287372,0.01657830346010325,15
99,10,Temporal_Matrix+SVD+KNN,439991.771754685,0.09214816514046728,1.3313257440462634,187202.2022556661,931.738055818899,0.6453921840771043,15
99,20,Temporal_Matrix+SVD+KNN,482698.70808122976,0.10108609832302659,1.3070617517793792,214794.4813596264,1031.1140720787498,0.6258624073669642,15
99,30,Temporal_Matrix+SVD+KNN,498895.2045128133,0.09396411574211534,1.394869781775761,221839.18485894945,1275.6403684853747,0.5852941175473363,15
99,40,Temporal_Matrix+SVD+KNN,496403.03246389935,0.09349472910392928,1.4314647434031265,225677.08296865431,1381.925080399107,0.5619071400309928,15
110,10,Temporal_Matrix+SVD+KNN,1350674.1459139294,0.07517333484067876,1.9344138154817236,711234.0853286561,2594.539802730114,0.023804235522336348,15
110,20,Temporal_Matrix+SVD+KNN,1411405.7238737282,0.05535038341348942,1.722558095830286,480137.9995451928,583.8556909226879,0.2745162147896354,15
110,30,Temporal_Matrix+SVD+KNN,1600177.417998471,0.06260159023886297,1.9667127821433752,676441.0904907932,1865.8786844959156,0.13059879101561211,15
110,40,Temporal_Matrix+SVD+KNN,2993524.796714223,0.022715147434828192,3.480584677287873,779091.3395134065,2820.0146346236797,0.01669319491449217,15
220,10,Temporal_Matrix+SVD+KNN,245990.84834950767,0.05817624206608062,1.574728368201588,100074.9109947783,226.661440983376,0.410084309337467,15
220,20,Temporal_Matrix+SVD+KNN,305528.6905362547,0.04271076149819212,1.7819528403201685,108270.78454059275,213.52580044199158,0.3338925064793564,15
220,30,Temporal_Matrix+SVD+KNN,275921.0563556386,0.038571822533754796,1.6689246808696985,106986.13395819771,224.60954424089286,0.3556894688718245,15
220,40,Temporal_Matrix+SVD+KNN,263513.4469618423,0.036837326029838816,1.6353378332816388,104613.39000122366,242.35255617831132,0.3721005583434618,15
95,10,Temporal_Matrix+SVD+KNN,1490984.3589207463,0.08140249637721554,0.8819104431765653,741543.89148912,66.5546938208237,0.4293665876973556,15
95,20,Temporal_Matrix+SVD+KNN,1546155.568377926,0.0656871701453869,0.8787284805412849,771136.980747838,66.5058538932301,0.4034424513649202,15
95,30,Temporal_Matrix+SVD+KNN,1557963.920909293,0.06618883846242331,0.8778499123655111,786171.9521325814,65.86512596294875,0.3997113553159427,15
95,40,Temporal_Matrix+SVD+KNN,1712361.982450289,0.061117279212869344,0.9416070375545249,819846.8484272268,65.67054756786085,0.3526208056713519,15
2,10,Temporal_Matrix+SVD+KNN,73283343.3702452,0.08882185798889526,0.37953536513071257,48874270.3387706,29.606179277789963,0.4247005476689971,15
2,20,Temporal_Matrix+SVD+KNN,75170416.9157047,0.07641799811292757,0.39153582877723914,50264807.820652284,31.584156793363395,0.3840213252246505,15
2,30,Temporal_Matrix+SVD+KNN,79916802.78658916,0.0804244924167553,0.4126062305571194,51907501.01397979,32.14551996764903,0.34657329010944427,15
2,40,Temporal_Matrix+SVD+KNN,81153695.09654157,0.08166924236587117,0.41719804752355205,54582717.433207095,33.8518658850463,0.31190604604233163,15
281,10,Temporal_Matrix+SVD+KNN,6.618602924231234,0.11240833770773156,0.5730253290150419,4.662590249209603,57.27264546228922,-0.012015395397567463,15
281,20,Temporal_Matrix+SVD+KNN,6.4788131323277955,0.10966994844822103,0.5687555675443559,4.571048492264893,60.194785185487795,-0.006980103957962225,15
281,30,Temporal_Matrix+SVD+KNN,6.426778477348966,0.10878913311792938,0.5659917741203542,4.601776230222477,60.099275587136894,-0.014803061073634938,15
281,40,Temporal_Matrix+SVD+KNN,7.018615736552859,0.1188074436295812,0.618125959163759,5.16140145695157,66.67036371380708,-0.22204360858674188,15
271,10,Temporal_Matrix+SVD+KNN,9.3316064012019,0.07571487857306675,0.5804127411311749,4.468344001070281,28.975208421477188,0.18851448061185527,15
271,20,Temporal_Matrix+SVD+KNN,9.095557950704558,0.07291612915427735,0.5706722434275938,4.431464742464476,30.323692356622644,0.19744043105322395,15
271,30,Temporal_Matrix+SVD+KNN,49.525687624078834,0.0224094078044193,2.8990989165160848,5.6885417997874335,31.154241742198828,0.0061303403342577445,15
271,40,Temporal_Matrix+SVD+KNN,43.75479212337131,0.01979819013383075,2.604493041814288,5.480945111749077,31.074531087786795,0.006707431015757104,15
74,10,Temporal_Matrix+SVD+KNN,4174280.4179703305,0.07627059874389615,0.5322929835007495,2646542.6393550225,625504.2861951654,0.6313406547305451,15
74,20,Temporal_Matrix+SVD+KNN,4426973.960082491,0.08045252669658808,0.5461406969850376,2765739.1611074484,627369.4220333413,0.604987774687763,15
74,30,Temporal_Matrix+SVD+KNN,4917451.06064897,0.07774056424877752,0.6033209233830062,3053553.0414571175,597534.5431263372,0.526757738670302,15
74,40,Temporal_Matrix+SVD+KNN,5024475.637178847,0.07943252841177643,0.6156866372391839,3190697.9221993242,645461.7004550179,0.491638988490679,15
35,10,Temporal_Matrix+SVD+KNN,284899.2260527435,0.09711646058116057,1.0777468022486345,156755.37273764733,318.20216423606996,0.38313413439833766,15
35,20,Temporal_Matrix+SVD+KNN,284027.12064124603,0.09680785998261703,1.02800451223714,161718.41374858463,317.93209023670073,0.3708145337500348,15
35,30,Temporal_Matrix+SVD+KNN,297226.0719075381,0.09574733086592818,1.0655918814460215,178201.91898109554,403.5108740294515,0.322331277135644,15
35,40,Temporal_Matrix+SVD+KNN,292525.8726724692,0.08962044782739173,1.0709730529098913,173041.0790491279,414.3951561566696,0.3245207435171972,15
87,10,Temporal_Matrix+SVD+KNN,2558204.7515011295,0.09315341621495166,1.3218609297500963,1077554.3156095794,97.18521428539204,0.227129336258175,15
87,20,Temporal_Matrix+SVD+KNN,3019038.736050701,0.0595473707286088,1.458942387204348,1186321.0127984972,4265.599305276547,0.20381320889469612,15
87,30,Temporal_Matrix+SVD+KNN,3676279.026185925,0.057235970584553444,1.705247150837201,1298356.9094511608,3890.6055554513614,0.11400929388468051,15
87,40,Temporal_Matrix+SVD+KNN,3767191.412374174,0.058651378215567075,1.7329653195576817,1333495.577083136,19436.233616568177,0.09853155678844894,15
224,10,Temporal_Matrix+SVD+KNN,427538.6688299627,0.11209822577908772,0.8144989914884436,244190.20264894416,116.19874511088315,0.6356152882275784,15
224,20,Temporal_Matrix+SVD+KNN,457380.89007871517,0.09205594879516653,0.8058818201215507,256032.823611614,131.04046154258785,0.6513614529831329,15
224,30,Temporal_Matrix+SVD+KNN,484165.64573214337,0.097446851975443,0.8522163113273908,270229.7356089213,142.32876001197357,0.6055850156480052,15
224,40,Temporal_Matrix+SVD+KNN,502706.7244842053,0.10117857018499309,0.8906753719475489,281842.15551426006,150.90699863678216,0.5699246779144589,15
246,10,Temporal_Matrix+SVD+KNN,319408.45239780826,0.06890144644167764,1.9471114307902924,107875.73744105431,560.75127813775,0.39707640136411526,15
246,20,Temporal_Matrix+SVD+KNN,360814.1619078091,0.07543476313214206,2.0495244254527494,122069.03997274222,1134.0970960137881,0.3545472110770621,15
246,30,Temporal_Matrix+SVD+KNN,381644.5239740723,0.07978972919033911,2.131617479565951,135349.24852150306,1696.126683284712,0.2571413398537993,15
246,40,Temporal_Matrix+SVD+KNN,398229.5173778262,0.08325710557237845,2.1843474199411035,147909.28676930358,2796.1202604283603,0.19127740183432385,15
244,10,Temporal_Matrix+SVD+KNN,609754.6457948243,0.04581062477822038,1.5413974969865627,199364.95758913163,530.453431490123,0.5870268379549077,15
244,20,Temporal_Matrix+SVD+KNN,593872.9659596912,0.044614500268574726,1.3290140669393595,232693.91096569475,581.1298045078989,0.6040634164392951,15
244,30,Temporal_Matrix+SVD+KNN,611968.970470178,0.045973956321248524,1.3866859790305583,250223.44692612815,651.1583963235084,0.573189560585881,15
244,40,Temporal_Matrix+SVD+KNN,647926.1491383887,0.048675226877919996,1.4761922033082768,266291.73474575183,675.288218148927,0.5452236792515077,15
267,10,Temporal_Matrix+SVD+KNN,1.842011975567084,0.12961773088431397,0.6912890949499483,1.2766373531186348,67.46992055581676,-0.019743393055593694,15
267,20,Temporal_Matrix+SVD+KNN,1.9768642684264823,0.08767878186397764,0.7448726295624747,1.2968351962327378,71.04787165891454,-0.0312830766435257,15
267,30,Temporal_Matrix+SVD+KNN,1.9445591414425816,0.08624597019999622,0.7330017918518583,1.2540876209194,63.891734797821286,-0.021020729331761467,15
267,40,Temporal_Matrix+SVD+KNN,2.0222817012755034,0.06502048910931527,0.7652429213703706,1.2457138155999126,63.43389705330811,-0.03525841185665057,15
129,10,Temporal_Matrix+SVD+KNN,834766.1358229179,0.07310032798964554,0.9493867354258505,397843.4232823238,152.80348167770498,0.5841162438679978,15
129,20,Temporal_Matrix+SVD+KNN,758538.5132064429,0.06642508809189612,0.8404665305263109,394422.3070481092,160.09672606540482,0.6253588787150695,15
129,30,Temporal_Matrix+SVD+KNN,777607.3677417696,0.06809494442782076,0.8695195289944438,417859.2734698465,163.27479767862826,0.5898849695433163,15
129,40,Temporal_Matrix+SVD+KNN,816456.7157682629,0.07149697520153075,0.9208961296780973,438411.5563447026,163.99998361154817,0.5435482165227545,15
241,10,Temporal_Matrix+SVD+KNN,310419.18130784767,0.04691923997492608,3.0768433952866197,105938.67786714695,643.703204757273,-0.04269834473666667,15
241,20,Temporal_Matrix+SVD+KNN,232519.3596535953,0.035142010577467304,2.4496237985476466,90025.23417808166,552.2734139656067,-0.02205575419715977,15
241,30,Temporal_Matrix+SVD+KNN,356465.14246443345,0.028651384317118653,3.5005989617327975,110587.87622329104,908.7095768719557,-0.03968775129021407,15
113,10,Temporal_Matrix+SVD+KNN,3443235.6072862395,0.10658133741390227,0.3936671199229781,2422149.2017350285,33.931402025597194,0.557460761364299,15
113,20,Temporal_Matrix+SVD+KNN,3605637.9973796364,0.10167310481696276,0.404257147380518,2549926.9210283128,36.744161509653736,0.5401343186043586,15
113,30,Temporal_Matrix+SVD+KNN,3773217.497884377,0.10639857313418573,0.41960994983232813,2677634.9876371417,37.65982816407138,0.5012205104454652,15
113,40,Temporal_Matrix+SVD+KNN,3837816.131553517,0.10822014913733642,0.43060410751813727,2722673.2662668754,39.40579139590688,0.4831252491948923,15
150,10,Temporal_Matrix+SVD+KNN,261827.41972639842,0.09127771751891317,1.6839778866129307,123177.38280518657,344.7766232215241,0.2607694425084772,15
150,20,Temporal_Matrix+SVD+KNN,290193.56766696763,0.08337223476917141,1.6774207218994737,130899.8180833688,334.88912897698475,0.29444962020491794,15
150,30,Temporal_Matrix+SVD+KNN,313180.829522922,0.08902910595107942,1.761443619722857,153457.21714246424,474.10126938934997,0.2484689272139493,15
150,40,Temporal_Matrix+SVD+KNN,336169.8453538128,0.05891014035131443,1.8698695332063942,143336.09207463075,378.8964514068584,0.24003843690639248,15
107,10,Temporal_Matrix+SVD+KNN,618184.5221084879,0.06498078419572192,1.1401813159777392,275517.51428480487,1727.2725365288225,0.7008243621528847,15
107,20,Temporal_Matrix+SVD+KNN,675063.4090696656,0.07095751707038421,1.1079433312171634,306754.7013819106,12524.170191842992,0.683212664255062,15
107,30,Temporal_Matrix+SVD+KNN,726156.8707098853,0.07632807208464179,1.1983780982337915,336653.0281792469,10481.500646655095,0.6417384082641687,15
107,40,Temporal_Matrix+SVD+KNN,741479.7935413423,0.07793870086969135,1.2417886012172976,347054.473573134,8005.244090714526,0.6157493395467877,15
24,10,Temporal_Matrix+SVD+KNN,1226389.9048099513,0.0644493444437756,1.093390363733245,601500.5599081104,80.68848319225762,0.003266645097553811,15
24,20,Temporal_Matrix+SVD+KNN,1091892.8305162888,0.05727532904331379,1.0021667267021555,611194.8776970117,100.59470780326025,-0.018632307320479047,15
24,30,Temporal_Matrix+SVD+KNN,1010798.0844047896,0.0530139071590679,0.933735537267482,603603.5247116138,103.72366530977504,-0.016242628796619973,15
24,40,Temporal_Matrix+SVD+KNN,999742.3714417869,0.052434061837197246,0.9318094850836518,605636.8645114155,102.46236864614838,-0.024632074266043524,15
101,10,Temporal_Matrix+SVD+KNN,3887361.220567906,0.09055621762577269,0.8063459572536472,2079628.6276475762,79.1804488611126,0.5587613298496628,15
101,20,Temporal_Matrix+SVD+KNN,3874220.6608582004,0.09023390912459789,0.776760454103436,2090990.5630380295,80.36594668537296,0.5660776837312718,15
101,30,Temporal_Matrix+SVD+KNN,3774746.349380485,0.08791706742458903,0.7677310157975747,2086553.2992437673,84.60113249359627,0.5581219705106795,15
101,40,Temporal_Matrix+SVD+KNN,3823061.939698744,0.08904237880143595,0.7798463343207388,2141441.498518636,90.90363634968243,0.5429669042859822,15
25,10,Temporal_Matrix+SVD+KNN,1173904.692778751,0.048689303332846406,1.1351607862762014,475708.2642959314,91.92003937478222,0.06753946176302617,15
25,20,Temporal_Matrix+SVD+KNN,949488.0254918583,0.0393813149981091,0.932665080300463,452867.2991621447,93.34321337265905,0.10755444062009412,15
25,30,Temporal_Matrix+SVD+KNN,872672.7544480434,0.036193318210306705,0.8663842790987847,453525.7887047397,98.72669766691737,0.12483686001264505,15
25,40,Temporal_Matrix+SVD+KNN,843852.5351325648,0.03499488801540635,0.8402485362387621,459297.8455508189,123.17514412522131,0.12126365107727732,15
189,10,Temporal_Matrix+SVD+KNN,1325501.0457619957,0.04573375331755253,3.208585465041118,318921.50599565846,2547.050505242174,0.16947133180464757,15
189,20,Temporal_Matrix+SVD+KNN,1074633.7255120277,0.0370779598793254,2.620714197989312,307231.0300268274,3761.616995989089,0.22504440911106127,15
189,30,Temporal_Matrix+SVD+KNN,1018392.8493147348,0.03513748760331549,2.5440040987220973,339032.4235375953,7636.779150892385,0.20236734227211106,15
189,40,Temporal_Matrix+SVD+KNN,1055250.49689096,0.03640918264287555,2.584454041094826,315587.1876111741,4428.752628382319,0.22003806395990455,15
80,10,Temporal_Matrix+SVD+KNN,3429929.2401830084,0.10754717403250147,0.26699091069927344,2489488.2748726103,26.257075039159044,0.7488788015332299,15
80,20,Temporal_Matrix+SVD+KNN,3515907.604404027,0.11024306932724356,0.2684701356845897,2560556.956516719,25.927940712105645,0.7337392978906593,15
80,30,Temporal_Matrix+SVD+KNN,3854855.054482809,0.08232299028947501,0.29309018596590786,2759797.354690485,27.156748705465745,0.6904228799784821,15
80,40,Temporal_Matrix+SVD+KNN,4162963.336051986,0.08890284730439181,0.31706116968553205,2975697.25132836,29.418514281030124,0.645679312794152,15
39,10,Temporal_Matrix+SVD+KNN,4630778.304999402,0.06306487931121563,1.4831803219437545,1909860.3748546094,1060.4377301532927,0.2963839580647396,15
39,20,Temporal_Matrix+SVD+KNN,4568085.633113568,0.06221109069820659,1.413282512602762,1975892.691916216,1314.1661374491698,0.316024798839071,15
39,30,Temporal_Matrix+SVD+KNN,4333374.638408409,0.05901464734048509,1.3902822077394184,2015855.0095927478,1697.5498905252678,0.31533421841773634,15
39,40,Temporal_Matrix+SVD+KNN,4438866.708654906,0.060451305336227,1.4137646719865231,2097267.3583295573,1650.1615979946696,0.2932637066090382,15
254,10,Temporal_Matrix+SVD+KNN,817079.4391797298,0.2234765057447856,1.3716305647902782,572792.9553083568,2324.2150920365693,-0.08300132784567671,15
254,20,Temporal_Matrix+SVD+KNN,829996.7882098639,0.15229397601168496,1.3895458051061564,572942.6579915605,2323.0383674611653,-0.11873234454848913,15
254,30,Temporal_Matrix+SVD+KNN,835719.0812059378,0.1533439448364505,1.405046348890549,574534.7343640907,2217.788754042677,-0.17242744542759603,15
254,40,Temporal_Matrix+SVD+KNN,822881.8026664553,0.1509884656132551,1.3871555726870821,567485.0900725937,2198.358016587333,-0.17011561341037051,15
167,10,Temporal_Matrix+SVD+KNN,1286389.731887653,0.08781830843660685,0.9208272864490504,704031.6386122328,129.03275112998097,0.3787841544923175,15
167,20,Temporal_Matrix+SVD+KNN,1812167.3742238048,0.06413405246183373,1.1947647194853375,822498.9006873568,131.66527383897403,0.23200272539073163,15
167,30,Temporal_Matrix+SVD+KNN,2113021.857313579,0.04252007481642152,1.362349659455942,866283.9348268623,128.7512943817107,0.18671187074242335,15
167,40,Temporal_Matrix+SVD+KNN,2249653.054753868,0.04526948733068884,1.4559212277525364,1163122.0872887599,300.1404554846301,0.026389140178419535,15
173,10,Temporal_Matrix+SVD+KNN,3694340.59826337,0.10964312642981944,1.8884991867970025,1371381.9109582591,523.087154760001,0.24007791021757707,15
173,20,Temporal_Matrix+SVD+KNN,3976496.3600127473,0.08033525342168928,1.919120827020118,1481293.886035826,539.8460130777083,0.21190163746936763,15
173,30,Temporal_Matrix+SVD+KNN,3670237.1077362816,0.07414505664757609,1.9284470662825384,1391011.1355037799,1878.7940936866423,0.20598282383960664,15
173,40,Temporal_Matrix+SVD+KNN,3688265.7523363894,0.0745092660531037,1.9680786540662636,1419701.5047355047,4026.9384078315866,0.16972618750162283,15
237,10,Temporal_Matrix+SVD+KNN,549396.1006682164,0.0479902378394758,4.1665206909889365,148381.96549381857,568.0900061101381,-0.024630992471977642,15
237,20,Temporal_Matrix+SVD+KNN,507049.71314142505,0.04428674593569591,3.887005193540518,150919.21805973875,730.130126042635,-0.043301297739929856,15
237,30,Temporal_Matrix+SVD+KNN,533409.6855971755,0.03683717398333531,4.226874843000109,147061.62200480336,708.8765890382251,-0.032597109686373305,15
237,40,Temporal_Matrix+SVD+KNN,494786.03079817124,0.034169831544454896,3.9079726190251765,144957.07291601482,673.9762312297773,-0.040163296635897794,15
116,10,Temporal_Matrix+SVD+KNN,840706.0537831595,0.07714523498130128,0.6629353228183399,544037.445103854,65.91638185954481,0.26790505833107536,15
116,20,Temporal_Matrix+SVD+KNN,836594.2936473024,0.07660548734432011,0.6711872554866876,551091.4813296285,74.37820031257459,0.21702644573122742,15
116,30,Temporal_Matrix+SVD+KNN,968756.9472313123,0.05571397661859866,0.7569179784877709,574698.8881509479,70.70831475058476,0.13952251089065526,15
116,40,Temporal_Matrix+SVD+KNN,1012933.8544217924,0.05825462541737804,0.7901860600017202,582561.2681801723,69.46518598515868,0.10572995328254908,15
75,10,Temporal_Matrix+SVD+KNN,5810978.766493013,0.1076804612920351,0.6562112897529007,3409751.8206992596,47.41609630895645,0.2207864162775186,15
75,20,Temporal_Matrix+SVD+KNN,6002207.315923221,0.1031537940171218,0.6722777593583473,3605016.491831534,49.86956587180165,0.17735313324984703,15
75,30,Temporal_Matrix+SVD+KNN,5904696.432169252,0.08201269842374423,0.6700165214229573,3551875.790914706,50.07639299195132,0.15316622108610178,15
75,40,Temporal_Matrix+SVD+KNN,6004002.969967557,0.08339200678100156,0.6727904225086262,3698167.551542881,52.082510713385275,0.11122835014056798,15
176,10,Temporal_Matrix+SVD+KNN,565805.6946496923,0.06998871162586723,1.1454590936847246,274031.29868640215,115.397111775321,0.10216779292871658,15
176,20,Temporal_Matrix+SVD+KNN,635431.5568334269,0.06456434334455699,1.2339812569028465,300650.63800898544,130.59453681232827,0.05997956996422127,15
176,30,Temporal_Matrix+SVD+KNN,755648.2530240892,0.04506263969024414,1.3860603371876334,305247.24933605694,102.55234419347595,0.08665204837645002,15
176,40,Temporal_Matrix+SVD+KNN,852939.7049095358,0.04734440173371919,1.550417206916289,315463.44411518465,107.12448413680973,0.058716282804775366,15
93,10,Temporal_Matrix+SVD+KNN,2585567.888490007,0.09135900442410579,1.273060174748231,1172636.050454293,497.5126793826253,0.6671910922665953,15
93,20,Temporal_Matrix+SVD+KNN,2747284.4697717596,0.06292374332518359,1.2549649315558489,1285349.9706862178,546.4302895176166,0.626669101666887,15
93,30,Temporal_Matrix+SVD+KNN,2766856.3458125005,0.06337201714536145,1.3153061593092958,1331856.7531856915,628.5119717780206,0.5985291400165353,15
93,40,Temporal_Matrix+SVD+KNN,2769239.7250391804,0.06342660601096903,1.347101844619448,1359085.344082486,691.7655357743146,0.5813887258067589,15
216,10,Temporal_Matrix+SVD+KNN,261714.23740276165,0.06527093938757074,1.3067391235424963,108721.40570806652,505.7832471299079,0.6263684347562481,15
216,20,Temporal_Matrix+SVD+KNN,294267.39442422276,0.07338156305383974,1.3365849008049329,132464.18528303123,582.8708877515861,0.5657298773198711,15
216,30,Temporal_Matrix+SVD+KNN,302396.7147770683,0.06896554020219366,1.385273451351057,136143.471831362,611.6743972968117,0.540559459561081,15
216,40,Temporal_Matrix+SVD+KNN,302932.9913336088,0.06908784511032354,1.3944614984002333,139806.6483202871,600.6182872668613,0.5326306469532001,15
158,10,Temporal_Matrix+SVD+KNN,120243.98556976071,0.0681204627301232,1.4532295858782431,49789.510572832405,310.19991667589824,0.5383813016882693,15
158,20,Temporal_Matrix+SVD+KNN,114102.01645740552,0.0646319452443563,1.3257330667869056,52412.73646216212,19136.24242737332,0.5615445335148946,15
158,30,Temporal_Matrix+SVD+KNN,120840.47412142585,0.06844887714700111,1.380928124851558,56264.11953577697,14006.964975777051,0.5389195098183566,15
158,40,Temporal_Matrix+SVD+KNN,120965.9514948837,0.06851995254936931,1.410203773881952,57028.5721280589,16522.45171999316,0.5104195820747774,15
232,10,Temporal_Matrix+SVD+KNN,372407.6456925403,0.12579900418451015,1.0474076054187142,257343.33065812333,180.65515029009532,-0.11435201413821638,20
232,20,Temporal_Matrix+SVD+KNN,378731.0523812497,0.1278906280892618,1.0395366651418974,260377.4588827114,194.92923520532946,-0.1187826234526208,20
232,30,Temporal_Matrix+SVD+KNN,402305.1882482639,0.10085999055222512,1.0883819846535463,267730.28975616023,191.36249356644097,-0.09348351218745687,20
232,40,Temporal_Matrix+SVD+KNN,420024.50621511653,0.08244666650145249,1.1139447896660757,274977.13456043747,190.95745826147342,-0.10554463223790145,20
177,10,Temporal_Matrix+SVD+KNN,325017.02180705767,0.06873103807654134,2.5127903603654205,102822.0616677638,251.65863073489177,0.16481860761985778,20
177,20,Temporal_Matrix+SVD+KNN,363784.0318397918,0.07438637523455295,2.4193165937447785,109409.76074074548,179.35346871879872,0.16218826436625777,20
177,30,Temporal_Matrix+SVD+KNN,398331.37465711293,0.06985487480609381,2.651970964284382,126324.21360655833,307.2191230226488,0.05063166540353414,20
177,40,Temporal_Matrix+SVD+KNN,455615.088198416,0.042079315338301254,2.9457492807817545,134341.2364749542,364.44235302988307,0.03602155627130432,20
84,10,Temporal_Matrix+SVD+KNN,442326.5448722484,0.15943936468035697,0.8151162589759999,333036.31288992305,124.5018050276055,-0.28497860331234515,20
84,20,Temporal_Matrix+SVD+KNN,516559.29383400094,0.08096447745371865,0.9021591090139249,351947.9778683697,129.4614095602311,-0.14599345355555893,20
84,30,Temporal_Matrix+SVD+KNN,518115.10380009125,0.0812083320168354,0.898923477105262,358514.2345909093,133.21885340825736,-0.22283623059115953,20
84,40,Temporal_Matrix+SVD+KNN,549359.9390867867,0.06620138799389601,0.9597727987364166,370312.7579768012,139.1038004733375,-0.2793406580632454,20
231,10,Temporal_Matrix+SVD+KNN,415766.21615399694,0.06254448657367845,2.2377881296917144,134962.1835606912,143.5744399534079,0.18007458121986963,20
231,20,Temporal_Matrix+SVD+KNN,478566.6116698751,0.06566000653324497,2.463105156622722,162760.6125206358,315.9703329940948,0.11460809103260017,20
231,30,Temporal_Matrix+SVD+KNN,471178.27921129466,0.06464631701611079,2.4802883740710384,165145.2053053164,305.53437611814513,0.09525350824956791,20
231,40,Temporal_Matrix+SVD+KNN,504227.169128457,0.06442401716829485,2.587412823359492,152331.46168377364,5770.489564335166,0.0666593613407267,20
125,10,Temporal_Matrix+SVD+KNN,1249422.5196788602,0.0699432995374413,0.5187091416457764,804003.570267881,41.87858208212452,0.2765915048878058,20
125,20,Temporal_Matrix+SVD+KNN,1269013.5330889835,0.07088138209487738,0.5192800293397718,848941.7115670214,45.404064308011485,0.25412687020329106,20
125,30,Temporal_Matrix+SVD+KNN,1321988.5824551394,0.055177067852675926,0.541388237930943,862567.8615493536,46.166262097453846,0.21561841789015168,20
125,40,Temporal_Matrix+SVD+KNN,1317694.5399413893,0.05499784340377528,0.542008861122949,866690.4650574158,46.145271036950696,0.18363783194522976,20
196,10,Temporal_Matrix+SVD+KNN,500638.3136689897,0.05616998880416997,1.6251919186332682,186308.64209137674,240.49398883128782,0.43313327717524397,20
196,20,Temporal_Matrix+SVD+KNN,480966.12160277396,0.053959055511451214,1.441112854383888,195447.71560658448,243.68002084167753,0.4624019884926046,20
196,30,Temporal_Matrix+SVD+KNN,462079.7967251967,0.05184003905115592,1.3868397501029177,198454.21613758142,256.2450903806315,0.4671623837897815,20
196,40,Temporal_Matrix+SVD+KNN,468413.0876442833,0.05255056145636515,1.4228309234707956,203150.28416910084,266.24776924920013,0.4482584068984983,20
11,10,Temporal_Matrix+SVD+KNN,2817748.4479942303,0.11700756050906,1.6219809323093946,1572214.6942844251,3865.781449713796,-0.03546450830116554,20
11,20,Temporal_Matrix+SVD+KNN,3108736.7308929176,0.098223914352676,1.6990311574457835,1630330.7547372188,4356.160929007231,-0.022991309932461013,20
11,30,Temporal_Matrix+SVD+KNN,3163293.1778002833,0.09994768456298782,1.70439858143903,1661577.313485,3988.453373420478,-0.05113310175772057,20
11,40,Temporal_Matrix+SVD+KNN,3283596.0918557085,0.10374872401317767,1.7432436383358583,1716433.9182944312,3707.475456524137,-0.08553497390238873,20
15,10,Temporal_Matrix+SVD+KNN,984303.882903828,0.05565545180174034,3.018219679644234,227736.00147674835,248.85046995019192,0.10759542945373957,20
15,20,Temporal_Matrix+SVD+KNN,759477.8195323216,0.042942167790527695,2.4860110872352017,230555.63259327135,447.38533032811347,0.1382071583086757,20
15,30,Temporal_Matrix+SVD+KNN,694735.0971944769,0.039281175306959036,2.362566460102589,228341.70486490053,453.6575426452963,0.1374507049230267,20
15,40,Temporal_Matrix+SVD+KNN,724639.9668774668,0.04097203335241122,2.440075626462169,228652.80278409683,456.56642461765387,0.13628301446480995,20
180,10,Temporal_Matrix+SVD+KNN,423437.59839665354,0.08034732583158292,1.092997910474637,269031.2128085206,302.6872513572847,0.1263685641568114,20
180,20,Temporal_Matrix+SVD+KNN,430507.0417821586,0.08166114290616419,1.084495573362226,240689.14219870893,236.48061397175093,0.17693397033880265,20
180,30,Temporal_Matrix+SVD+KNN,468342.5194239342,0.052336215531259285,1.1811860978642779,245408.57021677552,244.33242943963296,0.16292640537419478,20
180,40,Temporal_Matrix+SVD+KNN,490742.20264473476,0.05483932938544811,1.233790618377334,292962.5079636329,394.8043022582816,0.05640144008748238,20
255,10,Temporal_Matrix+SVD+KNN,2073593.5840513282,0.10814873482264478,7.924387937489569,495213.8722623973,3595.7035938152353,-0.29204469286420887,20
255,20,Temporal_Matrix+SVD+KNN,2032154.3828300317,0.08430308371437631,8.909934400116766,484151.17427755427,5590.834955369989,-0.5268163382296656,20
255,30,Temporal_Matrix+SVD+KNN,2452349.4626400475,0.05761511904768464,8.440815144741508,505191.71532794554,3915.9319554910844,-0.14181814954583216,20
255,40,Temporal_Matrix+SVD+KNN,2513175.990662449,0.05904416809092142,8.735584272114524,544607.0575308137,6466.543204782928,-0.1403456049041405,20
17,10,Temporal_Matrix+SVD+KNN,922762.9931170156,0.13040879288370827,0.7357320510570244,588062.931103872,155.61576220880113,0.40441488765668543,20
17,20,Temporal_Matrix+SVD+KNN,1140260.7913421022,0.07759891154878637,0.8686668658945322,662602.2070848106,189.0642146235906,0.34814449947208115,20
17,30,Temporal_Matrix+SVD+KNN,1237070.034551955,0.0841871341360984,0.9323342629325553,700954.2281294311,188.23171045198436,0.2785671120797084,20
17,40,Temporal_Matrix+SVD+KNN,1222808.6066206286,0.08321659187681417,0.9326278369182797,709646.9336796624,199.50937272956835,0.26442779075181444,20
284,10,Temporal_Matrix+SVD+KNN,101.97380521180905,0.059571561805876735,0.16667732574105978,73.05884752373993,21.21025326702787,0.8742896504461976,20
284,20,Temporal_Matrix+SVD+KNN,119.74337101711701,0.06967657283837457,0.1967364795000018,89.54109298903917,32.596488585291716,0.8372197775412067,20
284,30,Temporal_Matrix+SVD+KNN,140.2818035991011,0.08162752746433123,0.23022733127949593,106.66661122467072,47.73388847448795,0.7832854891630623,20
284,40,Temporal_Matrix+SVD+KNN,159.6169664167156,0.09287832046406036,0.26098927694766083,121.6078278953646,53.95548454658289,0.7178811192505727,20
169,10,Temporal_Matrix+SVD+KNN,955200.0978294442,0.13782010646190118,0.7374220287720805,643133.7573449097,102.53987178093587,0.19799395074674897,20
169,20,Temporal_Matrix+SVD+KNN,994240.0909678414,0.11994273259830153,0.759995619929659,662366.5060334557,130.84229470061368,0.18166012285703426,20
169,30,Temporal_Matrix+SVD+KNN,1094161.4966349828,0.070659817547549,0.829245062337654,681873.7056668062,133.98597286410921,0.14226335596711603,20
169,40,Temporal_Matrix+SVD+KNN,1064405.5978863996,0.06873821238870868,0.8182650878461066,683824.4481995878,140.86082694339694,0.13777714647423633,20
263,10,Temporal_Matrix+SVD+KNN,61756.24487023857,0.06234122122596354,8.896800096561922,9792.522582955668,29872.11201149684,-0.045418920560258425,20
263,20,Temporal_Matrix+SVD+KNN,49864.164784594126,0.050336477207598415,8.700006378628665,8513.04006108749,37491.780251154276,-0.0629868147519359,20
263,30,Temporal_Matrix+SVD+KNN,50751.71969969418,0.05123243902601894,8.073731408639453,7606.153254967054,19110.75318442439,0.006791199692078864,20
263,40,Temporal_Matrix+SVD+KNN,47461.13735779332,0.04791068835059215,7.896620355583971,7375.011670863755,18242.999562278972,0.0014212469414176532,20
170,10,Temporal_Matrix+SVD+KNN,428599.93330865254,0.06604756126237024,1.5120892310181882,229871.92779883422,252.66456187845407,-0.02965316872680357,20
170,20,Temporal_Matrix+SVD+KNN,424662.9318087134,0.05376370555083014,1.4047559679441994,195755.98349088285,189.8329577336922,0.18747927309780965,20
170,30,Temporal_Matrix+SVD+KNN,415837.1453735663,0.05264633234113474,1.3582443225943586,196404.82399116078,190.3744849249421,0.19860718193598725,20
170,40,Temporal_Matrix+SVD+KNN,407725.42437639635,0.051619362133622546,1.333671942853283,201399.9715007788,202.11363315532554,0.1966953351860864,20
238,10,Temporal_Matrix+SVD+KNN,834010.4907029419,0.1429881116860079,0.6464562027486097,589212.561464097,66.40344553337735,0.18679460131618864,20
238,20,Temporal_Matrix+SVD+KNN,828816.2452110158,0.12588018417170815,0.6487765919707202,589541.7407443037,81.74066114096992,0.17882893870450478,20
238,30,Temporal_Matrix+SVD+KNN,832514.7312723262,0.12644190832859376,0.6531083828147997,592566.1584758062,78.21710744274485,0.16273470969787474,20
238,40,Temporal_Matrix+SVD+KNN,835058.5170070974,0.12682825719498794,0.655462373521929,596161.6958789438,79.97561357531409,0.1495941600176125,20
96,10,Temporal_Matrix+SVD+KNN,469756.5641039481,0.1017923397441076,1.1448303300476326,252735.80321303333,213.14456662625685,0.4718208872318922,20
96,20,Temporal_Matrix+SVD+KNN,566646.0875811052,0.05924421049492622,1.278173278368843,282066.1574863043,242.66893055660265,0.40166069724584275,20
96,30,Temporal_Matrix+SVD+KNN,601997.9442830712,0.06294033208782078,1.3362510139091759,294526.93977568013,254.60482777285188,0.38173896170036603,20
96,40,Temporal_Matrix+SVD+KNN,610621.2756112904,0.06384192210595248,1.3618493085894914,299966.0154737363,281.19095437626174,0.37020338269188957,20
94,10,Temporal_Matrix+SVD+KNN,2734886.1248461497,0.0909964543891675,0.5902656635279249,1782458.382482372,75.48401478054242,0.4814948167725521,20
94,20,Temporal_Matrix+SVD+KNN,2689925.193829135,0.08950049253853855,0.5644534040322774,1811400.4953444956,74.50646136377775,0.49811198925371103,20
94,30,Temporal_Matrix+SVD+KNN,2957238.9080105,0.05605489742338123,0.6147706598491828,1946759.242548791,78.00007246640834,0.42106066284081467,20
94,40,Temporal_Matrix+SVD+KNN,3212730.7547509074,0.06089778286721528,0.6606434498865135,2071121.711543356,82.22204578123414,0.3721804715714042,20
147,10,Temporal_Matrix+SVD+KNN,1553960.7149623567,0.06951435600171287,1.509607389589157,590942.2465324362,568.8790717022874,0.5742685390261011,20
147,20,Temporal_Matrix+SVD+KNN,1542437.1072993588,0.0689980636667172,1.3978422331687184,676533.199556698,631.404774397208,0.5654039906755766,20
147,30,Temporal_Matrix+SVD+KNN,1692818.2537744762,0.07244827170346366,1.5357934663641655,714492.6404770804,688.3472698989809,0.514334962753473,20
147,40,Temporal_Matrix+SVD+KNN,1674218.0965891767,0.07165223276751582,1.576567084191482,723135.661264155,719.285280617208,0.4872999276112796,20
208,10,Temporal_Matrix+SVD+KNN,987489.3807810162,0.10748603205872372,0.9441046758206167,579922.3612321615,1033.870011484189,0.5213475943181722,20
208,20,Temporal_Matrix+SVD+KNN,1080979.578276051,0.07873946173681644,0.9980824572534708,630498.4131414972,1338.730264429789,0.4533337080697768,20
208,30,Temporal_Matrix+SVD+KNN,1197825.9120503804,0.07764606616812829,1.1116188978522392,680164.3773715815,1503.736042462854,0.37533474254100097,20
208,40,Temporal_Matrix+SVD+KNN,1216831.5607822575,0.07887420751848528,1.1256514799002262,699215.3071119483,49383.71332763476,0.35467550863841635,20
83,10,Temporal_Matrix+SVD+KNN,1537028.237704249,0.13352260103082003,1.1771703078869376,1155374.6593357336,1592.852143132293,-0.03212645967846495,20
83,20,Temporal_Matrix+SVD+KNN,1577503.7912545346,0.13703646599007446,1.1898561934052454,1163676.8093443136,1466.3226452268918,-0.0689260858718379,20
83,30,Temporal_Matrix+SVD+KNN,1569127.1562185509,0.13630879454574343,1.177369364614731,1174832.4116487806,1442.821342237992,-0.06451592408800222,20
83,40,Temporal_Matrix+SVD+KNN,1594720.7294015158,0.1385320873457326,1.1952508808752853,1184983.3856923834,1487.2652375021748,-0.08162739836920885,20
120,10,Temporal_Matrix+SVD+KNN,936554.7899893742,0.12664448786826787,0.5923851554289173,616545.4844302454,56.92585864585141,0.16283878739775925,20
120,20,Temporal_Matrix+SVD+KNN,878425.959623642,0.11747587924435365,0.554319048545184,605291.9573420548,55.95395346344759,0.20554784604491705,20
120,30,Temporal_Matrix+SVD+KNN,880080.1303754955,0.10216479194156926,0.55500682460078,608388.1824866201,55.94238213410748,0.19976507867117899,20
120,40,Temporal_Matrix+SVD+KNN,958810.4142510929,0.07836091782026124,0.5982864722095461,630251.2628298422,58.93244810030589,0.16360939447054956,20
79,10,Temporal_Matrix+SVD+KNN,1012968.6512334056,0.049899905732338545,1.35326505634968,473468.25356964493,120.00089097052027,0.09526164190808206,20
79,20,Temporal_Matrix+SVD+KNN,965792.3500509496,0.04755718106614586,1.2673468214548713,382503.76009262406,80.039162744372,0.20507900452537453,20
79,30,Temporal_Matrix+SVD+KNN,883777.8390006801,0.04351865357950411,1.1584945492960919,379044.9144336735,80.1351327427794,0.22848100199540156,20
79,40,Temporal_Matrix+SVD+KNN,830564.7690416835,0.04089835574530405,1.0979004974022275,378066.86963000696,83.61660940260765,0.251666217929703,20
240,10,Temporal_Matrix+SVD+KNN,302936.27359474683,0.08816389888301968,1.2779748515729208,154331.23734210737,1896.0008659401844,0.46192427466988384,20
240,20,Temporal_Matrix+SVD+KNN,304566.695969498,0.08863697551949419,1.2172730741508533,167508.5695325612,1975.4923194816274,0.46087614373361285,20
240,30,Temporal_Matrix+SVD+KNN,324375.0814469257,0.07758790348462563,1.2907187615803946,176666.34357518877,2227.2655111319236,0.41593163924392174,20
240,40,Temporal_Matrix+SVD+KNN,347786.4429406276,0.06773992004452714,1.3858994198924905,182254.6390753651,2266.051757402952,0.36941969291504406,20
53,10,Temporal_Matrix+SVD+KNN,11164728.08992957,0.07495851574821698,0.28310118498010434,7638809.200689595,25.609529022903494,0.8226358005754614,20
53,20,Temporal_Matrix+SVD+KNN,11785291.357664414,0.07912168979247557,0.29686984924447596,8428189.013498757,29.208213988081923,0.7959846389964638,20
53,30,Temporal_Matrix+SVD+KNN,12699333.7289121,0.08456930027764888,0.3170107564895702,9154623.145443976,31.08178098674413,0.7621005398821162,20
53,40,Temporal_Matrix+SVD+KNN,13654080.454655552,0.09092729230007106,0.3395599768630502,9899748.404144187,32.94623032200181,0.7261139887528703,20
18,10,Temporal_Matrix+SVD+KNN,337883.7306568487,0.0528623886701514,1.9673886735951902,128806.32035045828,1103.7148442436321,0.1838168648405214,20
18,20,Temporal_Matrix+SVD+KNN,274203.6846866969,0.04289955520059311,1.7400914664261304,125984.6157928447,1381.0139538771045,0.20541667688867427,20
18,30,Temporal_Matrix+SVD+KNN,320977.02931459114,0.03939125634590209,1.9505383588194158,134499.65871998973,1372.6651531039809,0.14131474685025291,20
18,40,Temporal_Matrix+SVD+KNN,304833.927788767,0.037410126880720276,1.897736800833308,136409.7318700769,1405.2177233699701,0.1363991457642788,20
22,10,Temporal_Matrix+SVD+KNN,5269073.048279523,0.08711577148669837,0.5457816677535263,3452587.311766764,49.61858406866831,0.4536108388724813,20
22,20,Temporal_Matrix+SVD+KNN,6773639.103454907,0.05735776089127385,0.6654377843803857,3819529.8637376614,51.843259021752615,0.3374045654859994,20
22,30,Temporal_Matrix+SVD+KNN,6348822.023305006,0.053702885644525855,0.6270776713450137,3854976.790992353,54.63513405921802,0.35712372904225753,20
22,40,Temporal_Matrix+SVD+KNN,6360684.981061018,0.05380323104111098,0.628549434964452,3994536.1769796736,58.242669082743646,0.3458216143035826,20
264,10,Temporal_Matrix+SVD+KNN,10912.935556428496,0.07474617945570779,4.995049833526087,2661.9745150108797,1589.8825188128521,-0.18002725381273188,20
264,20,Temporal_Matrix+SVD+KNN,259764.77214245,0.03311062447502569,20.31443719579672,12783.242091364926,411.91301004432466,-0.0020599092038495748,20
264,30,Temporal_Matrix+SVD+KNN,213923.44820860657,0.027267511686124717,22.02772156806698,9657.254169963939,640.2410331734332,-0.0011414328283960717,20
264,40,Temporal_Matrix+SVD+KNN,187043.18591203817,0.02384124928976022,22.739694893311757,8189.412335127883,436.07456681111154,-0.0010268671562083664,20
112,10,Temporal_Matrix+SVD+KNN,233873.3279276744,0.10157963979887027,1.201688003608753,130104.69991405193,301.0837203842635,0.5347233461194993,20
112,20,Temporal_Matrix+SVD+KNN,253057.37297032832,0.10398591636063195,1.1741894229808294,140819.64629465842,343.4319156358676,0.5302386820550523,20
112,30,Temporal_Matrix+SVD+KNN,292443.428446253,0.0863650819253343,1.3492832474638612,164675.0655838536,413.7284858812044,0.371287959605061,20
112,40,Temporal_Matrix+SVD+KNN,361578.67029784474,0.10678226434643932,1.6753707196654284,224522.41330475474,625.7154313665152,0.02853121674378789,20
165,10,Temporal_Matrix+SVD+KNN,1885779.2072923454,0.08720593872682664,1.2435547904931763,777058.3696846626,2223.3394385100005,0.20143642503460935,20
165,20,Temporal_Matrix+SVD+KNN,1958645.210007501,0.06473515104415668,1.2763543337487369,812653.0665027678,1102.8703544478767,0.1882025616424724,20
165,30,Temporal_Matrix+SVD+KNN,2022594.151862171,0.06684872648340645,1.3260833203936628,826012.6664504275,1968.2639936996686,0.15894861960360052,20
165,40,Temporal_Matrix+SVD+KNN,1975431.401878728,0.06528995119922709,1.2882131495501854,841560.0144141311,2145.139424460387,0.15191256727347846,20
29,10,Temporal_Matrix+SVD+KNN,1207591.6809205408,0.08299251085833165,1.3130770995886236,489334.4078451451,72.15776465970926,0.15915008537026765,20
29,20,Temporal_Matrix+SVD+KNN,1068526.4217869767,0.0734351619538898,1.1904075099816234,463368.4490769603,77.32298960182861,0.20331492006000118,20
29,30,Temporal_Matrix+SVD+KNN,1213557.3945346489,0.08292432630919253,1.299603130890956,511017.60549144406,82.40133820542658,0.15186987703042132,20
29,40,Temporal_Matrix+SVD+KNN,1290776.9010642115,0.08820085924099318,1.3657900514427408,527494.8478028357,79.97621597100364,0.10298015204139999,20
239,10,Temporal_Matrix+SVD+KNN,656164.3395251788,0.048409444801598804,1.7569163472636928,236009.73753478032,666.8480008159664,0.32566732173451185,20
239,20,Temporal_Matrix+SVD+KNN,540661.4356648424,0.03988805600912425,1.438826198923833,233777.28322849967,778.2794975789258,0.3947307219461249,20
239,30,Temporal_Matrix+SVD+KNN,548406.0112396354,0.0404594229384381,1.4678272464964657,247086.22984717952,834.2961270520261,0.37162745902321026,20
239,40,Temporal_Matrix+SVD+KNN,553547.291266944,0.04083872808609618,1.505302585078849,253411.58241905682,874.5516682418469,0.3389335413343286,20
186,10,Temporal_Matrix+SVD+KNN,550171.1314960277,0.08324695385440872,0.8371543913654339,278834.75487791013,77.34563294921327,0.5907347620834682,20
186,20,Temporal_Matrix+SVD+KNN,561023.313424983,0.07252842841076863,0.8273771853256575,293286.60792844306,85.25491595361497,0.5557867677095301,20
186,30,Temporal_Matrix+SVD+KNN,623176.5951662663,0.07806436281239393,0.9111421267923568,321072.2952620687,89.47673193215581,0.46212826072458135,20
186,40,Temporal_Matrix+SVD+KNN,628644.1177244309,0.07874927085928812,0.9315423589613491,327377.4535885846,95.87619219473838,0.44268442549346254,20
62,10,Temporal_Matrix+SVD+KNN,735254.8547301677,0.10495331444702949,1.0754167222798665,361760.027523422,658.8259780799575,0.7372975691303045,20
62,20,Temporal_Matrix+SVD+KNN,879413.3720507472,0.08302540822674584,1.1664087143282236,426964.8933374898,646.5775165016938,0.6585500604998493,20
62,30,Temporal_Matrix+SVD+KNN,964518.9056875987,0.08770813919092202,1.287654025321398,460137.74852784653,655.9452139911989,0.597227633510828,20
62,40,Temporal_Matrix+SVD+KNN,1017938.888725138,0.08880604130759247,1.3463665953791202,482615.16109620465,702.1208067692903,0.5631541013056073,20
50,10,Temporal_Matrix+SVD+KNN,13555164.276667962,0.09992761473676791,0.41001312235140264,9251008.669306708,40.48749327891493,0.6932618419313668,20
50,20,Temporal_Matrix+SVD+KNN,14498927.970937816,0.10573154982401854,0.4271791470425601,10173289.90332075,42.24471974980293,0.6595077493445296,20
50,30,Temporal_Matrix+SVD+KNN,15139537.842610296,0.11040311414244695,0.446855360136358,10835070.2077072,45.1215586517674,0.6088255639441691,20
50,40,Temporal_Matrix+SVD+KNN,15925854.884813648,0.11613722908472714,0.46818427484275577,11477512.595923671,47.458559221921504,0.5661685251134188,20
5,10,Temporal_Matrix+SVD+KNN,1238665.7033256807,0.05240310579762717,1.4458855129060244,468511.7083830693,527.1023638029907,0.6063442115946853,20
5,20,Temporal_Matrix+SVD+KNN,1374248.683591561,0.04947563532864963,1.4770238276272079,528134.9147788561,637.9941112824849,0.5521480392597026,20
5,30,Temporal_Matrix+SVD+KNN,1610333.5902212043,0.0431081086300815,1.6988151528458861,578063.5770147201,744.9560928807325,0.47112346093875457,20
5,40,Temporal_Matrix+SVD+KNN,1539727.4782746364,0.04121800588228858,1.6592327574353725,584588.640236426,705.025258742312,0.47925302138658243,20
49,10,Temporal_Matrix+SVD+KNN,123004035.12905619,0.05435500886171507,0.9246671405992879,47996246.720265985,37.018695690046535,0.15959005611803934,20
49,20,Temporal_Matrix+SVD+KNN,102335536.83822404,0.04519706946965658,0.7891341380921644,45736103.58362141,38.489925877916825,0.20930621404415806,20
49,30,Temporal_Matrix+SVD+KNN,99628912.86108136,0.04400167365992391,0.7678997162203033,46654128.132858805,40.08140913935926,0.1910719699027592,20
49,40,Temporal_Matrix+SVD+KNN,98072606.80121256,0.04331432227371743,0.7549223218905801,48417181.83550683,42.17354256964468,0.16299232313372436,20
82,10,Temporal_Matrix+SVD+KNN,165530.67155474756,0.1048716971221606,1.4136713352145684,89425.39808757241,7485.04394928961,0.3272892431645863,20
82,20,Temporal_Matrix+SVD+KNN,317764.08305702114,0.03130835681757825,2.45369705592734,100342.64656755365,15111.08380685517,0.12253402960151516,20
82,30,Temporal_Matrix+SVD+KNN,327674.6808590364,0.03228481804836663,2.4194932314627544,107343.13177093158,16028.41606593051,0.12652666491447517,20
82,40,Temporal_Matrix+SVD+KNN,298425.97747112083,0.029403029731509378,2.2581130856090526,106636.39571041914,13551.758652848786,0.1382615910921835,20
100,10,Temporal_Matrix+SVD+KNN,513713.09886243276,0.07181720541358041,1.0704313327625845,230928.86034600335,105.80682838715778,0.5087607956546814,20
100,20,Temporal_Matrix+SVD+KNN,596124.9615206285,0.043678882590026474,1.1462813866414276,247138.38377051224,109.7599914950682,0.47187490427875023,20
100,30,Temporal_Matrix+SVD+KNN,664680.1250742305,0.04870201219050408,1.263187506207511,262266.4187677513,117.76469534145839,0.416723048967535,20
100,40,Temporal_Matrix+SVD+KNN,649278.9714549547,0.047573548824414974,1.24376567357448,267293.4916171577,124.09817622608857,0.4171634790951255,20
190,10,Temporal_Matrix+SVD+KNN,149491.96696977015,0.08284133838990691,2.1429552842059136,70680.89917332814,16329.928448411027,0.0641125960770429,20
190,20,Temporal_Matrix+SVD+KNN,153837.82179488626,0.08524960444900329,1.9744534467132637,77015.62106080269,7768.811243966951,0.059030555498905124,20
190,30,Temporal_Matrix+SVD+KNN,163435.71143812872,0.09056829842220931,2.080250732640223,81418.57617773711,6071.024543784359,-0.02238262480289821,20
190,40,Temporal_Matrix+SVD+KNN,146108.10987977864,0.04539847584533101,1.903895808913461,61959.78083566964,8774.823541293632,0.2196448374151213,20
140,10,Temporal_Matrix+SVD+KNN,354239.1920127173,0.10440934334320338,1.4989030954584759,147009.44142650673,1013056.1783999418,0.6704686296525584,20
140,20,Temporal_Matrix+SVD+KNN,439747.632114385,0.10305058041525152,1.6967463257191144,199579.24707934298,1814561.0276549065,0.5395217133296877,20
140,30,Temporal_Matrix+SVD+KNN,441307.3459601201,0.1034160841845655,1.7478292873343908,205142.99383587335,2079230.7543903142,0.5065562771423264,20
140,40,Temporal_Matrix+SVD+KNN,444520.6478080615,0.1041690902187029,1.805357243040904,205055.79258529597,2024233.0890933608,0.480768455026085,20
45,10,Temporal_Matrix+SVD+KNN,498338.8965189239,0.08073097891541359,1.144561945423542,241596.44073540816,1145.3870447701868,0.6394515736193191,20
45,20,Temporal_Matrix+SVD+KNN,546515.8631239783,0.06368053155432059,1.1383590657466183,260184.85999012907,941.3156156326185,0.6161871768608922,20
45,30,Temporal_Matrix+SVD+KNN,601367.5375154695,0.05937325383041336,1.2589840179484542,278314.77066151245,1158.5625305194335,0.5526893274065119,20
45,40,Temporal_Matrix+SVD+KNN,621013.2939283459,0.059610874308069696,1.300521334790221,289707.518439454,1165.9638954908332,0.5274615842313298,20
156,10,Temporal_Matrix+SVD+KNN,1957752.6193459115,0.06590027208277517,0.6126612210609735,1264717.0726607214,55.248001438688874,0.2439276439633321,20
156,20,Temporal_Matrix+SVD+KNN,1970186.9237892926,0.06516942693412123,0.6042834012587084,1169014.3599053526,48.8200493366475,0.28800071206789746,20
156,30,Temporal_Matrix+SVD+KNN,1939110.3830028623,0.06409508074980778,0.5984052196514158,1165714.363903341,49.06163270637667,0.27146020976000484,20
156,40,Temporal_Matrix+SVD+KNN,1911286.1158280661,0.06317538135208137,0.5932699450771383,1176431.631758641,50.720618518158076,0.26841855671315096,20
277,10,Temporal_Matrix+SVD+KNN,32620.410815071227,0.06973897564052417,6.749452919814338,8973.637361439067,8726.165709945682,-0.4710174017247777,20
277,20,Temporal_Matrix+SVD+KNN,132894.12919703647,0.034182341978341434,12.995698161001338,13967.603903048794,16243.750056974455,-0.016243726437376038,20
277,30,Temporal_Matrix+SVD+KNN,113167.1149279505,0.02910826118913111,13.09656839308242,14643.729880998826,13280.359133843976,-0.06006615246112412,20
204,10,Temporal_Matrix+SVD+KNN,671826.8682698107,0.05482479930792439,3.3550495527189046,150472.5684745418,355.31261879315855,0.2754443775897668,20
204,20,Temporal_Matrix+SVD+KNN,1032043.0754604592,0.03670527687527057,4.3042876624477024,189062.80650860755,369.7208613616112,0.18581765165513242,20
204,30,Temporal_Matrix+SVD+KNN,1360470.2859823515,0.03450120178418803,5.255050840946437,211429.26250408398,420.35805204750966,0.09345671089025376,20
204,40,Temporal_Matrix+SVD+KNN,1306608.509205911,0.03313527997893739,5.27146160261261,205211.44708588452,447.1017377110516,0.10709902280445893,20
88,10,Temporal_Matrix+SVD+KNN,1042203.3531376382,0.09332247263053484,0.7913061150413803,675910.010687053,882.7806376836359,0.5892371496076205,20
88,20,Temporal_Matrix+SVD+KNN,1140165.8504888993,0.08443113927548743,0.8406517523480653,733178.0642604781,924.2849171902728,0.5160731505213065,20
88,30,Temporal_Matrix+SVD+KNN,1167937.6829902998,0.083876016698872,0.8620397099555636,748870.7115745904,1073.9174100746054,0.482220987687765,20
88,40,Temporal_Matrix+SVD+KNN,1256570.2118716254,0.0700417185487701,0.9099369958275862,775321.0528410404,1045.793388509212,0.44499647467435033,20
202,10,Temporal_Matrix+SVD+KNN,1222597.2392549978,0.056105397728315826,2.793796087456977,361899.44434934214,383.2152139443038,0.021832559518039973,20
202,20,Temporal_Matrix+SVD+KNN,1249601.2575239867,0.05023426599659245,2.7827029940826264,376350.2585987331,479.4770943897788,0.03077628801812904,20
202,30,Temporal_Matrix+SVD+KNN,1121654.5189941789,0.04509077685715434,2.6183908639046662,361013.34408058773,608.0833235728461,0.062016677379880036,20
202,40,Temporal_Matrix+SVD+KNN,1065932.688197801,0.042850664475331035,2.485327570169647,359647.8502671231,669.0496576670387,0.08362254851758644,20
63,10,Temporal_Matrix+SVD+KNN,485873.79180606053,0.07227617710954506,1.5053003704207122,203095.30923001323,1228.0732380291377,0.5918655231785241,20
63,20,Temporal_Matrix+SVD+KNN,508087.0527850743,0.07557717447164061,1.4017210207321087,221916.1437991055,1959.0506967052963,0.5836305622703201,20
63,30,Temporal_Matrix+SVD+KNN,523542.3306052708,0.07787612348425947,1.4357786457509454,239306.5315558666,1953.6462939984788,0.5529755958256637,20
63,40,Temporal_Matrix+SVD+KNN,520948.9387078532,0.07749036039340705,1.4541293939826536,241946.71790013925,1901.3414665096175,0.5354541530444636,20
151,10,Temporal_Matrix+SVD+KNN,323323.6793349422,0.11025882680543407,1.325924674756214,147222.20217639016,1146.6023053666079,0.6493775962705916,20
151,20,Temporal_Matrix+SVD+KNN,368391.94843551004,0.09347701487211975,1.3250784587259976,176613.5966175998,1141.9004802313616,0.6001500878895433,20
151,30,Temporal_Matrix+SVD+KNN,403360.15843767585,0.09465435914949943,1.4210447595853217,193724.00015218338,1186.246605506097,0.5533575121432179,20
151,40,Temporal_Matrix+SVD+KNN,428352.9180762402,0.06597171582247098,1.5195206035612971,200595.10784688135,1234.034026023528,0.5061089419399842,20
210,10,Temporal_Matrix+SVD+KNN,571686.2369032222,0.08288575818498065,1.2478458323783659,266966.77309774276,99.58858232720007,0.3059252127338682,20
210,20,Temporal_Matrix+SVD+KNN,570574.3810550693,0.05512634352439013,1.2104125749119325,263766.1743366939,95.4696555061264,0.296755529983908,20
210,30,Temporal_Matrix+SVD+KNN,536494.7146591956,0.05183371865493561,1.1510491045702882,260007.2419251457,99.04866460784922,0.3115015829039053,20
210,40,Temporal_Matrix+SVD+KNN,516995.09676537185,0.04994975282979365,1.1218174519977329,257596.2790875292,103.83185315099463,0.31929105931116974,20
168,10,Temporal_Matrix+SVD+KNN,1564387.7895557235,0.08569844177847967,0.6490859523117198,957781.0840418995,55.518340508652095,0.24924200722868006,20
168,20,Temporal_Matrix+SVD+KNN,1575957.6732123897,0.08607178899214421,0.637875439858487,957073.5788243352,55.99633300285139,0.2581196774934935,20
168,30,Temporal_Matrix+SVD+KNN,1626027.9945108527,0.08880640693450653,0.6545721137099881,989292.4764251856,55.87808394259029,0.22125443307516823,20
168,40,Temporal_Matrix+SVD+KNN,1672865.9867464302,0.08188216481724617,0.6752515170884464,1011865.6962079831,57.1367401555768,0.19478651846530504,20
145,10,Temporal_Matrix+SVD+KNN,377708.10679843335,0.07162518052292062,0.930795802977124,198169.60958270548,285.2720515778322,0.7001483356049852,20
145,20,Temporal_Matrix+SVD+KNN,413156.4789990912,0.0782945587302512,0.9058769028573119,223919.92522813598,276.9995617512118,0.6735702528780907,20
145,30,Temporal_Matrix+SVD+KNN,473462.8365480639,0.08576100953614543,1.0285749087121068,251913.72620590546,294.027428543713,0.5908539743568315,20
145,40,Temporal_Matrix+SVD+KNN,514687.9679808884,0.07584726054817266,1.1206632432068375,272790.61193928734,336.80458128493467,0.5289538790673329,20
60,10,Temporal_Matrix+SVD+KNN,2207551.654751812,0.07141764857472588,0.6002109694105294,1357567.9517876585,53.45068048875662,0.3504516521924349,20
60,20,Temporal_Matrix+SVD+KNN,2070335.4710288513,0.06675733701872351,0.5564858851507606,1337808.018030313,56.378278214417975,0.3679196919240941,20
60,30,Temporal_Matrix+SVD+KNN,2098217.116380221,0.06762251899747047,0.5556123926937245,1369030.7355020712,57.19753348170068,0.3511638719454623,20
60,40,Temporal_Matrix+SVD+KNN,2120472.68904119,0.06833247316402721,0.5618248853913029,1398008.4835482042,59.97405316378077,0.3310010578509719,20
280,10,Temporal_Matrix+SVD+KNN,74.01392989547666,0.04011691754449309,10.135221526043393,7.268243388369699,164.38376525443906,-0.049095373318870816,20
280,20,Temporal_Matrix+SVD+KNN,62.55999091803447,0.03390867098649231,8.99552311428554,5.852921781844756,125.56117079935787,-0.020217324161236228,20
280,30,Temporal_Matrix+SVD+KNN,78.4806471305457,0.02916479443659093,10.408116992384675,6.169998348693147,116.3881996096241,-0.008208444254127034,20
280,40,Temporal_Matrix+SVD+KNN,86.42100900827457,0.031660789286896494,11.01698150289522,6.282465933135345,115.15169130354026,-0.002948952065820576,20
243,10,Temporal_Matrix+SVD+KNN,254367.81442205983,0.08972704775047573,1.2278523543099513,117797.90301647417,385282.30649230286,0.5855382632195092,20
243,20,Temporal_Matrix+SVD+KNN,277757.2334313086,0.09797755369368077,1.281124216936428,136297.65086468775,1273027.97311699,0.5501645007396526,20
243,30,Temporal_Matrix+SVD+KNN,300763.65950757125,0.09006971864447925,1.4174053500853472,155370.4745826988,2222349.1960189813,0.4571505312078292,20
243,40,Temporal_Matrix+SVD+KNN,322005.1813872951,0.07426635799243446,1.5351140641301162,173054.4063837198,3136026.6635327362,0.3857484450775226,20
211,10,Temporal_Matrix+SVD+KNN,880764.7614354539,0.05715892812195228,2.2788734963938846,395547.16705557035,1441.586062485435,-0.02491703225269748,20
211,20,Temporal_Matrix+SVD+KNN,884325.3101381526,0.05738999679804302,2.1410492048442196,418968.7121875646,1505.2675578929452,-0.028243901239717983,20
211,30,Temporal_Matrix+SVD+KNN,906700.8476637794,0.05605156887891715,2.2359312627178967,412993.58651433507,1401.7549891118429,-0.04623341880210563,20
211,40,Temporal_Matrix+SVD+KNN,851169.357009508,0.052618653622052786,2.134068575153958,405537.03094515554,1351.0326119196477,-0.05658614872184309,20
111,10,Temporal_Matrix+SVD+KNN,837138.0038868687,0.06808064273588388,1.0023833372707374,516953.7576818955,777.1317769030821,0.23277618890847818,20
111,20,Temporal_Matrix+SVD+KNN,871072.1704129213,0.05737761898157194,1.0277795777988283,533541.9910155745,507.93291805803176,0.20056576153354388,20
111,30,Temporal_Matrix+SVD+KNN,919586.0345010365,0.06057323250651339,1.0825483152014619,576551.9421096499,487.219531943905,0.1668855554482488,20
111,40,Temporal_Matrix+SVD+KNN,896808.4792493292,0.05907287245489489,1.0630082481345822,569979.539981438,421.2819715091301,0.18142414485183,20
102,10,Temporal_Matrix+SVD+KNN,422972.46957480884,0.056115648297791976,1.969394212965964,140183.7174840893,401.95138041162863,0.39222273875539626,20
102,20,Temporal_Matrix+SVD+KNN,407136.03081552056,0.05400984682778454,1.8284356387621847,146887.20612653258,449.7934360592348,0.3826511117402436,20
102,30,Temporal_Matrix+SVD+KNN,387363.68326586706,0.051386886977133575,1.7542772528846193,151941.32270065363,505.1741995896442,0.3943111074989303,20
102,40,Temporal_Matrix+SVD+KNN,369424.1067140611,0.04900705884014075,1.724828179595893,152602.4797255457,561.9077447284649,0.3926610469408073,20
274,10,Temporal_Matrix+SVD+KNN,159655.4637851001,0.09775499913467495,4.034213076558722,56904.64745172066,15280.04694950985,-0.21738451358959,20
274,20,Temporal_Matrix+SVD+KNN,130662.80846066095,0.08000308032832235,3.4751924633667106,58757.78071906697,21704.946090469904,-0.09755758765573286,20
217,10,Temporal_Matrix+SVD+KNN,282515.2895301365,0.07485543165418738,2.0932502574069143,89917.22283588503,1325.6143790399894,0.4425571595649973,20
217,20,Temporal_Matrix+SVD+KNN,284465.5403082714,0.0753721360208024,2.180677283001131,95991.16267871954,4546.509604928637,0.3330008692070566,20
217,30,Temporal_Matrix+SVD+KNN,368686.10582922696,0.0526597655438302,2.683654437127547,108175.36948413959,5527.096627576422,0.22650530501903265,20
217,40,Temporal_Matrix+SVD+KNN,356283.1527297299,0.05088824068313158,2.670875453188266,108175.07190703295,7360.597199486324,0.22076854539962587,20
142,10,Temporal_Matrix+SVD+KNN,617045.9920178314,0.044325226881757024,3.1377569741449176,135613.90443926115,92.87155597847159,0.054733315296012774,20
142,20,Temporal_Matrix+SVD+KNN,468086.62317017507,0.033623657825795836,2.6085185636013395,135843.21005085998,144.789280339817,0.023702614591555204,20
142,30,Temporal_Matrix+SVD+KNN,422214.1466887728,0.030328540263182237,2.4506779329063435,132795.50711582782,147.41168066530898,0.021136347488557083,20
142,40,Temporal_Matrix+SVD+KNN,490781.3940579788,0.035253871493510336,2.670937331049675,133566.45499136258,129.30975637060226,0.02149196681370369,20
275,10,Temporal_Matrix+SVD+KNN,32.131604987616,0.12749400185543905,0.4169315933489556,23.544380529181897,34.51128235820158,0.016712203357965083,20
275,20,Temporal_Matrix+SVD+KNN,31.617892952750125,0.12319619562336073,0.4205372493044622,24.155927441870595,39.44296884067494,0.004498764240793984,20
275,30,Temporal_Matrix+SVD+KNN,31.363484207397047,0.12220491547677888,0.41829031607140643,24.165819747069047,38.964029992358654,-0.013014802164920347,20
275,40,Temporal_Matrix+SVD+KNN,31.839851414909578,0.12406103624273154,0.4228368290964364,24.59745567432383,39.212822562072816,-0.035722266654181656,20
234,10,Temporal_Matrix+SVD+KNN,708937.2496497156,0.09641427402339982,0.9063185643184648,384105.91759815963,72.6845908055429,0.20079525374128127,20
234,20,Temporal_Matrix+SVD+KNN,688121.2885594298,0.09357350844990836,0.8702717349550766,381097.82027382584,83.64354169400005,0.21252609109458065,20
234,30,Temporal_Matrix+SVD+KNN,712262.1726921868,0.09134872560069544,0.8896362201043362,386826.73282430496,77.64796845915724,0.1812618162774685,20
234,40,Temporal_Matrix+SVD+KNN,708562.2981262996,0.09086415906958994,0.8900442113191323,412276.5662780053,106.4333857501306,0.16191258400994613,20
219,10,Temporal_Matrix+SVD+KNN,658761.8426550998,0.08076171125326514,1.3349334844936853,304004.3537769509,867.7863815997243,0.33552659042854827,20
219,20,Temporal_Matrix+SVD+KNN,664627.4480475184,0.08148081229761042,1.3318127178986954,374411.73550091987,1037.507382365262,0.18295068423106808,20
219,30,Temporal_Matrix+SVD+KNN,683433.0711933292,0.07345284102461715,1.3589741717010857,382521.649344192,1018.8384334563419,0.17766905215504813,20
219,40,Temporal_Matrix+SVD+KNN,692035.5798335156,0.07437740661295954,1.400280593322527,397957.3547685307,1113.1782564535552,0.10558714090888488,20
92,10,Temporal_Matrix+SVD+KNN,774692.1363791096,0.03916878145905966,9.298548209262071,83369.84624517316,2259.4978157551127,0.010472335208515426,20
92,20,Temporal_Matrix+SVD+KNN,543232.9124344006,0.027466099408163955,7.321277918833829,72829.70108427688,2586.8380586651865,0.026606814161481807,20
92,30,Temporal_Matrix+SVD+KNN,459035.83151135914,0.023209057278396564,6.397230947348386,72019.19753801223,2877.2225620958816,0.032664579149100925,20
92,40,Temporal_Matrix+SVD+KNN,406220.8103941626,0.02053867922511192,5.867460278573151,70180.52866818976,3198.0357150666546,0.03983235558560694,20
47,10,Temporal_Matrix+SVD+KNN,108.17327579015802,0.1119685106638369,1.39015345734641,39.73090422176093,43.687746376185274,0.0361064814849289,20
47,20,Temporal_Matrix+SVD+KNN,100.77426132195392,0.10430990344931478,1.3460754290886567,37.32089769430462,44.124228582477635,0.043891527591986335,20
47,30,Temporal_Matrix+SVD+KNN,99.58247978757096,0.09218456594332373,1.3406599410531843,37.48407899904596,44.35909625357007,0.03721698624776271,20
47,40,Temporal_Matrix+SVD+KNN,99.10619172774379,0.09149896756443653,1.3313932532793051,37.73548179136031,45.30294392859004,0.03690950158913542,20
42,10,Temporal_Matrix+SVD+KNN,304459.8593733969,0.0946708756529212,1.4912129296312777,145591.70386410021,350.56851406432367,0.4601016316332217,20
42,20,Temporal_Matrix+SVD+KNN,329496.8408285167,0.0833314798410793,1.4111763076469015,156007.21797486604,367.27150919876135,0.4961430328297868,20
42,30,Temporal_Matrix+SVD+KNN,335866.30003643525,0.06383807081031119,1.3950198717145559,150586.56048549444,325.63170420341874,0.521278797866723,20
42,40,Temporal_Matrix+SVD+KNN,362331.38498398795,0.06886828660361792,1.5177594539643462,168493.43696719003,376.3315107739505,0.43471898874207016,20
261,10,Temporal_Matrix+SVD+KNN,212250.93085984918,0.10919768128483337,1.397071028465237,141184.10513213289,390.9966545610449,0.06162837636821028,20
261,20,Temporal_Matrix+SVD+KNN,238628.20612271182,0.09062424617862405,1.4878507177595255,148678.36186649802,450.93869403214023,0.015272198335644638,20
261,30,Temporal_Matrix+SVD+KNN,245060.18836369386,0.09306693118847385,1.5310405487607661,149799.3118957721,446.8736354742524,-0.01449748338751422,20
261,40,Temporal_Matrix+SVD+KNN,249597.8069027861,0.09479019042187696,1.5716953913606828,153694.53051911964,464.25629170681555,-0.05951635010939982,20
283,10,Temporal_Matrix+SVD+KNN,2.681549560452686,0.15873418866136657,0.7471769864637094,2.0392424082260767,101.83770967333075,-0.21809223131907496,20
283,20,Temporal_Matrix+SVD+KNN,2.596972756485091,0.1537276690894884,0.7092489367599661,1.8644958986603613,81.62337940371324,-0.025123522682320543,20
283,30,Temporal_Matrix+SVD+KNN,2.6585250746752607,0.1573712554069807,0.7130349918217422,1.8922709937074171,78.47500611057525,-0.03935968746653273,20
72,10,Temporal_Matrix+SVD+KNN,150522.6064700411,0.08770882110983712,1.6400351608017547,64201.575954958505,6883.069807252782,0.5145313762752115,20
72,20,Temporal_Matrix+SVD+KNN,178145.39840520866,0.05579428112644427,1.7105984867547497,75811.86937350247,8876.642655032567,0.4744557295512789,20
72,30,Temporal_Matrix+SVD+KNN,190268.80402739317,0.05959127340101038,1.8206012344513547,81262.65002507807,8583.064672848692,0.4137586087787233,20
72,40,Temporal_Matrix+SVD+KNN,193306.75308459243,0.06054270203008376,1.8793978566243428,84187.51684565851,9763.458942953537,0.38021931781958695,20
1,10,Temporal_Matrix+SVD+KNN,51608047.16250696,0.07202723902995523,0.44660188326955175,25296581.357834265,24.403099023444906,0.5035509824805786,20
1,20,Temporal_Matrix+SVD+KNN,49328798.41341511,0.06483395362839454,0.4219582513450499,25130905.41187021,24.87036598247511,0.5060974404379142,20
1,30,Temporal_Matrix+SVD+KNN,57116257.63275468,0.04062070703784885,0.4873469492123257,26999283.558069088,26.456748181463112,0.4242382059161547,20
1,40,Temporal_Matrix+SVD+KNN,58320363.283912346,0.041477059063095054,0.4952228395249325,28860587.21964916,27.67279566830279,0.3916704238780634,20
229,10,Temporal_Matrix+SVD+KNN,909378.194062309,0.07462420041664058,0.8758096568893855,453414.3272629838,65.75793196186534,0.2285244951712977,20
229,20,Temporal_Matrix+SVD+KNN,958810.4243254238,0.0786249504239945,0.9043474637034352,556758.685681081,104.55544033505706,0.1568715803490205,20
229,30,Temporal_Matrix+SVD+KNN,1327246.3024446676,0.02827879357147274,1.2515817363342432,494782.63955589756,74.00420923514966,0.1107409111403258,20
229,40,Temporal_Matrix+SVD+KNN,1271862.9946790158,0.027098776626068216,1.1999913750957836,495836.0342850673,75.48238341586615,0.1111555770649616,20
250,10,Temporal_Matrix+SVD+KNN,148743.4858951067,0.0687481619393085,2.7060469806608936,51776.492134349806,4494.06254564252,0.11255388636196106,20
250,20,Temporal_Matrix+SVD+KNN,258951.84300723916,0.03926398035535617,3.994886808938432,95859.69953575634,20450.075345132274,-0.13807660552776246,20
250,30,Temporal_Matrix+SVD+KNN,230901.7225877389,0.03501083674252681,3.7680800795419316,92753.94652517287,21208.476320423266,-0.20423752994131772,20
250,40,Temporal_Matrix+SVD+KNN,208115.9223946669,0.03155590396131142,3.409163636309112,76167.81267505698,16352.877844615321,-0.00852294670106013,20
27,10,Temporal_Matrix+SVD+KNN,1723211.3789846096,0.12475116055729052,0.5754180936973351,1145285.8923841123,51.76609765964842,0.32579569086444404,20
27,20,Temporal_Matrix+SVD+KNN,1871373.3520656638,0.07048579409974785,0.6050461949819017,1172524.8677467904,52.765965560312914,0.31161899893874445,20
27,30,Temporal_Matrix+SVD+KNN,1874838.9970449253,0.07061632857495635,0.6040738155367916,1194125.2535266886,53.49720305804748,0.294023051885989,20
27,40,Temporal_Matrix+SVD+KNN,1920798.9391944613,0.07234742248821137,0.619046082809275,1224713.9288743676,54.94451410302346,0.25946015534188793,20
138,10,Temporal_Matrix+SVD+KNN,1365009.5316185642,0.11479806853004176,0.7442129724900621,902123.9924296396,144.08145428292235,0.4423672627573044,20
138,20,Temporal_Matrix+SVD+KNN,1497749.0334938308,0.10386622160539297,0.7820935176454941,1009068.421918238,154059.52069588072,0.35576519483783176,20
138,30,Temporal_Matrix+SVD+KNN,1529224.1964705652,0.10604896796656484,0.7916502473742429,1034436.6477477824,107933.86576053212,0.3335691141954451,20
138,40,Temporal_Matrix+SVD+KNN,1612010.5022534165,0.06670212764441176,0.8272926987841757,1068254.257406754,86685.09294772944,0.31710865520294507,20
128,10,Temporal_Matrix+SVD+KNN,1956467.598007508,0.0929967672384939,1.7574488835121977,953091.2425471654,327.6887485960005,0.024406080896940074,20
128,20,Temporal_Matrix+SVD+KNN,2158476.9436064097,0.060213305242354145,1.8366674123112088,1012193.8791725625,342.3001120732164,-0.007440291221004092,20
128,30,Temporal_Matrix+SVD+KNN,2599818.4530418697,0.057840333994887146,2.082367752003762,1093922.6128510614,350.1181875872282,-0.005897213878472529,20
128,40,Temporal_Matrix+SVD+KNN,2480859.0578896445,0.0551937449073361,2.0211023387914677,1089408.8480757715,364.7219847593932,-0.0037424406644765984,20
119,10,Temporal_Matrix+SVD+KNN,4480067.918966754,0.08652554553328282,0.37743770058570114,2966479.7166768415,28.70009802250179,0.4243443942936257,20
119,20,Temporal_Matrix+SVD+KNN,4803097.13687269,0.09143746871135472,0.3928290592802665,3113594.573384098,29.148819779343548,0.39111846303693,20
119,30,Temporal_Matrix+SVD+KNN,4788111.576753773,0.09115218576881823,0.3907532317316392,3163596.418549579,29.480061070545393,0.38154686556055684,20
119,40,Temporal_Matrix+SVD+KNN,4874630.226662782,0.08242847733459394,0.3980307602528559,3242363.8932285504,30.238289450733387,0.35356371969656886,20
154,10,Temporal_Matrix+SVD+KNN,218151.07941603148,0.06281595579131956,1.6406346137732595,87832.02210873307,230.4598726720143,0.39965265905093994,20
154,20,Temporal_Matrix+SVD+KNN,296072.3395135369,0.03890879512051542,1.9531885454943674,104364.50303556999,254.3563066260827,0.27676235496636803,20
154,30,Temporal_Matrix+SVD+KNN,285490.08247491985,0.03751719177933877,1.9137789933296452,108915.43184896649,301.93523897519253,0.24910401945960092,20
154,40,Temporal_Matrix+SVD+KNN,291178.90319537465,0.03826477844195543,1.9866551015322576,109992.21696279298,321.2930478890927,0.22384681692702757,20
257,10,Temporal_Matrix+SVD+KNN,905370.3551524288,0.04124046351961104,4.691730681500096,205922.41887820087,2311.7118952835094,0.012650291724255691,20
257,20,Temporal_Matrix+SVD+KNN,683030.3183666518,0.031112491276115286,3.59418790052902,196325.2105718403,2179.0219680481596,0.014106465425007264,20
257,30,Temporal_Matrix+SVD+KNN,588024.9817817695,0.026784934173306213,3.267325802047311,185488.74219543868,2201.5260357825946,0.01785778634453028,20
257,40,Temporal_Matrix+SVD+KNN,532932.5405972769,0.024275425712251077,3.114094483504746,181232.52150144344,2407.315141025454,0.014350065080344865,20
31,10,Temporal_Matrix+SVD+KNN,1943614.0518662382,0.09226389856510739,0.4832046880750338,1217973.059173416,2664221.0593221355,0.5174795457716495,20
31,20,Temporal_Matrix+SVD+KNN,2106682.858175395,0.06778605282687536,0.5164991299533197,1294794.3625079112,4148122.9254250443,0.49184008148043457,20
31,30,Temporal_Matrix+SVD+KNN,2292199.2941127513,0.07375535517245711,0.5554056935381523,1412028.233515218,4712864.322384851,0.41903146382893974,20
31,40,Temporal_Matrix+SVD+KNN,2341672.208925621,0.07534722914816755,0.5695539853562523,1470133.5160360925,5042246.59385198,0.37909319886420156,20
163,10,Temporal_Matrix+SVD+KNN,683902.5030057203,0.048686113623378685,4.909310268867477,126893.37607648899,803.7834240145514,0.02007972482528808,20
163,20,Temporal_Matrix+SVD+KNN,633912.0747560912,0.04512736122936611,4.574500605280628,119408.50442005618,800.9786326109655,0.03531536479151387,20
163,30,Temporal_Matrix+SVD+KNN,659979.8844158887,0.04698303814468299,4.720076318061932,144891.78293923187,4908.501831905955,0.0004638099232092685,20
163,40,Temporal_Matrix+SVD+KNN,587683.0361682154,0.041836327374903934,4.526383537121102,135418.84406527362,3704.020425512725,-0.0024651411635840947,20
126,10,Temporal_Matrix+SVD+KNN,1044923.5035813138,0.082947572473271,0.5336238592217657,721288.0511462161,60.64381880921266,0.36312127854756027,20
126,20,Temporal_Matrix+SVD+KNN,1155206.4178835468,0.0912437903920572,0.5669508990464134,782014.9245345,8564.21367122829,0.3061577247854016,20
126,30,Temporal_Matrix+SVD+KNN,1242540.8428154541,0.09215524738825688,0.6026827739684448,829383.7203468021,9097.785205935714,0.2761428332322412,20
126,40,Temporal_Matrix+SVD+KNN,1303915.8722884352,0.07426059216058746,0.6303446769928712,852282.6373623784,9477.146916477692,0.2533550747923966,20
56,10,Temporal_Matrix+SVD+KNN,9190564.176251628,0.10718355308563791,0.4123920339081254,6073596.616910741,40.20170759637303,0.7087724265704476,20
56,20,Temporal_Matrix+SVD+KNN,9582515.025763333,0.11123057491170078,0.4263004656799649,6529909.796678172,45.08701409542218,0.6713405205671985,20
56,30,Temporal_Matrix+SVD+KNN,10005980.204827625,0.11614601466794112,0.44714886994951786,6966588.45606489,47.88627608142301,0.6287448068964785,20
56,40,Temporal_Matrix+SVD+KNN,10888944.980351636,0.11601648854290175,0.4828931878181785,7626684.002124901,50.64924227050467,0.5760340654907257,20
253,10,Temporal_Matrix+SVD+KNN,197882.07965588264,0.048001106805693694,2.9485394547336155,66398.09087052775,2897.0157746917475,0.028306980163480766,20
253,20,Temporal_Matrix+SVD+KNN,164699.82226129598,0.039951943970830475,2.386804323261809,67120.12866545128,2714.047883149682,0.0365922821050626,20
253,30,Temporal_Matrix+SVD+KNN,148068.9945294937,0.03591773258792215,2.238049813634845,66268.18425354573,2529.3867608437713,0.01896909629936272,20
253,40,Temporal_Matrix+SVD+KNN,141618.0589976507,0.03435289931075013,2.1756533065850316,67496.89162919986,2690.3862486853905,0.013756316635283539,20
242,10,Temporal_Matrix+SVD+KNN,192867.01569216407,0.1301132525820884,4.532652748477682,81318.30421725559,193615.56552884716,-0.8807212326648011,20
242,20,Temporal_Matrix+SVD+KNN,350943.57464501524,0.03323641576584105,6.6143853885744495,90395.40972000448,208464.430250074,-0.21766174244924508,20
242,30,Temporal_Matrix+SVD+KNN,473178.6185322138,0.037727202774218836,7.139769623186825,100685.23212766043,145001.99853421113,-0.08365151292142303,20
242,40,Temporal_Matrix+SVD+KNN,511293.38570122054,0.03289765503727458,7.443146016562591,88735.73556841782,96059.68633780358,-0.023271107101376032,20
8,10,Temporal_Matrix+SVD+KNN,171703.2372030537,0.10370161501254946,1.780039394057024,79295.48831109333,45273.16589809295,0.33881575015770093,20
8,20,Temporal_Matrix+SVD+KNN,209720.43974784264,0.07693167688537589,2.0980346025576257,91402.9240270249,53770.33307518128,0.23917275185448206,20
8,30,Temporal_Matrix+SVD+KNN,209240.0339423407,0.07675543927709899,2.1450246339274037,101232.90045446587,54234.26639864209,0.18549832535147825,20
8,40,Temporal_Matrix+SVD+KNN,210483.9364174554,0.0772117395323437,2.216375898680492,108033.45289526843,64233.63415729386,0.14384240305974427,20
221,10,Temporal_Matrix+SVD+KNN,157247.7709786349,0.08380459067902342,1.3198133931713962,79422.42912708186,710.2874019909389,0.43696136004253894,20
221,20,Temporal_Matrix+SVD+KNN,171535.9162558923,0.0914194023807783,1.292244814179455,89528.58995327819,967.9571117313204,0.3991892155626572,20
221,30,Temporal_Matrix+SVD+KNN,229730.61973284214,0.03290292475951325,1.6809820892598122,86081.18933696156,829.9311323767828,0.31996383645786775,20
221,40,Temporal_Matrix+SVD+KNN,235697.4702447729,0.033757520606047045,1.7280497825734584,89410.17923067445,689.0281931619452,0.2840122352499085,20
218,10,Temporal_Matrix+SVD+KNN,481723.0848955372,0.10091360522996044,0.8326661041269618,278532.74016197224,102.70297130528728,0.08703848173116413,20
218,20,Temporal_Matrix+SVD+KNN,509091.5210950437,0.06636077106542038,0.8530930147216113,290206.4467121009,123.76157285174874,0.07106130495418717,20
218,30,Temporal_Matrix+SVD+KNN,492146.16206381185,0.06415192050575255,0.8280507981042637,288975.6158179121,109.62063035684204,0.04521288434351489,20
218,40,Temporal_Matrix+SVD+KNN,504004.37493675476,0.06569765465589857,0.8487328460206673,293996.9984400078,109.4682680165288,0.02308390123525006,20
235,10,Temporal_Matrix+SVD+KNN,242429.22772789755,0.10465630253426582,1.010443566126617,125661.10200297808,167.80909505479698,0.6371114782841703,20
235,20,Temporal_Matrix+SVD+KNN,273363.6100196234,0.07321462515949403,1.0574165976288368,136538.02453095122,188.64948080262377,0.5874280976942782,20
235,30,Temporal_Matrix+SVD+KNN,284731.32067906106,0.07625144766183639,1.118139110257394,146118.0476702854,220.39498330591368,0.5416039581765557,20
235,40,Temporal_Matrix+SVD+KNN,288266.9137365394,0.07719828444934858,1.1674425702895088,149202.3895466218,222.63796479567043,0.5021562242109229,20
184,10,Temporal_Matrix+SVD+KNN,902569.7119441677,0.07241587543857665,1.1578720043503563,486297.20265426446,178.33783925116077,0.20765778278549574,20
184,20,Temporal_Matrix+SVD+KNN,956404.297469257,0.07056801528968855,1.1293309524404553,499223.69625514804,175.3803207070238,0.23117430348367918,20
184,30,Temporal_Matrix+SVD+KNN,943499.6894011192,0.06961395014800663,1.1041959527116836,507364.3236193159,177.5184829315188,0.24654580546596871,20
184,40,Temporal_Matrix+SVD+KNN,959131.0700960158,0.07076727554775292,1.1174038143255085,521631.4940599663,177.93226916930686,0.24382202510942974,20
69,10,Temporal_Matrix+SVD+KNN,1382488.1440825048,0.09077865466066187,0.632678202891049,769751.9902163232,64.28000333807037,0.7078986506279086,20
69,20,Temporal_Matrix+SVD+KNN,1521703.3025402944,0.062444331320039397,0.6465757732100097,850846.490535046,74.86544834197083,0.6891423630093374,20
69,30,Temporal_Matrix+SVD+KNN,1624476.6810678435,0.0666254938412284,0.6777229951908164,923111.6682385105,82.63593983232711,0.6490218549423474,20
69,40,Temporal_Matrix+SVD+KNN,1670864.7307263904,0.06852803067222833,0.7002439037055732,964084.4235153344,87.71638578319258,0.6289127272426133,20
207,10,Temporal_Matrix+SVD+KNN,435992.3560450013,0.05938811189083369,2.2995534817436534,132225.90280235335,893.3391368400247,0.345295082119929,20
207,20,Temporal_Matrix+SVD+KNN,365555.1049118953,0.049792601650710706,1.922471699759592,132108.91509688387,18975.807294627124,0.40679550636263984,20
207,30,Temporal_Matrix+SVD+KNN,347697.99208901846,0.0473602631633883,1.863909830063733,134861.3305957785,43149.15809863453,0.41497799093407206,20
207,40,Temporal_Matrix+SVD+KNN,333526.83716505463,0.04542999712274852,1.8361858423679935,136262.93850437592,35627.389091562,0.41610746843029367,20
26,10,Temporal_Matrix+SVD+KNN,814738.6060253911,0.09701796511772985,0.6607188898282006,504673.60089181614,63.856530605841996,0.7051228778273683,20
26,20,Temporal_Matrix+SVD+KNN,1046154.0267903176,0.11891379466747187,0.8362127348404964,568256.9839555549,63.092219346044764,0.5239055605300276,20
26,30,Temporal_Matrix+SVD+KNN,1105577.608100645,0.09254411780985645,0.8969730857272513,586624.4408857923,60.53588407093425,0.4422398769719835,20
26,40,Temporal_Matrix+SVD+KNN,1246969.4302450672,0.10422723058455269,1.016287916912044,631072.0754206707,64.75613412711657,0.2928196679839149,20
76,10,Temporal_Matrix+SVD+KNN,803301.2669095679,0.08926999109389622,1.9254887419694933,315476.2000211629,555.859212438669,0.41732634370494404,20
76,20,Temporal_Matrix+SVD+KNN,860231.9269839756,0.08215492999225377,1.8613202474748969,340779.67063587887,577.5025423743831,0.3785364006037747,20
76,30,Temporal_Matrix+SVD+KNN,862318.5593983311,0.08235421013350822,1.9352932674520245,354856.2317783644,637.0240984339052,0.33467823063657787,20
76,40,Temporal_Matrix+SVD+KNN,838616.5964815278,0.08009059605104084,1.9235268312186349,354392.4704157515,688.8794669617916,0.3256849988632875,20
106,10,Temporal_Matrix+SVD+KNN,2850256.5132530895,0.05394720642185878,0.5061365569765521,1641084.1557782365,38.754717835096045,0.39456802882288755,20
106,20,Temporal_Matrix+SVD+KNN,2660550.633578969,0.05035661652139415,0.46648472715218803,1656263.2276967585,37.04037417419313,0.4011327040613405,20
106,30,Temporal_Matrix+SVD+KNN,2654181.9451692067,0.050236075458973836,0.463794657691834,1701316.9568832864,37.620245428562946,0.38475260947512646,20
106,40,Temporal_Matrix+SVD+KNN,2634002.167696437,0.0498197070382509,0.4619584631070993,1729508.9225429688,38.24737520974842,0.3699069736241932,20
199,10,Temporal_Matrix+SVD+KNN,587025.6338874914,0.11541884171281501,1.0391144800665204,302495.1401398894,231.43470232757514,0.4726302137711299,20
199,20,Temporal_Matrix+SVD+KNN,712328.6168121758,0.08087439559600099,1.2004568361480514,342829.80710805225,325.268350042385,0.3686666384544153,20
199,30,Temporal_Matrix+SVD+KNN,740243.3781234303,0.06980236258820634,1.235032218284712,354476.9665645623,348.19938129371246,0.3492880825042354,20
199,40,Temporal_Matrix+SVD+KNN,777352.467226924,0.07329959209546685,1.2897481479349715,369677.2840967371,391.04584948540656,0.3216278558166219,20
160,10,Temporal_Matrix+SVD+KNN,258885.5600483234,0.08480799994070898,2.1952326082153046,89172.40439335346,116.95244946422171,0.015390354898215164,20
160,20,Temporal_Matrix+SVD+KNN,280264.38786246453,0.044633880593753714,2.3195922856449482,107589.67762385146,182.75049587411328,-0.0302303459560489,20
160,30,Temporal_Matrix+SVD+KNN,322279.74880569143,0.051325093193920854,2.501534574528742,98201.71202480751,112.7000210754043,-0.020831263178351822,20
160,40,Temporal_Matrix+SVD+KNN,348342.71496565855,0.05547578578949202,2.5998859723394783,127230.0935324802,204.8252803187723,-0.0513927629470432,20
266,10,Temporal_Matrix+SVD+KNN,4.705209502315035,0.0677550168333365,0.5681474832873128,2.7393861909078274,41.97173896138513,0.29750178869126986,20
266,20,Temporal_Matrix+SVD+KNN,4.733382545458877,0.06750402945605928,0.5739013048954421,2.8319099813836734,46.09898074618471,0.28065864134860175,20
266,30,Temporal_Matrix+SVD+KNN,4.658760710084205,0.06643982758249008,0.5649027703054418,2.83685556969361,45.018011246585395,0.25900442228864295,20
266,40,Temporal_Matrix+SVD+KNN,4.599680677924845,0.06559727150491793,0.5581265432244612,2.83878609226238,44.41765171680624,0.237332482739797,20
55,10,Temporal_Matrix+SVD+KNN,4293051.669527661,0.09044491261029149,0.3685710136827564,2897236.3988818987,34.88179094432965,0.6861786218166919,20
55,20,Temporal_Matrix+SVD+KNN,4737045.968042447,0.09342884955565178,0.39318849959264723,3187710.529983814,38.214951002872255,0.647821836918073,20
55,30,Temporal_Matrix+SVD+KNN,5115656.016308118,0.08947297331455026,0.42170220011373216,3413073.1136442604,40.258048037945414,0.6036823480392506,20
55,40,Temporal_Matrix+SVD+KNN,5545625.994021829,0.05465005436658122,0.4539056025830712,3632157.0403966727,42.34634858257825,0.5552615131509329,20
122,10,Temporal_Matrix+SVD+KNN,535138.1495959178,0.05990419744524861,1.5775410652799158,291972.74941568845,367.34327979570514,0.01208607025278019,20
122,20,Temporal_Matrix+SVD+KNN,663476.0639021487,0.05125544763600989,1.8546535879456796,308465.58022720873,385.499803482151,-0.0012388371181060176,20
122,30,Temporal_Matrix+SVD+KNN,634236.284259561,0.04899487793028622,1.7853423966004733,307857.7100304359,387.0427344398279,-0.007805551507194197,20
122,40,Temporal_Matrix+SVD+KNN,607048.7297676184,0.04689463398869143,1.7275511187308852,309887.61062901263,397.2439432240422,-0.008962301319188626,20
139,10,Temporal_Matrix+SVD+KNN,1260797.2243430354,0.045250834727432014,2.3412910115615544,388123.6452599176,757.7993977951104,0.3382709230955989,20
139,20,Temporal_Matrix+SVD+KNN,1362305.3789958362,0.04889244572252701,2.2620353508395863,433950.77492840524,901.7851044111526,0.28908391608876727,20
139,30,Temporal_Matrix+SVD+KNN,1321297.5803668217,0.04742069673028029,2.2664905930444244,442300.90966178477,981.3724197829762,0.2637745988489796,20
139,40,Temporal_Matrix+SVD+KNN,1246888.979348842,0.04475020996376518,2.2038207726075303,444047.5639474951,1079.051228351537,0.2683820114581361,20
86,10,Temporal_Matrix+SVD+KNN,1662507.51313377,0.11300571561727528,0.9032637650933354,945179.7164197058,75624.79639838779,0.47820637280850664,20
86,20,Temporal_Matrix+SVD+KNN,1749859.5754900905,0.08934076785564055,0.94791664895605,959344.4511600686,111128.76265370664,0.44030055931760903,20
86,30,Temporal_Matrix+SVD+KNN,1724500.1368991488,0.08804601726660076,0.9482318250937041,978057.0266157025,89013.3651108514,0.42291417613468585,20
86,40,Temporal_Matrix+SVD+KNN,1742194.0024729099,0.08894939423036011,0.975769223629516,1021122.3079857099,96199.2290017623,0.39292657487555005,20
73,10,Temporal_Matrix+SVD+KNN,807334.8284231601,0.06210819209802411,1.4201644321758702,325536.60740268324,1273.3660491334294,0.6593357284692469,20
73,20,Temporal_Matrix+SVD+KNN,1239242.1772724723,0.04121988965973657,1.9259887738025498,381162.8897397119,865.1881589065501,0.4531857029644695,20
73,30,Temporal_Matrix+SVD+KNN,1189856.1146663532,0.039577172621835195,1.8675100495912988,406114.6884969382,793.6594543480422,0.4513473895543513,20
73,40,Temporal_Matrix+SVD+KNN,1144331.0882942425,0.03806291236369646,1.8290781851017714,415982.96743373334,839.3802567241345,0.452944596637467,20
161,10,Temporal_Matrix+SVD+KNN,355264.9336856837,0.0700746324681706,1.1894260082136172,150727.31606861635,483.7288096633361,0.7003892076860806,20
161,20,Temporal_Matrix+SVD+KNN,409070.71140950435,0.08068741776520527,1.2000135128199823,182167.3108479884,451.2407413945114,0.6565342473452119,20
161,30,Temporal_Matrix+SVD+KNN,453063.265543444,0.06826622623334486,1.3211064327325162,198482.47237888593,491.56350699992635,0.5978784468223965,20
161,40,Temporal_Matrix+SVD+KNN,455673.9338916188,0.06865959398048048,1.3655264991572502,205994.1350707847,517.7608232176151,0.5735508147302842,20
262,10,Temporal_Matrix+SVD+KNN,70.06555784739953,0.03842900641386951,1.180808414477247,12.420446266633082,20.003607632792885,0.03910160514482719,20
262,20,Temporal_Matrix+SVD+KNN,49.162180205190914,0.02682438348890177,0.8496547584308929,11.213812158312063,21.298451423633068,0.07103475955201755,20
262,30,Temporal_Matrix+SVD+KNN,41.07052790316285,0.022409331440710924,0.7115431754362209,11.380950046507264,22.078051781223838,0.09120984052501258,20
262,40,Temporal_Matrix+SVD+KNN,36.81588541976605,0.020087868863045203,0.6371286910655442,11.594917128594041,22.68990261892747,0.09943976754474537,20
159,10,Temporal_Matrix+SVD+KNN,251085.42468487142,0.09691708154868614,2.888148288539816,74516.16196428212,710.0759342278105,0.14262679359514585,20
159,20,Temporal_Matrix+SVD+KNN,341022.2132441221,0.04085401687431922,3.8034443864510994,80912.77293105915,933.0117418845765,0.06623217624321254,20
159,30,Temporal_Matrix+SVD+KNN,488711.1093061478,0.03913520962171436,4.73589418572456,121291.807653038,1890.5145650461272,-0.015166062437048877,20
159,40,Temporal_Matrix+SVD+KNN,444633.21904070163,0.035605153124862544,4.724827570925208,116589.89396348584,2036.249514594681,-0.04006592294052669,20
227,10,Temporal_Matrix+SVD+KNN,881637.7341432553,0.05879360747798602,2.200966292941395,275357.71342842706,159.9242969824131,0.002043316152248953,20
227,20,Temporal_Matrix+SVD+KNN,707585.5498523136,0.047178360782279015,1.8037694374821025,275271.8761297602,185.99490439792623,-0.011255796938376195,20
227,30,Temporal_Matrix+SVD+KNN,723477.9657304637,0.04823798972772297,1.7903948778790595,291520.1150535669,187.01143760624544,-0.042236234049720656,20
227,40,Temporal_Matrix+SVD+KNN,697188.9697359662,0.04648516741826348,1.7407591506029216,287362.9616977781,187.27899182369734,-0.042922587160066916,20
7,10,Temporal_Matrix+SVD+KNN,417954.0789089197,0.07520454406086398,1.2861475818089487,175282.95230887842,1301.1331114356483,0.6614384522226655,20
7,20,Temporal_Matrix+SVD+KNN,499373.22527389415,0.07120632116356189,1.3123285155961328,209502.12461503013,1498.9053935622205,0.6262749577394698,20
7,30,Temporal_Matrix+SVD+KNN,537438.7869920875,0.073300693911692,1.4181152918226259,223429.96118438645,1805.817453725701,0.5745293778662941,20
7,40,Temporal_Matrix+SVD+KNN,546755.7925977759,0.07457143021246841,1.4789814253790863,232777.48361758896,1835.6140875403707,0.533489296532913,20
20,10,Temporal_Matrix+SVD+KNN,211256.1189723555,0.0863657970297402,1.0137617065150055,143834.2280948706,685.3957289144256,0.23745526632739145,20
20,20,Temporal_Matrix+SVD+KNN,211555.60779966015,0.08647327144389574,0.9823566009302848,147394.42694122274,708.9016479581504,0.23860420329490983,20
20,30,Temporal_Matrix+SVD+KNN,241109.5633895011,0.0605306231642359,1.108890931641099,154897.9228973837,729.9991290254875,0.15907322250542544,20
20,40,Temporal_Matrix+SVD+KNN,246536.6061024869,0.06189308375160495,1.1227132090686665,159021.68400038147,770.9548145262314,0.1506758157029905,20
149,10,Temporal_Matrix+SVD+KNN,443067.00886416784,0.09886400986227267,0.8132517896251016,261211.17381423817,672.9418707123848,0.5666484389827791,20
149,20,Temporal_Matrix+SVD+KNN,487488.3492908391,0.08586774556624176,0.8433805323355329,296829.87453104154,776.8842400597205,0.5191626853791418,20
149,30,Temporal_Matrix+SVD+KNN,512363.76240629546,0.09024503527816022,0.8936608999170796,311718.4726851087,1003.1572575261858,0.47792891016765693,20
149,40,Temporal_Matrix+SVD+KNN,528947.9245592281,0.09316608162913798,0.9142467359322821,323178.51702874154,1011.1142392382018,0.45438005153509153,20
28,10,Temporal_Matrix+SVD+KNN,579781.9112672756,0.08401597890032983,0.6543712522169213,386123.40683796705,65.06222051548386,0.24856853102897902,20
28,20,Temporal_Matrix+SVD+KNN,663801.3520799545,0.08487762047497253,0.733901959893389,412891.9282129864,72.80059822205904,0.20784885394182873,20
28,30,Temporal_Matrix+SVD+KNN,720544.5561349585,0.08772530534085331,0.7905916620702981,455288.3285812517,79.2327798819908,0.05251268950560439,20
28,40,Temporal_Matrix+SVD+KNN,816804.3102065519,0.03820646130211967,0.8905394661933883,467729.4859787443,80.9327694277451,0.018258144605082127,20
215,10,Temporal_Matrix+SVD+KNN,2147884.8709344273,0.08450284534223851,1.7964500569134352,1022000.0338096985,341.5053475730963,-0.03201738436580781,20
215,20,Temporal_Matrix+SVD+KNN,1958057.8756494585,0.07699398135191443,1.6342466085016432,931357.8785796541,301.3877628718736,-0.012882325430155994,20
215,30,Temporal_Matrix+SVD+KNN,1893190.2969818972,0.07444328394690668,1.5979827028282934,936174.4784145864,315.955142977409,-0.007094918514613413,20
215,40,Temporal_Matrix+SVD+KNN,1995314.3389106428,0.0784589653410207,1.666631392496115,1067366.5945585642,392.9501707260413,-0.09887627400034904,20
205,10,Temporal_Matrix+SVD+KNN,552839.5362130401,0.0873330471906885,1.2138097414991953,277717.4632711297,189.8940842013772,0.4251738567750363,20
205,20,Temporal_Matrix+SVD+KNN,798024.1824019814,0.05313643316128138,1.539720987051464,325030.43873164535,196.6241733382827,0.3010866569314534,20
205,30,Temporal_Matrix+SVD+KNN,736850.3259724352,0.04906317246935283,1.4505447746160076,322306.36908338225,191.14245298635467,0.3076383601313729,20
205,40,Temporal_Matrix+SVD+KNN,716757.3518919786,0.04772528196705759,1.4302748119220698,327635.488739521,199.88772217324248,0.2965271643726356,20
206,10,Temporal_Matrix+SVD+KNN,569677.0376954043,0.06487366576510926,1.5388764082762327,239208.31820789783,362.31168582699684,0.27076827442377316,20
206,20,Temporal_Matrix+SVD+KNN,765589.7128539687,0.03981511250034983,1.914017013163109,267292.48624898004,381.0327763263386,0.18587710667052637,20
206,30,Temporal_Matrix+SVD+KNN,703316.2527518988,0.03657653081864574,1.7967268597258843,276510.00402851327,379.60580479861346,0.19031935893194873,20
206,40,Temporal_Matrix+SVD+KNN,672834.7711345414,0.03499131670278689,1.753174011406706,278872.286505562,405.7948651612839,0.19545796888248224,20
130,10,Temporal_Matrix+SVD+KNN,1006223.5062987146,0.12104535099928528,0.5200867719870713,714342.8609352274,55.231373439919395,0.383020230249289,20
130,20,Temporal_Matrix+SVD+KNN,1012290.9432091928,0.1152421889931363,0.5182715744846436,719657.5448925111,55.20913254740768,0.3363329216817845,20
130,30,Temporal_Matrix+SVD+KNN,1069260.9634924433,0.10576333371778288,0.5453346537414635,754497.1319718882,56.1664058356788,0.28676485741945734,20
130,40,Temporal_Matrix+SVD+KNN,1118696.629952195,0.10763325898946222,0.5707105874720145,779387.3811679252,57.19027768876301,0.22735929341190908,20
40,10,Temporal_Matrix+SVD+KNN,550550.9505437631,0.11550246153990801,0.8780417936159637,347448.281016907,294.17587470656565,0.4719989754956183,20
40,20,Temporal_Matrix+SVD+KNN,622215.3828612631,0.09737743631018708,0.9109807976259067,386379.10390035587,349.8371659404933,0.4432215336792945,20
40,30,Temporal_Matrix+SVD+KNN,646429.3142162019,0.10116694493257442,0.9481086944291689,404564.45297484886,369.4747180596701,0.39851035394864065,20
40,40,Temporal_Matrix+SVD+KNN,654186.9271004741,0.10238102043659605,0.9622605790685693,416052.9739462485,374.8674861910857,0.36765206291933106,20
222,10,Temporal_Matrix+SVD+KNN,1169707.3314114437,0.08697716733056157,0.8205223843479371,661895.7966140485,1274.1248375314535,0.46240911060184875,20
222,20,Temporal_Matrix+SVD+KNN,1169912.942086321,0.0869924561413551,0.8253302244296791,676036.8464776122,1508.4225771872514,0.46678357355070077,20
222,30,Temporal_Matrix+SVD+KNN,1350412.5745558448,0.06198796827250162,0.9333826052476576,733585.7177888631,1662.3327891933152,0.3944926874285498,20
222,40,Temporal_Matrix+SVD+KNN,1376186.672604977,0.06317107631090792,0.9384885546004066,757403.455931543,1712.0849050349977,0.37684890576702323,20
223,10,Temporal_Matrix+SVD+KNN,289329.3649019905,0.0814896696982206,1.0535511336430257,139648.79088633973,440.6572450905296,0.7295699110624958,20
223,20,Temporal_Matrix+SVD+KNN,338166.84169730375,0.09523419155358431,1.089230731909187,161953.29609432063,451.385813979137,0.6719402762550977,20
223,30,Temporal_Matrix+SVD+KNN,356635.7761029864,0.08094019782645634,1.1461433458334715,170793.9633112926,491.1828399314527,0.6398682949749583,20
223,40,Temporal_Matrix+SVD+KNN,363575.08447931695,0.0825151071047582,1.1839197341881484,177134.9934520724,495.9900565654907,0.6206410665070601,20
4,10,Temporal_Matrix+SVD+KNN,217382.15506041015,0.08651378082403031,1.3207661191274187,93830.80371618869,418.51862955752824,0.6112011952046432,20
4,20,Temporal_Matrix+SVD+KNN,223780.23481660307,0.061481365193946154,1.2796391554525424,102103.86684697452,458.4835219890732,0.5969891847794415,20
4,30,Temporal_Matrix+SVD+KNN,220437.72426043355,0.06056304409048992,1.2802025608836594,104544.2175828818,515.0268237127551,0.5880127255098809,20
4,40,Temporal_Matrix+SVD+KNN,246216.76789746198,0.051820316445937965,1.409302187325812,110928.5266087576,550.094543139748,0.5234359064857078,20
248,10,Temporal_Matrix+SVD+KNN,430948.16497324436,0.06291795136777804,1.5723861095194027,176026.98490440275,201.65861264989147,0.3553889474446802,20
248,20,Temporal_Matrix+SVD+KNN,424136.65202801797,0.05506345277967447,1.5253080186007566,174218.03025786916,214.73229568698656,0.3500078892534204,20
248,30,Temporal_Matrix+SVD+KNN,444998.2189392154,0.05777180137212023,1.6065700660963527,180294.89596319146,241.2872453276293,0.2978650904244713,20
248,40,Temporal_Matrix+SVD+KNN,418744.4560717418,0.05435241406164169,1.563833640651718,177441.71570130606,283.34001066652235,0.30493157785220815,20
136,10,Temporal_Matrix+SVD+KNN,1819885.4376723503,0.08101919991759043,1.2725024570045176,769945.1127330402,103.67930254267081,0.2628340025717346,20
136,20,Temporal_Matrix+SVD+KNN,1504172.1080547695,0.06690801895556103,1.0889554548852398,712784.7968578638,113.92670900057473,0.3095450736203307,20
136,30,Temporal_Matrix+SVD+KNN,1442380.5058202962,0.06415521052985423,1.0562845259332183,707724.1686734407,115.75437624433127,0.3049806484575103,20
136,40,Temporal_Matrix+SVD+KNN,1394160.7874050892,0.06201046011612166,1.0343248315648543,709714.7772072734,117.47566895128037,0.3116548603370627,20
203,10,Temporal_Matrix+SVD+KNN,874994.9461942586,0.08553717590743107,1.0230342108017418,454063.67987967347,561.7364520369803,0.520052994454149,20
203,20,Temporal_Matrix+SVD+KNN,888985.2548120174,0.08690332133834669,1.037006835651313,498550.4085627287,650.1966638000386,0.4386223524668975,20
203,30,Temporal_Matrix+SVD+KNN,930520.3973138508,0.09096134223747253,1.0952270199291712,523745.66824750975,878.4316581858747,0.3742431413308617,20
203,40,Temporal_Matrix+SVD+KNN,1009956.2496993529,0.09872600209186343,1.16230008313075,566064.6417122678,987.3384476170264,0.2915863018350683,20
65,10,Temporal_Matrix+SVD+KNN,649940.0900379107,0.08642431521109395,1.2441989905787676,326455.34027452784,637.4164727244276,0.6079618517505339,20
65,20,Temporal_Matrix+SVD+KNN,736821.9585372135,0.08231109413414749,1.2669900593933534,367210.69022200373,613.6617625019746,0.5765012203059852,20
65,30,Temporal_Matrix+SVD+KNN,776789.6034670031,0.08677591843263498,1.3246734533261737,385689.65695410495,760.9069541230642,0.5454305130551904,20
65,40,Temporal_Matrix+SVD+KNN,876869.1084697278,0.03799937311324162,1.4968725383998793,391675.45102308615,707.9306367936647,0.47516343954337026,20
90,10,Temporal_Matrix+SVD+KNN,3455368.820812682,0.09785304037682244,0.7500402774828161,1934240.5093182726,51.4065321653508,0.29569127143551044,20
90,20,Temporal_Matrix+SVD+KNN,3544635.341935726,0.07861929256750097,0.7638656416877004,1951524.725295529,55.44313556551742,0.25263646311960186,20
90,30,Temporal_Matrix+SVD+KNN,3467686.720748547,0.07691258776483517,0.7480497280327106,1952731.526389408,55.5765792679112,0.23291930615106615,20
90,40,Temporal_Matrix+SVD+KNN,3541805.0718973563,0.07855651775239965,0.7619779337216447,2024287.4536223654,57.21760784314059,0.2065990624448757,20
256,10,Temporal_Matrix+SVD+KNN,77064.64807894989,0.14015802016424553,5.158048050323337,22542.66911313856,1964.7527286185152,-1.4705430246889302,20
256,20,Temporal_Matrix+SVD+KNN,78848.80544475578,0.14340287977609542,5.565615462324029,22641.8010822085,2635.9351496916515,-2.524712694175305,20
256,30,Temporal_Matrix+SVD+KNN,74034.71477900672,0.1346474590556722,5.479319394260188,20862.37371114672,2185.1950570050535,-2.6793173625790483,20
236,10,Temporal_Matrix+SVD+KNN,4343545.066240501,0.10822260988312489,3.38744059952104,1770273.5352854182,11915.941104236668,0.05293045990774936,20
236,20,Temporal_Matrix+SVD+KNN,4242066.308973827,0.09411108251735394,3.4155596786646623,1736165.168897181,11110.280642014995,0.030503019300827883,20
236,30,Temporal_Matrix+SVD+KNN,4177714.00220949,0.0926834138269167,3.480574052471124,1697895.6236608527,10836.452783103947,0.03074391231061091,20
236,40,Temporal_Matrix+SVD+KNN,3821676.2553557963,0.08478464578961407,3.406677215641311,1528016.8941619887,8808.744108447638,0.09843059464067305,20
276,10,Temporal_Matrix+SVD+KNN,858322.9291036141,0.03948829031631958,9.867855821346645,111503.14924709294,727.8720481277348,-0.020346559237790274,20
276,20,Temporal_Matrix+SVD+KNN,647463.5287525118,0.029786985341658325,9.091446235498113,106651.3454957178,1005.0230603789282,-0.20434062450313117,20
276,30,Temporal_Matrix+SVD+KNN,628271.3844380463,0.02890403812381048,7.973393166656737,93509.10410969156,706.5146704816714,-0.01711478571774183,20
276,40,Temporal_Matrix+SVD+KNN,707538.6816553038,0.0322639021586511,8.018020673652025,101874.85674628634,643.7667552994874,-0.018634645312142872,20
260,10,Temporal_Matrix+SVD+KNN,489416.11418873287,0.043011354288328876,8.37295637687171,81607.49115162021,122907.05222296531,-0.018046525662852364,20
260,20,Temporal_Matrix+SVD+KNN,490922.56186473893,0.04257281952244835,7.448329573791624,86921.95494727854,104415.97810865994,-0.025420490578035526,20
260,30,Temporal_Matrix+SVD+KNN,412826.0185897372,0.03580028442723924,7.066551067035353,80707.50700291111,120563.73454207853,-0.03490809904148384,20
260,40,Temporal_Matrix+SVD+KNN,375919.9669863365,0.03259979055090448,7.046787719339499,81951.41972738378,116138.5022131718,-0.11132708654559687,20
66,10,Temporal_Matrix+SVD+KNN,1214536.9607817268,0.06794752136958639,0.932225955902438,661449.5450065801,150.21165310378487,0.35559209092757726,20
66,20,Temporal_Matrix+SVD+KNN,1206568.2238254568,0.06750170873307652,0.8843845386243383,684029.0302598045,119.3788263806141,0.37203607442507236,20
66,30,Temporal_Matrix+SVD+KNN,1226060.102682235,0.06859218592555477,0.9095775535579306,694659.9776894079,116.31658521462928,0.34471418481721283,20
66,40,Temporal_Matrix+SVD+KNN,1307228.4527752856,0.05974780179577445,0.9566903219611212,714437.9309563984,115.91660746964632,0.3181143161828315,20
70,10,Temporal_Matrix+SVD+KNN,851944.7861691638,0.08977304856867847,1.1185885665064301,392010.00867643097,432.7233370413778,0.7243029194865419,20
70,20,Temporal_Matrix+SVD+KNN,944705.7169794614,0.09954067966755671,1.0821882252352393,445298.1478197055,420.33183570467776,0.70091624093201,20
70,30,Temporal_Matrix+SVD+KNN,1005786.1607211884,0.0970599450437693,1.1560429576578342,476699.51971183816,426.6251691852234,0.6637634068272028,20
70,40,Temporal_Matrix+SVD+KNN,1028515.322398311,0.09925334486316095,1.2083603468322177,489923.2218584613,443.4261688114925,0.6334913601505147,20
121,10,Temporal_Matrix+SVD+KNN,3061.045392492638,0.04083838230467033,0.8457247315331423,970.710590465985,27.40929509908344,-0.028343172498592084,20
121,20,Temporal_Matrix+SVD+KNN,2324.9329717178416,0.030679055114543975,0.652046832223577,951.1156971883296,30.105830436497023,-0.12505994382693175,20
121,30,Temporal_Matrix+SVD+KNN,2129.239145071037,0.02809674338069759,0.5956101367772572,937.9135338873726,28.660005244453423,-0.28297858708248347,20
121,40,Temporal_Matrix+SVD+KNN,2291.2385950590647,0.030234435140058843,0.6354025458386647,945.5651528484851,28.30330755094515,-0.11398516651745072,20
183,10,Temporal_Matrix+SVD+KNN,247831.14524014588,0.08955749861407344,1.3630233569949108,126148.19626972091,714.0853384624216,0.49379966106831963,20
183,20,Temporal_Matrix+SVD+KNN,274738.97706415347,0.08970342621200023,1.3492731453658908,140339.79805079725,851.5760188631102,0.4538210305086263,20
183,30,Temporal_Matrix+SVD+KNN,294503.87471713964,0.06671762980227411,1.4377687410852171,143456.48531399266,854.6100401446482,0.4120605275975724,20
183,40,Temporal_Matrix+SVD+KNN,330572.66958139744,0.04011634482627988,1.581579335312664,149285.44854495575,921.7477294888781,0.3462315677019179,20
179,10,Temporal_Matrix+SVD+KNN,1369648.2616963026,0.10475785760587304,0.6962096674914637,862111.0014473662,72.76198140216938,0.4861919985440547,20
179,20,Temporal_Matrix+SVD+KNN,1652712.6298035008,0.04592933769129768,0.8005758172858364,886179.5151983965,70.61464420660425,0.44131164510899457,20
179,30,Temporal_Matrix+SVD+KNN,1630530.7147866816,0.045312896183515236,0.796822571332213,905277.7561019139,74.51612845505228,0.4224189207703529,20
179,40,Temporal_Matrix+SVD+KNN,2141918.6946060397,0.036675559156159145,1.0356745716142342,976674.9828026468,80.40527264059595,0.2819941676075206,20
58,10,Temporal_Matrix+SVD+KNN,344772.59953272477,0.05174679803364022,1.6302098378778778,142677.53373264358,359.9325502602355,0.4327576114265226,20
58,20,Temporal_Matrix+SVD+KNN,326591.7431269827,0.049017338773621785,1.3959378700615577,153108.12197032667,342.57853388244826,0.466143926906914,20
58,30,Temporal_Matrix+SVD+KNN,353647.989794195,0.05307551508794508,1.4941041224035443,161284.80683360505,365.83085427201013,0.40876095504033916,20
58,40,Temporal_Matrix+SVD+KNN,353221.08392391034,0.053011445025020046,1.5120550535433626,163280.11453082072,390.0217044396022,0.3897495625057742,20
279,10,Temporal_Matrix+SVD+KNN,3.31782107529496,0.09180467834241726,0.7665359306501084,2.281140668465709,89.46289495772575,-0.08622635900670872,20
279,20,Temporal_Matrix+SVD+KNN,3.353054718450372,0.08441728898414834,0.787946431054544,2.3242012972718795,97.81697996566884,-0.10125355538653169,20
279,30,Temporal_Matrix+SVD+KNN,3.396918691497873,0.08552161861777123,0.7839078192715097,2.3508934171870877,92.68309938107281,-0.12047922201603445,20
279,40,Temporal_Matrix+SVD+KNN,3.378549952420036,0.08505916295115902,0.7766167341259607,2.3712751412500896,91.57067024689049,-0.15156504444231222,20
148,10,Temporal_Matrix+SVD+KNN,970846.6256110338,0.0630147376208612,3.628652025122527,266108.94655338215,3284.2323214451517,0.07692241946107137,20
148,20,Temporal_Matrix+SVD+KNN,1013549.5505902912,0.059905793131664116,3.7785631896070333,295011.4655642844,4612.101924586606,0.05859300254244615,20
148,30,Temporal_Matrix+SVD+KNN,983166.7915135344,0.05810996132104935,3.8523014154366826,304432.67404497485,5503.481658870373,0.055080111095361706,20
148,40,Temporal_Matrix+SVD+KNN,954472.8747132266,0.05641401063413852,3.6755745645267988,321504.85648821923,6396.015568661092,0.04921364470887735,20
230,10,Temporal_Matrix+SVD+KNN,1536423.247338224,0.1276958078830692,0.5150769597325897,1074306.8993333061,48.74225559130736,0.2964552724290722,20
230,20,Temporal_Matrix+SVD+KNN,1548944.10832663,0.126777144490149,0.5130325971809222,1098831.7956531583,52.13005214987335,0.3014172963344821,20
230,30,Temporal_Matrix+SVD+KNN,1631461.2622540977,0.0981482399575001,0.5372015673203807,1146752.125233055,53.31056420676742,0.25962185218518263,20
230,40,Temporal_Matrix+SVD+KNN,1653695.3019269444,0.09948583338464656,0.5452518705188162,1168903.6541873398,54.01302255908439,0.22710386135859617,20
48,10,Temporal_Matrix+SVD+KNN,28063897.94796352,0.10036487514888737,0.2654494768940539,20628004.222775176,24.358954962774227,0.7407329427315585,20
48,20,Temporal_Matrix+SVD+KNN,28919619.697591048,0.092315374748878,0.27533807293930296,21592201.313797116,26.28641805808481,0.713844830331375,20
48,30,Temporal_Matrix+SVD+KNN,29984874.88688312,0.09459995400448284,0.2846977071226006,22707467.28620036,28.07504887176063,0.68902625802972,20
48,40,Temporal_Matrix+SVD+KNN,32413910.499966376,0.09553492420513754,0.3061005367307793,24470590.917191997,29.74084305639954,0.6454364102374296,20
71,10,Temporal_Matrix+SVD+KNN,288093.9062911546,0.07398340519775833,1.2325619452228531,143369.06846753787,588.6374778561392,0.42474596793412667,20
71,20,Temporal_Matrix+SVD+KNN,287135.8367602439,0.07373516960239095,1.1411475428644113,156316.0618083173,548.4744014620301,0.4523666929097534,20
71,30,Temporal_Matrix+SVD+KNN,287738.263136693,0.07388986994053619,1.1538767316937488,159552.20384196087,580.1455086375964,0.425953401613941,20
71,40,Temporal_Matrix+SVD+KNN,302405.4243674842,0.06684259364575684,1.220792985701603,163014.5630166176,579.6740942103686,0.37433541457066255,20
171,10,Temporal_Matrix+SVD+KNN,881128.1588716832,0.05566953565090584,1.2343952981246573,357217.27335445187,81.13805101226328,0.20903664987441972,20
171,20,Temporal_Matrix+SVD+KNN,1220203.800149452,0.032156380102251005,1.6547563794667168,366258.71603684034,84.97654495931135,0.12501542161340506,20
171,30,Temporal_Matrix+SVD+KNN,1048097.256892668,0.027620807091929447,1.4473162997221163,359686.09486381296,86.90477938268661,0.1453478066576812,20
171,40,Temporal_Matrix+SVD+KNN,950930.1553725626,0.02506013464562841,1.3301726207769138,356678.06075960986,88.31472524401973,0.1582336888322049,20
105,10,Temporal_Matrix+SVD+KNN,3590844.78190646,0.1297700204777477,0.7784519673349521,2024547.2490478735,77.88923693427665,0.3222166101126074,20
105,20,Temporal_Matrix+SVD+KNN,3745625.7236186075,0.07604877286640843,0.7799880181823701,2144854.063750801,79.63429457250943,0.30628572063867554,20
105,30,Temporal_Matrix+SVD+KNN,3786946.509057252,0.07688772348730742,0.7844427419797653,2226592.8207936524,80.83087433215894,0.275648745336173,20
105,40,Temporal_Matrix+SVD+KNN,3986644.8991899886,0.08094227101383393,0.8219792101183186,2336280.398759852,84.89653464617479,0.2375888162394072,20
273,10,Temporal_Matrix+SVD+KNN,55181.280138658876,0.13567220314027229,3.1031094601856624,26596.924366941814,11697.919189199984,-0.2557343325154293,20
273,20,Temporal_Matrix+SVD+KNN,46605.75470673323,0.11217452694352135,2.556051065844469,19406.13690395691,2813.2579444670337,0.09845906917909009,20
273,30,Temporal_Matrix+SVD+KNN,85325.73107455314,0.027788973634953057,4.389685977923756,21727.060465850926,3032.6847959051765,0.026800703385378433,20
273,40,Temporal_Matrix+SVD+KNN,224847.83140181733,0.02713023955807393,9.01594935021409,23006.936950029594,1372.6086127378549,0.0005062667156452427,20
187,10,Temporal_Matrix+SVD+KNN,809594.1830691708,0.05052489541314869,1.2876229257225211,314590.240823835,82.10666559727741,0.06245824678393708,20
187,20,Temporal_Matrix+SVD+KNN,1009819.5342321452,0.06061275266142671,1.5010745425966847,376087.24607348425,101.68907750731995,0.011591334897150696,20
187,30,Temporal_Matrix+SVD+KNN,878550.155583835,0.05273352463076745,1.3440806234519933,364349.1233326861,102.07604641895875,0.005738469493089093,20
187,40,Temporal_Matrix+SVD+KNN,816889.7325773285,0.049032459398815675,1.2728109228774822,367160.3878282651,109.81990860095523,-0.004289997551027547,20
157,10,Temporal_Matrix+SVD+KNN,303162.47797009774,0.05950447025065651,1.8726310519476048,104677.47600205927,424.9780459132104,0.4324208330826571,20
157,20,Temporal_Matrix+SVD+KNN,406410.15143941465,0.04188924187874786,2.121669574719288,129976.94194498388,446.09841622167784,0.32172725114039,20
157,30,Temporal_Matrix+SVD+KNN,391027.2097318371,0.04030370135099986,1.9961801921587803,134909.55556171093,469.68798123978485,0.3504691371192521,20
157,40,Temporal_Matrix+SVD+KNN,376288.0117552345,0.03878451235694074,1.9530925259998209,135552.7580409905,513.6282664466881,0.3621464645173996,20
212,10,Temporal_Matrix+SVD+KNN,483446.92526842735,0.04779838907090166,0.9489201398178891,159563.66227721857,28.48034154389682,0.048910872696019125,20
212,20,Temporal_Matrix+SVD+KNN,393430.0559592966,0.038714274880258276,0.7636336704682298,155993.25244517403,28.941402966601814,0.09962478444974943,20
212,30,Temporal_Matrix+SVD+KNN,370300.1023107141,0.036438242914842045,0.7195428192057672,157685.25095052883,29.3921670644699,0.10004143958168932,20
212,40,Temporal_Matrix+SVD+KNN,353766.93012856675,0.03481134694487956,0.6893533099031498,157670.6781100772,30.070211359529964,0.11022790148077788,20
124,10,Temporal_Matrix+SVD+KNN,941318.0346637891,0.09964588312134705,0.9187597905885058,590186.7295190749,312.8710748287826,0.5001245455520309,20
124,20,Temporal_Matrix+SVD+KNN,943930.4745318951,0.09992064766790887,0.8878082811379808,599471.3783383103,299.4664121180266,0.484111470088762,20
124,30,Temporal_Matrix+SVD+KNN,1069305.866758925,0.0587364438751842,1.0034823209765116,632489.0980851166,327.0415209879366,0.40521347556322007,20
124,40,Temporal_Matrix+SVD+KNN,1087394.4819554952,0.05973004258655523,1.02067339906601,643472.5180099043,330.5800626226127,0.3799027552291989,20
78,10,Temporal_Matrix+SVD+KNN,4761489.845492746,0.09806709088576993,0.9705941578980298,2545730.4126507123,99.26596433357663,0.19419770581173268,20
78,20,Temporal_Matrix+SVD+KNN,4640730.985078131,0.09151348903275816,0.9317789340610364,2608003.155925984,117.522138709423,0.2000274600625922,20
78,30,Temporal_Matrix+SVD+KNN,4620249.267783256,0.08818303113594185,0.9417243663427723,2617306.4350941665,129.3182129551939,0.2095789520284338,20
78,40,Temporal_Matrix+SVD+KNN,4765658.928101673,0.059453346004266605,0.9719347764799846,2666418.096243519,136.90595242160356,0.17625794258529937,20
214,10,Temporal_Matrix+SVD+KNN,471454.1952782532,0.11940390268022719,1.3270455581469178,225811.87363680184,587.6259648625911,0.594110515008373,20
214,20,Temporal_Matrix+SVD+KNN,496834.8461383984,0.10534483249236654,1.32718556496149,243192.41101054975,5823.3876463770985,0.5647292399871113,20
214,30,Temporal_Matrix+SVD+KNN,523646.3319627928,0.08586059991323744,1.4062909661479717,254697.88264794857,7545.5878414379085,0.5290940440648686,20
214,40,Temporal_Matrix+SVD+KNN,555674.4927632076,0.06424907111590272,1.5024751044083198,270578.83605669916,6588.202019037691,0.4925748697850081,20
85,10,Temporal_Matrix+SVD+KNN,288634.20565604,0.0879341704693088,1.2076138516897348,146604.4681897261,359.85632167743626,0.32112330179625936,20
85,20,Temporal_Matrix+SVD+KNN,307846.2471753644,0.07606498337001714,1.2279319477914215,157208.33428296345,245.55031582526232,0.29351758009765483,20
85,30,Temporal_Matrix+SVD+KNN,381208.5236562493,0.03554379122678728,1.4845716754592935,163362.49663546728,209.5098265335901,0.1993838759508878,20
85,40,Temporal_Matrix+SVD+KNN,437536.86719027505,0.04079583245483064,1.7047289985641512,244409.18526180866,376.39915712702907,-0.05073974694358063,20
182,10,Temporal_Matrix+SVD+KNN,44.796686440177666,0.059962368742541176,0.6240485903568088,17.306207555488314,20.497318343925425,0.6391797156767676,20
182,20,Temporal_Matrix+SVD+KNN,48.2785665166114,0.06415737401284936,0.6791739336737056,19.019734019249697,22.864018688699918,0.5626844954606081,20
182,30,Temporal_Matrix+SVD+KNN,53.64964165638262,0.07129499431636135,0.7557783400296929,20.699519011464794,24.525444905572783,0.45409622473525135,20
182,40,Temporal_Matrix+SVD+KNN,73.23565601336932,0.03618886927619746,1.0099091500815007,23.537273027966204,25.690082578783535,0.24408775313985365,20
127,10,Temporal_Matrix+SVD+KNN,730480.3968168892,0.04665849615607294,2.508027297351341,193537.0612248843,958.0782816434158,0.28451042636694823,20
127,20,Temporal_Matrix+SVD+KNN,655006.5790802927,0.041837282911016856,2.0021213806441907,214220.73575999943,904.4736770239805,0.3697784642314388,20
127,30,Temporal_Matrix+SVD+KNN,609883.517526785,0.03895513431538586,1.9429687054433136,217179.45054865206,992.697034941266,0.3604282182579056,20
127,40,Temporal_Matrix+SVD+KNN,607028.2099652943,0.038772757047640265,1.9705501392492955,221114.88100063958,1061.0745353908314,0.34849027704626767,20
89,10,Temporal_Matrix+SVD+KNN,4257723.527277121,0.10991906234843471,1.7145283882724667,2247524.269798929,208.46585309081559,0.05596212032653125,20
89,20,Temporal_Matrix+SVD+KNN,4246163.841457766,0.09759259367758795,1.681002054427496,2244653.530199967,208.47890951924052,0.08492506983227843,20
89,30,Temporal_Matrix+SVD+KNN,4281157.558243562,0.09839687907755318,1.6547943510940584,2271680.931452676,206.6883568420037,0.10376463689643667,20
89,40,Temporal_Matrix+SVD+KNN,4447086.221048929,0.10221053516178716,1.7086942846400242,2332081.5790405814,208.64215958431865,0.055186283134779246,20
57,10,Temporal_Matrix+SVD+KNN,11676773.880619945,0.1087542552641933,0.3491287472977337,8182481.299217716,33.458053222293664,0.7161962454755524,20
57,20,Temporal_Matrix+SVD+KNN,12548961.49541828,0.07096208849735589,0.3670315742938781,8659609.644979572,33.89193063525315,0.6795428265436885,20
57,30,Temporal_Matrix+SVD+KNN,13886760.67993532,0.05140543633878733,0.4052752105489333,9265738.687366832,36.201079643875964,0.6200888049162465,20
57,40,Temporal_Matrix+SVD+KNN,14881227.93061538,0.05508671407692149,0.4311654430317301,10090219.658388156,38.84153580658484,0.574500293791804,20
81,10,Temporal_Matrix+SVD+KNN,434443.03727635945,0.05553657195965961,1.0393342546372064,218188.11961838917,94.66929508067473,0.27960749328122925,20
81,20,Temporal_Matrix+SVD+KNN,420138.2817243134,0.05367621660887448,0.9966775215440887,222952.59094019936,95.47878674284411,0.26217129194519273,20
81,30,Temporal_Matrix+SVD+KNN,434980.1327122093,0.05557238851978282,1.0330882150747323,230092.2309919998,95.84440541102879,0.21916433646698463,20
81,40,Temporal_Matrix+SVD+KNN,449077.1480879888,0.05737340138569798,1.065618628578098,237227.00606331488,95.63947560707598,0.19117871943283204,20
38,10,Temporal_Matrix+SVD+KNN,830852.1919973028,0.07942927547865071,1.3623276182457191,366427.44950594037,44720.2967149707,0.5518756137206443,20
38,20,Temporal_Matrix+SVD+KNN,1038000.1896050287,0.0819272317343078,1.5776286287861387,438904.17184812366,71649.44253590098,0.4082419303725613,20
38,30,Temporal_Matrix+SVD+KNN,1058814.0516668365,0.08357002729205476,1.6441196420619681,471274.87617265474,62897.937731030754,0.3537734476315646,20
38,40,Temporal_Matrix+SVD+KNN,1041424.8810883582,0.08219753562787453,1.675169453262349,490239.41560361645,57776.65098659578,0.32072126505504017,20
175,10,Temporal_Matrix+SVD+KNN,2059730.768333868,0.1033275879862004,0.6523172518324347,1199330.4606187006,55.61119264360263,0.539347682751869,20
175,20,Temporal_Matrix+SVD+KNN,2127823.9201990473,0.09589111546745836,0.6676311663302948,1248129.0169887494,55.644952161437025,0.5205509534336139,20
175,30,Temporal_Matrix+SVD+KNN,2140724.962986961,0.08746358876318922,0.6724566738449624,1252317.6566168135,56.05669714824525,0.5070707367065364,20
175,40,Temporal_Matrix+SVD+KNN,2241874.9065123303,0.09159627148370954,0.6931229675052107,1302272.6598934426,56.35251459598075,0.47888348278953385,20
59,10,Temporal_Matrix+SVD+KNN,8588419.799431873,0.11494553984655435,0.45505535755661797,6118064.974679012,58.121440267693295,0.5883667971166346,20
59,20,Temporal_Matrix+SVD+KNN,8691935.822693149,0.11145960389836826,0.4498147429220033,6352953.723525923,57.41197510206896,0.5783790761165214,20
59,30,Temporal_Matrix+SVD+KNN,9205657.255991735,0.10349797400560087,0.4776650602997818,6773726.1792604355,60.36689024280732,0.5220066274952013,20
59,40,Temporal_Matrix+SVD+KNN,9689618.492968561,0.10893908550165883,0.5004424890046166,7165287.169154835,62.048880710431376,0.4744158887720019,20
115,10,Temporal_Matrix+SVD+KNN,1684274.5589423748,0.11578079879642106,1.3144939187996452,920153.760900026,788.8057503464131,0.46595137194766256,20
115,20,Temporal_Matrix+SVD+KNN,1774956.1448135604,0.12200262239978904,1.251152536010417,974247.1912859807,887.4256581293445,0.45468266432947224,20
115,30,Temporal_Matrix+SVD+KNN,1948260.506166952,0.07101702946438478,1.3606307500398152,1044420.0531871412,1048.9295105747126,0.3808008936428833,20
115,40,Temporal_Matrix+SVD+KNN,2044798.8944514536,0.0693434404032062,1.4314923738485323,1075803.3727896577,1073.7217904645609,0.3369382984312149,20
181,10,Temporal_Matrix+SVD+KNN,2748027.5124674453,0.10630455925745132,2.6273391687465866,1281270.0500155604,454677.7740176463,-0.12461946676145219,20
181,20,Temporal_Matrix+SVD+KNN,2922856.35171667,0.1130676293568453,2.6401453247355255,1391862.223855205,330376.0853174767,-0.18357421460205203,20
181,30,Temporal_Matrix+SVD+KNN,3014899.409743058,0.10281093457797895,2.7143788051525646,1420577.3671843987,33594.61740474828,-0.256863767935134,20
30,10,Temporal_Matrix+SVD+KNN,699643.9309823071,0.08683929299270433,0.7633677020248542,394579.641827028,2165.4583273168587,0.27834210240990587,20
30,20,Temporal_Matrix+SVD+KNN,636449.9161087291,0.07899568213752937,0.6918946385153598,386358.7140951859,32653.317198234843,0.33091796887710156,20
30,30,Temporal_Matrix+SVD+KNN,649535.4993893835,0.08061985241179304,0.6930996391008731,410528.3025140818,46010.5177896784,0.2907654384234071,20
30,40,Temporal_Matrix+SVD+KNN,667914.29406872,0.08290101443595903,0.7173549001004129,433199.9713272109,73537.36570908615,0.25082323785137395,20
34,10,Temporal_Matrix+SVD+KNN,1895049.868045661,0.07222008795174448,0.6710595059872595,1065945.3864995744,75.92615546171227,0.7481873963023677,20
34,20,Temporal_Matrix+SVD+KNN,2083443.0798391388,0.07937475502733661,0.6909322889709325,1183103.7915553735,86.01981430268802,0.7155291879375675,20
34,30,Temporal_Matrix+SVD+KNN,2205815.0188853266,0.0840013463939742,0.7314253063027881,1266408.4933686792,92.14957428374233,0.6796877422609682,20
34,40,Temporal_Matrix+SVD+KNN,2311067.1084467177,0.08800953255566052,0.7741176266298104,1326765.7238476383,99.3452596931037,0.6488784559890619,20
164,10,Temporal_Matrix+SVD+KNN,1985151.0286060094,0.11124875207997582,1.0156148180920812,1081414.3851137932,192.49675659580606,0.22706564702263043,20
164,20,Temporal_Matrix+SVD+KNN,1902543.9317664374,0.10661941340300606,0.9346651493435143,1073014.1851090475,200.4571488017523,0.25479918680238933,20
164,30,Temporal_Matrix+SVD+KNN,2034690.9701917216,0.07878020284389912,0.9766448225008876,1104916.3487042992,199.23571892597263,0.23851072080769287,20
164,40,Temporal_Matrix+SVD+KNN,2107739.0499318587,0.08160851565581624,1.0062998553441416,1150797.9522693343,214.29672681354614,0.2226586514975084,20
131,10,Temporal_Matrix+SVD+KNN,950144.4333298252,0.04536586989055432,1.1153428755639943,336547.14585014223,47.290510621122635,0.10626889603442669,20
131,20,Temporal_Matrix+SVD+KNN,1114730.1953097032,0.04115664581448665,1.270803003195499,350837.8038154613,48.716315898357266,0.08578876607533092,20
131,30,Temporal_Matrix+SVD+KNN,1200542.7310095227,0.04432490675610333,1.3421045955299404,367710.33469105285,47.992961053080734,0.07028416145182337,20
131,40,Temporal_Matrix+SVD+KNN,1086588.9700781724,0.04011765140623163,1.227640936867103,357350.09572997084,48.263519095841836,0.08694651278581289,20
194,10,Temporal_Matrix+SVD+KNN,345290.2261966479,0.06781664408768077,1.459357041441897,150470.6794669318,176.07308198098295,0.32758006763363,20
194,20,Temporal_Matrix+SVD+KNN,384714.4407860315,0.07553362505333568,1.5186022089909619,229166.87082278667,448.70197853624427,0.07310951154549217,20
194,30,Temporal_Matrix+SVD+KNN,396032.4845790174,0.07775577422571911,1.5553130513557072,232686.55613761977,451.5178226099009,0.05334040023848963,20
194,40,Temporal_Matrix+SVD+KNN,416922.09724850405,0.04722061236240709,1.6357495141000897,232863.0514763392,464.6588825198352,0.04406371088459904,20
0,10,Temporal_Matrix+SVD+KNN,27696415.93187276,0.0709062250476944,0.18312403174757544,20868043.028938927,18.405957796231974,0.8851810757530122,20
0,20,Temporal_Matrix+SVD+KNN,30181368.207500927,0.07450762091013526,0.1970791348970733,22867886.740662564,20.340293414758662,0.8613642137818611,20
0,30,Temporal_Matrix+SVD+KNN,33278425.481208455,0.07831727922137838,0.21698044005147324,25303126.795373067,22.024313535875585,0.8296183914393682,20
0,40,Temporal_Matrix+SVD+KNN,36490277.81998937,0.08522601222531892,0.23707122514268192,27772728.304745153,24.04155639714798,0.7995346441357096,20
109,10,Temporal_Matrix+SVD+KNN,3818913.195098767,0.12228954647055146,0.338041972183568,2837970.170722151,31.88844905662196,0.6193480353715348,20
109,20,Temporal_Matrix+SVD+KNN,4110790.652964282,0.10770565693919329,0.35704697854267164,3016508.4729108238,34.9898499069984,0.5801414115696124,20
109,30,Temporal_Matrix+SVD+KNN,4270812.147963131,0.11189833462537382,0.3714530016246766,3141494.06594038,36.61154867509113,0.5378184162847466,20
109,40,Temporal_Matrix+SVD+KNN,4339517.043585376,0.11369845205840257,0.37848869745145886,3228521.1181765157,38.11172016364955,0.5128804748189175,20
13,10,Temporal_Matrix+SVD+KNN,2176058.8258994482,0.05936117558732142,3.7470142660025525,548802.881931582,874.7812709223348,0.14111032114587496,20
13,20,Temporal_Matrix+SVD+KNN,2724458.1784179206,0.038608960737658314,3.8696036688701825,637371.5556359569,1017.6202727745653,0.15979973016169746,20
13,30,Temporal_Matrix+SVD+KNN,2814901.456532767,0.03989065447088675,3.8575034571468514,713956.063400301,1397.4203354838069,0.16601342474012237,20
13,40,Temporal_Matrix+SVD+KNN,2558479.9043945153,0.03625684217117139,3.788533818866927,677710.9471030054,1422.663021368609,0.15547277259574865,20
192,10,Temporal_Matrix+SVD+KNN,34252.166117897934,0.07606012774793512,0.7015302056668219,18234.625311780776,41.65134702667865,0.5441262072835134,20
192,20,Temporal_Matrix+SVD+KNN,46372.24937626003,0.0520602987294583,0.9197437492534462,20425.197461326952,40.96291417531248,0.3709668747863615,20
192,30,Temporal_Matrix+SVD+KNN,48418.24523039041,0.054357257725365676,0.9521333268056776,21829.299251527646,40.99192045401012,0.30098895060659736,20
192,40,Temporal_Matrix+SVD+KNN,50131.330957437196,0.05628047162805128,0.993611240138626,22692.697429309403,41.37381840082179,0.2441815520661189,20
146,10,Temporal_Matrix+SVD+KNN,719722.7202881885,0.05584152831650481,1.5431759875804174,284264.90870684444,222.19402919194496,0.13326612195387932,20
146,20,Temporal_Matrix+SVD+KNN,568358.080426992,0.04408578628145452,1.2171039401753936,269443.11203282373,256.33829717677787,0.21803845316833648,20
146,30,Temporal_Matrix+SVD+KNN,802775.8192956945,0.0372910957893662,1.5961214983769467,300978.9056308835,245.17130067895891,0.12362556256912338,20
146,40,Temporal_Matrix+SVD+KNN,797464.7061036793,0.03704438029790388,1.6047491213474663,296794.2820670326,246.6157945218116,0.12661340013477473,20
123,10,Temporal_Matrix+SVD+KNN,2701134.811456331,0.07245742936201463,1.165617436587115,1149486.7828615177,68.32812701674233,0.31821129157824146,20
123,20,Temporal_Matrix+SVD+KNN,2567105.4393087323,0.06873901658238728,1.077404891049687,1185866.7691513281,72.43844875820133,0.32587163288272303,20
123,30,Temporal_Matrix+SVD+KNN,2424294.4824778996,0.06491498793930021,1.0208689549321668,1167417.2780033771,71.9705736679251,0.3492720845420112,20
123,40,Temporal_Matrix+SVD+KNN,2456713.9137651245,0.06578307843169705,1.0353593084907635,1201994.7821029585,75.05394733189388,0.32250077789346143,20
233,10,Temporal_Matrix+SVD+KNN,698888.609727168,0.06515562620666247,2.9066905376751553,218439.90723815022,373.9540975303292,0.07356853724247836,20
233,20,Temporal_Matrix+SVD+KNN,701590.0939975192,0.0654053121562551,2.643528183960041,238953.31221114247,318.21814037948093,0.045419950090634376,20
233,30,Temporal_Matrix+SVD+KNN,678311.1145079961,0.06323480275901544,2.6470156541798486,220012.67899680056,286.031451201058,0.07039335522002776,20
233,40,Temporal_Matrix+SVD+KNN,671462.8410245036,0.06259638004456154,2.584760122099889,224148.34651323923,282.6523043178723,0.051925716735995664,20
155,10,Temporal_Matrix+SVD+KNN,503560.0774714788,0.08489361750465282,0.975003734289188,307176.43441493524,186.01413505071892,0.23846561563708457,20
155,20,Temporal_Matrix+SVD+KNN,532450.4637470114,0.06253735001622814,1.0045472097441859,312552.69777543616,179.3186550842738,0.20930405185724932,20
155,30,Temporal_Matrix+SVD+KNN,507129.5308207917,0.05956335684134977,0.957374046769702,313182.31425759173,171.57442210373804,0.21750511254271931,20
155,40,Temporal_Matrix+SVD+KNN,534577.2933400484,0.06278715031830437,0.9997821570793264,323706.0348356845,183.08773771834456,0.19790882657586706,20
166,10,Temporal_Matrix+SVD+KNN,978198.6999305849,0.06993140985405388,1.8259056293841074,375096.5620184695,386.7758870595004,0.07197554130727268,20
166,20,Temporal_Matrix+SVD+KNN,1074080.8341984472,0.05133519665130845,2.0264975433182917,368030.35790322116,408.77406832704065,0.059724572110368745,20
166,30,Temporal_Matrix+SVD+KNN,1160083.5853939145,0.03710262679488525,2.182775214860517,368313.0993331843,413.5707642239352,0.07644281880041104,20
166,40,Temporal_Matrix+SVD+KNN,1211828.5142654327,0.038757570290871284,2.252759401842727,379017.85041637684,448.35897400074583,0.038485853401033165,20
6,10,Temporal_Matrix+SVD+KNN,522057.7990990262,0.07397187491623468,1.5299231542614844,231379.47456930383,333.9128568774904,0.203742634970006,20
6,20,Temporal_Matrix+SVD+KNN,507120.017302332,0.07185529754013179,1.4578869866755224,261907.09963052504,501.66077327356567,0.14085720976079208,20
6,30,Temporal_Matrix+SVD+KNN,519349.9385048384,0.07315092226761469,1.453453153356194,269725.85075684206,560.538687523976,0.14448122929907092,20
6,40,Temporal_Matrix+SVD+KNN,499409.70137113717,0.07034232130625807,1.4120561992291771,248078.0825880209,445.4644697177166,0.15035302858667698,20
137,10,Temporal_Matrix+SVD+KNN,8111409.310704337,0.10884705843239356,1.4243378245493055,3375146.594827574,78.50770679811336,0.0994119246770907,20
137,20,Temporal_Matrix+SVD+KNN,7787129.559709162,0.07683546409100503,1.4190579185132925,3226659.4289915846,86.03451581403044,0.0999237701260074,20
137,30,Temporal_Matrix+SVD+KNN,7307111.157870169,0.07209913135187193,1.3480343873561955,3133260.609062006,89.15470519113296,0.1268656549760664,20
137,40,Temporal_Matrix+SVD+KNN,7414291.156753617,0.07315667442886045,1.367572614046335,3238537.926589693,90.58763470060165,0.12038552483996146,20
41,10,Temporal_Matrix+SVD+KNN,1029295.725455636,0.09164131545924122,0.9246039748616462,570275.6050296368,374.5793704002733,0.49252116243037614,20
41,20,Temporal_Matrix+SVD+KNN,1001833.3855232405,0.08919626017070446,0.8762790856797431,581715.3706399383,458.5246843353477,0.4852102409887008,20
41,30,Temporal_Matrix+SVD+KNN,1090148.8546647264,0.09705925383459356,0.9375415307189737,627682.3019092332,459.09336241676834,0.430340297400167,20
41,40,Temporal_Matrix+SVD+KNN,1102187.3833019128,0.09813108049550497,0.9440876996102469,643885.7072631952,500.45861744655406,0.4150939622462365,20
251,10,Temporal_Matrix+SVD+KNN,237964.6867965284,0.07747520934624552,2.4726668950713124,95665.38560323563,562.493727783689,0.06783127111425113,20
251,20,Temporal_Matrix+SVD+KNN,286999.11732754624,0.051708107037994035,2.4937600082307463,109978.82381045178,610.7211602869545,0.06749005811911635,20
251,30,Temporal_Matrix+SVD+KNN,311537.22094094066,0.054489019278879405,2.713933584663518,111087.71192500897,566.4058754908175,0.04424745715312706,20
251,40,Temporal_Matrix+SVD+KNN,291062.48619862477,0.05090791197897353,2.591538722114771,96088.67486342657,349.6178466353107,0.09276297459482985,20
228,10,Temporal_Matrix+SVD+KNN,244295.10280647455,0.09174424102666381,1.268006677524206,111813.36610665485,1129.3351471247909,0.47920200399570134,20
228,20,Temporal_Matrix+SVD+KNN,257248.9959654713,0.09660903398632502,1.2440306056774522,117735.10790871491,679.592868301231,0.47967517806992344,20
228,30,Temporal_Matrix+SVD+KNN,310621.85910118354,0.03882085346181735,1.4653373676244392,128021.37236987131,482.32557709872515,0.3763188744375485,20
228,40,Temporal_Matrix+SVD+KNN,343180.6468211869,0.035862992684938894,1.6120405936372304,130548.10555536537,414.39893799979836,0.3341115940076709,20
98,10,Temporal_Matrix+SVD+KNN,2205142.462945766,0.06094159645665047,1.024937535218477,1133516.9261892927,127.5025124528888,0.3098612997027528,20
98,20,Temporal_Matrix+SVD+KNN,2142347.2352595534,0.05916396251585655,0.9727942337386972,1215101.3541318346,132.35407423601887,0.2619649784301984,20
98,30,Temporal_Matrix+SVD+KNN,2150190.388167786,0.059380562326116805,0.9913236496219712,1253995.2502370859,138.3602143613154,0.23685876658438354,20
98,40,Temporal_Matrix+SVD+KNN,2198528.221469705,0.06071548026589046,0.9975818510513533,1318288.909164844,149.74344378264593,0.2213409414088956,20
162,10,Temporal_Matrix+SVD+KNN,59927.618349284305,0.06399295952694782,2.846745319280054,23346.836833314297,12644.459819737685,0.08895695721586405,20
162,20,Temporal_Matrix+SVD+KNN,63852.19224853307,0.0681837667976683,2.8300958539817103,25102.273817687557,9341.620602002571,0.040438843875169495,20
162,30,Temporal_Matrix+SVD+KNN,65894.83984784386,0.06317181954886288,2.809660932908027,25852.375637565623,5803.328120528567,0.0352658768715538,20
162,40,Temporal_Matrix+SVD+KNN,78250.66023272558,0.05265835489839185,3.2167302464734306,31837.18815762441,4614.754504311045,-0.13030534424153806,20
143,10,Temporal_Matrix+SVD+KNN,707035.4239798716,0.06482849047177665,1.5653913887530273,347958.0777941791,361.8359164652892,0.06967870669135767,20
143,20,Temporal_Matrix+SVD+KNN,644684.6919730469,0.059111515481952356,1.4371128965515012,336695.5516938011,351.83636244032857,0.08382792095487768,20
143,30,Temporal_Matrix+SVD+KNN,716320.8243190558,0.04725418381440535,1.5948170101962693,358302.42283067474,341.51905732795893,0.032715868693534045,20
143,40,Temporal_Matrix+SVD+KNN,748472.3820685004,0.04937515470933359,1.6674129310804064,363566.4728724782,359.2891493490437,0.011743191900428496,20
64,10,Temporal_Matrix+SVD+KNN,723734.5758911514,0.07727408945056902,0.9183934195922305,384440.6363627567,190.10045576701322,0.5778498157309366,20
64,20,Temporal_Matrix+SVD+KNN,802468.9711092258,0.058954938110152184,0.9518001195729583,400852.081052325,210.37832083599514,0.5594612521751905,20
64,30,Temporal_Matrix+SVD+KNN,753809.0046464478,0.055380039373208144,0.928155327574255,403138.80764172896,228.65289527394012,0.5615598397663468,20
64,40,Temporal_Matrix+SVD+KNN,802276.4213534701,0.0589407920691931,0.9927284015216987,415167.88551121316,241.07835461851943,0.5220491099909964,20
104,10,Temporal_Matrix+SVD+KNN,1186709.972489713,0.11581740203249635,0.5327904003463716,795879.8094145859,52.06563277951479,0.6207796841342514,20
104,20,Temporal_Matrix+SVD+KNN,1437835.0859534051,0.07653372012870216,0.6013926370672945,879549.745610784,53.247101813702194,0.5755993493931943,20
104,30,Temporal_Matrix+SVD+KNN,1494844.255212727,0.07956822933458207,0.6207346716107225,907600.4079550552,54.96029207093773,0.5493928787785336,20
104,40,Temporal_Matrix+SVD+KNN,1546667.743305472,0.06734739971266064,0.6434796274961482,925349.4630624991,56.69094212248771,0.530384799212563,20
133,10,Temporal_Matrix+SVD+KNN,385395.3455658806,0.09915397324474026,1.2080316745021595,219592.96760181748,384.87287989573235,0.2468120926446441,20
133,20,Temporal_Matrix+SVD+KNN,459147.13147564087,0.040489967810411844,1.4249678277732636,219580.1838051496,1212.8221315403828,0.19374131015611906,20
133,30,Temporal_Matrix+SVD+KNN,489290.1294665878,0.043148133210335504,1.5294696476626775,267292.4876599556,1266.7911411079099,-0.017424056256133413,20
133,40,Temporal_Matrix+SVD+KNN,473274.93514803,0.041735830577948704,1.4892152693551366,270639.46690386446,1676.247825535004,-0.028574592861656756,20
265,10,Temporal_Matrix+SVD+KNN,88546.22149131015,0.08289785648272863,1.9610647777301375,39013.68593518001,6732.892032898497,0.4356245906613284,20
265,20,Temporal_Matrix+SVD+KNN,95279.4401247848,0.08920132952236635,1.9717907823961094,43633.97258647875,7799.823575597439,0.34556701854920324,20
265,30,Temporal_Matrix+SVD+KNN,100993.68876105397,0.09455105213732941,2.063016060265023,46461.922364263904,7320.322763717823,0.25347240167850416,20
265,40,Temporal_Matrix+SVD+KNN,104865.27585114619,0.05123566569245602,2.1602258583321676,47651.74523587517,7876.3732507199475,0.23413094347565466,20
114,10,Temporal_Matrix+SVD+KNN,1325658.566436844,0.05987386462091143,1.515963286701051,581814.2625924884,804.0507542969639,0.3188212217822739,20
114,20,Temporal_Matrix+SVD+KNN,1609242.9723722958,0.04555159041646931,1.7712540178577836,649409.9492322949,639.8922954127239,0.21092966218152998,20
114,30,Temporal_Matrix+SVD+KNN,1516829.133023661,0.042935703672768485,1.7079685344762838,681809.1565226984,697.9425658438729,0.20535026207827534,20
114,40,Temporal_Matrix+SVD+KNN,1572269.82322935,0.04450450630525026,1.7261396031753173,733785.348415174,1499.937419319653,0.1652986795652459,20
33,10,Temporal_Matrix+SVD+KNN,2380288.4635352753,0.09417760113325828,0.537619946242052,1542266.2699169675,48.39869020827206,0.47305422697871335,20
33,20,Temporal_Matrix+SVD+KNN,2853323.049573073,0.08056708287293864,0.6259863881679968,1689222.0923703553,55.428972732645256,0.3967259694640819,20
33,30,Temporal_Matrix+SVD+KNN,2922375.3029544074,0.06854962916240519,0.6412022770043312,1713205.878808429,55.39714483290633,0.3727988859760051,20
33,40,Temporal_Matrix+SVD+KNN,2935219.8120014537,0.06885092048903871,0.6419908399863931,1752162.9136373547,56.76196521220758,0.36922232250624887,20
135,10,Temporal_Matrix+SVD+KNN,508602.48257373954,0.045195337237210934,1.493640832751498,171602.95583684926,77.26536288506534,0.18889547386600225,20
135,20,Temporal_Matrix+SVD+KNN,469192.8980232724,0.04169072009926128,1.3843621063378821,174451.48397689572,116.28067516705897,0.2123574006190787,20
135,30,Temporal_Matrix+SVD+KNN,479613.5762832857,0.04261666246201443,1.365397192146267,192137.64354754158,113.77280667441627,0.17743787709497794,20
135,40,Temporal_Matrix+SVD+KNN,458687.1762224148,0.04075722108662589,1.3216088265314079,196393.26062992902,125.46516027047345,0.15895307165772632,20
97,10,Temporal_Matrix+SVD+KNN,3986438.122152547,0.07361722286010773,1.0461880791677634,1786422.5912036737,61.17348075349869,0.25241009808401293,20
97,20,Temporal_Matrix+SVD+KNN,4427680.390588088,0.07832035818457628,1.1152704591104001,2123698.6549512222,85.17028882902366,0.128035621228068,20
97,30,Temporal_Matrix+SVD+KNN,4730543.097405936,0.08214790443229632,1.1684260170967504,2245039.068121128,92.4193348159801,0.0905646895706772,20
97,40,Temporal_Matrix+SVD+KNN,5166760.424680626,0.0469410437654731,1.2560963419512894,2369587.8760142163,94.71388678080221,0.04609248915537412,20
225,10,Temporal_Matrix+SVD+KNN,1767543.426985312,0.16849633849677498,0.7503695939517517,1299009.8914021123,212.49928729304645,0.0851388982764274,20
225,20,Temporal_Matrix+SVD+KNN,1719714.5725111787,0.1639204328135048,0.7508279380167967,1284163.273551386,235.16914509350335,0.08767462233970924,20
225,30,Temporal_Matrix+SVD+KNN,1744963.3401745518,0.15889869908498575,0.7578134134248583,1293212.2296372824,211.5420981646679,0.05818681381870261,20
225,40,Temporal_Matrix+SVD+KNN,1744358.911296325,0.15410197486871333,0.7634548718026299,1301576.4747450883,213.04605788138522,0.03853017200397235,20
270,10,Temporal_Matrix+SVD+KNN,4.040507598882997,0.08664419440063612,0.4273875376212795,2.739375423256407,39.254410359481284,0.41881305459500406,20
270,20,Temporal_Matrix+SVD+KNN,29.932995686539762,0.026816127402813614,2.8812601995192186,3.5822109188327937,42.50088920614307,0.009000678720619493,20
270,30,Temporal_Matrix+SVD+KNN,24.627526427534825,0.022063106987781637,2.41723482292892,3.368960079395198,40.526301335601275,0.01218213383049982,20
270,40,Temporal_Matrix+SVD+KNN,21.655500928551337,0.019400553087070976,2.150589061686454,3.3704843231308006,41.969883847278545,0.013810939899678965,20
200,10,Temporal_Matrix+SVD+KNN,1015264.9846440718,0.08018270029104438,0.9504340331815335,558203.5633141921,177.35277030145647,0.22775273054044298,20
200,20,Temporal_Matrix+SVD+KNN,915512.1205905969,0.07228714824403118,0.8891266475637053,536274.7167991127,274.15260592384965,0.23367556827481994,20
200,30,Temporal_Matrix+SVD+KNN,975907.7742644368,0.07705587764938261,0.9189937927343921,564825.9360477601,238.84238473411793,0.19554947703128234,20
200,40,Temporal_Matrix+SVD+KNN,1000349.7610529555,0.07898577183933665,0.9357499588774438,578732.1992672482,235.28860787185053,0.17416034451364393,20
61,10,Temporal_Matrix+SVD+KNN,37863266.8716702,0.06410861188748432,0.7694782519645806,16984882.386922725,36.91282731545748,0.20035192229018461,20
61,20,Temporal_Matrix+SVD+KNN,45544623.47055421,0.05245149928716351,0.888482533899513,18501113.42961414,38.11312684109557,0.1209266518556209,20
61,30,Temporal_Matrix+SVD+KNN,50176480.004724,0.04747066249381346,0.9690032149222005,19114036.290836386,37.937640883749445,0.10392491397054371,20
61,40,Temporal_Matrix+SVD+KNN,46463345.196154095,0.043957762241044473,0.9040906199745755,18979125.495929834,38.25157481685061,0.10007062550090084,20
68,10,Temporal_Matrix+SVD+KNN,8142712.402161054,0.09078965817156556,0.3235846881873349,5985503.041166917,34.70307606248859,0.7043102552440184,20
68,20,Temporal_Matrix+SVD+KNN,9081103.856340485,0.10125254021237766,0.3550473804603258,6583857.492178763,39.47360212946354,0.6496102509699995,20
68,30,Temporal_Matrix+SVD+KNN,9335699.188936917,0.09837776835147352,0.36741721988010695,6771885.851916986,41.59937250528189,0.6155974520497289,20
68,40,Temporal_Matrix+SVD+KNN,9991764.944124078,0.09987550890340498,0.3894726789997479,7244681.953859259,42.63538966161331,0.5803261319707964,20
14,10,Temporal_Matrix+SVD+KNN,1090899.8688043675,0.10708224630448225,1.9185596861340122,490813.5813053717,544.8281394814044,0.0932551793687425,20
14,20,Temporal_Matrix+SVD+KNN,1207497.7173733555,0.11412371436520818,1.9684403025840738,541661.8489834247,614.3750876201748,0.08462666962609255,20
14,30,Temporal_Matrix+SVD+KNN,1218363.1656920968,0.07830743710258223,2.076926028547489,598640.9671708352,961.6099779787728,0.022426876388289108,20
14,40,Temporal_Matrix+SVD+KNN,1189987.1936985054,0.07648363800500318,2.070938461170267,593600.3335974833,948.205130087281,-0.005935467712511189,20
91,10,Temporal_Matrix+SVD+KNN,1235609.9397219787,0.04162042292586538,3.0129423496983327,288934.27248550236,505.6586323462427,0.25194312448475364,20
91,20,Temporal_Matrix+SVD+KNN,1246000.7786930376,0.041970279069271144,2.728315075549498,372966.1464927257,724.6236648182982,0.18283309054549957,20
91,30,Temporal_Matrix+SVD+KNN,1094831.2143282378,0.036878284817208284,2.3939430429023005,350255.83215084835,790.4410931846857,0.2565448366721371,20
91,40,Temporal_Matrix+SVD+KNN,1268218.9191455105,0.04271867471326799,2.7406140266012606,386842.7237769095,753.5210643477283,0.16554596411174638,20
258,10,Temporal_Matrix+SVD+KNN,821982.5269751911,0.06743584858924545,5.855914676759443,203520.41628212223,8886.365984718637,0.025455235486420702,20
258,20,Temporal_Matrix+SVD+KNN,741046.5199390607,0.060795808829037117,6.147636107296407,184833.47846533055,9564.128141925969,0.016278311323243533,20
258,30,Temporal_Matrix+SVD+KNN,765297.8718201309,0.0627854012677527,6.25919825296841,196227.67139756784,9261.001126493626,-0.012563739909446703,20
258,40,Temporal_Matrix+SVD+KNN,785635.941207212,0.04982788140932406,6.204236112104549,207110.45867961756,9429.307058118615,0.01752719863259211,20
278,10,Temporal_Matrix+SVD+KNN,3407159.033867425,0.09199339104656236,2.5609389899617123,1280711.3796817884,107998.80949033948,-0.018115390612048143,20
278,20,Temporal_Matrix+SVD+KNN,3246637.936195734,0.08765931426658366,2.4315809576833693,1316307.5882024548,208457.51673743888,-0.003806319518824708,20
278,30,Temporal_Matrix+SVD+KNN,3262641.2392332656,0.08809140389217159,2.3660800791063585,1383860.1883945114,200877.66977327966,-0.008740385985305688,20
278,40,Temporal_Matrix+SVD+KNN,3281556.4271530323,0.0832094399910223,2.3937214157921436,1154948.5864139772,73838.632855667,-0.00832507452459108,20
188,10,Temporal_Matrix+SVD+KNN,237737.72932258237,0.06467533047319746,1.6445216267345366,106912.70618505527,136.5384206691082,-0.20764588933657002,20
188,20,Temporal_Matrix+SVD+KNN,324150.95036894863,0.03395963788409277,2.163293247513995,108661.98867695959,147.6046030452866,-0.04801807465754426,20
188,30,Temporal_Matrix+SVD+KNN,331419.5894726926,0.034721136042874495,2.183932840519276,122170.88103392025,184.85529552260033,-0.07695817252015491,20
188,40,Temporal_Matrix+SVD+KNN,341997.735250681,0.03582935429642815,2.259015848671081,123308.78061028932,193.1290971953809,-0.095254850326155,20
272,10,Temporal_Matrix+SVD+KNN,4.3880727166033555,0.1338824816917425,0.47030503330860707,3.03969290079748,37.318929288235545,0.2563294230883224,20
272,20,Temporal_Matrix+SVD+KNN,4.164711679352457,0.09791641879355302,0.45685354955329893,2.91031417143884,37.80668399897637,0.25838228402820596,20
272,30,Temporal_Matrix+SVD+KNN,4.270761010997424,0.10040974163787043,0.46388282131499653,2.950354644719344,36.761976198663014,0.21559084612065194,20
272,40,Temporal_Matrix+SVD+KNN,19.689496589227627,0.0198681331822395,2.0577399679346264,3.300622417177121,35.724245261753204,0.005033946182680715,20
197,10,Temporal_Matrix+SVD+KNN,207203.33973688682,0.0876406132805148,2.47595591600014,87719.03199718356,2712.4972540322183,0.05656690642114626,20
197,20,Temporal_Matrix+SVD+KNN,263956.2214216999,0.04663906553984326,2.897524405239747,93002.67702037706,2660.8614437725687,0.0370460009598631,20
197,30,Temporal_Matrix+SVD+KNN,243214.590501148,0.04297417642036546,2.70862545564312,95208.89018275903,2972.428339317651,0.037547804799855866,20
197,40,Temporal_Matrix+SVD+KNN,231427.27737316999,0.040891319322407936,2.6555986284156816,98290.48104339855,3182.667400540611,0.011298654197597124,20
259,10,Temporal_Matrix+SVD+KNN,319431.14224539214,0.06408563051816317,7.2017616855779725,61296.86457057522,6259.387655079091,-0.113836672212148,20
259,20,Temporal_Matrix+SVD+KNN,272922.6691751089,0.05168726550281646,7.682791850031764,51092.889649162804,7356.272408307233,-0.14428618733845733,20
259,30,Temporal_Matrix+SVD+KNN,406298.9776255915,0.031249792990049374,9.605963212417866,63791.74307163558,5991.106225280048,-0.12209130799455692,20
259,40,Temporal_Matrix+SVD+KNN,495476.7732233292,0.02721115082210227,11.194122551177601,61867.73736938506,8051.22280297671,-0.044382520814320925,20
209,10,Temporal_Matrix+SVD+KNN,1487372.6696061818,0.152311023012283,0.5490445247945315,1091209.0071103005,493974.75236364827,0.2809681331887369,20
209,20,Temporal_Matrix+SVD+KNN,1513503.7285016978,0.10183154427826879,0.5774358113513698,1096244.2836756671,512650.1585165238,0.24345367511411065,20
209,30,Temporal_Matrix+SVD+KNN,1522388.4536998014,0.10242932627931256,0.579526889715398,1119120.5145639821,426893.15746619634,0.2139134764862285,20
209,40,Temporal_Matrix+SVD+KNN,1537181.9545524884,0.1034246624709203,0.5855651689147675,1138435.132242504,314098.9934889495,0.18964258867059858,20
132,10,Temporal_Matrix+SVD+KNN,1367356.1083974752,0.08318800952968007,1.4076338372289001,626648.3563855648,532.0502429887396,0.553214807689887,20
132,20,Temporal_Matrix+SVD+KNN,1576509.381017398,0.06869981862978417,1.6020854187540896,681023.9891791745,499.5211662671494,0.43158494879107157,20
132,30,Temporal_Matrix+SVD+KNN,1565754.618483028,0.06823115650546442,1.6177609756994444,714528.0107784633,534.1708919082231,0.3986571203451006,20
132,40,Temporal_Matrix+SVD+KNN,1677772.6664979428,0.07311258612113898,1.7064132355168402,778982.7028484348,581.6396357207342,0.3359143511133196,20
201,10,Temporal_Matrix+SVD+KNN,944992.0322009015,0.06870015134304959,1.806881922034174,386821.5014614764,390.1941239429064,0.10083201339470627,20
201,20,Temporal_Matrix+SVD+KNN,1430520.2505108905,0.036821377168398346,2.4033376880354513,547195.7453579874,1060.6551919210474,-0.023534158837075214,20
201,30,Temporal_Matrix+SVD+KNN,1370200.2413546848,0.035268749159708034,2.2925309351936973,480259.8538019176,568.889363337882,0.005443512496690395,20
201,40,Temporal_Matrix+SVD+KNN,1274631.1371887801,0.032808814720554184,2.1850075031134555,478826.6864453926,589.7624611745215,0.007883752592176885,20
21,10,Temporal_Matrix+SVD+KNN,5521910.806509187,0.08919607139881487,7.287440072259884,1229925.9122699013,927508.4379719587,-0.09719409973290016,20
21,20,Temporal_Matrix+SVD+KNN,6211385.630656581,0.05291252508267686,7.679235871855592,1320237.0920967904,1384860.500634181,0.006471932267360203,20
21,30,Temporal_Matrix+SVD+KNN,5682634.407332089,0.04840828656029743,7.196977149752345,994477.8983135712,569953.5295911453,0.042446585497686096,20
21,40,Temporal_Matrix+SVD+KNN,6210316.792295785,0.051252016137101966,7.540225356697922,1061733.117630084,776725.4782722268,0.0321989009316328,20
144,10,Temporal_Matrix+SVD+KNN,1204440.9638998583,0.05324196581091925,1.4136389666902947,566697.5895496851,342.0321458417841,0.26861268178824105,20
144,20,Temporal_Matrix+SVD+KNN,1048544.0228334004,0.046337177276081866,1.2101118802833588,569737.3199278775,365.5177089728116,0.3465472784597957,20
144,30,Temporal_Matrix+SVD+KNN,1046801.4133947103,0.04626016801302264,1.2273674832969663,551802.9069609288,295.50385500990217,0.29480299069606897,20
144,40,Temporal_Matrix+SVD+KNN,987458.7721624996,0.04363770254955323,1.1629451127562274,569500.0183370309,379.5519241658898,0.3383143004553454,20
12,10,Temporal_Matrix+SVD+KNN,1123314.5246043892,0.0816019379969514,0.9218123460146966,613862.3184538935,103.39441741995155,0.5882326558876647,20
12,20,Temporal_Matrix+SVD+KNN,1237217.4295319892,0.08973492308209875,0.9271150488531961,677134.941342219,110.7584979746184,0.5663916881583093,20
12,30,Temporal_Matrix+SVD+KNN,1297851.9186503005,0.08226014134119604,0.9860057950375383,709005.6794660421,123.07245758213234,0.5238485396107422,20
12,40,Temporal_Matrix+SVD+KNN,1295440.8040868405,0.08210732065192489,1.0042317085067727,727862.1814933158,133.75365708939825,0.4937621913821114,20
23,10,Temporal_Matrix+SVD+KNN,7189328.328943875,0.08049629890552137,0.2918063800797609,5296375.383138561,48.56636841089566,0.8127177091282032,20
23,20,Temporal_Matrix+SVD+KNN,8060294.396268151,0.08451514354552146,0.31617822123291833,5838737.337992366,42.58913174767135,0.7788626724828727,20
23,30,Temporal_Matrix+SVD+KNN,8795844.47659415,0.09222765596348645,0.34597572986500236,6439080.951379402,43.311264675051916,0.7308703795038063,20
23,40,Temporal_Matrix+SVD+KNN,9950352.490198532,0.10433309600044154,0.38620588626793817,7191199.255595131,43.716912879125374,0.669311467322528,20
117,10,Temporal_Matrix+SVD+KNN,349689.74116467685,0.11211671244093503,0.9301443769512858,228383.22046534764,32153.267709160406,0.4695885962383908,20
117,20,Temporal_Matrix+SVD+KNN,407318.0141830204,0.10984272118234178,0.997418353209482,255951.45405918406,15218.581559194243,0.42661009682894635,20
117,30,Temporal_Matrix+SVD+KNN,419486.7288594305,0.11312429647929832,1.0321708514765917,269352.7091965454,16514.452338085724,0.4008627578327312,20
117,40,Temporal_Matrix+SVD+KNN,418687.0729712344,0.10954025442278063,1.026047756196191,270675.8836714892,13050.030598092408,0.39469965993419365,20
118,10,Temporal_Matrix+SVD+KNN,24035.6043016003,0.1059498937336293,0.4745144532511362,16131.296918003678,48.1091927860474,0.31220128833990957,20
118,20,Temporal_Matrix+SVD+KNN,25036.96139577278,0.11030447365454947,0.4913723918002549,17346.3743445988,67.79241968392924,0.2696473792427966,20
118,30,Temporal_Matrix+SVD+KNN,25777.92802392271,0.11353912627752152,0.5039905235391146,17912.927239385896,67.02805480124748,0.21254211299133885,20
118,40,Temporal_Matrix+SVD+KNN,26035.188945102876,0.11467223442294887,0.5104957963585904,18315.26877469158,77.89034614875335,0.1722131908867771,20
32,10,Temporal_Matrix+SVD+KNN,1820307.9619115235,0.10867207063136239,0.41546666808032817,1316773.6703387008,37.63794611083021,0.37841587242307995,20
32,20,Temporal_Matrix+SVD+KNN,1915606.1420306517,0.10991194846831315,0.42544162927934254,1379845.6994260857,38.12886106840296,0.36214045944729134,20
32,30,Temporal_Matrix+SVD+KNN,1932017.6309653176,0.11073190975179235,0.4275938597782071,1395067.3788555427,38.387364625127375,0.3459870975001915,20
32,40,Temporal_Matrix+SVD+KNN,2001430.9256247967,0.08678392831126357,0.4422136992907007,1443665.5867553998,40.99161173808602,0.30900648587379886,20
37,10,Temporal_Matrix+SVD+KNN,9.866505459724362,0.11269995575378118,0.5113875284858034,6.7102526361464685,46.33436490151094,0.03752647664616415,20
37,20,Temporal_Matrix+SVD+KNN,11.28017161832498,0.07088998293759152,0.564059573159621,7.080818773066115,46.666139950556364,0.011412984685215455,20
37,30,Temporal_Matrix+SVD+KNN,11.30738331405225,0.07106099422279888,0.5595977006245703,7.2723490512370645,46.5373052224607,-0.029449468035209758,20
37,40,Temporal_Matrix+SVD+KNN,11.074105263923547,0.06959496360261988,0.5483529548185204,7.172630713073978,45.47313483842556,-0.04860013106027594,20
249,10,Temporal_Matrix+SVD+KNN,368841.7604834929,0.06053850695068045,2.327813744678119,113745.27198344939,2262.980953068207,0.424368269901501,20
249,20,Temporal_Matrix+SVD+KNN,354101.49073535274,0.05811858987661962,2.122116249588789,124575.5652162952,2744.849674005394,0.4000045719691264,20
249,30,Temporal_Matrix+SVD+KNN,394092.03703788586,0.04201017337868418,2.402084254830537,131854.63807331878,2943.9998803630383,0.34392084234778686,20
249,40,Temporal_Matrix+SVD+KNN,370368.3277246516,0.03948122823956008,2.3662663634294283,131125.03741093137,3161.04277981293,0.3372825932464554,20
43,10,Temporal_Matrix+SVD+KNN,599556.6945589985,0.06337146477747967,2.144812682820971,207070.98347479352,583.7444786854041,0.38393554726708556,20
43,20,Temporal_Matrix+SVD+KNN,548344.650876142,0.05795354837115476,1.8311494930745367,213894.12061388697,568.4177090347107,0.41563759352475893,20
43,30,Temporal_Matrix+SVD+KNN,582162.7678203906,0.06152772361480563,1.923632832646617,223374.34578315273,610.834601199215,0.3905026780467854,20
43,40,Temporal_Matrix+SVD+KNN,598212.8016513921,0.05746780294249854,2.005852376292369,227609.61542860183,2400.595960943248,0.36339433506180474,20
172,10,Temporal_Matrix+SVD+KNN,1539248.2253177413,0.13177787957065928,1.148531169084985,1024232.1254599867,354.6166033191857,-0.027754345146014048,20
172,20,Temporal_Matrix+SVD+KNN,1508985.587449131,0.12911290208721132,1.1083086709738987,1011505.2865302449,361.4819238546741,-0.04890595447125112,20
172,30,Temporal_Matrix+SVD+KNN,1555464.8269545445,0.13308979195896617,1.1226241003882973,1032987.1216982673,367.3845589716833,-0.06020810576763158,20
172,40,Temporal_Matrix+SVD+KNN,1564072.8466215248,0.1338263174829153,1.124156721891749,1042380.1622046891,368.13248915028106,-0.07480798446960368,20
77,10,Temporal_Matrix+SVD+KNN,458424.8709317413,0.09042138381341747,0.9877606008353454,273447.7710833654,135.08672131957172,0.1256656905563438,20
77,20,Temporal_Matrix+SVD+KNN,713750.4043529935,0.048349386510100865,1.41791178280995,309137.98406019766,166.2068478281012,0.07476393204247167,20
77,30,Temporal_Matrix+SVD+KNN,627359.8828300734,0.04249730055617809,1.2646463311646887,298927.5034885691,164.84992262177596,0.08495346084794841,20
77,40,Temporal_Matrix+SVD+KNN,589802.6421373012,0.039953176538267667,1.2055558469817418,300086.3917930845,175.05920660994744,0.09372793034764859,20
36,10,Temporal_Matrix+SVD+KNN,887884.3161932041,0.09822894277907251,0.5952836758093795,605791.4249671451,86.98305045649843,0.5710166408224708,20
36,20,Temporal_Matrix+SVD+KNN,1002622.9338411763,0.08506123698641849,0.6366520722114904,648768.0549380764,95.18846525278167,0.5374393165464261,20
36,30,Temporal_Matrix+SVD+KNN,1130165.9734890983,0.07102315302122934,0.7037658870799038,691856.2164277432,94.60530033467094,0.4487140750630415,20
36,40,Temporal_Matrix+SVD+KNN,1212646.505202036,0.054619485326687846,0.7522739037380891,705545.3185078773,91.32061120617031,0.4104272612191072,20
153,10,Temporal_Matrix+SVD+KNN,333632.2467728237,0.0731534430190819,1.0300654310518544,179338.12266952047,279.3921636360433,0.2631634773784819,20
153,20,Temporal_Matrix+SVD+KNN,335765.9633499108,0.07362128962429058,1.00088932171764,184117.3154055515,209.04699110978643,0.23780424296618263,20
153,30,Temporal_Matrix+SVD+KNN,354315.7280891395,0.0474176678006535,1.049937616267196,186123.75192347783,166.95895535276654,0.20529658867792144,20
153,40,Temporal_Matrix+SVD+KNN,348021.1434491261,0.04657527075265071,1.0336990807158886,190520.1001623654,191.73748236388056,0.18462514189907653,20
16,10,Temporal_Matrix+SVD+KNN,450413.18874428095,0.09518475778751474,1.0517278711097078,235750.0622665602,245.3124461862455,0.49690865318197075,20
16,20,Temporal_Matrix+SVD+KNN,446568.91471098625,0.09437084968641639,0.9981971523671632,246939.79561799899,261.4683994888916,0.49240294854854494,20
16,30,Temporal_Matrix+SVD+KNN,487213.9867113219,0.04672457637563369,1.098580756753613,254941.45639686944,273.6682907879889,0.4373408864222509,20
16,40,Temporal_Matrix+SVD+KNN,510974.7830317015,0.04335534889163125,1.1650677538638132,256969.57798051983,291.0091519623177,0.411185130382529,20
52,10,Temporal_Matrix+SVD+KNN,6026772.298654158,0.11534117975270555,0.4990514139801449,4138012.4094764357,63.583915202982844,0.5935545065414849,20
52,20,Temporal_Matrix+SVD+KNN,6131678.185496709,0.10692051822192969,0.49064567549792104,4255220.157257365,66.81171917947236,0.59296268957744,20
52,30,Temporal_Matrix+SVD+KNN,6440768.115192019,0.11231024261065757,0.5145213484541011,4491801.213764665,70.5968293641725,0.5542657252793214,20
52,40,Temporal_Matrix+SVD+KNN,6656969.026360008,0.11608022413330367,0.5310168994320894,4667756.1276373,74.11246987712998,0.5288704960147625,20
3,10,Temporal_Matrix+SVD+KNN,15338054.543200599,0.07666244563497596,0.2937722098861792,10761401.894963874,27.075458941968666,0.8005831089439704,20
3,20,Temporal_Matrix+SVD+KNN,17138145.816886555,0.0856596361859849,0.32360674108743576,12011181.648541432,30.419482349055045,0.7551385993184192,20
3,30,Temporal_Matrix+SVD+KNN,18259546.16543047,0.09126460342698363,0.34679019106593784,12905920.669407949,34.140257702554045,0.715972734368369,20
3,40,Temporal_Matrix+SVD+KNN,20509872.616284266,0.10251215302420448,0.3866335742702562,14527429.706823014,37.24124896717316,0.6517478328130026,20
108,10,Temporal_Matrix+SVD+KNN,2786953.1461612484,0.11044512872868607,0.2888198985895534,2082988.4299485849,31.09563180243079,0.6049803990286251,20
108,20,Temporal_Matrix+SVD+KNN,3002888.44180101,0.10239620501164243,0.30922460736105617,2201760.5005787835,52.69146652718626,0.5697150894894233,20
108,30,Temporal_Matrix+SVD+KNN,3137361.5975834522,0.10698163703648417,0.3252077617271772,2315134.2305003316,49.609577011199384,0.5156193661944891,20
108,40,Temporal_Matrix+SVD+KNN,3310125.76236688,0.11287276325668404,0.3434063846609204,2437662.367031378,56.79357559039705,0.4612561739521617,20
245,10,Temporal_Matrix+SVD+KNN,135753.67652170046,0.0965767588646032,1.7946715428067117,70181.82016845193,1228.4252731673337,0.26326755593377704,20
245,20,Temporal_Matrix+SVD+KNN,163318.05357689766,0.08194220621551736,2.0243316439173324,76606.0569568696,1318.9974007263106,0.24543702930603872,20
245,30,Temporal_Matrix+SVD+KNN,187509.85364311736,0.059776487102862125,2.2510654717510556,79543.10686299161,1333.553784625391,0.17324504775943783,20
245,40,Temporal_Matrix+SVD+KNN,202513.64072862684,0.03995454915645014,2.4196509499199474,80354.23926646488,1400.6072609751582,0.15005287037254966,20
195,10,Temporal_Matrix+SVD+KNN,104040.02418039172,0.09812438992660981,1.422145659319034,55491.53382360873,311.40528152690825,0.3099423468372816,20
195,20,Temporal_Matrix+SVD+KNN,151123.1581632688,0.058185232028349534,1.779072709576899,65359.16858797757,281.6179007439026,0.19366484673539808,20
195,30,Temporal_Matrix+SVD+KNN,154814.6684387157,0.051215725537138,1.8790301965568268,66020.72275061125,284.98669803114143,0.14786760645798103,20
195,40,Temporal_Matrix+SVD+KNN,140687.16812673493,0.04654207163986108,1.7380191320556475,60856.4621110885,264.9014761408045,0.20401024930989664,20
198,10,Temporal_Matrix+SVD+KNN,723227.1977543607,0.05774012522587991,1.1387763408500997,371578.2358878917,335.04516425563537,0.537460365415506,20
198,20,Temporal_Matrix+SVD+KNN,893527.1295435061,0.06438302179130913,1.2984143267505417,432810.76630189613,364.15518146174975,0.40791919421676115,20
198,30,Temporal_Matrix+SVD+KNN,916978.6399133379,0.06607281838870106,1.3191785358599057,463996.16489804094,381.5316898684678,0.3720061935492863,20
198,40,Temporal_Matrix+SVD+KNN,934382.1355629673,0.06732682579665462,1.3315212808077292,481603.3502964723,391.7087194389053,0.3484391308825735,20
19,10,Temporal_Matrix+SVD+KNN,2009926.3611096493,0.11435090904756097,3.5121468634953614,714245.6533864595,12293.655708100547,-0.013078514421871468,20
19,20,Temporal_Matrix+SVD+KNN,1661030.7928939413,0.09450116422103644,3.6265711138050745,613179.2068809938,11080.178946298738,-0.044174128688535985,20
19,30,Temporal_Matrix+SVD+KNN,1703505.6990422788,0.06407361018722249,3.9092979561395054,609782.3310100276,9674.178676769041,-0.08005567952242143,20
19,40,Temporal_Matrix+SVD+KNN,1647553.4312351334,0.06196908902325946,3.9469953760513565,618667.4614194798,7527.004891185463,-0.14778770723306955,20
247,10,Temporal_Matrix+SVD+KNN,103523.94563799132,0.11098506960855553,1.863530691311589,53138.29067030049,11374.286747394732,0.21021485776274618,20
247,20,Temporal_Matrix+SVD+KNN,340240.5857300661,0.03008993421043183,4.44888030845128,72045.17495056636,10903.010605214224,0.04411562497902821,20
247,30,Temporal_Matrix+SVD+KNN,286146.24358435767,0.02530598054767771,4.031375072276728,68673.97097440004,11107.932405489479,0.047122004348662316,20
247,40,Temporal_Matrix+SVD+KNN,262460.1137400486,0.02321124488530601,3.788938408794958,68936.2663470968,10448.53905356558,0.042934919712077746,20
252,10,Temporal_Matrix+SVD+KNN,123547.46324235262,0.05709859379840051,2.538573179610861,42351.14855537227,2333.7069435314543,0.222791301478255,20
252,20,Temporal_Matrix+SVD+KNN,126730.55772834044,0.05856969012290232,2.539152490864892,52361.83449764929,8053.791955270013,0.13058729350734544,20
252,30,Temporal_Matrix+SVD+KNN,122420.19230344579,0.056577615190243076,2.506002904183584,50978.73001741525,7018.968231134487,0.1473877748185507,20
252,40,Temporal_Matrix+SVD+KNN,132544.5875878354,0.06125669737150824,2.6618998729608743,44487.7647629366,1232.8394450665373,0.04254683651500679,20
141,10,Temporal_Matrix+SVD+KNN,998046.5522087418,0.08400258149119966,1.3773487083131013,525914.6560998319,487.17991360118367,0.06999702877603686,20
141,20,Temporal_Matrix+SVD+KNN,1077500.2300274482,0.07219463859808362,1.4325393332208294,563444.4369805214,538.9035168729107,0.0550124504771039,20
141,30,Temporal_Matrix+SVD+KNN,1043347.8547696285,0.06989694216958155,1.3915569664630785,566888.6342660926,519.3672109977673,0.0551139526966582,20
141,40,Temporal_Matrix+SVD+KNN,1009534.5937775882,0.06763169234199892,1.3548244544194148,562921.081592107,533.1569233224835,0.05389789761016728,20
269,10,Temporal_Matrix+SVD+KNN,151920.94370426444,0.07534312227936014,2.158056016838874,70703.04404932781,5003.362547523834,0.03961118113190243,20
269,20,Temporal_Matrix+SVD+KNN,172326.36579230364,0.0766499732286418,2.220664052817957,74769.8157197489,3624.788784347421,0.006021980612241906,20
269,30,Temporal_Matrix+SVD+KNN,226014.82125874684,0.03366618361656181,2.6801924130450936,80852.0033066441,3709.2178932357724,0.007492153706349036,20
269,40,Temporal_Matrix+SVD+KNN,224955.58101042267,0.033508403801523444,2.5859967893283464,93353.9972413489,7531.464916467535,-0.024209707717026685,20
51,10,Temporal_Matrix+SVD+KNN,16732.18476082705,0.07386648553425383,3.4850567762815197,4693.056893903239,139.43102654361323,-0.006615890667695412,20
51,20,Temporal_Matrix+SVD+KNN,21734.305527056524,0.05026983200427369,3.963595341753623,5490.794210357038,170.356705552191,-0.009209383250114112,20
51,30,Temporal_Matrix+SVD+KNN,24488.115789754826,0.0566391903030772,4.197355458878401,6025.880455719788,204.42253121162892,-0.008874313525194077,20
51,40,Temporal_Matrix+SVD+KNN,25935.751797003682,0.059987464707205035,4.255580354023631,6598.951966368393,252.002762660014,-0.00824495441967188,20
54,10,Temporal_Matrix+SVD+KNN,581867.4243265025,0.11223715646113233,1.3338474914811695,283601.7263284952,333.71304328330496,0.4231123195705332,20
54,20,Temporal_Matrix+SVD+KNN,594783.866314289,0.08906149869101088,1.302208941511499,293666.89175812877,341.24437862371116,0.43064233464517976,20
54,30,Temporal_Matrix+SVD+KNN,579804.2334652697,0.08681084663493187,1.2958352101167836,297763.94727744785,365.33266086741,0.4240709568053487,20
54,40,Temporal_Matrix+SVD+KNN,591523.3267190825,0.08856548095534195,1.3134702530819233,308293.3319584337,402.3589429634818,0.4022110080710206,20
9,10,Temporal_Matrix+SVD+KNN,9776480.56962617,0.05444274281786142,0.8026754010332476,5016711.169428503,67.99995851536136,0.38869868788654816,20
9,20,Temporal_Matrix+SVD+KNN,10622939.026310211,0.05811214781671602,0.8515816642616041,5377964.350587046,75.13926628260884,0.3761665251976426,20
9,30,Temporal_Matrix+SVD+KNN,10260726.720963214,0.05613068722683354,0.8295138027210314,5501263.016186858,77.48204789343893,0.3486493346276459,20
9,40,Temporal_Matrix+SVD+KNN,11332620.199709835,0.06199441591118555,0.8983873572699208,5868464.163668093,80.2099290867752,0.28913565448395817,20
268,10,Temporal_Matrix+SVD+KNN,238256.31400434521,0.06660002579409909,3.487280176185541,86457.03348964814,7757.933942166322,-0.036784413126538684,20
268,20,Temporal_Matrix+SVD+KNN,235635.7682526436,0.0648594975269052,3.470909409874144,88200.0854015346,6923.647933143316,-0.08248216469749892,20
268,30,Temporal_Matrix+SVD+KNN,225657.34274332316,0.05137740995584603,3.2188228129851137,61065.43004641294,2618.925395634825,0.06687991065798882,20
268,40,Temporal_Matrix+SVD+KNN,242738.42637667962,0.05526641186312837,3.4700657922940077,61876.90769141897,2509.456767077285,0.038552423404323743,20
103,10,Temporal_Matrix+SVD+KNN,200436.20811287724,0.0738416013905082,1.353460661784479,92076.48246117221,106.93703012871975,0.08424402556872745,20
103,20,Temporal_Matrix+SVD+KNN,193755.95777429387,0.0713805670926897,1.2847309548661945,91606.7688017646,113.64896494171333,0.08439330290589198,20
103,30,Temporal_Matrix+SVD+KNN,223129.77969601468,0.07847429784994867,1.4558388562394728,94641.31522843862,111.67701289058094,0.04880839669939474,20
103,40,Temporal_Matrix+SVD+KNN,231596.23252255778,0.04171285511024534,1.533520374195345,94255.45297382287,113.06963529605434,0.04125079217088545,20
67,10,Temporal_Matrix+SVD+KNN,4692998.271083622,0.10837150653705947,0.5048102534387594,3167221.993374941,54.290382328067096,0.5853594091173777,20
67,20,Temporal_Matrix+SVD+KNN,5658523.357115437,0.07252296732825944,0.5805629670118904,3569380.3794235624,56.00621493399801,0.4984209594596394,20
67,30,Temporal_Matrix+SVD+KNN,6089162.545369781,0.061723741103281125,0.6249558625752586,3689879.6169683416,58.712106336427794,0.44128741066045696,20
67,40,Temporal_Matrix+SVD+KNN,6413435.824702504,0.06501078752240895,0.6477143914004388,3963302.521109559,61.03196038735198,0.3946884215233102,20
46,10,Temporal_Matrix+SVD+KNN,513249.53480414674,0.08413401803795421,1.2974787306769746,257927.94154328387,1162.508504325532,0.4359228797175192,20
46,20,Temporal_Matrix+SVD+KNN,471780.2118069657,0.0773358398141181,1.1589594122192726,258474.81706737092,1383.0451533569849,0.5016452703638306,20
46,30,Temporal_Matrix+SVD+KNN,495717.5800628148,0.07837499377878424,1.1912307030740732,275574.5095087634,1508.911749142649,0.4691782311960707,20
46,40,Temporal_Matrix+SVD+KNN,492490.30186184193,0.0778625176910475,1.2060525289181454,279157.76889734354,8847.952761954242,0.4473182947745913,20
213,10,Temporal_Matrix+SVD+KNN,601599.4235134561,0.08276629979019635,2.1674914192150188,220310.53782021147,161.65900016280142,0.02110328529101546,20
213,20,Temporal_Matrix+SVD+KNN,568238.0693939293,0.07815188635175743,2.0631603108644256,217265.00514895006,153.85502976923573,0.009481247057583242,20
213,30,Temporal_Matrix+SVD+KNN,548863.3450490534,0.07548720875155308,2.0017683358067297,206317.7433092893,141.75906213693995,0.04797429681433796,20
213,40,Temporal_Matrix+SVD+KNN,557285.6385060806,0.07664555796560131,2.0288651304198737,221914.1020299559,148.09778646446784,-0.02154306658079408,20
152,10,Temporal_Matrix+SVD+KNN,518252.55673327623,0.08091416436613387,0.5211295685155561,293145.71430652693,281.1979698200098,0.8707930623370248,20
152,20,Temporal_Matrix+SVD+KNN,669440.9825135702,0.09500698216817001,0.6257643664732333,381225.5612466853,301.00091057234084,0.8058073752418872,20
152,30,Temporal_Matrix+SVD+KNN,778570.55507554,0.08672106395881064,0.7426631853192404,432842.41545925103,369.3539691349383,0.732361250430756,20
152,40,Temporal_Matrix+SVD+KNN,1016197.3860933692,0.11318912324603511,0.9545920258287378,540584.8209595142,377.28555105752287,0.5609457160816202,20
193,10,Temporal_Matrix+SVD+KNN,1002047.1443973652,0.0909187249511181,0.4922044512781798,709783.3022975414,50.275624163309054,0.3765755474988183,20
193,20,Temporal_Matrix+SVD+KNN,966380.3938907436,0.08715175234454707,0.47677405899562136,701989.4826544783,59.23468607416882,0.371849293518443,20
193,30,Temporal_Matrix+SVD+KNN,1024550.0780317298,0.09239770925578476,0.5013180715894319,739936.0856545086,60.3687616612232,0.31786305590222985,20
193,40,Temporal_Matrix+SVD+KNN,1070852.5497883086,0.09657343713373048,0.5212995503972382,778868.9123192561,62.049097669914,0.2620988337637584,20
134,10,Temporal_Matrix+SVD+KNN,1656353.032663016,0.0565553368436814,2.4008839513738205,722972.0643418091,596.0562836381898,-0.12265638820347013,20
134,20,Temporal_Matrix+SVD+KNN,1533638.155484897,0.05236434439359973,2.132972500901294,727298.5775430534,570.3768777986757,-0.1785324984287895,20
134,30,Temporal_Matrix+SVD+KNN,1603800.167846745,0.05475994714091283,2.1821435358075094,756368.4677319973,509.94016755395046,-0.20383873999086566,20
134,40,Temporal_Matrix+SVD+KNN,1878362.8291754823,0.037863924124544444,2.493766013740123,776559.044970099,452.0259041814371,-0.17950457222346716,20
185,10,Temporal_Matrix+SVD+KNN,377003.35577424616,0.09483534346411342,1.0823851996205902,227045.70430705504,588.4461798351742,0.3193974873535107,20
185,20,Temporal_Matrix+SVD+KNN,429792.27026044537,0.07491952251523075,1.166615317373487,243885.49208390788,544.3587136692545,0.2663547027307097,20
185,30,Temporal_Matrix+SVD+KNN,471576.43637838983,0.08220031779709985,1.244287265450653,262016.51280966637,546.6412379547561,0.21415706450005478,20
185,40,Temporal_Matrix+SVD+KNN,484703.55904837995,0.0793124138888406,1.2562325846819549,267209.3458203427,687.8134246142803,0.20263840071131822,20
191,10,Temporal_Matrix+SVD+KNN,268801.4518977775,0.08102908395378368,1.7236668342210382,116451.88571158377,1303.3585012506564,0.2975621975930127,20
191,20,Temporal_Matrix+SVD+KNN,287400.50327121496,0.06499492210385378,1.7950313488097578,127535.91015323174,1425.626586347541,0.26464580915970726,20
191,30,Temporal_Matrix+SVD+KNN,312085.85627900227,0.07057745441533413,1.8835812365013873,136762.23364237443,1704.510226425323,0.243389520595078,20
191,40,Temporal_Matrix+SVD+KNN,337393.62270222604,0.07504792656268978,1.9393551983888226,129146.47710815257,915.0680180931474,0.22730350326306004,20
178,10,Temporal_Matrix+SVD+KNN,908553.4691947218,0.08274023745698948,0.528735427795028,582917.9829615887,46.10498118208729,0.3310817203273041,20
178,20,Temporal_Matrix+SVD+KNN,934822.4911504252,0.06329064945343735,0.5338891959366611,597923.7855779057,49.54952187915104,0.33249122247513785,20
178,30,Temporal_Matrix+SVD+KNN,954195.2717585389,0.06460225232779435,0.5441657213469315,615354.6587245152,50.36518391511493,0.32545295488957604,20
178,40,Temporal_Matrix+SVD+KNN,946402.9891009524,0.06407468839475666,0.5426709619568914,624501.1271848354,52.87096967632815,0.3152109631996942,20
10,10,Temporal_Matrix+SVD+KNN,2716417.7661588076,0.09156159596105473,0.6142882054059069,1628702.9108343935,93.91151079965258,0.7575962352202554,20
10,20,Temporal_Matrix+SVD+KNN,2931341.184459577,0.09880596442093667,0.6157737418486567,1783332.9800757666,95.00879409738997,0.7377333369713892,20
10,30,Temporal_Matrix+SVD+KNN,3216806.514679295,0.09423616791406175,0.6784582741573573,1952156.6103948986,107.00097737541805,0.6883835581058764,20
10,40,Temporal_Matrix+SVD+KNN,3412600.9659755016,0.09997195547380264,0.7244919982435777,2065752.6172715018,110.97144695628558,0.6440997481297045,20
226,10,Temporal_Matrix+SVD+KNN,372621.092311427,0.05225148250862098,7.22580192224497,51689.73231828232,230.52116122559428,-0.004996031927180233,20
226,20,Temporal_Matrix+SVD+KNN,297772.05760621035,0.04175449057826227,6.980239426572564,41751.81008895125,240.91842562022364,0.026710632429661207,20
226,30,Temporal_Matrix+SVD+KNN,287341.484335439,0.04029188432547459,7.168083824105122,39587.06420784882,192.28948326299408,-8.241362812611008e-05,20
226,40,Temporal_Matrix+SVD+KNN,309582.8403193097,0.0434106339366434,6.960207596700606,43343.53300732659,202.427321967834,0.012032634678055265,20
99,10,Temporal_Matrix+SVD+KNN,458977.34927033994,0.09612434434314368,1.3887722458555514,202134.98276505846,1103.5611526276207,0.6141293906804283,20
99,20,Temporal_Matrix+SVD+KNN,500800.3627648999,0.10487692190413099,1.3560777944677755,225854.28006124965,1163.1436320712066,0.5972752281490459,20
99,30,Temporal_Matrix+SVD+KNN,514358.3616478044,0.0968765147261659,1.43810349182818,233338.18687732445,1350.4573821864396,0.5591882670274034,20
99,40,Temporal_Matrix+SVD+KNN,509912.171187313,0.09603909967133675,1.4704207016299022,233583.11264143992,1452.17956425108,0.5377381212648618,20
110,10,Temporal_Matrix+SVD+KNN,1350674.1459139294,0.07517333484067876,1.9344138154817236,711234.0853286561,2594.539802730114,0.023804235522336348,20
110,20,Temporal_Matrix+SVD+KNN,1410521.8028387323,0.055315719129955136,1.7214793094054102,480765.31074242183,593.0110339462378,0.27542462767653064,20
110,30,Temporal_Matrix+SVD+KNN,1600177.417998471,0.06260159023886297,1.9667127821433752,676441.0904907932,1865.8786844959156,0.13059879101561211,20
110,40,Temporal_Matrix+SVD+KNN,2990416.247898356,0.022691559474328153,3.476970353668779,803489.1543979833,3377.1057037481555,0.01873431390199143,20
220,10,Temporal_Matrix+SVD+KNN,250429.9339059709,0.05922607508880316,1.6031454983571969,102736.2959765257,233.0323724552101,0.38860128020915397,20
220,20,Temporal_Matrix+SVD+KNN,306483.3227083818,0.0428442123598793,1.7875205973370207,110184.75341654883,217.99434683939555,0.3297234638545381,20
220,30,Temporal_Matrix+SVD+KNN,276968.6000061167,0.0387182617664697,1.6752608100352735,108853.9797427591,228.41457693439605,0.35078788841602904,20
220,40,Temporal_Matrix+SVD+KNN,264342.1327357748,0.03695317047110963,1.6404805734857482,105795.42991309337,244.97021259287925,0.3681451663238897,20
95,10,Temporal_Matrix+SVD+KNN,1488603.0612564366,0.081272485909076,0.8805019164768039,740503.5998779489,68.57233039768475,0.4311878849825752,20
95,20,Temporal_Matrix+SVD+KNN,1542387.0643099258,0.06552706829472513,0.8765867220266087,779207.4116666893,68.79443398529057,0.40634693247757003,20
95,30,Temporal_Matrix+SVD+KNN,1560989.70066121,0.06631738627058155,0.8795548173728797,795790.6855576597,68.49111051011462,0.39737740522382614,20
95,40,Temporal_Matrix+SVD+KNN,1702714.900725595,0.060772957513719146,0.9363022245903657,824440.3812697198,67.87878813359637,0.3598946504060736,20
2,10,Temporal_Matrix+SVD+KNN,73391840.03032388,0.08895335956197564,0.3800972707098614,49048422.47189931,29.75970660913343,0.4229958144646586,20
2,20,Temporal_Matrix+SVD+KNN,75567760.53809124,0.07682193633000263,0.39360544965848193,50438345.98024524,31.678701442111905,0.37749210577153725,20
2,30,Temporal_Matrix+SVD+KNN,80430941.64609419,0.08094189746007066,0.4152607023253382,52012139.50074392,32.205424677714014,0.33813870030958704,20
2,40,Temporal_Matrix+SVD+KNN,81501792.370706,0.08201955100698499,0.41898755942386556,54590631.37670241,33.89696481167731,0.30599042308052815,20
281,10,Temporal_Matrix+SVD+KNN,6.599816493495116,0.11208927468571868,0.5713988376275361,4.673711193825121,58.28022330830945,-0.006278482329004742,20
281,20,Temporal_Matrix+SVD+KNN,6.472784918687469,0.10956790601148665,0.568226368754353,4.604818689681623,62.11787690583181,-0.0051070858535195995,20
281,30,Temporal_Matrix+SVD+KNN,6.426121445718549,0.10877801123131761,0.5659339108379238,4.644171651904687,61.59645085502772,-0.014595578077401639,20
281,40,Temporal_Matrix+SVD+KNN,7.018615736552859,0.1188074436295812,0.618125959163759,5.16140145695157,66.67036371380708,-0.22204360858674188,20
271,10,Temporal_Matrix+SVD+KNN,9.341742021973722,0.0757971170712424,0.5810431624308219,4.511954461570321,29.520051675012226,0.18675071649284547,20
271,20,Temporal_Matrix+SVD+KNN,9.121226812564238,0.07312190806929803,0.5722827556208081,4.455412778731785,30.72784189735373,0.19290418162402245,20
271,30,Temporal_Matrix+SVD+KNN,49.53622029015468,0.022414173630411524,2.8997154701122767,5.693788572938817,31.349823552642448,0.005707561332912614,20
271,40,Temporal_Matrix+SVD+KNN,43.75756539797416,0.01979944498650439,2.604658120290397,5.484471364299158,31.14688369132463,0.00658151290623421,20
74,10,Temporal_Matrix+SVD+KNN,4307178.900318479,0.07869886081685411,0.5492398396264848,2758730.42145636,697267.0861363194,0.6074926191406296,20
74,20,Temporal_Matrix+SVD+KNN,4666412.862337347,0.0848039109264383,0.5756794587084887,2965955.6851825644,699693.562051928,0.5611026859678108,20
74,30,Temporal_Matrix+SVD+KNN,5149006.921164579,0.08140125817934792,0.6317304578873693,3254259.9412035746,698459.0055078921,0.4811397754945336,20
74,40,Temporal_Matrix+SVD+KNN,5214080.023862942,0.08243000654080528,0.6389202830309016,3393473.8354819138,724138.3101968495,0.4525478947135556,20
35,10,Temporal_Matrix+SVD+KNN,285479.7318694254,0.09731434342922587,1.0799428007997145,158043.56582977128,342.34104078160726,0.3806177425399989,20
35,20,Temporal_Matrix+SVD+KNN,283678.4527654027,0.09668901995484477,1.0267425477147736,164228.9957450551,344.8077265609857,0.37235834483084196,20
35,30,Temporal_Matrix+SVD+KNN,297077.6401534579,0.09569951559798172,1.0650597354230242,178192.66060106858,404.75899602187206,0.3230079502172494,20
35,40,Temporal_Matrix+SVD+KNN,292452.4191353144,0.0895979440439343,1.070704130512652,173001.75243735313,414.48945063583034,0.3248599279514073,20
87,10,Temporal_Matrix+SVD+KNN,2573648.246124006,0.09371576927976165,1.3298408039758818,1078869.3463597796,98.12232981897235,0.2177697638366778,20
87,20,Temporal_Matrix+SVD+KNN,3062190.7829368357,0.06039849956738228,1.4797954983436794,1191456.7931930956,5406.516788480578,0.18089026488682114,20
87,30,Temporal_Matrix+SVD+KNN,3711048.7260648515,0.057777299875754896,1.7213751245931856,1301730.3678547337,3818.5070135319725,0.09717090470747791,20
87,40,Temporal_Matrix+SVD+KNN,3796222.4290976557,0.059103361923174405,1.746320028587873,1336649.315262707,18745.523953783053,0.08458409232605357,20
224,10,Temporal_Matrix+SVD+KNN,438885.8849198232,0.11507340178991814,0.8361164421080238,250577.1657766395,123.2411024973195,0.6160164908655155,20
224,20,Temporal_Matrix+SVD+KNN,475143.4627865941,0.09563097897053201,0.8371785680495268,268850.75234018866,146.2910176407483,0.6237566009745175,20
224,30,Temporal_Matrix+SVD+KNN,500897.5919732708,0.10081445044714922,0.881667466386894,282277.7226003123,157.975105255518,0.5778533447876191,20
224,40,Temporal_Matrix+SVD+KNN,516015.64440021926,0.10385722440269926,0.9142555761084907,294879.18108269223,168.63011314809393,0.5468511613968516,20
246,10,Temporal_Matrix+SVD+KNN,332621.69483319315,0.07175175146381495,2.027659253462495,112061.40035943009,840.9884475600904,0.34616130697540937,20
246,20,Temporal_Matrix+SVD+KNN,376567.77075164544,0.0787283415918336,2.1390092891946573,130088.67885304279,1829.4159947348312,0.2969541871929162,20
246,30,Temporal_Matrix+SVD+KNN,384901.8158696522,0.08047072530561382,2.1498105883478242,141554.2700589503,2962.4738672253848,0.2444068012846361,20
246,40,Temporal_Matrix+SVD+KNN,384517.52022744244,0.08039036379523759,2.1091351006863674,147574.82234538672,3915.710875980607,0.2460111047840936,20
244,10,Temporal_Matrix+SVD+KNN,636391.1336341033,0.047811813548540034,1.608731819024337,213366.44656348246,609.1633613408227,0.5501581736303597,20
244,20,Temporal_Matrix+SVD+KNN,616506.2330184025,0.04631481659403301,1.3796645124487181,250064.9630545939,652.2353216835357,0.5733090192593063,20
244,30,Temporal_Matrix+SVD+KNN,637851.9255633597,0.04791840433142221,1.4453352450154284,267147.2707781127,713.9295300556535,0.5363225545936704,20
244,40,Temporal_Matrix+SVD+KNN,669611.0831244397,0.050304300010725916,1.5255977266415017,281260.1474185328,730.8166793846198,0.5142731678265182,20
267,10,Temporal_Matrix+SVD+KNN,1.8437761512941573,0.12974187147496025,0.6919511728614264,1.2864892703480657,69.61637584516764,-0.021697634460658977,20
267,20,Temporal_Matrix+SVD+KNN,1.97404676643606,0.08755381873607598,0.7438110088179843,1.3008734533490511,72.6170926835498,-0.028345523922494786,20
267,30,Temporal_Matrix+SVD+KNN,1.9454294454947347,0.08628457032058255,0.7333298530643401,1.2557791130562834,64.32516359680737,-0.021934866946860643,20
267,40,Temporal_Matrix+SVD+KNN,2.008399638863207,0.06457415243558468,0.7599898698353984,1.2370579106200104,63.59788546963341,-0.021094020385850287,20
129,10,Temporal_Matrix+SVD+KNN,847833.1004734717,0.07424459985309738,0.9642479071710179,413107.88456052856,157.6245225549387,0.5709943138818193,20
129,20,Temporal_Matrix+SVD+KNN,775554.0297592921,0.06791513397127327,0.8593198542709869,411909.76718366914,165.32239487636872,0.6083624816198715,20
129,30,Temporal_Matrix+SVD+KNN,790834.1234078661,0.06925320916322164,0.8843096696669897,434048.834515768,170.12475729072074,0.5758145642907926,20
129,40,Temporal_Matrix+SVD+KNN,815396.7905781904,0.07140415773360316,0.9197006211025232,447642.70055475406,170.67576107972292,0.5447325798724434,20
241,10,Temporal_Matrix+SVD+KNN,310419.18130784767,0.04691923997492608,3.0768433952866197,105938.67786714695,643.703204757273,-0.04269834473666667,20
241,20,Temporal_Matrix+SVD+KNN,232239.74102197355,0.03509975017848484,2.4466779773671714,91575.99148186155,614.1010257101728,-0.01959906418684776,20
241,30,Temporal_Matrix+SVD+KNN,356465.14246443345,0.028651384317118653,3.5005989617327975,110587.87622329104,908.7095768719557,-0.03968775129021407,20
113,10,Temporal_Matrix+SVD+KNN,3545335.057016753,0.10974170665453002,0.4053402091057454,2508713.9117961065,35.60025898939953,0.530827149585901,20
113,20,Temporal_Matrix+SVD+KNN,3694461.8965173876,0.1041777937551887,0.41421591088110726,2626861.9969181125,38.55646131075742,0.5171979112310927,20
113,30,Temporal_Matrix+SVD+KNN,3851142.838265074,0.10859594050888668,0.4282758293333495,2749101.7661204287,39.40229750648063,0.48040596034235095,20
113,40,Temporal_Matrix+SVD+KNN,3908724.6185098477,0.11021965270146644,0.4385600607724513,2791941.4647681424,41.28479787747239,0.46384897843847617,20
150,10,Temporal_Matrix+SVD+KNN,258830.52805586817,0.09023294752643761,1.6647029790917052,123340.40449258636,348.24724776511465,0.2775951450250075,20
150,20,Temporal_Matrix+SVD+KNN,286734.2572781824,0.08237837939121824,1.6574246931236403,131932.44612454803,360.6247909124738,0.3111706677895175,20
150,30,Temporal_Matrix+SVD+KNN,312933.746802429,0.08895886680606228,1.7600539360624008,153379.19987896556,475.9334993556416,0.24965429409906792,20
150,40,Temporal_Matrix+SVD+KNN,331982.54019500024,0.05817636027553217,1.8465785853390715,144931.6770545339,410.40587973594495,0.2588525718270641,20
107,10,Temporal_Matrix+SVD+KNN,645104.1877876503,0.06781045870803792,1.1898320250169436,297292.56063962483,2018.755362945128,0.6742010399492415,20
107,20,Temporal_Matrix+SVD+KNN,701636.3064392773,0.07375065737895513,1.1515559223252396,324956.62645463855,12218.175102703717,0.6577820524931575,20
107,30,Temporal_Matrix+SVD+KNN,748768.63460663,0.0787048482528331,1.2356943362386763,352203.98231734906,10932.330593914447,0.6190792445536379,20
107,40,Temporal_Matrix+SVD+KNN,770133.2823257042,0.08095053707978077,1.289775850590054,361657.0362223484,8765.079308313916,0.5854778263883282,20
24,10,Temporal_Matrix+SVD+KNN,1226389.9048099513,0.0644493444437756,1.093390363733245,601500.5599081104,80.68848319225762,0.003266645097553811,20
24,20,Temporal_Matrix+SVD+KNN,1091892.8305162888,0.05727532904331379,1.0021667267021555,611194.8776970117,100.59470780326025,-0.018632307320479047,20
24,30,Temporal_Matrix+SVD+KNN,1010798.0844047896,0.0530139071590679,0.933735537267482,603603.5247116138,103.72366530977504,-0.016242628796619973,20
24,40,Temporal_Matrix+SVD+KNN,999742.3714417869,0.052434061837197246,0.9318094850836518,605636.8645114155,102.46236864614838,-0.024632074266043524,20
101,10,Temporal_Matrix+SVD+KNN,3909134.925203662,0.09106343684818052,0.8108624242633459,2110982.1257314146,83.14017421325059,0.5538045963789717,20
101,20,Temporal_Matrix+SVD+KNN,3875869.073299923,0.09027230205868371,0.777090951952905,2113925.035376124,83.145606968287,0.5657083526179285,20
101,30,Temporal_Matrix+SVD+KNN,3803446.940851466,0.08858552872024508,0.7735683177523468,2127869.985094145,89.13546671999572,0.5513769482666462,20
101,40,Temporal_Matrix+SVD+KNN,3850389.852841634,0.08967886924608559,0.7854208118534772,2189119.2295888695,96.40790460053026,0.5364096470747494,20
25,10,Temporal_Matrix+SVD+KNN,1175485.6352408107,0.048754875084591254,1.1366895508337747,474504.19424196513,91.69575606841424,0.06502620983309326,20
25,20,Temporal_Matrix+SVD+KNN,947477.1980656298,0.03929791317928351,0.9306898805374305,451801.73801550234,94.91953961362024,0.11133048350690555,20
25,30,Temporal_Matrix+SVD+KNN,871661.734785007,0.03615138707839655,0.8653805448382044,450578.81549757667,100.28671126635817,0.12686349508177497,20
25,40,Temporal_Matrix+SVD+KNN,842792.9348048484,0.034950945983753035,0.8391934613444004,457676.80600987124,122.4035365391166,0.12346907134094576,20
189,10,Temporal_Matrix+SVD+KNN,1334662.2664699757,0.0460498428516091,3.230761652453147,325483.89305457077,2531.1993845169636,0.15795123511277853,20
189,20,Temporal_Matrix+SVD+KNN,1073655.7957397162,0.03704421848446522,2.618329316165775,309035.82514037314,3580.8747600847764,0.22645420539648886,20
189,30,Temporal_Matrix+SVD+KNN,1018500.5685117634,0.035141204225985,2.544273187491658,339113.9223698642,7630.340490295293,0.2021985962061319,20
189,40,Temporal_Matrix+SVD+KNN,1050915.6486914358,0.03625961788996558,2.5738373998520117,324400.6549305662,4847.286597433753,0.22643289095043506,20
80,10,Temporal_Matrix+SVD+KNN,3422418.1049542446,0.10731165857108442,0.2664062325048609,2506262.969595714,26.420453954872812,0.7499774481037302,20
80,20,Temporal_Matrix+SVD+KNN,3559569.4601825373,0.11161210899925232,0.2718040982524384,2594442.704906748,26.36096980048009,0.7270851862359241,20
80,30,Temporal_Matrix+SVD+KNN,3880445.101314698,0.08286948273784839,0.29503583411060597,2784508.5411770856,27.553989838987885,0.686299047629622,20
80,40,Temporal_Matrix+SVD+KNN,4179790.4464149573,0.08926220142366016,0.31834276235484704,2994124.913486384,29.70508351921405,0.6428091250392582,20
39,10,Temporal_Matrix+SVD+KNN,4604127.38908467,0.0627019302160535,1.474644367198559,1942416.1210050287,1127.2206241908393,0.3044595126393387,20
39,20,Temporal_Matrix+SVD+KNN,4569030.156980001,0.06222395382395349,1.4135747310877855,2040070.8445741534,1435.3144468849398,0.31574192424258396,20
39,30,Temporal_Matrix+SVD+KNN,4363098.438340232,0.059419444921346896,1.3998185330378,2085267.315826741,1916.6932169087534,0.3059093860417361,20
39,40,Temporal_Matrix+SVD+KNN,4441362.773630168,0.06048529833395871,1.414559660597947,2154120.7484445735,1936.241754904392,0.2924686587701134,20
254,10,Temporal_Matrix+SVD+KNN,816772.193073888,0.2233924719497287,1.3711147910117722,575322.2211658777,2354.122123921783,-0.08218699973239474,20
254,20,Temporal_Matrix+SVD+KNN,828768.8198880841,0.15206865926251584,1.3874899920541413,574570.3973408728,2281.8736928793483,-0.115424496459829,20
254,30,Temporal_Matrix+SVD+KNN,829196.4993229539,0.15214713306207744,1.394080307709819,572440.3320728147,2319.144191409308,-0.15419784718676244,20
254,40,Temporal_Matrix+SVD+KNN,821907.1748355028,0.15080963365918507,1.3855126144607355,570131.3895148612,2248.8892122836496,-0.16734546617181034,20
167,10,Temporal_Matrix+SVD+KNN,1280947.5488393574,0.08744678548546948,0.9169316469515496,702727.5967511698,130.20319189223935,0.38402925081020645,20
167,20,Temporal_Matrix+SVD+KNN,1813094.6386081097,0.06416686908987532,1.1953760663111113,818312.1476203841,129.77148106464148,0.23121657425922693,20
167,30,Temporal_Matrix+SVD+KNN,2114611.795649107,0.0425520689468874,1.36337475625864,865270.0481447803,127.60616649710241,0.1854874967902067,20
167,40,Temporal_Matrix+SVD+KNN,2267136.545475411,0.045621305429947585,1.4672361214971161,1212423.0635194613,332.5819116484679,0.011197232015234482,20
173,10,Temporal_Matrix+SVD+KNN,3695541.7455014526,0.10967877488587892,1.8891131977475382,1357623.3049916984,486.43496240470023,0.23958368036431843,20
173,20,Temporal_Matrix+SVD+KNN,3988769.386487655,0.08058319950357871,1.9250439861497015,1486528.1253436673,528.2248284454582,0.20702936925833115,20
173,30,Temporal_Matrix+SVD+KNN,3691624.6461899052,0.07457712144438541,1.9396846878789629,1392751.851824734,2742.977460066361,0.1967019233825138,20
173,40,Temporal_Matrix+SVD+KNN,3720421.2768696067,0.07515886255547202,1.9852370167477056,1427458.3151515054,3397.785418852066,0.15518587382637972,20
237,10,Temporal_Matrix+SVD+KNN,549396.1006682164,0.0479902378394758,4.1665206909889365,148381.96549381857,568.0900061101381,-0.024630992471977642,20
237,20,Temporal_Matrix+SVD+KNN,507049.71314142505,0.04428674593569591,3.887005193540518,150919.21805973875,730.130126042635,-0.043301297739929856,20
237,30,Temporal_Matrix+SVD+KNN,533409.6855971755,0.03683717398333531,4.226874843000109,147061.62200480336,708.8765890382251,-0.032597109686373305,20
237,40,Temporal_Matrix+SVD+KNN,494786.03079817124,0.034169831544454896,3.9079726190251765,144957.07291601482,673.9762312297773,-0.040163296635897794,20
116,10,Temporal_Matrix+SVD+KNN,847281.7457308556,0.07774863648910167,0.6681205578294158,544462.3484991613,67.07005274096585,0.2564079183359943,20
116,20,Temporal_Matrix+SVD+KNN,832720.5696921296,0.076250777165591,0.6680794239251666,548515.788611109,74.69237082077392,0.22426054105609006,20
116,30,Temporal_Matrix+SVD+KNN,971076.1990181631,0.05584735861931054,0.7587300773626481,575489.7040802573,71.06551772274037,0.1353975282131925,20
116,40,Temporal_Matrix+SVD+KNN,1013623.269801548,0.0582942742399831,0.7907238704621521,582209.5159806227,69.63949789497681,0.10451223639420781,20
75,10,Temporal_Matrix+SVD+KNN,5814663.7977243755,0.10774874683889626,0.6566274260346328,3413607.626603482,48.03268291824387,0.21979782658733793,20
75,20,Temporal_Matrix+SVD+KNN,5976504.8748062495,0.10271207246750394,0.6693989551760396,3587623.7627871237,50.24960356010805,0.1843834674004713,20
75,30,Temporal_Matrix+SVD+KNN,5897837.465721241,0.08191743148610209,0.6692382221669589,3549452.9618207356,50.525452313720706,0.15513246303842632,20
75,40,Temporal_Matrix+SVD+KNN,6001852.632884991,0.08336213988628685,0.6725494622356963,3686015.9558801483,52.096198473084684,0.11186486428118614,20
176,10,Temporal_Matrix+SVD+KNN,566497.0346695317,0.07007422861118835,1.1468586937948713,276939.74214788654,119.22502164265609,0.09997238714535839,20
176,20,Temporal_Matrix+SVD+KNN,635118.4661074415,0.06453253111094483,1.2333732479309574,300170.4000182741,131.96453847118963,0.060905678115085515,20
176,30,Temporal_Matrix+SVD+KNN,754845.7244455429,0.045014781369879575,1.3845882858360543,304137.533302515,102.62930035118578,0.08859104207953383,20
176,40,Temporal_Matrix+SVD+KNN,854468.5162098828,0.047429261960018954,1.5531961786683863,315213.88982511836,107.4441026025664,0.05533894006995599,20
93,10,Temporal_Matrix+SVD+KNN,2686690.7747400925,0.09493210194493526,1.3228502111319835,1240431.886079724,572.2331630675433,0.6406493628819179,20
93,20,Temporal_Matrix+SVD+KNN,2841775.598502327,0.06508796606810292,1.2981286643999557,1347589.5065443665,610.7585749580135,0.6005464964488264,20
93,30,Temporal_Matrix+SVD+KNN,2879590.57293019,0.06595407941418276,1.3688976742852301,1403339.0878964446,702.5988103467041,0.5651471788802163,20
93,40,Temporal_Matrix+SVD+KNN,2891188.181128025,0.0662197107783375,1.4064238992109668,1427326.3924250507,738.1444670342636,0.5437083362113279,20
216,10,Temporal_Matrix+SVD+KNN,269451.646287383,0.06720063167843288,1.345372004216925,114880.99065641176,546.216314200831,0.6039495202025364,20
216,20,Temporal_Matrix+SVD+KNN,299423.38270204933,0.07466731365374733,1.3600037919612373,136426.91701189437,609.4897392597962,0.550378480875521,20
216,30,Temporal_Matrix+SVD+KNN,307317.12689009565,0.07008770477214447,1.407813763255265,139482.82532460507,645.1327576596094,0.5254863550583444,20
216,40,Temporal_Matrix+SVD+KNN,310892.0863123482,0.07090302119493805,1.431098813672838,144201.86306708635,639.0540696551509,0.5077492133912895,20
158,10,Temporal_Matrix+SVD+KNN,122114.1647404298,0.06917995414576915,1.4758319612804855,51348.540770788,344.7611726411457,0.5239103360802597,20
158,20,Temporal_Matrix+SVD+KNN,116932.38384753151,0.06623517852506106,1.3586186524824584,55025.90036815255,19406.670993301796,0.5395224547441064,20
158,30,Temporal_Matrix+SVD+KNN,125227.01496655801,0.07093358930649699,1.431056177293377,59052.05211037999,13704.47112173135,0.5048372549066311,20
158,40,Temporal_Matrix+SVD+KNN,125325.4302850076,0.07098933567865347,1.4610259545536022,59886.385032741426,19151.581037575947,0.47449584316335947,20
