time,throughput_bps
2023-10-09 00:00:00+00:00,34754730.72083333
2023-10-09 01:00:00+00:00,24625643.124722224
2023-10-09 02:00:00+00:00,35204588.041666664
2023-10-09 03:00:00+00:00,18399415.18527778
2023-10-09 04:00:00+00:00,22139073.397777777
2023-10-09 05:00:00+00:00,24712223.600833334
2023-10-09 06:00:00+00:00,23341823.938611113
2023-10-09 07:00:00+00:00,24657306.68972222
2023-10-09 08:00:00+00:00,33821502.24694444
2023-10-09 09:00:00+00:00,35695208.59638889
2023-10-09 10:00:00+00:00,42636923.579166666
2023-10-09 11:00:00+00:00,38424735.862222224
2023-10-09 12:00:00+00:00,39001297.45611111
2023-10-09 13:00:00+00:00,35689605.84611111
2023-10-09 14:00:00+00:00,38088591.86472222
2023-10-09 15:00:00+00:00,33102249.953333333
2023-10-09 16:00:00+00:00,26886703.503055554
2023-10-09 17:00:00+00:00,29117657.383333333
2023-10-09 18:00:00+00:00,44363165.12
2023-10-09 19:00:00+00:00,39841271.74972222
2023-10-09 20:00:00+00:00,30614208.3
2023-10-09 21:00:00+00:00,29085194.10638889
2023-10-09 22:00:00+00:00,33587382.62888889
2023-10-09 23:00:00+00:00,38782117.89277778
2023-10-10 00:00:00+00:00,38600396.391944446
2023-10-10 01:00:00+00:00,31260096.295833334
2023-10-10 02:00:00+00:00,29968242.240833335
2023-10-10 03:00:00+00:00,24378436.504166666
2023-10-10 04:00:00+00:00,38269819.181666665
2023-10-10 05:00:00+00:00,23263130.39
2023-10-10 06:00:00+00:00,29063338.76611111
2023-10-10 07:00:00+00:00,38455601.2325
2023-10-10 08:00:00+00:00,26575646.021944445
2023-10-10 09:00:00+00:00,42683181.73166667
2023-10-10 10:00:00+00:00,31203613.726944443
2023-10-10 11:00:00+00:00,28283792.745833334
2023-10-10 12:00:00+00:00,31616805.37
2023-10-10 13:00:00+00:00,25300030.716944445
2023-10-10 14:00:00+00:00,31799284.823333334
2023-10-10 15:00:00+00:00,33535636.62111111
2023-10-10 16:00:00+00:00,33425924.588333335
2023-10-10 17:00:00+00:00,40728205.16388889
2023-10-10 18:00:00+00:00,31753444.765
2023-10-10 19:00:00+00:00,33635309.134166665
2023-10-10 20:00:00+00:00,34969259.70972222
2023-10-10 21:00:00+00:00,37223500.84583333
2023-10-10 22:00:00+00:00,33946508.15083333
2023-10-10 23:00:00+00:00,43806903.178055555
2023-10-11 00:00:00+00:00,45999683.947222225
2023-10-11 01:00:00+00:00,34045276.00111111
2023-10-11 02:00:00+00:00,25500087.339166667
2023-10-11 03:00:00+00:00,31195955.769444443
2023-10-11 04:00:00+00:00,25367089.6
2023-10-11 05:00:00+00:00,32470583.1175
2023-10-11 06:00:00+00:00,33017195.935
2023-10-11 07:00:00+00:00,26596674.990833335
2023-10-11 08:00:00+00:00,23820607.272777777
2023-10-11 09:00:00+00:00,29204246.732777778
2023-10-11 10:00:00+00:00,27029022.265833333
2023-10-11 11:00:00+00:00,30480818.99416667
2023-10-11 12:00:00+00:00,76245922.05944444
2023-10-11 13:00:00+00:00,93495819.20166667
2023-10-11 14:00:00+00:00,77744089.81972222
2023-10-11 15:00:00+00:00,90364452.25777778
2023-10-11 16:00:00+00:00,159701158.36972222
2023-10-11 17:00:00+00:00,148203794.62
2023-10-11 18:00:00+00:00,94036943.39972222
2023-10-11 19:00:00+00:00,82319079.17388889
2023-10-11 20:00:00+00:00,103951662.0425
2023-10-11 21:00:00+00:00,108335867.01333334
2023-10-11 22:00:00+00:00,122005689.02138889
2023-10-11 23:00:00+00:00,64887841.387777776
2023-10-12 00:00:00+00:00,25848458.024166666
2023-10-12 01:00:00+00:00,29433822.683055557
2023-10-12 02:00:00+00:00,28264466.114444446
2023-10-12 03:00:00+00:00,20347808.18
2023-10-12 04:00:00+00:00,22081050.87
2023-10-12 05:00:00+00:00,29800692.493611112
2023-10-12 06:00:00+00:00,25707679.30111111
2023-10-12 07:00:00+00:00,35158211.93833333
2023-10-12 08:00:00+00:00,31075265.29388889
2023-10-12 09:00:00+00:00,80097394.08305556
2023-10-12 10:00:00+00:00,82385746.82138889
2023-10-12 11:00:00+00:00,124513869.54833333
2023-10-12 12:00:00+00:00,76997538.93083334
2023-10-12 13:00:00+00:00,39249171.670555554
2023-10-12 14:00:00+00:00,46706318.76166666
2023-10-12 15:00:00+00:00,33548361.434722222
2023-10-12 16:00:00+00:00,39279338.156111114
2023-10-12 17:00:00+00:00,30382755.199166667
2023-10-12 18:00:00+00:00,92289210.03388889
2023-10-12 19:00:00+00:00,36338453.41638889
2023-10-12 20:00:00+00:00,26841339.872222222
2023-10-12 21:00:00+00:00,28085110.335555557
2023-10-12 22:00:00+00:00,37758187.90888889
2023-10-12 23:00:00+00:00,39108557.85527778
2023-10-13 00:00:00+00:00,50269151.75416667
2023-10-13 01:00:00+00:00,29855927.818055555
2023-10-13 02:00:00+00:00,25576574.609722223
2023-10-13 03:00:00+00:00,19079839.5925
2023-10-13 04:00:00+00:00,28155759.460555557
2023-10-13 05:00:00+00:00,24358870.722222224
2023-10-13 06:00:00+00:00,22279486.639166668
2023-10-13 07:00:00+00:00,30978572.200555556
2023-10-13 08:00:00+00:00,40100164.54027778
2023-10-13 09:00:00+00:00,89272487.33305556
2023-10-13 10:00:00+00:00,106261725.20111111
2023-10-13 11:00:00+00:00,114062060.17277777
2023-10-13 12:00:00+00:00,105426871.14972222
2023-10-13 13:00:00+00:00,136722050.97722223
2023-10-13 14:00:00+00:00,94103170.83222222
2023-10-13 15:00:00+00:00,125765510.3275
2023-10-13 16:00:00+00:00,64761642.09583333
2023-10-13 17:00:00+00:00,21010018.636666667
2023-10-13 18:00:00+00:00,18499733.94333333
2023-10-13 19:00:00+00:00,31501150.87111111
2023-10-13 20:00:00+00:00,34561124.468611114
2023-10-13 21:00:00+00:00,31130706.0525
2023-10-13 22:00:00+00:00,24792038.603888888
2023-10-13 23:00:00+00:00,30731831.565
2023-10-14 00:00:00+00:00,29703260.635
2023-10-14 01:00:00+00:00,17381464.79777778
2023-10-14 02:00:00+00:00,19020631.435555555
2023-10-14 03:00:00+00:00,21634522.553888887
2023-10-14 04:00:00+00:00,16972402.303333335
2023-10-14 05:00:00+00:00,26116994.567222223
2023-10-14 06:00:00+00:00,29205240.316944443
2023-10-14 07:00:00+00:00,34600903.498333335
2023-10-14 08:00:00+00:00,25525708.723055556
2023-10-14 09:00:00+00:00,29942390.48138889
2023-10-14 10:00:00+00:00,27927573.454722222
2023-10-14 11:00:00+00:00,37174964.27694444
2023-10-14 12:00:00+00:00,40406519.06888889
2023-10-14 13:00:00+00:00,26925167.95527778
2023-10-14 14:00:00+00:00,31528364.9775
2023-10-14 15:00:00+00:00,24050478.906666666
2023-10-14 16:00:00+00:00,27126296.35
2023-10-14 17:00:00+00:00,17646780.44361111
2023-10-14 18:00:00+00:00,30955911.5525
2023-10-14 19:00:00+00:00,46961460.37
2023-10-14 20:00:00+00:00,40021626.645277776
2023-10-14 21:00:00+00:00,25812518.289444443
2023-10-14 22:00:00+00:00,46149177.44416667
2023-10-14 23:00:00+00:00,44172935.47666667
2023-10-15 00:00:00+00:00,32049469.0725
2023-10-15 01:00:00+00:00,21770502.94722222
2023-10-15 02:00:00+00:00,25235838.89138889
2023-10-15 03:00:00+00:00,30858408.309722222
2023-10-15 04:00:00+00:00,25705778.51472222
2023-10-15 05:00:00+00:00,32991187.67388889
2023-10-15 06:00:00+00:00,38334559.13527778
2023-10-15 07:00:00+00:00,36587231.38916667
2023-10-15 08:00:00+00:00,45459542.04138889
2023-10-15 09:00:00+00:00,50052358.985
2023-10-15 10:00:00+00:00,37980086.53555556
2023-10-15 11:00:00+00:00,42674066.82305556
2023-10-15 12:00:00+00:00,38549394.71277778
2023-10-15 13:00:00+00:00,41164408.4675
2023-10-15 14:00:00+00:00,32049925.975277778
2023-10-15 15:00:00+00:00,22645347.59527778
2023-10-15 16:00:00+00:00,30645144.50388889
2023-10-15 17:00:00+00:00,28443274.01611111
2023-10-15 18:00:00+00:00,26773388.438611113
2023-10-15 19:00:00+00:00,31901761.7225
2023-10-15 20:00:00+00:00,27453428.411111113
2023-10-15 21:00:00+00:00,42633465.3475
2023-10-15 22:00:00+00:00,40562477.33194444
2023-10-15 23:00:00+00:00,41753823.66083334
2023-10-16 00:00:00+00:00,35175982.053333335
2023-10-16 01:00:00+00:00,25525612.812777776
2023-10-16 02:00:00+00:00,20780320.8775
2023-10-16 03:00:00+00:00,20363189.95777778
2023-10-16 04:00:00+00:00,21246563.738333333
2023-10-16 05:00:00+00:00,24789038.353888888
2023-10-16 06:00:00+00:00,24550687.60138889
2023-10-16 07:00:00+00:00,30298373.091666665
2023-10-16 08:00:00+00:00,32649331.479444444
2023-10-16 09:00:00+00:00,44539350.49888889
2023-10-16 10:00:00+00:00,31940817.51138889
2023-10-16 11:00:00+00:00,35192345.25722222
2023-10-16 12:00:00+00:00,25743816.0575
2023-10-16 13:00:00+00:00,28787699.912777778
2023-10-16 14:00:00+00:00,29033918.080555554
2023-10-16 15:00:00+00:00,22665098.758333333
2023-10-16 16:00:00+00:00,31045667.925833333
2023-10-16 17:00:00+00:00,16511161.628055556
2023-10-16 18:00:00+00:00,22637657.53861111
2023-10-16 19:00:00+00:00,31263140.349166665
2023-10-16 20:00:00+00:00,46283991.73388889
2023-10-16 21:00:00+00:00,37095348.66638889
2023-10-16 22:00:00+00:00,32432471.696111113
2023-10-16 23:00:00+00:00,40003698.99333333
2023-10-17 00:00:00+00:00,23224502.083611112
2023-10-17 01:00:00+00:00,26571686.46861111
2023-10-17 02:00:00+00:00,19919169.897777777
2023-10-17 03:00:00+00:00,25717866.58638889
2023-10-17 04:00:00+00:00,16056379.181388889
2023-10-17 05:00:00+00:00,23808478.13777778
2023-10-17 06:00:00+00:00,23022739.657222223
2023-10-17 07:00:00+00:00,25447534.23138889
2023-10-17 08:00:00+00:00,18982589.161666665
2023-10-17 09:00:00+00:00,31428339.22027778
2023-10-17 10:00:00+00:00,27687345.555555556
2023-10-17 11:00:00+00:00,35431837.545
2023-10-17 12:00:00+00:00,34791313.91055556
2023-10-17 13:00:00+00:00,20953438.373333335
2023-10-17 14:00:00+00:00,30297743.538055554
2023-10-17 15:00:00+00:00,23185052.036666665
2023-10-17 16:00:00+00:00,16194552.63611111
2023-10-17 17:00:00+00:00,10211071.215277778
2023-10-17 18:00:00+00:00,25239736.33472222
2023-10-17 19:00:00+00:00,27704351.448333334
2023-10-17 20:00:00+00:00,19793089.218333334
2023-10-17 21:00:00+00:00,27783139.84972222
2023-10-17 22:00:00+00:00,28645028.25361111
2023-10-17 23:00:00+00:00,25061439.675555557
2023-10-18 00:00:00+00:00,14203560.15
2023-10-18 01:00:00+00:00,12858417.745277777
2023-10-18 02:00:00+00:00,15495549.822222222
2023-10-18 03:00:00+00:00,25714096.124722224
2023-10-18 04:00:00+00:00,12757606.97361111
2023-10-18 05:00:00+00:00,23434966.145833332
2023-10-18 06:00:00+00:00,27209723.885833334
2023-10-18 07:00:00+00:00,19540170.8025
2023-10-18 08:00:00+00:00,24621987.85722222
2023-10-18 09:00:00+00:00,20250591.2275
2023-10-18 10:00:00+00:00,28539583.1675
2023-10-18 11:00:00+00:00,25731909.276944444
2023-10-18 12:00:00+00:00,18783124.284444444
2023-10-18 13:00:00+00:00,25601575.162777778
2023-10-18 14:00:00+00:00,30309033.440833334
2023-10-18 15:00:00+00:00,17490894.227222223
2023-10-18 16:00:00+00:00,18426334.591666665
2023-10-18 17:00:00+00:00,21997349.388055556
2023-10-18 18:00:00+00:00,11435269.904166667
2023-10-18 19:00:00+00:00,18719330.72388889
2023-10-18 20:00:00+00:00,15364967.266944444
2023-10-18 21:00:00+00:00,32296191.319722224
2023-10-18 22:00:00+00:00,96433328.52638888
2023-10-18 23:00:00+00:00,50774877.93
2023-10-19 00:00:00+00:00,26909449.419166666
2023-10-19 01:00:00+00:00,24705298.35722222
2023-10-19 02:00:00+00:00,32935897.79638889
2023-10-19 03:00:00+00:00,21224172.815555554
2023-10-19 04:00:00+00:00,26328939.48666667
2023-10-19 05:00:00+00:00,30786219.85638889
2023-10-19 06:00:00+00:00,24593721.158055555
2023-10-19 07:00:00+00:00,31913193.518333334
2023-10-19 08:00:00+00:00,19901760.89388889
2023-10-19 09:00:00+00:00,43615770.715277776
2023-10-19 10:00:00+00:00,31926788.16138889
2023-10-19 11:00:00+00:00,35007959.840555556
2023-10-19 12:00:00+00:00,24625455.094444446
2023-10-19 13:00:00+00:00,26683565.87
2023-10-19 14:00:00+00:00,29676029.338333335
2023-10-19 15:00:00+00:00,28471064.8875
2023-10-19 16:00:00+00:00,34948986.80861111
2023-10-19 17:00:00+00:00,26251782.12638889
2023-10-19 18:00:00+00:00,49376172.70944444
2023-10-19 19:00:00+00:00,18526198.094722223
2023-10-19 20:00:00+00:00,17388728.47388889
2023-10-19 21:00:00+00:00,28261004.971944444
2023-10-19 22:00:00+00:00,27298491.338055555
2023-10-19 23:00:00+00:00,21868981.803055555
2023-10-20 00:00:00+00:00,32654094.279444445
2023-10-20 01:00:00+00:00,14649996.875
2023-10-20 02:00:00+00:00,24475985.62
2023-10-20 03:00:00+00:00,20009538.671944443
2023-10-20 04:00:00+00:00,17474008.446944445
2023-10-20 05:00:00+00:00,17179315.614444446
2023-10-20 06:00:00+00:00,26604818.6225
2023-10-20 07:00:00+00:00,31217233.731944446
2023-10-20 08:00:00+00:00,30585398.48638889
2023-10-20 09:00:00+00:00,32218798.645555556
2023-10-20 10:00:00+00:00,35168076.31527778
2023-10-20 11:00:00+00:00,28532202.285833333
2023-10-20 12:00:00+00:00,26128217.616666667
2023-10-20 13:00:00+00:00,26721351.401666667
2023-10-20 14:00:00+00:00,23230437.719166666
2023-10-20 15:00:00+00:00,23207004.13611111
2023-10-20 16:00:00+00:00,19489965.30138889
2023-10-20 17:00:00+00:00,15491145.34111111
2023-10-20 18:00:00+00:00,11647866.725833334
2023-10-20 19:00:00+00:00,28971735.433055557
2023-10-20 20:00:00+00:00,20746747.539722223
2023-10-20 21:00:00+00:00,23436248.795277778
2023-10-20 22:00:00+00:00,40008505.031111114
2023-10-20 23:00:00+00:00,28577699.01611111
2023-10-21 00:00:00+00:00,23929632.326944444
2023-10-21 01:00:00+00:00,14804089.612222223
2023-10-21 02:00:00+00:00,15569479.550555555
2023-10-21 03:00:00+00:00,21678769.096388888
2023-10-21 04:00:00+00:00,18801448.770555556
2023-10-21 05:00:00+00:00,21287206.105277777
2023-10-21 06:00:00+00:00,21427895.660833333
2023-10-21 07:00:00+00:00,20725040.894722223
2023-10-21 08:00:00+00:00,20015994.846388888
2023-10-21 09:00:00+00:00,22224115.54916667
2023-10-21 10:00:00+00:00,27394203.16722222
2023-10-21 11:00:00+00:00,23448170.885277778
2023-10-21 12:00:00+00:00,22341332.735833332
2023-10-21 13:00:00+00:00,23004219.639444444
2023-10-21 14:00:00+00:00,27591995.485833332
2023-10-21 15:00:00+00:00,14689925.347222222
2023-10-21 16:00:00+00:00,28120660.594722223
2023-10-21 17:00:00+00:00,14180939.46611111
2023-10-21 18:00:00+00:00,26493036.208055556
2023-10-21 19:00:00+00:00,26916962.79222222
2023-10-21 20:00:00+00:00,22603196.26888889
2023-10-21 21:00:00+00:00,32870655.656666666
2023-10-21 22:00:00+00:00,27849091.64
2023-10-21 23:00:00+00:00,23114828.366666667
2023-10-22 00:00:00+00:00,22960401.161944445
2023-10-22 01:00:00+00:00,15625630.99
2023-10-22 02:00:00+00:00,20184233.40027778
2023-10-22 03:00:00+00:00,29072044.358055554
2023-10-22 04:00:00+00:00,15844015.826666666
2023-10-22 05:00:00+00:00,32841421.26888889
2023-10-22 06:00:00+00:00,23920448.194722224
2023-10-22 07:00:00+00:00,28108841.55722222
2023-10-22 08:00:00+00:00,27226748.561388887
2023-10-22 09:00:00+00:00,33834024.01861111
2023-10-22 10:00:00+00:00,31192378.139444444
2023-10-22 11:00:00+00:00,32043824.249166667
2023-10-22 12:00:00+00:00,25391939.027777776
2023-10-22 13:00:00+00:00,27566176.0825
2023-10-22 14:00:00+00:00,27107190.213333335
2023-10-22 15:00:00+00:00,22982139.8675
2023-10-22 16:00:00+00:00,24094150.610833332
2023-10-22 17:00:00+00:00,29495741.283055555
2023-10-22 18:00:00+00:00,27564802.95361111
2023-10-22 19:00:00+00:00,33079116.38833333
2023-10-22 20:00:00+00:00,18471831.716944445
2023-10-22 21:00:00+00:00,39352421.02583333
2023-10-22 22:00:00+00:00,37160453.04277778
2023-10-22 23:00:00+00:00,28035055.930277776
2023-10-23 00:00:00+00:00,35359196.593055554
2023-10-23 01:00:00+00:00,21776412.430555556
2023-10-23 02:00:00+00:00,28581575.70111111
2023-10-23 03:00:00+00:00,22662645.615
2023-10-23 04:00:00+00:00,27478030.545277778
2023-10-23 05:00:00+00:00,22173307.090555556
2023-10-23 06:00:00+00:00,19599490.839444444
2023-10-23 07:00:00+00:00,37900101.08416667
2023-10-23 08:00:00+00:00,21536895.7225
2023-10-23 09:00:00+00:00,23767349.206944443
2023-10-23 10:00:00+00:00,16985914.04472222
2023-10-23 11:00:00+00:00,29562803.73527778
2023-10-23 12:00:00+00:00,19737694.099166665
2023-10-23 13:00:00+00:00,34520151.325
2023-10-23 14:00:00+00:00,18710257.103055555
2023-10-23 15:00:00+00:00,21090799.71
2023-10-23 16:00:00+00:00,30887278.97388889
2023-10-23 17:00:00+00:00,11611562.173333334
2023-10-23 18:00:00+00:00,17134935.395
2023-10-23 19:00:00+00:00,36610638.928333335
2023-10-23 20:00:00+00:00,59551808.52333333
2023-10-23 21:00:00+00:00,29467582.120833334
2023-10-23 22:00:00+00:00,28517243.373055555
2023-10-23 23:00:00+00:00,29569449.649722222
2023-10-24 00:00:00+00:00,28012882.840277776
2023-10-24 01:00:00+00:00,19986439.824722223
2023-10-24 02:00:00+00:00,31455632.795555554
2023-10-24 03:00:00+00:00,25321881.56611111
2023-10-24 04:00:00+00:00,17139304.760555554
2023-10-24 05:00:00+00:00,29978984.84888889
2023-10-24 06:00:00+00:00,20908692.222777776
2023-10-24 07:00:00+00:00,31634347.013055556
2023-10-24 08:00:00+00:00,23071337.083055556
2023-10-24 09:00:00+00:00,23937680.924444444
2023-10-24 10:00:00+00:00,31373227.949722223
2023-10-24 11:00:00+00:00,24786401.518055554
2023-10-24 12:00:00+00:00,26870397.408055555
2023-10-24 13:00:00+00:00,20642926.354166668
2023-10-24 14:00:00+00:00,39291122.175
2023-10-24 15:00:00+00:00,32615369.648055557
2023-10-24 16:00:00+00:00,23896813.595555555
2023-10-24 17:00:00+00:00,21618986.5825
2023-10-24 18:00:00+00:00,30803185.54638889
2023-10-24 19:00:00+00:00,33744188.86666667
2023-10-24 20:00:00+00:00,19811565.424444444
2023-10-24 21:00:00+00:00,36358151.27583333
2023-10-24 22:00:00+00:00,35037899.74166667
2023-10-24 23:00:00+00:00,39930767.00861111
2023-10-25 00:00:00+00:00,15595693.225277778
2023-10-25 01:00:00+00:00,22546541.918333333
2023-10-25 02:00:00+00:00,24861139.53277778
2023-10-25 03:00:00+00:00,16981701.949444443
2023-10-25 04:00:00+00:00,24726893.22972222
2023-10-25 05:00:00+00:00,30473111.52388889
2023-10-25 06:00:00+00:00,24349852.841666665
2023-10-25 07:00:00+00:00,17520244.69638889
2023-10-25 08:00:00+00:00,24461386.653611112
2023-10-25 09:00:00+00:00,21803105.397777777
2023-10-25 10:00:00+00:00,31532555.29611111
2023-10-25 11:00:00+00:00,30277495.860555556
2023-10-25 12:00:00+00:00,20918688.968333334
2023-10-25 13:00:00+00:00,21985047.748888887
2023-10-25 14:00:00+00:00,20760621.164166667
2023-10-25 15:00:00+00:00,23257442.05361111
2023-10-25 16:00:00+00:00,27386804.483055554
2023-10-25 17:00:00+00:00,23125710.52138889
2023-10-25 18:00:00+00:00,26178893.164444443
2023-10-25 19:00:00+00:00,40802481.54805555
2023-10-25 20:00:00+00:00,32033595.189444445
2023-10-25 21:00:00+00:00,27719825.92138889
2023-10-25 22:00:00+00:00,25784698.652222224
2023-10-25 23:00:00+00:00,20161549.504722223
2023-10-26 00:00:00+00:00,21263305.614722222
2023-10-26 01:00:00+00:00,16531544.285833333
2023-10-26 02:00:00+00:00,27460184.123055555
2023-10-26 03:00:00+00:00,23439897.26138889
2023-10-26 04:00:00+00:00,23779284.365555555
2023-10-26 05:00:00+00:00,36728354.696944445
2023-10-26 06:00:00+00:00,36891231.038333334
2023-10-26 07:00:00+00:00,31117676.240555555
2023-10-26 08:00:00+00:00,25906639.1125
2023-10-26 09:00:00+00:00,33669379.885
2023-10-26 10:00:00+00:00,29058147.495
2023-10-26 11:00:00+00:00,23000948.436944444
2023-10-26 12:00:00+00:00,23467693.971944444
2023-10-26 13:00:00+00:00,32777425.863055557
2023-10-26 14:00:00+00:00,19070127.908055555
2023-10-26 15:00:00+00:00,16430813.771666666
2023-10-26 16:00:00+00:00,25122169.881666668
2023-10-26 17:00:00+00:00,11920614.369444445
2023-10-26 18:00:00+00:00,14472341.654166667
2023-10-26 19:00:00+00:00,25731018.820277777
2023-10-26 20:00:00+00:00,31937913.440833334
2023-10-26 21:00:00+00:00,22279393.71111111
2023-10-26 22:00:00+00:00,29681841.18611111
2023-10-26 23:00:00+00:00,27279461.873333335
2023-10-27 00:00:00+00:00,25922624.303333335
2023-10-27 01:00:00+00:00,17189582.47
2023-10-27 02:00:00+00:00,16868622.784722224
2023-10-27 03:00:00+00:00,14885753.972777778
2023-10-27 04:00:00+00:00,13907630.708888888
2023-10-27 05:00:00+00:00,23170220.786666665
2023-10-27 06:00:00+00:00,18761278.57361111
2023-10-27 07:00:00+00:00,19923505.828055557
2023-10-27 08:00:00+00:00,19353673.22388889
2023-10-27 09:00:00+00:00,19757316.759444445
2023-10-27 10:00:00+00:00,24753148.895833332
2023-10-27 11:00:00+00:00,24631648.118333332
2023-10-27 12:00:00+00:00,20397943.890555557
2023-10-27 13:00:00+00:00,23056931.2125
2023-10-27 14:00:00+00:00,27031531.385
2023-10-27 15:00:00+00:00,26553387.907222223
2023-10-27 16:00:00+00:00,14401032.215833334
2023-10-27 17:00:00+00:00,11784550.100277778
2023-10-27 18:00:00+00:00,23093947.11027778
2023-10-27 19:00:00+00:00,27292375.08111111
2023-10-27 20:00:00+00:00,22185214.42138889
2023-10-27 21:00:00+00:00,25640723.933333334
2023-10-27 22:00:00+00:00,25550845.178333335
2023-10-27 23:00:00+00:00,15551206.444166666
2023-10-28 00:00:00+00:00,7442607.202777778
2023-10-28 01:00:00+00:00,12770951.619166667
2023-10-28 02:00:00+00:00,14815112.530833334
2023-10-28 03:00:00+00:00,14209637.790555555
2023-10-28 04:00:00+00:00,8273252.259722223
2023-10-28 05:00:00+00:00,11259638.289722223
2023-10-28 06:00:00+00:00,21152050.895833332
2023-10-28 07:00:00+00:00,19859900.445277777
2023-10-28 08:00:00+00:00,17418806.76333333
2023-10-28 09:00:00+00:00,25428951.679444443
2023-10-28 10:00:00+00:00,21984889.743333332
2023-10-28 11:00:00+00:00,40336572.329722226
2023-10-28 12:00:00+00:00,42130620.12111111
2023-10-28 13:00:00+00:00,35143167.34
2023-10-28 14:00:00+00:00,23765306.55861111
2023-10-28 15:00:00+00:00,11676931.073888889
2023-10-28 16:00:00+00:00,23757518.20222222
2023-10-28 17:00:00+00:00,15756258.5875
2023-10-28 18:00:00+00:00,23215638.05
2023-10-28 19:00:00+00:00,19609274.09972222
2023-10-28 20:00:00+00:00,23076937.152777776
2023-10-28 21:00:00+00:00,27602886.4575
2023-10-28 22:00:00+00:00,43988391.06138889
2023-10-28 23:00:00+00:00,25117462.104166668
2023-10-29 01:00:00+00:00,30297950.312222224
2023-10-29 02:00:00+00:00,17658462.090833332
2023-10-29 03:00:00+00:00,25523796.72388889
2023-10-29 04:00:00+00:00,11524432.619444445
2023-10-29 05:00:00+00:00,28533690.27611111
2023-10-29 06:00:00+00:00,16157495.5825
2023-10-29 07:00:00+00:00,26235898.315
2023-10-29 08:00:00+00:00,19940087.179722223
2023-10-29 09:00:00+00:00,18738113.340833332
2023-10-29 10:00:00+00:00,19802734.32
2023-10-29 11:00:00+00:00,32270164.539722223
2023-10-29 12:00:00+00:00,19591922.538055554
2023-10-29 13:00:00+00:00,17396204.12361111
2023-10-29 14:00:00+00:00,39108506.66416667
2023-10-29 15:00:00+00:00,21637784.685
2023-10-29 16:00:00+00:00,15882399.781666666
2023-10-29 17:00:00+00:00,22416912.563055556
2023-10-29 18:00:00+00:00,26763862.09222222
2023-10-29 19:00:00+00:00,23553146.01361111
2023-10-29 20:00:00+00:00,18236977.57
2023-10-29 21:00:00+00:00,25122314.140277777
2023-10-29 22:00:00+00:00,21818339.736944444
2023-10-29 23:00:00+00:00,46715286.05444445
2023-10-30 00:00:00+00:00,23605301.164444443
2023-10-30 01:00:00+00:00,16848546.836666666
2023-10-30 02:00:00+00:00,20385656.59361111
2023-10-30 03:00:00+00:00,19231584.719444446
2023-10-30 04:00:00+00:00,24787589.14
2023-10-30 05:00:00+00:00,13962656.693333333
2023-10-30 06:00:00+00:00,10263163.194722222
2023-10-30 07:00:00+00:00,22277059.800277777
2023-10-30 08:00:00+00:00,22998053.64388889
2023-10-30 09:00:00+00:00,29462478.076388888
2023-10-30 10:00:00+00:00,36062606.95111111
2023-10-30 11:00:00+00:00,26898847.044444446
2023-10-30 12:00:00+00:00,25121529.74111111
2023-10-30 13:00:00+00:00,44617497.87555555
2023-10-30 14:00:00+00:00,40779499.10222222
2023-10-30 15:00:00+00:00,36054656.2625
2023-10-30 16:00:00+00:00,32618147.104444444
2023-10-30 17:00:00+00:00,35814775.99138889
2023-10-30 18:00:00+00:00,32493681.995
2023-10-30 19:00:00+00:00,35206850.74583333
2023-10-30 20:00:00+00:00,60079019.33111111
2023-10-30 21:00:00+00:00,59609166.65222222
2023-10-30 22:00:00+00:00,51840482.218055554
2023-10-30 23:00:00+00:00,36405122.25444444
2023-10-31 00:00:00+00:00,39393392.399166666
2023-10-31 01:00:00+00:00,36934056.2425
2023-10-31 02:00:00+00:00,22561051.155
2023-10-31 03:00:00+00:00,42320812.48638889
2023-10-31 04:00:00+00:00,50404786.12416667
2023-10-31 05:00:00+00:00,23052118.719444446
2023-10-31 06:00:00+00:00,24568402.317222223
2023-10-31 07:00:00+00:00,36085667.755833335
2023-10-31 08:00:00+00:00,31624970.220555555
2023-10-31 09:00:00+00:00,25289559.94861111
2023-10-31 10:00:00+00:00,35670578.325277776
2023-10-31 11:00:00+00:00,31576838.608055554
2023-10-31 12:00:00+00:00,42901498.89416666
2023-10-31 13:00:00+00:00,31616860.873888887
2023-10-31 14:00:00+00:00,35665164.68777778
2023-10-31 15:00:00+00:00,41322965.153333336
2023-10-31 16:00:00+00:00,42261546.18638889
2023-10-31 17:00:00+00:00,45072604.0525
2023-10-31 18:00:00+00:00,43722815.207777776
2023-10-31 19:00:00+00:00,40720047.84277778
2023-10-31 20:00:00+00:00,45626300.72777778
2023-10-31 21:00:00+00:00,35750069.200833336
2023-10-31 22:00:00+00:00,54812907.41
2023-10-31 23:00:00+00:00,37686665.315
2023-11-01 00:00:00+00:00,37452828.47083333
2023-11-01 01:00:00+00:00,36179291.64638889
2023-11-01 02:00:00+00:00,32118411.062777776
2023-11-01 03:00:00+00:00,41520760.62805556
2023-11-01 04:00:00+00:00,35225218.09583333
2023-11-01 05:00:00+00:00,34622156.02222222
2023-11-01 06:00:00+00:00,33488628.262222223
2023-11-01 07:00:00+00:00,26341695.009166665
2023-11-01 08:00:00+00:00,33801308.62361111
2023-11-01 09:00:00+00:00,29639684.800555557
2023-11-01 10:00:00+00:00,38677544.75638889
2023-11-01 11:00:00+00:00,40871426.78388889
2023-11-01 12:00:00+00:00,41928033.2175
2023-11-01 13:00:00+00:00,44128143.200555556
2023-11-01 14:00:00+00:00,48676289.6325
2023-11-01 15:00:00+00:00,38747338.3475
2023-11-01 16:00:00+00:00,38637138.155555554
2023-11-01 17:00:00+00:00,49995842.656944446
2023-11-01 18:00:00+00:00,50158866.17138889
2023-11-01 19:00:00+00:00,47941627.310277775
2023-11-01 20:00:00+00:00,35001210.82638889
2023-11-01 21:00:00+00:00,36344951.63722222
2023-11-01 22:00:00+00:00,38040219.420555554
2023-11-01 23:00:00+00:00,36608313.13166667
2023-11-02 00:00:00+00:00,33593030.60138889
2023-11-02 01:00:00+00:00,19658853.398333333
2023-11-02 02:00:00+00:00,17976918.188055556
2023-11-02 03:00:00+00:00,26586165.195833333
2023-11-02 04:00:00+00:00,22116759.434444446
2023-11-02 05:00:00+00:00,14789034.374722222
2023-11-02 06:00:00+00:00,21925055.730555557
2023-11-02 07:00:00+00:00,15320595.300833333
2023-11-02 08:00:00+00:00,28147749.468333334
2023-11-02 09:00:00+00:00,15964077.83638889
2023-11-02 10:00:00+00:00,24463394.1525
2023-11-02 11:00:00+00:00,25369716.916944444
2023-11-02 12:00:00+00:00,26482623.93222222
2023-11-02 13:00:00+00:00,26954423.57388889
2023-11-02 14:00:00+00:00,20172335.96888889
2023-11-02 15:00:00+00:00,30138072.776944444
2023-11-02 16:00:00+00:00,28084519.760833334
2023-11-02 17:00:00+00:00,31444667.79916667
2023-11-02 18:00:00+00:00,17305187.51
2023-11-02 19:00:00+00:00,19389290.159166668
2023-11-02 20:00:00+00:00,26074100.624722224
2023-11-02 21:00:00+00:00,26442651.65111111
2023-11-02 22:00:00+00:00,25647457.37861111
2023-11-02 23:00:00+00:00,27885799.235555556
2023-11-03 00:00:00+00:00,25370783.510277778
2023-11-03 01:00:00+00:00,21030219.45111111
2023-11-03 02:00:00+00:00,21972657.494444445
2023-11-03 03:00:00+00:00,12972987.477777777
2023-11-03 04:00:00+00:00,15522166.869444445
2023-11-03 05:00:00+00:00,26224311.84888889
2023-11-03 06:00:00+00:00,18573746.87638889
2023-11-03 07:00:00+00:00,24122561.901388887
2023-11-03 08:00:00+00:00,41036461.61
2023-11-03 09:00:00+00:00,18987471.640555557
2023-11-03 10:00:00+00:00,28979761.793055557
2023-11-03 11:00:00+00:00,21352875.878055554
2023-11-03 12:00:00+00:00,32547977.55138889
2023-11-03 13:00:00+00:00,26668781.84138889
2023-11-03 14:00:00+00:00,23398299.758333333
2023-11-03 15:00:00+00:00,28209530.63861111
2023-11-03 16:00:00+00:00,19984088.526944444
2023-11-03 17:00:00+00:00,28019251.54222222
2023-11-03 18:00:00+00:00,16626963.413055556
2023-11-03 19:00:00+00:00,21026717.888888888
2023-11-03 20:00:00+00:00,28593733.806111112
2023-11-03 21:00:00+00:00,25362842.335277777
2023-11-03 22:00:00+00:00,21879306.085555557
2023-11-03 23:00:00+00:00,27744385.56
2023-11-04 00:00:00+00:00,18834855.282222223
2023-11-04 01:00:00+00:00,12382941.80611111
2023-11-04 02:00:00+00:00,15837687.281111112
2023-11-04 03:00:00+00:00,16041976.6975
2023-11-04 04:00:00+00:00,23131792.45388889
2023-11-04 05:00:00+00:00,15211714.89361111
2023-11-04 06:00:00+00:00,16621243.18111111
2023-11-04 07:00:00+00:00,13809026.904444445
2023-11-04 08:00:00+00:00,19775704.820555557
2023-11-04 09:00:00+00:00,15555385.324444445
2023-11-04 10:00:00+00:00,21655602.93972222
2023-11-04 11:00:00+00:00,15995727.55
2023-11-04 12:00:00+00:00,28409647.592777777
2023-11-04 13:00:00+00:00,16062330.764444444
2023-11-04 14:00:00+00:00,29053077.956944443
2023-11-04 15:00:00+00:00,18994734.428888887
2023-11-04 16:00:00+00:00,12503809.52
2023-11-04 17:00:00+00:00,23290559.29388889
2023-11-04 18:00:00+00:00,18955124.294166666
2023-11-04 19:00:00+00:00,21511714.717777777
2023-11-04 20:00:00+00:00,26264824.485555556
2023-11-04 21:00:00+00:00,21424774.089722224
2023-11-04 22:00:00+00:00,27015236.941666666
2023-11-04 23:00:00+00:00,22554977.234166667
2023-11-05 00:00:00+00:00,29361184.475833334
2023-11-05 01:00:00+00:00,15330947.696111111
2023-11-05 02:00:00+00:00,12786157.98888889
2023-11-05 03:00:00+00:00,23858833.939444445
2023-11-05 04:00:00+00:00,17622354.441666666
2023-11-05 05:00:00+00:00,23938839.93222222
2023-11-05 06:00:00+00:00,26092026.33388889
2023-11-05 07:00:00+00:00,16469467.355833333
2023-11-05 08:00:00+00:00,23740078.099166665
2023-11-05 09:00:00+00:00,24396535.770833332
2023-11-05 10:00:00+00:00,33387385.34138889
2023-11-05 11:00:00+00:00,34639313.25138889
2023-11-05 12:00:00+00:00,25489384.278611112
2023-11-05 13:00:00+00:00,24067165.960277777
2023-11-05 14:00:00+00:00,28977418.895833332
2023-11-05 15:00:00+00:00,22213067.54
2023-11-05 16:00:00+00:00,25107293.257222224
2023-11-05 17:00:00+00:00,25153645.981666666
2023-11-05 18:00:00+00:00,17571913.7125
2023-11-05 19:00:00+00:00,13937768.86
2023-11-05 20:00:00+00:00,25937390.702777777
2023-11-05 21:00:00+00:00,35836315.65416667
2023-11-05 22:00:00+00:00,32428632.903333332
2023-11-05 23:00:00+00:00,27273291.27361111
2023-11-06 00:00:00+00:00,24398759.77
2023-11-06 01:00:00+00:00,22112335.70361111
2023-11-06 02:00:00+00:00,26892524.63861111
2023-11-06 03:00:00+00:00,28923594.994444445
2023-11-06 04:00:00+00:00,22044880.006944444
2023-11-06 05:00:00+00:00,29922395.150555555
2023-11-06 06:00:00+00:00,29952266.01638889
2023-11-06 07:00:00+00:00,20667314.934166666
2023-11-06 08:00:00+00:00,28671209.97
2023-11-06 09:00:00+00:00,12374178.858888889
2023-11-06 10:00:00+00:00,10369566.639722222
2023-11-06 11:00:00+00:00,24393785.2025
2023-11-06 12:00:00+00:00,37036097.560555555
2023-11-06 13:00:00+00:00,27095967.991666667
2023-11-06 14:00:00+00:00,32612818.67277778
2023-11-06 15:00:00+00:00,19760670.7775
2023-11-06 16:00:00+00:00,24947811.569444444
2023-11-06 17:00:00+00:00,16617372.108888889
2023-11-06 18:00:00+00:00,19336371.519166667
2023-11-06 19:00:00+00:00,15222148.138055556
2023-11-06 20:00:00+00:00,18851953.578333333
2023-11-06 21:00:00+00:00,15253556.97138889
2023-11-06 22:00:00+00:00,18056955.682777777
2023-11-06 23:00:00+00:00,12257589.920555556
2023-11-07 00:00:00+00:00,13294357.621111112
2023-11-07 01:00:00+00:00,11937784.965277778
2023-11-07 02:00:00+00:00,19412958.27361111
2023-11-07 03:00:00+00:00,15049186.798333334
2023-11-07 04:00:00+00:00,19178813.975277778
2023-11-07 05:00:00+00:00,11532628.745277777
2023-11-07 06:00:00+00:00,18852998.751944445
2023-11-07 07:00:00+00:00,14318971.362777777
2023-11-07 08:00:00+00:00,13050852.607222222
2023-11-07 09:00:00+00:00,19178652.753055554
2023-11-07 10:00:00+00:00,18688508.180277776
2023-11-07 11:00:00+00:00,22668996.92277778
2023-11-07 12:00:00+00:00,28428886.916666668
2023-11-07 13:00:00+00:00,21564605.03638889
2023-11-07 14:00:00+00:00,30996147.04388889
2023-11-07 15:00:00+00:00,35173478.266666666
2023-11-07 16:00:00+00:00,18221819.57611111
2023-11-07 17:00:00+00:00,25706623.809166666
2023-11-07 18:00:00+00:00,22941243.328055557
2023-11-07 19:00:00+00:00,22433205.927222222
2023-11-07 20:00:00+00:00,25257983.68138889
2023-11-07 21:00:00+00:00,32737843.340833332
2023-11-07 22:00:00+00:00,28225381.17
2023-11-07 23:00:00+00:00,40511564.41972222
2023-11-08 00:00:00+00:00,22581598.339166667
2023-11-08 01:00:00+00:00,25218898.6625
2023-11-08 02:00:00+00:00,14920069.515277777
2023-11-08 03:00:00+00:00,26723113.774166666
2023-11-08 04:00:00+00:00,20665855.978888888
2023-11-08 05:00:00+00:00,29699488.21138889
2023-11-08 06:00:00+00:00,25117094.1375
2023-11-08 07:00:00+00:00,21340942.91972222
2023-11-08 08:00:00+00:00,19223865.712222222
2023-11-08 09:00:00+00:00,24591518.866666667
2023-11-08 10:00:00+00:00,18622903.97388889
2023-11-08 11:00:00+00:00,25465443.35611111
2023-11-08 12:00:00+00:00,19228385.686944444
2023-11-08 13:00:00+00:00,25230773.89888889
2023-11-08 14:00:00+00:00,23735887.57388889
2023-11-08 15:00:00+00:00,24288283.420277778
2023-11-08 16:00:00+00:00,29559313.818055555
2023-11-08 17:00:00+00:00,22321372.453055557
2023-11-08 18:00:00+00:00,26312177.335555557
2023-11-08 19:00:00+00:00,26236698.01777778
2023-11-08 20:00:00+00:00,18569675.76
2023-11-08 21:00:00+00:00,28674447.794444446
2023-11-08 22:00:00+00:00,19937073.804722223
2023-11-08 23:00:00+00:00,27934963.650555555
2023-11-09 00:00:00+00:00,29972270.58638889
2023-11-09 01:00:00+00:00,31210578.661944445
2023-11-09 02:00:00+00:00,16936731.526388887
2023-11-09 03:00:00+00:00,26379981.29972222
2023-11-09 04:00:00+00:00,20269774.229166668
2023-11-09 05:00:00+00:00,21911229.965
2023-11-09 06:00:00+00:00,15974583.289722223
2023-11-09 07:00:00+00:00,22434663.55638889
2023-11-09 08:00:00+00:00,28430134.654444445
2023-11-09 09:00:00+00:00,27638760.97777778
2023-11-09 10:00:00+00:00,27332632.382777777
2023-11-09 11:00:00+00:00,32464108.79972222
2023-11-09 12:00:00+00:00,22993792.854444444
2023-11-09 13:00:00+00:00,21598531.110555556
2023-11-09 14:00:00+00:00,31560412.98
2023-11-09 15:00:00+00:00,27988496.688333333
2023-11-09 16:00:00+00:00,18597239.38611111
2023-11-09 17:00:00+00:00,20295125.75583333
2023-11-09 18:00:00+00:00,31376817.640555557
2023-11-09 19:00:00+00:00,16410656.321666667
2023-11-09 20:00:00+00:00,21492444.14138889
2023-11-09 21:00:00+00:00,33234810.974166665
2023-11-09 22:00:00+00:00,34997480.84805556
2023-11-09 23:00:00+00:00,28037862.677222222
2023-11-10 00:00:00+00:00,18288414.381666668
2023-11-10 01:00:00+00:00,18478330.479444444
2023-11-10 02:00:00+00:00,23312780.034166668
2023-11-10 03:00:00+00:00,11469649.77861111
2023-11-10 04:00:00+00:00,20653441.35638889
2023-11-10 05:00:00+00:00,26213464.68972222
2023-11-10 06:00:00+00:00,17202611.72111111
2023-11-10 07:00:00+00:00,24395199.421944443
2023-11-10 08:00:00+00:00,8780600.144722221
2023-11-10 09:00:00+00:00,4893674.470555556
2023-11-10 10:00:00+00:00,10325987.931388889
2023-11-10 11:00:00+00:00,30353947.529166665
2023-11-10 12:00:00+00:00,40079736.275
2023-11-10 13:00:00+00:00,34745725.892222226
2023-11-10 14:00:00+00:00,47594939.49
2023-11-10 15:00:00+00:00,39340189.53722222
2023-11-10 16:00:00+00:00,31409352.92
2023-11-10 17:00:00+00:00,38420958.34888889
2023-11-10 18:00:00+00:00,27921789.117222223
2023-11-10 19:00:00+00:00,33814189.61805555
2023-11-10 20:00:00+00:00,38541561.388055556
2023-11-10 21:00:00+00:00,32182807.95527778
2023-11-10 22:00:00+00:00,22505342.52888889
2023-11-10 23:00:00+00:00,23732880.690555554
2023-11-11 00:00:00+00:00,16548689.781944444
2023-11-11 01:00:00+00:00,20337750.308055557
2023-11-11 02:00:00+00:00,13764524.134722222
2023-11-11 03:00:00+00:00,24265006.32611111
2023-11-11 04:00:00+00:00,22161013.940833334
2023-11-11 05:00:00+00:00,20349730.758055557
2023-11-11 06:00:00+00:00,31053564.423055556
2023-11-11 07:00:00+00:00,22493819.640833333
2023-11-11 08:00:00+00:00,30288750.991944443
2023-11-11 09:00:00+00:00,29456835.7675
2023-11-11 10:00:00+00:00,27445675.874444444
2023-11-11 11:00:00+00:00,36877172.57666667
2023-11-11 12:00:00+00:00,22345643.048055556
2023-11-11 13:00:00+00:00,19420989.243055556
2023-11-11 14:00:00+00:00,25344853.962222222
2023-11-11 15:00:00+00:00,12671507.997777779
2023-11-11 16:00:00+00:00,12859755.6875
2023-11-11 17:00:00+00:00,28823526.76
2023-11-11 18:00:00+00:00,19093205.802222222
2023-11-11 19:00:00+00:00,20460355.689444445
2023-11-11 20:00:00+00:00,32090048.325555556
2023-11-11 21:00:00+00:00,24462074.664166667
2023-11-11 22:00:00+00:00,25763117.30138889
2023-11-11 23:00:00+00:00,11037125.086944444
2023-11-12 00:00:00+00:00,11123311.067222223
2023-11-12 01:00:00+00:00,10962969.318611111
2023-11-12 02:00:00+00:00,8024728.893611111
2023-11-12 03:00:00+00:00,22083301.83138889
2023-11-12 04:00:00+00:00,13095035.541944444
2023-11-12 05:00:00+00:00,17679155.7325
2023-11-12 06:00:00+00:00,19329647.443055555
2023-11-12 07:00:00+00:00,22698299.748055555
2023-11-12 08:00:00+00:00,30332955.655277777
2023-11-12 09:00:00+00:00,24955288.689444445
2023-11-12 10:00:00+00:00,32047347.20361111
2023-11-12 11:00:00+00:00,26505034.369444445
2023-11-12 12:00:00+00:00,27928195.486111112
2023-11-12 13:00:00+00:00,26770548.51138889
2023-11-12 14:00:00+00:00,25475980.059722222
2023-11-12 15:00:00+00:00,15575592.014722222
2023-11-12 16:00:00+00:00,16662203.786388889
2023-11-12 17:00:00+00:00,9832837.564444445
2023-11-12 18:00:00+00:00,20997184.095555555
2023-11-12 19:00:00+00:00,15750928.170833332
2023-11-12 20:00:00+00:00,25184612.911111113
2023-11-12 21:00:00+00:00,19630936.844444446
2023-11-12 22:00:00+00:00,28507272.618611112
2023-11-12 23:00:00+00:00,19851463.07527778
2023-11-13 00:00:00+00:00,19408840.18527778
2023-11-13 01:00:00+00:00,10221829.026944444
2023-11-13 02:00:00+00:00,29474969.20388889
2023-11-13 03:00:00+00:00,15626703.387777777
2023-11-13 04:00:00+00:00,20682196.985555556
2023-11-13 05:00:00+00:00,14052411.102222223
2023-11-13 06:00:00+00:00,33867549.13527778
2023-11-13 07:00:00+00:00,36271429.77916667
2023-11-13 08:00:00+00:00,16049947.008055555
2023-11-13 09:00:00+00:00,21898769.597222224
2023-11-13 10:00:00+00:00,31550738.391944446
2023-11-13 11:00:00+00:00,25950818.2925
2023-11-13 12:00:00+00:00,27433370.708055556
2023-11-13 13:00:00+00:00,27041461.513888888
2023-11-13 14:00:00+00:00,21294040.00583333
2023-11-13 15:00:00+00:00,28644444.475833334
2023-11-13 16:00:00+00:00,29992578.79888889
2023-11-13 17:00:00+00:00,25289362.000555556
2023-11-13 18:00:00+00:00,21163384.989722222
2023-11-13 19:00:00+00:00,20575356.54361111
2023-11-13 20:00:00+00:00,32842703.51138889
2023-11-13 21:00:00+00:00,59047100.2325
2023-11-13 22:00:00+00:00,26673055.26861111
2023-11-13 23:00:00+00:00,27212894.335555557
2023-11-14 00:00:00+00:00,22278793.311388887
2023-11-14 01:00:00+00:00,27784898.79083333
2023-11-14 02:00:00+00:00,22082630.47611111
2023-11-14 03:00:00+00:00,16919219.105833333
2023-11-14 04:00:00+00:00,21431715.605
2023-11-14 05:00:00+00:00,15547675.950833334
2023-11-14 06:00:00+00:00,22082048.194166668
2023-11-14 07:00:00+00:00,20269005.088055555
2023-11-14 08:00:00+00:00,18926542.81
2023-11-14 09:00:00+00:00,27466347.99472222
2023-11-14 10:00:00+00:00,27499484.890277777
2023-11-14 11:00:00+00:00,19391044.965555556
2023-11-14 12:00:00+00:00,18811001.609166667
2023-11-14 13:00:00+00:00,23434451.748333335
2023-11-14 14:00:00+00:00,29082812.430555556
2023-11-14 15:00:00+00:00,16343178.974444445
2023-11-14 16:00:00+00:00,21907775.504722223
2023-11-14 17:00:00+00:00,17913083.4225
2023-11-14 18:00:00+00:00,16684121.850277778
2023-11-14 19:00:00+00:00,18586136.616666667
2023-11-14 20:00:00+00:00,24892539.8925
2023-11-14 21:00:00+00:00,24160444.20027778
2023-11-14 22:00:00+00:00,25902989.493611112
2023-11-14 23:00:00+00:00,16376506.895555556
2023-11-15 00:00:00+00:00,17976305.19277778
2023-11-15 01:00:00+00:00,11115433.413333334
2023-11-15 02:00:00+00:00,21664727.302222222
2023-11-15 03:00:00+00:00,22120983.07361111
2023-11-15 04:00:00+00:00,11398880.02
2023-11-15 05:00:00+00:00,9430118.571944445
2023-11-15 06:00:00+00:00,14956773.979722222
2023-11-15 07:00:00+00:00,15101628.977777777
2023-11-15 08:00:00+00:00,15533091.443611111
2023-11-15 09:00:00+00:00,16401924.77111111
2023-11-15 10:00:00+00:00,22768547.186388887
2023-11-15 11:00:00+00:00,18660653.681111112
2023-11-15 12:00:00+00:00,21192300.820277777
2023-11-15 13:00:00+00:00,21126545.9825
2023-11-15 14:00:00+00:00,20980891.05888889
2023-11-15 15:00:00+00:00,20983482.545833334
2023-11-15 16:00:00+00:00,24674265.972222224
2023-11-15 17:00:00+00:00,20369191.645833332
2023-11-15 18:00:00+00:00,18748313.090555556
2023-11-15 19:00:00+00:00,23518446.230833333
2023-11-15 20:00:00+00:00,29191292.25388889
2023-11-15 21:00:00+00:00,48999259.54027778
2023-11-15 22:00:00+00:00,17782242.214722224
2023-11-15 23:00:00+00:00,19700963.828333333
2023-11-16 00:00:00+00:00,24301971.054444443
2023-11-16 01:00:00+00:00,24387875.983333334
2023-11-16 02:00:00+00:00,36057127.02222222
2023-11-16 03:00:00+00:00,29439487.72388889
2023-11-16 04:00:00+00:00,25277841.401666667
2023-11-16 05:00:00+00:00,17703047.133611113
2023-11-16 06:00:00+00:00,14743567.376388889
2023-11-16 07:00:00+00:00,19191446.604444444
2023-11-16 08:00:00+00:00,20958049.208055556
2023-11-16 09:00:00+00:00,24200923.557777777
2023-11-16 10:00:00+00:00,27166195.171944443
2023-11-16 11:00:00+00:00,22380853.328333333
2023-11-16 12:00:00+00:00,26958816.858333334
2023-11-16 13:00:00+00:00,33481748.65611111
2023-11-16 14:00:00+00:00,33765020.505833335
2023-11-16 15:00:00+00:00,30333651.434166666
2023-11-16 16:00:00+00:00,32779133.666666668
2023-11-16 17:00:00+00:00,23861187.4575
2023-11-16 18:00:00+00:00,32999785.856666666
2023-11-16 19:00:00+00:00,38474704.622777775
2023-11-16 20:00:00+00:00,28819053.586666666
2023-11-16 21:00:00+00:00,34991304.33
2023-11-16 22:00:00+00:00,33117516.8225
2023-11-16 23:00:00+00:00,34959335.207777776
2023-11-17 00:00:00+00:00,33298407.936666667
2023-11-17 01:00:00+00:00,35710393.288611114
2023-11-17 02:00:00+00:00,38835223.52194444
2023-11-17 03:00:00+00:00,40537564.55194444
2023-11-17 04:00:00+00:00,51221617.92388889
2023-11-17 05:00:00+00:00,28288437.581944443
2023-11-17 06:00:00+00:00,39234304.24861111
2023-11-17 07:00:00+00:00,35085979.86833333
2023-11-17 08:00:00+00:00,31796490.98888889
2023-11-17 09:00:00+00:00,26617990.368055556
2023-11-17 10:00:00+00:00,36270987.604722224
2023-11-17 11:00:00+00:00,34148749.221666664
2023-11-17 12:00:00+00:00,44277794.87111111
2023-11-17 13:00:00+00:00,22035843.945277777
2023-11-17 14:00:00+00:00,34821829.843333334
2023-11-17 15:00:00+00:00,38322087.27555556
2023-11-17 16:00:00+00:00,32034541.7875
2023-11-17 17:00:00+00:00,25502456.73388889
2023-11-17 18:00:00+00:00,29252924.492777776
2023-11-17 19:00:00+00:00,32577870.028611112
2023-11-17 20:00:00+00:00,45948819.65361111
2023-11-17 21:00:00+00:00,27296820.115833335
2023-11-17 22:00:00+00:00,33297958.390555557
2023-11-17 23:00:00+00:00,28912315.533888888
2023-11-18 00:00:00+00:00,39727565.288611114
2023-11-18 01:00:00+00:00,35116857.5875
2023-11-18 02:00:00+00:00,27136446.956666667
2023-11-18 03:00:00+00:00,38636438.424166664
2023-11-18 04:00:00+00:00,29979600.312222224
2023-11-18 05:00:00+00:00,40612654.59638889
2023-11-18 06:00:00+00:00,26807642.995
2023-11-18 07:00:00+00:00,24132801.6975
2023-11-18 08:00:00+00:00,36586308.32777778
2023-11-18 09:00:00+00:00,32854120.18
2023-11-18 10:00:00+00:00,28248172.691666666
2023-11-18 11:00:00+00:00,31640618.87
2023-11-18 12:00:00+00:00,31623692.96277778
2023-11-18 13:00:00+00:00,23771552.948055554
2023-11-18 14:00:00+00:00,28392410.0675
2023-11-18 15:00:00+00:00,21093913.384166665
2023-11-18 16:00:00+00:00,35450489.68638889
2023-11-18 17:00:00+00:00,23290964.541944444
2023-11-18 18:00:00+00:00,27484794.53861111
2023-11-18 19:00:00+00:00,23389319.463055555
2023-11-18 20:00:00+00:00,39352722.16611111
2023-11-18 21:00:00+00:00,30340171.584444445
2023-11-18 22:00:00+00:00,25841861.68611111
2023-11-18 23:00:00+00:00,37568288.19944444
2023-11-19 00:00:00+00:00,20521003.715555556
2023-11-19 01:00:00+00:00,25480964.13638889
2023-11-19 02:00:00+00:00,13259273.938888889
2023-11-19 03:00:00+00:00,33388013.3225
2023-11-19 04:00:00+00:00,31137786.74777778
2023-11-19 05:00:00+00:00,29859852.230833333
2023-11-19 06:00:00+00:00,30520438.92111111
2023-11-19 07:00:00+00:00,29989112.605555557
2023-11-19 08:00:00+00:00,31408314.998333335
2023-11-19 09:00:00+00:00,37799565.10361111
2023-11-19 10:00:00+00:00,35299727.98638889
2023-11-19 11:00:00+00:00,34000760.82694445
2023-11-19 12:00:00+00:00,33186932.150833335
2023-11-19 13:00:00+00:00,52390163.66166667
2023-11-19 14:00:00+00:00,36635289.817777775
2023-11-19 15:00:00+00:00,39194375.42944445
2023-11-19 16:00:00+00:00,35870882.65388889
2023-11-19 17:00:00+00:00,30506817.591944445
2023-11-19 18:00:00+00:00,54202351.034166664
2023-11-19 19:00:00+00:00,33381648.30722222
2023-11-19 20:00:00+00:00,34156053.70666666
2023-11-19 21:00:00+00:00,54525335.822222225
2023-11-19 22:00:00+00:00,44408709.37444445
2023-11-19 23:00:00+00:00,44062981.82611111
2023-11-20 00:00:00+00:00,39170927.08722222
2023-11-20 01:00:00+00:00,49740944.469166666
2023-11-20 02:00:00+00:00,48085483.63111111
2023-11-20 03:00:00+00:00,36619342.399444446
2023-11-20 04:00:00+00:00,43705954.266666666
2023-11-20 05:00:00+00:00,33704208.93083333
2023-11-20 06:00:00+00:00,21028705.33472222
2023-11-20 07:00:00+00:00,42714833.34111111
2023-11-20 08:00:00+00:00,39389398.14
2023-11-20 09:00:00+00:00,37472972.74388889
2023-11-20 10:00:00+00:00,29600090.784166668
2023-11-20 11:00:00+00:00,20563282.389444444
2023-11-20 12:00:00+00:00,30208413.859444443
2023-11-20 13:00:00+00:00,32710092.309444446
2023-11-20 14:00:00+00:00,33016925.395833332
2023-11-20 15:00:00+00:00,30935402.764166668
2023-11-20 16:00:00+00:00,41485628.63
2023-11-20 17:00:00+00:00,45435730.37222222
2023-11-20 18:00:00+00:00,29279223.99111111
2023-11-20 19:00:00+00:00,39585640.17305555
2023-11-20 20:00:00+00:00,49936867.74972222
2023-11-20 21:00:00+00:00,41594221.03583334
2023-11-20 22:00:00+00:00,45492617.759722225
2023-11-20 23:00:00+00:00,38878130.66472222
2023-11-21 00:00:00+00:00,28486045.17472222
2023-11-21 01:00:00+00:00,31736140.93361111
2023-11-21 02:00:00+00:00,33395803.000833333
2023-11-21 03:00:00+00:00,42466389.781111114
2023-11-21 04:00:00+00:00,32934237.249722224
2023-11-21 05:00:00+00:00,30079823.833333332
2023-11-21 06:00:00+00:00,33795275.166666664
2023-11-21 07:00:00+00:00,42730081.65222222
2023-11-21 08:00:00+00:00,24871629.025
2023-11-21 09:00:00+00:00,48640272.13722222
2023-11-21 10:00:00+00:00,24689381.562222224
2023-11-21 11:00:00+00:00,36968281.69055556
2023-11-21 12:00:00+00:00,28588665.445277777
2023-11-21 13:00:00+00:00,33622026.73388889
2023-11-21 14:00:00+00:00,41241142.38138889
2023-11-21 15:00:00+00:00,31370045.26277778
2023-11-21 16:00:00+00:00,40127062.94111111
2023-11-21 17:00:00+00:00,31690414.333611112
2023-11-21 18:00:00+00:00,28957616.144166667
2023-11-21 19:00:00+00:00,24212670.48888889
2023-11-21 20:00:00+00:00,39898551.060833335
2023-11-21 21:00:00+00:00,44301423.83027778
2023-11-21 22:00:00+00:00,38172937.48638889
2023-11-21 23:00:00+00:00,29835848.036111113
2023-11-22 00:00:00+00:00,44126492.263333336
2023-11-22 01:00:00+00:00,24506201.552222222
2023-11-22 02:00:00+00:00,21725693.987777777
2023-11-22 03:00:00+00:00,32910012.626666665
2023-11-22 04:00:00+00:00,25508725.096388888
2023-11-22 05:00:00+00:00,22648486.793055557
2023-11-22 06:00:00+00:00,28981517.254722223
2023-11-22 07:00:00+00:00,31675701.26888889
2023-11-22 08:00:00+00:00,26450337.388888888
2023-11-22 09:00:00+00:00,28703207.508055557
2023-11-22 10:00:00+00:00,22489713.715
2023-11-22 11:00:00+00:00,35166766.583055556
2023-11-22 12:00:00+00:00,17473685.153611112
2023-11-22 13:00:00+00:00,31392047.676944446
2023-11-22 14:00:00+00:00,32435430.080833334
2023-11-22 15:00:00+00:00,41257424.57027778
2023-11-22 16:00:00+00:00,31562392.02527778
2023-11-22 17:00:00+00:00,22732809.58777778
2023-11-22 18:00:00+00:00,32845648.006388888
2023-11-22 19:00:00+00:00,28170072.16888889
2023-11-22 20:00:00+00:00,29949912.44111111
2023-11-22 21:00:00+00:00,31226936.72861111
2023-11-22 22:00:00+00:00,32602974.313611113
2023-11-22 23:00:00+00:00,25853616.343333334
2023-11-23 00:00:00+00:00,24101624.452777777
2023-11-23 01:00:00+00:00,32938594.506388888
2023-11-23 02:00:00+00:00,37777567.39722222
2023-11-23 03:00:00+00:00,21353899.0775
2023-11-23 04:00:00+00:00,24536397.491944443
2023-11-23 05:00:00+00:00,34574204.747777775
2023-11-23 06:00:00+00:00,24100572.63638889
2023-11-23 07:00:00+00:00,23376393.069722224
2023-11-23 08:00:00+00:00,24953159.3775
2023-11-23 09:00:00+00:00,21750878.09972222
2023-11-23 10:00:00+00:00,19517132.188333333
2023-11-23 11:00:00+00:00,18052450.499444444
2023-11-23 12:00:00+00:00,24278797.843333334
2023-11-23 13:00:00+00:00,28933241.828055557
2023-11-23 14:00:00+00:00,27485974.68888889
2023-11-23 15:00:00+00:00,33035063.651666667
2023-11-23 16:00:00+00:00,34962594.29888889
2023-11-23 17:00:00+00:00,33523717.663333334
2023-11-23 18:00:00+00:00,40177747.11083333
2023-11-23 19:00:00+00:00,36896149.16388889
2023-11-23 20:00:00+00:00,26787331.86888889
2023-11-23 21:00:00+00:00,29426069.356666666
2023-11-23 22:00:00+00:00,31175561.010833334
2023-11-23 23:00:00+00:00,31635424.833611112
2023-11-24 00:00:00+00:00,36357011.19611111
2023-11-24 01:00:00+00:00,38128881.29388889
2023-11-24 02:00:00+00:00,27425451.125833333
2023-11-24 03:00:00+00:00,25875816.094444446
2023-11-24 04:00:00+00:00,23644648.10611111
2023-11-24 05:00:00+00:00,22825371.80666667
2023-11-24 06:00:00+00:00,28177973.061666667
2023-11-24 07:00:00+00:00,31150249.436388887
2023-11-24 08:00:00+00:00,28031935.304722223
2023-11-24 09:00:00+00:00,21844477.21722222
2023-11-24 10:00:00+00:00,15052266.070833333
2023-11-24 11:00:00+00:00,19832329.874444444
2023-11-24 12:00:00+00:00,24050486.0425
2023-11-24 13:00:00+00:00,16505314.305555556
2023-11-24 14:00:00+00:00,28136937.62111111
2023-11-24 15:00:00+00:00,27584529.313055556
2023-11-24 16:00:00+00:00,25522997.996666666
2023-11-24 17:00:00+00:00,21155250.49611111
2023-11-24 18:00:00+00:00,17223726.498888887
2023-11-24 19:00:00+00:00,27002437.20527778
2023-11-24 20:00:00+00:00,20318742.811666667
2023-11-24 21:00:00+00:00,37905515.579444446
2023-11-24 22:00:00+00:00,24804216.538055554
2023-11-24 23:00:00+00:00,26589023.43166667
2023-11-25 00:00:00+00:00,20809848.350555554
2023-11-25 01:00:00+00:00,20189836.610555556
2023-11-25 02:00:00+00:00,14235725.485277778
2023-11-25 03:00:00+00:00,20357224.992222223
2023-11-25 04:00:00+00:00,22683533.00583333
2023-11-25 05:00:00+00:00,30051089.339722224
2023-11-25 06:00:00+00:00,25193326.9075
2023-11-25 07:00:00+00:00,16140042.202777777
2023-11-25 08:00:00+00:00,22007643.759444445
2023-11-25 09:00:00+00:00,23553814.664166667
2023-11-25 10:00:00+00:00,24691340.488055557
2023-11-25 11:00:00+00:00,26835538.394444443
2023-11-25 12:00:00+00:00,15935844.051944444
2023-11-25 13:00:00+00:00,25513749.006388888
2023-11-25 14:00:00+00:00,28375309.54916667
2023-11-25 15:00:00+00:00,24263947.435833335
2023-11-25 16:00:00+00:00,20672805.30111111
2023-11-25 17:00:00+00:00,29764996.815
2023-11-25 18:00:00+00:00,27238738.632777777
2023-11-25 19:00:00+00:00,23704077.624722224
2023-11-25 20:00:00+00:00,31754680.675555557
2023-11-25 21:00:00+00:00,28124762.562222224
2023-11-25 22:00:00+00:00,27647635.48722222
2023-11-25 23:00:00+00:00,25673109.329166666
2023-11-26 00:00:00+00:00,23148730.719722223
2023-11-26 01:00:00+00:00,25034887.41972222
2023-11-26 02:00:00+00:00,9310568.744444445
2023-11-26 03:00:00+00:00,25166467.984444443
2023-11-26 04:00:00+00:00,22972373.425277777
2023-11-26 05:00:00+00:00,24456534.56861111
2023-11-26 06:00:00+00:00,25067608.0775
2023-11-26 07:00:00+00:00,21510932.179722223
2023-11-26 08:00:00+00:00,20523720.8575
2023-11-26 09:00:00+00:00,18761839.960277777
2023-11-26 10:00:00+00:00,15130007.886388889
2023-11-26 11:00:00+00:00,23786107.529166665
2023-11-26 12:00:00+00:00,22638960.703055557
2023-11-26 13:00:00+00:00,21152571.276388887
2023-11-26 14:00:00+00:00,18481825.966944445
2023-11-26 15:00:00+00:00,25856030.808055557
2023-11-26 16:00:00+00:00,20270245.07138889
2023-11-26 17:00:00+00:00,19688347.455
2023-11-26 18:00:00+00:00,24483030.271944445
2023-11-26 19:00:00+00:00,18163987.118055556
2023-11-26 20:00:00+00:00,25323062.42638889
2023-11-26 21:00:00+00:00,22288971.63027778
2023-11-26 22:00:00+00:00,19600779.65388889
2023-11-26 23:00:00+00:00,13078377.773055555
2023-11-27 00:00:00+00:00,12639751.696666667
2023-11-27 01:00:00+00:00,10148836.552777778
2023-11-27 02:00:00+00:00,13929637.047777778
2023-11-27 03:00:00+00:00,9284339.464722222
2023-11-27 04:00:00+00:00,10168120.773333333
2023-11-27 05:00:00+00:00,8003816.1883333335
2023-11-27 06:00:00+00:00,5533706.947222223
2023-11-27 07:00:00+00:00,12492415.633611111
2023-11-27 08:00:00+00:00,20315111.953055557
2023-11-27 09:00:00+00:00,12817448.976666667
2023-11-27 10:00:00+00:00,10630063.427222222
2023-11-27 11:00:00+00:00,30148151.6775
2023-11-27 12:00:00+00:00,31619542.138055556
2023-11-27 13:00:00+00:00,12615819.505
2023-11-27 14:00:00+00:00,52764689.538055554
2023-11-27 15:00:00+00:00,26032829.878055554
2023-11-27 16:00:00+00:00,18885620.67
2023-11-27 17:00:00+00:00,23568102.8075
2023-11-27 18:00:00+00:00,15231278.864444444
2023-11-27 19:00:00+00:00,16254436.970277777
2023-11-27 20:00:00+00:00,23599065.78861111
2023-11-27 21:00:00+00:00,18282211.814444445
2023-11-27 22:00:00+00:00,32462442.20361111
2023-11-27 23:00:00+00:00,16029315.423055556
2023-11-28 00:00:00+00:00,23418540.405
2023-11-28 01:00:00+00:00,21932287.10111111
2023-11-28 02:00:00+00:00,16435466.032777777
2023-11-28 03:00:00+00:00,17912077.370833334
2023-11-28 04:00:00+00:00,15787266.638333334
2023-11-28 05:00:00+00:00,7535323.773333333
2023-11-28 06:00:00+00:00,2294397.581944444
2023-11-28 07:00:00+00:00,8867190.72361111
2023-11-28 08:00:00+00:00,8826572.503055556
2023-11-28 09:00:00+00:00,5816731.094444444
2023-11-28 10:00:00+00:00,4124348.8147222223
2023-11-28 11:00:00+00:00,7873726.694444444
2023-11-28 12:00:00+00:00,9775633.053888889
2023-11-28 13:00:00+00:00,24355471.687777776
2023-11-28 14:00:00+00:00,28936845.098055556
2023-11-28 15:00:00+00:00,32870635.94638889
2023-11-28 16:00:00+00:00,34829922.94027778
2023-11-28 17:00:00+00:00,41695760.61861111
2023-11-28 18:00:00+00:00,39334187.96611111
2023-11-28 19:00:00+00:00,37665152.01444445
2023-11-28 20:00:00+00:00,36743999.23194444
2023-11-28 21:00:00+00:00,35778099.66611111
2023-11-28 22:00:00+00:00,48475139.3375
2023-11-28 23:00:00+00:00,47897462.884444445
2023-11-29 00:00:00+00:00,39756704.71638889
2023-11-29 01:00:00+00:00,26765359.18361111
2023-11-29 02:00:00+00:00,18609212.62888889
2023-11-29 03:00:00+00:00,28390314.735555556
2023-11-29 04:00:00+00:00,27126313.660277776
2023-11-29 05:00:00+00:00,23034589.88638889
2023-11-29 06:00:00+00:00,25060864.445555557
2023-11-29 07:00:00+00:00,25727465.765833333
2023-11-29 08:00:00+00:00,20309326.194166668
2023-11-29 09:00:00+00:00,15667957.119166667
2023-11-29 10:00:00+00:00,24870441.73527778
2023-11-29 11:00:00+00:00,18371289.20777778
2023-11-29 12:00:00+00:00,36858945.88166667
2023-11-29 13:00:00+00:00,26693976.00888889
2023-11-29 14:00:00+00:00,34394643.69833333
2023-11-29 15:00:00+00:00,30028020.025555555
2023-11-29 16:00:00+00:00,38738654.064444445
2023-11-29 17:00:00+00:00,30989472.183333334
2023-11-29 18:00:00+00:00,40483223.11638889
2023-11-29 19:00:00+00:00,38535424.328888886
2023-11-29 20:00:00+00:00,30574910.13027778
2023-11-29 21:00:00+00:00,40581815.596944444
2023-11-29 22:00:00+00:00,32322853.803055555
2023-11-29 23:00:00+00:00,34792970.80388889
2023-11-30 00:00:00+00:00,24999482.383055557
2023-11-30 01:00:00+00:00,30006746.1575
2023-11-30 02:00:00+00:00,41386096.67722222
2023-11-30 03:00:00+00:00,31761920.359444443
2023-11-30 04:00:00+00:00,42190591.19611111
2023-11-30 05:00:00+00:00,25913485.496666666
2023-11-30 06:00:00+00:00,23303983.198333334
2023-11-30 07:00:00+00:00,29092045.055833332
2023-11-30 08:00:00+00:00,34057554.98527778
2023-11-30 09:00:00+00:00,32684941.330555554
2023-11-30 10:00:00+00:00,27337376.020555556
2023-11-30 11:00:00+00:00,34656721.568055555
2023-11-30 12:00:00+00:00,36585222.836666666
2023-11-30 13:00:00+00:00,36769319.09972222
2023-11-30 14:00:00+00:00,28399579.486944444
2023-11-30 15:00:00+00:00,31764076.911666665
2023-11-30 16:00:00+00:00,25669422.816666666
2023-11-30 17:00:00+00:00,16779026.68527778
2023-11-30 18:00:00+00:00,24923707.50138889
2023-11-30 19:00:00+00:00,21671284.390277777
2023-11-30 20:00:00+00:00,18566201.381388888
2023-11-30 21:00:00+00:00,19438956.460277777
2023-11-30 22:00:00+00:00,15120181.085555555
2023-11-30 23:00:00+00:00,34148173.399166666
2023-12-01 00:00:00+00:00,17943970.407222223
2023-12-01 01:00:00+00:00,19161594.808055557
2023-12-01 02:00:00+00:00,9248201.086666666
2023-12-01 03:00:00+00:00,12178703.1625
2023-12-01 04:00:00+00:00,12625491.923055556
2023-12-01 05:00:00+00:00,11908982.236666666
2023-12-01 06:00:00+00:00,17821186.728055555
2023-12-01 07:00:00+00:00,30354517.383611113
2023-12-01 08:00:00+00:00,31989811.51777778
2023-12-01 09:00:00+00:00,23589016.83777778
2023-12-01 10:00:00+00:00,36332469.74166667
2023-12-01 11:00:00+00:00,27249801.77972222
2023-12-01 12:00:00+00:00,27130954.295277778
2023-12-01 13:00:00+00:00,44936367.59138889
2023-12-01 14:00:00+00:00,21526994.209444445
2023-12-01 15:00:00+00:00,29325919.698333334
2023-12-01 16:00:00+00:00,24341693.045555554
2023-12-01 17:00:00+00:00,16995377.965555556
2023-12-01 18:00:00+00:00,21158891.332222223
2023-12-01 19:00:00+00:00,38728297.86333334
2023-12-01 20:00:00+00:00,24207949.77138889
2023-12-01 21:00:00+00:00,32000517.852222223
2023-12-01 22:00:00+00:00,21070237.831666667
2023-12-01 23:00:00+00:00,20216912.88083333
2023-12-02 00:00:00+00:00,15538165.068333333
2023-12-02 01:00:00+00:00,17266018.24388889
2023-12-02 02:00:00+00:00,13019427.82138889
2023-12-02 03:00:00+00:00,14272187.999722222
2023-12-02 04:00:00+00:00,11410222.9025
2023-12-02 05:00:00+00:00,11721848.115277778
2023-12-02 06:00:00+00:00,21938494.026388887
2023-12-02 07:00:00+00:00,12054748.295833332
2023-12-02 08:00:00+00:00,19745703.043333333
2023-12-02 09:00:00+00:00,17974418.225277778
2023-12-02 10:00:00+00:00,18846352.29472222
2023-12-02 11:00:00+00:00,14782273.265277777
2023-12-02 12:00:00+00:00,14576082.422222223
2023-12-02 13:00:00+00:00,12433297.478611112
2023-12-02 14:00:00+00:00,15607137.469722223
2023-12-02 15:00:00+00:00,15048881.075
2023-12-02 16:00:00+00:00,1778183.9605555555
2023-12-02 17:00:00+00:00,9581350.161666667
2023-12-02 18:00:00+00:00,9282640.033055555
2023-12-02 19:00:00+00:00,18787128.981666666
2023-12-02 20:00:00+00:00,9218848.975833334
2023-12-02 21:00:00+00:00,10338129.334444445
2023-12-02 22:00:00+00:00,22607391.633055557
2023-12-02 23:00:00+00:00,7234281.772222222
2023-12-03 00:00:00+00:00,6061037.683611111
2023-12-03 01:00:00+00:00,12868296.6175
2023-12-03 02:00:00+00:00,8145760.174722223
2023-12-03 03:00:00+00:00,16294704.823888889
2023-12-03 04:00:00+00:00,15410885.647777777
2023-12-03 05:00:00+00:00,6160477.820555556
2023-12-03 06:00:00+00:00,9920578.635833334
2023-12-03 07:00:00+00:00,7075606.047777778
2023-12-03 08:00:00+00:00,11636015.259166667
2023-12-03 09:00:00+00:00,14944574.982777778
2023-12-03 10:00:00+00:00,22518886.415
2023-12-03 11:00:00+00:00,8816489.008611111
2023-12-03 12:00:00+00:00,21935967.55
2023-12-03 13:00:00+00:00,23603682.60638889
2023-12-03 14:00:00+00:00,23950442.492222223
2023-12-03 15:00:00+00:00,27450660.68611111
2023-12-03 16:00:00+00:00,2028999.07
2023-12-03 17:00:00+00:00,31380809.04972222
2023-12-03 18:00:00+00:00,25623078.47
2023-12-03 19:00:00+00:00,19873479.245833334
2023-12-03 20:00:00+00:00,39278392.57777778
2023-12-03 21:00:00+00:00,29208760.51638889
2023-12-03 22:00:00+00:00,37243379.06194445
2023-12-03 23:00:00+00:00,28422237.408888888
2023-12-04 00:00:00+00:00,32160385.7025
2023-12-04 01:00:00+00:00,30365173.028611112
2023-12-04 02:00:00+00:00,34293294.315
2023-12-04 03:00:00+00:00,22206675.098055556
2023-12-04 04:00:00+00:00,31294972.930277776
2023-12-04 05:00:00+00:00,20039866.1375
2023-12-04 06:00:00+00:00,15088965.316944445
2023-12-04 07:00:00+00:00,31052972.5
2023-12-04 08:00:00+00:00,17950348.084444445
2023-12-04 09:00:00+00:00,24513524.930555556
2023-12-04 10:00:00+00:00,18917822.096388888
2023-12-04 11:00:00+00:00,20871195.793333333
2023-12-04 12:00:00+00:00,15433596.239722222
2023-12-04 13:00:00+00:00,28369775.364166666
2023-12-04 14:00:00+00:00,21445245.20083333
2023-12-04 15:00:00+00:00,21988762.965555556
2023-12-04 16:00:00+00:00,33761606.72277778
2023-12-04 17:00:00+00:00,25991872.401666667
2023-12-04 18:00:00+00:00,31912861.971388888
2023-12-04 19:00:00+00:00,39213577.07361111
2023-12-04 20:00:00+00:00,36410167.64833333
2023-12-04 21:00:00+00:00,35519800.02472222
2023-12-04 22:00:00+00:00,26929975.899444446
2023-12-04 23:00:00+00:00,19938258.598611113
2023-12-05 00:00:00+00:00,19459051.71111111
2023-12-05 01:00:00+00:00,27217234.338888887
2023-12-05 02:00:00+00:00,17540675.12638889
2023-12-05 03:00:00+00:00,26990982.50388889
2023-12-05 04:00:00+00:00,36337976.13888889
2023-12-05 05:00:00+00:00,19749908.251666665
2023-12-05 06:00:00+00:00,11818233.238611111
2023-12-05 07:00:00+00:00,21164615.70611111
2023-12-05 08:00:00+00:00,13644517.788888888
2023-12-05 09:00:00+00:00,4534451.176388889
2023-12-05 10:00:00+00:00,24280406.520555556
2023-12-05 11:00:00+00:00,20547447.6275
2023-12-05 12:00:00+00:00,23218078.95
2023-12-05 13:00:00+00:00,19559367.16527778
2023-12-05 14:00:00+00:00,23089373.729166668
2023-12-05 15:00:00+00:00,28321071.312777776
2023-12-05 16:00:00+00:00,10787421.824444445
2023-12-05 17:00:00+00:00,17401090.38027778
2023-12-05 18:00:00+00:00,23853049.898055557
2023-12-05 19:00:00+00:00,21507288.693888888
2023-12-05 20:00:00+00:00,41645697.975555554
2023-12-05 21:00:00+00:00,39194908.17333333
2023-12-05 22:00:00+00:00,16887648.436666667
2023-12-05 23:00:00+00:00,18092536.56027778
2023-12-06 00:00:00+00:00,25325123.697777778
2023-12-06 01:00:00+00:00,19317983.687777776
2023-12-06 02:00:00+00:00,24505959.010277778
2023-12-06 03:00:00+00:00,18453200.790555555
2023-12-06 04:00:00+00:00,15724455.964166667
2023-12-06 05:00:00+00:00,30035398.604166668
2023-12-06 06:00:00+00:00,16370654.559444444
2023-12-06 07:00:00+00:00,27668434.48138889
2023-12-06 08:00:00+00:00,21767130.09388889
2023-12-06 09:00:00+00:00,26790878.81027778
2023-12-06 10:00:00+00:00,30886537.788333334
2023-12-06 11:00:00+00:00,16226398.054166667
2023-12-06 12:00:00+00:00,29490102.373888887
2023-12-06 13:00:00+00:00,26126568.838888887
2023-12-06 14:00:00+00:00,31772058.242777776
2023-12-06 15:00:00+00:00,48355557.80527778
2023-12-06 16:00:00+00:00,31212285.05138889
2023-12-06 17:00:00+00:00,37821900.74694444
2023-12-06 18:00:00+00:00,36169793.24166667
2023-12-06 19:00:00+00:00,48169193.52583333
2023-12-06 20:00:00+00:00,39045573.71611111
2023-12-06 21:00:00+00:00,37841630.149444446
2023-12-06 22:00:00+00:00,31849646.75388889
2023-12-06 23:00:00+00:00,17419759.29472222
2023-12-07 00:00:00+00:00,20285756.268055554
2023-12-07 01:00:00+00:00,21671812.514444444
2023-12-07 02:00:00+00:00,19504661.83777778
2023-12-07 03:00:00+00:00,22398765.691944443
2023-12-07 04:00:00+00:00,23829549.166944444
2023-12-07 05:00:00+00:00,19109507.011666667
2023-12-07 06:00:00+00:00,27464104.058055557
2023-12-07 07:00:00+00:00,26112222.023055557
2023-12-07 08:00:00+00:00,30974954.99388889
2023-12-07 09:00:00+00:00,31431029.45916667
2023-12-07 10:00:00+00:00,40334706.78527778
2023-12-07 11:00:00+00:00,29232170.720833335
2023-12-07 12:00:00+00:00,30045239.54361111
2023-12-07 13:00:00+00:00,27893920.485833332
2023-12-07 14:00:00+00:00,17008300.693055555
2023-12-07 15:00:00+00:00,13681431.315
2023-12-07 16:00:00+00:00,11859189.480555555
2023-12-07 17:00:00+00:00,15782922.415555555
2023-12-07 18:00:00+00:00,21079861.19333333
2023-12-07 19:00:00+00:00,23066551.54111111
2023-12-07 20:00:00+00:00,14376997.751666667
2023-12-07 21:00:00+00:00,20222708.137222223
2023-12-07 22:00:00+00:00,18053410.069722224
2023-12-07 23:00:00+00:00,25054656.419166666
2023-12-08 00:00:00+00:00,36584349.11861111
2023-12-08 01:00:00+00:00,36437390.52194444
2023-12-08 02:00:00+00:00,14074359.065
2023-12-08 03:00:00+00:00,22931491.4
2023-12-08 04:00:00+00:00,37869311.740555555
2023-12-08 05:00:00+00:00,23402708.285277776
2023-12-08 06:00:00+00:00,22834910.476666667
2023-12-08 07:00:00+00:00,29715873.28111111
2023-12-08 08:00:00+00:00,31133412.13472222
2023-12-08 09:00:00+00:00,27230903.037777778
2023-12-08 10:00:00+00:00,15611421.895833334
2023-12-08 11:00:00+00:00,20106431.800277777
2023-12-08 12:00:00+00:00,17008493.192222223
2023-12-08 13:00:00+00:00,20579297.150833335
2023-12-08 14:00:00+00:00,20986964.7625
2023-12-08 15:00:00+00:00,20273847.441666666
2023-12-08 16:00:00+00:00,26321866.757777777
2023-12-08 17:00:00+00:00,18182144.905555554
2023-12-08 18:00:00+00:00,18814564.844444446
2023-12-08 19:00:00+00:00,22542557.6625
2023-12-08 20:00:00+00:00,22570987.566666666
2023-12-08 21:00:00+00:00,15665059.424444444
2023-12-08 22:00:00+00:00,13902458.5875
2023-12-08 23:00:00+00:00,24065517.70972222
2023-12-09 00:00:00+00:00,13531915.06138889
2023-12-09 01:00:00+00:00,12630873.49111111
2023-12-09 02:00:00+00:00,13891972.234722223
2023-12-09 03:00:00+00:00,17431123.24777778
2023-12-09 04:00:00+00:00,10207498.186111111
2023-12-09 05:00:00+00:00,12749762.421944445
2023-12-09 06:00:00+00:00,13189207.433888888
2023-12-09 07:00:00+00:00,8845705.829166668
2023-12-09 08:00:00+00:00,17975644.019722223
2023-12-09 09:00:00+00:00,23331678.2675
2023-12-09 10:00:00+00:00,22078812.243333332
2023-12-09 11:00:00+00:00,27147242.01472222
2023-12-09 12:00:00+00:00,29225644.82527778
2023-12-09 13:00:00+00:00,29148060.99638889
2023-12-09 14:00:00+00:00,23009223.56638889
2023-12-09 15:00:00+00:00,31312205.859166667
2023-12-09 16:00:00+00:00,24305698.806944445
2023-12-09 17:00:00+00:00,22736401.440833334
2023-12-09 18:00:00+00:00,22938427.155555554
2023-12-09 19:00:00+00:00,30761856.775
2023-12-09 20:00:00+00:00,30024723.43
2023-12-09 21:00:00+00:00,26384212.63833333
2023-12-09 22:00:00+00:00,32864406.135
2023-12-09 23:00:00+00:00,24051618.026944444
2023-12-10 00:00:00+00:00,32553039.650833335
2023-12-10 01:00:00+00:00,20560719.41361111
2023-12-10 02:00:00+00:00,21793903.25888889
2023-12-10 03:00:00+00:00,10958931.629444445
2023-12-10 04:00:00+00:00,23054761.875833333
2023-12-10 05:00:00+00:00,8291922.1075
2023-12-10 06:00:00+00:00,11313339.153055556
2023-12-10 07:00:00+00:00,14182667.376388889
2023-12-10 08:00:00+00:00,18051066.77166667
2023-12-10 09:00:00+00:00,20776549.08638889
2023-12-10 10:00:00+00:00,15530375.410555556
2023-12-10 11:00:00+00:00,15003218.285833333
2023-12-10 12:00:00+00:00,17182436.118333332
2023-12-10 13:00:00+00:00,13481701.271388888
2023-12-10 14:00:00+00:00,14973945.769722221
2023-12-10 15:00:00+00:00,14169284.489166666
2023-12-10 16:00:00+00:00,18487333.344722223
2023-12-10 17:00:00+00:00,18180374.32583333
2023-12-10 18:00:00+00:00,22941548.055555556
2023-12-10 19:00:00+00:00,20640230.865
2023-12-10 20:00:00+00:00,17685219.363055557
2023-12-10 21:00:00+00:00,15335651.443055555
2023-12-10 22:00:00+00:00,12563016.483055556
2023-12-10 23:00:00+00:00,9052935.5525
2023-12-11 00:00:00+00:00,11678379.4425
2023-12-11 01:00:00+00:00,14217512.301944444
2023-12-11 02:00:00+00:00,13797591.456944445
2023-12-11 03:00:00+00:00,16192797.62
2023-12-11 04:00:00+00:00,16883251.1025
2023-12-11 05:00:00+00:00,9197548.281944444
2023-12-11 06:00:00+00:00,33362703.978888888
2023-12-11 07:00:00+00:00,32670108.391944446
2023-12-11 08:00:00+00:00,24487486.56388889
2023-12-11 09:00:00+00:00,18624264.363055557
2023-12-11 10:00:00+00:00,35351285.95944444
2023-12-11 11:00:00+00:00,31918002.777777776
2023-12-11 12:00:00+00:00,30108618.85
2023-12-11 13:00:00+00:00,29906055.960277777
2023-12-11 14:00:00+00:00,26320142.481666666
2023-12-11 15:00:00+00:00,20379222.01
2023-12-11 16:00:00+00:00,21217518.17277778
2023-12-11 17:00:00+00:00,18339720.975277778
2023-12-11 18:00:00+00:00,25273681.98111111
2023-12-11 19:00:00+00:00,27679105.45388889
2023-12-11 20:00:00+00:00,52046835.52277778
2023-12-11 21:00:00+00:00,47885603.47666667
2023-12-11 22:00:00+00:00,36975863.72305556
2023-12-11 23:00:00+00:00,46044309.71777778
2023-12-12 00:00:00+00:00,32319447.5675
2023-12-12 01:00:00+00:00,45150323.8
2023-12-12 02:00:00+00:00,30534698.502777778
2023-12-12 03:00:00+00:00,30369609.492222223
2023-12-12 04:00:00+00:00,33979195.21777778
2023-12-12 05:00:00+00:00,34593829.42166667
2023-12-12 06:00:00+00:00,24465640.31611111
2023-12-12 07:00:00+00:00,35154414.70861111
2023-12-12 08:00:00+00:00,31422388.82527778
2023-12-12 09:00:00+00:00,34291415.65388889
2023-12-12 10:00:00+00:00,34209399.79305556
2023-12-12 11:00:00+00:00,41161858.58888889
2023-12-12 12:00:00+00:00,32923850.365
2023-12-12 13:00:00+00:00,31486893.805277776
2023-12-12 14:00:00+00:00,36995396.78722222
2023-12-12 15:00:00+00:00,27623359.03111111
2023-12-12 16:00:00+00:00,47714895.64333333
2023-12-12 17:00:00+00:00,46055749.67277778
2023-12-12 18:00:00+00:00,36296909.93444444
2023-12-12 19:00:00+00:00,28824467.54611111
2023-12-12 20:00:00+00:00,42432496.56361111
2023-12-12 21:00:00+00:00,47465044.0225
2023-12-12 22:00:00+00:00,46762016.718055554
2023-12-12 23:00:00+00:00,37529776.63305555
2023-12-13 00:00:00+00:00,56453748.446944445
2023-12-13 01:00:00+00:00,59164693.09222222
2023-12-13 02:00:00+00:00,42211088.64666667
2023-12-13 03:00:00+00:00,37360492.0275
2023-12-13 04:00:00+00:00,39127284.795277774
2023-12-13 05:00:00+00:00,35215163.41166667
2023-12-13 06:00:00+00:00,83551615.05277778
2023-12-13 07:00:00+00:00,29163024.285833333
2023-12-13 08:00:00+00:00,30447607.27611111
2023-12-13 09:00:00+00:00,30290386.890277777
2023-12-13 10:00:00+00:00,36831681.53361111
2023-12-13 11:00:00+00:00,35862380.84138889
2023-12-13 12:00:00+00:00,36357049.32111111
2023-12-13 13:00:00+00:00,37376544.11722222
2023-12-13 14:00:00+00:00,25022450.633611113
2023-12-13 15:00:00+00:00,20998436.101666667
2023-12-13 16:00:00+00:00,28906863.454444446
2023-12-13 17:00:00+00:00,34219792.142222226
2023-12-13 18:00:00+00:00,41597160.49166667
2023-12-13 19:00:00+00:00,30516032.383333333
2023-12-13 20:00:00+00:00,43660267.95666666
2023-12-13 21:00:00+00:00,38499492.06722222
2023-12-13 22:00:00+00:00,38173191.8825
2023-12-13 23:00:00+00:00,28688899.241388887
2023-12-14 00:00:00+00:00,27608047.686944444
2023-12-14 01:00:00+00:00,31665752.12111111
2023-12-14 02:00:00+00:00,25400236.892222222
2023-12-14 03:00:00+00:00,23262964.2075
2023-12-14 04:00:00+00:00,22253014.23
2023-12-14 05:00:00+00:00,17353607.324444443
2023-12-14 06:00:00+00:00,18008719.670277778
2023-12-14 07:00:00+00:00,22129694.770833332
2023-12-14 08:00:00+00:00,21523354.292777777
2023-12-14 09:00:00+00:00,21237142.995833334
2023-12-14 10:00:00+00:00,24767484.850833334
2023-12-14 11:00:00+00:00,20428676.998333335
2023-12-14 12:00:00+00:00,19611540.749722224
2023-12-14 13:00:00+00:00,21775083.210277777
2023-12-14 14:00:00+00:00,14710119.02111111
2023-12-14 15:00:00+00:00,19555105.448055554
2023-12-14 16:00:00+00:00,20048523.44
2023-12-14 17:00:00+00:00,15248668.132222222
2023-12-14 18:00:00+00:00,20169978.33111111
2023-12-14 19:00:00+00:00,30809752.60472222
2023-12-14 20:00:00+00:00,34567746.95666666
2023-12-14 21:00:00+00:00,24822564.504722223
2023-12-14 22:00:00+00:00,33296093.46861111
2023-12-14 23:00:00+00:00,32342479.899166666
2023-12-15 00:00:00+00:00,25619621.18166667
2023-12-15 01:00:00+00:00,25691380.23666667
2023-12-15 02:00:00+00:00,17173146.55861111
2023-12-15 03:00:00+00:00,12835383.383055555
2023-12-15 04:00:00+00:00,17375672.473611113
2023-12-15 05:00:00+00:00,17055298.988333333
2023-12-15 06:00:00+00:00,16662112.721944444
2023-12-15 07:00:00+00:00,18536364.483055554
2023-12-15 08:00:00+00:00,22522948.241666667
2023-12-15 09:00:00+00:00,21468113.650555555
2023-12-15 10:00:00+00:00,17931300.112777777
2023-12-15 11:00:00+00:00,34415767.62888889
2023-12-15 12:00:00+00:00,20933630.162777778
2023-12-15 13:00:00+00:00,27895946.68527778
2023-12-15 14:00:00+00:00,24698132.180833332
2023-12-15 15:00:00+00:00,34947753.406111114
2023-12-15 16:00:00+00:00,22911275.246666666
2023-12-15 17:00:00+00:00,15123926.825833334
2023-12-15 18:00:00+00:00,22273894.678888887
2023-12-15 19:00:00+00:00,26645664.579722222
2023-12-15 20:00:00+00:00,30358812.07361111
2023-12-15 21:00:00+00:00,27053904.328333333
2023-12-15 22:00:00+00:00,15764172.256111111
2023-12-15 23:00:00+00:00,26733148.939166665
2023-12-16 00:00:00+00:00,18729947.75527778
2023-12-16 01:00:00+00:00,13253318.373055555
2023-12-16 02:00:00+00:00,22140401.349444445
2023-12-16 03:00:00+00:00,11322832.997222222
2023-12-16 04:00:00+00:00,16975936.613333333
2023-12-16 05:00:00+00:00,30866571.305555556
2023-12-16 06:00:00+00:00,7354875.182777777
2023-12-16 07:00:00+00:00,7061213.266944445
2023-12-16 08:00:00+00:00,31991942.91
2023-12-16 09:00:00+00:00,48592778.0525
2023-12-16 10:00:00+00:00,19522250.292777777
2023-12-16 11:00:00+00:00,17946188.66138889
2023-12-16 12:00:00+00:00,29348175.44138889
2023-12-16 13:00:00+00:00,18069491.735833332
2023-12-16 14:00:00+00:00,17945273.89666667
2023-12-16 15:00:00+00:00,10434928.920555556
2023-12-16 16:00:00+00:00,12204226.498055555
2023-12-16 17:00:00+00:00,13938936.706388889
2023-12-16 18:00:00+00:00,18476701.501944445
2023-12-16 19:00:00+00:00,23277540.55
2023-12-16 20:00:00+00:00,20594222.675555557
2023-12-16 21:00:00+00:00,11459433.393055556
2023-12-16 22:00:00+00:00,15729422.600833334
2023-12-16 23:00:00+00:00,13148730.681666667
2023-12-17 00:00:00+00:00,12194950.097777778
2023-12-17 01:00:00+00:00,11438603.856944444
2023-12-17 02:00:00+00:00,8137726.140555556
2023-12-17 03:00:00+00:00,15576058.581666667
2023-12-17 04:00:00+00:00,15377762.566388888
2023-12-17 05:00:00+00:00,8228790.047777778
2023-12-17 06:00:00+00:00,17438916.98666667
2023-12-17 07:00:00+00:00,16259910.7275
2023-12-17 08:00:00+00:00,12769385.326388888
2023-12-17 09:00:00+00:00,11872244.21138889
2023-12-17 10:00:00+00:00,8823866.551666666
2023-12-17 11:00:00+00:00,13032708.335277777
2023-12-17 12:00:00+00:00,14132387.808611112
2023-12-17 13:00:00+00:00,12558476.629722223
2023-12-17 14:00:00+00:00,15294666.380277777
2023-12-17 15:00:00+00:00,14936140.988055555
2023-12-17 16:00:00+00:00,11450676.917222222
2023-12-17 17:00:00+00:00,19229470.57
2023-12-17 18:00:00+00:00,15099766.240277778
2023-12-17 19:00:00+00:00,20102509.470555555
2023-12-17 20:00:00+00:00,18450375.04222222
2023-12-17 21:00:00+00:00,20141951.159444444
2023-12-17 22:00:00+00:00,12596850.533611111
2023-12-17 23:00:00+00:00,11340900.55138889
2023-12-18 00:00:00+00:00,12592749.932222223
2023-12-18 01:00:00+00:00,11686529.6275
2023-12-18 02:00:00+00:00,13519068.06888889
2023-12-18 03:00:00+00:00,13255628.936666667
2023-12-18 04:00:00+00:00,10469130.131666666
2023-12-18 05:00:00+00:00,13762456.613333333
2023-12-18 06:00:00+00:00,17971517.332222223
2023-12-18 07:00:00+00:00,24494315.1
2023-12-18 08:00:00+00:00,9864148.420277778
2023-12-18 09:00:00+00:00,18943020.570555557
2023-12-18 10:00:00+00:00,21403906.42277778
2023-12-18 11:00:00+00:00,36259524.31555556
2023-12-18 12:00:00+00:00,38439471.46083333
2023-12-18 13:00:00+00:00,35577359.13527778
2023-12-18 14:00:00+00:00,45845826.655
2023-12-18 15:00:00+00:00,43140191.270277776
2023-12-18 16:00:00+00:00,39711854.95888889
2023-12-18 17:00:00+00:00,24976860.750833333
2023-12-18 18:00:00+00:00,36082044.58972222
2023-12-18 19:00:00+00:00,45309614.64861111
2023-12-18 20:00:00+00:00,53929903.81277778
2023-12-18 21:00:00+00:00,61023910.64638889
2023-12-18 22:00:00+00:00,38133772.34138889
2023-12-18 23:00:00+00:00,20913299.465833332
2023-12-19 00:00:00+00:00,35213139.244166665
2023-12-19 01:00:00+00:00,25430499.711944446
2023-12-19 02:00:00+00:00,27027460.666944444
2023-12-19 03:00:00+00:00,26159097.378055554
2023-12-19 04:00:00+00:00,26393006.871666666
2023-12-19 05:00:00+00:00,23759057.62861111
2023-12-19 06:00:00+00:00,33237546.785
2023-12-19 07:00:00+00:00,32069278.160833333
2023-12-19 08:00:00+00:00,21527289.564166665
2023-12-19 09:00:00+00:00,26294549.85361111
2023-12-19 10:00:00+00:00,21301620.90111111
2023-12-19 11:00:00+00:00,21503075.849444445
2023-12-19 12:00:00+00:00,21954058.115555555
2023-12-19 13:00:00+00:00,30476763.030555554
2023-12-19 14:00:00+00:00,21166273.294444446
2023-12-19 15:00:00+00:00,26408195.769722223
2023-12-19 16:00:00+00:00,28302698.90861111
2023-12-19 17:00:00+00:00,42095772.236666664
2023-12-19 18:00:00+00:00,35780066.59
2023-12-19 19:00:00+00:00,44729220.22111111
2023-12-19 20:00:00+00:00,47732353.55
2023-12-19 21:00:00+00:00,47957466.555
2023-12-19 22:00:00+00:00,34883696.475555554
2023-12-19 23:00:00+00:00,37420998.21111111
2023-12-20 00:00:00+00:00,41450790.94194444
2023-12-20 01:00:00+00:00,48232754.34611111
2023-12-20 02:00:00+00:00,47342184.80055556
2023-12-20 03:00:00+00:00,41814062.06138889
2023-12-20 04:00:00+00:00,25801489.84388889
2023-12-20 05:00:00+00:00,27040257.444166668
2023-12-20 06:00:00+00:00,40551718.37
2023-12-20 07:00:00+00:00,27145448.218333334
2023-12-20 08:00:00+00:00,42803801.82694445
2023-12-20 09:00:00+00:00,14439099.623611111
2023-12-20 10:00:00+00:00,24151688.1175
2023-12-20 11:00:00+00:00,16146770.881944444
2023-12-20 12:00:00+00:00,16794551.048611112
2023-12-20 13:00:00+00:00,19036477.22472222
2023-12-20 14:00:00+00:00,15779418.813333333
2023-12-20 15:00:00+00:00,23294964.055555556
2023-12-20 16:00:00+00:00,18415829.94138889
2023-12-20 17:00:00+00:00,17749966.536666665
2023-12-20 18:00:00+00:00,11166453.968055556
2023-12-20 19:00:00+00:00,26570068.697777778
2023-12-20 20:00:00+00:00,52354733.13555556
2023-12-20 21:00:00+00:00,31284949.330555554
2023-12-20 22:00:00+00:00,35676662.80916667
2023-12-20 23:00:00+00:00,36306824.83916666
2023-12-21 00:00:00+00:00,47871104.26972222
2023-12-21 01:00:00+00:00,54851095.68305556
2023-12-21 02:00:00+00:00,43847136.325277776
2023-12-21 03:00:00+00:00,45771704.30222222
2023-12-21 04:00:00+00:00,35096626.90805556
2023-12-21 05:00:00+00:00,25941824.30111111
2023-12-21 06:00:00+00:00,16326654.406666666
2023-12-21 07:00:00+00:00,13728530.1575
2023-12-21 08:00:00+00:00,31383175.258333333
2023-12-21 09:00:00+00:00,32179713.191666666
2023-12-21 10:00:00+00:00,31150947.263888888
2023-12-21 11:00:00+00:00,26893649.708333332
2023-12-21 12:00:00+00:00,35429172.23527778
2023-12-21 13:00:00+00:00,36410791.60388889
2023-12-21 14:00:00+00:00,31263453.986944444
2023-12-21 15:00:00+00:00,30304067.798055556
2023-12-21 16:00:00+00:00,24030956.94722222
2023-12-21 17:00:00+00:00,41303133.549722224
2023-12-21 18:00:00+00:00,34036357.20861111
2023-12-21 19:00:00+00:00,23412781.309444446
2023-12-21 20:00:00+00:00,28893009.631944444
2023-12-21 21:00:00+00:00,32439194.63611111
2023-12-21 22:00:00+00:00,32912825.811944444
2023-12-21 23:00:00+00:00,40659701.89861111
2023-12-22 00:00:00+00:00,27646477.280277777
2023-12-22 01:00:00+00:00,18939669.03638889
2023-12-22 02:00:00+00:00,24853750.383055557
2023-12-22 03:00:00+00:00,16498626.034166666
2023-12-22 04:00:00+00:00,21010278.61027778
2023-12-22 05:00:00+00:00,16728830.411944445
2023-12-22 06:00:00+00:00,15904194.459444445
2023-12-22 07:00:00+00:00,21651457.635555554
2023-12-22 08:00:00+00:00,18885517.618333332
2023-12-22 09:00:00+00:00,22550647.741666667
2023-12-22 10:00:00+00:00,20257121.719166666
2023-12-22 11:00:00+00:00,19523397.79222222
2023-12-22 12:00:00+00:00,33135771.157222223
2023-12-22 13:00:00+00:00,25618007.495277777
2023-12-22 14:00:00+00:00,37668475.79138889
2023-12-22 15:00:00+00:00,48761811.34222222
2023-12-22 16:00:00+00:00,36353360.06527778
2023-12-22 17:00:00+00:00,34576660.645
2023-12-22 18:00:00+00:00,34028674.729166664
2023-12-22 19:00:00+00:00,29380567.26333333
2023-12-22 20:00:00+00:00,49015352.16444445
2023-12-22 21:00:00+00:00,44626844.94055556
2023-12-22 22:00:00+00:00,42496387.29138889
2023-12-22 23:00:00+00:00,42563823.45916667
2023-12-23 00:00:00+00:00,36558784.4875
2023-12-23 01:00:00+00:00,25114626.062777776
2023-12-23 02:00:00+00:00,33957665.46722222
2023-12-23 03:00:00+00:00,27205302.496666666
2023-12-23 04:00:00+00:00,27350918.3725
2023-12-23 05:00:00+00:00,20847392.26
2023-12-23 06:00:00+00:00,32135196.660833333
2023-12-23 07:00:00+00:00,26689071.53138889
2023-12-23 08:00:00+00:00,25406106.11972222
2023-12-23 09:00:00+00:00,22038328.57
2023-12-23 10:00:00+00:00,20860787.155555554
2023-12-23 11:00:00+00:00,20605551.93
2023-12-23 12:00:00+00:00,20718177.92138889
2023-12-23 13:00:00+00:00,12131686.994444445
2023-12-23 14:00:00+00:00,16259306.304166667
2023-12-23 15:00:00+00:00,18212336.784722224
2023-12-23 16:00:00+00:00,20206077.026666667
2023-12-23 17:00:00+00:00,11430486.675
2023-12-23 18:00:00+00:00,13389962.803888889
2023-12-23 19:00:00+00:00,15582852.254722223
2023-12-23 20:00:00+00:00,15818003.106666667
2023-12-23 21:00:00+00:00,19558639.35333333
2023-12-23 22:00:00+00:00,11627180.091388889
2023-12-23 23:00:00+00:00,7449045.093888889
2023-12-24 00:00:00+00:00,9328656.838611111
2023-12-24 01:00:00+00:00,5816917.324166667
2023-12-24 02:00:00+00:00,9875376.384444445
2023-12-24 03:00:00+00:00,6658623.498611111
2023-12-24 04:00:00+00:00,6613972.647777778
2023-12-24 05:00:00+00:00,5039649.080555555
2023-12-24 06:00:00+00:00,9983698.886666667
2023-12-24 07:00:00+00:00,9666767.3075
2023-12-24 08:00:00+00:00,10687855.602222223
2023-12-24 09:00:00+00:00,6416265.963055556
2023-12-24 10:00:00+00:00,9305417.885
2023-12-24 11:00:00+00:00,6096777.7
2023-12-24 12:00:00+00:00,10813525.785833333
2023-12-24 13:00:00+00:00,9537325.643888889
2023-12-24 14:00:00+00:00,12337633.12388889
2023-12-24 15:00:00+00:00,11408279.41111111
2023-12-24 16:00:00+00:00,11891114.465555556
2023-12-24 17:00:00+00:00,13824436.770833334
2023-12-24 18:00:00+00:00,11857147.924444444
2023-12-24 19:00:00+00:00,9584918.374444444
2023-12-24 20:00:00+00:00,6626029.322222223
2023-12-24 21:00:00+00:00,9961825.446111111
2023-12-24 22:00:00+00:00,10029451.718333334
2023-12-24 23:00:00+00:00,5077516.900833333
2023-12-25 00:00:00+00:00,5233864.896388889
2023-12-25 01:00:00+00:00,13453122.886666667
2023-12-25 02:00:00+00:00,8352085.933611111
2023-12-25 03:00:00+00:00,11846934.850555556
2023-12-25 04:00:00+00:00,12079558.185
2023-12-25 05:00:00+00:00,11317296.485
2023-12-25 06:00:00+00:00,9082671.673888888
2023-12-25 07:00:00+00:00,19061671.66138889
2023-12-25 08:00:00+00:00,12932511.257777778
2023-12-25 09:00:00+00:00,12217506.649166666
2023-12-25 10:00:00+00:00,6057281.269444444
2023-12-25 11:00:00+00:00,13340926.159166666
2023-12-25 12:00:00+00:00,4905653.52
2023-12-25 13:00:00+00:00,13971552.073055556
2023-12-25 14:00:00+00:00,6833016.5216666665
2023-12-25 15:00:00+00:00,10940555.075
2023-12-25 16:00:00+00:00,11615958.74361111
2023-12-25 17:00:00+00:00,10041851.733055556
2023-12-25 18:00:00+00:00,10243532.255833333
2023-12-25 19:00:00+00:00,15000132.988611111
2023-12-25 20:00:00+00:00,31735764.874166667
2023-12-25 21:00:00+00:00,17027961.335555557
2023-12-25 22:00:00+00:00,13799959.139166666
2023-12-25 23:00:00+00:00,16184883.883611111
2023-12-26 00:00:00+00:00,14737926.766666668
2023-12-26 01:00:00+00:00,9155451.121944444
2023-12-26 02:00:00+00:00,6612229.633333334
2023-12-26 03:00:00+00:00,11911737.403333334
2023-12-26 04:00:00+00:00,8400291.903888889
2023-12-26 05:00:00+00:00,10664568.011388889
2023-12-26 06:00:00+00:00,6164790.723611111
2023-12-26 07:00:00+00:00,16701425.225277778
2023-12-26 08:00:00+00:00,7628120.5225
2023-12-26 09:00:00+00:00,6064209.371111111
2023-12-26 10:00:00+00:00,5106095.644444444
2023-12-26 11:00:00+00:00,20327250.919444446
2023-12-26 12:00:00+00:00,8315228.369722222
2023-12-26 13:00:00+00:00,7381871.352222222
2023-12-26 14:00:00+00:00,5981016.811111111
2023-12-26 15:00:00+00:00,8752649.018888889
2023-12-26 16:00:00+00:00,9606778.615277778
2023-12-26 17:00:00+00:00,4324922.869444445
2023-12-26 18:00:00+00:00,11399159.569722222
2023-12-26 19:00:00+00:00,6019113.955833334
2023-12-26 20:00:00+00:00,7752800.245833334
2023-12-26 21:00:00+00:00,5339258.381666667
2023-12-26 22:00:00+00:00,8286239.340833333
2023-12-26 23:00:00+00:00,3552896.273888889
2023-12-27 00:00:00+00:00,6974232.606944445
2023-12-27 01:00:00+00:00,3599069.922222222
2023-12-27 02:00:00+00:00,3480849.38
2023-12-27 03:00:00+00:00,2916815.293611111
2023-12-27 04:00:00+00:00,5945121.760555555
2023-12-27 05:00:00+00:00,3549713.9741666666
2023-12-27 06:00:00+00:00,12462008.6075
2023-12-27 07:00:00+00:00,6339798.109444444
2023-12-27 08:00:00+00:00,9403375.192222223
2023-12-27 09:00:00+00:00,13312479.364444444
2023-12-27 10:00:00+00:00,15690061.55
2023-12-27 11:00:00+00:00,25749819.690277778
2023-12-27 12:00:00+00:00,25642700.893055554
2023-12-27 13:00:00+00:00,22844683.798611112
2023-12-27 14:00:00+00:00,26175827.178888887
2023-12-27 15:00:00+00:00,22181477.716111112
2023-12-27 16:00:00+00:00,22502814.420833334
2023-12-27 17:00:00+00:00,25061132.248055555
2023-12-27 18:00:00+00:00,25860632.681944445
2023-12-27 19:00:00+00:00,16531771.459444445
2023-12-27 20:00:00+00:00,13209434.2575
2023-12-27 21:00:00+00:00,13456732.615
2023-12-27 22:00:00+00:00,12740299.413055556
2023-12-27 23:00:00+00:00,18430599.051666666
2023-12-28 00:00:00+00:00,20597950.057777777
2023-12-28 01:00:00+00:00,18400498.340833332
2023-12-28 02:00:00+00:00,27674502.419444446
2023-12-28 03:00:00+00:00,24044675.63
2023-12-28 04:00:00+00:00,15545746.613611111
2023-12-28 05:00:00+00:00,17087898.061944444
2023-12-28 06:00:00+00:00,17410722.58861111
2023-12-28 07:00:00+00:00,19959261.985
2023-12-28 08:00:00+00:00,18605190.254722223
2023-12-28 09:00:00+00:00,13060701.971944444
2023-12-28 10:00:00+00:00,16280127.409444444
2023-12-28 11:00:00+00:00,27342006.710555557
2023-12-28 12:00:00+00:00,26143885.5575
2023-12-28 13:00:00+00:00,24128752.45
2023-12-28 14:00:00+00:00,22547561.810555555
2023-12-28 15:00:00+00:00,24790549.546666667
2023-12-28 16:00:00+00:00,28928286.612777777
2023-12-28 17:00:00+00:00,31576059.08777778
2023-12-28 18:00:00+00:00,34819035.100833334
2023-12-28 19:00:00+00:00,36116348.48527778
2023-12-28 20:00:00+00:00,41587651.244166665
2023-12-28 21:00:00+00:00,57640692.9375
2023-12-28 22:00:00+00:00,36327546.141666666
2023-12-28 23:00:00+00:00,28017273.57722222
2023-12-29 00:00:00+00:00,41128834.64333333
2023-12-29 01:00:00+00:00,22052917.302222222
2023-12-29 02:00:00+00:00,26612216.1725
2023-12-29 03:00:00+00:00,17720629.985555556
2023-12-29 04:00:00+00:00,21658055.071944445
2023-12-29 05:00:00+00:00,42952333.45972222
2023-12-29 06:00:00+00:00,34940307.840555556
2023-12-29 07:00:00+00:00,32810402.776388887
2023-12-29 08:00:00+00:00,33229004.489722222
2023-12-29 09:00:00+00:00,37616513.59166667
2023-12-29 10:00:00+00:00,32880851.13111111
2023-12-29 11:00:00+00:00,35004241.79805555
2023-12-29 12:00:00+00:00,26848772.309444446
2023-12-29 13:00:00+00:00,36314359.93
2023-12-29 14:00:00+00:00,44261136.94916666
2023-12-29 15:00:00+00:00,38223747.546111114
2023-12-29 16:00:00+00:00,39208559.72472222
2023-12-29 17:00:00+00:00,45509850.55972222
2023-12-29 18:00:00+00:00,39026647.236944444
2023-12-29 19:00:00+00:00,47462607.90055556
2023-12-29 20:00:00+00:00,43580577.54805555
2023-12-29 21:00:00+00:00,37500994.947222225
2023-12-29 22:00:00+00:00,47637986.68277778
2023-12-29 23:00:00+00:00,46578112.931944445
2023-12-30 00:00:00+00:00,48100341.07361111
2023-12-30 01:00:00+00:00,45933951.060555555
2023-12-30 02:00:00+00:00,38330491.700833336
2023-12-30 03:00:00+00:00,30131233.056111112
2023-12-30 04:00:00+00:00,35204406.9325
2023-12-30 05:00:00+00:00,37532097.2475
2023-12-30 06:00:00+00:00,46136738.19861111
2023-12-30 07:00:00+00:00,38928986.340277776
2023-12-30 08:00:00+00:00,39585926.09194444
2023-12-30 09:00:00+00:00,42454829.44138889
2023-12-30 10:00:00+00:00,50608539.32638889
2023-12-30 11:00:00+00:00,52588893.766944446
2023-12-30 12:00:00+00:00,38692549.73611111
2023-12-30 13:00:00+00:00,26260156.06111111
2023-12-30 14:00:00+00:00,29229802.999722224
2023-12-30 15:00:00+00:00,40710326.98416667
2023-12-30 16:00:00+00:00,41201093.46305556
2023-12-30 17:00:00+00:00,38364887.14111111
2023-12-30 18:00:00+00:00,42032026.92611111
2023-12-30 19:00:00+00:00,37528045.21222222
2023-12-30 20:00:00+00:00,34848512.266666666
2023-12-30 21:00:00+00:00,35347535.26888889
2023-12-30 22:00:00+00:00,43377274.24527778
2023-12-30 23:00:00+00:00,39766429.568055555
2023-12-31 00:00:00+00:00,24804170.793055557
2023-12-31 01:00:00+00:00,29484943.914166667
2023-12-31 02:00:00+00:00,31924280.955
2023-12-31 03:00:00+00:00,34008216.36138889
2023-12-31 04:00:00+00:00,29225795.33638889
2023-12-31 05:00:00+00:00,24360556.526944444
2023-12-31 06:00:00+00:00,23678757.836944446
2023-12-31 07:00:00+00:00,21388615.68611111
2023-12-31 08:00:00+00:00,27988457.4475
2023-12-31 09:00:00+00:00,24912521.100555554
2023-12-31 10:00:00+00:00,18353056.980833333
2023-12-31 11:00:00+00:00,26751125.900833335
2023-12-31 12:00:00+00:00,23348194.5725
2023-12-31 13:00:00+00:00,27892541.234166667
2023-12-31 14:00:00+00:00,28794854.568888888
2023-12-31 15:00:00+00:00,29087661.93888889
2023-12-31 16:00:00+00:00,35860729.104722224
2023-12-31 17:00:00+00:00,22383854.785277776
2023-12-31 18:00:00+00:00,30672775.844166666
2023-12-31 19:00:00+00:00,22150159.67388889
2023-12-31 20:00:00+00:00,36248244.32777778
2023-12-31 21:00:00+00:00,46964770.15416667
2023-12-31 22:00:00+00:00,33109956.05638889
2023-12-31 23:00:00+00:00,20100301.878333334
2024-01-01 00:00:00+00:00,23500001.141666666
2024-01-01 01:00:00+00:00,20067186.604444444
2024-01-01 02:00:00+00:00,31746542.41583333
2024-01-01 03:00:00+00:00,28047543.807777777
2024-01-01 04:00:00+00:00,25707283.242777776
2024-01-01 05:00:00+00:00,36397958.37777778
2024-01-01 06:00:00+00:00,20548101.95361111
2024-01-01 07:00:00+00:00,30494786.324444443
2024-01-01 08:00:00+00:00,27572274.27611111
2024-01-01 09:00:00+00:00,24751043.881388888
2024-01-01 10:00:00+00:00,18383053.574444443
2024-01-01 11:00:00+00:00,31011384.99388889
2024-01-01 12:00:00+00:00,18455652.79916667
2024-01-01 13:00:00+00:00,17309546.065
2024-01-01 14:00:00+00:00,20354421.56833333
2024-01-01 15:00:00+00:00,24397722.718333334
2024-01-01 16:00:00+00:00,23225596.98666667
2024-01-01 17:00:00+00:00,33613026.62194444
2024-01-01 18:00:00+00:00,41723597.435833335
2024-01-01 19:00:00+00:00,30972960.563611113
2024-01-01 20:00:00+00:00,24109354.59361111
2024-01-01 21:00:00+00:00,21487611.045277778
2024-01-01 22:00:00+00:00,21934581.689166665
2024-01-01 23:00:00+00:00,16431932.03611111
2024-01-02 00:00:00+00:00,16643278.628611112
2024-01-02 01:00:00+00:00,21335378.822777778
2024-01-02 02:00:00+00:00,14256698.535555556
2024-01-02 03:00:00+00:00,14233140.009722222
2024-01-02 04:00:00+00:00,18989439.501944445
2024-01-02 05:00:00+00:00,11279379.957777778
2024-01-02 06:00:00+00:00,21779106.144444443
2024-01-02 07:00:00+00:00,22481206.12722222
2024-01-02 08:00:00+00:00,27270718.189166665
2024-01-02 09:00:00+00:00,18674506.899166666
2024-01-02 10:00:00+00:00,12063697.122777779
2024-01-02 11:00:00+00:00,24727437.9
2024-01-02 12:00:00+00:00,32305623.7675
2024-01-02 13:00:00+00:00,19545885.080555554
2024-01-02 14:00:00+00:00,22753198.61138889
2024-01-02 15:00:00+00:00,27383335.7425
2024-01-02 16:00:00+00:00,24886828.06388889
2024-01-02 17:00:00+00:00,23245202.399722222
2024-01-02 18:00:00+00:00,26084677.341944445
2024-01-02 19:00:00+00:00,16645190.318611111
2024-01-02 20:00:00+00:00,18115771.336944446
2024-01-02 21:00:00+00:00,20697039.725833334
2024-01-02 22:00:00+00:00,17858208.586944446
2024-01-02 23:00:00+00:00,15609910.80361111
2024-01-03 00:00:00+00:00,21467467.05138889
2024-01-03 01:00:00+00:00,16057114.584444445
2024-01-03 02:00:00+00:00,21135019.116388887
2024-01-03 03:00:00+00:00,15908515.730277779
2024-01-03 04:00:00+00:00,20253269.396111112
2024-01-03 05:00:00+00:00,19472122.4925
2024-01-03 06:00:00+00:00,23021199.16611111
2024-01-03 07:00:00+00:00,20526661.33472222
2024-01-03 08:00:00+00:00,24691273.704722222
2024-01-03 09:00:00+00:00,18593581.1775
2024-01-03 10:00:00+00:00,18540866.915
2024-01-03 11:00:00+00:00,10438707.562777778
2024-01-03 12:00:00+00:00,23556026.649722222
2024-01-03 13:00:00+00:00,15718448.7325
2024-01-03 14:00:00+00:00,16932518.7475
2024-01-03 15:00:00+00:00,22346739.243611112
2024-01-03 16:00:00+00:00,27555052.44361111
2024-01-03 17:00:00+00:00,21970981.544166666
2024-01-03 18:00:00+00:00,27485080.805555556
2024-01-03 19:00:00+00:00,33462465.27611111
2024-01-03 20:00:00+00:00,25704372.245555557
2024-01-03 21:00:00+00:00,27786070.960833333
2024-01-03 22:00:00+00:00,25339851.161111113
2024-01-03 23:00:00+00:00,15650025.101944445
2024-01-04 00:00:00+00:00,18870614.8625
2024-01-04 01:00:00+00:00,27802464.00138889
2024-01-04 02:00:00+00:00,12602372.107777778
2024-01-04 03:00:00+00:00,14790168.165833334
2024-01-04 04:00:00+00:00,13413675.229444444
2024-01-04 05:00:00+00:00,13408182.225
2024-01-04 06:00:00+00:00,14423994.65138889
2024-01-04 07:00:00+00:00,28440756.30138889
2024-01-04 08:00:00+00:00,24502858.214722224
2024-01-04 09:00:00+00:00,22676221.426666666
2024-01-04 10:00:00+00:00,36507634.44194444
2024-01-04 11:00:00+00:00,32297235.220555555
2024-01-04 12:00:00+00:00,44586767.96305556
2024-01-04 13:00:00+00:00,22845528.50611111
2024-01-04 14:00:00+00:00,20834076.49638889
2024-01-04 15:00:00+00:00,38955938.72722222
2024-01-04 16:00:00+00:00,24065237.69277778
2024-01-04 17:00:00+00:00,15140300.788333334
2024-01-04 18:00:00+00:00,22901158.435833335
2024-01-04 19:00:00+00:00,31734307.069166668
2024-01-04 20:00:00+00:00,30466172.155277777
2024-01-04 21:00:00+00:00,16697551.139166666
2024-01-04 22:00:00+00:00,11187680.051666666
2024-01-04 23:00:00+00:00,27676815.770833332
2024-01-05 00:00:00+00:00,8351590.415555555
2024-01-05 01:00:00+00:00,13633291.155833334
2024-01-05 02:00:00+00:00,10530230.066111112
2024-01-05 03:00:00+00:00,15517118.187222222
2024-01-05 04:00:00+00:00,21616808.094444446
2024-01-05 05:00:00+00:00,7693338.702222222
2024-01-05 06:00:00+00:00,7241814.145555556
2024-01-05 07:00:00+00:00,29002453.048611112
2024-01-05 08:00:00+00:00,19680737.38
2024-01-05 09:00:00+00:00,22178612.311388887
2024-01-05 10:00:00+00:00,19490182.426666666
2024-01-05 11:00:00+00:00,24239939.65611111
2024-01-05 12:00:00+00:00,18479457.390555557
2024-01-05 13:00:00+00:00,18598704.060833335
2024-01-05 14:00:00+00:00,21910646.7375
2024-01-05 15:00:00+00:00,8647865.174166666
2024-01-05 16:00:00+00:00,14174842.332777778
2024-01-05 17:00:00+00:00,11139687.5225
2024-01-05 18:00:00+00:00,16073708.179166667
2024-01-05 19:00:00+00:00,13213125.556944445
2024-01-05 20:00:00+00:00,20081345.13972222
2024-01-05 21:00:00+00:00,12626420.310555555
2024-01-05 22:00:00+00:00,12056858.6575
2024-01-05 23:00:00+00:00,10400004.644166667
2024-01-06 00:00:00+00:00,10258060.619166667
2024-01-06 01:00:00+00:00,5991723.75
2024-01-06 02:00:00+00:00,9915706.228333334
2024-01-06 03:00:00+00:00,10807975.604444444
2024-01-06 04:00:00+00:00,12580129.350555556
2024-01-06 05:00:00+00:00,6832647.668888889
2024-01-06 06:00:00+00:00,16217330.19
2024-01-06 07:00:00+00:00,13266792.330277778
2024-01-06 08:00:00+00:00,14775303.901111111
2024-01-06 09:00:00+00:00,14595666.608333332
2024-01-06 10:00:00+00:00,12692373.931944445
2024-01-06 11:00:00+00:00,24698835.58388889
2024-01-06 12:00:00+00:00,15328694.743055556
2024-01-06 13:00:00+00:00,21843452.07722222
2024-01-06 14:00:00+00:00,10542348.686111111
2024-01-06 15:00:00+00:00,11627116.51861111
2024-01-06 16:00:00+00:00,23097651.153055556
2024-01-06 17:00:00+00:00,17448490.715
2024-01-06 18:00:00+00:00,24459868.95527778
2024-01-06 19:00:00+00:00,16620503.383333333
2024-01-06 20:00:00+00:00,26242898.496944446
2024-01-06 21:00:00+00:00,12195427.9825
2024-01-06 22:00:00+00:00,17564131.620833334
2024-01-06 23:00:00+00:00,10160433.115
2024-01-07 00:00:00+00:00,24308772.534722224
2024-01-07 01:00:00+00:00,11942046.595
2024-01-07 02:00:00+00:00,17671993.1125
2024-01-07 03:00:00+00:00,15170284.589722222
2024-01-07 04:00:00+00:00,7705864.599444444
2024-01-07 05:00:00+00:00,12110103.61
2024-01-07 06:00:00+00:00,11692243.115833333
2024-01-07 07:00:00+00:00,19929315.33388889
2024-01-07 08:00:00+00:00,14494597.394444445
2024-01-07 09:00:00+00:00,18545181.433333334
2024-01-07 10:00:00+00:00,18198738.580555554
2024-01-07 11:00:00+00:00,14560863.948055556
2024-01-07 12:00:00+00:00,19692574.66388889
2024-01-07 13:00:00+00:00,13434287.449444445
2024-01-07 14:00:00+00:00,18250425.64527778
2024-01-07 15:00:00+00:00,13811255.304444445
2024-01-07 16:00:00+00:00,16914364.065277778
2024-01-07 17:00:00+00:00,15611379.413888888
2024-01-07 18:00:00+00:00,6304899.361111111
2024-01-07 19:00:00+00:00,19711444.747222222
2024-01-07 20:00:00+00:00,19261810.24388889
2024-01-07 21:00:00+00:00,31795427.196111113
2024-01-07 22:00:00+00:00,25349920.803888887
2024-01-07 23:00:00+00:00,33546081.570833333
2024-01-08 00:00:00+00:00,19249074.74472222
2024-01-08 01:00:00+00:00,30260893.094722223
2024-01-08 02:00:00+00:00,20306284.09972222
2024-01-08 03:00:00+00:00,18296199.16388889
2024-01-08 04:00:00+00:00,19118082.092777777
2024-01-08 05:00:00+00:00,20831735.283333335
2024-01-08 06:00:00+00:00,18734862.89
2024-01-08 07:00:00+00:00,15082314.295277778
2024-01-08 08:00:00+00:00,22302261.70638889
2024-01-08 09:00:00+00:00,19262558.16583333
2024-01-08 10:00:00+00:00,19245943.296944443
2024-01-08 11:00:00+00:00,15500928.2025
2024-01-08 12:00:00+00:00,22058943.188333333
2024-01-08 13:00:00+00:00,19262669.361944444
2024-01-08 14:00:00+00:00,16172595.416666666
2024-01-08 15:00:00+00:00,14455005.131944444
2024-01-08 16:00:00+00:00,18650722.301944446
2024-01-08 17:00:00+00:00,20196465.459444445
2024-01-08 18:00:00+00:00,18559789.95111111
2024-01-08 19:00:00+00:00,16857997.554722223
2024-01-08 20:00:00+00:00,23197146.759166665
2024-01-08 21:00:00+00:00,8398373.315833334
2024-01-08 22:00:00+00:00,7864495.008333334
2024-01-08 23:00:00+00:00,2023417.6025
2024-01-09 00:00:00+00:00,2376074.6847222224
2024-01-09 01:00:00+00:00,4172650.1072222223
2024-01-09 02:00:00+00:00,1554588.403888889
2024-01-09 03:00:00+00:00,7929644.89
2024-01-09 04:00:00+00:00,13272912.630555555
2024-01-09 05:00:00+00:00,11025272.712777779
2024-01-09 06:00:00+00:00,12581152.785
2024-01-09 07:00:00+00:00,13913589.981111111
2024-01-09 08:00:00+00:00,11405989.308888888
2024-01-09 09:00:00+00:00,13068279.403055556
2024-01-09 10:00:00+00:00,6518983.0686111115
2024-01-09 11:00:00+00:00,14891838.638611112
2024-01-09 12:00:00+00:00,17074289.905833334
2024-01-09 13:00:00+00:00,15192884.747222222
2024-01-09 14:00:00+00:00,9393494.749444444
2024-01-09 15:00:00+00:00,11952090.478055555
2024-01-09 16:00:00+00:00,23376526.812222224
2024-01-09 17:00:00+00:00,20025120.50361111
2024-01-09 18:00:00+00:00,17380221.02388889
2024-01-09 19:00:00+00:00,24892469.684444446
2024-01-09 20:00:00+00:00,18132211.173333332
2024-01-09 21:00:00+00:00,15040438.344166666
2024-01-09 22:00:00+00:00,15903467.67
2024-01-09 23:00:00+00:00,16502001.76
2024-01-10 00:00:00+00:00,11763765.7225
2024-01-10 01:00:00+00:00,11231201.125555556
2024-01-10 02:00:00+00:00,11512402.218611112
2024-01-10 03:00:00+00:00,12496299.77861111
2024-01-10 04:00:00+00:00,10998854.593611112
2024-01-10 05:00:00+00:00,12474397.870555555
2024-01-10 06:00:00+00:00,15381811.044444444
2024-01-10 07:00:00+00:00,26771611.374722224
2024-01-10 08:00:00+00:00,12342615.3575
2024-01-10 09:00:00+00:00,9913809.452222222
2024-01-10 10:00:00+00:00,9603030.759722222
2024-01-10 11:00:00+00:00,20183102.660277776
2024-01-10 12:00:00+00:00,20528003.493611112
2024-01-10 13:00:00+00:00,33494334.74472222
2024-01-10 14:00:00+00:00,23939305.56
2024-01-10 15:00:00+00:00,20425727.276666667
2024-01-10 16:00:00+00:00,21973185.455833334
2024-01-10 17:00:00+00:00,17940888.449722223
2024-01-10 18:00:00+00:00,25168241.142222222
2024-01-10 19:00:00+00:00,19584010.21
2024-01-10 20:00:00+00:00,22019212.026388887
2024-01-10 21:00:00+00:00,23958159.90111111
2024-01-10 22:00:00+00:00,29428627.528611112
2024-01-10 23:00:00+00:00,12881441.05138889
2024-01-11 00:00:00+00:00,27210089.608333334
2024-01-11 01:00:00+00:00,14134962.36
2024-01-11 02:00:00+00:00,12741842.588055555
2024-01-11 03:00:00+00:00,16260925.738611111
2024-01-11 04:00:00+00:00,13546311.303055555
2024-01-11 05:00:00+00:00,15284217.280277777
2024-01-11 06:00:00+00:00,14934009.881111111
2024-01-11 07:00:00+00:00,12196154.073055556
2024-01-11 08:00:00+00:00,19778884.05888889
2024-01-11 09:00:00+00:00,12846183.905833334
2024-01-11 10:00:00+00:00,18517497.14722222
2024-01-11 11:00:00+00:00,16028542.394444445
2024-01-11 12:00:00+00:00,21424662.344444446
2024-01-11 13:00:00+00:00,21771524.498888887
2024-01-11 14:00:00+00:00,24107802.300277777
2024-01-11 15:00:00+00:00,16657287.174722223
2024-01-11 16:00:00+00:00,16133977.970277777
2024-01-11 17:00:00+00:00,18465932.725
2024-01-11 18:00:00+00:00,30838745.30638889
2024-01-11 19:00:00+00:00,30451078.383055557
2024-01-11 20:00:00+00:00,25374533.126944445
2024-01-11 21:00:00+00:00,33620867.81111111
2024-01-11 22:00:00+00:00,19500989.023055557
2024-01-11 23:00:00+00:00,19274892.24638889
2024-01-12 00:00:00+00:00,11678603.210833333
2024-01-12 01:00:00+00:00,8292079.098611111
2024-01-12 02:00:00+00:00,20284663.826666668
2024-01-12 03:00:00+00:00,17854157.653611112
2024-01-12 04:00:00+00:00,17235057.475277778
2024-01-12 05:00:00+00:00,10118709.928333333
2024-01-12 06:00:00+00:00,14859130.57888889
2024-01-12 07:00:00+00:00,19546745.7625
2024-01-12 08:00:00+00:00,20796801.26777778
2024-01-12 09:00:00+00:00,83863447.4211111
2024-01-12 10:00:00+00:00,122133239.74277778
2024-01-12 11:00:00+00:00,96022796.49166666
2024-01-12 12:00:00+00:00,113296823.20666666
2024-01-12 13:00:00+00:00,172720800.00444445
2024-01-12 14:00:00+00:00,101493916.61305556
2024-01-12 15:00:00+00:00,63879819.001666665
2024-01-12 16:00:00+00:00,27733931.773055557
2024-01-12 17:00:00+00:00,45955109.37388889
2024-01-12 18:00:00+00:00,34128053.7475
2024-01-12 19:00:00+00:00,36806495.13666666
2024-01-12 20:00:00+00:00,36915851.51916666
2024-01-12 21:00:00+00:00,28777781.98666667
2024-01-12 22:00:00+00:00,25485546.8875
2024-01-12 23:00:00+00:00,21532993.520555556
2024-01-13 00:00:00+00:00,28027918.22861111
2024-01-13 01:00:00+00:00,24179222.256388888
2024-01-13 02:00:00+00:00,18665824.184166666
2024-01-13 03:00:00+00:00,23220158.664444443
2024-01-13 04:00:00+00:00,17672672.666388888
2024-01-13 05:00:00+00:00,19285484.605555557
2024-01-13 06:00:00+00:00,34984509.56138889
2024-01-13 07:00:00+00:00,23842947.170555554
2024-01-13 08:00:00+00:00,21636626.340277776
2024-01-13 09:00:00+00:00,27345370.868333332
2024-01-13 10:00:00+00:00,21757015.854444444
2024-01-13 11:00:00+00:00,41067477.0725
2024-01-13 12:00:00+00:00,27000777.823333334
2024-01-13 13:00:00+00:00,29404679.381666668
2024-01-13 14:00:00+00:00,24158475.147777777
2024-01-13 15:00:00+00:00,24657030.146944445
2024-01-13 16:00:00+00:00,25419961.594722223
2024-01-13 17:00:00+00:00,21853329.522777777
2024-01-13 18:00:00+00:00,30652988.970833335
2024-01-13 19:00:00+00:00,17615101.40611111
2024-01-13 20:00:00+00:00,20538955.71361111
2024-01-13 21:00:00+00:00,29597506.29027778
2024-01-13 22:00:00+00:00,30585214.124444444
2024-01-13 23:00:00+00:00,26969290.615
2024-01-14 00:00:00+00:00,16299560.609722223
2024-01-14 01:00:00+00:00,19351177.961944446
2024-01-14 02:00:00+00:00,15327419.905277777
2024-01-14 03:00:00+00:00,18472029.339444444
2024-01-14 04:00:00+00:00,28179128.374166667
2024-01-14 05:00:00+00:00,14513342.814166667
2024-01-14 06:00:00+00:00,16681125.238611111
2024-01-14 07:00:00+00:00,14859584.339722222
2024-01-14 08:00:00+00:00,13796974.879166666
2024-01-14 09:00:00+00:00,19886187.530555554
2024-01-14 10:00:00+00:00,17998258.575
2024-01-14 11:00:00+00:00,17165125.06638889
2024-01-14 12:00:00+00:00,19801653.309722222
2024-01-14 13:00:00+00:00,18616207.51777778
2024-01-14 14:00:00+00:00,22174301.001666665
2024-01-14 15:00:00+00:00,16192980.370833334
2024-01-14 16:00:00+00:00,12330390.138611112
2024-01-14 17:00:00+00:00,24377582.326666668
2024-01-14 18:00:00+00:00,20094322.73138889
2024-01-14 19:00:00+00:00,19588564.141944446
2024-01-14 20:00:00+00:00,29555180.37111111
2024-01-14 21:00:00+00:00,22542867.045555554
2024-01-14 22:00:00+00:00,15534919.250555556
2024-01-14 23:00:00+00:00,13682144.098888889
2024-01-15 00:00:00+00:00,8613217.043055555
2024-01-15 01:00:00+00:00,18278424.701388888
2024-01-15 02:00:00+00:00,13972880.120555555
2024-01-15 03:00:00+00:00,8376066.456388889
2024-01-15 04:00:00+00:00,12117821.723888889
2024-01-15 05:00:00+00:00,9526811.771944445
2024-01-15 06:00:00+00:00,10465445.46
2024-01-15 07:00:00+00:00,8428765.71611111
2024-01-15 08:00:00+00:00,14385125.059166666
2024-01-15 09:00:00+00:00,14016983.73138889
2024-01-15 10:00:00+00:00,17773519.654166665
2024-01-15 11:00:00+00:00,14840222.533055555
2024-01-15 12:00:00+00:00,19849043.284722224
2024-01-15 13:00:00+00:00,27868382.153611112
2024-01-15 14:00:00+00:00,20697020.234722223
2024-01-15 15:00:00+00:00,23233052.516666666
2024-01-15 16:00:00+00:00,7562878.971944445
2024-01-15 17:00:00+00:00,15436866.156111112
2024-01-15 18:00:00+00:00,19286293.854166668
2024-01-15 19:00:00+00:00,10182537.319166666
2024-01-15 20:00:00+00:00,28483168.298055556
2024-01-15 21:00:00+00:00,10647176.799444444
2024-01-15 22:00:00+00:00,15750172.883055555
2024-01-15 23:00:00+00:00,7398330.156388889
2024-01-16 00:00:00+00:00,14149759.564722221
2024-01-16 01:00:00+00:00,15068159.298333334
2024-01-16 02:00:00+00:00,11470706.56361111
2024-01-16 03:00:00+00:00,8662893.328611111
2024-01-16 04:00:00+00:00,17900994.163333334
2024-01-16 05:00:00+00:00,10959856.48
2024-01-16 06:00:00+00:00,20749767.499166667
2024-01-16 07:00:00+00:00,13095010.304444445
2024-01-16 08:00:00+00:00,13432078.194166666
2024-01-16 09:00:00+00:00,11348057.707777778
2024-01-16 10:00:00+00:00,12045847.65
2024-01-16 11:00:00+00:00,20397418.055833332
2024-01-16 12:00:00+00:00,22625920.860555556
2024-01-16 13:00:00+00:00,25315175.52027778
2024-01-16 14:00:00+00:00,16931742.034166668
2024-01-16 15:00:00+00:00,26758613.625
2024-01-16 16:00:00+00:00,27533283.176666666
2024-01-16 17:00:00+00:00,23555027.044444446
2024-01-16 18:00:00+00:00,32868634.08611111
2024-01-16 19:00:00+00:00,27744068.890833333
2024-01-16 20:00:00+00:00,27541465.653333332
2024-01-16 21:00:00+00:00,41464432.26027778
2024-01-16 22:00:00+00:00,33656020.32027778
2024-01-16 23:00:00+00:00,32417502.533333335
2024-01-17 00:00:00+00:00,37901328.51027778
2024-01-17 01:00:00+00:00,20909665.47833333
2024-01-17 02:00:00+00:00,24721960.22472222
2024-01-17 03:00:00+00:00,21337930.872222222
2024-01-17 04:00:00+00:00,15532191.346666666
2024-01-17 05:00:00+00:00,22291678.656944446
2024-01-17 06:00:00+00:00,21218655.099444445
2024-01-17 07:00:00+00:00,46067489.69194444
2024-01-17 08:00:00+00:00,28890584.581944443
2024-01-17 09:00:00+00:00,20317861.656666666
2024-01-17 10:00:00+00:00,18512070.10138889
2024-01-17 11:00:00+00:00,21637433.108333334
2024-01-17 12:00:00+00:00,19451546.939444445
2024-01-17 13:00:00+00:00,15831572.43861111
2024-01-17 14:00:00+00:00,17551321.1575
2024-01-17 15:00:00+00:00,16976285.403611112
2024-01-17 16:00:00+00:00,9934358.674166666
2024-01-17 17:00:00+00:00,11484463.393333333
2024-01-17 18:00:00+00:00,19034747.841944445
2024-01-17 19:00:00+00:00,21954723.618611112
2024-01-17 20:00:00+00:00,22539645.868333332
2024-01-17 21:00:00+00:00,28067203.077777777
2024-01-17 22:00:00+00:00,30929310.527777776
2024-01-17 23:00:00+00:00,24213026.748333335
2024-01-18 00:00:00+00:00,18092086.75361111
2024-01-18 01:00:00+00:00,17631312.82388889
2024-01-18 02:00:00+00:00,19273793.035833333
2024-01-18 03:00:00+00:00,34895855.458333336
2024-01-18 04:00:00+00:00,18322773.913333334
2024-01-18 05:00:00+00:00,27087993.10638889
2024-01-18 06:00:00+00:00,19539003.478055555
2024-01-18 07:00:00+00:00,17562628.83388889
2024-01-18 08:00:00+00:00,28746554.478888888
2024-01-18 09:00:00+00:00,11984547.665277777
2024-01-18 10:00:00+00:00,19233465.3525
2024-01-18 11:00:00+00:00,20761287.78138889
2024-01-18 12:00:00+00:00,14798186.466666667
2024-01-18 13:00:00+00:00,20266845.70111111
2024-01-18 14:00:00+00:00,19193333.04611111
2024-01-18 15:00:00+00:00,22767204.84527778
2024-01-18 16:00:00+00:00,12537627.8575
2024-01-18 17:00:00+00:00,16607876.55138889
2024-01-18 18:00:00+00:00,18857830.088888887
2024-01-18 19:00:00+00:00,21846140.925277777
2024-01-18 20:00:00+00:00,20053382.465833332
2024-01-18 21:00:00+00:00,28601598.100833334
2024-01-18 22:00:00+00:00,19993120.910555556
2024-01-18 23:00:00+00:00,21651786.54888889
2024-01-19 00:00:00+00:00,20143190.248055555
2024-01-19 01:00:00+00:00,13496959.835833333
2024-01-19 02:00:00+00:00,12652745.301666666
2024-01-19 03:00:00+00:00,11920791.483888889
2024-01-19 04:00:00+00:00,12470449.218888888
2024-01-19 05:00:00+00:00,11417596.664722223
2024-01-19 06:00:00+00:00,13466137.622222222
2024-01-19 07:00:00+00:00,20427322.64111111
2024-01-19 08:00:00+00:00,18514717.988055557
2024-01-19 09:00:00+00:00,12051021.287777778
2024-01-19 10:00:00+00:00,11766488.743888889
2024-01-19 11:00:00+00:00,18371616.54361111
2024-01-19 12:00:00+00:00,17091717.745833334
2024-01-19 13:00:00+00:00,21028315.2375
2024-01-19 14:00:00+00:00,17172893.745
2024-01-19 15:00:00+00:00,49382347.28888889
2024-01-19 16:00:00+00:00,60628922.25111111
2024-01-19 17:00:00+00:00,65412288.16777778
2024-01-19 18:00:00+00:00,46699912.69138889
2024-01-19 19:00:00+00:00,62834712.255
2024-01-19 20:00:00+00:00,77262809.76555556
2024-01-19 21:00:00+00:00,86923033.05166666
2024-01-19 22:00:00+00:00,58017245.15888889
2024-01-19 23:00:00+00:00,54598720.877222225
2024-01-20 00:00:00+00:00,60341073.95861111
2024-01-20 01:00:00+00:00,49295250.67972222
2024-01-20 02:00:00+00:00,41895596.005555555
2024-01-20 03:00:00+00:00,23720180.558055557
2024-01-20 04:00:00+00:00,42322905.55638889
2024-01-20 05:00:00+00:00,56154391.490555555
2024-01-20 06:00:00+00:00,64635920.33888889
2024-01-20 07:00:00+00:00,57939586.623055555
2024-01-20 08:00:00+00:00,51561892.11138889
2024-01-20 09:00:00+00:00,51823305.74638889
2024-01-20 10:00:00+00:00,66535670.82861111
2024-01-20 11:00:00+00:00,63598849.505555555
2024-01-20 12:00:00+00:00,35940683.005
2024-01-20 13:00:00+00:00,42121865.207777776
2024-01-20 14:00:00+00:00,37735189.975
2024-01-20 15:00:00+00:00,41332859.935277775
2024-01-20 16:00:00+00:00,48990153.20361111
2024-01-20 17:00:00+00:00,49734768.12083333
2024-01-20 18:00:00+00:00,60824126.55805556
2024-01-20 19:00:00+00:00,45936552.46222222
2024-01-20 20:00:00+00:00,37276297.208333336
2024-01-20 21:00:00+00:00,35126442.96472222
2024-01-20 22:00:00+00:00,41050403.281944446
2024-01-20 23:00:00+00:00,68116464.3525
2024-01-21 00:00:00+00:00,56185859.54361111
2024-01-21 01:00:00+00:00,60775997.13666666
2024-01-21 02:00:00+00:00,52585302.23861111
2024-01-21 03:00:00+00:00,36894831.90444444
2024-01-21 04:00:00+00:00,68044026.65416667
2024-01-21 05:00:00+00:00,58894698.35333333
2024-01-21 06:00:00+00:00,76974553.70638889
2024-01-21 07:00:00+00:00,47913299.0
2024-01-21 08:00:00+00:00,30621907.67138889
2024-01-21 09:00:00+00:00,46241772.93861111
2024-01-21 10:00:00+00:00,59802533.284722224
2024-01-21 11:00:00+00:00,60567614.73555555
2024-01-21 12:00:00+00:00,38200946.40777778
2024-01-21 13:00:00+00:00,52650918.84194444
2024-01-21 14:00:00+00:00,33901060.33916666
2024-01-21 15:00:00+00:00,35243826.55555555
2024-01-21 16:00:00+00:00,26992332.4725
2024-01-21 17:00:00+00:00,35690832.45583333
2024-01-21 18:00:00+00:00,53505809.27722222
2024-01-21 19:00:00+00:00,62170296.13555556
2024-01-21 20:00:00+00:00,40145292.85638889
2024-01-21 21:00:00+00:00,70210440.30277778
2024-01-21 22:00:00+00:00,46011769.49527778
2024-01-21 23:00:00+00:00,60774556.48055556
2024-01-22 00:00:00+00:00,48677716.92888889
2024-01-22 01:00:00+00:00,40805804.53666667
2024-01-22 02:00:00+00:00,59396952.26083333
2024-01-22 03:00:00+00:00,45570172.3575
2024-01-22 04:00:00+00:00,49727510.056666665
2024-01-22 05:00:00+00:00,45685092.85888889
2024-01-22 06:00:00+00:00,42002509.729166664
2024-01-22 07:00:00+00:00,68167919.97472222
2024-01-22 08:00:00+00:00,51939931.91416667
2024-01-22 09:00:00+00:00,37360870.17305555
2024-01-22 10:00:00+00:00,56244133.15833333
2024-01-22 11:00:00+00:00,50790256.50333333
2024-01-22 12:00:00+00:00,44689607.06527778
2024-01-22 13:00:00+00:00,51304116.645833336
2024-01-22 14:00:00+00:00,49825489.77222222
2024-01-22 15:00:00+00:00,37553641.005
2024-01-22 16:00:00+00:00,52075047.350555554
2024-01-22 17:00:00+00:00,61264772.57305556
2024-01-22 18:00:00+00:00,66115541.92361111
2024-01-22 19:00:00+00:00,40897171.61388889
2024-01-22 20:00:00+00:00,45843488.10583334
2024-01-22 21:00:00+00:00,41740817.27694444
2024-01-22 22:00:00+00:00,31012859.0425
2024-01-22 23:00:00+00:00,25242726.50583333
2024-01-23 00:00:00+00:00,35124408.68722222
2024-01-23 01:00:00+00:00,9887941.2675
2024-01-23 02:00:00+00:00,10602732.971666666
2024-01-23 03:00:00+00:00,17704527.150555555
2024-01-23 04:00:00+00:00,18888668.615833335
2024-01-23 05:00:00+00:00,10120544.280555556
2024-01-23 06:00:00+00:00,17656797.10111111
2024-01-23 07:00:00+00:00,15638968.227222223
2024-01-23 08:00:00+00:00,15926206.613055555
2024-01-23 09:00:00+00:00,32348308.202777777
2024-01-23 10:00:00+00:00,12040916.171666667
2024-01-23 11:00:00+00:00,15399446.892222222
2024-01-23 12:00:00+00:00,22412062.81388889
2024-01-23 13:00:00+00:00,29173537.733333334
2024-01-23 14:00:00+00:00,16184653.084166666
2024-01-23 15:00:00+00:00,20788227.395
2024-01-23 16:00:00+00:00,39599979.51777778
2024-01-23 17:00:00+00:00,24552343.8525
2024-01-23 18:00:00+00:00,25926581.848611113
2024-01-23 19:00:00+00:00,28280014.004444443
2024-01-23 20:00:00+00:00,30247644.161944445
2024-01-23 21:00:00+00:00,31085956.19861111
2024-01-23 22:00:00+00:00,45850145.66194444
2024-01-23 23:00:00+00:00,43663768.41944444
2024-01-24 00:00:00+00:00,17518626.563611113
2024-01-24 01:00:00+00:00,17127788.605555557
2024-01-24 02:00:00+00:00,9912275.8275
2024-01-24 03:00:00+00:00,16468237.620555555
2024-01-24 04:00:00+00:00,14760061.194444444
2024-01-24 05:00:00+00:00,13362252.421388889
2024-01-24 06:00:00+00:00,18365553.313611113
2024-01-24 07:00:00+00:00,11489696.768333333
2024-01-24 08:00:00+00:00,16809441.465277776
2024-01-24 09:00:00+00:00,23141471.798055556
2024-01-24 10:00:00+00:00,25521058.270833332
2024-01-24 11:00:00+00:00,16757757.376944445
2024-01-24 12:00:00+00:00,20392205.045555554
2024-01-24 13:00:00+00:00,19266150.638055556
2024-01-24 14:00:00+00:00,21113275.49777778
2024-01-24 15:00:00+00:00,27332528.085
2024-01-24 16:00:00+00:00,20947563.413333334
2024-01-24 17:00:00+00:00,30392898.287777778
2024-01-24 18:00:00+00:00,25556622.19722222
2024-01-24 19:00:00+00:00,22780754.6575
2024-01-24 20:00:00+00:00,23280996.579444446
2024-01-24 21:00:00+00:00,17527439.355833333
2024-01-24 22:00:00+00:00,19225789.10277778
2024-01-24 23:00:00+00:00,14695106.691666666
2024-01-25 00:00:00+00:00,12894200.275277779
2024-01-25 01:00:00+00:00,16135115.011666667
2024-01-25 02:00:00+00:00,15866800.381944444
2024-01-25 03:00:00+00:00,22871805.96638889
2024-01-25 04:00:00+00:00,15879415.035277778
2024-01-25 05:00:00+00:00,16416097.0325
2024-01-25 06:00:00+00:00,10158818.08
2024-01-25 07:00:00+00:00,18430170.67416667
2024-01-25 08:00:00+00:00,12946437.150277779
2024-01-25 09:00:00+00:00,12752391.343888888
2024-01-25 10:00:00+00:00,12524469.028888889
2024-01-25 11:00:00+00:00,11594615.451944444
2024-01-25 12:00:00+00:00,13998368.062222222
2024-01-25 13:00:00+00:00,15577917.204444444
2024-01-25 14:00:00+00:00,11345995.431944445
2024-01-25 15:00:00+00:00,11410644.84638889
2024-01-25 16:00:00+00:00,7916589.780277777
2024-01-25 17:00:00+00:00,13052600.157777777
2024-01-25 18:00:00+00:00,29947019.164444443
2024-01-25 19:00:00+00:00,28838024.70083333
2024-01-25 20:00:00+00:00,28134206.200555556
2024-01-25 21:00:00+00:00,18490679.44111111
2024-01-25 22:00:00+00:00,20471386.58611111
2024-01-25 23:00:00+00:00,18971219.19888889
2024-01-26 00:00:00+00:00,25126402.399166666
2024-01-26 01:00:00+00:00,17919869.444444444
2024-01-26 02:00:00+00:00,12787690.051111111
2024-01-26 03:00:00+00:00,10754729.601388888
2024-01-26 04:00:00+00:00,12869284.69861111
2024-01-26 05:00:00+00:00,11698020.250833333
2024-01-26 06:00:00+00:00,8472906.301666666
2024-01-26 07:00:00+00:00,15540010.297222223
2024-01-26 08:00:00+00:00,17350480.249722224
2024-01-26 09:00:00+00:00,15691498.215555556
2024-01-26 10:00:00+00:00,16327030.98888889
2024-01-26 11:00:00+00:00,19123116.579444446
2024-01-26 12:00:00+00:00,19452068.472777776
2024-01-26 13:00:00+00:00,17507100.02611111
2024-01-26 14:00:00+00:00,18871528.65111111
2024-01-26 15:00:00+00:00,28158639.6
2024-01-26 16:00:00+00:00,13850036.058333334
2024-01-26 17:00:00+00:00,23848533.197777778
2024-01-26 18:00:00+00:00,19309399.575555556
2024-01-26 19:00:00+00:00,26298310.839722224
2024-01-26 20:00:00+00:00,21490108.875833333
2024-01-26 21:00:00+00:00,27201290.805
2024-01-26 22:00:00+00:00,20415485.312222224
2024-01-26 23:00:00+00:00,13167018.351666667
2024-01-27 00:00:00+00:00,12974405.566388888
2024-01-27 01:00:00+00:00,14590140.453055555
2024-01-27 02:00:00+00:00,7606231.133888889
2024-01-27 03:00:00+00:00,17790946.313055556
2024-01-27 04:00:00+00:00,13476437.756944444
2024-01-27 05:00:00+00:00,19580166.764166668
2024-01-27 06:00:00+00:00,20865470.986944444
2024-01-27 07:00:00+00:00,13942687.632222222
2024-01-27 08:00:00+00:00,20852983.26361111
2024-01-27 09:00:00+00:00,31828743.726666667
2024-01-27 10:00:00+00:00,19413368.878055554
2024-01-27 11:00:00+00:00,40621594.93722222
2024-01-27 12:00:00+00:00,20937240.537777778
2024-01-27 13:00:00+00:00,20471088.293055557
2024-01-27 14:00:00+00:00,21868934.090833332
2024-01-27 15:00:00+00:00,27080869.89638889
2024-01-27 16:00:00+00:00,19763650.184166666
2024-01-27 17:00:00+00:00,24617087.25138889
2024-01-27 18:00:00+00:00,24568455.72972222
2024-01-27 19:00:00+00:00,18457145.65638889
2024-01-27 20:00:00+00:00,32419583.048333332
2024-01-27 21:00:00+00:00,25943327.83638889
2024-01-27 22:00:00+00:00,26177912.571944445
2024-01-27 23:00:00+00:00,25906293.096666668
2024-01-28 00:00:00+00:00,18338577.51777778
2024-01-28 01:00:00+00:00,16205467.196944445
2024-01-28 02:00:00+00:00,18955506.875
2024-01-28 03:00:00+00:00,15718815.058333334
2024-01-28 04:00:00+00:00,10345202.316111112
2024-01-28 05:00:00+00:00,24862254.864166666
2024-01-28 06:00:00+00:00,22888290.862777777
2024-01-28 07:00:00+00:00,20130386.606666666
2024-01-28 08:00:00+00:00,20859246.030277777
2024-01-28 09:00:00+00:00,46511917.2725
2024-01-28 10:00:00+00:00,30788643.36
2024-01-28 11:00:00+00:00,15400560.582222221
2024-01-28 12:00:00+00:00,17182438.43
2024-01-28 13:00:00+00:00,15193906.668055555
2024-01-28 14:00:00+00:00,11352433.828611111
2024-01-28 15:00:00+00:00,13808604.58
2024-01-28 16:00:00+00:00,8113644.480833333
2024-01-28 17:00:00+00:00,14845155.53388889
2024-01-28 18:00:00+00:00,23826956.756944444
2024-01-28 19:00:00+00:00,23946179.12138889
2024-01-28 20:00:00+00:00,23105283.465833332
2024-01-28 21:00:00+00:00,38219410.501944445
2024-01-28 22:00:00+00:00,18598583.25611111
2024-01-28 23:00:00+00:00,18268001.478055555
2024-01-29 00:00:00+00:00,17522299.443055555
2024-01-29 01:00:00+00:00,18747812.948055554
2024-01-29 02:00:00+00:00,8307974.656666666
2024-01-29 03:00:00+00:00,14556886.5325
2024-01-29 04:00:00+00:00,15621154.506666666
2024-01-29 05:00:00+00:00,7333871.7375
2024-01-29 06:00:00+00:00,12526340.798611112
2024-01-29 07:00:00+00:00,10140392.730833333
2024-01-29 08:00:00+00:00,11944280.635833334
2024-01-29 09:00:00+00:00,18639064.397777777
2024-01-29 10:00:00+00:00,21003098.7025
2024-01-29 11:00:00+00:00,16156608.772222223
2024-01-29 12:00:00+00:00,15707581.642222222
2024-01-29 13:00:00+00:00,17418057.440277778
2024-01-29 14:00:00+00:00,19628104.969166666
2024-01-29 15:00:00+00:00,21149752.368611112
2024-01-29 16:00:00+00:00,27814072.270833332
2024-01-29 17:00:00+00:00,21346854.406944446
2024-01-29 18:00:00+00:00,19645256.76777778
2024-01-29 19:00:00+00:00,24249386.500555556
2024-01-29 20:00:00+00:00,26932279.06777778
2024-01-29 21:00:00+00:00,43750415.86722222
2024-01-29 22:00:00+00:00,43233900.7025
2024-01-29 23:00:00+00:00,32456649.027222224
2024-01-30 00:00:00+00:00,25297007.751944445
2024-01-30 01:00:00+00:00,22432321.96111111
2024-01-30 02:00:00+00:00,11335349.225833334
2024-01-30 03:00:00+00:00,17035822.611111112
2024-01-30 04:00:00+00:00,16675917.598888889
2024-01-30 05:00:00+00:00,12805748.871666666
2024-01-30 06:00:00+00:00,17771039.16972222
2024-01-30 07:00:00+00:00,14331576.518333333
2024-01-30 08:00:00+00:00,15401774.176666666
2024-01-30 09:00:00+00:00,21903652.468055554
2024-01-30 10:00:00+00:00,19346203.485555556
2024-01-30 11:00:00+00:00,22559018.315277778
2024-01-30 12:00:00+00:00,22519276.026388887
2024-01-30 13:00:00+00:00,24331306.291666668
2024-01-30 14:00:00+00:00,21550875.072777778
2024-01-30 15:00:00+00:00,20247804.3525
2024-01-30 16:00:00+00:00,22024369.37277778
2024-01-30 17:00:00+00:00,17766636.382222224
2024-01-30 18:00:00+00:00,23865826.854166668
2024-01-30 19:00:00+00:00,27441249.341111112
2024-01-30 20:00:00+00:00,34531729.24888889
2024-01-30 21:00:00+00:00,40191679.40888889
2024-01-30 22:00:00+00:00,32245969.1225
2024-01-30 23:00:00+00:00,36990431.3925
2024-01-31 00:00:00+00:00,17717914.395555556
2024-01-31 01:00:00+00:00,15454554.557777777
2024-01-31 02:00:00+00:00,13251520.422222223
2024-01-31 03:00:00+00:00,11996923.491944445
2024-01-31 04:00:00+00:00,11696484.003333334
2024-01-31 05:00:00+00:00,8361421.7663888885
2024-01-31 06:00:00+00:00,7520604.648055555
2024-01-31 07:00:00+00:00,14058473.201666666
2024-01-31 08:00:00+00:00,22410723.103055555
2024-01-31 09:00:00+00:00,24039921.471666668
2024-01-31 10:00:00+00:00,23906685.63833333
2024-01-31 11:00:00+00:00,17783491.4225
2024-01-31 12:00:00+00:00,14494859.043333333
2024-01-31 13:00:00+00:00,24367923.605277777
2024-01-31 14:00:00+00:00,15358735.11611111
2024-01-31 15:00:00+00:00,29016757.377777778
2024-01-31 16:00:00+00:00,16666328.325833334
2024-01-31 17:00:00+00:00,23320129.333055556
2024-01-31 18:00:00+00:00,22551275.041944444
2024-01-31 19:00:00+00:00,23323626.767222222
2024-01-31 20:00:00+00:00,26661801.3575
2024-01-31 21:00:00+00:00,23703085.438611113
2024-01-31 22:00:00+00:00,22857458.165555555
2024-01-31 23:00:00+00:00,20819304.257222224
2024-02-01 00:00:00+00:00,12011114.210555555
2024-02-01 01:00:00+00:00,9023899.058333334
2024-02-01 02:00:00+00:00,9912973.064722221
2024-02-01 03:00:00+00:00,5900333.040555555
2024-02-01 04:00:00+00:00,21654652.39861111
2024-02-01 05:00:00+00:00,20911580.324166667
2024-02-01 06:00:00+00:00,14043402.593611112
2024-02-01 07:00:00+00:00,14444273.543055555
2024-02-01 08:00:00+00:00,18011311.39111111
2024-02-01 09:00:00+00:00,29750633.789444443
2024-02-01 10:00:00+00:00,20752686.145
2024-02-01 11:00:00+00:00,32038661.04972222
2024-02-01 12:00:00+00:00,31809957.51472222
2024-02-01 13:00:00+00:00,35516346.729722224
2024-02-01 14:00:00+00:00,38437338.10555556
2024-02-01 15:00:00+00:00,30019338.043333333
2024-02-01 16:00:00+00:00,24659801.401944444
2024-02-01 17:00:00+00:00,25873805.335555557
2024-02-01 18:00:00+00:00,29765906.315833334
2024-02-01 19:00:00+00:00,18041329.4725
2024-02-01 20:00:00+00:00,39506426.68138889
2024-02-01 21:00:00+00:00,42751027.0375
2024-02-01 22:00:00+00:00,31764742.0875
2024-02-01 23:00:00+00:00,41128909.23111111
2024-02-02 00:00:00+00:00,34917845.615
2024-02-02 01:00:00+00:00,20960194.74416667
2024-02-02 02:00:00+00:00,9331006.944444444
2024-02-02 03:00:00+00:00,9701193.576944444
2024-02-02 04:00:00+00:00,15864594.839444444
2024-02-02 05:00:00+00:00,11489155.418611111
2024-02-02 06:00:00+00:00,12860693.142777778
2024-02-02 07:00:00+00:00,11813103.343611112
2024-02-02 08:00:00+00:00,10072444.964444444
2024-02-02 09:00:00+00:00,32769430.663333334
2024-02-02 10:00:00+00:00,18385007.395833332
2024-02-02 11:00:00+00:00,20325523.49027778
2024-02-02 12:00:00+00:00,22348024.635277778
2024-02-02 13:00:00+00:00,33120828.83777778
2024-02-02 14:00:00+00:00,17905592.51611111
2024-02-02 15:00:00+00:00,23752380.153611112
2024-02-02 16:00:00+00:00,25286517.708055556
2024-02-02 17:00:00+00:00,17934302.490555555
2024-02-02 18:00:00+00:00,18031150.403055556
2024-02-02 19:00:00+00:00,18408894.837222222
2024-02-02 20:00:00+00:00,28812649.256388888
2024-02-02 21:00:00+00:00,26341574.305555556
2024-02-02 22:00:00+00:00,46946075.064722225
2024-02-02 23:00:00+00:00,36091962.36805555
2024-02-03 00:00:00+00:00,20556460.116388887
2024-02-03 01:00:00+00:00,13610991.849722221
2024-02-03 02:00:00+00:00,8569396.618888889
2024-02-03 03:00:00+00:00,17943773.091666665
2024-02-03 04:00:00+00:00,6455910.472777777
2024-02-03 05:00:00+00:00,10980170.63388889
2024-02-03 06:00:00+00:00,13246391.89138889
2024-02-03 07:00:00+00:00,13496303.765555555
2024-02-03 08:00:00+00:00,12308882.699444445
2024-02-03 09:00:00+00:00,18169271.831944443
2024-02-03 10:00:00+00:00,25143758.51777778
2024-02-03 11:00:00+00:00,30212171.883611113
2024-02-03 12:00:00+00:00,15730635.075555556
2024-02-03 13:00:00+00:00,12556728.73888889
2024-02-03 14:00:00+00:00,10362855.309166666
2024-02-03 15:00:00+00:00,13330804.139166666
2024-02-03 16:00:00+00:00,12676976.361666666
2024-02-03 17:00:00+00:00,15203459.970555555
2024-02-03 18:00:00+00:00,14364977.341944445
2024-02-03 19:00:00+00:00,10992298.466666667
2024-02-03 20:00:00+00:00,24543381.243055556
2024-02-03 21:00:00+00:00,28590729.27027778
2024-02-03 22:00:00+00:00,20865542.588333335
2024-02-03 23:00:00+00:00,37138890.185277775
2024-02-04 00:00:00+00:00,21764867.947777778
2024-02-04 01:00:00+00:00,12977596.431944445
2024-02-04 02:00:00+00:00,10439557.460277777
2024-02-04 03:00:00+00:00,8097966.48
2024-02-04 04:00:00+00:00,6234377.510833333
2024-02-04 05:00:00+00:00,6944053.570833334
2024-02-04 06:00:00+00:00,9864938.894166667
2024-02-04 07:00:00+00:00,5019853.616666666
2024-02-04 08:00:00+00:00,7779086.7175
2024-02-04 09:00:00+00:00,13108415.96388889
2024-02-04 10:00:00+00:00,15201853.743333334
2024-02-04 11:00:00+00:00,11282369.849722221
2024-02-04 12:00:00+00:00,18083582.72833333
2024-02-04 13:00:00+00:00,17392978.79361111
2024-02-04 14:00:00+00:00,13387128.070277778
2024-02-04 15:00:00+00:00,10980248.759444445
2024-02-04 16:00:00+00:00,12363663.174166666
2024-02-04 17:00:00+00:00,18143863.841666665
2024-02-04 18:00:00+00:00,26322826.88777778
2024-02-04 19:00:00+00:00,16585673.455555556
2024-02-04 20:00:00+00:00,27219013.158055555
2024-02-04 21:00:00+00:00,19449234.190277778
2024-02-04 22:00:00+00:00,9749750.916111112
2024-02-04 23:00:00+00:00,23544596.99027778
2024-02-05 00:00:00+00:00,10034163.634722222
2024-02-05 01:00:00+00:00,11770038.736111112
2024-02-05 02:00:00+00:00,8476526.206666667
2024-02-05 03:00:00+00:00,7009500.432777777
2024-02-05 04:00:00+00:00,17838241.930277776
2024-02-05 05:00:00+00:00,16593099.201944444
2024-02-05 06:00:00+00:00,21261891.510833334
2024-02-05 07:00:00+00:00,28251108.176666666
2024-02-05 08:00:00+00:00,17002406.403055556
2024-02-05 09:00:00+00:00,27979909.123888887
2024-02-05 10:00:00+00:00,19264674.12138889
2024-02-05 11:00:00+00:00,24205155.898055557
2024-02-05 12:00:00+00:00,22054789.140277777
2024-02-05 13:00:00+00:00,25667609.511944443
2024-02-05 14:00:00+00:00,29907487.576388888
2024-02-05 15:00:00+00:00,23722612.401666667
2024-02-05 16:00:00+00:00,36049951.700833336
2024-02-05 17:00:00+00:00,36691000.49722222
2024-02-05 18:00:00+00:00,38438102.71666667
2024-02-05 19:00:00+00:00,35428814.53388889
2024-02-05 20:00:00+00:00,33835070.75305556
2024-02-05 21:00:00+00:00,31610012.846388888
2024-02-05 22:00:00+00:00,33642646.89472222
2024-02-05 23:00:00+00:00,19476409.741388887
2024-02-06 00:00:00+00:00,14920076.694444444
2024-02-06 01:00:00+00:00,17986641.14722222
2024-02-06 02:00:00+00:00,16571245.403333334
2024-02-06 03:00:00+00:00,24740269.68611111
2024-02-06 04:00:00+00:00,8084327.343055556
2024-02-06 05:00:00+00:00,20850733.04611111
2024-02-06 06:00:00+00:00,14975047.903055556
2024-02-06 07:00:00+00:00,20738231.633611113
2024-02-06 08:00:00+00:00,22740968.598333333
2024-02-06 09:00:00+00:00,23364289.37111111
2024-02-06 10:00:00+00:00,22603210.136944443
2024-02-06 11:00:00+00:00,18191145.135833334
2024-02-06 12:00:00+00:00,34240483.04055556
2024-02-06 13:00:00+00:00,25029103.5575
2024-02-06 14:00:00+00:00,21833212.54472222
2024-02-06 15:00:00+00:00,25910418.240833335
2024-02-06 16:00:00+00:00,21703478.228888888
2024-02-06 17:00:00+00:00,19516989.3125
2024-02-06 18:00:00+00:00,16335723.156388888
2024-02-06 19:00:00+00:00,24427334.930555556
2024-02-06 20:00:00+00:00,21009022.95083333
2024-02-06 21:00:00+00:00,26840915.870277777
2024-02-06 22:00:00+00:00,18404729.406944446
2024-02-06 23:00:00+00:00,14935627.873055555
2024-02-07 00:00:00+00:00,9448541.21388889
2024-02-07 01:00:00+00:00,12638170.6525
2024-02-07 02:00:00+00:00,11196180.864722222
2024-02-07 03:00:00+00:00,16118669.995
2024-02-07 04:00:00+00:00,15618473.377222221
2024-02-07 05:00:00+00:00,12248418.496666666
2024-02-07 06:00:00+00:00,23084229.278333332
2024-02-07 07:00:00+00:00,21946615.695555557
2024-02-07 08:00:00+00:00,27482223.55722222
2024-02-07 09:00:00+00:00,25923357.28361111
2024-02-07 10:00:00+00:00,30671851.07388889
2024-02-07 11:00:00+00:00,27075188.815555554
2024-02-07 12:00:00+00:00,28667784.388055556
2024-02-07 13:00:00+00:00,20597370.65777778
2024-02-07 14:00:00+00:00,14626641.379444445
2024-02-07 15:00:00+00:00,16208959.145
2024-02-07 16:00:00+00:00,15652915.933333334
2024-02-07 17:00:00+00:00,19896479.086666666
2024-02-07 18:00:00+00:00,19831439.58861111
2024-02-07 19:00:00+00:00,11643611.697222222
2024-02-07 20:00:00+00:00,27842607.271944445
2024-02-07 21:00:00+00:00,36283628.95194445
2024-02-07 22:00:00+00:00,31205344.612777777
2024-02-07 23:00:00+00:00,25445322.07583333
2024-02-08 00:00:00+00:00,20321866.385277778
2024-02-08 01:00:00+00:00,20932694.8275
2024-02-08 02:00:00+00:00,22763592.155277777
2024-02-08 03:00:00+00:00,25418125.170555554
2024-02-08 04:00:00+00:00,32842184.75361111
2024-02-08 05:00:00+00:00,28236623.328333333
2024-02-08 06:00:00+00:00,24636355.9375
2024-02-08 07:00:00+00:00,25553045.231944446
2024-02-08 08:00:00+00:00,26894653.94333333
2024-02-08 09:00:00+00:00,20182087.214166667
2024-02-08 10:00:00+00:00,19166371.721666668
2024-02-08 11:00:00+00:00,19697520.705833334
2024-02-08 12:00:00+00:00,29566880.050833333
2024-02-08 13:00:00+00:00,33630612.69583333
2024-02-08 14:00:00+00:00,35146079.73222222
2024-02-08 15:00:00+00:00,38509518.641944446
2024-02-08 16:00:00+00:00,22343440.894722223
2024-02-08 17:00:00+00:00,19170735.338333335
2024-02-08 18:00:00+00:00,22139216.136666667
2024-02-08 19:00:00+00:00,38049526.8225
2024-02-08 20:00:00+00:00,30545037.194444444
2024-02-08 21:00:00+00:00,36780137.25
2024-02-08 22:00:00+00:00,36007265.98083334
2024-02-08 23:00:00+00:00,24238613.741666667
2024-02-09 00:00:00+00:00,21349217.753055554
2024-02-09 01:00:00+00:00,35474314.997777775
2024-02-09 02:00:00+00:00,17392792.67111111
2024-02-09 03:00:00+00:00,25410013.188333333
2024-02-09 04:00:00+00:00,17285895.549444444
2024-02-09 05:00:00+00:00,19643937.934444446
2024-02-09 06:00:00+00:00,27690147.591111112
2024-02-09 07:00:00+00:00,24293769.84611111
2024-02-09 08:00:00+00:00,17835213.41583333
2024-02-09 09:00:00+00:00,15746828.974444445
2024-02-09 10:00:00+00:00,15025508.638055556
2024-02-09 11:00:00+00:00,25483558.676666666
2024-02-09 12:00:00+00:00,16959937.42277778
2024-02-09 13:00:00+00:00,18531809.23222222
2024-02-09 14:00:00+00:00,15930908.194722222
2024-02-09 15:00:00+00:00,17005952.539444443
2024-02-09 16:00:00+00:00,42007082.079166666
2024-02-09 17:00:00+00:00,23092194.36527778
2024-02-09 18:00:00+00:00,19607221.1675
2024-02-09 19:00:00+00:00,32771091.700555556
2024-02-09 20:00:00+00:00,28320640.170833334
2024-02-09 21:00:00+00:00,50053321.653055556
2024-02-09 22:00:00+00:00,25057501.119444445
2024-02-09 23:00:00+00:00,25599841.467777777
2024-02-10 00:00:00+00:00,25909501.66527778
2024-02-10 01:00:00+00:00,22374295.308055557
2024-02-10 02:00:00+00:00,14549235.753055556
2024-02-10 03:00:00+00:00,17406857.404166665
2024-02-10 04:00:00+00:00,17368512.376111113
2024-02-10 05:00:00+00:00,18744753.872222222
2024-02-10 06:00:00+00:00,14109391.740555555
2024-02-10 07:00:00+00:00,13746189.05611111
2024-02-10 08:00:00+00:00,21177659.03888889
2024-02-10 09:00:00+00:00,14110248.733333332
2024-02-10 10:00:00+00:00,35155103.06333333
2024-02-10 11:00:00+00:00,24472918.412777778
2024-02-10 12:00:00+00:00,30015465.956944443
2024-02-10 13:00:00+00:00,25279557.298611112
2024-02-10 14:00:00+00:00,18909789.751111113
2024-02-10 15:00:00+00:00,28354958.254166666
2024-02-10 16:00:00+00:00,8864924.474722221
2024-02-10 17:00:00+00:00,27316556.530555554
2024-02-10 18:00:00+00:00,19913093.39388889
2024-02-10 19:00:00+00:00,20787547.19361111
2024-02-10 20:00:00+00:00,21225546.29472222
2024-02-10 21:00:00+00:00,29773472.872222222
2024-02-10 22:00:00+00:00,30106003.491944443
2024-02-10 23:00:00+00:00,18927554.976666667
2024-02-11 00:00:00+00:00,19353498.780555554
2024-02-11 01:00:00+00:00,10615741.46388889
2024-02-11 02:00:00+00:00,14036904.315555556
2024-02-11 03:00:00+00:00,9430739.744166667
2024-02-11 04:00:00+00:00,16352349.542222222
2024-02-11 05:00:00+00:00,21738219.116388887
2024-02-11 06:00:00+00:00,21102852.36611111
2024-02-11 07:00:00+00:00,22889489.702777777
2024-02-11 08:00:00+00:00,21477284.230277777
2024-02-11 09:00:00+00:00,20914580.61
2024-02-11 10:00:00+00:00,28118683.616944443
2024-02-11 11:00:00+00:00,24555379.566666666
2024-02-11 12:00:00+00:00,42147716.09138889
2024-02-11 13:00:00+00:00,35593083.979444444
2024-02-11 14:00:00+00:00,20228349.221666668
2024-02-11 15:00:00+00:00,15272986.264722222
2024-02-11 16:00:00+00:00,19455657.775833335
2024-02-11 17:00:00+00:00,22133054.432777777
2024-02-11 18:00:00+00:00,15316894.529722223
2024-02-11 19:00:00+00:00,15154324.9675
2024-02-11 20:00:00+00:00,20893428.896111112
2024-02-11 21:00:00+00:00,20796473.508055557
2024-02-11 22:00:00+00:00,20402183.3875
2024-02-11 23:00:00+00:00,15412072.146944445
2024-02-12 00:00:00+00:00,13783890.386666667
2024-02-12 01:00:00+00:00,13641533.930555556
2024-02-12 02:00:00+00:00,13181929.063055556
2024-02-12 03:00:00+00:00,9060965.197222222
2024-02-12 04:00:00+00:00,17205628.73111111
2024-02-12 05:00:00+00:00,21561059.235833332
2024-02-12 06:00:00+00:00,16075611.558055555
2024-02-12 07:00:00+00:00,37301182.41
2024-02-12 08:00:00+00:00,19754358.50527778
2024-02-12 09:00:00+00:00,8997954.26861111
2024-02-12 10:00:00+00:00,15268506.316666666
2024-02-12 11:00:00+00:00,14867523.961111112
2024-02-12 12:00:00+00:00,25356928.492222223
2024-02-12 13:00:00+00:00,25672608.46361111
2024-02-12 14:00:00+00:00,22477869.225
2024-02-12 15:00:00+00:00,30441509.81861111
2024-02-12 16:00:00+00:00,24691431.230555557
2024-02-12 17:00:00+00:00,21227016.546944443
2024-02-12 18:00:00+00:00,16795757.870277777
2024-02-12 19:00:00+00:00,15713531.835277777
2024-02-12 20:00:00+00:00,21957265.36222222
2024-02-12 21:00:00+00:00,32057385.131388888
2024-02-12 22:00:00+00:00,23712415.370277777
2024-02-12 23:00:00+00:00,19610314.725555554
2024-02-13 00:00:00+00:00,10396285.510555556
2024-02-13 01:00:00+00:00,14868063.586666666
2024-02-13 02:00:00+00:00,7934409.165
2024-02-13 03:00:00+00:00,15026594.315833334
2024-02-13 04:00:00+00:00,7959059.344722223
2024-02-13 05:00:00+00:00,10248984.774722222
2024-02-13 06:00:00+00:00,19906604.70777778
2024-02-13 07:00:00+00:00,13904803.779166667
2024-02-13 08:00:00+00:00,18715194.021111112
2024-02-13 09:00:00+00:00,18505476.43527778
2024-02-13 10:00:00+00:00,19381963.990833335
2024-02-13 11:00:00+00:00,23894248.99416667
2024-02-13 12:00:00+00:00,14724456.309444444
2024-02-13 13:00:00+00:00,20124989.388888888
2024-02-13 14:00:00+00:00,20522776.176666666
2024-02-13 15:00:00+00:00,15278036.009722222
2024-02-13 16:00:00+00:00,25552331.138055556
2024-02-13 17:00:00+00:00,24363736.682777777
2024-02-13 18:00:00+00:00,19266163.240833335
2024-02-13 19:00:00+00:00,19518438.303333335
2024-02-13 20:00:00+00:00,29424460.464444444
2024-02-13 21:00:00+00:00,18030490.328055557
2024-02-13 22:00:00+00:00,14682160.8725
2024-02-13 23:00:00+00:00,29975152.591944445
2024-02-14 00:00:00+00:00,20470882.18138889
2024-02-14 01:00:00+00:00,18816071.4325
2024-02-14 02:00:00+00:00,17884446.66138889
2024-02-14 03:00:00+00:00,16061374.507777778
2024-02-14 04:00:00+00:00,16595091.722777778
2024-02-14 05:00:00+00:00,18660103.56472222
2024-02-14 06:00:00+00:00,12124634.905555556
2024-02-14 07:00:00+00:00,13883586.265
2024-02-14 08:00:00+00:00,16630934.129166666
2024-02-14 09:00:00+00:00,19592265.836944446
2024-02-14 10:00:00+00:00,18561390.48
2024-02-14 11:00:00+00:00,21862972.756944444
2024-02-14 12:00:00+00:00,27189296.629166666
2024-02-14 13:00:00+00:00,23306576.034444444
2024-02-14 14:00:00+00:00,18485788.96888889
2024-02-14 15:00:00+00:00,14724742.2975
2024-02-14 16:00:00+00:00,13880948.443055555
2024-02-14 17:00:00+00:00,28252591.294444446
2024-02-14 18:00:00+00:00,31315610.6175
2024-02-14 19:00:00+00:00,20311094.007777777
2024-02-14 20:00:00+00:00,33751552.255555555
2024-02-14 21:00:00+00:00,33001202.21722222
2024-02-14 22:00:00+00:00,25481043.181111112
2024-02-14 23:00:00+00:00,17350533.18138889
2024-02-15 00:00:00+00:00,20394750.605
2024-02-15 01:00:00+00:00,9206290.557222223
2024-02-15 02:00:00+00:00,17558931.727222223
2024-02-15 03:00:00+00:00,24655634.931111112
2024-02-15 04:00:00+00:00,21789580.626944445
2024-02-15 05:00:00+00:00,12431840.808611112
2024-02-15 06:00:00+00:00,21630187.504722223
2024-02-15 07:00:00+00:00,11972522.981666667
2024-02-15 08:00:00+00:00,17558303.95611111
2024-02-15 09:00:00+00:00,18227910.510833334
2024-02-15 10:00:00+00:00,24302461.955833334
2024-02-15 11:00:00+00:00,21547456.864722222
2024-02-15 12:00:00+00:00,22307473.553333335
2024-02-15 13:00:00+00:00,20480139.635555554
2024-02-15 14:00:00+00:00,15055861.915833334
2024-02-15 15:00:00+00:00,13825183.71388889
2024-02-15 16:00:00+00:00,19810464.083055556
2024-02-15 17:00:00+00:00,25380915.579444446
2024-02-15 18:00:00+00:00,18885962.909444444
2024-02-15 19:00:00+00:00,20697284.295833334
2024-02-15 20:00:00+00:00,21075423.015
2024-02-15 21:00:00+00:00,24031718.820833333
2024-02-15 22:00:00+00:00,30530865.3875
2024-02-15 23:00:00+00:00,27233713.600555554
2024-02-16 00:00:00+00:00,20927367.093333334
2024-02-16 01:00:00+00:00,11542909.662222221
2024-02-16 02:00:00+00:00,10801884.650833333
2024-02-16 03:00:00+00:00,14225933.755277777
2024-02-16 04:00:00+00:00,9021923.201111112
2024-02-16 05:00:00+00:00,17863888.317222223
2024-02-16 06:00:00+00:00,14555995.566944445
2024-02-16 07:00:00+00:00,19762115.074722223
2024-02-16 08:00:00+00:00,21713899.80277778
2024-02-16 09:00:00+00:00,27559970.6175
2024-02-16 10:00:00+00:00,24126041.91722222
2024-02-16 11:00:00+00:00,24521324.94111111
2024-02-16 12:00:00+00:00,24179004.00361111
2024-02-16 13:00:00+00:00,14405304.715833334
2024-02-16 14:00:00+00:00,27865766.140555557
2024-02-16 15:00:00+00:00,31903844.599166665
2024-02-16 16:00:00+00:00,19683107.294166666
2024-02-16 17:00:00+00:00,17499561.927222222
2024-02-16 18:00:00+00:00,14825796.222222222
2024-02-16 19:00:00+00:00,22285634.24388889
2024-02-16 20:00:00+00:00,19613194.250555556
2024-02-16 21:00:00+00:00,31678211.755555555
2024-02-16 22:00:00+00:00,24646458.4
2024-02-16 23:00:00+00:00,28816683.231944446
2024-02-17 00:00:00+00:00,25565847.015555557
2024-02-17 01:00:00+00:00,18007604.208055556
2024-02-17 02:00:00+00:00,10168489.785277778
2024-02-17 03:00:00+00:00,10868660.174722223
2024-02-17 04:00:00+00:00,10356970.410833333
2024-02-17 05:00:00+00:00,17427075.553888887
2024-02-17 06:00:00+00:00,16941058.211944446
2024-02-17 07:00:00+00:00,22840225.47972222
2024-02-17 08:00:00+00:00,22593726.264166668
2024-02-17 09:00:00+00:00,18095939.54388889
2024-02-17 10:00:00+00:00,26571210.8725
2024-02-17 11:00:00+00:00,28386340.241944443
2024-02-17 12:00:00+00:00,30800393.06861111
2024-02-17 13:00:00+00:00,18342879.20638889
2024-02-17 14:00:00+00:00,17581416.671666667
2024-02-17 15:00:00+00:00,15217174.746111112
2024-02-17 16:00:00+00:00,12479885.658611111
2024-02-17 17:00:00+00:00,13086561.700555556
2024-02-17 18:00:00+00:00,24189545.050277777
2024-02-17 19:00:00+00:00,20571397.906944446
2024-02-17 20:00:00+00:00,13914715.549166666
2024-02-17 21:00:00+00:00,20358324.248055555
2024-02-17 22:00:00+00:00,32048227.905833334
2024-02-17 23:00:00+00:00,24313811.999444444
2024-02-18 00:00:00+00:00,24095227.11888889
2024-02-18 01:00:00+00:00,11625764.21138889
2024-02-18 02:00:00+00:00,13676730.236944444
2024-02-18 03:00:00+00:00,17424048.421666667
2024-02-18 04:00:00+00:00,15218328.523055555
2024-02-18 05:00:00+00:00,17139796.020555556
2024-02-18 06:00:00+00:00,13100474.400833333
2024-02-18 07:00:00+00:00,19239500.876111113
2024-02-18 08:00:00+00:00,14987198.324444445
2024-02-18 09:00:00+00:00,12486656.918333333
2024-02-18 10:00:00+00:00,21650107.921666667
2024-02-18 11:00:00+00:00,30080153.5025
2024-02-18 12:00:00+00:00,27344604.883055557
2024-02-18 13:00:00+00:00,29871110.36
2024-02-18 14:00:00+00:00,17019389.149444446
2024-02-18 15:00:00+00:00,9835025.138055556
2024-02-18 16:00:00+00:00,23945584.477222223
2024-02-18 17:00:00+00:00,20454480.10638889
2024-02-18 18:00:00+00:00,18706774.629444443
2024-02-18 19:00:00+00:00,16608758.755555555
2024-02-18 20:00:00+00:00,24785660.710277777
2024-02-18 21:00:00+00:00,23920459.864166666
2024-02-18 22:00:00+00:00,14051300.281666666
2024-02-18 23:00:00+00:00,21260012.767222222
2024-02-19 00:00:00+00:00,8693651.976388888
2024-02-19 01:00:00+00:00,21923518.036111113
2024-02-19 02:00:00+00:00,10858373.19861111
2024-02-19 03:00:00+00:00,18133818.38
2024-02-19 04:00:00+00:00,16113949.535277778
2024-02-19 05:00:00+00:00,15643085.614166666
2024-02-19 06:00:00+00:00,21285949.894444443
2024-02-19 07:00:00+00:00,13980236.474444445
2024-02-19 08:00:00+00:00,23645454.339166667
2024-02-19 09:00:00+00:00,18654011.078333333
2024-02-19 10:00:00+00:00,18199181.916944444
2024-02-19 11:00:00+00:00,25692198.979444444
2024-02-19 12:00:00+00:00,22545369.515
2024-02-19 13:00:00+00:00,16056176.859444445
2024-02-19 14:00:00+00:00,24497198.633333333
2024-02-19 15:00:00+00:00,21767284.54361111
2024-02-19 16:00:00+00:00,43299083.27333333
2024-02-19 17:00:00+00:00,32357574.032222223
2024-02-19 18:00:00+00:00,30992393.69722222
2024-02-19 19:00:00+00:00,23639802.103055555
2024-02-19 20:00:00+00:00,29814143.230833333
2024-02-19 21:00:00+00:00,37590663.12083333
2024-02-19 22:00:00+00:00,38329065.28944445
2024-02-19 23:00:00+00:00,31351557.68888889
2024-02-20 00:00:00+00:00,32206653.937777776
2024-02-20 01:00:00+00:00,23620170.92861111
2024-02-20 02:00:00+00:00,9172475.08
2024-02-20 03:00:00+00:00,9091796.783333333
2024-02-20 04:00:00+00:00,10176573.153333334
2024-02-20 05:00:00+00:00,20255389.83111111
2024-02-20 06:00:00+00:00,19814195.19333333
2024-02-20 07:00:00+00:00,19971883.4775
2024-02-20 08:00:00+00:00,12028603.62611111
2024-02-20 09:00:00+00:00,20592008.805
2024-02-20 10:00:00+00:00,31369800.234722223
2024-02-20 11:00:00+00:00,24589620.6525
2024-02-20 12:00:00+00:00,19691509.369444445
2024-02-20 13:00:00+00:00,19411989.217777777
2024-02-20 14:00:00+00:00,26471039.990833335
2024-02-20 15:00:00+00:00,38840241.77694444
2024-02-20 16:00:00+00:00,8735833.861944444
2024-02-20 17:00:00+00:00,15390850.00111111
2024-02-20 18:00:00+00:00,22857282.750555556
2024-02-20 19:00:00+00:00,17212058.311944444
2024-02-20 20:00:00+00:00,16611906.429166667
2024-02-20 21:00:00+00:00,40280855.07333333
2024-02-20 22:00:00+00:00,30183527.00222222
2024-02-20 23:00:00+00:00,26323668.100277778
2024-02-21 00:00:00+00:00,18798965.626111113
2024-02-21 01:00:00+00:00,18469908.719722223
2024-02-21 02:00:00+00:00,13157654.167222222
2024-02-21 03:00:00+00:00,6494820.139166667
2024-02-21 04:00:00+00:00,14059200.283611111
2024-02-21 05:00:00+00:00,16924997.85277778
2024-02-21 06:00:00+00:00,10406719.4825
2024-02-21 07:00:00+00:00,4233162.825
2024-02-21 08:00:00+00:00,7819864.886666667
2024-02-21 09:00:00+00:00,4624578.146388889
2024-02-21 10:00:00+00:00,8368113.7325
2024-02-21 11:00:00+00:00,6531504.276111111
2024-02-21 12:00:00+00:00,4539740.923888889
2024-02-21 13:00:00+00:00,4068361.1847222224
2024-02-21 14:00:00+00:00,4429588.586388889
2024-02-21 15:00:00+00:00,8368785.931111111
2024-02-21 16:00:00+00:00,8081366.62
2024-02-21 17:00:00+00:00,4574253.675833333
2024-02-21 18:00:00+00:00,11000232.464444444
2024-02-21 19:00:00+00:00,8623544.51861111
2024-02-21 20:00:00+00:00,5068308.189166667
2024-02-21 21:00:00+00:00,6465475.939444444
2024-02-21 22:00:00+00:00,7611456.251111111
2024-02-21 23:00:00+00:00,4303655.582777778
2024-02-22 00:00:00+00:00,9863685.256111111
2024-02-22 01:00:00+00:00,6326411.870277777
2024-02-22 02:00:00+00:00,2123881.938611111
2024-02-22 03:00:00+00:00,4086473.521111111
2024-02-22 04:00:00+00:00,1918413.9913888888
2024-02-22 05:00:00+00:00,3078976.5083333333
2024-02-22 06:00:00+00:00,3780848.1677777776
2024-02-22 07:00:00+00:00,3847762.4433333334
2024-02-22 08:00:00+00:00,7395895.230555556
2024-02-22 09:00:00+00:00,2686902.695
2024-02-22 10:00:00+00:00,3110857.743888889
2024-02-22 11:00:00+00:00,7549077.788888888
2024-02-22 12:00:00+00:00,14027780.769444445
2024-02-22 13:00:00+00:00,8886351.888611112
2024-02-22 14:00:00+00:00,7822328.043055556
2024-02-22 15:00:00+00:00,13717077.969166666
2024-02-22 16:00:00+00:00,16103895.683888888
2024-02-22 17:00:00+00:00,25638144.898333333
2024-02-22 18:00:00+00:00,19636879.47972222
2024-02-22 19:00:00+00:00,26531251.1175
2024-02-22 20:00:00+00:00,21925291.825555556
2024-02-22 21:00:00+00:00,30058456.275555555
2024-02-22 22:00:00+00:00,20189544.27527778
2024-02-22 23:00:00+00:00,33553157.394166667
2024-02-23 00:00:00+00:00,34136227.39972222
2024-02-23 01:00:00+00:00,41874164.913055554
2024-02-23 02:00:00+00:00,28822891.079722222
2024-02-23 03:00:00+00:00,18278922.448333334
2024-02-23 04:00:00+00:00,18738913.156666666
2024-02-23 05:00:00+00:00,20353241.11972222
2024-02-23 06:00:00+00:00,19499694.138888888
2024-02-23 07:00:00+00:00,21595292.15611111
2024-02-23 08:00:00+00:00,21656783.645833332
2024-02-23 09:00:00+00:00,17130529.831944443
2024-02-23 10:00:00+00:00,22677501.370277777
2024-02-23 11:00:00+00:00,42331249.25388889
2024-02-23 12:00:00+00:00,26066831.152222224
2024-02-23 13:00:00+00:00,26472852.090555556
2024-02-23 14:00:00+00:00,21701103.13027778
2024-02-23 15:00:00+00:00,18512087.944444444
2024-02-23 16:00:00+00:00,24719071.32222222
2024-02-23 17:00:00+00:00,34538441.167222224
2024-02-23 18:00:00+00:00,23810013.585555557
2024-02-23 19:00:00+00:00,27150104.064444445
2024-02-23 20:00:00+00:00,21589652.527222224
2024-02-23 21:00:00+00:00,24695592.109722223
2024-02-23 22:00:00+00:00,29631585.21111111
2024-02-23 23:00:00+00:00,36310753.85027778
2024-02-24 00:00:00+00:00,42454188.15888889
2024-02-24 01:00:00+00:00,37372043.99222222
2024-02-24 02:00:00+00:00,31551451.280555554
2024-02-24 03:00:00+00:00,35727687.99305555
2024-02-24 04:00:00+00:00,27869437.444722224
2024-02-24 05:00:00+00:00,29529924.088888887
2024-02-24 06:00:00+00:00,27408400.153611112
2024-02-24 07:00:00+00:00,26485212.884166665
2024-02-24 08:00:00+00:00,34900713.00138889
2024-02-24 09:00:00+00:00,23147858.519722223
2024-02-24 10:00:00+00:00,22961480.535
2024-02-24 11:00:00+00:00,22475693.8075
2024-02-24 12:00:00+00:00,20787240.58472222
2024-02-24 13:00:00+00:00,32041305.908333335
2024-02-24 14:00:00+00:00,17442575.329444446
2024-02-24 15:00:00+00:00,30482469.65638889
2024-02-24 16:00:00+00:00,23901204.998888887
2024-02-24 17:00:00+00:00,23628348.09388889
2024-02-24 18:00:00+00:00,26826529.223333333
2024-02-24 19:00:00+00:00,30217038.14277778
2024-02-24 20:00:00+00:00,31545614.563333333
2024-02-24 21:00:00+00:00,33126855.688611113
2024-02-24 22:00:00+00:00,27657143.847777776
2024-02-24 23:00:00+00:00,37301064.32277778
2024-02-25 00:00:00+00:00,29499120.849166665
2024-02-25 01:00:00+00:00,36020345.50416667
2024-02-25 02:00:00+00:00,28599089.166388888
2024-02-25 03:00:00+00:00,26850090.73638889
2024-02-25 04:00:00+00:00,28568311.9275
2024-02-25 05:00:00+00:00,27684917.988055557
2024-02-25 06:00:00+00:00,22323071.14638889
2024-02-25 07:00:00+00:00,30113596.442222223
2024-02-25 08:00:00+00:00,10565759.525277779
2024-02-25 09:00:00+00:00,14857915.62
2024-02-25 10:00:00+00:00,10529913.991388889
2024-02-25 11:00:00+00:00,19547096.438055556
2024-02-25 12:00:00+00:00,15419964.898333333
2024-02-25 13:00:00+00:00,16092721.173888888
2024-02-25 14:00:00+00:00,12855363.078611111
2024-02-25 15:00:00+00:00,22090586.62888889
2024-02-25 16:00:00+00:00,21585295.62111111
2024-02-25 17:00:00+00:00,17260874.009444445
2024-02-25 18:00:00+00:00,10829710.695555555
2024-02-25 19:00:00+00:00,12187175.946666667
2024-02-25 20:00:00+00:00,12497750.297222223
2024-02-25 21:00:00+00:00,21150768.465555556
2024-02-25 22:00:00+00:00,19420657.6025
2024-02-25 23:00:00+00:00,29706838.018055554
2024-02-26 00:00:00+00:00,26011285.864444446
2024-02-26 01:00:00+00:00,22677930.024722222
2024-02-26 02:00:00+00:00,12909414.5675
2024-02-26 03:00:00+00:00,17999962.03111111
2024-02-26 04:00:00+00:00,15329635.346944444
2024-02-26 05:00:00+00:00,21445858.56027778
2024-02-26 06:00:00+00:00,19512910.449444443
2024-02-26 07:00:00+00:00,28591846.25972222
2024-02-26 08:00:00+00:00,22151063.3025
2024-02-26 09:00:00+00:00,25805455.50361111
2024-02-26 10:00:00+00:00,29302158.689166665
2024-02-26 11:00:00+00:00,24708943.775833335
2024-02-26 12:00:00+00:00,24981791.85277778
2024-02-26 13:00:00+00:00,27262380.29611111
2024-02-26 14:00:00+00:00,21060555.366944443
2024-02-26 15:00:00+00:00,31424165.284166668
2024-02-26 16:00:00+00:00,30032061.930833332
2024-02-26 17:00:00+00:00,22046750.984166667
2024-02-26 18:00:00+00:00,20063117.89111111
2024-02-26 19:00:00+00:00,19589382.63777778
2024-02-26 20:00:00+00:00,35715387.755833335
2024-02-26 21:00:00+00:00,30882852.92861111
2024-02-26 22:00:00+00:00,38769997.638055556
2024-02-26 23:00:00+00:00,35201630.028333336
2024-02-27 00:00:00+00:00,47245226.840555556
2024-02-27 01:00:00+00:00,41217167.72388889
2024-02-27 02:00:00+00:00,20023870.124444444
2024-02-27 03:00:00+00:00,27110328.06611111
2024-02-27 04:00:00+00:00,21172579.86388889
2024-02-27 05:00:00+00:00,18723688.125555556
2024-02-27 06:00:00+00:00,27003211.01638889
2024-02-27 07:00:00+00:00,15070900.468888888
2024-02-27 08:00:00+00:00,18737581.741944443
2024-02-27 09:00:00+00:00,17319680.524722222
2024-02-27 10:00:00+00:00,18196977.388055556
2024-02-27 11:00:00+00:00,18512949.26111111
2024-02-27 12:00:00+00:00,19294102.175
2024-02-27 13:00:00+00:00,32780814.839722224
2024-02-27 14:00:00+00:00,20100990.010555554
2024-02-27 15:00:00+00:00,29002323.56833333
2024-02-27 16:00:00+00:00,31812197.856666666
2024-02-27 17:00:00+00:00,23801293.151388887
2024-02-27 18:00:00+00:00,27713248.972777776
2024-02-27 19:00:00+00:00,21771651.845
2024-02-27 20:00:00+00:00,27262440.575
2024-02-27 21:00:00+00:00,23844554.52611111
2024-02-27 22:00:00+00:00,29074409.42138889
2024-02-27 23:00:00+00:00,40481539.94388889
2024-02-28 00:00:00+00:00,38319266.137777776
2024-02-28 01:00:00+00:00,27093186.078333333
2024-02-28 02:00:00+00:00,19201654.824444443
2024-02-28 03:00:00+00:00,15181270.221111111
2024-02-28 04:00:00+00:00,22811285.221944444
2024-02-28 05:00:00+00:00,14063190.438055556
2024-02-28 06:00:00+00:00,19723247.265555557
2024-02-28 07:00:00+00:00,32031804.800833333
2024-02-28 08:00:00+00:00,16633100.736111112
2024-02-28 09:00:00+00:00,14189805.608888889
2024-02-28 10:00:00+00:00,18384191.13833333
2024-02-28 11:00:00+00:00,13841908.078611111
2024-02-28 12:00:00+00:00,23341894.07611111
2024-02-28 13:00:00+00:00,23232923.605555557
2024-02-28 14:00:00+00:00,18062059.371666666
2024-02-28 15:00:00+00:00,16258503.437777778
2024-02-28 16:00:00+00:00,21276048.059166666
2024-02-28 17:00:00+00:00,21094737.195277777
2024-02-28 18:00:00+00:00,22102888.285833333
2024-02-28 19:00:00+00:00,24838735.433055557
2024-02-28 20:00:00+00:00,33045810.133611113
2024-02-28 21:00:00+00:00,28214166.865555555
2024-02-28 22:00:00+00:00,39231715.66916667
2024-02-28 23:00:00+00:00,31239594.01861111
2024-02-29 00:00:00+00:00,32216702.167777777
2024-02-29 01:00:00+00:00,33061115.364722222
2024-02-29 02:00:00+00:00,12514334.4975
2024-02-29 03:00:00+00:00,17538249.795
2024-02-29 04:00:00+00:00,19539740.882222224
2024-02-29 05:00:00+00:00,18310090.186388887
2024-02-29 06:00:00+00:00,23743747.765555557
2024-02-29 07:00:00+00:00,18916164.306944445
2024-02-29 08:00:00+00:00,17194072.011666667
2024-02-29 09:00:00+00:00,15358901.951944444
2024-02-29 10:00:00+00:00,18991438.234722223
2024-02-29 11:00:00+00:00,24430820.805555556
2024-02-29 12:00:00+00:00,30055527.050833333
2024-02-29 13:00:00+00:00,28554537.29472222
2024-02-29 14:00:00+00:00,31258366.296944443
2024-02-29 15:00:00+00:00,49521953.46777778
2024-02-29 16:00:00+00:00,31121478.252777778
2024-02-29 17:00:00+00:00,18484793.497222222
2024-02-29 18:00:00+00:00,33697862.71694444
2024-02-29 19:00:00+00:00,17826797.680555556
2024-02-29 20:00:00+00:00,25931425.332222223
2024-02-29 21:00:00+00:00,21131627.216111112
2024-02-29 22:00:00+00:00,21044429.905277777
2024-02-29 23:00:00+00:00,26840488.103055555
2024-03-01 00:00:00+00:00,25356374.291666668
2024-03-01 01:00:00+00:00,15350802.867777778
2024-03-01 02:00:00+00:00,20167690.573333334
2024-03-01 03:00:00+00:00,18034708.15388889
2024-03-01 04:00:00+00:00,27910678.327777777
2024-03-01 05:00:00+00:00,30687828.992777776
2024-03-01 06:00:00+00:00,29102467.309722222
2024-03-01 07:00:00+00:00,16400200.254722223
2024-03-01 08:00:00+00:00,23731559.00611111
2024-03-01 09:00:00+00:00,17508115.90388889
2024-03-01 10:00:00+00:00,26251190.217777777
2024-03-01 11:00:00+00:00,19781833.684444446
2024-03-01 12:00:00+00:00,18313715.69722222
2024-03-01 13:00:00+00:00,15631795.302222222
2024-03-01 14:00:00+00:00,18445563.643333334
2024-03-01 15:00:00+00:00,17944679.268333334
2024-03-01 16:00:00+00:00,10422339.9475
2024-03-01 17:00:00+00:00,12356133.239166666
2024-03-01 18:00:00+00:00,25005303.2325
2024-03-01 19:00:00+00:00,11483625.020833334
2024-03-01 20:00:00+00:00,13584686.611666666
2024-03-01 21:00:00+00:00,14869850.480555555
2024-03-01 22:00:00+00:00,18247759.889166668
2024-03-01 23:00:00+00:00,32614181.33861111
2024-03-02 00:00:00+00:00,22297710.839722224
2024-03-02 01:00:00+00:00,22050791.23138889
2024-03-02 02:00:00+00:00,15233161.225277778
2024-03-02 03:00:00+00:00,4809259.498888889
2024-03-02 04:00:00+00:00,12516904.0975
2024-03-02 05:00:00+00:00,10680237.140833333
2024-03-02 06:00:00+00:00,15352430.066944445
2024-03-02 07:00:00+00:00,14496094.634166667
2024-03-02 08:00:00+00:00,13958787.7725
2024-03-02 09:00:00+00:00,18271653.41583333
2024-03-02 10:00:00+00:00,23046924.1325
2024-03-02 11:00:00+00:00,27780103.55
2024-03-02 12:00:00+00:00,20365344.616944443
2024-03-02 13:00:00+00:00,18287448.17277778
2024-03-02 14:00:00+00:00,13750531.100833334
2024-03-02 15:00:00+00:00,19060953.065
2024-03-02 16:00:00+00:00,16646819.225833334
2024-03-02 17:00:00+00:00,15084004.016111111
2024-03-02 18:00:00+00:00,16275705.529166667
2024-03-02 19:00:00+00:00,18697622.02027778
2024-03-02 20:00:00+00:00,23925268.36027778
2024-03-02 21:00:00+00:00,22977578.376666665
2024-03-02 22:00:00+00:00,27702843.898333333
2024-03-02 23:00:00+00:00,30152269.77027778
2024-03-03 00:00:00+00:00,22743913.037777778
2024-03-03 01:00:00+00:00,18314839.836944446
2024-03-03 02:00:00+00:00,12380669.5675
2024-03-03 03:00:00+00:00,17057639.680833332
2024-03-03 04:00:00+00:00,29559620.765277777
2024-03-03 05:00:00+00:00,10592465.225833334
2024-03-03 06:00:00+00:00,17313602.79888889
2024-03-03 07:00:00+00:00,16670621.79
2024-03-03 08:00:00+00:00,19657623.667777777
2024-03-03 09:00:00+00:00,26343835.69138889
2024-03-03 10:00:00+00:00,17333083.73222222
2024-03-03 11:00:00+00:00,23711065.635555554
2024-03-03 12:00:00+00:00,23460213.210555557
2024-03-03 13:00:00+00:00,23099378.42138889
2024-03-03 14:00:00+00:00,19201836.114722222
2024-03-03 15:00:00+00:00,14354890.444444444
2024-03-03 16:00:00+00:00,14187274.550833333
2024-03-03 17:00:00+00:00,18835251.340555556
2024-03-03 18:00:00+00:00,13811086.153888889
2024-03-03 19:00:00+00:00,23452495.70111111
2024-03-03 20:00:00+00:00,18231553.29888889
2024-03-03 21:00:00+00:00,26157005.553333335
2024-03-03 22:00:00+00:00,18398369.81638889
2024-03-03 23:00:00+00:00,33753567.05444445
2024-03-04 00:00:00+00:00,21564858.54611111
2024-03-04 01:00:00+00:00,17873382.68361111
2024-03-04 02:00:00+00:00,8317616.412222222
2024-03-04 03:00:00+00:00,22952040.8225
2024-03-04 04:00:00+00:00,14526624.67638889
2024-03-04 05:00:00+00:00,24417410.335
2024-03-04 06:00:00+00:00,16346116.53
2024-03-04 07:00:00+00:00,3212996.7216666667
2024-03-04 08:00:00+00:00,7238641.026388889
2024-03-04 09:00:00+00:00,8603703.520277778
2024-03-04 10:00:00+00:00,22346368.819166668
2024-03-04 11:00:00+00:00,32707067.899166666
2024-03-04 12:00:00+00:00,43283108.98916667
2024-03-04 13:00:00+00:00,37178713.33083333
2024-03-04 14:00:00+00:00,35742569.44416667
2024-03-04 15:00:00+00:00,23990360.780555554
2024-03-04 16:00:00+00:00,20640338.821111113
2024-03-04 17:00:00+00:00,25759909.169444446
2024-03-04 18:00:00+00:00,37698079.21333333
2024-03-04 19:00:00+00:00,32679412.650833335
2024-03-04 20:00:00+00:00,38585269.05166667
2024-03-04 21:00:00+00:00,35052345.85138889
2024-03-04 22:00:00+00:00,18376499.545555554
2024-03-04 23:00:00+00:00,33815054.66222222
2024-03-05 00:00:00+00:00,34825330.405
2024-03-05 01:00:00+00:00,28302287.558055557
2024-03-05 02:00:00+00:00,24786525.55
2024-03-05 03:00:00+00:00,22329450.02027778
2024-03-05 04:00:00+00:00,22883717.739444446
2024-03-05 05:00:00+00:00,23520856.288055554
2024-03-05 06:00:00+00:00,25387040.858055554
2024-03-05 07:00:00+00:00,28419587.929444443
2024-03-05 08:00:00+00:00,11975844.035555556
2024-03-05 09:00:00+00:00,17971235.47388889
2024-03-05 10:00:00+00:00,20765626.43972222
2024-03-05 11:00:00+00:00,25090117.836666666
2024-03-05 12:00:00+00:00,18731911.258333333
2024-03-05 13:00:00+00:00,27986081.595555555
2024-03-05 14:00:00+00:00,17971030.513055556
2024-03-05 15:00:00+00:00,17491125.32861111
2024-03-05 16:00:00+00:00,13792928.455
2024-03-05 17:00:00+00:00,12490990.18861111
2024-03-05 18:00:00+00:00,19983820.943888888
2024-03-05 19:00:00+00:00,29912690.816944443
2024-03-05 20:00:00+00:00,26268532.612777777
2024-03-05 21:00:00+00:00,20201552.00583333
2024-03-05 22:00:00+00:00,23481304.674444444
2024-03-05 23:00:00+00:00,27362206.739444446
2024-03-06 00:00:00+00:00,19676301.513888888
2024-03-06 01:00:00+00:00,18632722.480555557
2024-03-06 02:00:00+00:00,12456133.136944445
2024-03-06 03:00:00+00:00,14204967.03388889
2024-03-06 04:00:00+00:00,15907977.012222223
2024-03-06 05:00:00+00:00,8105838.004166666
2024-03-06 06:00:00+00:00,19334899.101666667
2024-03-06 07:00:00+00:00,12083421.905833334
2024-03-06 08:00:00+00:00,11290584.651666667
2024-03-06 09:00:00+00:00,23830769.355833333
2024-03-06 10:00:00+00:00,18930905.640555557
2024-03-06 11:00:00+00:00,24170494.246666666
2024-03-06 12:00:00+00:00,29872557.620833334
2024-03-06 13:00:00+00:00,22415408.976666667
2024-03-06 14:00:00+00:00,15978115.272222223
2024-03-06 15:00:00+00:00,18568732.108333334
2024-03-06 16:00:00+00:00,27145248.786111113
2024-03-06 17:00:00+00:00,35129806.11388889
2024-03-06 18:00:00+00:00,25861541.198333334
2024-03-06 19:00:00+00:00,17119518.925555557
2024-03-06 20:00:00+00:00,33210668.666944444
2024-03-06 21:00:00+00:00,22865227.292777777
2024-03-06 22:00:00+00:00,10373314.256944444
2024-03-06 23:00:00+00:00,9728322.489444444
2024-03-07 00:00:00+00:00,18778024.57888889
2024-03-07 01:00:00+00:00,12846432.601666667
2024-03-07 02:00:00+00:00,29081586.180555556
2024-03-07 03:00:00+00:00,20317778.031944446
2024-03-07 04:00:00+00:00,24736509.347222224
2024-03-07 05:00:00+00:00,18867985.155833334
2024-03-07 06:00:00+00:00,25192308.48638889
2024-03-07 07:00:00+00:00,7968809.273333333
2024-03-07 08:00:00+00:00,13761483.471666666
2024-03-07 09:00:00+00:00,10690712.095
2024-03-07 10:00:00+00:00,20567879.507222224
2024-03-07 11:00:00+00:00,21775490.408888888
2024-03-07 12:00:00+00:00,23617950.008333333
2024-03-07 13:00:00+00:00,21483710.003333334
2024-03-07 14:00:00+00:00,20552143.434444446
2024-03-07 15:00:00+00:00,26752853.757777777
2024-03-07 16:00:00+00:00,45819386.9925
2024-03-07 17:00:00+00:00,32190067.53722222
2024-03-07 18:00:00+00:00,23540630.15388889
2024-03-07 19:00:00+00:00,32361832.66527778
2024-03-07 20:00:00+00:00,39831727.53555556
2024-03-07 21:00:00+00:00,42677666.549166664
2024-03-07 22:00:00+00:00,31019033.493333332
2024-03-07 23:00:00+00:00,35757497.663055554
2024-03-08 00:00:00+00:00,43678565.65194444
2024-03-08 01:00:00+00:00,38789857.122777775
2024-03-08 02:00:00+00:00,29481580.97972222
2024-03-08 03:00:00+00:00,43348112.476111114
2024-03-08 04:00:00+00:00,36442517.43083333
2024-03-08 05:00:00+00:00,22392580.03361111
2024-03-08 06:00:00+00:00,12408369.489166666
2024-03-08 07:00:00+00:00,10705416.956944445
2024-03-08 08:00:00+00:00,28582159.274722222
2024-03-08 09:00:00+00:00,22019399.77888889
2024-03-08 10:00:00+00:00,25909651.69888889
2024-03-08 11:00:00+00:00,12915097.753055556
2024-03-08 12:00:00+00:00,26186018.028333332
2024-03-08 13:00:00+00:00,9732068.523611112
2024-03-08 14:00:00+00:00,24327011.24111111
2024-03-08 15:00:00+00:00,22392804.561944444
2024-03-08 16:00:00+00:00,13393909.06138889
2024-03-08 17:00:00+00:00,18228372.413333334
2024-03-08 18:00:00+00:00,17716043.86138889
2024-03-08 19:00:00+00:00,19097189.35361111
2024-03-08 20:00:00+00:00,16171002.728611112
2024-03-08 21:00:00+00:00,21249036.075
2024-03-08 22:00:00+00:00,19628163.458611112
2024-03-08 23:00:00+00:00,32924148.604444444
2024-03-09 00:00:00+00:00,22783188.45527778
2024-03-09 01:00:00+00:00,18010321.6275
2024-03-09 02:00:00+00:00,12509680.49
2024-03-09 03:00:00+00:00,12109067.972777778
2024-03-09 04:00:00+00:00,13579250.80138889
2024-03-09 05:00:00+00:00,10834654.089444444
2024-03-09 06:00:00+00:00,15447430.420555556
2024-03-09 07:00:00+00:00,19306382.49861111
2024-03-09 08:00:00+00:00,17548459.174444444
2024-03-09 09:00:00+00:00,22812616.2925
2024-03-09 10:00:00+00:00,29804786.15027778
2024-03-09 11:00:00+00:00,18288739.117777776
2024-03-09 12:00:00+00:00,42333718.02666666
2024-03-09 13:00:00+00:00,29425906.053333335
2024-03-09 14:00:00+00:00,18767118.111111112
2024-03-09 15:00:00+00:00,26872996.583611112
2024-03-09 16:00:00+00:00,25144518.9925
2024-03-09 17:00:00+00:00,15920867.170555556
2024-03-09 18:00:00+00:00,20371516.313055556
2024-03-09 19:00:00+00:00,19850028.145555556
2024-03-09 20:00:00+00:00,25568851.10138889
2024-03-09 21:00:00+00:00,17646157.886666667
2024-03-09 22:00:00+00:00,29904059.041666668
2024-03-09 23:00:00+00:00,36970515.240555555
2024-03-10 00:00:00+00:00,31191988.521111112
2024-03-10 01:00:00+00:00,19588554.887222223
2024-03-10 02:00:00+00:00,7694691.341666667
2024-03-10 03:00:00+00:00,10952689.81361111
2024-03-10 04:00:00+00:00,9998883.003611112
2024-03-10 05:00:00+00:00,13734123.000277778
2024-03-10 06:00:00+00:00,19656069.489444446
2024-03-10 07:00:00+00:00,11046926.62
2024-03-10 08:00:00+00:00,15245089.98361111
2024-03-10 09:00:00+00:00,12563445.94861111
2024-03-10 10:00:00+00:00,14493794.599722221
2024-03-10 11:00:00+00:00,37752940.11083333
2024-03-10 12:00:00+00:00,11745000.615
2024-03-10 13:00:00+00:00,19396347.52361111
2024-03-10 14:00:00+00:00,11336499.646944445
2024-03-10 15:00:00+00:00,18157966.033055555
2024-03-10 16:00:00+00:00,19623999.045833334
2024-03-10 17:00:00+00:00,28768245.37638889
2024-03-10 18:00:00+00:00,16419495.56361111
2024-03-10 19:00:00+00:00,25773149.25138889
2024-03-10 20:00:00+00:00,24409785.84222222
2024-03-10 21:00:00+00:00,20923458.944166668
2024-03-10 22:00:00+00:00,14466449.5425
2024-03-10 23:00:00+00:00,20664887.629166666
2024-03-11 00:00:00+00:00,17930030.38972222
2024-03-11 01:00:00+00:00,17250322.493333332
2024-03-11 02:00:00+00:00,12037276.964722222
2024-03-11 03:00:00+00:00,18209667.965
2024-03-11 04:00:00+00:00,12073098.8025
2024-03-11 05:00:00+00:00,12683727.263055556
2024-03-11 06:00:00+00:00,19457369.890277777
2024-03-11 07:00:00+00:00,20920841.035277776
2024-03-11 08:00:00+00:00,18553152.907222223
2024-03-11 09:00:00+00:00,15094531.296388889
2024-03-11 10:00:00+00:00,26226882.029166665
2024-03-11 11:00:00+00:00,32380111.04972222
2024-03-11 12:00:00+00:00,36489049.6425
2024-03-11 13:00:00+00:00,45597181.62416667
2024-03-11 14:00:00+00:00,28008321.429722223
2024-03-11 15:00:00+00:00,28836990.273333333
2024-03-11 16:00:00+00:00,35374019.57666667
2024-03-11 17:00:00+00:00,25022617.788055554
2024-03-11 18:00:00+00:00,27444181.693888888
2024-03-11 19:00:00+00:00,35271327.45166667
2024-03-11 20:00:00+00:00,41481161.361944444
2024-03-11 21:00:00+00:00,36757839.54055556
2024-03-11 22:00:00+00:00,34366593.70138889
2024-03-11 23:00:00+00:00,29519854.2275
2024-03-12 00:00:00+00:00,32864164.268055554
2024-03-12 01:00:00+00:00,21693983.966111112
2024-03-12 02:00:00+00:00,18104495.160833333
2024-03-12 03:00:00+00:00,15848660.007777778
2024-03-12 04:00:00+00:00,19545846.719444446
2024-03-12 05:00:00+00:00,15585640.58888889
2024-03-12 06:00:00+00:00,15902165.024444444
2024-03-12 07:00:00+00:00,22323880.89722222
2024-03-12 08:00:00+00:00,17773503.70527778
2024-03-12 09:00:00+00:00,22532669.093333334
2024-03-12 10:00:00+00:00,44893835.91138889
2024-03-12 11:00:00+00:00,24232835.954444446
2024-03-12 12:00:00+00:00,27320184.29111111
2024-03-12 13:00:00+00:00,18864830.230555557
2024-03-12 14:00:00+00:00,25276914.242777776
2024-03-12 15:00:00+00:00,16182469.522777777
2024-03-12 16:00:00+00:00,29649527.188611113
2024-03-12 17:00:00+00:00,31989195.625277776
2024-03-12 18:00:00+00:00,24427500.845
2024-03-12 19:00:00+00:00,27711353.767222222
2024-03-12 20:00:00+00:00,26323078.534166668
2024-03-12 21:00:00+00:00,23833851.519722223
2024-03-12 22:00:00+00:00,27272044.4175
2024-03-12 23:00:00+00:00,30415980.951666668
2024-03-13 00:00:00+00:00,31746558.2225
2024-03-13 01:00:00+00:00,27832877.221388888
2024-03-13 02:00:00+00:00,15515642.002777778
2024-03-13 03:00:00+00:00,23995667.881944444
2024-03-13 04:00:00+00:00,34104814.19611111
2024-03-13 05:00:00+00:00,12647893.165555555
2024-03-13 06:00:00+00:00,25354076.12111111
2024-03-13 07:00:00+00:00,18436999.596666668
2024-03-13 08:00:00+00:00,19568331.974444445
2024-03-13 09:00:00+00:00,18971725.98111111
2024-03-13 10:00:00+00:00,33967889.4575
2024-03-13 11:00:00+00:00,37289148.177777775
2024-03-13 12:00:00+00:00,38333535.95861111
2024-03-13 13:00:00+00:00,37821140.5525
2024-03-13 14:00:00+00:00,26124490.72472222
2024-03-13 15:00:00+00:00,20778035.896944445
2024-03-13 16:00:00+00:00,33423173.795833334
2024-03-13 17:00:00+00:00,33564577.01583333
2024-03-13 18:00:00+00:00,30819846.76333333
2024-03-13 19:00:00+00:00,37398680.4975
2024-03-13 20:00:00+00:00,27083580.425
2024-03-13 21:00:00+00:00,13340717.402222222
2024-03-13 22:00:00+00:00,19928139.512222223
2024-03-13 23:00:00+00:00,23923188.574166667
2024-03-14 00:00:00+00:00,26301632.165
2024-03-14 01:00:00+00:00,46871251.8125
2024-03-14 02:00:00+00:00,46983700.59777778
2024-03-14 03:00:00+00:00,50486963.031944446
2024-03-14 04:00:00+00:00,37798463.346666664
2024-03-14 05:00:00+00:00,34630772.6375
2024-03-14 06:00:00+00:00,24855894.39722222
2024-03-14 07:00:00+00:00,39328264.10722222
2024-03-14 08:00:00+00:00,21436685.051944446
2024-03-14 09:00:00+00:00,33288020.775833335
2024-03-14 10:00:00+00:00,35693673.314722225
2024-03-14 11:00:00+00:00,25911093.934444446
2024-03-14 12:00:00+00:00,37487616.46972222
2024-03-14 13:00:00+00:00,36189420.471944444
2024-03-14 14:00:00+00:00,21618312.8975
2024-03-14 15:00:00+00:00,16746151.147777777
2024-03-14 16:00:00+00:00,16967320.920833334
2024-03-14 17:00:00+00:00,12642002.57
2024-03-14 18:00:00+00:00,15586236.20611111
2024-03-14 19:00:00+00:00,18657570.009166665
2024-03-14 20:00:00+00:00,10998304.26
2024-03-14 21:00:00+00:00,8718770.070833333
2024-03-14 22:00:00+00:00,19429449.820555557
2024-03-14 23:00:00+00:00,31798988.359444443
2024-03-15 00:00:00+00:00,29627429.875277776
2024-03-15 01:00:00+00:00,18695103.73361111
2024-03-15 02:00:00+00:00,15315551.606111111
2024-03-15 03:00:00+00:00,7925933.5563888885
2024-03-15 04:00:00+00:00,12867976.906944444
2024-03-15 05:00:00+00:00,16076669.134722222
2024-03-15 06:00:00+00:00,18858355.643333334
2024-03-15 07:00:00+00:00,14651072.977222223
2024-03-15 08:00:00+00:00,11182006.052777778
2024-03-15 09:00:00+00:00,19081836.183333334
2024-03-15 10:00:00+00:00,18560935.403055556
2024-03-15 11:00:00+00:00,28405205.951666668
2024-03-15 12:00:00+00:00,29161787.64888889
2024-03-15 13:00:00+00:00,28246052.7225
2024-03-15 14:00:00+00:00,29616823.913055554
2024-03-15 15:00:00+00:00,29092868.303333335
2024-03-15 16:00:00+00:00,21746727.178333335
2024-03-15 17:00:00+00:00,14581611.148611112
2024-03-15 18:00:00+00:00,15670611.132777778
2024-03-15 19:00:00+00:00,28939895.66722222
2024-03-15 20:00:00+00:00,62300020.45277778
2024-03-15 21:00:00+00:00,21178187.80138889
2024-03-15 22:00:00+00:00,21909366.89722222
2024-03-15 23:00:00+00:00,26836998.73222222
2024-03-16 00:00:00+00:00,33871088.37916667
2024-03-16 01:00:00+00:00,29660676.76888889
2024-03-16 02:00:00+00:00,32767027.128055554
2024-03-16 03:00:00+00:00,25174874.84222222
2024-03-16 04:00:00+00:00,12049065.986666666
2024-03-16 05:00:00+00:00,23213708.386944443
2024-03-16 06:00:00+00:00,13003898.9025
2024-03-16 07:00:00+00:00,13676877.433055555
2024-03-16 08:00:00+00:00,18277899.44888889
2024-03-16 09:00:00+00:00,13925529.830277778
2024-03-16 10:00:00+00:00,16872216.775
2024-03-16 11:00:00+00:00,14331155.200833334
2024-03-16 12:00:00+00:00,29087260.131944444
2024-03-16 13:00:00+00:00,31616912.009166665
2024-03-16 14:00:00+00:00,30461724.975
2024-03-16 15:00:00+00:00,23972153.58638889
2024-03-16 16:00:00+00:00,18270548.620555557
2024-03-16 17:00:00+00:00,25327634.446666665
2024-03-16 18:00:00+00:00,16551752.973333333
2024-03-16 19:00:00+00:00,30785317.26861111
2024-03-16 20:00:00+00:00,31793323.604166668
2024-03-16 21:00:00+00:00,42293699.093055554
2024-03-16 22:00:00+00:00,41826848.78777778
2024-03-16 23:00:00+00:00,36770485.96027778
2024-03-17 00:00:00+00:00,41328421.57083333
2024-03-17 01:00:00+00:00,44016898.17944445
2024-03-17 02:00:00+00:00,39272623.08833333
2024-03-17 03:00:00+00:00,42243473.81916667
2024-03-17 04:00:00+00:00,29296745.361111112
2024-03-17 05:00:00+00:00,26698864.63611111
2024-03-17 06:00:00+00:00,22472428.14527778
2024-03-17 07:00:00+00:00,27751456.019166667
2024-03-17 08:00:00+00:00,19425453.436388887
2024-03-17 09:00:00+00:00,21616846.499722224
2024-03-17 10:00:00+00:00,29197846.755
2024-03-17 11:00:00+00:00,24087412.74472222
2024-03-17 12:00:00+00:00,22837244.613333333
2024-03-17 13:00:00+00:00,32239225.80722222
2024-03-17 14:00:00+00:00,32222944.043055557
2024-03-17 15:00:00+00:00,20727393.928888887
2024-03-17 16:00:00+00:00,28132753.44888889
2024-03-17 17:00:00+00:00,21392495.272777777
2024-03-17 18:00:00+00:00,20489586.808055557
2024-03-17 19:00:00+00:00,35385467.88194445
2024-03-17 20:00:00+00:00,26117946.71638889
2024-03-17 21:00:00+00:00,37777491.40861111
2024-03-17 22:00:00+00:00,39265141.571388885
2024-03-17 23:00:00+00:00,30546818.764444444
2024-03-18 00:00:00+00:00,17035915.8725
2024-03-18 01:00:00+00:00,40091061.07861111
2024-03-18 02:00:00+00:00,13986662.656666666
2024-03-18 03:00:00+00:00,23485741.338888887
2024-03-18 04:00:00+00:00,10986340.2775
2024-03-18 05:00:00+00:00,13200030.535555556
2024-03-18 06:00:00+00:00,10209903.942222223
2024-03-18 07:00:00+00:00,10691536.759166667
2024-03-18 08:00:00+00:00,6160873.579722222
2024-03-18 09:00:00+00:00,22201532.409444444
2024-03-18 10:00:00+00:00,25363271.316666666
2024-03-18 11:00:00+00:00,15761839.470555555
2024-03-18 12:00:00+00:00,14018799.001944445
2024-03-18 13:00:00+00:00,16506008.943055555
2024-03-18 14:00:00+00:00,12399320.247222222
2024-03-18 15:00:00+00:00,17421205.57611111
2024-03-18 16:00:00+00:00,17275739.848055556
2024-03-18 17:00:00+00:00,26695688.61
2024-03-18 18:00:00+00:00,26899851.504444443
2024-03-18 19:00:00+00:00,18755753.93888889
2024-03-18 20:00:00+00:00,34059173.26583333
2024-03-18 21:00:00+00:00,37586432.30027778
2024-03-18 22:00:00+00:00,44695627.3725
2024-03-18 23:00:00+00:00,18242925.970555555
2024-03-19 00:00:00+00:00,20295904.603055555
2024-03-19 01:00:00+00:00,36497748.505277775
2024-03-19 02:00:00+00:00,20548933.713888887
2024-03-19 03:00:00+00:00,17011419.50583333
2024-03-19 04:00:00+00:00,13054627.11611111
2024-03-19 05:00:00+00:00,21209259.645833332
2024-03-19 06:00:00+00:00,18674186.988333333
2024-03-19 07:00:00+00:00,26697077.425
2024-03-19 08:00:00+00:00,25439224.481666666
2024-03-19 09:00:00+00:00,14547045.915277777
2024-03-19 10:00:00+00:00,37200786.26611111
2024-03-19 11:00:00+00:00,45825588.75611111
2024-03-19 12:00:00+00:00,29423448.353888888
2024-03-19 13:00:00+00:00,21040848.061388887
2024-03-19 14:00:00+00:00,12784867.516111111
2024-03-19 15:00:00+00:00,31194588.119444445
2024-03-19 16:00:00+00:00,18813999.413333334
2024-03-19 17:00:00+00:00,21014627.975
2024-03-19 18:00:00+00:00,17015238.955555554
2024-03-19 19:00:00+00:00,19062561.414166667
2024-03-19 20:00:00+00:00,22139990.541944444
2024-03-19 21:00:00+00:00,14001589.035833333
2024-03-19 22:00:00+00:00,13681783.599166667
2024-03-19 23:00:00+00:00,8805425.830277778
2024-03-20 00:00:00+00:00,8718244.9525
2024-03-20 01:00:00+00:00,8697466.709166666
2024-03-20 02:00:00+00:00,11946299.213611111
2024-03-20 03:00:00+00:00,8125128.6175
2024-03-20 04:00:00+00:00,8560525.246388888
2024-03-20 05:00:00+00:00,10613180.254722223
2024-03-20 06:00:00+00:00,10195414.925277777
2024-03-20 07:00:00+00:00,14228242.423333334
2024-03-20 08:00:00+00:00,14981266.853055555
2024-03-20 09:00:00+00:00,22617483.645833332
2024-03-20 10:00:00+00:00,21679462.740833335
2024-03-20 11:00:00+00:00,20310766.23222222
2024-03-20 12:00:00+00:00,14235942.932222223
2024-03-20 13:00:00+00:00,15198123.224722221
2024-03-20 14:00:00+00:00,26340177.648055557
2024-03-20 15:00:00+00:00,28038672.886944443
2024-03-20 16:00:00+00:00,41447127.85527778
2024-03-20 17:00:00+00:00,32177196.658333335
2024-03-20 18:00:00+00:00,38665704.04472222
2024-03-20 19:00:00+00:00,46370924.689444445
2024-03-20 20:00:00+00:00,49161727.108333334
2024-03-20 21:00:00+00:00,48248688.60166667
2024-03-20 22:00:00+00:00,84633448.64944445
2024-03-20 23:00:00+00:00,48720156.538333334
2024-03-21 00:00:00+00:00,43268746.693333335
2024-03-21 01:00:00+00:00,49178052.36472222
2024-03-21 02:00:00+00:00,33244539.19722222
2024-03-21 03:00:00+00:00,32799500.04027778
2024-03-21 04:00:00+00:00,23009933.18361111
2024-03-21 05:00:00+00:00,22645071.179444443
2024-03-21 06:00:00+00:00,22866561.874444444
2024-03-21 07:00:00+00:00,22032028.0325
2024-03-21 08:00:00+00:00,26947299.132777777
2024-03-21 09:00:00+00:00,19386635.339444444
2024-03-21 10:00:00+00:00,30654067.175555557
2024-03-21 11:00:00+00:00,33501090.910555556
2024-03-21 12:00:00+00:00,38219366.165
2024-03-21 13:00:00+00:00,41617145.659444444
2024-03-21 14:00:00+00:00,34464664.55194444
2024-03-21 15:00:00+00:00,35974625.557222225
2024-03-21 16:00:00+00:00,26556437.17388889
2024-03-21 17:00:00+00:00,35691466.14111111
2024-03-21 18:00:00+00:00,36952243.5325
2024-03-21 19:00:00+00:00,39382210.490833335
2024-03-21 20:00:00+00:00,34933474.18833333
2024-03-21 21:00:00+00:00,36393795.16611111
2024-03-21 22:00:00+00:00,42809228.299444444
2024-03-21 23:00:00+00:00,44927010.62194444
2024-03-22 00:00:00+00:00,41631038.16638889
2024-03-22 01:00:00+00:00,24508925.990555555
2024-03-22 02:00:00+00:00,35539934.08083333
2024-03-22 03:00:00+00:00,31290059.05861111
2024-03-22 04:00:00+00:00,31171079.631666668
2024-03-22 05:00:00+00:00,28414126.985
2024-03-22 06:00:00+00:00,26846135.184166666
2024-03-22 07:00:00+00:00,31142732.833333332
2024-03-22 08:00:00+00:00,36539055.229722224
2024-03-22 09:00:00+00:00,29144733.373888887
2024-03-22 10:00:00+00:00,40921769.37027778
2024-03-22 11:00:00+00:00,23880953.865833335
2024-03-22 12:00:00+00:00,23622147.082222223
2024-03-22 13:00:00+00:00,20865216.736944444
2024-03-22 14:00:00+00:00,21066465.765277777
2024-03-22 15:00:00+00:00,18275654.08027778
2024-03-22 16:00:00+00:00,25667156.546666667
2024-03-22 17:00:00+00:00,25540709.428055555
2024-03-22 18:00:00+00:00,42932332.97138889
2024-03-22 19:00:00+00:00,40177041.81277778
2024-03-22 20:00:00+00:00,32107758.313611113
2024-03-22 21:00:00+00:00,31063147.321666665
2024-03-22 22:00:00+00:00,28659615.203055557
2024-03-22 23:00:00+00:00,13539817.988611111
2024-03-23 00:00:00+00:00,24057862.80666667
2024-03-23 01:00:00+00:00,30288687.993333332
2024-03-23 02:00:00+00:00,18615184.934444446
2024-03-23 03:00:00+00:00,18028419.925555557
2024-03-23 04:00:00+00:00,25221983.12888889
2024-03-23 05:00:00+00:00,12007917.769166667
2024-03-23 06:00:00+00:00,21568748.0025
2024-03-23 07:00:00+00:00,23338887.8725
2024-03-23 08:00:00+00:00,17706875.55138889
2024-03-23 09:00:00+00:00,21810306.405555554
2024-03-23 10:00:00+00:00,18570207.13777778
2024-03-23 11:00:00+00:00,25753978.635555554
2024-03-23 12:00:00+00:00,24709669.347222224
2024-03-23 13:00:00+00:00,40959423.975555554
2024-03-23 14:00:00+00:00,27004152.371944446
2024-03-23 15:00:00+00:00,23413165.32222222
2024-03-23 16:00:00+00:00,24425797.098055556
2024-03-23 17:00:00+00:00,25113183.5225
2024-03-23 18:00:00+00:00,19909198.423611112
2024-03-23 19:00:00+00:00,27170324.85861111
2024-03-23 20:00:00+00:00,15620435.07138889
2024-03-23 21:00:00+00:00,16705609.225277778
2024-03-23 22:00:00+00:00,28103832.11388889
2024-03-23 23:00:00+00:00,24194839.466944445
2024-03-24 00:00:00+00:00,16771740.143888889
2024-03-24 01:00:00+00:00,25963470.76861111
2024-03-24 02:00:00+00:00,20048457.63083333
2024-03-24 03:00:00+00:00,11439782.730277779
2024-03-24 04:00:00+00:00,13601861.051111111
2024-03-24 05:00:00+00:00,11848749.317222223
2024-03-24 06:00:00+00:00,14610694.688333333
2024-03-24 07:00:00+00:00,13004311.151944444
2024-03-24 08:00:00+00:00,13073044.266944444
2024-03-24 09:00:00+00:00,14503837.319444444
2024-03-24 10:00:00+00:00,11855165.5775
2024-03-24 11:00:00+00:00,12981577.571944445
2024-03-24 12:00:00+00:00,14767705.693333333
2024-03-24 13:00:00+00:00,9868263.246111112
2024-03-24 14:00:00+00:00,10410044.240555555
2024-03-24 15:00:00+00:00,13412863.211666666
2024-03-24 16:00:00+00:00,15188876.24361111
2024-03-24 17:00:00+00:00,15557515.621388888
2024-03-24 18:00:00+00:00,14011887.710833333
2024-03-24 19:00:00+00:00,16276552.657222223
2024-03-24 20:00:00+00:00,12226493.95611111
2024-03-24 21:00:00+00:00,18313143.158333335
2024-03-24 22:00:00+00:00,17192375.405
2024-03-24 23:00:00+00:00,13848684.140833333
2024-03-25 00:00:00+00:00,15093674.082777778
2024-03-25 01:00:00+00:00,14180381.027777778
2024-03-25 02:00:00+00:00,14879573.489722222
2024-03-25 03:00:00+00:00,16189020.422222223
2024-03-25 04:00:00+00:00,13787357.05361111
2024-03-25 05:00:00+00:00,13190135.1275
2024-03-25 06:00:00+00:00,23718111.053055555
2024-03-25 07:00:00+00:00,16681194.416944444
2024-03-25 08:00:00+00:00,20678181.979166668
2024-03-25 09:00:00+00:00,9641478.8825
2024-03-25 10:00:00+00:00,13303635.381666666
2024-03-25 11:00:00+00:00,14841595.4225
2024-03-25 12:00:00+00:00,14281243.067222223
2024-03-25 13:00:00+00:00,17217905.365
2024-03-25 14:00:00+00:00,21204141.771944445
2024-03-25 15:00:00+00:00,20791262.75972222
2024-03-25 16:00:00+00:00,30677468.46722222
2024-03-25 17:00:00+00:00,35023145.295833334
2024-03-25 18:00:00+00:00,30300584.61027778
2024-03-25 19:00:00+00:00,29075413.789722223
2024-03-25 20:00:00+00:00,30008506.15861111
2024-03-25 21:00:00+00:00,35322159.51111111
2024-03-25 22:00:00+00:00,43569944.7325
2024-03-25 23:00:00+00:00,40273925.67361111
2024-03-26 00:00:00+00:00,23490229.02222222
2024-03-26 01:00:00+00:00,28725720.313055556
2024-03-26 02:00:00+00:00,29849516.815833334
2024-03-26 03:00:00+00:00,17579979.59888889
2024-03-26 04:00:00+00:00,26346021.626666665
2024-03-26 05:00:00+00:00,14750199.365
2024-03-26 06:00:00+00:00,17870824.575555556
2024-03-26 07:00:00+00:00,9108455.013055556
2024-03-26 08:00:00+00:00,20167685.34888889
2024-03-26 09:00:00+00:00,15115121.581944445
2024-03-26 10:00:00+00:00,21362357.631388888
2024-03-26 11:00:00+00:00,26680213.633333333
2024-03-26 12:00:00+00:00,27370254.79472222
2024-03-26 13:00:00+00:00,27063373.890555557
2024-03-26 14:00:00+00:00,26762354.9575
2024-03-26 15:00:00+00:00,15945440.607777778
2024-03-26 16:00:00+00:00,17998395.04361111
2024-03-26 17:00:00+00:00,29030116.914722223
2024-03-26 18:00:00+00:00,34367238.89111111
2024-03-26 19:00:00+00:00,30086450.830555554
2024-03-26 20:00:00+00:00,22038534.785277776
2024-03-26 21:00:00+00:00,33898229.034444444
2024-03-26 22:00:00+00:00,25159249.373888887
2024-03-26 23:00:00+00:00,30778178.416666668
2024-03-27 00:00:00+00:00,36078547.53583334
2024-03-27 01:00:00+00:00,48591245.34111111
2024-03-27 02:00:00+00:00,35622936.98027778
2024-03-27 03:00:00+00:00,42198803.2775
2024-03-27 04:00:00+00:00,26178890.073055554
2024-03-27 05:00:00+00:00,29376523.63638889
2024-03-27 06:00:00+00:00,27334854.455
2024-03-27 07:00:00+00:00,25213203.582222223
2024-03-27 08:00:00+00:00,25202339.569722224
2024-03-27 09:00:00+00:00,20295243.0675
2024-03-27 10:00:00+00:00,22398499.9125
2024-03-27 11:00:00+00:00,33488810.32861111
2024-03-27 12:00:00+00:00,26516969.9925
2024-03-27 13:00:00+00:00,25682595.651388887
2024-03-27 14:00:00+00:00,28053558.464444444
2024-03-27 15:00:00+00:00,34005164.01944444
2024-03-27 16:00:00+00:00,22089797.603055555
2024-03-27 17:00:00+00:00,24868238.686388887
2024-03-27 18:00:00+00:00,26201216.560555555
2024-03-27 19:00:00+00:00,26590535.51361111
2024-03-27 20:00:00+00:00,31708353.660833333
2024-03-27 21:00:00+00:00,38277473.58583333
2024-03-27 22:00:00+00:00,33193560.651944444
2024-03-27 23:00:00+00:00,35960830.12888889
2024-03-28 00:00:00+00:00,35537062.02888889
2024-03-28 01:00:00+00:00,44661670.49888889
2024-03-28 02:00:00+00:00,27103454.088888887
2024-03-28 03:00:00+00:00,24314852.5825
2024-03-28 04:00:00+00:00,26197106.355
2024-03-28 05:00:00+00:00,24447647.663055554
2024-03-28 06:00:00+00:00,21272459.812777776
2024-03-28 07:00:00+00:00,24045535.3025
2024-03-28 08:00:00+00:00,39189181.06527778
2024-03-28 09:00:00+00:00,45398699.47138889
2024-03-28 10:00:00+00:00,33631983.60361111
2024-03-28 11:00:00+00:00,37636090.18
2024-03-28 12:00:00+00:00,33757835.58527778
2024-03-28 13:00:00+00:00,38018369.281388886
2024-03-28 14:00:00+00:00,26541456.783333335
2024-03-28 15:00:00+00:00,26295489.610555556
2024-03-28 16:00:00+00:00,37290801.78333333
2024-03-28 17:00:00+00:00,27215090.9775
2024-03-28 18:00:00+00:00,25513922.359444443
2024-03-28 19:00:00+00:00,30966664.02361111
2024-03-28 20:00:00+00:00,37185383.22805556
2024-03-28 21:00:00+00:00,28243674.355555557
2024-03-28 22:00:00+00:00,39723348.62583333
2024-03-28 23:00:00+00:00,34687380.69583333
2024-03-29 00:00:00+00:00,39158640.0475
2024-03-29 01:00:00+00:00,41018360.20333333
2024-03-29 02:00:00+00:00,33902326.71416666
2024-03-29 03:00:00+00:00,33902420.66916667
2024-03-29 04:00:00+00:00,26775584.239444446
2024-03-29 05:00:00+00:00,27260762.688055556
2024-03-29 06:00:00+00:00,34002352.97055556
2024-03-29 07:00:00+00:00,33740886.630555555
2024-03-29 08:00:00+00:00,32647498.565555554
2024-03-29 09:00:00+00:00,32374167.99861111
2024-03-29 10:00:00+00:00,26214528.29972222
2024-03-29 11:00:00+00:00,30839889.45361111
2024-03-29 12:00:00+00:00,32576872.29916667
2024-03-29 13:00:00+00:00,28386527.468333334
2024-03-29 14:00:00+00:00,24558230.30888889
2024-03-29 15:00:00+00:00,24193173.636666667
2024-03-29 16:00:00+00:00,29674958.97472222
2024-03-29 17:00:00+00:00,27024230.813611113
2024-03-29 18:00:00+00:00,23695521.88638889
2024-03-29 19:00:00+00:00,23382632.755
2024-03-29 20:00:00+00:00,21225727.981666666
2024-03-29 21:00:00+00:00,20613541.44638889
2024-03-29 22:00:00+00:00,14807958.809166666
2024-03-29 23:00:00+00:00,19338996.825555556
2024-03-30 00:00:00+00:00,25215505.590833332
2024-03-30 01:00:00+00:00,33688238.843888886
2024-03-30 02:00:00+00:00,28979332.604166668
2024-03-30 03:00:00+00:00,18544271.92638889
2024-03-30 04:00:00+00:00,18341735.956944443
2024-03-30 05:00:00+00:00,16749452.81
2024-03-30 06:00:00+00:00,19574314.696111113
2024-03-30 07:00:00+00:00,19822938.748888887
2024-03-30 08:00:00+00:00,20726377.36916667
2024-03-30 09:00:00+00:00,28005843.286666665
2024-03-30 10:00:00+00:00,27005922.19638889
2024-03-30 11:00:00+00:00,20715845.253055554
2024-03-30 12:00:00+00:00,24178228.667777777
2024-03-30 13:00:00+00:00,9412737.563888889
2024-03-30 14:00:00+00:00,17983527.31777778
2024-03-30 15:00:00+00:00,11254515.628333334
2024-03-30 16:00:00+00:00,18074127.87888889
2024-03-30 17:00:00+00:00,15517293.8625
2024-03-30 18:00:00+00:00,11200698.789444445
2024-03-30 19:00:00+00:00,15383228.106666667
2024-03-30 20:00:00+00:00,14984429.32888889
2024-03-30 21:00:00+00:00,25565364.23888889
2024-03-30 22:00:00+00:00,22057978.006944444
2024-03-30 23:00:00+00:00,20951208.833333332
2024-03-31 00:00:00+00:00,16289369.049444444
2024-03-31 01:00:00+00:00,24554195.170277778
2024-03-31 02:00:00+00:00,14535461.328333333
2024-03-31 03:00:00+00:00,21717996.783888888
2024-03-31 04:00:00+00:00,22637758.536666665
2024-03-31 05:00:00+00:00,17659699.650555555
2024-03-31 06:00:00+00:00,16568469.849166667
2024-03-31 07:00:00+00:00,27489801.331944443
2024-03-31 08:00:00+00:00,29008572.27027778
2024-03-31 09:00:00+00:00,27923730.3975
2024-03-31 10:00:00+00:00,30181997.18972222
2024-03-31 11:00:00+00:00,35917066.69527778
2024-03-31 12:00:00+00:00,34960498.60611111
2024-03-31 13:00:00+00:00,25745693.879444443
2024-03-31 14:00:00+00:00,26226677.972777776
2024-03-31 15:00:00+00:00,25319985.5
2024-03-31 16:00:00+00:00,28127986.53111111
2024-03-31 17:00:00+00:00,22397919.9275
2024-03-31 18:00:00+00:00,23965774.277222224
2024-03-31 19:00:00+00:00,24191176.936388887
2024-03-31 20:00:00+00:00,18851694.771111112
2024-03-31 21:00:00+00:00,33622976.88194445
2024-03-31 22:00:00+00:00,17929014.598611113
2024-03-31 23:00:00+00:00,23726591.79472222
2024-04-01 00:00:00+00:00,24543676.027777776
2024-04-01 01:00:00+00:00,25274553.17277778
2024-04-01 02:00:00+00:00,26478708.225555554
2024-04-01 03:00:00+00:00,24955401.414444443
2024-04-01 04:00:00+00:00,16456642.963611111
2024-04-01 05:00:00+00:00,16013392.986388888
2024-04-01 06:00:00+00:00,16184669.55611111
2024-04-01 07:00:00+00:00,22097935.105833333
2024-04-01 08:00:00+00:00,24945513.943888888
2024-04-01 09:00:00+00:00,17315779.030277777
2024-04-01 10:00:00+00:00,26764266.535833333
2024-04-01 11:00:00+00:00,22158053.409722224
2024-04-01 12:00:00+00:00,26144299.648055557
2024-04-01 13:00:00+00:00,15392908.891111111
2024-04-01 14:00:00+00:00,14501466.44638889
2024-04-01 15:00:00+00:00,10665152.283055555
2024-04-01 16:00:00+00:00,10772408.614722222
2024-04-01 17:00:00+00:00,12250468.435833333
2024-04-01 18:00:00+00:00,10295050.18
2024-04-01 19:00:00+00:00,24477366.045833334
2024-04-01 20:00:00+00:00,28360677.01888889
2024-04-01 21:00:00+00:00,18403039.996944446
2024-04-01 22:00:00+00:00,16220196.302777778
2024-04-01 23:00:00+00:00,28991056.448055554
2024-04-02 00:00:00+00:00,19540500.764166668
2024-04-02 01:00:00+00:00,22147480.37
2024-04-02 02:00:00+00:00,19422064.54611111
2024-04-02 03:00:00+00:00,18286470.42111111
2024-04-02 04:00:00+00:00,15790330.922222223
2024-04-02 05:00:00+00:00,13078328.364722222
2024-04-02 06:00:00+00:00,15078998.275277779
2024-04-02 07:00:00+00:00,16268838.70388889
2024-04-02 08:00:00+00:00,17538299.917777777
2024-04-02 09:00:00+00:00,21979610.71722222
2024-04-02 10:00:00+00:00,25008244.33472222
2024-04-02 11:00:00+00:00,22985259.293333333
2024-04-02 12:00:00+00:00,20311482.069444444
2024-04-02 13:00:00+00:00,21115095.48666667
2024-04-02 14:00:00+00:00,14897685.198055556
2024-04-02 15:00:00+00:00,15006680.133611111
2024-04-02 16:00:00+00:00,16132543.831944445
2024-04-02 17:00:00+00:00,18984208.14111111
2024-04-02 18:00:00+00:00,14870688.247777779
2024-04-02 19:00:00+00:00,13938847.606111111
2024-04-02 20:00:00+00:00,14062927.906388888
2024-04-02 21:00:00+00:00,19799732.86222222
2024-04-02 22:00:00+00:00,23565108.558333334
2024-04-02 23:00:00+00:00,22828978.951388888
2024-04-03 00:00:00+00:00,16857257.30638889
2024-04-03 01:00:00+00:00,20603042.491388887
2024-04-03 02:00:00+00:00,18513853.65777778
2024-04-03 03:00:00+00:00,14025230.790277777
2024-04-03 04:00:00+00:00,15640229.866666667
2024-04-03 05:00:00+00:00,16685593.551666666
2024-04-03 06:00:00+00:00,17602891.446944445
2024-04-03 07:00:00+00:00,27404658.881388888
2024-04-03 08:00:00+00:00,32132897.321111113
2024-04-03 09:00:00+00:00,38728268.295277774
2024-04-03 10:00:00+00:00,32355369.343055554
2024-04-03 11:00:00+00:00,17541016.489722222
2024-04-03 12:00:00+00:00,15049117.53611111
2024-04-03 13:00:00+00:00,25799769.365555555
2024-04-03 14:00:00+00:00,25365457.065
2024-04-03 15:00:00+00:00,27048374.398333333
2024-04-03 16:00:00+00:00,23813008.225277778
2024-04-03 17:00:00+00:00,37530514.46027778
2024-04-03 18:00:00+00:00,30174421.504722223
2024-04-03 19:00:00+00:00,30156577.958055556
2024-04-03 20:00:00+00:00,35764379.428055555
2024-04-03 21:00:00+00:00,41394177.03361111
2024-04-03 22:00:00+00:00,32344101.010833334
2024-04-03 23:00:00+00:00,34748475.263055556
2024-04-04 00:00:00+00:00,43859267.916944444
2024-04-04 01:00:00+00:00,47039110.906666666
2024-04-04 02:00:00+00:00,33198163.850277778
2024-04-04 03:00:00+00:00,28477183.190555554
2024-04-04 04:00:00+00:00,25424966.457222223
2024-04-04 05:00:00+00:00,16856041.925555557
2024-04-04 06:00:00+00:00,29472016.30722222
2024-04-04 07:00:00+00:00,26175035.04388889
2024-04-04 08:00:00+00:00,24303443.284722224
2024-04-04 09:00:00+00:00,33485438.11388889
2024-04-04 10:00:00+00:00,35319010.277777776
2024-04-04 11:00:00+00:00,34537086.259444445
2024-04-04 12:00:00+00:00,32857936.610833332
2024-04-04 13:00:00+00:00,37817753.92916667
2024-04-04 14:00:00+00:00,33322587.11027778
2024-04-04 15:00:00+00:00,32810468.345
2024-04-04 16:00:00+00:00,21397350.943888888
2024-04-04 17:00:00+00:00,26570092.169166666
2024-04-04 18:00:00+00:00,23499360.97972222
2024-04-04 19:00:00+00:00,29062893.289722223
2024-04-04 20:00:00+00:00,14998619.274722222
2024-04-04 21:00:00+00:00,24907066.436388887
2024-04-04 22:00:00+00:00,29289173.770833332
2024-04-04 23:00:00+00:00,24364407.34361111
2024-04-05 00:00:00+00:00,33662790.66583333
2024-04-05 01:00:00+00:00,27039512.859444443
2024-04-05 02:00:00+00:00,25860227.319166668
2024-04-05 03:00:00+00:00,22294224.481666666
2024-04-05 04:00:00+00:00,17953591.385
2024-04-05 05:00:00+00:00,17078402.416944444
2024-04-05 06:00:00+00:00,24664647.195
2024-04-05 07:00:00+00:00,33337246.098333333
2024-04-05 08:00:00+00:00,28952626.259444445
2024-04-05 09:00:00+00:00,20682875.36166667
2024-04-05 10:00:00+00:00,30032937.155277777
2024-04-05 11:00:00+00:00,29198536.92138889
2024-04-05 12:00:00+00:00,20562910.531944446
2024-04-05 13:00:00+00:00,16187746.5325
2024-04-05 14:00:00+00:00,19333175.579722222
2024-04-05 15:00:00+00:00,27238238.381944444
2024-04-05 16:00:00+00:00,27247139.383333333
2024-04-05 17:00:00+00:00,32015750.560833335
2024-04-05 18:00:00+00:00,29040153.539444443
2024-04-05 19:00:00+00:00,39801020.36861111
2024-04-05 20:00:00+00:00,35442707.04888889
2024-04-05 21:00:00+00:00,29959470.76611111
2024-04-05 22:00:00+00:00,29214162.2275
2024-04-05 23:00:00+00:00,23340190.33611111
2024-04-06 00:00:00+00:00,35243878.20555556
2024-04-06 01:00:00+00:00,34612655.845
2024-04-06 02:00:00+00:00,30657845.590555556
2024-04-06 03:00:00+00:00,22498471.95888889
2024-04-06 04:00:00+00:00,23669131.645833332
2024-04-06 05:00:00+00:00,25426907.04888889
2024-04-06 06:00:00+00:00,21272572.53111111
2024-04-06 07:00:00+00:00,32464896.641944446
2024-04-06 08:00:00+00:00,28455505.281666666
2024-04-06 09:00:00+00:00,42818897.96388889
2024-04-06 10:00:00+00:00,40751874.5525
2024-04-06 11:00:00+00:00,27850846.813055556
2024-04-06 12:00:00+00:00,34706318.87361111
2024-04-06 13:00:00+00:00,40378245.108333334
2024-04-06 14:00:00+00:00,22353523.8425
2024-04-06 15:00:00+00:00,36985625.579722226
2024-04-06 16:00:00+00:00,31298552.645
2024-04-06 17:00:00+00:00,28783501.64
2024-04-06 18:00:00+00:00,30005512.764166668
2024-04-06 19:00:00+00:00,23797889.911944445
2024-04-06 20:00:00+00:00,31214573.835833333
2024-04-06 21:00:00+00:00,34663524.72055556
2024-04-06 22:00:00+00:00,31823819.29611111
2024-04-06 23:00:00+00:00,23078483.12
2024-04-07 00:00:00+00:00,24053084.577777777
2024-04-07 01:00:00+00:00,27299423.03111111
2024-04-07 02:00:00+00:00,23906384.718055554
2024-04-07 03:00:00+00:00,21708409.85277778
2024-04-07 04:00:00+00:00,17008003.77027778
2024-04-07 05:00:00+00:00,26241913.439166665
2024-04-07 06:00:00+00:00,20502962.670833334
2024-04-07 07:00:00+00:00,19208111.01361111
2024-04-07 08:00:00+00:00,19464661.4325
2024-04-07 09:00:00+00:00,15842344.47888889
2024-04-07 10:00:00+00:00,11798352.099444445
2024-04-07 11:00:00+00:00,11708743.849166667
2024-04-07 12:00:00+00:00,15806498.151944444
2024-04-07 13:00:00+00:00,17656329.424444444
2024-04-07 14:00:00+00:00,21164215.16861111
2024-04-07 15:00:00+00:00,20260556.776388887
2024-04-07 16:00:00+00:00,14979594.317222223
2024-04-07 17:00:00+00:00,20174871.10472222
2024-04-07 18:00:00+00:00,31024941.948333334
2024-04-07 19:00:00+00:00,31371780.539166667
2024-04-07 20:00:00+00:00,18503671.00972222
2024-04-07 21:00:00+00:00,21562409.876111113
2024-04-07 22:00:00+00:00,24030370.526944444
2024-04-07 23:00:00+00:00,29531324.37638889
2024-04-08 00:00:00+00:00,27404342.85638889
2024-04-08 01:00:00+00:00,18982583.409444444
2024-04-08 02:00:00+00:00,14891934.367777778
2024-04-08 03:00:00+00:00,11013431.459722223
2024-04-08 04:00:00+00:00,12074388.07
2024-04-08 05:00:00+00:00,11227503.7775
2024-04-08 06:00:00+00:00,12599864.619166667
2024-04-08 07:00:00+00:00,8628191.724444445
2024-04-08 08:00:00+00:00,11034436.159722222
2024-04-08 09:00:00+00:00,9738405.382222222
2024-04-08 10:00:00+00:00,15820572.007222222
2024-04-08 11:00:00+00:00,8090187.2716666665
2024-04-08 12:00:00+00:00,15068012.01861111
2024-04-08 13:00:00+00:00,7280892.3827777775
2024-04-08 14:00:00+00:00,9130484.682777777
2024-04-08 15:00:00+00:00,6408722.9211111115
2024-04-08 16:00:00+00:00,6313627.471944445
2024-04-08 17:00:00+00:00,5008479.0841666665
2024-04-08 18:00:00+00:00,20362728.315277778
2024-04-08 19:00:00+00:00,14381939.360555556
2024-04-08 20:00:00+00:00,19171451.09222222
2024-04-08 21:00:00+00:00,11365577.264444444
2024-04-08 22:00:00+00:00,9706389.088333333
2024-04-08 23:00:00+00:00,13910111.23138889
2024-04-09 00:00:00+00:00,12015471.049444444
2024-04-09 01:00:00+00:00,10169299.830555556
2024-04-09 02:00:00+00:00,9153159.913888888
2024-04-09 03:00:00+00:00,6917717.816944445
2024-04-09 04:00:00+00:00,10359260.384722222
2024-04-09 05:00:00+00:00,7253049.842777777
2024-04-09 06:00:00+00:00,5246761.309722222
2024-04-09 07:00:00+00:00,10679983.399444444
2024-04-09 08:00:00+00:00,10636841.954444444
2024-04-09 09:00:00+00:00,9875066.706944445
2024-04-09 10:00:00+00:00,8460531.732222222
2024-04-09 11:00:00+00:00,10520123.573333334
2024-04-09 12:00:00+00:00,11320434.654722223
2024-04-09 13:00:00+00:00,15104477.33
2024-04-09 14:00:00+00:00,9621967.2
2024-04-09 15:00:00+00:00,8776355.546944445
2024-04-09 16:00:00+00:00,10888503.700277777
2024-04-09 17:00:00+00:00,11216642.325833334
2024-04-09 18:00:00+00:00,11816334.482777778
2024-04-09 19:00:00+00:00,13590904.095833333
2024-04-09 20:00:00+00:00,7457068.562777778
2024-04-09 21:00:00+00:00,13396983.191944445
2024-04-09 22:00:00+00:00,7869672.347777777
2024-04-09 23:00:00+00:00,15685342.468611112
2024-04-10 00:00:00+00:00,12979527.223055556
2024-04-10 01:00:00+00:00,17515575.968333334
2024-04-10 02:00:00+00:00,13680382.348333333
2024-04-10 03:00:00+00:00,14842781.638333334
2024-04-10 04:00:00+00:00,13210448.95611111
2024-04-10 05:00:00+00:00,16704668.14
2024-04-10 06:00:00+00:00,13831272.382777778
2024-04-10 07:00:00+00:00,11785486.842222223
2024-04-10 08:00:00+00:00,19061859.773333333
2024-04-10 09:00:00+00:00,13619971.266111111
2024-04-10 10:00:00+00:00,22598628.440833334
2024-04-10 11:00:00+00:00,23526797.84
2024-04-10 12:00:00+00:00,26484888.082222223
2024-04-10 13:00:00+00:00,32947482.45916667
2024-04-10 14:00:00+00:00,24239229.4925
2024-04-10 15:00:00+00:00,33866749.656944446
2024-04-10 16:00:00+00:00,22830220.718055554
2024-04-10 17:00:00+00:00,31757500.120555557
2024-04-10 18:00:00+00:00,21442023.7725
2024-04-10 19:00:00+00:00,24387421.7175
2024-04-10 20:00:00+00:00,22836539.0975
2024-04-10 21:00:00+00:00,36347321.3875
2024-04-10 22:00:00+00:00,41533349.81638889
2024-04-10 23:00:00+00:00,34428673.69944444
2024-04-11 00:00:00+00:00,28170363.67472222
2024-04-11 01:00:00+00:00,32671782.58777778
2024-04-11 02:00:00+00:00,34371581.03972222
2024-04-11 03:00:00+00:00,31116448.241388887
2024-04-11 04:00:00+00:00,29262109.860555556
2024-04-11 05:00:00+00:00,32327405.65638889
2024-04-11 06:00:00+00:00,31735123.4025
2024-04-11 07:00:00+00:00,25623191.661111113
2024-04-11 08:00:00+00:00,32736665.104166668
2024-04-11 09:00:00+00:00,30426013.13777778
2024-04-11 10:00:00+00:00,28454127.610833332
2024-04-11 11:00:00+00:00,33619596.428611115
2024-04-11 12:00:00+00:00,42967389.38888889
2024-04-11 13:00:00+00:00,35520129.94138889
2024-04-11 14:00:00+00:00,31702017.48138889
2024-04-11 15:00:00+00:00,27828782.655555554
2024-04-11 16:00:00+00:00,32800499.4225
2024-04-11 17:00:00+00:00,24383762.616944443
2024-04-11 18:00:00+00:00,26390677.465555556
2024-04-11 19:00:00+00:00,31423543.77222222
2024-04-11 20:00:00+00:00,27779338.12361111
2024-04-11 21:00:00+00:00,25144158.972222224
2024-04-11 22:00:00+00:00,34648161.06277778
2024-04-11 23:00:00+00:00,24824131.864722222
2024-04-12 00:00:00+00:00,32395182.70111111
2024-04-12 01:00:00+00:00,29999938.825555556
2024-04-12 02:00:00+00:00,32533761.45083333
2024-04-12 03:00:00+00:00,25131346.323055554
2024-04-12 04:00:00+00:00,28618425.774722222
2024-04-12 05:00:00+00:00,19708781.8275
2024-04-12 06:00:00+00:00,21625997.6325
2024-04-12 07:00:00+00:00,23561566.16722222
2024-04-12 08:00:00+00:00,26934264.86888889
2024-04-12 09:00:00+00:00,28862171.921666667
2024-04-12 10:00:00+00:00,33960466.015
2024-04-12 11:00:00+00:00,38296771.66388889
2024-04-12 12:00:00+00:00,41489150.969166666
2024-04-12 13:00:00+00:00,31985265.028055556
2024-04-12 14:00:00+00:00,31273897.493055556
2024-04-12 15:00:00+00:00,34017468.718055554
2024-04-12 16:00:00+00:00,43003242.54833333
2024-04-12 17:00:00+00:00,39322327.91861111
2024-04-12 18:00:00+00:00,40061568.258888885
2024-04-12 19:00:00+00:00,63959768.77722222
2024-04-12 20:00:00+00:00,80031934.00277779
2024-04-12 21:00:00+00:00,75919629.80972221
2024-04-12 22:00:00+00:00,67269239.11555555
2024-04-12 23:00:00+00:00,88049196.275
2024-04-13 00:00:00+00:00,52071681.62611111
2024-04-13 01:00:00+00:00,89023573.53472222
2024-04-13 02:00:00+00:00,54319222.66166667
2024-04-13 03:00:00+00:00,68547684.28611112
2024-04-13 04:00:00+00:00,48535084.10138889
2024-04-13 05:00:00+00:00,82857556.77388889
2024-04-13 06:00:00+00:00,44847260.18388889
2024-04-13 07:00:00+00:00,48822036.17388889
2024-04-13 08:00:00+00:00,44323983.575833336
2024-04-13 09:00:00+00:00,73241170.6875
2024-04-13 10:00:00+00:00,68736254.89666666
2024-04-13 11:00:00+00:00,90670381.02
2024-04-13 12:00:00+00:00,41180784.266388886
2024-04-13 13:00:00+00:00,42197139.61055555
2024-04-13 14:00:00+00:00,52907878.02972222
2024-04-13 15:00:00+00:00,62280476.51861111
2024-04-13 16:00:00+00:00,46619217.33777778
2024-04-13 17:00:00+00:00,48870465.1425
2024-04-13 18:00:00+00:00,39759156.18027778
2024-04-13 19:00:00+00:00,39047948.88222222
2024-04-13 20:00:00+00:00,43880159.119166665
2024-04-13 21:00:00+00:00,50745341.843333334
2024-04-13 22:00:00+00:00,45944193.38222222
2024-04-13 23:00:00+00:00,62193921.73583333
2024-04-14 00:00:00+00:00,49541537.281388886
2024-04-14 01:00:00+00:00,65768151.990555555
2024-04-14 02:00:00+00:00,59973429.10638889
2024-04-14 03:00:00+00:00,40819045.76611111
2024-04-14 04:00:00+00:00,51312906.81166667
2024-04-14 05:00:00+00:00,34504830.02472222
2024-04-14 06:00:00+00:00,43194185.39277778
2024-04-14 07:00:00+00:00,63367941.73194444
2024-04-14 08:00:00+00:00,51823102.104166664
2024-04-14 09:00:00+00:00,36269300.461944446
2024-04-14 10:00:00+00:00,56699794.545277774
2024-04-14 11:00:00+00:00,43696828.218333334
2024-04-14 12:00:00+00:00,54784019.01
2024-04-14 13:00:00+00:00,33206927.554444443
2024-04-14 14:00:00+00:00,36988151.229722224
2024-04-14 15:00:00+00:00,37112817.37361111
2024-04-14 16:00:00+00:00,38762218.405555554
2024-04-14 17:00:00+00:00,34596325.72861111
2024-04-14 18:00:00+00:00,30769883.973333333
2024-04-14 19:00:00+00:00,44631000.990277775
2024-04-14 20:00:00+00:00,37791852.968888886
2024-04-14 21:00:00+00:00,39603835.365
2024-04-14 22:00:00+00:00,39162446.33361111
2024-04-14 23:00:00+00:00,36676303.40194444
2024-04-15 00:00:00+00:00,45459411.468333334
2024-04-15 01:00:00+00:00,43859926.318055555
2024-04-15 02:00:00+00:00,31026615.298055556
2024-04-15 03:00:00+00:00,22762542.8175
2024-04-15 04:00:00+00:00,21147690.925833333
2024-04-15 05:00:00+00:00,16559974.096111111
2024-04-15 06:00:00+00:00,16977600.181111112
2024-04-15 07:00:00+00:00,14801131.12388889
2024-04-15 08:00:00+00:00,19124700.33277778
2024-04-15 09:00:00+00:00,20101738.999444444
2024-04-15 10:00:00+00:00,19009985.60361111
2024-04-15 11:00:00+00:00,21927124.561388887
2024-04-15 12:00:00+00:00,22064385.447777778
2024-04-15 13:00:00+00:00,21849650.51138889
2024-04-15 14:00:00+00:00,16809160.4975
2024-04-15 15:00:00+00:00,15238673.43861111
2024-04-15 16:00:00+00:00,15362084.125277778
2024-04-15 17:00:00+00:00,21837044.04361111
2024-04-15 18:00:00+00:00,27034390.070555557
2024-04-15 19:00:00+00:00,25795503.29111111
2024-04-15 20:00:00+00:00,34381149.56611111
2024-04-15 21:00:00+00:00,36737794.909444444
2024-04-15 22:00:00+00:00,35298405.95694444
2024-04-15 23:00:00+00:00,36440689.4275
2024-04-16 00:00:00+00:00,34455590.59277778
2024-04-16 01:00:00+00:00,26896908.902777776
2024-04-16 02:00:00+00:00,27533551.61222222
2024-04-16 03:00:00+00:00,18149473.528333332
2024-04-16 04:00:00+00:00,29375534.358333334
2024-04-16 05:00:00+00:00,18389799.77027778
2024-04-16 06:00:00+00:00,23449771.853888888
2024-04-16 07:00:00+00:00,30029282.407222223
2024-04-16 08:00:00+00:00,26620375.58611111
2024-04-16 09:00:00+00:00,26486253.326944444
2024-04-16 10:00:00+00:00,31937342.116944443
2024-04-16 11:00:00+00:00,33670195.0475
2024-04-16 12:00:00+00:00,23014414.604444444
2024-04-16 13:00:00+00:00,33082301.27166667
2024-04-16 14:00:00+00:00,25570993.098333333
2024-04-16 15:00:00+00:00,26398112.36527778
2024-04-16 16:00:00+00:00,34758072.281111114
2024-04-16 17:00:00+00:00,37537806.75111111
2024-04-16 18:00:00+00:00,24825812.324722223
2024-04-16 19:00:00+00:00,29634606.58027778
2024-04-16 20:00:00+00:00,31888936.113055557
2024-04-16 21:00:00+00:00,38036117.445
2024-04-16 22:00:00+00:00,33280556.082222223
2024-04-16 23:00:00+00:00,33677611.19222222
2024-04-17 00:00:00+00:00,32667761.90111111
2024-04-17 01:00:00+00:00,37423074.435277775
2024-04-17 02:00:00+00:00,38518074.37583333
2024-04-17 03:00:00+00:00,22772136.35611111
2024-04-17 04:00:00+00:00,30242029.164166667
2024-04-17 05:00:00+00:00,22255407.62861111
2024-04-17 06:00:00+00:00,17619050.265555557
2024-04-17 07:00:00+00:00,22103853.239444446
2024-04-17 08:00:00+00:00,30223156.517222222
2024-04-17 09:00:00+00:00,36863138.439166665
2024-04-17 10:00:00+00:00,32076298.85333333
2024-04-17 11:00:00+00:00,22016105.1575
2024-04-17 12:00:00+00:00,35670219.38222222
2024-04-17 13:00:00+00:00,27265393.791666668
2024-04-17 14:00:00+00:00,42262079.06166667
2024-04-17 15:00:00+00:00,27041629.32722222
2024-04-17 16:00:00+00:00,31071990.7475
2024-04-17 17:00:00+00:00,25005841.982777778
2024-04-17 18:00:00+00:00,23426913.287777778
2024-04-17 19:00:00+00:00,38892945.53305556
2024-04-17 20:00:00+00:00,30470281.196111113
2024-04-17 21:00:00+00:00,41328716.666944444
2024-04-17 22:00:00+00:00,28937609.659166668
2024-04-17 23:00:00+00:00,36003123.903055556
2024-04-18 00:00:00+00:00,36248864.76583333
2024-04-18 01:00:00+00:00,33719878.270833336
2024-04-18 02:00:00+00:00,21722199.873333335
2024-04-18 03:00:00+00:00,28100727.401666667
2024-04-18 04:00:00+00:00,15274839.355555555
2024-04-18 05:00:00+00:00,26055676.127777778
2024-04-18 06:00:00+00:00,20921999.888055556
2024-04-18 07:00:00+00:00,22263846.329722222
2024-04-18 08:00:00+00:00,22533669.853055555
2024-04-18 09:00:00+00:00,21298903.822777778
2024-04-18 10:00:00+00:00,21178623.695
2024-04-18 11:00:00+00:00,26230741.16138889
2024-04-18 12:00:00+00:00,27404369.069722224
2024-04-18 13:00:00+00:00,18030141.422222223
2024-04-18 14:00:00+00:00,15263709.38
2024-04-18 15:00:00+00:00,26241061.242777776
2024-04-18 16:00:00+00:00,19571011.158888888
2024-04-18 17:00:00+00:00,25737801.408055555
2024-04-18 18:00:00+00:00,36700396.064166665
2024-04-18 19:00:00+00:00,29525694.50222222
2024-04-18 20:00:00+00:00,33444707.1175
2024-04-18 21:00:00+00:00,41815972.593611114
2024-04-18 22:00:00+00:00,45758850.82444444
2024-04-18 23:00:00+00:00,32761710.925555557
2024-04-19 00:00:00+00:00,27234430.87
2024-04-19 01:00:00+00:00,17919427.997222222
2024-04-19 02:00:00+00:00,16399620.637222223
2024-04-19 03:00:00+00:00,14466444.717222223
2024-04-19 04:00:00+00:00,19038142.895555556
2024-04-19 05:00:00+00:00,19097096.94111111
2024-04-19 06:00:00+00:00,12645724.945277778
2024-04-19 07:00:00+00:00,20404995.48388889
2024-04-19 08:00:00+00:00,23911819.20388889
2024-04-19 09:00:00+00:00,29102876.180833332
2024-04-19 10:00:00+00:00,40381782.33972222
2024-04-19 11:00:00+00:00,28808210.672222223
2024-04-19 12:00:00+00:00,37603316.40194444
2024-04-19 13:00:00+00:00,30777427.413333334
2024-04-19 14:00:00+00:00,30444171.096666668
2024-04-19 15:00:00+00:00,25393274.000277776
2024-04-19 16:00:00+00:00,27364229.75611111
2024-04-19 17:00:00+00:00,33495706.809166666
2024-04-19 18:00:00+00:00,28818524.23111111
2024-04-19 19:00:00+00:00,37505233.939444445
2024-04-19 20:00:00+00:00,35933655.26
2024-04-19 21:00:00+00:00,40795806.369722225
2024-04-19 22:00:00+00:00,52975897.97
2024-04-19 23:00:00+00:00,34153579.52888889
2024-04-20 00:00:00+00:00,30478286.240833335
2024-04-20 01:00:00+00:00,33040196.13027778
2024-04-20 02:00:00+00:00,33458446.737777777
2024-04-20 03:00:00+00:00,27029427.557777777
2024-04-20 04:00:00+00:00,35437889.94555555
2024-04-20 05:00:00+00:00,19601489.543333333
2024-04-20 06:00:00+00:00,33051764.4525
2024-04-20 07:00:00+00:00,31120307.140555557
2024-04-20 08:00:00+00:00,53196271.46388889
2024-04-20 09:00:00+00:00,47593232.89777778
2024-04-20 10:00:00+00:00,32511352.569166668
2024-04-20 11:00:00+00:00,21877029.59527778
2024-04-20 12:00:00+00:00,30627833.531944446
2024-04-20 13:00:00+00:00,29923533.093055554
2024-04-20 14:00:00+00:00,25203121.195833333
2024-04-20 15:00:00+00:00,20221195.168333333
2024-04-20 16:00:00+00:00,27726603.73666667
2024-04-20 17:00:00+00:00,28053000.091111112
2024-04-20 18:00:00+00:00,24303985.2225
2024-04-20 19:00:00+00:00,20737986.7525
2024-04-20 20:00:00+00:00,31785447.14638889
2024-04-20 21:00:00+00:00,25716840.11972222
2024-04-20 22:00:00+00:00,18736211.76472222
2024-04-20 23:00:00+00:00,20967555.813333333
2024-04-21 00:00:00+00:00,14626490.479166666
2024-04-21 01:00:00+00:00,29572575.173611112
2024-04-21 02:00:00+00:00,28957147.67
2024-04-21 03:00:00+00:00,30512322.22
2024-04-21 04:00:00+00:00,25709230.01111111
2024-04-21 05:00:00+00:00,16200753.754722223
2024-04-21 06:00:00+00:00,29023937.46138889
2024-04-21 07:00:00+00:00,23464114.134444445
2024-04-21 08:00:00+00:00,26655850.081666667
2024-04-21 09:00:00+00:00,32420389.340833332
2024-04-21 10:00:00+00:00,35370956.33833333
2024-04-21 11:00:00+00:00,28827186.158333335
2024-04-21 12:00:00+00:00,36277226.310555555
2024-04-21 13:00:00+00:00,25398831.209444445
2024-04-21 14:00:00+00:00,25062130.035555556
2024-04-21 15:00:00+00:00,22095884.61166667
2024-04-21 16:00:00+00:00,26474625.60722222
2024-04-21 17:00:00+00:00,28027718.691666666
2024-04-21 18:00:00+00:00,26443011.550833333
2024-04-21 19:00:00+00:00,29462507.9125
2024-04-21 20:00:00+00:00,33143736.489444446
2024-04-21 21:00:00+00:00,35361139.13638889
2024-04-21 22:00:00+00:00,30973557.495555557
2024-04-21 23:00:00+00:00,35111237.50277778
2024-04-22 00:00:00+00:00,41160539.564722225
2024-04-22 01:00:00+00:00,35358919.59583333
2024-04-22 02:00:00+00:00,47130451.13916667
2024-04-22 03:00:00+00:00,27930149.763888888
2024-04-22 04:00:00+00:00,28663522.133055557
2024-04-22 05:00:00+00:00,21072969.691666666
2024-04-22 06:00:00+00:00,23266257.107777778
2024-04-22 07:00:00+00:00,26500732.165
2024-04-22 08:00:00+00:00,23174037.92111111
2024-04-22 09:00:00+00:00,32647016.579722222
2024-04-22 10:00:00+00:00,25983180.339444444
2024-04-22 11:00:00+00:00,35745470.52944444
2024-04-22 12:00:00+00:00,72422618.35916667
2024-04-22 13:00:00+00:00,52321774.73611111
2024-04-22 14:00:00+00:00,39914850.2475
2024-04-22 15:00:00+00:00,30878520.243055556
2024-04-22 16:00:00+00:00,36782546.51055556
2024-04-22 17:00:00+00:00,42337789.44027778
2024-04-22 18:00:00+00:00,38551640.34777778
2024-04-22 19:00:00+00:00,53918616.18861111
2024-04-22 20:00:00+00:00,56888240.92888889
2024-04-22 21:00:00+00:00,70894089.33388889
2024-04-22 22:00:00+00:00,57441095.888333336
2024-04-22 23:00:00+00:00,51345911.975
2024-04-23 00:00:00+00:00,42960944.274166666
2024-04-23 01:00:00+00:00,35847992.722222224
2024-04-23 02:00:00+00:00,45044875.83444444
2024-04-23 03:00:00+00:00,26839267.846388888
2024-04-23 04:00:00+00:00,37376446.85694444
2024-04-23 05:00:00+00:00,35383163.50111111
2024-04-23 06:00:00+00:00,21634127.72638889
2024-04-23 07:00:00+00:00,21681843.847777776
2024-04-23 08:00:00+00:00,22460057.614722222
2024-04-23 09:00:00+00:00,42384708.740277775
2024-04-23 10:00:00+00:00,35656945.71111111
2024-04-23 11:00:00+00:00,45150125.07055555
2024-04-23 12:00:00+00:00,39800718.528055556
2024-04-23 13:00:00+00:00,49649251.28666667
2024-04-23 14:00:00+00:00,41249993.26083333
2024-04-23 15:00:00+00:00,28776818.883055557
2024-04-23 16:00:00+00:00,47699668.913055554
2024-04-23 17:00:00+00:00,37331226.01833333
2024-04-23 18:00:00+00:00,29446243.729166668
2024-04-23 19:00:00+00:00,45741323.98
2024-04-23 20:00:00+00:00,21688004.418055557
2024-04-23 21:00:00+00:00,23747711.337222222
2024-04-23 22:00:00+00:00,33000622.526944444
2024-04-23 23:00:00+00:00,61796024.346666664
2024-04-24 00:00:00+00:00,51383899.55083334
2024-04-24 01:00:00+00:00,65416155.29694445
2024-04-24 02:00:00+00:00,32791522.074166667
2024-04-24 03:00:00+00:00,38612659.453888886
2024-04-24 04:00:00+00:00,24709727.458611112
2024-04-24 05:00:00+00:00,16192772.792777779
2024-04-24 06:00:00+00:00,36233199.969166666
2024-04-24 07:00:00+00:00,34451337.409722224
2024-04-24 08:00:00+00:00,33405682.60861111
2024-04-24 09:00:00+00:00,64946070.200555556
2024-04-24 10:00:00+00:00,26845717.690833334
2024-04-24 11:00:00+00:00,16349031.148055555
2024-04-24 12:00:00+00:00,20091287.555833332
2024-04-24 13:00:00+00:00,21191907.63472222
2024-04-24 14:00:00+00:00,27023104.058055557
2024-04-24 15:00:00+00:00,24976005.565555554
2024-04-24 16:00:00+00:00,51634583.39666667
2024-04-24 17:00:00+00:00,31585832.311666667
2024-04-24 18:00:00+00:00,46564251.740833335
2024-04-24 19:00:00+00:00,43488015.751666665
2024-04-24 20:00:00+00:00,66382647.68027778
2024-04-24 21:00:00+00:00,52354008.23416667
2024-04-24 22:00:00+00:00,56698093.195
2024-04-24 23:00:00+00:00,60723458.079166666
2024-04-25 00:00:00+00:00,60241317.083333336
2024-04-25 01:00:00+00:00,81062865.59444444
2024-04-25 02:00:00+00:00,38909754.30444445
2024-04-25 03:00:00+00:00,40779496.94083333
2024-04-25 04:00:00+00:00,37362352.78888889
2024-04-25 05:00:00+00:00,50658825.48472222
2024-04-25 06:00:00+00:00,46174817.35916667
2024-04-25 07:00:00+00:00,40804885.11055555
2024-04-25 08:00:00+00:00,51868587.96472222
2024-04-25 09:00:00+00:00,53410353.236666664
2024-04-25 10:00:00+00:00,57843964.913333334
2024-04-25 11:00:00+00:00,54691313.972222224
2024-04-25 12:00:00+00:00,46398767.4375
2024-04-25 13:00:00+00:00,51578253.78583334
2024-04-25 14:00:00+00:00,51047605.11722222
2024-04-25 15:00:00+00:00,19008761.79611111
2024-04-25 16:00:00+00:00,19261436.39111111
2024-04-25 17:00:00+00:00,19946089.237777777
2024-04-25 18:00:00+00:00,19846075.05888889
2024-04-25 19:00:00+00:00,24262594.765833333
2024-04-25 20:00:00+00:00,20677335.55666667
2024-04-25 21:00:00+00:00,36732173.08805556
2024-04-25 22:00:00+00:00,26267184.06861111
2024-04-25 23:00:00+00:00,31915272.23861111
2024-04-26 00:00:00+00:00,27171882.224444445
2024-04-26 01:00:00+00:00,36564485.38138889
2024-04-26 02:00:00+00:00,16567146.471111111
2024-04-26 03:00:00+00:00,15278343.769444445
2024-04-26 04:00:00+00:00,19651242.207222223
2024-04-26 05:00:00+00:00,15516438.531111112
2024-04-26 06:00:00+00:00,17788839.548055556
2024-04-26 07:00:00+00:00,19423287.392222222
2024-04-26 08:00:00+00:00,17121453.23888889
2024-04-26 09:00:00+00:00,16852031.142222222
2024-04-26 10:00:00+00:00,30332367.019722223
2024-04-26 11:00:00+00:00,21057262.905277777
2024-04-26 12:00:00+00:00,14584336.460833333
2024-04-26 13:00:00+00:00,18525120.316666666
2024-04-26 14:00:00+00:00,37239076.17166667
2024-04-26 15:00:00+00:00,20039130.074166667
2024-04-26 16:00:00+00:00,15046252.602777777
2024-04-26 17:00:00+00:00,29932673.936388887
2024-04-26 18:00:00+00:00,15912278.856666667
2024-04-26 19:00:00+00:00,28214661.796944443
2024-04-26 20:00:00+00:00,21529574.688333333
2024-04-26 21:00:00+00:00,31437702.551944446
2024-04-26 22:00:00+00:00,19825750.175
2024-04-26 23:00:00+00:00,17979521.161111113
2024-04-27 00:00:00+00:00,16968966.884444445
2024-04-27 01:00:00+00:00,23683386.666944444
2024-04-27 02:00:00+00:00,19197356.059444446
2024-04-27 03:00:00+00:00,10630548.980833333
2024-04-27 04:00:00+00:00,19100125.77388889
2024-04-27 05:00:00+00:00,32066078.80111111
2024-04-27 06:00:00+00:00,21708537.3975
2024-04-27 07:00:00+00:00,32816477.091111112
2024-04-27 08:00:00+00:00,26519624.784444444
2024-04-27 09:00:00+00:00,26418608.238333333
2024-04-27 10:00:00+00:00,37884855.36861111
2024-04-27 11:00:00+00:00,45169010.44361111
2024-04-27 12:00:00+00:00,32372511.881666668
2024-04-27 13:00:00+00:00,51744495.627222225
2024-04-27 14:00:00+00:00,57257031.66388889
2024-04-27 15:00:00+00:00,49999934.92222222
2024-04-27 16:00:00+00:00,56131600.303611115
2024-04-27 17:00:00+00:00,42763303.43416667
2024-04-27 18:00:00+00:00,44730097.56638889
2024-04-27 19:00:00+00:00,45091811.55527778
2024-04-27 20:00:00+00:00,37353004.50277778
2024-04-27 21:00:00+00:00,44115791.51472222
2024-04-27 22:00:00+00:00,33008996.054444443
2024-04-27 23:00:00+00:00,33465978.44638889
2024-04-28 00:00:00+00:00,32793568.972222224
2024-04-28 01:00:00+00:00,25189453.478055555
2024-04-28 02:00:00+00:00,21898420.375833333
2024-04-28 03:00:00+00:00,40721860.851111114
2024-04-28 04:00:00+00:00,26544407.08638889
2024-04-28 05:00:00+00:00,38046025.26388889
2024-04-28 06:00:00+00:00,25074793.82611111
2024-04-28 07:00:00+00:00,38063965.715833336
2024-04-28 08:00:00+00:00,30215870.060833335
2024-04-28 09:00:00+00:00,45006484.8475
2024-04-28 10:00:00+00:00,36853798.075
2024-04-28 11:00:00+00:00,36091957.39861111
2024-04-28 12:00:00+00:00,30646924.466111112
2024-04-28 13:00:00+00:00,21991265.743055556
2024-04-28 14:00:00+00:00,21691009.579722222
2024-04-28 15:00:00+00:00,32752691.41222222
2024-04-28 16:00:00+00:00,26695630.035
2024-04-28 17:00:00+00:00,41890790.736666664
2024-04-28 18:00:00+00:00,38719823.50694445
2024-04-28 19:00:00+00:00,28338195.278333332
2024-04-28 20:00:00+00:00,29987613.38027778
2024-04-28 21:00:00+00:00,42873787.76888889
2024-04-28 22:00:00+00:00,36896899.524166666
2024-04-28 23:00:00+00:00,41658554.29861111
2024-04-29 00:00:00+00:00,34070160.015
2024-04-29 01:00:00+00:00,31426412.663333334
2024-04-29 02:00:00+00:00,26625696.694444444
2024-04-29 03:00:00+00:00,11282715.436666667
2024-04-29 04:00:00+00:00,11248546.251666667
2024-04-29 05:00:00+00:00,15441071.722222222
2024-04-29 06:00:00+00:00,27173877.961944446
2024-04-29 07:00:00+00:00,22999224.24027778
2024-04-29 08:00:00+00:00,18513349.125
2024-04-29 09:00:00+00:00,18363942.7325
2024-04-29 10:00:00+00:00,27790166.502777778
2024-04-29 11:00:00+00:00,17981069.91138889
2024-04-29 12:00:00+00:00,27969140.813055556
2024-04-29 13:00:00+00:00,21458085.868611112
2024-04-29 14:00:00+00:00,27867774.230277777
2024-04-29 15:00:00+00:00,21483540.243611112
2024-04-29 16:00:00+00:00,34365223.08111111
2024-04-29 17:00:00+00:00,11219130.708055556
2024-04-29 18:00:00+00:00,29079758.09888889
2024-04-29 19:00:00+00:00,19621745.935
2024-04-29 20:00:00+00:00,27791907.54
2024-04-29 21:00:00+00:00,42805351.557222225
2024-04-29 22:00:00+00:00,22078330.83277778
2024-04-29 23:00:00+00:00,35998441.741111115
2024-04-30 00:00:00+00:00,30978316.706666667
2024-04-30 01:00:00+00:00,18252293.726944443
2024-04-30 02:00:00+00:00,25201836.228055555
2024-04-30 03:00:00+00:00,17559576.04111111
2024-04-30 04:00:00+00:00,23397831.989166666
2024-04-30 05:00:00+00:00,16941657.51138889
2024-04-30 06:00:00+00:00,17361789.45888889
2024-04-30 07:00:00+00:00,20024794.750833333
2024-04-30 08:00:00+00:00,15505497.150833333
2024-04-30 09:00:00+00:00,15904494.411944445
2024-04-30 10:00:00+00:00,18522077.079722222
2024-04-30 11:00:00+00:00,11436567.75638889
2024-04-30 12:00:00+00:00,18520309.303888887
2024-04-30 13:00:00+00:00,14044556.9075
2024-04-30 14:00:00+00:00,22606424.257222224
2024-04-30 15:00:00+00:00,21271440.907222223
2024-04-30 16:00:00+00:00,15051957.711111112
2024-04-30 17:00:00+00:00,5128987.943055555
2024-04-30 18:00:00+00:00,18561382.43222222
2024-04-30 19:00:00+00:00,20450042.031666666
2024-04-30 20:00:00+00:00,11952223.050833333
2024-04-30 21:00:00+00:00,6352724.030555556
2024-04-30 22:00:00+00:00,20432363.902222224
2024-04-30 23:00:00+00:00,25529614.445
2024-05-01 00:00:00+00:00,21798370.03888889
2024-05-01 01:00:00+00:00,9637186.936666667
2024-05-01 02:00:00+00:00,12670454.98
2024-05-01 03:00:00+00:00,7432255.093333334
2024-05-01 04:00:00+00:00,12378343.440833334
2024-05-01 05:00:00+00:00,8812813.55361111
2024-05-01 06:00:00+00:00,15325104.377222221
2024-05-01 07:00:00+00:00,17213740.220555555
2024-05-01 08:00:00+00:00,16871248.588055555
2024-05-01 09:00:00+00:00,21930435.388888888
2024-05-01 10:00:00+00:00,16784130.67638889
2024-05-01 11:00:00+00:00,9220251.266111111
2024-05-01 12:00:00+00:00,9132829.764166666
2024-05-01 13:00:00+00:00,8360375.117777778
2024-05-01 14:00:00+00:00,12955116.056388889
2024-05-01 15:00:00+00:00,10258331.621944444
2024-05-01 16:00:00+00:00,12922564.6775
2024-05-01 17:00:00+00:00,10324799.892777778
2024-05-01 18:00:00+00:00,11416533.213611111
2024-05-01 19:00:00+00:00,9530517.540555555
2024-05-01 20:00:00+00:00,8726027.654444445
2024-05-01 21:00:00+00:00,10125318.448333334
2024-05-01 22:00:00+00:00,14851335.643055556
2024-05-01 23:00:00+00:00,21430234.699444443
2024-05-02 00:00:00+00:00,17841720.909166668
2024-05-02 01:00:00+00:00,13700969.653333334
2024-05-02 02:00:00+00:00,13056959.956944445
2024-05-02 03:00:00+00:00,13971497.475277778
2024-05-02 04:00:00+00:00,7558501.288333333
2024-05-02 05:00:00+00:00,13869408.31888889
2024-05-02 06:00:00+00:00,14005948.909166666
2024-05-02 07:00:00+00:00,28615801.971666668
2024-05-02 08:00:00+00:00,13860068.051111111
2024-05-02 09:00:00+00:00,16793334.230277777
2024-05-02 10:00:00+00:00,29500117.727222223
2024-05-02 11:00:00+00:00,24941010.56777778
2024-05-02 12:00:00+00:00,21351309.08
2024-05-02 13:00:00+00:00,17586681.562777776
2024-05-02 14:00:00+00:00,27912334.92416667
2024-05-02 15:00:00+00:00,25561077.125833333
2024-05-02 16:00:00+00:00,28754110.920833334
2024-05-02 17:00:00+00:00,13406406.975833334
2024-05-02 18:00:00+00:00,19454667.439166665
2024-05-02 19:00:00+00:00,7043451.094444444
2024-05-02 20:00:00+00:00,24513902.045555554
2024-05-02 21:00:00+00:00,35692166.03666667
2024-05-02 22:00:00+00:00,16417407.074722223
2024-05-02 23:00:00+00:00,16788088.29
2024-05-03 00:00:00+00:00,31779497.809444446
2024-05-03 01:00:00+00:00,21549235.725555554
2024-05-03 02:00:00+00:00,18437614.09888889
2024-05-03 03:00:00+00:00,15478874.09638889
2024-05-03 04:00:00+00:00,20165136.867222223
2024-05-03 05:00:00+00:00,11952981.949444445
2024-05-03 06:00:00+00:00,29286821.6575
2024-05-03 07:00:00+00:00,32526657.383611113
2024-05-03 08:00:00+00:00,31039718.655555554
2024-05-03 09:00:00+00:00,46615624.55861111
2024-05-03 10:00:00+00:00,36694594.41194444
2024-05-03 11:00:00+00:00,27389673.374166667
2024-05-03 12:00:00+00:00,37580645.47666667
2024-05-03 13:00:00+00:00,43381543.71277778
2024-05-03 14:00:00+00:00,41174697.97833333
2024-05-03 15:00:00+00:00,51536314.04777778
2024-05-03 16:00:00+00:00,49244847.600833334
2024-05-03 17:00:00+00:00,45486088.255555555
2024-05-03 18:00:00+00:00,43807211.01777778
2024-05-03 19:00:00+00:00,54304749.62916667
2024-05-03 20:00:00+00:00,57196237.0775
2024-05-03 21:00:00+00:00,51065362.107777774
2024-05-03 22:00:00+00:00,45885230.51916666
2024-05-03 23:00:00+00:00,48931887.11805555
2024-05-04 00:00:00+00:00,51131507.218611114
2024-05-04 01:00:00+00:00,45374609.47694445
2024-05-04 02:00:00+00:00,51227309.766944446
2024-05-04 03:00:00+00:00,38589316.62972222
2024-05-04 04:00:00+00:00,36862110.105
2024-05-04 05:00:00+00:00,38467797.16555556
2024-05-04 06:00:00+00:00,35705694.72722222
2024-05-04 07:00:00+00:00,34915790.542222224
2024-05-04 08:00:00+00:00,28106268.23138889
2024-05-04 09:00:00+00:00,44363602.83861111
2024-05-04 10:00:00+00:00,37054030.575555556
2024-05-04 11:00:00+00:00,26848600.3475
2024-05-04 12:00:00+00:00,31041388.600277778
2024-05-04 13:00:00+00:00,24761642.896111112
2024-05-04 14:00:00+00:00,31697964.52361111
2024-05-04 15:00:00+00:00,18948488.187222224
2024-05-04 16:00:00+00:00,18485730.111944444
2024-05-04 17:00:00+00:00,14820193.718611112
2024-05-04 18:00:00+00:00,24737532.286944445
2024-05-04 19:00:00+00:00,26716744.721388888
2024-05-04 20:00:00+00:00,35910963.174166664
2024-05-04 21:00:00+00:00,24531101.4775
2024-05-04 22:00:00+00:00,19748845.068888888
2024-05-04 23:00:00+00:00,25267507.826388888
2024-05-05 00:00:00+00:00,26469025.281944446
2024-05-05 01:00:00+00:00,29399429.46722222
2024-05-05 02:00:00+00:00,21353760.454166666
2024-05-05 03:00:00+00:00,28970098.495
2024-05-05 04:00:00+00:00,19809438.120277777
2024-05-05 05:00:00+00:00,35226133.36888889
2024-05-05 06:00:00+00:00,24001897.93361111
2024-05-05 07:00:00+00:00,28955541.2425
2024-05-05 08:00:00+00:00,43043205.575
2024-05-05 09:00:00+00:00,36941306.66138889
2024-05-05 10:00:00+00:00,35092488.48527778
2024-05-05 11:00:00+00:00,41625024.94944444
2024-05-05 12:00:00+00:00,33529619.954444446
2024-05-05 13:00:00+00:00,20549280.065
2024-05-05 14:00:00+00:00,20907909.419444446
2024-05-05 15:00:00+00:00,38409757.84527778
2024-05-05 16:00:00+00:00,36754932.696388885
2024-05-05 17:00:00+00:00,11101125.792222222
2024-05-05 18:00:00+00:00,29147453.824444443
2024-05-05 19:00:00+00:00,22934187.753333334
2024-05-05 20:00:00+00:00,29178472.8675
2024-05-05 21:00:00+00:00,50253774.30111111
2024-05-05 22:00:00+00:00,28823124.067222223
2024-05-05 23:00:00+00:00,23633221.59527778
2024-05-06 00:00:00+00:00,30385322.25222222
2024-05-06 01:00:00+00:00,36676313.883888885
2024-05-06 02:00:00+00:00,31082331.655
2024-05-06 03:00:00+00:00,17291620.328055557
2024-05-06 04:00:00+00:00,35279840.68638889
2024-05-06 05:00:00+00:00,24910348.668055557
2024-05-06 06:00:00+00:00,30107720.8675
2024-05-06 07:00:00+00:00,21812264.725
2024-05-06 08:00:00+00:00,24834880.163055554
2024-05-06 09:00:00+00:00,25763698.458611112
2024-05-06 10:00:00+00:00,26288035.8975
2024-05-06 11:00:00+00:00,21091137.773333333
2024-05-06 12:00:00+00:00,20911781.919444446
2024-05-06 13:00:00+00:00,23429839.30277778
2024-05-06 14:00:00+00:00,10091445.521666666
2024-05-06 15:00:00+00:00,13270126.252777778
2024-05-06 16:00:00+00:00,29550122.955555554
2024-05-06 17:00:00+00:00,11655308.398055555
2024-05-06 18:00:00+00:00,16805626.681944445
2024-05-06 19:00:00+00:00,7842334.815555556
2024-05-06 20:00:00+00:00,31032570.51888889
2024-05-06 21:00:00+00:00,10892227.047222223
2024-05-06 22:00:00+00:00,8677646.845555555
2024-05-06 23:00:00+00:00,16019501.025
2024-05-07 00:00:00+00:00,14866382.71611111
2024-05-07 01:00:00+00:00,32180539.881388888
2024-05-07 02:00:00+00:00,27814564.42277778
2024-05-07 03:00:00+00:00,10716630.189444445
2024-05-07 04:00:00+00:00,13219206.548055556
2024-05-07 05:00:00+00:00,11758170.02861111
2024-05-07 06:00:00+00:00,13627689.051666666
2024-05-07 07:00:00+00:00,26438802.6125
2024-05-07 08:00:00+00:00,30468548.192222223
2024-05-07 09:00:00+00:00,21457790.41583333
2024-05-07 10:00:00+00:00,25258098.875555556
2024-05-07 11:00:00+00:00,15628078.356666667
2024-05-07 12:00:00+00:00,21989216.853055555
2024-05-07 13:00:00+00:00,27851663.6125
2024-05-07 14:00:00+00:00,22121348.72388889
2024-05-07 15:00:00+00:00,26511587.776666667
2024-05-07 16:00:00+00:00,15843156.59638889
2024-05-07 17:00:00+00:00,14807471.205277778
2024-05-07 18:00:00+00:00,16636881.152777778
2024-05-07 19:00:00+00:00,38026277.913611114
2024-05-07 20:00:00+00:00,32589428.173055556
2024-05-07 21:00:00+00:00,32043167.083333332
2024-05-07 22:00:00+00:00,33862039.62388889
2024-05-07 23:00:00+00:00,38286697.45944444
2024-05-08 00:00:00+00:00,37164314.905
2024-05-08 01:00:00+00:00,36662992.40194444
2024-05-08 02:00:00+00:00,40968012.06888889
2024-05-08 03:00:00+00:00,37663944.79138889
2024-05-08 04:00:00+00:00,35275579.59583333
2024-05-08 05:00:00+00:00,36248925.77277778
2024-05-08 06:00:00+00:00,32349605.523055557
2024-05-08 07:00:00+00:00,29737412.5025
2024-05-08 08:00:00+00:00,32775208.300277777
2024-05-08 09:00:00+00:00,28933356.729166668
2024-05-08 10:00:00+00:00,31563792.659166668
2024-05-08 11:00:00+00:00,27204331.66888889
2024-05-08 12:00:00+00:00,25001026.91888889
2024-05-08 13:00:00+00:00,31602071.721666668
2024-05-08 14:00:00+00:00,19014487.166666668
2024-05-08 15:00:00+00:00,19713848.24861111
2024-05-08 16:00:00+00:00,41184896.94083333
2024-05-08 17:00:00+00:00,19058562.6725
2024-05-08 18:00:00+00:00,21718416.610833332
2024-05-08 19:00:00+00:00,28643163.39638889
2024-05-08 20:00:00+00:00,24869582.461944446
2024-05-08 21:00:00+00:00,35782142.708333336
2024-05-08 22:00:00+00:00,31436095.05
2024-05-08 23:00:00+00:00,22056076.46638889
2024-05-09 00:00:00+00:00,25067941.454444446
2024-05-09 01:00:00+00:00,23870021.335277777
2024-05-09 02:00:00+00:00,27700032.664444443
2024-05-09 03:00:00+00:00,16472591.47888889
2024-05-09 04:00:00+00:00,24367162.898055557
2024-05-09 05:00:00+00:00,16713057.725555556
2024-05-09 06:00:00+00:00,12091549.881666666
2024-05-09 07:00:00+00:00,20914019.02361111
2024-05-09 08:00:00+00:00,11941279.216666667
2024-05-09 09:00:00+00:00,24408005.62111111
2024-05-09 10:00:00+00:00,30816839.821666665
2024-05-09 11:00:00+00:00,33337572.551944446
2024-05-09 12:00:00+00:00,46697331.88611111
2024-05-09 13:00:00+00:00,29350336.64666667
2024-05-09 14:00:00+00:00,36432529.403055556
2024-05-09 15:00:00+00:00,34558021.2775
2024-05-09 16:00:00+00:00,23179130.795555554
2024-05-09 17:00:00+00:00,18413940.01861111
2024-05-09 18:00:00+00:00,24277084.68361111
2024-05-09 19:00:00+00:00,35779024.97833333
2024-05-09 20:00:00+00:00,35245152.895
2024-05-09 21:00:00+00:00,34063373.07472222
2024-05-09 22:00:00+00:00,35258558.01361111
2024-05-09 23:00:00+00:00,30882093.0375
2024-05-10 00:00:00+00:00,44698502.645
2024-05-10 01:00:00+00:00,52254896.84166667
2024-05-10 02:00:00+00:00,24857672.414444443
2024-05-10 03:00:00+00:00,21128540.191944443
2024-05-10 04:00:00+00:00,21338295.722777776
2024-05-10 05:00:00+00:00,38645418.58888889
2024-05-10 06:00:00+00:00,27379034.745277777
2024-05-10 07:00:00+00:00,44295100.670277774
2024-05-10 08:00:00+00:00,27099502.14666667
2024-05-10 09:00:00+00:00,51736903.09277778
2024-05-10 10:00:00+00:00,39446086.281111114
2024-05-10 11:00:00+00:00,25844948.485555556
2024-05-10 12:00:00+00:00,37045354.89722222
2024-05-10 13:00:00+00:00,32488887.54083333
2024-05-10 14:00:00+00:00,71853418.9213889
2024-05-10 15:00:00+00:00,53158256.00305556
2024-05-10 16:00:00+00:00,14806575.5475
2024-05-10 17:00:00+00:00,26326320.707222223
2024-05-10 18:00:00+00:00,43294238.465
2024-05-10 19:00:00+00:00,38342512.79027778
2024-05-10 20:00:00+00:00,19117475.343055554
2024-05-10 21:00:00+00:00,58717582.03944445
2024-05-10 22:00:00+00:00,38231796.931666665
2024-05-10 23:00:00+00:00,28363021.371944446
2024-05-11 00:00:00+00:00,35374141.38333333
2024-05-11 01:00:00+00:00,26746528.710555557
2024-05-11 02:00:00+00:00,9479201.33638889
2024-05-11 03:00:00+00:00,26381459.104166668
2024-05-11 04:00:00+00:00,24327542.173055556
2024-05-11 05:00:00+00:00,32003013.52527778
2024-05-11 06:00:00+00:00,18726446.158333335
2024-05-11 07:00:00+00:00,18829311.79777778
2024-05-11 08:00:00+00:00,11575078.201388888
2024-05-11 09:00:00+00:00,28129622.6025
2024-05-11 10:00:00+00:00,19018541.158888888
2024-05-11 11:00:00+00:00,24757029.128333334
2024-05-11 12:00:00+00:00,19459727.708055556
2024-05-11 13:00:00+00:00,17655089.428333335
2024-05-11 14:00:00+00:00,13912098.977222223
2024-05-11 15:00:00+00:00,16601211.976944445
2024-05-11 16:00:00+00:00,16188887.6275
2024-05-11 17:00:00+00:00,13467010.465833334
2024-05-11 18:00:00+00:00,26893960.199722223
2024-05-11 19:00:00+00:00,23573937.055277776
2024-05-11 20:00:00+00:00,26364058.54
2024-05-11 21:00:00+00:00,19149784.891666666
2024-05-11 22:00:00+00:00,18883538.97
2024-05-11 23:00:00+00:00,9137729.3725
2024-05-12 00:00:00+00:00,23027147.84361111
2024-05-12 01:00:00+00:00,22217330.778333332
2024-05-12 02:00:00+00:00,10273249.355833333
2024-05-12 03:00:00+00:00,17686199.861111112
2024-05-12 04:00:00+00:00,14103215.8975
2024-05-12 05:00:00+00:00,22133202.1
2024-05-12 06:00:00+00:00,19437901.728055555
2024-05-12 07:00:00+00:00,12539283.700555556
2024-05-12 08:00:00+00:00,20975011.03277778
2024-05-12 09:00:00+00:00,20118199.87861111
2024-05-12 10:00:00+00:00,19206835.64361111
2024-05-12 11:00:00+00:00,21590346.341111112
2024-05-12 12:00:00+00:00,26517142.791944444
2024-05-12 13:00:00+00:00,9546889.074722223
2024-05-12 14:00:00+00:00,15765581.459166666
2024-05-12 15:00:00+00:00,14675169.148333333
2024-05-12 16:00:00+00:00,19073173.0025
2024-05-12 17:00:00+00:00,17014120.906666666
2024-05-12 18:00:00+00:00,15350162.738333333
2024-05-12 19:00:00+00:00,14125450.204722222
2024-05-12 20:00:00+00:00,14697550.22138889
2024-05-12 21:00:00+00:00,22971632.024722222
2024-05-12 22:00:00+00:00,16087415.08
2024-05-12 23:00:00+00:00,22154045.95
2024-05-13 00:00:00+00:00,19964771.673611112
2024-05-13 01:00:00+00:00,22023050.495
2024-05-13 02:00:00+00:00,21008890.79
2024-05-13 03:00:00+00:00,14052810.64611111
2024-05-13 04:00:00+00:00,16168102.7575
2024-05-13 05:00:00+00:00,16390280.9075
2024-05-13 06:00:00+00:00,17850552.940277778
2024-05-13 07:00:00+00:00,20230066.381944444
2024-05-13 08:00:00+00:00,18428051.153333332
2024-05-13 09:00:00+00:00,17858765.652777776
2024-05-13 10:00:00+00:00,24681713.541944444
2024-05-13 11:00:00+00:00,27806202.501111113
2024-05-13 12:00:00+00:00,21045873.45111111
2024-05-13 13:00:00+00:00,29814600.35611111
2024-05-13 14:00:00+00:00,23788029.81777778
2024-05-13 15:00:00+00:00,23428689.151388887
2024-05-13 16:00:00+00:00,19132886.81472222
2024-05-13 17:00:00+00:00,20798135.57527778
2024-05-13 18:00:00+00:00,18005634.648333333
2024-05-13 19:00:00+00:00,31831162.12111111
2024-05-13 20:00:00+00:00,38269505.16833334
2024-05-13 21:00:00+00:00,31915539.750277776
2024-05-13 22:00:00+00:00,23050882.43888889
2024-05-13 23:00:00+00:00,36300658.02305555
2024-05-14 00:00:00+00:00,34818511.78722222
2024-05-14 01:00:00+00:00,25531005.651944444
2024-05-14 02:00:00+00:00,18717785.09388889
2024-05-14 03:00:00+00:00,21776159.632777777
2024-05-14 04:00:00+00:00,27073214.980277777
2024-05-14 05:00:00+00:00,23686898.44333333
2024-05-14 06:00:00+00:00,29963961.99611111
2024-05-14 07:00:00+00:00,21436766.008055557
2024-05-14 08:00:00+00:00,29741169.621666666
2024-05-14 09:00:00+00:00,30484953.531944446
2024-05-14 10:00:00+00:00,29319671.053888887
2024-05-14 11:00:00+00:00,27620601.495277777
2024-05-14 12:00:00+00:00,39957791.135
2024-05-14 13:00:00+00:00,38389645.329444446
2024-05-14 14:00:00+00:00,47209252.725
2024-05-14 15:00:00+00:00,25972963.164166667
2024-05-14 16:00:00+00:00,24045274.00583333
2024-05-14 17:00:00+00:00,21960055.323055554
2024-05-14 18:00:00+00:00,27473335.06638889
2024-05-14 19:00:00+00:00,27028556.43888889
2024-05-14 20:00:00+00:00,21532157.179722223
2024-05-14 21:00:00+00:00,22565872.22027778
2024-05-14 22:00:00+00:00,21792909.800833333
2024-05-14 23:00:00+00:00,21871404.66527778
2024-05-15 00:00:00+00:00,28773995.24472222
2024-05-15 01:00:00+00:00,22416210.06027778
2024-05-15 02:00:00+00:00,12877829.370277777
2024-05-15 03:00:00+00:00,17967912.057777777
2024-05-15 04:00:00+00:00,10446977.389166666
2024-05-15 05:00:00+00:00,26303658.359444443
2024-05-15 06:00:00+00:00,16671009.842777777
2024-05-15 07:00:00+00:00,18876955.785833333
2024-05-15 08:00:00+00:00,24171971.768055554
2024-05-15 09:00:00+00:00,26897341.617777776
2024-05-15 10:00:00+00:00,26418996.234166667
2024-05-15 11:00:00+00:00,53475732.11111111
2024-05-15 12:00:00+00:00,32555606.651666667
2024-05-15 13:00:00+00:00,33369902.16361111
2024-05-15 14:00:00+00:00,34732535.42333333
2024-05-15 15:00:00+00:00,57672295.175
2024-05-15 16:00:00+00:00,33310140.6975
2024-05-15 17:00:00+00:00,41602073.73638889
2024-05-15 18:00:00+00:00,44276034.76055556
2024-05-15 19:00:00+00:00,39542442.50333333
2024-05-15 20:00:00+00:00,36322313.73583333
2024-05-15 21:00:00+00:00,36491552.50388889
2024-05-15 22:00:00+00:00,38094153.18472222
2024-05-15 23:00:00+00:00,30405471.621666666
2024-05-16 00:00:00+00:00,37271587.275
2024-05-16 01:00:00+00:00,36205124.71083333
2024-05-16 02:00:00+00:00,36974767.47361111
2024-05-16 03:00:00+00:00,19339972.295833334
2024-05-16 04:00:00+00:00,17521606.731944446
2024-05-16 05:00:00+00:00,27136623.847777776
2024-05-16 06:00:00+00:00,14242442.569444444
2024-05-16 07:00:00+00:00,15005461.237777777
2024-05-16 08:00:00+00:00,19781121.16888889
2024-05-16 09:00:00+00:00,36778979.346944444
2024-05-16 10:00:00+00:00,43841200.75666667
2024-05-16 11:00:00+00:00,57034747.64
2024-05-16 12:00:00+00:00,52935642.509166665
2024-05-16 13:00:00+00:00,77147267.55666667
2024-05-16 14:00:00+00:00,40764195.729444444
2024-05-16 15:00:00+00:00,28296569.179166667
2024-05-16 16:00:00+00:00,41695077.81722222
2024-05-16 17:00:00+00:00,23969048.651388887
2024-05-16 18:00:00+00:00,28866659.503055554
2024-05-16 19:00:00+00:00,30097782.83111111
2024-05-16 20:00:00+00:00,29587820.364722222
2024-05-16 21:00:00+00:00,34199465.9925
2024-05-16 22:00:00+00:00,47385364.75111111
2024-05-16 23:00:00+00:00,18698860.4825
2024-05-17 00:00:00+00:00,16924686.930277776
2024-05-17 01:00:00+00:00,29960011.375
2024-05-17 02:00:00+00:00,20693948.815833334
2024-05-17 03:00:00+00:00,18713102.467777777
2024-05-17 04:00:00+00:00,16926479.68361111
2024-05-17 05:00:00+00:00,17498624.15027778
2024-05-17 06:00:00+00:00,18989591.69277778
2024-05-17 07:00:00+00:00,15046284.855277779
2024-05-17 08:00:00+00:00,20954511.87638889
2024-05-17 09:00:00+00:00,23439946.63027778
2024-05-17 10:00:00+00:00,37792858.78027778
2024-05-17 11:00:00+00:00,25300967.411111113
2024-05-17 12:00:00+00:00,26646336.29638889
2024-05-17 13:00:00+00:00,35437052.821388885
2024-05-17 14:00:00+00:00,28950477.090277776
2024-05-17 15:00:00+00:00,13494622.665555555
2024-05-17 16:00:00+00:00,15268842.21611111
2024-05-17 17:00:00+00:00,18134600.484722223
2024-05-17 18:00:00+00:00,23887794.228055555
2024-05-17 19:00:00+00:00,24952077.783055555
2024-05-17 20:00:00+00:00,17590713.9475
2024-05-17 21:00:00+00:00,20306420.36888889
2024-05-17 22:00:00+00:00,24319790.557777777
2024-05-17 23:00:00+00:00,15177126.05611111
2024-05-18 00:00:00+00:00,18185655.137222223
2024-05-18 01:00:00+00:00,25972439.25388889
2024-05-18 02:00:00+00:00,21204479.179444443
2024-05-18 03:00:00+00:00,18001003.799444444
2024-05-18 04:00:00+00:00,24844031.894444443
2024-05-18 05:00:00+00:00,20168053.12
2024-05-18 06:00:00+00:00,27683779.585277777
2024-05-18 07:00:00+00:00,29931425.708055556
2024-05-18 08:00:00+00:00,28535712.22833333
2024-05-18 09:00:00+00:00,25842977.015555557
2024-05-18 10:00:00+00:00,32406574.78138889
2024-05-18 11:00:00+00:00,30890868.026666667
2024-05-18 12:00:00+00:00,28985255.113333333
2024-05-18 13:00:00+00:00,11585061.8425
2024-05-18 14:00:00+00:00,32112276.47027778
2024-05-18 15:00:00+00:00,28165038.79916667
2024-05-18 16:00:00+00:00,20834114.105555557
2024-05-18 17:00:00+00:00,14613745.602222223
2024-05-18 18:00:00+00:00,27303351.583611112
2024-05-18 19:00:00+00:00,17846563.776666667
2024-05-18 20:00:00+00:00,15084668.449444445
2024-05-18 21:00:00+00:00,9551285.025277779
2024-05-18 22:00:00+00:00,4588258.217222222
2024-05-18 23:00:00+00:00,19676271.766666666
2024-05-19 00:00:00+00:00,18289969.57527778
2024-05-19 01:00:00+00:00,19298836.5725
2024-05-19 02:00:00+00:00,22696124.246944446
2024-05-19 03:00:00+00:00,17024738.1475
2024-05-19 04:00:00+00:00,13793834.1675
2024-05-19 05:00:00+00:00,15010539.590555556
2024-05-19 06:00:00+00:00,10414904.993055556
2024-05-19 07:00:00+00:00,18768866.801944446
2024-05-19 08:00:00+00:00,13794167.040833334
2024-05-19 09:00:00+00:00,21897733.471944444
2024-05-19 10:00:00+00:00,10433867.931388889
2024-05-19 11:00:00+00:00,17789007.289166667
2024-05-19 12:00:00+00:00,17332006.548055556
2024-05-19 13:00:00+00:00,17456261.70888889
2024-05-19 14:00:00+00:00,19844836.448333334
2024-05-19 15:00:00+00:00,16573228.391666668
2024-05-19 16:00:00+00:00,4068992.5683333334
2024-05-19 17:00:00+00:00,9347885.568611111
2024-05-19 18:00:00+00:00,24397039.34388889
2024-05-19 19:00:00+00:00,8226717.8288888885
2024-05-19 20:00:00+00:00,10527639.043333333
2024-05-19 21:00:00+00:00,13311389.112777777
2024-05-19 22:00:00+00:00,12963357.755277777
2024-05-19 23:00:00+00:00,6824559.444444444
2024-05-20 00:00:00+00:00,27509145.82361111
2024-05-20 01:00:00+00:00,26818770.281944446
2024-05-20 02:00:00+00:00,21707880.14861111
2024-05-20 03:00:00+00:00,28966507.094166666
2024-05-20 04:00:00+00:00,23529680.023333333
2024-05-20 05:00:00+00:00,25318954.16388889
2024-05-20 06:00:00+00:00,38436914.91444445
2024-05-20 07:00:00+00:00,26501136.033888888
2024-05-20 08:00:00+00:00,24407736.236111112
2024-05-20 09:00:00+00:00,26422585.72638889
2024-05-20 10:00:00+00:00,32812414.303055555
2024-05-20 11:00:00+00:00,22025104.023333333
2024-05-20 12:00:00+00:00,25540954.9525
2024-05-20 13:00:00+00:00,111962402.55666667
2024-05-20 14:00:00+00:00,138777156.02583334
2024-05-20 15:00:00+00:00,58896721.845
2024-05-20 16:00:00+00:00,36303171.229722224
2024-05-20 17:00:00+00:00,25369801.706944443
2024-05-20 18:00:00+00:00,43761894.89694444
2024-05-20 19:00:00+00:00,20770538.847777776
2024-05-20 20:00:00+00:00,58278221.781388886
2024-05-20 21:00:00+00:00,46002524.62944444
2024-05-20 22:00:00+00:00,65706574.266388886
2024-05-20 23:00:00+00:00,92814217.0175
2024-05-21 00:00:00+00:00,93592135.18916667
2024-05-21 01:00:00+00:00,49442473.66055556
2024-05-21 02:00:00+00:00,31160485.309166666
2024-05-21 03:00:00+00:00,25184384.45972222
2024-05-21 04:00:00+00:00,19099331.121666666
2024-05-21 05:00:00+00:00,19802270.29027778
2024-05-21 06:00:00+00:00,18959015.810833335
2024-05-21 07:00:00+00:00,21925901.3
2024-05-21 08:00:00+00:00,52795906.05833333
2024-05-21 09:00:00+00:00,64752195.01888889
2024-05-21 10:00:00+00:00,54942062.715555556
2024-05-21 11:00:00+00:00,43213852.4525
2024-05-21 12:00:00+00:00,50387609.630277775
2024-05-21 13:00:00+00:00,28224146.75388889
2024-05-21 14:00:00+00:00,23689718.69638889
2024-05-21 15:00:00+00:00,17610677.216666665
2024-05-21 16:00:00+00:00,19298153.95
2024-05-21 17:00:00+00:00,36709570.49555556
2024-05-21 18:00:00+00:00,33043462.746666666
2024-05-21 19:00:00+00:00,53836387.2125
2024-05-21 20:00:00+00:00,40770587.123055555
2024-05-21 21:00:00+00:00,18709848.47
2024-05-21 22:00:00+00:00,15251281.575833334
2024-05-21 23:00:00+00:00,43037426.05972222
2024-05-22 00:00:00+00:00,40175086.69444445
2024-05-22 01:00:00+00:00,17492080.599166665
2024-05-22 02:00:00+00:00,32633690.855555557
2024-05-22 03:00:00+00:00,61864347.21694444
2024-05-22 04:00:00+00:00,32790645.084444445
2024-05-22 05:00:00+00:00,24292632.26
2024-05-22 06:00:00+00:00,46611759.84611111
2024-05-22 07:00:00+00:00,66824136.85027778
2024-05-22 08:00:00+00:00,27388444.188611113
2024-05-22 09:00:00+00:00,18603383.644166667
2024-05-22 10:00:00+00:00,28359471.632222224
2024-05-22 11:00:00+00:00,27539353.30722222
2024-05-22 12:00:00+00:00,19325991.509444445
2024-05-22 13:00:00+00:00,18856659.845833335
2024-05-22 14:00:00+00:00,45823922.37611111
2024-05-22 15:00:00+00:00,47270954.625
2024-05-22 16:00:00+00:00,27135647.735833332
2024-05-22 17:00:00+00:00,36694442.12583333
2024-05-22 18:00:00+00:00,41586619.99638889
2024-05-22 19:00:00+00:00,30584292.623888887
2024-05-22 20:00:00+00:00,18693970.786666665
2024-05-22 21:00:00+00:00,57151040.85555556
2024-05-22 22:00:00+00:00,37574764.04305556
2024-05-22 23:00:00+00:00,16208337.128888888
2024-05-23 00:00:00+00:00,43068856.67583334
2024-05-23 01:00:00+00:00,51849194.954444446
2024-05-23 02:00:00+00:00,24257971.435833335
2024-05-23 03:00:00+00:00,39873810.58166666
2024-05-23 04:00:00+00:00,17984656.338333335
2024-05-23 05:00:00+00:00,17919349.379444443
2024-05-23 06:00:00+00:00,19765431.478888888
2024-05-23 07:00:00+00:00,14370793.052777778
2024-05-23 08:00:00+00:00,22813935.485555556
2024-05-23 09:00:00+00:00,61822167.48027778
2024-05-23 10:00:00+00:00,40597856.81388889
2024-05-23 11:00:00+00:00,25251155.749722224
2024-05-23 12:00:00+00:00,20684561.815555554
2024-05-23 13:00:00+00:00,10711402.454444444
2024-05-23 14:00:00+00:00,13712480.475833334
2024-05-23 15:00:00+00:00,11107249.214166667
2024-05-23 16:00:00+00:00,9929122.593611112
2024-05-23 17:00:00+00:00,21636398.455
2024-05-23 18:00:00+00:00,6905902.036388889
2024-05-23 19:00:00+00:00,8199527.524166667
2024-05-23 20:00:00+00:00,11373741.574444445
2024-05-23 21:00:00+00:00,17099767.313333333
2024-05-23 22:00:00+00:00,9994544.60861111
2024-05-23 23:00:00+00:00,10134099.446111111
2024-05-24 00:00:00+00:00,14575844.42861111
2024-05-24 01:00:00+00:00,24046348.8825
2024-05-24 02:00:00+00:00,13728795.544166667
2024-05-24 03:00:00+00:00,14873630.319166666
2024-05-24 04:00:00+00:00,14514247.408333333
2024-05-24 05:00:00+00:00,18880711.7475
2024-05-24 06:00:00+00:00,19944696.752777778
2024-05-24 07:00:00+00:00,19450005.9275
2024-05-24 08:00:00+00:00,31482971.437222224
2024-05-24 09:00:00+00:00,30704192.4575
2024-05-24 10:00:00+00:00,28462506.261666667
2024-05-24 11:00:00+00:00,32097043.500277776
2024-05-24 12:00:00+00:00,28556403.48527778
2024-05-24 13:00:00+00:00,13160805.166666666
2024-05-24 14:00:00+00:00,13696572.563888889
2024-05-24 15:00:00+00:00,12231089.099444445
2024-05-24 16:00:00+00:00,10965597.5625
2024-05-24 17:00:00+00:00,6915127.98
2024-05-24 18:00:00+00:00,10036289.604722222
2024-05-24 19:00:00+00:00,7785217.563055555
2024-05-24 20:00:00+00:00,11202469.986111112
2024-05-24 21:00:00+00:00,6680315.309444444
2024-05-24 22:00:00+00:00,4408429.216388889
2024-05-24 23:00:00+00:00,10308388.447777778
2024-05-25 00:00:00+00:00,11211251.694444444
2024-05-25 01:00:00+00:00,8120869.810833333
2024-05-25 02:00:00+00:00,7269829.795
2024-05-25 03:00:00+00:00,7168564.847777777
2024-05-25 04:00:00+00:00,4039739.455
2024-05-25 05:00:00+00:00,4427085.149444444
2024-05-25 06:00:00+00:00,7889770.517222222
2024-05-25 07:00:00+00:00,7859938.801944445
2024-05-25 08:00:00+00:00,8136631.564166667
2024-05-25 09:00:00+00:00,11314172.254722223
2024-05-25 10:00:00+00:00,11325437.658611111
2024-05-25 11:00:00+00:00,12841299.814444445
2024-05-25 12:00:00+00:00,10675062.582777778
2024-05-25 13:00:00+00:00,11899523.280833334
2024-05-25 14:00:00+00:00,10583833.026944444
2024-05-25 15:00:00+00:00,6827481.062222222
2024-05-25 16:00:00+00:00,8127156.215
2024-05-25 17:00:00+00:00,4543074.293055556
2024-05-25 18:00:00+00:00,11819347.870833334
2024-05-25 19:00:00+00:00,7291493.1975
2024-05-25 20:00:00+00:00,12329414.28611111
2024-05-25 21:00:00+00:00,10485025.163888888
2024-05-25 22:00:00+00:00,5032564.739166667
2024-05-25 23:00:00+00:00,7573539.9725
2024-05-26 00:00:00+00:00,6506852.684444444
2024-05-26 01:00:00+00:00,10046359.268333333
2024-05-26 02:00:00+00:00,9596672.305833334
2024-05-26 03:00:00+00:00,6729899.961388889
2024-05-26 04:00:00+00:00,7159624.2925
2024-05-26 05:00:00+00:00,11962916.236111112
2024-05-26 06:00:00+00:00,10223332.167222222
2024-05-26 07:00:00+00:00,12692133.543055555
2024-05-26 08:00:00+00:00,9120823.700555556
2024-05-26 09:00:00+00:00,15679220.846666666
2024-05-26 10:00:00+00:00,11223333.402222222
2024-05-26 11:00:00+00:00,7904210.230555556
2024-05-26 12:00:00+00:00,10483476.069166666
2024-05-26 13:00:00+00:00,12191571.829444444
2024-05-26 14:00:00+00:00,10629852.806944445
2024-05-26 15:00:00+00:00,11073212.621666666
2024-05-26 16:00:00+00:00,5122382.102777778
2024-05-26 17:00:00+00:00,13285182.682777777
2024-05-26 18:00:00+00:00,10979661.504166666
2024-05-26 19:00:00+00:00,11276522.884722222
2024-05-26 20:00:00+00:00,12839133.320833333
2024-05-26 21:00:00+00:00,17446542.420833334
2024-05-26 22:00:00+00:00,12165915.113333333
2024-05-26 23:00:00+00:00,14305410.369722223
2024-05-27 00:00:00+00:00,13761352.03388889
2024-05-27 01:00:00+00:00,15805243.890833333
2024-05-27 02:00:00+00:00,14096417.258055555
2024-05-27 03:00:00+00:00,11003602.704444444
2024-05-27 04:00:00+00:00,14069856.753888888
2024-05-27 05:00:00+00:00,16949318.035833333
2024-05-27 06:00:00+00:00,10231215.973055556
2024-05-27 07:00:00+00:00,9102104.96
2024-05-27 08:00:00+00:00,14826384.890555555
2024-05-27 09:00:00+00:00,9187886.133055555
2024-05-27 10:00:00+00:00,10962786.764722222
2024-05-27 11:00:00+00:00,10621816.964722222
2024-05-27 12:00:00+00:00,7974926.500555555
2024-05-27 13:00:00+00:00,9591088.875
2024-05-27 14:00:00+00:00,7684729.878055556
2024-05-27 15:00:00+00:00,10107620.968888888
2024-05-27 16:00:00+00:00,7513904.63
2024-05-27 17:00:00+00:00,14214635.200833334
2024-05-27 18:00:00+00:00,5022088.548888889
2024-05-27 19:00:00+00:00,13062247.361944444
2024-05-27 20:00:00+00:00,10787703.142222222
2024-05-27 21:00:00+00:00,14076971.25
2024-05-27 22:00:00+00:00,12907759.815555556
2024-05-27 23:00:00+00:00,8230695.777222223
2024-05-28 00:00:00+00:00,5184490.559166667
2024-05-28 01:00:00+00:00,5745700.669444445
2024-05-28 02:00:00+00:00,5356740.164444445
2024-05-28 03:00:00+00:00,7242215.614722222
2024-05-28 04:00:00+00:00,4777186.279444444
2024-05-28 05:00:00+00:00,19840230.035277776
2024-05-28 06:00:00+00:00,17709664.983333334
2024-05-28 07:00:00+00:00,14729793.596111111
2024-05-28 08:00:00+00:00,9486076.540833334
2024-05-28 09:00:00+00:00,15525281.273333333
2024-05-28 10:00:00+00:00,17141323.553055555
2024-05-28 11:00:00+00:00,20458821.242777776
2024-05-28 12:00:00+00:00,16166004.459722223
2024-05-28 13:00:00+00:00,14635501.485833334
2024-05-28 14:00:00+00:00,13953490.511666667
2024-05-28 15:00:00+00:00,13656940.959444445
2024-05-28 16:00:00+00:00,15039932.672222223
2024-05-28 17:00:00+00:00,12531023.495833334
2024-05-28 18:00:00+00:00,13273448.934444444
2024-05-28 19:00:00+00:00,8675338.495
2024-05-28 20:00:00+00:00,10929570.909166666
2024-05-28 21:00:00+00:00,11854423.646666666
2024-05-28 22:00:00+00:00,11330347.978055555
2024-05-28 23:00:00+00:00,10771877.866944445
2024-05-29 00:00:00+00:00,11853613.0825
2024-05-29 01:00:00+00:00,10079514.537777778
2024-05-29 02:00:00+00:00,13130659.655833334
2024-05-29 03:00:00+00:00,16321371.0575
2024-05-29 04:00:00+00:00,9807611.016666668
2024-05-29 05:00:00+00:00,11781079.126944445
2024-05-29 06:00:00+00:00,14430468.294444444
2024-05-29 07:00:00+00:00,9582994.290555555
2024-05-29 08:00:00+00:00,14652904.340833334
2024-05-29 09:00:00+00:00,14123455.738333333
2024-05-29 10:00:00+00:00,23479099.62888889
2024-05-29 11:00:00+00:00,15721071.02861111
2024-05-29 12:00:00+00:00,13569938.870555555
2024-05-29 13:00:00+00:00,10672126.116944445
2024-05-29 14:00:00+00:00,17595569.338888887
2024-05-29 15:00:00+00:00,8423769.588333333
2024-05-29 16:00:00+00:00,10857760.259444445
2024-05-29 17:00:00+00:00,15029338.521666666
2024-05-29 18:00:00+00:00,14539933.940833334
2024-05-29 19:00:00+00:00,8136231.3186111115
2024-05-29 20:00:00+00:00,11714733.799722223
2024-05-29 21:00:00+00:00,10707899.919722222
2024-05-29 22:00:00+00:00,7773426.644722222
2024-05-29 23:00:00+00:00,8424723.975555556
2024-05-30 00:00:00+00:00,13234275.487222223
2024-05-30 01:00:00+00:00,10543345.1375
2024-05-30 02:00:00+00:00,11479081.082777778
2024-05-30 03:00:00+00:00,11051810.702222222
2024-05-30 04:00:00+00:00,19834850.795833334
2024-05-30 05:00:00+00:00,6257502.233888889
2024-05-30 06:00:00+00:00,15764180.860555556
2024-05-30 07:00:00+00:00,10336026.984722223
2024-05-30 08:00:00+00:00,10063099.769444445
2024-05-30 09:00:00+00:00,12418533.72361111
2024-05-30 10:00:00+00:00,15184753.3975
2024-05-30 11:00:00+00:00,17877329.87111111
2024-05-30 12:00:00+00:00,13824761.890555555
2024-05-30 13:00:00+00:00,7145212.852777778
2024-05-30 14:00:00+00:00,10615533.028333334
2024-05-30 15:00:00+00:00,9412008.559444444
2024-05-30 16:00:00+00:00,10778673.871666666
2024-05-30 17:00:00+00:00,14639970.083888888
2024-05-30 18:00:00+00:00,9513499.534166666
2024-05-30 19:00:00+00:00,8185708.825
2024-05-30 20:00:00+00:00,9740492.483888889
2024-05-30 21:00:00+00:00,10680314.536388889
2024-05-30 22:00:00+00:00,7182124.835833333
2024-05-30 23:00:00+00:00,11117145.5875
2024-05-31 00:00:00+00:00,10733509.092222223
2024-05-31 01:00:00+00:00,15020894.441666666
2024-05-31 02:00:00+00:00,14249142.18
2024-05-31 03:00:00+00:00,12559953.344166666
2024-05-31 04:00:00+00:00,7481279.8688888885
2024-05-31 05:00:00+00:00,8761087.056388889
2024-05-31 06:00:00+00:00,11351501.995555555
2024-05-31 07:00:00+00:00,11434007.573333334
2024-05-31 08:00:00+00:00,15962167.324166667
2024-05-31 09:00:00+00:00,13009388.47888889
2024-05-31 10:00:00+00:00,15065457.859722223
2024-05-31 11:00:00+00:00,10832431.2425
2024-05-31 12:00:00+00:00,19552444.761944443
2024-05-31 13:00:00+00:00,13609608.02861111
2024-05-31 14:00:00+00:00,9484192.81
2024-05-31 15:00:00+00:00,23936346.97
2024-05-31 16:00:00+00:00,8008955.595277778
2024-05-31 17:00:00+00:00,10455143.849722221
2024-05-31 18:00:00+00:00,14628156.974444445
2024-05-31 19:00:00+00:00,13501010.714722222
2024-05-31 20:00:00+00:00,13399240.139722222
2024-05-31 21:00:00+00:00,9720077.76
2024-05-31 22:00:00+00:00,7961521.001388889
2024-05-31 23:00:00+00:00,11592123.003333334
2024-06-01 00:00:00+00:00,19846396.729166668
2024-06-01 01:00:00+00:00,16405978.68
2024-06-01 02:00:00+00:00,11127201.446666667
2024-06-01 03:00:00+00:00,6810480.1925
2024-06-01 04:00:00+00:00,8778908.479166666
2024-06-01 05:00:00+00:00,12311395.941388888
2024-06-01 06:00:00+00:00,14301192.3175
2024-06-01 07:00:00+00:00,16942242.379722223
2024-06-01 08:00:00+00:00,20381550.95972222
2024-06-01 09:00:00+00:00,13651019.872777779
2024-06-01 10:00:00+00:00,18197757.47611111
2024-06-01 11:00:00+00:00,12948652.084166666
2024-06-01 12:00:00+00:00,10055977.221666666
2024-06-01 13:00:00+00:00,11644255.639166666
2024-06-01 14:00:00+00:00,11634005.220555555
2024-06-01 15:00:00+00:00,8732176.077777777
2024-06-01 16:00:00+00:00,17488652.394166667
2024-06-01 17:00:00+00:00,10863931.3275
2024-06-01 18:00:00+00:00,7691639.730833333
2024-06-01 19:00:00+00:00,8916166.090277778
2024-06-01 20:00:00+00:00,14128296.492222222
2024-06-01 21:00:00+00:00,12285109.391666668
2024-06-01 22:00:00+00:00,12335290.141111111
2024-06-01 23:00:00+00:00,11834801.363333333
2024-06-02 00:00:00+00:00,15164046.622777779
2024-06-02 01:00:00+00:00,14935074.764722222
2024-06-02 02:00:00+00:00,12390640.47361111
2024-06-02 03:00:00+00:00,5097359.028333333
2024-06-02 04:00:00+00:00,10009851.999166667
2024-06-02 05:00:00+00:00,6851527.108888889
2024-06-02 06:00:00+00:00,9264848.025833333
2024-06-02 07:00:00+00:00,10137976.277777778
2024-06-02 08:00:00+00:00,10869682.628611112
2024-06-02 09:00:00+00:00,10413913.460833333
2024-06-02 10:00:00+00:00,15182851.391111111
2024-06-02 11:00:00+00:00,12168429.868055556
2024-06-02 12:00:00+00:00,10522343.1425
2024-06-02 13:00:00+00:00,7021533.538055556
2024-06-02 14:00:00+00:00,9752294.530277777
2024-06-02 15:00:00+00:00,6356146.293888889
2024-06-02 16:00:00+00:00,7677121.218055556
2024-06-02 17:00:00+00:00,13240216.585833333
2024-06-02 18:00:00+00:00,11558892.53861111
2024-06-02 19:00:00+00:00,7351581.707777778
2024-06-02 20:00:00+00:00,13741334.115
2024-06-02 21:00:00+00:00,12685339.821111111
2024-06-02 22:00:00+00:00,8331152.9225
2024-06-02 23:00:00+00:00,12782087.776944444
2024-06-03 00:00:00+00:00,19170854.02027778
2024-06-03 01:00:00+00:00,16447225.0625
2024-06-03 02:00:00+00:00,11282623.80611111
2024-06-03 03:00:00+00:00,17832526.75583333
2024-06-03 04:00:00+00:00,14492486.315833334
2024-06-03 05:00:00+00:00,12589660.034722222
2024-06-03 06:00:00+00:00,7348000.832777778
2024-06-03 07:00:00+00:00,9292197.860555556
2024-06-03 08:00:00+00:00,15492177.924444444
2024-06-03 09:00:00+00:00,11872955.554166667
2024-06-03 10:00:00+00:00,12801490.14
2024-06-03 11:00:00+00:00,9640816.320555555
2024-06-03 12:00:00+00:00,14877366.372777779
2024-06-03 13:00:00+00:00,19612303.230277777
2024-06-03 14:00:00+00:00,24301837.39111111
2024-06-03 15:00:00+00:00,19856925.479444444
2024-06-03 16:00:00+00:00,10424579.567222223
2024-06-03 17:00:00+00:00,10840158.819444444
2024-06-03 18:00:00+00:00,5656718.989722222
2024-06-03 19:00:00+00:00,12803243.614166666
2024-06-03 20:00:00+00:00,10293279.74111111
2024-06-03 21:00:00+00:00,14498535.8225
2024-06-03 22:00:00+00:00,12841616.443611111
2024-06-03 23:00:00+00:00,11133346.179166667
2024-06-04 00:00:00+00:00,15827436.461111112
2024-06-04 01:00:00+00:00,14506315.260277778
2024-06-04 02:00:00+00:00,10997778.376944445
2024-06-04 03:00:00+00:00,8586859.854166666
2024-06-04 04:00:00+00:00,10159977.3375
2024-06-04 05:00:00+00:00,10730508.796666667
2024-06-04 06:00:00+00:00,8318240.933888889
2024-06-04 07:00:00+00:00,14569356.645
2024-06-04 08:00:00+00:00,29243908.600555554
2024-06-04 09:00:00+00:00,20490498.88611111
2024-06-04 10:00:00+00:00,19506740.438333333
2024-06-04 11:00:00+00:00,28614976.6325
2024-06-04 12:00:00+00:00,27878898.003055554
2024-06-04 13:00:00+00:00,25708082.8575
2024-06-04 14:00:00+00:00,17032575.714722224
2024-06-04 15:00:00+00:00,11539203.651944444
2024-06-04 16:00:00+00:00,16012342.7975
2024-06-04 17:00:00+00:00,22829147.703055557
2024-06-04 18:00:00+00:00,18177812.59361111
2024-06-04 19:00:00+00:00,18958792.19333333
2024-06-04 20:00:00+00:00,23238544.667777777
2024-06-04 21:00:00+00:00,30351001.059166666
2024-06-04 22:00:00+00:00,22064990.484444443
2024-06-04 23:00:00+00:00,22587747.94
2024-06-05 00:00:00+00:00,27584484.9975
2024-06-05 01:00:00+00:00,20894718.935555555
2024-06-05 02:00:00+00:00,13677879.099166667
2024-06-05 03:00:00+00:00,14930971.960833333
2024-06-05 04:00:00+00:00,15104371.046944445
2024-06-05 05:00:00+00:00,9528776.839166667
2024-06-05 06:00:00+00:00,29818165.02138889
2024-06-05 07:00:00+00:00,22890264.499444444
2024-06-05 08:00:00+00:00,15226794.845
2024-06-05 09:00:00+00:00,31442083.025
2024-06-05 10:00:00+00:00,17958082.983055554
2024-06-05 11:00:00+00:00,13092180.659166666
2024-06-05 12:00:00+00:00,16947347.183333334
2024-06-05 13:00:00+00:00,20808131.225
2024-06-05 14:00:00+00:00,19863932.035833333
2024-06-05 15:00:00+00:00,31308694.688611113
2024-06-05 16:00:00+00:00,14588947.167222222
2024-06-05 17:00:00+00:00,15482360.235277778
2024-06-05 18:00:00+00:00,23501016.863055557
2024-06-05 19:00:00+00:00,15811150.790555555
2024-06-05 20:00:00+00:00,17955482.008611113
2024-06-05 21:00:00+00:00,31476336.960555557
2024-06-05 22:00:00+00:00,20100143.382222224
2024-06-05 23:00:00+00:00,14568044.690277778
2024-06-06 00:00:00+00:00,22641154.52361111
2024-06-06 01:00:00+00:00,25186405.277777776
2024-06-06 02:00:00+00:00,15034314.08111111
2024-06-06 03:00:00+00:00,17359591.079444446
2024-06-06 04:00:00+00:00,14528932.548333334
2024-06-06 05:00:00+00:00,17037172.891944446
2024-06-06 06:00:00+00:00,17096326.864444446
2024-06-06 07:00:00+00:00,13429816.011944445
2024-06-06 08:00:00+00:00,20791155.893333334
2024-06-06 09:00:00+00:00,21603877.4525
2024-06-06 10:00:00+00:00,19147868.612777777
2024-06-06 11:00:00+00:00,18999912.30111111
2024-06-06 12:00:00+00:00,31986540.213055555
2024-06-06 13:00:00+00:00,23091051.856944446
2024-06-06 14:00:00+00:00,23684396.73138889
2024-06-06 15:00:00+00:00,17576892.909444444
2024-06-06 16:00:00+00:00,24278911.341111112
2024-06-06 17:00:00+00:00,24619111.919444446
2024-06-06 18:00:00+00:00,19477090.058055557
2024-06-06 19:00:00+00:00,25369494.559444446
2024-06-06 20:00:00+00:00,34092989.8675
2024-06-06 21:00:00+00:00,26951346.416944444
2024-06-06 22:00:00+00:00,31453744.705
2024-06-06 23:00:00+00:00,19214999.946944445
2024-06-07 00:00:00+00:00,20698075.649166666
2024-06-07 01:00:00+00:00,21938332.29888889
2024-06-07 02:00:00+00:00,17463565.272777777
2024-06-07 03:00:00+00:00,22009167.366944443
2024-06-07 04:00:00+00:00,18514327.5975
2024-06-07 05:00:00+00:00,13681697.976666667
2024-06-07 06:00:00+00:00,18331145.01638889
2024-06-07 07:00:00+00:00,18043707.097777776
2024-06-07 08:00:00+00:00,15300034.93638889
2024-06-07 09:00:00+00:00,28290378.811388887
2024-06-07 10:00:00+00:00,20035148.375833333
2024-06-07 11:00:00+00:00,29917785.089722224
2024-06-07 12:00:00+00:00,32434734.243333332
2024-06-07 13:00:00+00:00,19578074.860555556
2024-06-07 14:00:00+00:00,17642618.425555557
2024-06-07 15:00:00+00:00,15313970.793333333
2024-06-07 16:00:00+00:00,19785872.493055556
2024-06-07 17:00:00+00:00,19379770.00611111
2024-06-07 18:00:00+00:00,20109868.01638889
2024-06-07 19:00:00+00:00,21387535.901944444
2024-06-07 20:00:00+00:00,23411507.935833335
2024-06-07 21:00:00+00:00,21489913.60888889
2024-06-07 22:00:00+00:00,20138522.614444446
2024-06-07 23:00:00+00:00,17909459.328333333
2024-06-08 00:00:00+00:00,19777967.01638889
2024-06-08 01:00:00+00:00,19449714.22833333
2024-06-08 02:00:00+00:00,21405373.50222222
2024-06-08 03:00:00+00:00,13799153.013055556
2024-06-08 04:00:00+00:00,20220777.46277778
2024-06-08 05:00:00+00:00,17258729.171944443
2024-06-08 06:00:00+00:00,19057226.273055557
2024-06-08 07:00:00+00:00,25432743.337222222
2024-06-08 08:00:00+00:00,28254352.4375
2024-06-08 09:00:00+00:00,28153570.85361111
2024-06-08 10:00:00+00:00,30318837.976666667
2024-06-08 11:00:00+00:00,24090162.681944445
2024-06-08 12:00:00+00:00,21567308.88638889
2024-06-08 13:00:00+00:00,13650002.515
2024-06-08 14:00:00+00:00,14558740.777777778
2024-06-08 15:00:00+00:00,17272858.034444444
2024-06-08 16:00:00+00:00,19903993.946111113
2024-06-08 17:00:00+00:00,17640898.278055556
2024-06-08 18:00:00+00:00,19118822.765555557
2024-06-08 19:00:00+00:00,16985962.16222222
2024-06-08 20:00:00+00:00,19021117.1325
2024-06-08 21:00:00+00:00,17218168.651944444
2024-06-08 22:00:00+00:00,16769040.487777777
2024-06-08 23:00:00+00:00,9434221.77388889
2024-06-09 00:00:00+00:00,15075899.2425
2024-06-09 01:00:00+00:00,26346489.582222223
2024-06-09 02:00:00+00:00,14014778.856666667
2024-06-09 03:00:00+00:00,9852184.641111111
2024-06-09 04:00:00+00:00,16057837.024722222
2024-06-09 05:00:00+00:00,16206883.389444444
2024-06-09 06:00:00+00:00,16082230.74
2024-06-09 07:00:00+00:00,20564895.197777778
2024-06-09 08:00:00+00:00,18145100.149166666
2024-06-09 09:00:00+00:00,21427134.21111111
2024-06-09 10:00:00+00:00,21527313.410277776
2024-06-09 11:00:00+00:00,24603246.666944444
2024-06-09 12:00:00+00:00,20591126.835833333
2024-06-09 13:00:00+00:00,17987756.169166666
2024-06-09 14:00:00+00:00,20227216.30861111
2024-06-09 15:00:00+00:00,17933546.85888889
2024-06-09 16:00:00+00:00,19077090.800277777
2024-06-09 17:00:00+00:00,24212101.554722223
2024-06-09 18:00:00+00:00,15976694.558611112
2024-06-09 19:00:00+00:00,17794063.753333334
2024-06-09 20:00:00+00:00,27450058.94888889
2024-06-09 21:00:00+00:00,17446787.443888888
2024-06-09 22:00:00+00:00,15975266.873333333
2024-06-09 23:00:00+00:00,16010665.829722222
2024-06-10 00:00:00+00:00,21129271.03361111
2024-06-10 01:00:00+00:00,16231355.89611111
2024-06-10 02:00:00+00:00,10948615.245
2024-06-10 03:00:00+00:00,16041198.718611112
2024-06-10 04:00:00+00:00,16650514.479722222
2024-06-10 05:00:00+00:00,18943026.15861111
2024-06-10 06:00:00+00:00,19966923.527222224
2024-06-10 07:00:00+00:00,21074984.066944443
2024-06-10 08:00:00+00:00,24739392.735833332
2024-06-10 09:00:00+00:00,22752433.129444443
2024-06-10 10:00:00+00:00,22997262.066666666
2024-06-10 11:00:00+00:00,28270231.645833332
2024-06-10 12:00:00+00:00,24405186.97833333
2024-06-10 13:00:00+00:00,23142519.89722222
2024-06-10 14:00:00+00:00,33487816.465555556
2024-06-10 15:00:00+00:00,28176795.750555556
2024-06-10 16:00:00+00:00,23789554.599166665
2024-06-10 17:00:00+00:00,23273084.4375
2024-06-10 18:00:00+00:00,26900907.8675
2024-06-10 19:00:00+00:00,28791891.530277777
2024-06-10 20:00:00+00:00,20706257.475555554
2024-06-10 21:00:00+00:00,24005395.875277776
2024-06-10 22:00:00+00:00,16165072.491666667
2024-06-10 23:00:00+00:00,26179437.5575
2024-06-11 00:00:00+00:00,33591910.383888885
2024-06-11 01:00:00+00:00,17571339.16888889
2024-06-11 02:00:00+00:00,20225610.010555554
2024-06-11 03:00:00+00:00,12890487.160833333
2024-06-11 04:00:00+00:00,21678334.01638889
2024-06-11 05:00:00+00:00,24739971.495
2024-06-11 06:00:00+00:00,22733842.940833334
2024-06-11 07:00:00+00:00,21301778.631388888
2024-06-11 08:00:00+00:00,22343699.34388889
2024-06-11 09:00:00+00:00,27176785.425
2024-06-11 10:00:00+00:00,21628445.857777778
2024-06-11 11:00:00+00:00,25876319.464166667
2024-06-11 12:00:00+00:00,23484671.788333334
2024-06-11 13:00:00+00:00,27586447.131388888
2024-06-11 14:00:00+00:00,20671666.774166666
2024-06-11 15:00:00+00:00,22794718.462222222
2024-06-11 16:00:00+00:00,27797841.058333334
2024-06-11 17:00:00+00:00,17287432.91861111
2024-06-11 18:00:00+00:00,24849543.225833334
2024-06-11 19:00:00+00:00,16817931.88
2024-06-11 20:00:00+00:00,24333605.908055555
2024-06-11 21:00:00+00:00,20765860.487777777
2024-06-11 22:00:00+00:00,18105461.386666667
2024-06-11 23:00:00+00:00,22716749.79
2024-06-12 00:00:00+00:00,14019027.371388888
2024-06-12 01:00:00+00:00,14079399.982777778
2024-06-12 02:00:00+00:00,15854900.050555555
2024-06-12 03:00:00+00:00,16897691.001666665
2024-06-12 04:00:00+00:00,18950491.355555557
2024-06-12 05:00:00+00:00,11562493.38138889
2024-06-12 06:00:00+00:00,14758225.9075
2024-06-12 07:00:00+00:00,11750871.671944445
2024-06-12 08:00:00+00:00,18004141.065555554
2024-06-12 09:00:00+00:00,14416512.568611111
2024-06-12 10:00:00+00:00,21271128.9275
2024-06-12 11:00:00+00:00,22408448.474444445
2024-06-12 12:00:00+00:00,22626775.313333333
2024-06-12 13:00:00+00:00,19668255.549444444
2024-06-12 14:00:00+00:00,22458789.645555556
2024-06-12 15:00:00+00:00,15783102.934166666
2024-06-12 16:00:00+00:00,21378759.736111112
2024-06-12 17:00:00+00:00,25439510.82888889
2024-06-12 18:00:00+00:00,21295330.29638889
2024-06-12 19:00:00+00:00,22872192.54888889
2024-06-12 20:00:00+00:00,20722546.817222223
2024-06-12 21:00:00+00:00,18489859.98388889
2024-06-12 22:00:00+00:00,12828850.415833334
2024-06-12 23:00:00+00:00,13339319.843333334
2024-06-13 00:00:00+00:00,16916841.824444443
2024-06-13 01:00:00+00:00,16265130.021944445
2024-06-13 02:00:00+00:00,15081601.154722223
2024-06-13 03:00:00+00:00,23740573.844722223
2024-06-13 04:00:00+00:00,11159017.382777778
2024-06-13 05:00:00+00:00,17589887.914166667
2024-06-13 06:00:00+00:00,16917136.048611112
2024-06-13 07:00:00+00:00,16346078.857777778
2024-06-13 08:00:00+00:00,16374438.92861111
2024-06-13 09:00:00+00:00,25686789.19722222
2024-06-13 10:00:00+00:00,24620783.3775
2024-06-13 11:00:00+00:00,19858984.859444443
2024-06-13 12:00:00+00:00,30103396.69111111
2024-06-13 13:00:00+00:00,19231064.46361111
2024-06-13 14:00:00+00:00,19781655.87888889
2024-06-13 15:00:00+00:00,24469972.009166665
2024-06-13 16:00:00+00:00,16014292.139166666
2024-06-13 17:00:00+00:00,19504391.840277776
2024-06-13 18:00:00+00:00,19015209.72638889
2024-06-13 19:00:00+00:00,22757226.96722222
2024-06-13 20:00:00+00:00,16307666.465833334
2024-06-13 21:00:00+00:00,18849166.076388888
2024-06-13 22:00:00+00:00,12438679.293333333
2024-06-13 23:00:00+00:00,17401567.3175
2024-06-14 00:00:00+00:00,11157527.722222222
2024-06-14 01:00:00+00:00,17623204.75583333
2024-06-14 02:00:00+00:00,16273591.641666668
2024-06-14 03:00:00+00:00,14957794.909166666
2024-06-14 04:00:00+00:00,13404273.085555555
2024-06-14 05:00:00+00:00,16492935.148611112
2024-06-14 06:00:00+00:00,17172377.66
2024-06-14 07:00:00+00:00,13126330.220833333
2024-06-14 08:00:00+00:00,16661959.955555556
2024-06-14 09:00:00+00:00,25346768.5725
2024-06-14 10:00:00+00:00,29327785.528055556
2024-06-14 11:00:00+00:00,16795459.228055555
2024-06-14 12:00:00+00:00,21685660.989166666
2024-06-14 13:00:00+00:00,14846146.123333333
2024-06-14 14:00:00+00:00,18186206.621944446
2024-06-14 15:00:00+00:00,16671975.128055556
2024-06-14 16:00:00+00:00,27595751.550833333
2024-06-14 17:00:00+00:00,19383885.87277778
2024-06-14 18:00:00+00:00,18648821.7875
2024-06-14 19:00:00+00:00,16933374.26333333
2024-06-14 20:00:00+00:00,23478177.30638889
2024-06-14 21:00:00+00:00,14690726.945555555
2024-06-14 22:00:00+00:00,24668890.83111111
2024-06-14 23:00:00+00:00,19278840.484166667
2024-06-15 00:00:00+00:00,22495591.009444445
2024-06-15 01:00:00+00:00,26265378.031666666
2024-06-15 02:00:00+00:00,19659581.650833335
2024-06-15 03:00:00+00:00,14365516.251666667
2024-06-15 04:00:00+00:00,15876411.68
2024-06-15 05:00:00+00:00,18182486.870555557
2024-06-15 06:00:00+00:00,22006654.491388887
2024-06-15 07:00:00+00:00,30891033.788055554
2024-06-15 08:00:00+00:00,25463339.329444446
2024-06-15 09:00:00+00:00,25734163.84972222
2024-06-15 10:00:00+00:00,28092170.91
2024-06-15 11:00:00+00:00,30569516.713888887
2024-06-15 12:00:00+00:00,22976205.940555554
2024-06-15 13:00:00+00:00,15282301.566666666
2024-06-15 14:00:00+00:00,24511127.145
2024-06-15 15:00:00+00:00,17860719.54777778
2024-06-15 16:00:00+00:00,14931430.302222222
2024-06-15 17:00:00+00:00,23422931.446111113
2024-06-15 18:00:00+00:00,17846793.889444444
2024-06-15 19:00:00+00:00,17427779.225833334
2024-06-15 20:00:00+00:00,17455949.304166667
2024-06-15 21:00:00+00:00,25443807.770833332
2024-06-15 22:00:00+00:00,16244912.4575
2024-06-15 23:00:00+00:00,15067838.257777778
2024-06-16 00:00:00+00:00,19487918.04111111
2024-06-16 01:00:00+00:00,23927173.453055557
2024-06-16 02:00:00+00:00,15631882.70611111
2024-06-16 03:00:00+00:00,15319745.746666666
2024-06-16 04:00:00+00:00,20039483.506944444
2024-06-16 05:00:00+00:00,18269180.244444445
2024-06-16 06:00:00+00:00,18270726.05861111
2024-06-16 07:00:00+00:00,22109934.85611111
2024-06-16 08:00:00+00:00,25468019.099166665
2024-06-16 09:00:00+00:00,24288332.09611111
2024-06-16 10:00:00+00:00,35171106.045833334
2024-06-16 11:00:00+00:00,20439005.65777778
2024-06-16 12:00:00+00:00,22846525.79638889
2024-06-16 13:00:00+00:00,23238311.78138889
2024-06-16 14:00:00+00:00,18231184.029166665
2024-06-16 15:00:00+00:00,16910109.239722222
2024-06-16 16:00:00+00:00,19222495.76777778
2024-06-16 17:00:00+00:00,22483698.49861111
2024-06-16 18:00:00+00:00,13268954.064444445
2024-06-16 19:00:00+00:00,14360176.855277779
2024-06-16 20:00:00+00:00,15578874.197222222
2024-06-16 21:00:00+00:00,15454938.163055556
2024-06-16 22:00:00+00:00,10100800.734166667
2024-06-16 23:00:00+00:00,8189945.346666667
2024-06-17 00:00:00+00:00,13975523.740833333
2024-06-17 01:00:00+00:00,15275502.209166666
2024-06-17 02:00:00+00:00,13342144.954722222
2024-06-17 03:00:00+00:00,11434997.350555556
2024-06-17 04:00:00+00:00,15055325.644166667
2024-06-17 05:00:00+00:00,10754760.028333334
2024-06-17 06:00:00+00:00,10980342.988333333
2024-06-17 07:00:00+00:00,19091698.890833333
2024-06-17 08:00:00+00:00,24667090.679722223
2024-06-17 09:00:00+00:00,27144663.375
2024-06-17 10:00:00+00:00,28522057.50888889
2024-06-17 11:00:00+00:00,28603336.381944444
2024-06-17 12:00:00+00:00,22110097.781666666
2024-06-17 13:00:00+00:00,26826091.634444445
2024-06-17 14:00:00+00:00,19619450.14638889
2024-06-17 15:00:00+00:00,22543837.78138889
2024-06-17 16:00:00+00:00,27708622.47611111
2024-06-17 17:00:00+00:00,20765308.605
2024-06-17 18:00:00+00:00,20115101.43222222
2024-06-17 19:00:00+00:00,15831409.383611111
2024-06-17 20:00:00+00:00,18630340.786666665
2024-06-17 21:00:00+00:00,19494506.907222223
2024-06-17 22:00:00+00:00,20612398.260833334
2024-06-17 23:00:00+00:00,20741163.374722224
2024-06-18 00:00:00+00:00,19302153.803333335
2024-06-18 01:00:00+00:00,29365155.25
2024-06-18 02:00:00+00:00,21168097.740555555
2024-06-18 03:00:00+00:00,13272749.176944444
2024-06-18 04:00:00+00:00,12843853.429444445
2024-06-18 05:00:00+00:00,18748169.853888888
2024-06-18 06:00:00+00:00,12662363.212777779
2024-06-18 07:00:00+00:00,19400613.4925
2024-06-18 08:00:00+00:00,21374640.93972222
2024-06-18 09:00:00+00:00,18058544.18527778
2024-06-18 10:00:00+00:00,16953146.54222222
2024-06-18 11:00:00+00:00,12500033.906111112
2024-06-18 12:00:00+00:00,10704888.087777779
2024-06-18 13:00:00+00:00,12823510.6725
2024-06-18 14:00:00+00:00,6894713.889722222
2024-06-18 15:00:00+00:00,10941263.457222221
2024-06-18 16:00:00+00:00,18269695.290555555
2024-06-18 17:00:00+00:00,17564586.229166668
2024-06-18 18:00:00+00:00,12283805.688055556
2024-06-18 19:00:00+00:00,11325910.52111111
2024-06-18 20:00:00+00:00,11015663.318333333
2024-06-18 21:00:00+00:00,11984623.936111111
2024-06-18 22:00:00+00:00,5783564.885277778
2024-06-18 23:00:00+00:00,8894251.59
2024-06-19 00:00:00+00:00,10699852.700555556
2024-06-19 01:00:00+00:00,11318430.954444444
2024-06-19 02:00:00+00:00,8109701.840833333
2024-06-19 03:00:00+00:00,7067979.188888889
2024-06-19 04:00:00+00:00,6633536.747222222
2024-06-19 05:00:00+00:00,6653940.525833333
2024-06-19 06:00:00+00:00,9749308.161944445
2024-06-19 07:00:00+00:00,11384920.0825
2024-06-19 08:00:00+00:00,9986716.454722222
2024-06-19 09:00:00+00:00,14077299.666666666
2024-06-19 10:00:00+00:00,15312739.446944445
2024-06-19 11:00:00+00:00,9110118.36611111
2024-06-19 12:00:00+00:00,12300734.60861111
2024-06-19 13:00:00+00:00,13050611.125277778
2024-06-19 14:00:00+00:00,8801997.078333333
2024-06-19 15:00:00+00:00,8398800.731111111
2024-06-19 16:00:00+00:00,8911629.888333334
2024-06-19 17:00:00+00:00,14493875.296388889
2024-06-19 18:00:00+00:00,29970649.1725
2024-06-19 19:00:00+00:00,20759868.8
2024-06-19 20:00:00+00:00,19724309.159444444
2024-06-19 21:00:00+00:00,16289304.494722223
2024-06-19 22:00:00+00:00,19717179.511666667
2024-06-19 23:00:00+00:00,16703597.116666667
2024-06-20 00:00:00+00:00,19549950.42777778
2024-06-20 01:00:00+00:00,14656680.393333333
2024-06-20 02:00:00+00:00,12034091.294444444
2024-06-20 03:00:00+00:00,17799281.07611111
2024-06-20 04:00:00+00:00,17964825.17388889
2024-06-20 05:00:00+00:00,19491845.115
2024-06-20 06:00:00+00:00,24619389.411111113
2024-06-20 07:00:00+00:00,18510595.815277778
2024-06-20 08:00:00+00:00,19558688.54027778
2024-06-20 09:00:00+00:00,20154301.183333334
2024-06-20 10:00:00+00:00,25613523.905833334
2024-06-20 11:00:00+00:00,23763457.156944446
2024-06-20 12:00:00+00:00,27608006.705833334
2024-06-20 13:00:00+00:00,25800861.251944445
2024-06-20 14:00:00+00:00,28551359.119444445
2024-06-20 15:00:00+00:00,15270095.33638889
2024-06-20 16:00:00+00:00,17084441.964166667
2024-06-20 17:00:00+00:00,8508970.730833333
2024-06-20 18:00:00+00:00,18528546.73
2024-06-20 19:00:00+00:00,14395019.595277777
2024-06-20 20:00:00+00:00,10666467.781666666
2024-06-20 21:00:00+00:00,15178298.31138889
2024-06-20 22:00:00+00:00,10025763.236666666
2024-06-20 23:00:00+00:00,23314802.211666666
2024-06-21 00:00:00+00:00,14038534.71
2024-06-21 01:00:00+00:00,19771856.371944446
2024-06-21 02:00:00+00:00,14414592.869166667
2024-06-21 03:00:00+00:00,12494264.388055556
2024-06-21 04:00:00+00:00,15949458.968888888
2024-06-21 05:00:00+00:00,18220324.433055557
2024-06-21 06:00:00+00:00,18867061.807777777
2024-06-21 07:00:00+00:00,16418453.683888888
2024-06-21 08:00:00+00:00,20409749.846944444
2024-06-21 09:00:00+00:00,18684015.857777778
2024-06-21 10:00:00+00:00,22423854.68138889
2024-06-21 11:00:00+00:00,27093289.629166666
2024-06-21 12:00:00+00:00,29452246.411111113
2024-06-21 13:00:00+00:00,39142814.623333335
2024-06-21 14:00:00+00:00,24465763.205833334
2024-06-21 15:00:00+00:00,23391187.88472222
2024-06-21 16:00:00+00:00,20581315.505555555
2024-06-21 17:00:00+00:00,26953176.913055554
2024-06-21 18:00:00+00:00,37159388.445
2024-06-21 19:00:00+00:00,18553583.65611111
2024-06-21 20:00:00+00:00,20118287.31472222
2024-06-21 21:00:00+00:00,31797754.129722223
2024-06-21 22:00:00+00:00,39013614.11277778
2024-06-21 23:00:00+00:00,19419350.383055557
2024-06-22 00:00:00+00:00,22046874.29027778
2024-06-22 01:00:00+00:00,16452185.384166667
2024-06-22 02:00:00+00:00,14720871.392222222
2024-06-22 03:00:00+00:00,15441230.234444445
2024-06-22 04:00:00+00:00,24369862.5075
2024-06-22 05:00:00+00:00,14999620.450833334
2024-06-22 06:00:00+00:00,24162176.898333333
2024-06-22 07:00:00+00:00,17540556.295555554
2024-06-22 08:00:00+00:00,20489847.918333333
2024-06-22 09:00:00+00:00,26731927.958333332
2024-06-22 10:00:00+00:00,23091978.019722223
2024-06-22 11:00:00+00:00,29064746.28
2024-06-22 12:00:00+00:00,23174831.812777776
2024-06-22 13:00:00+00:00,18423800.13388889
2024-06-22 14:00:00+00:00,17833462.044444446
2024-06-22 15:00:00+00:00,22212198.364444446
2024-06-22 16:00:00+00:00,21051318.089166667
2024-06-22 17:00:00+00:00,18321398.85
2024-06-22 18:00:00+00:00,16641741.092222223
2024-06-22 19:00:00+00:00,28230811.261944443
2024-06-22 20:00:00+00:00,23951161.661944445
2024-06-22 21:00:00+00:00,30330297.138888888
2024-06-22 22:00:00+00:00,14080903.993055556
2024-06-22 23:00:00+00:00,19024195.536666665
2024-06-23 00:00:00+00:00,19844004.3175
2024-06-23 01:00:00+00:00,22386010.898055557
2024-06-23 02:00:00+00:00,15391502.55611111
2024-06-23 03:00:00+00:00,17911670.45
2024-06-23 04:00:00+00:00,15496100.572777778
2024-06-23 05:00:00+00:00,18565641.70888889
2024-06-23 06:00:00+00:00,17892837.750833333
2024-06-23 07:00:00+00:00,20555746.723333333
2024-06-23 08:00:00+00:00,25811120.21
2024-06-23 09:00:00+00:00,22945461.175
2024-06-23 10:00:00+00:00,27632281.088055555
2024-06-23 11:00:00+00:00,21912863.96277778
2024-06-23 12:00:00+00:00,31028511.008333333
2024-06-23 13:00:00+00:00,29184909.34972222
2024-06-23 14:00:00+00:00,19835350.946944445
2024-06-23 15:00:00+00:00,23613474.030277777
2024-06-23 16:00:00+00:00,15723153.54138889
2024-06-23 17:00:00+00:00,24382491.65611111
2024-06-23 18:00:00+00:00,23829410.60472222
2024-06-23 19:00:00+00:00,20421305.291666668
2024-06-23 20:00:00+00:00,25585874.478055555
2024-06-23 21:00:00+00:00,20206071.241944443
2024-06-23 22:00:00+00:00,14413339.201388888
2024-06-23 23:00:00+00:00,20926897.799444444
2024-06-24 00:00:00+00:00,21272586.548055556
2024-06-24 01:00:00+00:00,19618328.266944446
2024-06-24 02:00:00+00:00,13881342.68111111
2024-06-24 03:00:00+00:00,11404849.66888889
2024-06-24 04:00:00+00:00,16501054.105555555
2024-06-24 05:00:00+00:00,15059728.13611111
2024-06-24 06:00:00+00:00,18635626.22111111
2024-06-24 07:00:00+00:00,17847504.652222224
2024-06-24 08:00:00+00:00,19794606.948055554
2024-06-24 09:00:00+00:00,20256070.41527778
2024-06-24 10:00:00+00:00,25243017.008611113
2024-06-24 11:00:00+00:00,18246136.2925
2024-06-24 12:00:00+00:00,22422403.348055556
2024-06-24 13:00:00+00:00,19370804.428055555
2024-06-24 14:00:00+00:00,21331000.94861111
2024-06-24 15:00:00+00:00,20272419.21722222
2024-06-24 16:00:00+00:00,21714481.28
2024-06-24 17:00:00+00:00,16325603.13
2024-06-24 18:00:00+00:00,23531105.52361111
2024-06-24 19:00:00+00:00,22381568.36527778
2024-06-24 20:00:00+00:00,22416326.501666665
2024-06-24 21:00:00+00:00,34373626.66611111
2024-06-24 22:00:00+00:00,22010289.095
2024-06-24 23:00:00+00:00,21881236.3425
2024-06-25 00:00:00+00:00,20392677.065555554
2024-06-25 01:00:00+00:00,14545875.427222222
2024-06-25 02:00:00+00:00,17759625.003333334
2024-06-25 03:00:00+00:00,17945393.287777778
2024-06-25 04:00:00+00:00,22717451.58416667
2024-06-25 05:00:00+00:00,22025251.296944443
2024-06-25 06:00:00+00:00,21461089.82
2024-06-25 07:00:00+00:00,30798060.893333334
2024-06-25 08:00:00+00:00,23993503.454166666
2024-06-25 09:00:00+00:00,29242403.373888887
2024-06-25 10:00:00+00:00,34920428.920277774
2024-06-25 11:00:00+00:00,29813908.52972222
2024-06-25 12:00:00+00:00,33277103.77
2024-06-25 13:00:00+00:00,23404750.99027778
2024-06-25 14:00:00+00:00,22910663.819166668
2024-06-25 15:00:00+00:00,21989967.34972222
2024-06-25 16:00:00+00:00,36010659.20305555
2024-06-25 17:00:00+00:00,21830402.38083333
2024-06-25 18:00:00+00:00,19296967.248333335
2024-06-25 19:00:00+00:00,20297177.122222222
2024-06-25 20:00:00+00:00,25160393.70083333
2024-06-25 21:00:00+00:00,27618369.077777777
2024-06-25 22:00:00+00:00,17845152.644166667
2024-06-25 23:00:00+00:00,22211942.321111113
2024-06-26 00:00:00+00:00,26541510.45777778
2024-06-26 01:00:00+00:00,22220784.604166668
2024-06-26 02:00:00+00:00,15320088.596944444
2024-06-26 03:00:00+00:00,20268132.41
2024-06-26 04:00:00+00:00,23046727.84138889
2024-06-26 05:00:00+00:00,23359028.701666668
2024-06-26 06:00:00+00:00,31627467.70361111
2024-06-26 07:00:00+00:00,21579695.42416667
2024-06-26 08:00:00+00:00,22043592.053333335
2024-06-26 09:00:00+00:00,24794778.715277776
2024-06-26 10:00:00+00:00,30558028.684722222
2024-06-26 11:00:00+00:00,28510911.51861111
2024-06-26 12:00:00+00:00,16360718.509722222
2024-06-26 13:00:00+00:00,23599150.18388889
2024-06-26 14:00:00+00:00,22178098.37277778
2024-06-26 15:00:00+00:00,16347721.457777778
2024-06-26 16:00:00+00:00,20484750.23527778
2024-06-26 17:00:00+00:00,21077150.191944443
2024-06-26 18:00:00+00:00,16678620.555
2024-06-26 19:00:00+00:00,13822371.870833334
2024-06-26 20:00:00+00:00,24724531.999166667
2024-06-26 21:00:00+00:00,24199460.027777776
2024-06-26 22:00:00+00:00,25308500.981666666
2024-06-26 23:00:00+00:00,22031285.351666667
2024-06-27 00:00:00+00:00,12586912.8675
2024-06-27 01:00:00+00:00,21282072.704722222
2024-06-27 02:00:00+00:00,17283692.779166665
2024-06-27 03:00:00+00:00,17003880.605833333
2024-06-27 04:00:00+00:00,15518364.100555556
2024-06-27 05:00:00+00:00,20789523.062222224
2024-06-27 06:00:00+00:00,20727445.671944443
2024-06-27 07:00:00+00:00,27276502.016666666
2024-06-27 08:00:00+00:00,29256288.35138889
2024-06-27 09:00:00+00:00,20838588.800833333
2024-06-27 10:00:00+00:00,23420777.967777777
2024-06-27 11:00:00+00:00,26451857.350833334
2024-06-27 12:00:00+00:00,27281838.276666667
2024-06-27 13:00:00+00:00,20670583.019444443
2024-06-27 14:00:00+00:00,33111276.837222222
2024-06-27 15:00:00+00:00,18358779.58111111
2024-06-27 16:00:00+00:00,24367226.3925
2024-06-27 17:00:00+00:00,18307037.436666667
2024-06-27 18:00:00+00:00,14889205.855833333
2024-06-27 19:00:00+00:00,13784200.947777778
2024-06-27 20:00:00+00:00,17578505.181944445
2024-06-27 21:00:00+00:00,20619777.835
2024-06-27 22:00:00+00:00,14327565.795277778
2024-06-27 23:00:00+00:00,16945024.58416667
2024-06-28 00:00:00+00:00,19423945.469722223
2024-06-28 01:00:00+00:00,15705156.311666667
2024-06-28 02:00:00+00:00,18279367.55861111
2024-06-28 03:00:00+00:00,12471141.891944444
2024-06-28 04:00:00+00:00,20835157.875555556
2024-06-28 05:00:00+00:00,16313579.443333333
2024-06-28 06:00:00+00:00,24587396.40611111
2024-06-28 07:00:00+00:00,18150666.988055557
2024-06-28 08:00:00+00:00,20324879.957222223
2024-06-28 09:00:00+00:00,25192046.351666667
2024-06-28 10:00:00+00:00,22040733.62638889
2024-06-28 11:00:00+00:00,17693954.91388889
2024-06-28 12:00:00+00:00,21952911.077777777
2024-06-28 13:00:00+00:00,19814330.95916667
2024-06-28 14:00:00+00:00,9045959.014166666
2024-06-28 15:00:00+00:00,10631813.030277777
2024-06-28 16:00:00+00:00,17583054.163055554
2024-06-28 17:00:00+00:00,22018064.517222222
2024-06-28 18:00:00+00:00,17810633.46277778
2024-06-28 19:00:00+00:00,19409020.326666668
2024-06-28 20:00:00+00:00,19642988.43166667
2024-06-28 21:00:00+00:00,18391070.456944443
2024-06-28 22:00:00+00:00,12464040.027777778
2024-06-28 23:00:00+00:00,13539600.994444445
2024-06-29 00:00:00+00:00,14351821.125833333
2024-06-29 01:00:00+00:00,13527715.128888888
2024-06-29 02:00:00+00:00,12893604.474166667
2024-06-29 03:00:00+00:00,11120262.598333333
2024-06-29 04:00:00+00:00,16513248.930833334
2024-06-29 05:00:00+00:00,9186569.289166667
2024-06-29 06:00:00+00:00,21184985.838055555
2024-06-29 07:00:00+00:00,19011747.50388889
2024-06-29 08:00:00+00:00,23755778.53722222
2024-06-29 09:00:00+00:00,26635031.251666665
2024-06-29 10:00:00+00:00,21067836.87138889
2024-06-29 11:00:00+00:00,21076825.89888889
2024-06-29 12:00:00+00:00,19623986.3375
2024-06-29 13:00:00+00:00,13677008.094722223
2024-06-29 14:00:00+00:00,24557600.549444444
2024-06-29 15:00:00+00:00,9229432.709722223
2024-06-29 16:00:00+00:00,20968385.54361111
2024-06-29 17:00:00+00:00,31629263.18166667
2024-06-29 18:00:00+00:00,13909612.975555556
2024-06-29 19:00:00+00:00,22462331.770833332
2024-06-29 20:00:00+00:00,26497833.161666665
2024-06-29 21:00:00+00:00,22823716.30111111
2024-06-29 22:00:00+00:00,27610059.940555554
2024-06-29 23:00:00+00:00,17199568.38611111
2024-06-30 00:00:00+00:00,30907776.5475
2024-06-30 01:00:00+00:00,23603892.492777776
2024-06-30 02:00:00+00:00,18200611.749722224
2024-06-30 03:00:00+00:00,27102200.528055556
2024-06-30 04:00:00+00:00,22059551.48361111
2024-06-30 05:00:00+00:00,21460559.70083333
2024-06-30 06:00:00+00:00,19736409.53138889
2024-06-30 07:00:00+00:00,21887793.876111113
2024-06-30 08:00:00+00:00,32644829.71111111
2024-06-30 09:00:00+00:00,27110545.01138889
2024-06-30 10:00:00+00:00,27072830.2
2024-06-30 11:00:00+00:00,19931636.975
2024-06-30 12:00:00+00:00,43073625.04694445
2024-06-30 13:00:00+00:00,29768872.78
2024-06-30 14:00:00+00:00,21809426.38611111
2024-06-30 15:00:00+00:00,31419283.771111112
2024-06-30 16:00:00+00:00,25266490.0225
2024-06-30 17:00:00+00:00,15707165.12
2024-06-30 18:00:00+00:00,16330447.035833333
2024-06-30 19:00:00+00:00,14583218.329166668
2024-06-30 20:00:00+00:00,17687564.63083333
2024-06-30 21:00:00+00:00,19571255.750555556
2024-06-30 22:00:00+00:00,20805368.265833333
2024-06-30 23:00:00+00:00,24071651.81388889
2024-07-01 00:00:00+00:00,19357366.44111111
2024-07-01 01:00:00+00:00,14294603.45
2024-07-01 02:00:00+00:00,19683589.746666666
2024-07-01 03:00:00+00:00,18020608.187222224
2024-07-01 04:00:00+00:00,15508626.776944444
2024-07-01 05:00:00+00:00,20723549.8275
2024-07-01 06:00:00+00:00,20691238.6875
2024-07-01 07:00:00+00:00,19602596.261944443
2024-07-01 08:00:00+00:00,22813733.339166667
2024-07-01 09:00:00+00:00,29049005.629444443
2024-07-01 10:00:00+00:00,29286694.664722223
2024-07-01 11:00:00+00:00,34112187.060555555
2024-07-01 12:00:00+00:00,25673571.425
2024-07-01 13:00:00+00:00,25429952.323333334
2024-07-01 14:00:00+00:00,34027998.39305556
2024-07-01 15:00:00+00:00,15243262.0325
2024-07-01 16:00:00+00:00,31751737.461944446
2024-07-01 17:00:00+00:00,14347705.35861111
2024-07-01 18:00:00+00:00,21932005.341111112
2024-07-01 19:00:00+00:00,19523076.796666667
2024-07-01 20:00:00+00:00,20757948.915555555
2024-07-01 21:00:00+00:00,25956582.03361111
2024-07-01 22:00:00+00:00,18322391.219444446
2024-07-01 23:00:00+00:00,22055448.712222222
2024-07-02 00:00:00+00:00,19158856.345555555
2024-07-02 01:00:00+00:00,22631409.251944445
2024-07-02 02:00:00+00:00,14616399.97
2024-07-02 03:00:00+00:00,14192695.675555555
2024-07-02 04:00:00+00:00,18587327.469166666
2024-07-02 05:00:00+00:00,34306334.284444444
2024-07-02 06:00:00+00:00,26758545.963055555
2024-07-02 07:00:00+00:00,22001313.14361111
2024-07-02 08:00:00+00:00,19113420.117222223
2024-07-02 09:00:00+00:00,39301394.685555555
2024-07-02 10:00:00+00:00,24885807.170555554
2024-07-02 11:00:00+00:00,27661489.29222222
2024-07-02 12:00:00+00:00,40160807.450555556
2024-07-02 13:00:00+00:00,25626167.52388889
2024-07-02 14:00:00+00:00,22749299.638055556
2024-07-02 15:00:00+00:00,26060476.591666665
2024-07-02 16:00:00+00:00,35429174.465833336
2024-07-02 17:00:00+00:00,17755542.241944443
2024-07-02 18:00:00+00:00,17364437.186944444
2024-07-02 19:00:00+00:00,19184033.76361111
2024-07-02 20:00:00+00:00,20696567.269722223
2024-07-02 21:00:00+00:00,28370473.97861111
2024-07-02 22:00:00+00:00,19322022.51472222
2024-07-02 23:00:00+00:00,21842797.61361111
2024-07-03 00:00:00+00:00,26463497.62277778
2024-07-03 01:00:00+00:00,18774061.08777778
2024-07-03 02:00:00+00:00,20673167.898333333
2024-07-03 03:00:00+00:00,20146198.15611111
2024-07-03 04:00:00+00:00,15980986.539166667
2024-07-03 05:00:00+00:00,23162491.660555556
2024-07-03 06:00:00+00:00,27839799.439444445
2024-07-03 07:00:00+00:00,22572821.9525
2024-07-03 08:00:00+00:00,29016377.864444446
2024-07-03 09:00:00+00:00,23725501.29
2024-07-03 10:00:00+00:00,33895091.89638889
2024-07-03 11:00:00+00:00,24193739.73722222
2024-07-03 12:00:00+00:00,29973888.59222222
2024-07-03 13:00:00+00:00,24119976.17777778
2024-07-03 14:00:00+00:00,24825967.184444446
2024-07-03 15:00:00+00:00,25739065.791666668
2024-07-03 16:00:00+00:00,15058390.208055556
2024-07-03 17:00:00+00:00,32444341.249722224
2024-07-03 18:00:00+00:00,25293809.374722224
2024-07-03 19:00:00+00:00,22791792.21138889
2024-07-03 20:00:00+00:00,20763907.584444445
2024-07-03 21:00:00+00:00,33317633.70222222
2024-07-03 22:00:00+00:00,25019840.76138889
2024-07-03 23:00:00+00:00,30073564.95972222
2024-07-04 00:00:00+00:00,26359004.4275
2024-07-04 01:00:00+00:00,29159708.83138889
2024-07-04 02:00:00+00:00,23078792.433055557
2024-07-04 03:00:00+00:00,14037845.065833334
2024-07-04 04:00:00+00:00,21740792.976666667
2024-07-04 05:00:00+00:00,22330211.69138889
2024-07-04 06:00:00+00:00,18766853.797222223
2024-07-04 07:00:00+00:00,23101231.23527778
2024-07-04 08:00:00+00:00,25666153.80888889
2024-07-04 09:00:00+00:00,23126066.159722224
2024-07-04 10:00:00+00:00,29455797.693055555
2024-07-04 11:00:00+00:00,28466535.17472222
2024-07-04 12:00:00+00:00,21695858.405555554
2024-07-04 13:00:00+00:00,19488908.436388887
2024-07-04 14:00:00+00:00,18423599.305555556
2024-07-04 15:00:00+00:00,19699856.523333333
2024-07-04 16:00:00+00:00,17403485.52
2024-07-04 17:00:00+00:00,17474274.733055554
2024-07-04 18:00:00+00:00,18062753.565
2024-07-04 19:00:00+00:00,29262828.028611112
2024-07-04 20:00:00+00:00,16289649.418611111
2024-07-04 21:00:00+00:00,29545235.214722224
2024-07-04 22:00:00+00:00,19463430.21861111
2024-07-04 23:00:00+00:00,22583086.059166666
2024-07-05 00:00:00+00:00,23068902.99638889
2024-07-05 01:00:00+00:00,23621917.786666665
2024-07-05 02:00:00+00:00,24657451.78
2024-07-05 03:00:00+00:00,15797313.555833334
2024-07-05 04:00:00+00:00,20187681.464166667
2024-07-05 05:00:00+00:00,19113865.71
2024-07-05 06:00:00+00:00,14862846.487222223
2024-07-05 07:00:00+00:00,20830667.721944444
2024-07-05 08:00:00+00:00,26762365.412777778
2024-07-05 09:00:00+00:00,23813519.533055555
2024-07-05 10:00:00+00:00,23947486.5525
2024-07-05 11:00:00+00:00,21771478.47611111
2024-07-05 12:00:00+00:00,24806882.900833335
2024-07-05 13:00:00+00:00,18706314.247222222
2024-07-05 14:00:00+00:00,14556940.067222223
2024-07-05 15:00:00+00:00,20021827.3275
2024-07-05 16:00:00+00:00,24436571.795555554
2024-07-05 17:00:00+00:00,16447615.001944445
2024-07-05 18:00:00+00:00,18465944.6075
2024-07-05 19:00:00+00:00,13803355.867777778
2024-07-05 20:00:00+00:00,23671150.701944444
2024-07-05 21:00:00+00:00,28728539.80888889
2024-07-05 22:00:00+00:00,14678659.4125
2024-07-05 23:00:00+00:00,20077501.20611111
2024-07-06 00:00:00+00:00,19331315.411944445
2024-07-06 01:00:00+00:00,31491993.315
2024-07-06 02:00:00+00:00,18100860.150833335
2024-07-06 03:00:00+00:00,19644706.394722223
2024-07-06 04:00:00+00:00,16416859.141111111
2024-07-06 05:00:00+00:00,16943832.251666665
2024-07-06 06:00:00+00:00,16111670.408611111
2024-07-06 07:00:00+00:00,16683082.596666666
2024-07-06 08:00:00+00:00,23599833.777222224
2024-07-06 09:00:00+00:00,28585274.958333332
2024-07-06 10:00:00+00:00,29697398.076666668
2024-07-06 11:00:00+00:00,24670379.19638889
2024-07-06 12:00:00+00:00,21996902.550555557
2024-07-06 13:00:00+00:00,14562071.39888889
2024-07-06 14:00:00+00:00,18183812.035555556
2024-07-06 15:00:00+00:00,21327695.953333333
2024-07-06 16:00:00+00:00,15125037.088055555
2024-07-06 17:00:00+00:00,27912477.929722223
2024-07-06 18:00:00+00:00,10394468.191111112
2024-07-06 19:00:00+00:00,18404455.80277778
2024-07-06 20:00:00+00:00,17255573.77
2024-07-06 21:00:00+00:00,12875608.1875
2024-07-06 22:00:00+00:00,14477803.573333334
2024-07-06 23:00:00+00:00,15208684.094166666
2024-07-07 00:00:00+00:00,21147037.5275
2024-07-07 01:00:00+00:00,16085017.165
2024-07-07 02:00:00+00:00,11674647.787222221
2024-07-07 03:00:00+00:00,15923670.884722222
2024-07-07 04:00:00+00:00,10976012.29138889
2024-07-07 05:00:00+00:00,18120337.51138889
2024-07-07 06:00:00+00:00,18796337.72777778
2024-07-07 07:00:00+00:00,16026992.56888889
2024-07-07 08:00:00+00:00,23570760.73111111
2024-07-07 09:00:00+00:00,19697171.284444444
2024-07-07 10:00:00+00:00,28665174.340277776
2024-07-07 11:00:00+00:00,21002144.059722222
2024-07-07 12:00:00+00:00,17843381.856666666
2024-07-07 13:00:00+00:00,17659489.317222223
2024-07-07 14:00:00+00:00,12681299.155555556
2024-07-07 15:00:00+00:00,17834583.29388889
2024-07-07 16:00:00+00:00,11494469.335277777
2024-07-07 17:00:00+00:00,13579904.966666667
2024-07-07 18:00:00+00:00,18186956.300833333
2024-07-07 19:00:00+00:00,14137947.131111111
2024-07-07 20:00:00+00:00,12767872.391666668
2024-07-07 21:00:00+00:00,26056699.479166668
2024-07-07 22:00:00+00:00,17473455.555277776
2024-07-07 23:00:00+00:00,14449206.500555556
2024-07-08 00:00:00+00:00,17489935.01888889
2024-07-08 01:00:00+00:00,18409409.963055555
2024-07-08 02:00:00+00:00,15046213.091944445
2024-07-08 03:00:00+00:00,10847974.860833334
2024-07-08 04:00:00+00:00,15043816.285833333
2024-07-08 05:00:00+00:00,20953353.84222222
2024-07-08 06:00:00+00:00,10898317.11388889
2024-07-08 07:00:00+00:00,15475382.914166667
2024-07-08 08:00:00+00:00,19062209.050555557
2024-07-08 09:00:00+00:00,16777961.454722222
2024-07-08 10:00:00+00:00,14533237.939722221
2024-07-08 11:00:00+00:00,14727629.80361111
2024-07-08 12:00:00+00:00,32955110.056944445
2024-07-08 13:00:00+00:00,18935715.8775
2024-07-08 14:00:00+00:00,20797325.97611111
2024-07-08 15:00:00+00:00,12648364.670555556
2024-07-08 16:00:00+00:00,14951245.931666667
2024-07-08 17:00:00+00:00,14930515.43111111
2024-07-08 18:00:00+00:00,20918523.08638889
2024-07-08 19:00:00+00:00,15291615.5275
2024-07-08 20:00:00+00:00,23290671.992222223
2024-07-08 21:00:00+00:00,19558739.2575
2024-07-08 22:00:00+00:00,17824720.28861111
2024-07-08 23:00:00+00:00,21230208.06777778
2024-07-09 00:00:00+00:00,18596610.248055555
2024-07-09 01:00:00+00:00,16794905.971666668
2024-07-09 02:00:00+00:00,20694337.932777777
2024-07-09 03:00:00+00:00,26912417.870833334
2024-07-09 04:00:00+00:00,17766867.389444444
2024-07-09 05:00:00+00:00,16041257.599444445
2024-07-09 06:00:00+00:00,22563478.61388889
2024-07-09 07:00:00+00:00,16092237.977222223
2024-07-09 08:00:00+00:00,17354699.063611113
2024-07-09 09:00:00+00:00,33842342.36472222
2024-07-09 10:00:00+00:00,23196937.05
2024-07-09 11:00:00+00:00,17434324.01333333
2024-07-09 12:00:00+00:00,18559013.440555554
2024-07-09 13:00:00+00:00,15930024.799166666
2024-07-09 14:00:00+00:00,18032261.963333335
2024-07-09 15:00:00+00:00,22458838.578333333
2024-07-09 16:00:00+00:00,18119668.873055555
2024-07-09 17:00:00+00:00,21731084.658055555
2024-07-09 18:00:00+00:00,14135719.828055555
2024-07-09 19:00:00+00:00,27691452.675
2024-07-09 20:00:00+00:00,21559808.231944446
2024-07-09 21:00:00+00:00,18914250.74111111
2024-07-09 22:00:00+00:00,17770767.774722222
2024-07-09 23:00:00+00:00,12090657.286388889
2024-07-10 00:00:00+00:00,14204364.840833334
2024-07-10 01:00:00+00:00,8491870.696666667
2024-07-10 02:00:00+00:00,12922546.934444444
2024-07-10 03:00:00+00:00,10523439.940277778
2024-07-10 04:00:00+00:00,11318500.621944444
2024-07-10 05:00:00+00:00,19402291.05666667
2024-07-10 06:00:00+00:00,12956368.163333334
2024-07-10 07:00:00+00:00,19074624.7825
2024-07-10 08:00:00+00:00,11062749.618055556
2024-07-10 09:00:00+00:00,12952287.283055555
2024-07-10 10:00:00+00:00,12030785.955277778
2024-07-10 11:00:00+00:00,23455224.41972222
2024-07-10 12:00:00+00:00,18217597.701666668
2024-07-10 13:00:00+00:00,14295586.325833334
2024-07-10 14:00:00+00:00,30141619.343333334
2024-07-10 15:00:00+00:00,11232592.123055555
2024-07-10 16:00:00+00:00,15717613.6425
2024-07-10 17:00:00+00:00,13069030.441944445
2024-07-10 18:00:00+00:00,14691610.317222223
2024-07-10 19:00:00+00:00,12444698.225833334
2024-07-10 20:00:00+00:00,14460096.299722223
2024-07-10 21:00:00+00:00,12187418.835
2024-07-10 22:00:00+00:00,13625591.941388888
2024-07-10 23:00:00+00:00,9784964.755
2024-07-11 00:00:00+00:00,6870530.155833334
2024-07-11 01:00:00+00:00,6745833.963055556
2024-07-11 02:00:00+00:00,17354487.166944444
2024-07-11 03:00:00+00:00,9976067.304722222
2024-07-11 04:00:00+00:00,19080055.324444443
2024-07-11 05:00:00+00:00,8718106.563055556
2024-07-11 06:00:00+00:00,25893872.786944445
2024-07-11 07:00:00+00:00,18404107.10611111
2024-07-11 08:00:00+00:00,26917750.978888888
2024-07-11 09:00:00+00:00,33161680.87
2024-07-11 10:00:00+00:00,22564785.455833334
2024-07-11 11:00:00+00:00,31712551.89861111
2024-07-11 12:00:00+00:00,42968037.12916667
2024-07-11 13:00:00+00:00,37177093.03972222
2024-07-11 14:00:00+00:00,24528897.078055557
2024-07-11 15:00:00+00:00,28024660.845833335
2024-07-11 16:00:00+00:00,41690092.48416667
2024-07-11 17:00:00+00:00,31272283.388055556
2024-07-11 18:00:00+00:00,35066744.3875
2024-07-11 19:00:00+00:00,32626424.606666666
2024-07-11 20:00:00+00:00,28684993.888055556
2024-07-11 21:00:00+00:00,30204459.033888888
2024-07-11 22:00:00+00:00,29622657.320555557
2024-07-11 23:00:00+00:00,28113576.077777777
2024-07-12 00:00:00+00:00,29770214.93361111
2024-07-12 01:00:00+00:00,30516039.731666666
2024-07-12 02:00:00+00:00,30453550.786944445
2024-07-12 03:00:00+00:00,28703221.538333334
2024-07-12 04:00:00+00:00,20907951.612777777
2024-07-12 05:00:00+00:00,32863433.305277776
2024-07-12 06:00:00+00:00,19923685.9175
2024-07-12 07:00:00+00:00,21250178.285555556
2024-07-12 08:00:00+00:00,25326443.151388887
2024-07-12 09:00:00+00:00,28803674.693055555
2024-07-12 10:00:00+00:00,28271155.860833332
2024-07-12 11:00:00+00:00,23173873.674444444
2024-07-12 12:00:00+00:00,22893985.32888889
2024-07-12 13:00:00+00:00,28553496.416944444
2024-07-12 14:00:00+00:00,27332177.3775
2024-07-12 15:00:00+00:00,32956778.152222224
2024-07-12 16:00:00+00:00,26053596.539444443
2024-07-12 17:00:00+00:00,27313542.027222224
2024-07-12 18:00:00+00:00,31285522.964444444
2024-07-12 19:00:00+00:00,22356914.550833333
2024-07-12 20:00:00+00:00,32551180.813055556
2024-07-12 21:00:00+00:00,31163228.627777778
2024-07-12 22:00:00+00:00,17826843.370555557
2024-07-12 23:00:00+00:00,20812219.489166666
2024-07-13 00:00:00+00:00,25885889.892222222
2024-07-13 01:00:00+00:00,27941240.15861111
2024-07-13 02:00:00+00:00,24882960.444166668
2024-07-13 03:00:00+00:00,24918754.78638889
2024-07-13 04:00:00+00:00,28886471.94
2024-07-13 05:00:00+00:00,21975020.509444445
2024-07-13 06:00:00+00:00,23714515.87861111
2024-07-13 07:00:00+00:00,25105699.794166666
2024-07-13 08:00:00+00:00,40942399.6225
2024-07-13 09:00:00+00:00,34829637.56916667
2024-07-13 10:00:00+00:00,35778965.700833336
2024-07-13 11:00:00+00:00,27334738.626111113
2024-07-13 12:00:00+00:00,28396278.04361111
2024-07-13 13:00:00+00:00,26055194.791666668
2024-07-13 14:00:00+00:00,22807981.563055556
2024-07-13 15:00:00+00:00,29086942.552222222
2024-07-13 16:00:00+00:00,23699529.01611111
2024-07-13 17:00:00+00:00,22688068.734722223
2024-07-13 18:00:00+00:00,20725739.554166667
2024-07-13 19:00:00+00:00,22871114.30111111
2024-07-13 20:00:00+00:00,20186584.67777778
2024-07-13 21:00:00+00:00,22745122.983055554
2024-07-13 22:00:00+00:00,24734347.020833332
2024-07-13 23:00:00+00:00,28312951.561666667
2024-07-14 00:00:00+00:00,22464388.28638889
2024-07-14 01:00:00+00:00,25312722.14277778
2024-07-14 02:00:00+00:00,20486677.52388889
2024-07-14 03:00:00+00:00,18416742.758055557
2024-07-14 04:00:00+00:00,22201614.985
2024-07-14 05:00:00+00:00,21372547.20083333
2024-07-14 06:00:00+00:00,19665111.038055554
2024-07-14 07:00:00+00:00,21102043.066666666
2024-07-14 08:00:00+00:00,20217611.196666665
2024-07-14 09:00:00+00:00,29159891.86527778
2024-07-14 10:00:00+00:00,24149154.464444444
2024-07-14 11:00:00+00:00,31465893.47
2024-07-14 12:00:00+00:00,17888623.847777776
2024-07-14 13:00:00+00:00,17154272.471388888
2024-07-14 14:00:00+00:00,25460714.908888888
2024-07-14 15:00:00+00:00,20525834.33861111
2024-07-14 16:00:00+00:00,26829035.37861111
2024-07-14 17:00:00+00:00,18335764.29222222
2024-07-14 18:00:00+00:00,19280752.867222223
2024-07-14 19:00:00+00:00,18308426.292777777
2024-07-14 20:00:00+00:00,21497392.241388887
2024-07-14 21:00:00+00:00,27547991.830555554
