time,throughput_bps
2023-10-09 00:00:00+00:00,359240.7675
2023-10-09 01:00:00+00:00,415450.3511111111
2023-10-09 02:00:00+00:00,644003.2694444444
2023-10-09 03:00:00+00:00,1405691.4427777778
2023-10-09 04:00:00+00:00,1704627.0902777778
2023-10-09 05:00:00+00:00,1667778.203611111
2023-10-09 06:00:00+00:00,2249373.737777778
2023-10-09 07:00:00+00:00,2117114.32
2023-10-09 08:00:00+00:00,2867963.118888889
2023-10-09 09:00:00+00:00,2585793.8977777776
2023-10-09 10:00:00+00:00,4195326.852222222
2023-10-09 11:00:00+00:00,4025498.3930555554
2023-10-09 12:00:00+00:00,2251235.446666667
2023-10-09 13:00:00+00:00,1532813.243888889
2023-10-09 14:00:00+00:00,2270230.890277778
2023-10-09 15:00:00+00:00,2484440.153611111
2023-10-09 16:00:00+00:00,4030373.855555556
2023-10-09 17:00:00+00:00,2043881.216388889
2023-10-09 18:00:00+00:00,3686343.361666667
2023-10-09 19:00:00+00:00,1471133.5519444444
2023-10-09 20:00:00+00:00,847050.1694444445
2023-10-09 21:00:00+00:00,349104.71777777775
2023-10-09 22:00:00+00:00,546017.63
2023-10-09 23:00:00+00:00,218691.12833333333
2023-10-10 00:00:00+00:00,239519.17583333334
2023-10-10 01:00:00+00:00,202477.98944444445
2023-10-10 02:00:00+00:00,284270.57444444444
2023-10-10 03:00:00+00:00,784449.2780555555
2023-10-10 04:00:00+00:00,1751452.3477777778
2023-10-10 05:00:00+00:00,1974159.1266666667
2023-10-10 06:00:00+00:00,2275123.4105555555
2023-10-10 07:00:00+00:00,3012286.0447222223
2023-10-10 08:00:00+00:00,3019371.831944444
2023-10-10 09:00:00+00:00,2812286.4366666665
2023-10-10 10:00:00+00:00,3898101.4316666666
2023-10-10 11:00:00+00:00,4237433.061944445
2023-10-10 12:00:00+00:00,2753228.976111111
2023-10-10 13:00:00+00:00,3435198.476111111
2023-10-10 14:00:00+00:00,2482307.9397222223
2023-10-10 15:00:00+00:00,2557754.095833333
2023-10-10 16:00:00+00:00,1903803.3919444445
2023-10-10 17:00:00+00:00,2808070.7194444444
2023-10-10 18:00:00+00:00,6324321.041944444
2023-10-10 19:00:00+00:00,2161461.629722222
2023-10-10 20:00:00+00:00,2376814.192222222
2023-10-10 21:00:00+00:00,727704.4125
2023-10-10 22:00:00+00:00,330699.83944444446
2023-10-10 23:00:00+00:00,526719.1486111111
2023-10-11 00:00:00+00:00,478481.2941666667
2023-10-11 01:00:00+00:00,396075.16
2023-10-11 02:00:00+00:00,711524.2494444444
2023-10-11 03:00:00+00:00,2258851.6169444444
2023-10-11 04:00:00+00:00,2177802.578333333
2023-10-11 05:00:00+00:00,2027125.4241666666
2023-10-11 06:00:00+00:00,2166193.588611111
2023-10-11 07:00:00+00:00,2710261.0908333333
2023-10-11 08:00:00+00:00,3147715.6441666665
2023-10-11 09:00:00+00:00,2064719.1875
2023-10-11 10:00:00+00:00,4013409.4366666665
2023-10-11 11:00:00+00:00,4206217.948611111
2023-10-11 12:00:00+00:00,4619639.347777777
2023-10-11 13:00:00+00:00,2395796.74
2023-10-11 14:00:00+00:00,4279597.053611111
2023-10-11 15:00:00+00:00,4514929.412222222
2023-10-11 16:00:00+00:00,1962733.3727777777
2023-10-11 17:00:00+00:00,3080736.5216666665
2023-10-11 18:00:00+00:00,3658580.4997222223
2023-10-11 19:00:00+00:00,1743610.118611111
2023-10-11 20:00:00+00:00,682602.7038888889
2023-10-11 21:00:00+00:00,482032.7555555556
2023-10-11 22:00:00+00:00,478424.8102777778
2023-10-11 23:00:00+00:00,806385.8563888889
2023-10-12 00:00:00+00:00,1633251.725
2023-10-12 01:00:00+00:00,421210.00638888887
2023-10-12 02:00:00+00:00,455054.36333333334
2023-10-12 03:00:00+00:00,1173962.493888889
2023-10-12 04:00:00+00:00,2203489.7744444446
2023-10-12 05:00:00+00:00,2759176.5275
2023-10-12 06:00:00+00:00,2251936.1852777777
2023-10-12 07:00:00+00:00,2132738.9125
2023-10-12 08:00:00+00:00,3666415.3933333335
2023-10-12 09:00:00+00:00,2953661.9669444445
2023-10-12 10:00:00+00:00,3193082.9619444446
2023-10-12 11:00:00+00:00,1914147.1166666667
2023-10-12 12:00:00+00:00,3715331.030277778
2023-10-12 13:00:00+00:00,2039727.1083333334
2023-10-12 14:00:00+00:00,2326417.001111111
2023-10-12 15:00:00+00:00,3431217.456944444
2023-10-12 16:00:00+00:00,6650781.557222222
2023-10-12 17:00:00+00:00,2661632.8719444443
2023-10-12 18:00:00+00:00,8305687.171388889
2023-10-12 19:00:00+00:00,1098127.8894444443
2023-10-12 20:00:00+00:00,992474.9372222222
2023-10-12 21:00:00+00:00,1680683.8308333333
2023-10-12 22:00:00+00:00,1444500.9952777778
2023-10-12 23:00:00+00:00,946817.9272222222
2023-10-13 00:00:00+00:00,263331.7625
2023-10-13 01:00:00+00:00,196669.25444444444
2023-10-13 02:00:00+00:00,938884.8244444445
2023-10-13 03:00:00+00:00,860235.1188888889
2023-10-13 04:00:00+00:00,1935853.5613888889
2023-10-13 05:00:00+00:00,1640939.3216666668
2023-10-13 06:00:00+00:00,2549532.777777778
2023-10-13 07:00:00+00:00,2398123.867222222
2023-10-13 08:00:00+00:00,1494119.7322222223
2023-10-13 09:00:00+00:00,2395353.083611111
2023-10-13 10:00:00+00:00,1225244.776388889
2023-10-13 11:00:00+00:00,4831591.741666666
2023-10-13 12:00:00+00:00,1273035.8133333332
2023-10-13 13:00:00+00:00,1231665.0402777777
2023-10-13 14:00:00+00:00,923064.3005555555
2023-10-13 15:00:00+00:00,1789565.0408333333
2023-10-13 16:00:00+00:00,5403657.106111111
2023-10-13 17:00:00+00:00,1129860.665
2023-10-13 18:00:00+00:00,885904.2444444444
2023-10-13 19:00:00+00:00,1275971.798611111
2023-10-13 20:00:00+00:00,936886.2630555555
2023-10-13 21:00:00+00:00,403350.00444444444
2023-10-13 22:00:00+00:00,1546766.1025
2023-10-13 23:00:00+00:00,188352.02
2023-10-14 00:00:00+00:00,68315.365
2023-10-14 01:00:00+00:00,182853.82777777777
2023-10-14 02:00:00+00:00,450962.905
2023-10-14 03:00:00+00:00,397792.02416666667
2023-10-14 04:00:00+00:00,883546.2813888888
2023-10-14 05:00:00+00:00,762583.5911111111
2023-10-14 06:00:00+00:00,873315.5466666666
2023-10-14 07:00:00+00:00,906652.2594444444
2023-10-14 08:00:00+00:00,1986098.6344444444
2023-10-14 09:00:00+00:00,1541444.486388889
2023-10-14 10:00:00+00:00,1023175.1730555556
2023-10-14 11:00:00+00:00,1196011.9241666666
2023-10-14 12:00:00+00:00,942806.2994444445
2023-10-14 13:00:00+00:00,1332281.8358333334
2023-10-14 14:00:00+00:00,872141.6675
2023-10-14 15:00:00+00:00,1319801.6733333333
2023-10-14 16:00:00+00:00,3072321.0630555553
2023-10-14 17:00:00+00:00,3228269.7872222224
2023-10-14 18:00:00+00:00,2036830.0102777777
2023-10-14 19:00:00+00:00,1392251.1661111112
2023-10-14 20:00:00+00:00,1169853.0669444446
2023-10-14 21:00:00+00:00,1701465.085
2023-10-14 22:00:00+00:00,836058.9716666667
2023-10-14 23:00:00+00:00,1293598.9047222221
2023-10-15 00:00:00+00:00,316387.945
2023-10-15 01:00:00+00:00,253618.48972222224
2023-10-15 02:00:00+00:00,100310.36805555556
2023-10-15 03:00:00+00:00,211266.19916666666
2023-10-15 04:00:00+00:00,260938.08944444446
2023-10-15 05:00:00+00:00,688591.1488888889
2023-10-15 06:00:00+00:00,730930.4297222223
2023-10-15 07:00:00+00:00,1012032.4627777778
2023-10-15 08:00:00+00:00,965393.7888888889
2023-10-15 09:00:00+00:00,1815650.9952777778
2023-10-15 10:00:00+00:00,889651.2852777778
2023-10-15 11:00:00+00:00,1194936.3908333334
2023-10-15 12:00:00+00:00,4643243.174722223
2023-10-15 13:00:00+00:00,2570208.9752777778
2023-10-15 14:00:00+00:00,2062474.2083333333
2023-10-15 15:00:00+00:00,2518406.2466666666
2023-10-15 16:00:00+00:00,2521593.1872222223
2023-10-15 17:00:00+00:00,2412420.3613888887
2023-10-15 18:00:00+00:00,2512253.921666667
2023-10-15 19:00:00+00:00,2157665.82
2023-10-15 20:00:00+00:00,1510103.9316666666
2023-10-15 21:00:00+00:00,872345.6883333334
2023-10-15 22:00:00+00:00,417660.1063888889
2023-10-15 23:00:00+00:00,262870.6972222222
2023-10-16 00:00:00+00:00,94277.67777777778
2023-10-16 01:00:00+00:00,140166.71805555557
2023-10-16 02:00:00+00:00,1040239.4372222222
2023-10-16 03:00:00+00:00,1318037.4544444445
2023-10-16 04:00:00+00:00,2317173.716111111
2023-10-16 05:00:00+00:00,1544355.1680555556
2023-10-16 06:00:00+00:00,2881453.2808333333
2023-10-16 07:00:00+00:00,2500542.311111111
2023-10-16 08:00:00+00:00,2768222.791111111
2023-10-16 09:00:00+00:00,2641945.442222222
2023-10-16 10:00:00+00:00,2619489.109722222
2023-10-16 11:00:00+00:00,4170716.2375
2023-10-16 12:00:00+00:00,5454097.444166667
2023-10-16 13:00:00+00:00,4529187.423611111
2023-10-16 14:00:00+00:00,2216462.3577777776
2023-10-16 15:00:00+00:00,2978482.708611111
2023-10-16 16:00:00+00:00,2080088.9891666668
2023-10-16 17:00:00+00:00,2293005.0241666664
2023-10-16 18:00:00+00:00,2594009.226111111
2023-10-16 19:00:00+00:00,2042122.973611111
2023-10-16 20:00:00+00:00,1161037.9169444444
2023-10-16 21:00:00+00:00,588992.0736111111
2023-10-16 22:00:00+00:00,412710.5527777778
2023-10-16 23:00:00+00:00,529843.3763888889
2023-10-17 00:00:00+00:00,578059.5575
2023-10-17 01:00:00+00:00,316215.5283333333
2023-10-17 02:00:00+00:00,480651.4075
2023-10-17 03:00:00+00:00,1140348.6116666666
2023-10-17 04:00:00+00:00,1877016.6763888889
2023-10-17 05:00:00+00:00,2278482.2358333333
2023-10-17 06:00:00+00:00,3980290.3630555556
2023-10-17 07:00:00+00:00,4155771.241111111
2023-10-17 08:00:00+00:00,3615564.4455555556
2023-10-17 09:00:00+00:00,2442375.2330555557
2023-10-17 10:00:00+00:00,2165652.2955555557
2023-10-17 11:00:00+00:00,2820511.9991666665
2023-10-17 12:00:00+00:00,3092136.3408333333
2023-10-17 13:00:00+00:00,1996363.4744444445
2023-10-17 14:00:00+00:00,1853111.6780555556
2023-10-17 15:00:00+00:00,1966445.711388889
2023-10-17 16:00:00+00:00,1433590.0108333332
2023-10-17 17:00:00+00:00,1672375.963611111
2023-10-17 18:00:00+00:00,2386598.4069444444
2023-10-17 19:00:00+00:00,1035497.9255555555
2023-10-17 20:00:00+00:00,1606143.5591666666
2023-10-17 21:00:00+00:00,583468.7077777778
2023-10-17 22:00:00+00:00,490796.8880555556
2023-10-17 23:00:00+00:00,410327.2241666667
2023-10-18 00:00:00+00:00,87158.73888888888
2023-10-18 01:00:00+00:00,89792.56055555555
2023-10-18 02:00:00+00:00,325898.5563888889
2023-10-18 03:00:00+00:00,830342.151388889
2023-10-18 04:00:00+00:00,1085956.2183333333
2023-10-18 05:00:00+00:00,1386461.9125
2023-10-18 06:00:00+00:00,1576607.7644444443
2023-10-18 07:00:00+00:00,2097823.766388889
2023-10-18 08:00:00+00:00,1273766.8522222221
2023-10-18 09:00:00+00:00,1653538.1094444445
2023-10-18 10:00:00+00:00,3135139.6975
2023-10-18 11:00:00+00:00,3090818.1380555555
2023-10-18 12:00:00+00:00,4565361.847222222
2023-10-18 13:00:00+00:00,1952569.0413888888
2023-10-18 14:00:00+00:00,1119809.0591666666
2023-10-18 15:00:00+00:00,1162109.6516666666
2023-10-18 16:00:00+00:00,1796671.2930555556
2023-10-18 17:00:00+00:00,2493720.480555556
2023-10-18 18:00:00+00:00,2682841.7363888887
2023-10-18 19:00:00+00:00,1265030.3005555556
2023-10-18 20:00:00+00:00,839983.48
2023-10-18 21:00:00+00:00,267711.92083333334
2023-10-18 22:00:00+00:00,149208.6213888889
2023-10-18 23:00:00+00:00,291191.98555555556
2023-10-19 00:00:00+00:00,238874.52166666667
2023-10-19 01:00:00+00:00,287435.7427777778
2023-10-19 02:00:00+00:00,208164.92666666667
2023-10-19 03:00:00+00:00,459941.06944444444
2023-10-19 04:00:00+00:00,1260600.0733333332
2023-10-19 05:00:00+00:00,1676897.163888889
2023-10-19 06:00:00+00:00,1806492.5397222221
2023-10-19 07:00:00+00:00,1803117.7183333333
2023-10-19 08:00:00+00:00,1819741.9427777778
2023-10-19 09:00:00+00:00,2423782.126388889
2023-10-19 10:00:00+00:00,3256801.9002777776
2023-10-19 11:00:00+00:00,1370909.461388889
2023-10-19 12:00:00+00:00,1878686.1247222223
2023-10-19 13:00:00+00:00,2252239.8141666665
2023-10-19 14:00:00+00:00,2111343.7322222223
2023-10-19 15:00:00+00:00,1683340.278888889
2023-10-19 16:00:00+00:00,2068033.35
2023-10-19 17:00:00+00:00,3137529.8244444444
2023-10-19 18:00:00+00:00,1707411.9363888889
2023-10-19 19:00:00+00:00,1008768.1777777778
2023-10-19 20:00:00+00:00,784889.5852777777
2023-10-19 21:00:00+00:00,346884.63083333336
2023-10-19 22:00:00+00:00,210318.59583333333
2023-10-19 23:00:00+00:00,92447.8561111111
2023-10-20 00:00:00+00:00,123657.78861111111
2023-10-20 01:00:00+00:00,84420.35222222222
2023-10-20 02:00:00+00:00,251498.67777777778
2023-10-20 03:00:00+00:00,571182.8630555555
2023-10-20 04:00:00+00:00,1591766.4427777778
2023-10-20 05:00:00+00:00,2184672.8941666665
2023-10-20 06:00:00+00:00,3182719.2494444447
2023-10-20 07:00:00+00:00,1720052.023611111
2023-10-20 08:00:00+00:00,3043641.6725
2023-10-20 09:00:00+00:00,1672537.3333333333
2023-10-20 10:00:00+00:00,1143924.0525
2023-10-20 11:00:00+00:00,1067489.273611111
2023-10-20 12:00:00+00:00,1849918.711388889
2023-10-20 13:00:00+00:00,1596456.0916666666
2023-10-20 14:00:00+00:00,798936.0077777777
2023-10-20 15:00:00+00:00,894224.4141666667
2023-10-20 16:00:00+00:00,1644866.7458333333
2023-10-20 17:00:00+00:00,777188.1097222222
2023-10-20 18:00:00+00:00,767398.0869444445
2023-10-20 19:00:00+00:00,2155317.138888889
2023-10-20 20:00:00+00:00,822251.6083333333
2023-10-20 21:00:00+00:00,383608.4344444444
2023-10-20 22:00:00+00:00,287790.69
2023-10-20 23:00:00+00:00,321162.6066666667
2023-10-21 00:00:00+00:00,168354.92805555556
2023-10-21 01:00:00+00:00,233094.79361111112
2023-10-21 02:00:00+00:00,140777.24055555556
2023-10-21 03:00:00+00:00,197545.8688888889
2023-10-21 04:00:00+00:00,513433.4083333333
2023-10-21 05:00:00+00:00,946246.0780555556
2023-10-21 06:00:00+00:00,606118.3211111111
2023-10-21 07:00:00+00:00,888419.0566666666
2023-10-21 08:00:00+00:00,614246.3416666667
2023-10-21 09:00:00+00:00,660869.8997222222
2023-10-21 10:00:00+00:00,565637.2355555556
2023-10-21 11:00:00+00:00,745740.1369444445
2023-10-21 12:00:00+00:00,696963.6355555556
2023-10-21 13:00:00+00:00,947123.7869444444
2023-10-21 14:00:00+00:00,796428.4616666667
2023-10-21 15:00:00+00:00,667689.6136111111
2023-10-21 16:00:00+00:00,881880.1997222222
2023-10-21 17:00:00+00:00,1238777.8175
2023-10-21 18:00:00+00:00,1157039.7972222222
2023-10-21 19:00:00+00:00,1008399.3219444444
2023-10-21 20:00:00+00:00,1213728.2497222223
2023-10-21 21:00:00+00:00,674279.5952777778
2023-10-21 22:00:00+00:00,472500.81388888886
2023-10-21 23:00:00+00:00,276420.61333333334
2023-10-22 00:00:00+00:00,110819.94611111112
2023-10-22 01:00:00+00:00,218480.9425
2023-10-22 02:00:00+00:00,106524.05444444444
2023-10-22 03:00:00+00:00,96292.30333333333
2023-10-22 04:00:00+00:00,169142.89333333334
2023-10-22 05:00:00+00:00,511050.08944444446
2023-10-22 06:00:00+00:00,644363.6411111112
2023-10-22 07:00:00+00:00,590984.2991666667
2023-10-22 08:00:00+00:00,613906.2716666666
2023-10-22 09:00:00+00:00,608948.6527777778
2023-10-22 10:00:00+00:00,1120980.0272222222
2023-10-22 11:00:00+00:00,643639.4891666666
2023-10-22 12:00:00+00:00,689631.7544444444
2023-10-22 13:00:00+00:00,543517.3875
2023-10-22 14:00:00+00:00,1161578.0566666666
2023-10-22 15:00:00+00:00,1116365.2566666666
2023-10-22 16:00:00+00:00,1690165.7233333334
2023-10-22 17:00:00+00:00,2013331.3044444444
2023-10-22 18:00:00+00:00,3691617.3780555557
2023-10-22 19:00:00+00:00,1113654.0738888888
2023-10-22 20:00:00+00:00,976514.3191666667
2023-10-22 21:00:00+00:00,582958.4902777778
2023-10-22 22:00:00+00:00,271725.89555555553
2023-10-22 23:00:00+00:00,105026.80527777778
2023-10-23 00:00:00+00:00,155719.61694444445
2023-10-23 01:00:00+00:00,124173.68111111112
2023-10-23 02:00:00+00:00,366025.5366666667
2023-10-23 03:00:00+00:00,1131713.7280555556
2023-10-23 04:00:00+00:00,1254187.5775
2023-10-23 05:00:00+00:00,1740759.9425
2023-10-23 06:00:00+00:00,3169719.428888889
2023-10-23 07:00:00+00:00,2191439.953333333
2023-10-23 08:00:00+00:00,1868870.0547222223
2023-10-23 09:00:00+00:00,2327899.543888889
2023-10-23 10:00:00+00:00,1748017.6036111112
2023-10-23 11:00:00+00:00,2184560.47
2023-10-23 12:00:00+00:00,1385778.6561111112
2023-10-23 13:00:00+00:00,3190553.5641666665
2023-10-23 14:00:00+00:00,2161563.303611111
2023-10-23 15:00:00+00:00,2260386.4544444443
2023-10-23 16:00:00+00:00,1837515.7305555556
2023-10-23 17:00:00+00:00,1994716.4097222222
2023-10-23 18:00:00+00:00,2670647.2127777776
2023-10-23 19:00:00+00:00,3170643.050277778
2023-10-23 20:00:00+00:00,1331709.6266666667
2023-10-23 21:00:00+00:00,679772.6966666667
2023-10-23 22:00:00+00:00,233588.68583333332
2023-10-23 23:00:00+00:00,368600.35527777777
2023-10-24 00:00:00+00:00,279716.91333333333
2023-10-24 01:00:00+00:00,223770.8336111111
2023-10-24 02:00:00+00:00,381285.725
2023-10-24 03:00:00+00:00,897694.7338888888
2023-10-24 04:00:00+00:00,1793747.5422222223
2023-10-24 05:00:00+00:00,2397681.4630555557
2023-10-24 06:00:00+00:00,2130178.1627777778
2023-10-24 07:00:00+00:00,3406725.0575
2023-10-24 08:00:00+00:00,3037859.9408333334
2023-10-24 09:00:00+00:00,2647503.6730555557
2023-10-24 10:00:00+00:00,2894061.9397222223
2023-10-24 11:00:00+00:00,2255868.965277778
2023-10-24 12:00:00+00:00,2227129.033888889
2023-10-24 13:00:00+00:00,1773650.2202777779
2023-10-24 14:00:00+00:00,1837797.163888889
2023-10-24 15:00:00+00:00,2476675.7963888887
2023-10-24 16:00:00+00:00,4487555.486388889
2023-10-24 17:00:00+00:00,4533114.010833333
2023-10-24 18:00:00+00:00,2597280.483611111
2023-10-24 19:00:00+00:00,2275181.271388889
2023-10-24 20:00:00+00:00,769738.7716666666
2023-10-24 21:00:00+00:00,535778.6238888889
2023-10-24 22:00:00+00:00,217445.87277777778
2023-10-24 23:00:00+00:00,158503.8452777778
2023-10-25 00:00:00+00:00,188111.89361111113
2023-10-25 01:00:00+00:00,426737.82
2023-10-25 02:00:00+00:00,636642.2775
2023-10-25 03:00:00+00:00,805126.4988888889
2023-10-25 04:00:00+00:00,1550888.4941666666
2023-10-25 05:00:00+00:00,1781947.3780555555
2023-10-25 06:00:00+00:00,2489670.8583333334
2023-10-25 07:00:00+00:00,2504403.674722222
2023-10-25 08:00:00+00:00,2623075.967777778
2023-10-25 09:00:00+00:00,2150018.9413888888
2023-10-25 10:00:00+00:00,2463248.2636111113
2023-10-25 11:00:00+00:00,2840032.5375
2023-10-25 12:00:00+00:00,2115451.7508333335
2023-10-25 13:00:00+00:00,2191611.465
2023-10-25 14:00:00+00:00,2740596.135
2023-10-25 15:00:00+00:00,2695268.846388889
2023-10-25 16:00:00+00:00,3094338.4655555557
2023-10-25 17:00:00+00:00,2347440.6983333332
2023-10-25 18:00:00+00:00,3010391.838611111
2023-10-25 19:00:00+00:00,9774614.075833334
2023-10-25 20:00:00+00:00,1107229.2108333334
2023-10-25 21:00:00+00:00,1190111.0841666667
2023-10-25 22:00:00+00:00,375308.7088888889
2023-10-25 23:00:00+00:00,1019337.0105555556
2023-10-26 00:00:00+00:00,912315.3402777778
2023-10-26 01:00:00+00:00,295749.4786111111
2023-10-26 02:00:00+00:00,766805.1172222223
2023-10-26 03:00:00+00:00,980275.5733333334
2023-10-26 04:00:00+00:00,1817533.3052777778
2023-10-26 05:00:00+00:00,2556981.0377777778
2023-10-26 06:00:00+00:00,3057470.703333333
2023-10-26 07:00:00+00:00,2946985.513888889
2023-10-26 08:00:00+00:00,3751846.8044444444
2023-10-26 09:00:00+00:00,3518082.055
2023-10-26 10:00:00+00:00,4388000.916666667
2023-10-26 11:00:00+00:00,4223007.615555556
2023-10-26 12:00:00+00:00,2005196.5338888888
2023-10-26 13:00:00+00:00,1990429.6916666667
2023-10-26 14:00:00+00:00,3588591.9294444444
2023-10-26 15:00:00+00:00,2951901.046666667
2023-10-26 16:00:00+00:00,5480041.989722222
2023-10-26 17:00:00+00:00,5573133.063888889
2023-10-26 18:00:00+00:00,3429438.930277778
2023-10-26 19:00:00+00:00,2123578.4791666665
2023-10-26 20:00:00+00:00,1356123.3197222222
2023-10-26 21:00:00+00:00,1153565.701111111
2023-10-26 22:00:00+00:00,1010493.8816666667
2023-10-26 23:00:00+00:00,869584.2788888889
2023-10-27 00:00:00+00:00,379300.0883333333
2023-10-27 01:00:00+00:00,186759.92111111112
2023-10-27 02:00:00+00:00,1009586.8569444445
2023-10-27 03:00:00+00:00,1238669.0605555556
2023-10-27 04:00:00+00:00,2423304.1030555554
2023-10-27 05:00:00+00:00,1458463.2630555555
2023-10-27 06:00:00+00:00,1944979.371111111
2023-10-27 07:00:00+00:00,2702708.2625
2023-10-27 08:00:00+00:00,2610046.3008333333
2023-10-27 09:00:00+00:00,2293392.9525
2023-10-27 10:00:00+00:00,1714230.4175
2023-10-27 11:00:00+00:00,1826301.7097222223
2023-10-27 12:00:00+00:00,2889096.179722222
2023-10-27 13:00:00+00:00,2778181.8783333334
2023-10-27 14:00:00+00:00,1889345.0327777779
2023-10-27 15:00:00+00:00,1532241.6036111112
2023-10-27 16:00:00+00:00,1063799.4102777778
2023-10-27 17:00:00+00:00,2970183.2308333335
2023-10-27 18:00:00+00:00,2496269.8769444446
2023-10-27 19:00:00+00:00,2876977.0791666666
2023-10-27 20:00:00+00:00,1277994.0691666666
2023-10-27 21:00:00+00:00,1202011.6905555555
2023-10-27 22:00:00+00:00,767458.9
2023-10-27 23:00:00+00:00,1007182.3005555555
2023-10-28 00:00:00+00:00,255875.8275
2023-10-28 01:00:00+00:00,193439.59277777778
2023-10-28 02:00:00+00:00,234582.53583333333
2023-10-28 03:00:00+00:00,315356.5202777778
2023-10-28 04:00:00+00:00,345530.8077777778
2023-10-28 05:00:00+00:00,372483.78777777776
2023-10-28 06:00:00+00:00,576295.0997222222
2023-10-28 07:00:00+00:00,612845.2638888889
2023-10-28 08:00:00+00:00,874336.58
2023-10-28 09:00:00+00:00,637450.5466666666
2023-10-28 10:00:00+00:00,927273.3558333333
2023-10-28 11:00:00+00:00,750892.2608333334
2023-10-28 12:00:00+00:00,1849742.7252777778
2023-10-28 13:00:00+00:00,3028950.095833333
2023-10-28 14:00:00+00:00,1469113.076388889
2023-10-28 15:00:00+00:00,1054399.8041666667
2023-10-28 16:00:00+00:00,1164453.8561111111
2023-10-28 17:00:00+00:00,698342.2469444445
2023-10-28 18:00:00+00:00,756106.2661111112
2023-10-28 19:00:00+00:00,1551673.3355555555
2023-10-28 20:00:00+00:00,956017.2105555555
2023-10-28 21:00:00+00:00,842382.3683333333
2023-10-28 22:00:00+00:00,498695.45972222224
2023-10-28 23:00:00+00:00,226561.98138888887
2023-10-29 01:00:00+00:00,527630.5577777778
2023-10-29 02:00:00+00:00,238201.8152777778
2023-10-29 03:00:00+00:00,339119.10805555555
2023-10-29 04:00:00+00:00,252791.48055555555
2023-10-29 05:00:00+00:00,281066.34194444446
2023-10-29 06:00:00+00:00,794308.2666666667
2023-10-29 07:00:00+00:00,600206.5083333333
2023-10-29 08:00:00+00:00,1065371.5088888889
2023-10-29 09:00:00+00:00,832944.3180555556
2023-10-29 10:00:00+00:00,1250784.326111111
2023-10-29 11:00:00+00:00,929784.6527777778
2023-10-29 12:00:00+00:00,652462.5758333333
2023-10-29 13:00:00+00:00,905492.6211111111
2023-10-29 14:00:00+00:00,2188532.7269444442
2023-10-29 15:00:00+00:00,918628.7941666667
2023-10-29 16:00:00+00:00,3698184.3144444446
2023-10-29 17:00:00+00:00,2177831.5336111113
2023-10-29 18:00:00+00:00,5654219.606944445
2023-10-29 19:00:00+00:00,3505413.176388889
2023-10-29 20:00:00+00:00,2009691.69
2023-10-29 21:00:00+00:00,1980122.246388889
2023-10-29 22:00:00+00:00,1229930.6533333333
2023-10-29 23:00:00+00:00,692666.2422222223
2023-10-30 00:00:00+00:00,829455.745
2023-10-30 01:00:00+00:00,802189.59
2023-10-30 02:00:00+00:00,600793.285
2023-10-30 03:00:00+00:00,336281.6347222222
2023-10-30 04:00:00+00:00,967230.3261111111
2023-10-30 05:00:00+00:00,1049933.505
2023-10-30 06:00:00+00:00,2777728.0269444445
2023-10-30 07:00:00+00:00,2588046.2194444444
2023-10-30 08:00:00+00:00,2161694.901666667
2023-10-30 09:00:00+00:00,2708149.5280555557
2023-10-30 10:00:00+00:00,3608189.136388889
2023-10-30 11:00:00+00:00,3276713.394444444
2023-10-30 12:00:00+00:00,4398107.313611111
2023-10-30 13:00:00+00:00,3745073.0425
2023-10-30 14:00:00+00:00,2976740.7619444444
2023-10-30 15:00:00+00:00,5330846.283611111
2023-10-30 16:00:00+00:00,3215128.0808333335
2023-10-30 17:00:00+00:00,3716853.1252777777
2023-10-30 18:00:00+00:00,2934075.0586111112
2023-10-30 19:00:00+00:00,2157127.2805555556
2023-10-30 20:00:00+00:00,2749284.841111111
2023-10-30 21:00:00+00:00,847392.5630555556
2023-10-30 22:00:00+00:00,966755.4677777778
2023-10-30 23:00:00+00:00,787852.7402777778
2023-10-31 00:00:00+00:00,1141236.9008333334
2023-10-31 01:00:00+00:00,188502.17916666667
2023-10-31 02:00:00+00:00,132357.88722222223
2023-10-31 03:00:00+00:00,254833.4261111111
2023-10-31 04:00:00+00:00,475360.3013888889
2023-10-31 05:00:00+00:00,2006042.3716666666
2023-10-31 06:00:00+00:00,1889793.0641666667
2023-10-31 07:00:00+00:00,2135571.698611111
2023-10-31 08:00:00+00:00,3121700.6733333333
2023-10-31 09:00:00+00:00,2682046.3130555553
2023-10-31 10:00:00+00:00,3163854.569722222
2023-10-31 11:00:00+00:00,3060377.5644444446
2023-10-31 12:00:00+00:00,4036011.161388889
2023-10-31 13:00:00+00:00,2949905.845833333
2023-10-31 14:00:00+00:00,5296614.091111111
2023-10-31 15:00:00+00:00,7953235.114166667
2023-10-31 16:00:00+00:00,5271453.846111111
2023-10-31 17:00:00+00:00,2643421.61
2023-10-31 18:00:00+00:00,3452636.306388889
2023-10-31 19:00:00+00:00,4135723.268611111
2023-10-31 20:00:00+00:00,3299573.4691666667
2023-10-31 21:00:00+00:00,2045148.1341666668
2023-10-31 22:00:00+00:00,1050895.9622222222
2023-10-31 23:00:00+00:00,492850.13972222223
2023-11-01 00:00:00+00:00,205578.16722222223
2023-11-01 01:00:00+00:00,268091.69583333336
2023-11-01 02:00:00+00:00,310477.0686111111
2023-11-01 03:00:00+00:00,138419.72611111111
2023-11-01 04:00:00+00:00,821305.6477777777
2023-11-01 05:00:00+00:00,1038466.7472222223
2023-11-01 06:00:00+00:00,3269343.5525
2023-11-01 07:00:00+00:00,2453803.3819444445
2023-11-01 08:00:00+00:00,2819769.861666667
2023-11-01 09:00:00+00:00,5443154.109166667
2023-11-01 10:00:00+00:00,3245173.633888889
2023-11-01 11:00:00+00:00,3030943.8097222224
2023-11-01 12:00:00+00:00,2989969.2583333333
2023-11-01 13:00:00+00:00,3740463.8075
2023-11-01 14:00:00+00:00,2877341.605555556
2023-11-01 15:00:00+00:00,2476829.7333333334
2023-11-01 16:00:00+00:00,2612196.1205555554
2023-11-01 17:00:00+00:00,3054151.1269444446
2023-11-01 18:00:00+00:00,4054301.702777778
2023-11-01 19:00:00+00:00,4341404.753055556
2023-11-01 20:00:00+00:00,1919030.6861111112
2023-11-01 21:00:00+00:00,3130894.7169444445
2023-11-01 22:00:00+00:00,1153112.6566666667
2023-11-01 23:00:00+00:00,2065309.9319444445
2023-11-02 00:00:00+00:00,521407.70222222223
2023-11-02 01:00:00+00:00,292904.92333333334
2023-11-02 02:00:00+00:00,160426.6838888889
2023-11-02 03:00:00+00:00,91819.8613888889
2023-11-02 04:00:00+00:00,451771.1638888889
2023-11-02 05:00:00+00:00,850589.4233333333
2023-11-02 06:00:00+00:00,2549810.021111111
2023-11-02 07:00:00+00:00,3879989.784722222
2023-11-02 08:00:00+00:00,3855096.428888889
2023-11-02 09:00:00+00:00,1905440.3597222222
2023-11-02 10:00:00+00:00,3343497.6627777778
2023-11-02 11:00:00+00:00,4035571.109722222
2023-11-02 12:00:00+00:00,2244359.450833333
2023-11-02 13:00:00+00:00,2742025.2019444443
2023-11-02 14:00:00+00:00,2364523.2419444444
2023-11-02 15:00:00+00:00,1969105.7722222223
2023-11-02 16:00:00+00:00,2127672.9622222222
2023-11-02 17:00:00+00:00,2350779.5202777777
2023-11-02 18:00:00+00:00,2370787.863611111
2023-11-02 19:00:00+00:00,1228144.9191666667
2023-11-02 20:00:00+00:00,1617952.6775
2023-11-02 21:00:00+00:00,1118974.5005555556
2023-11-02 22:00:00+00:00,938886.03
2023-11-02 23:00:00+00:00,703906.2825
2023-11-03 00:00:00+00:00,608656.7108333333
2023-11-03 01:00:00+00:00,193052.01916666667
2023-11-03 02:00:00+00:00,153092.08666666667
2023-11-03 03:00:00+00:00,365427.6608333333
2023-11-03 04:00:00+00:00,359871.1608333333
2023-11-03 05:00:00+00:00,541900.0141666667
2023-11-03 06:00:00+00:00,1562503.4522222222
2023-11-03 07:00:00+00:00,3010606.4127777778
2023-11-03 08:00:00+00:00,2935254.7666666666
2023-11-03 09:00:00+00:00,2320567.3844444444
2023-11-03 10:00:00+00:00,2572673.0680555557
2023-11-03 11:00:00+00:00,2217720.4755555554
2023-11-03 12:00:00+00:00,2424703.7119444446
2023-11-03 13:00:00+00:00,1561737.7416666667
2023-11-03 14:00:00+00:00,1799822.6308333334
2023-11-03 15:00:00+00:00,1562803.6730555557
2023-11-03 16:00:00+00:00,1824736.5230555555
2023-11-03 17:00:00+00:00,1321203.9269444444
2023-11-03 18:00:00+00:00,1067841.1197222222
2023-11-03 19:00:00+00:00,1129849.4416666667
2023-11-03 20:00:00+00:00,3994461.3408333333
2023-11-03 21:00:00+00:00,613155.7719444444
2023-11-03 22:00:00+00:00,789644.7630555555
2023-11-03 23:00:00+00:00,803575.6313888889
2023-11-04 00:00:00+00:00,359472.0108333333
2023-11-04 01:00:00+00:00,138633.6625
2023-11-04 02:00:00+00:00,161364.2725
2023-11-04 03:00:00+00:00,146978.49583333332
2023-11-04 04:00:00+00:00,172123.2527777778
2023-11-04 05:00:00+00:00,1426462.0
2023-11-04 06:00:00+00:00,421800.4038888889
2023-11-04 07:00:00+00:00,1313718.3436111112
2023-11-04 08:00:00+00:00,938518.3541666666
2023-11-04 09:00:00+00:00,1086930.2633333334
2023-11-04 10:00:00+00:00,707121.9283333333
2023-11-04 11:00:00+00:00,1150446.49
2023-11-04 12:00:00+00:00,1150168.1602777778
2023-11-04 13:00:00+00:00,736189.95
2023-11-04 14:00:00+00:00,1040752.1361111111
2023-11-04 15:00:00+00:00,823341.5930555556
2023-11-04 16:00:00+00:00,1001854.9066666666
2023-11-04 17:00:00+00:00,1874662.7077777777
2023-11-04 18:00:00+00:00,787212.1463888889
2023-11-04 19:00:00+00:00,742327.4658333333
2023-11-04 20:00:00+00:00,1053712.2152777778
2023-11-04 21:00:00+00:00,598628.0513888889
2023-11-04 22:00:00+00:00,676985.6636111111
2023-11-04 23:00:00+00:00,544525.9469444444
2023-11-05 00:00:00+00:00,390740.48027777777
2023-11-05 01:00:00+00:00,497278.33722222224
2023-11-05 02:00:00+00:00,157081.09055555557
2023-11-05 03:00:00+00:00,146179.3463888889
2023-11-05 04:00:00+00:00,133554.81916666665
2023-11-05 05:00:00+00:00,469578.6047222222
2023-11-05 06:00:00+00:00,424160.685
2023-11-05 07:00:00+00:00,792348.0858333333
2023-11-05 08:00:00+00:00,969515.2061111111
2023-11-05 09:00:00+00:00,843317.5038888889
2023-11-05 10:00:00+00:00,1534685.1763888889
2023-11-05 11:00:00+00:00,1002919.0319444444
2023-11-05 12:00:00+00:00,3213405.120833333
2023-11-05 13:00:00+00:00,2719493.4366666665
2023-11-05 14:00:00+00:00,1261092.9705555555
2023-11-05 15:00:00+00:00,1884075.5269444445
2023-11-05 16:00:00+00:00,1476034.2097222223
2023-11-05 17:00:00+00:00,3480986.6594444443
2023-11-05 18:00:00+00:00,3439344.1002777778
2023-11-05 19:00:00+00:00,2451357.694722222
2023-11-05 20:00:00+00:00,3808274.049166667
2023-11-05 21:00:00+00:00,3210694.387222222
2023-11-05 22:00:00+00:00,1212131.1280555555
2023-11-05 23:00:00+00:00,639601.6
2023-11-06 00:00:00+00:00,426389.1161111111
2023-11-06 01:00:00+00:00,678328.2386111111
2023-11-06 02:00:00+00:00,318029.825
2023-11-06 03:00:00+00:00,336092.13138888887
2023-11-06 04:00:00+00:00,1675753.1527777778
2023-11-06 05:00:00+00:00,1182337.3572222223
2023-11-06 06:00:00+00:00,2059479.0480555557
2023-11-06 07:00:00+00:00,2986070.048611111
2023-11-06 08:00:00+00:00,2656278.6647222224
2023-11-06 09:00:00+00:00,2857208.2636111113
2023-11-06 10:00:00+00:00,2498909.355555556
2023-11-06 11:00:00+00:00,2165269.2355555557
2023-11-06 12:00:00+00:00,3672944.9119444443
2023-11-06 13:00:00+00:00,3212983.04
2023-11-06 14:00:00+00:00,2758061.9080555555
2023-11-06 15:00:00+00:00,1947574.6208333333
2023-11-06 16:00:00+00:00,2472549.7155555557
2023-11-06 17:00:00+00:00,3758443.155
2023-11-06 18:00:00+00:00,2559111.188888889
2023-11-06 19:00:00+00:00,3633543.7877777778
2023-11-06 20:00:00+00:00,2111577.1938888887
2023-11-06 21:00:00+00:00,1540483.9269444444
2023-11-06 22:00:00+00:00,1459248.3794444446
2023-11-06 23:00:00+00:00,346241.5180555555
2023-11-07 00:00:00+00:00,313756.5863888889
2023-11-07 01:00:00+00:00,112860.54555555555
2023-11-07 02:00:00+00:00,152297.1222222222
2023-11-07 03:00:00+00:00,212279.7711111111
2023-11-07 04:00:00+00:00,418073.04027777776
2023-11-07 05:00:00+00:00,1683454.9372222223
2023-11-07 06:00:00+00:00,1427182.2958333334
2023-11-07 07:00:00+00:00,1930110.6105555557
2023-11-07 08:00:00+00:00,2026221.8166666667
2023-11-07 09:00:00+00:00,3225982.0216666665
2023-11-07 10:00:00+00:00,3490530.6094444445
2023-11-07 11:00:00+00:00,2326333.495833333
2023-11-07 12:00:00+00:00,2904237.3255555555
2023-11-07 13:00:00+00:00,2503798.355555556
2023-11-07 14:00:00+00:00,2318286.7902777777
2023-11-07 15:00:00+00:00,2152532.401111111
2023-11-07 16:00:00+00:00,3075093.0397222224
2023-11-07 17:00:00+00:00,2184950.216111111
2023-11-07 18:00:00+00:00,3487785.0555555555
2023-11-07 19:00:00+00:00,7302874.351388888
2023-11-07 20:00:00+00:00,2123422.983611111
2023-11-07 21:00:00+00:00,1600095.0472222222
2023-11-07 22:00:00+00:00,2524853.5966666667
2023-11-07 23:00:00+00:00,457057.0136111111
2023-11-08 00:00:00+00:00,1235276.5294444445
2023-11-08 01:00:00+00:00,579086.7955555556
2023-11-08 02:00:00+00:00,672651.2388888889
2023-11-08 03:00:00+00:00,301632.65055555553
2023-11-08 04:00:00+00:00,680993.8244444445
2023-11-08 05:00:00+00:00,963627.4211111111
2023-11-08 06:00:00+00:00,1334194.8852777777
2023-11-08 07:00:00+00:00,1831540.586111111
2023-11-08 08:00:00+00:00,2162200.1447222224
2023-11-08 09:00:00+00:00,2189854.5480555557
2023-11-08 10:00:00+00:00,2818686.1866666665
2023-11-08 11:00:00+00:00,2756580.722777778
2023-11-08 12:00:00+00:00,3390175.9536111113
2023-11-08 13:00:00+00:00,2580144.5255555557
2023-11-08 14:00:00+00:00,1921470.6022222221
2023-11-08 15:00:00+00:00,3322540.638888889
2023-11-08 16:00:00+00:00,2343237.546666667
2023-11-08 17:00:00+00:00,2726672.11
2023-11-08 18:00:00+00:00,1844663.9977777777
2023-11-08 19:00:00+00:00,2940444.126388889
2023-11-08 20:00:00+00:00,4009249.97
2023-11-08 21:00:00+00:00,2613900.922222222
2023-11-08 22:00:00+00:00,1906355.0188888889
2023-11-08 23:00:00+00:00,1628668.826388889
2023-11-09 00:00:00+00:00,839948.9713888889
2023-11-09 01:00:00+00:00,452457.3988888889
2023-11-09 02:00:00+00:00,295212.99333333335
2023-11-09 03:00:00+00:00,144487.37027777778
2023-11-09 04:00:00+00:00,537305.7619444445
2023-11-09 05:00:00+00:00,1346723.61
2023-11-09 06:00:00+00:00,1484835.815
2023-11-09 07:00:00+00:00,1765145.1680555556
2023-11-09 08:00:00+00:00,1784416.526111111
2023-11-09 09:00:00+00:00,1992868.6494444443
2023-11-09 10:00:00+00:00,3564219.6794444444
2023-11-09 11:00:00+00:00,3802343.1930555557
2023-11-09 12:00:00+00:00,3159279.8030555556
2023-11-09 13:00:00+00:00,2094080.2605555556
2023-11-09 14:00:00+00:00,1929154.7102777779
2023-11-09 15:00:00+00:00,1679500.7922222223
2023-11-09 16:00:00+00:00,3358917.6477777776
2023-11-09 17:00:00+00:00,2340575.0622222223
2023-11-09 18:00:00+00:00,3701674.5219444446
2023-11-09 19:00:00+00:00,3839085.2483333335
2023-11-09 20:00:00+00:00,5039637.521388889
2023-11-09 21:00:00+00:00,2616564.202777778
2023-11-09 22:00:00+00:00,1810473.8894444443
2023-11-09 23:00:00+00:00,1141310.7513888888
2023-11-10 00:00:00+00:00,349908.04583333334
2023-11-10 01:00:00+00:00,348196.5519444444
2023-11-10 02:00:00+00:00,317132.56916666665
2023-11-10 03:00:00+00:00,282201.1575
2023-11-10 04:00:00+00:00,586289.8836111111
2023-11-10 05:00:00+00:00,638498.651388889
2023-11-10 06:00:00+00:00,2569822.359166667
2023-11-10 07:00:00+00:00,1983367.6391666667
2023-11-10 08:00:00+00:00,3453168.936388889
2023-11-10 09:00:00+00:00,1694035.2444444445
2023-11-10 10:00:00+00:00,1559243.6208333333
2023-11-10 11:00:00+00:00,1362327.0652777778
2023-11-10 12:00:00+00:00,1365597.0269444445
2023-11-10 13:00:00+00:00,1791980.3358333334
2023-11-10 14:00:00+00:00,1409678.913888889
2023-11-10 15:00:00+00:00,1442720.5141666667
2023-11-10 16:00:00+00:00,1257436.7030555555
2023-11-10 17:00:00+00:00,1507110.9008333334
2023-11-10 18:00:00+00:00,1440370.8319444444
2023-11-10 19:00:00+00:00,1986909.395
2023-11-10 20:00:00+00:00,3355653.3997222222
2023-11-10 21:00:00+00:00,2009795.453611111
2023-11-10 22:00:00+00:00,837452.4130555555
2023-11-10 23:00:00+00:00,540113.2544444444
2023-11-11 00:00:00+00:00,1454226.056388889
2023-11-11 01:00:00+00:00,388327.8883333333
2023-11-11 02:00:00+00:00,181405.80805555556
2023-11-11 03:00:00+00:00,234627.83027777777
2023-11-11 04:00:00+00:00,608166.6566666666
2023-11-11 05:00:00+00:00,422062.6875
2023-11-11 06:00:00+00:00,1279720.3816666666
2023-11-11 07:00:00+00:00,1830270.9177777779
2023-11-11 08:00:00+00:00,1603750.2269444445
2023-11-11 09:00:00+00:00,1189359.0416666667
2023-11-11 10:00:00+00:00,1571868.2619444444
2023-11-11 11:00:00+00:00,1247898.1527777778
2023-11-11 12:00:00+00:00,1062427.1883333332
2023-11-11 13:00:00+00:00,1498619.651388889
2023-11-11 14:00:00+00:00,1477030.9444444445
2023-11-11 15:00:00+00:00,1320894.052777778
2023-11-11 16:00:00+00:00,781994.4641666666
2023-11-11 17:00:00+00:00,1058013.8933333333
2023-11-11 18:00:00+00:00,990807.5033333333
2023-11-11 19:00:00+00:00,1016814.2961111111
2023-11-11 20:00:00+00:00,1404874.2616666667
2023-11-11 21:00:00+00:00,1549694.3527777777
2023-11-11 22:00:00+00:00,1141113.7830555555
2023-11-11 23:00:00+00:00,1103337.496111111
2023-11-12 00:00:00+00:00,1000062.6536111111
2023-11-12 01:00:00+00:00,1062848.4897222223
2023-11-12 02:00:00+00:00,531635.7252777778
2023-11-12 03:00:00+00:00,434473.00916666666
2023-11-12 04:00:00+00:00,402924.9377777778
2023-11-12 05:00:00+00:00,709806.7244444444
2023-11-12 06:00:00+00:00,2470851.9972222224
2023-11-12 07:00:00+00:00,766914.8925
2023-11-12 08:00:00+00:00,1403750.9258333333
2023-11-12 09:00:00+00:00,2518853.769444444
2023-11-12 10:00:00+00:00,2212481.093611111
2023-11-12 11:00:00+00:00,2611437.8733333335
2023-11-12 12:00:00+00:00,1310055.0077777777
2023-11-12 13:00:00+00:00,1099445.3072222222
2023-11-12 14:00:00+00:00,1216669.21
2023-11-12 15:00:00+00:00,2016513.496388889
2023-11-12 16:00:00+00:00,2049521.0594444445
2023-11-12 17:00:00+00:00,1801440.86
2023-11-12 18:00:00+00:00,1821735.9527777778
2023-11-12 19:00:00+00:00,1955048.5927777777
2023-11-12 20:00:00+00:00,2525976.1441666665
2023-11-12 21:00:00+00:00,1470472.1333333333
2023-11-12 22:00:00+00:00,1553852.4047222221
2023-11-12 23:00:00+00:00,754211.0880555556
2023-11-13 00:00:00+00:00,463782.4411111111
2023-11-13 01:00:00+00:00,640436.2422222223
2023-11-13 02:00:00+00:00,397242.6116666667
2023-11-13 03:00:00+00:00,339201.395
2023-11-13 04:00:00+00:00,662877.74
2023-11-13 05:00:00+00:00,1527066.881111111
2023-11-13 06:00:00+00:00,2339213.3377777776
2023-11-13 07:00:00+00:00,2269650.9555555554
2023-11-13 08:00:00+00:00,2394799.6155555556
2023-11-13 09:00:00+00:00,2280125.4833333334
2023-11-13 10:00:00+00:00,1929455.8561111111
2023-11-13 11:00:00+00:00,3327537.4127777778
2023-11-13 12:00:00+00:00,2526214.3580555557
2023-11-13 13:00:00+00:00,1924810.7733333334
2023-11-13 14:00:00+00:00,1931147.1430555556
2023-11-13 15:00:00+00:00,2763989.686111111
2023-11-13 16:00:00+00:00,2667512.686388889
2023-11-13 17:00:00+00:00,2581005.928333333
2023-11-13 18:00:00+00:00,4457329.808888889
2023-11-13 19:00:00+00:00,3019919.117777778
2023-11-13 20:00:00+00:00,2615911.1333333333
2023-11-13 21:00:00+00:00,2140317.163888889
2023-11-13 22:00:00+00:00,1382485.8508333333
2023-11-13 23:00:00+00:00,816273.9952777778
2023-11-14 00:00:00+00:00,756414.5427777778
2023-11-14 01:00:00+00:00,1079737.5683333334
2023-11-14 02:00:00+00:00,503197.46166666667
2023-11-14 03:00:00+00:00,466004.00194444443
2023-11-14 04:00:00+00:00,1133827.898888889
2023-11-14 05:00:00+00:00,1300468.2822222223
2023-11-14 06:00:00+00:00,1785381.9983333333
2023-11-14 07:00:00+00:00,6328849.8725
2023-11-14 08:00:00+00:00,2422519.964166667
2023-11-14 09:00:00+00:00,3660901.5425
2023-11-14 10:00:00+00:00,2004047.3797222222
2023-11-14 11:00:00+00:00,1962348.6980555556
2023-11-14 12:00:00+00:00,1883083.1505555555
2023-11-14 13:00:00+00:00,2119116.6622222224
2023-11-14 14:00:00+00:00,2209083.5933333333
2023-11-14 15:00:00+00:00,1924600.6819444445
2023-11-14 16:00:00+00:00,2432564.882777778
2023-11-14 17:00:00+00:00,2171272.4675
2023-11-14 18:00:00+00:00,2887111.4238888887
2023-11-14 19:00:00+00:00,2502377.27
2023-11-14 20:00:00+00:00,3230527.9030555557
2023-11-14 21:00:00+00:00,2519658.7880555554
2023-11-14 22:00:00+00:00,1593704.556388889
2023-11-14 23:00:00+00:00,1055508.5619444444
2023-11-15 00:00:00+00:00,637072.6213888889
2023-11-15 01:00:00+00:00,620784.9472222222
2023-11-15 02:00:00+00:00,657654.5452777778
2023-11-15 03:00:00+00:00,1150267.6833333333
2023-11-15 04:00:00+00:00,686881.2055555555
2023-11-15 05:00:00+00:00,1415978.1
2023-11-15 06:00:00+00:00,2409841.276111111
2023-11-15 07:00:00+00:00,2864750.813611111
2023-11-15 08:00:00+00:00,2651414.1705555557
2023-11-15 09:00:00+00:00,2525817.5463888887
2023-11-15 10:00:00+00:00,1968720.3180555555
2023-11-15 11:00:00+00:00,2217772.586111111
2023-11-15 12:00:00+00:00,2704274.095277778
2023-11-15 13:00:00+00:00,2580084.9558333335
2023-11-15 14:00:00+00:00,3691231.5980555555
2023-11-15 15:00:00+00:00,2238778.9711111113
2023-11-15 16:00:00+00:00,1805957.705
2023-11-15 17:00:00+00:00,2663394.0369444443
2023-11-15 18:00:00+00:00,3471422.7205555555
2023-11-15 19:00:00+00:00,2437054.8147222223
2023-11-15 20:00:00+00:00,4633219.649166667
2023-11-15 21:00:00+00:00,2012694.0086111112
2023-11-15 22:00:00+00:00,1404697.6469444444
2023-11-15 23:00:00+00:00,630491.2094444444
2023-11-16 00:00:00+00:00,490075.16527777776
2023-11-16 01:00:00+00:00,402689.3883333333
2023-11-16 02:00:00+00:00,298882.9411111111
2023-11-16 03:00:00+00:00,537536.4777777778
2023-11-16 04:00:00+00:00,655294.1591666667
2023-11-16 05:00:00+00:00,1838162.1908333334
2023-11-16 06:00:00+00:00,2702009.876111111
2023-11-16 07:00:00+00:00,2984992.8580555557
2023-11-16 08:00:00+00:00,1665451.3783333334
2023-11-16 09:00:00+00:00,2022061.5902777778
2023-11-16 10:00:00+00:00,2750294.4369444447
2023-11-16 11:00:00+00:00,5329009.984166667
2023-11-16 12:00:00+00:00,3760770.295
2023-11-16 13:00:00+00:00,2131974.4105555555
2023-11-16 14:00:00+00:00,2532191.996388889
2023-11-16 15:00:00+00:00,2513048.6230555554
2023-11-16 16:00:00+00:00,3390296.5294444445
2023-11-16 17:00:00+00:00,3983939.4002777776
2023-11-16 18:00:00+00:00,1875498.2586111112
2023-11-16 19:00:00+00:00,1508227.7908333333
2023-11-16 20:00:00+00:00,1504048.9922222223
2023-11-16 21:00:00+00:00,2043025.9688888888
2023-11-16 22:00:00+00:00,1582167.515
2023-11-16 23:00:00+00:00,1134276.0494444445
2023-11-17 00:00:00+00:00,1301516.2341666666
2023-11-17 01:00:00+00:00,886540.3761111111
2023-11-17 02:00:00+00:00,223049.6938888889
2023-11-17 03:00:00+00:00,227947.21333333335
2023-11-17 04:00:00+00:00,265519.33194444445
2023-11-17 05:00:00+00:00,601426.8905555556
2023-11-17 06:00:00+00:00,1713675.6847222222
2023-11-17 07:00:00+00:00,457114.535
2023-11-17 08:00:00+00:00,947770.1286111111
2023-11-17 09:00:00+00:00,704784.6138888889
2023-11-17 10:00:00+00:00,1816188.7505555556
2023-11-17 11:00:00+00:00,1059231.4102777778
2023-11-17 12:00:00+00:00,1302946.4319444445
2023-11-17 13:00:00+00:00,1131023.3619444445
2023-11-17 14:00:00+00:00,1456149.1327777777
2023-11-17 15:00:00+00:00,2330756.2605555556
2023-11-17 16:00:00+00:00,2007191.5669444446
2023-11-17 17:00:00+00:00,1332192.8372222222
2023-11-17 18:00:00+00:00,2295088.1447222224
2023-11-17 19:00:00+00:00,2044543.1330555556
2023-11-17 20:00:00+00:00,1946269.5425
2023-11-17 21:00:00+00:00,2466293.196111111
2023-11-17 22:00:00+00:00,1866846.5522222223
2023-11-17 23:00:00+00:00,519928.61805555556
2023-11-18 00:00:00+00:00,565064.8727777777
2023-11-18 01:00:00+00:00,267274.3463888889
2023-11-18 02:00:00+00:00,179124.48444444445
2023-11-18 03:00:00+00:00,190348.95166666666
2023-11-18 04:00:00+00:00,142304.4925
2023-11-18 05:00:00+00:00,414628.46277777775
2023-11-18 06:00:00+00:00,800897.9886111111
2023-11-18 07:00:00+00:00,2046654.677777778
2023-11-18 08:00:00+00:00,2667514.8525
2023-11-18 09:00:00+00:00,2211318.9769444442
2023-11-18 10:00:00+00:00,1111185.0547222223
2023-11-18 11:00:00+00:00,1555355.0938888888
2023-11-18 12:00:00+00:00,1975377.0297222221
2023-11-18 13:00:00+00:00,1590020.7725
2023-11-18 14:00:00+00:00,1749512.9966666666
2023-11-18 15:00:00+00:00,1366104.9886111112
2023-11-18 16:00:00+00:00,2407948.8480555555
2023-11-18 17:00:00+00:00,3674072.699722222
2023-11-18 18:00:00+00:00,1493939.7522222223
2023-11-18 19:00:00+00:00,1753383.8091666666
2023-11-18 20:00:00+00:00,1199496.473888889
2023-11-18 21:00:00+00:00,1129468.56
2023-11-18 22:00:00+00:00,845424.3930555555
2023-11-18 23:00:00+00:00,795298.3475
2023-11-19 00:00:00+00:00,955227.2725
2023-11-19 01:00:00+00:00,731407.5208333334
2023-11-19 02:00:00+00:00,480343.38333333336
2023-11-19 03:00:00+00:00,650946.5972222222
2023-11-19 04:00:00+00:00,281209.97194444446
2023-11-19 05:00:00+00:00,377226.98277777777
2023-11-19 06:00:00+00:00,387021.2613888889
2023-11-19 07:00:00+00:00,992042.0105555556
2023-11-19 08:00:00+00:00,900547.7930555556
2023-11-19 09:00:00+00:00,1218566.4894444444
2023-11-19 10:00:00+00:00,1061794.1819444445
2023-11-19 11:00:00+00:00,1251676.3772222223
2023-11-19 12:00:00+00:00,1372638.4880555556
2023-11-19 13:00:00+00:00,2249244.335
2023-11-19 14:00:00+00:00,1723657.0008333332
2023-11-19 15:00:00+00:00,2586154.8575
2023-11-19 16:00:00+00:00,1436846.5858333334
2023-11-19 17:00:00+00:00,2093219.3194444445
2023-11-19 18:00:00+00:00,1969950.7975
2023-11-19 19:00:00+00:00,2395253.098333333
2023-11-19 20:00:00+00:00,2030866.9588888888
2023-11-19 21:00:00+00:00,2694765.5483333333
2023-11-19 22:00:00+00:00,2491943.811388889
2023-11-19 23:00:00+00:00,1152609.0094444444
2023-11-20 00:00:00+00:00,569107.2083333334
2023-11-20 01:00:00+00:00,421262.4008333333
2023-11-20 02:00:00+00:00,337998.50583333336
2023-11-20 03:00:00+00:00,257923.02694444446
2023-11-20 04:00:00+00:00,1254009.4444444445
2023-11-20 05:00:00+00:00,2126385.844722222
2023-11-20 06:00:00+00:00,1534338.0430555556
2023-11-20 07:00:00+00:00,2432822.4730555555
2023-11-20 08:00:00+00:00,2425563.9122222224
2023-11-20 09:00:00+00:00,2717905.801111111
2023-11-20 10:00:00+00:00,1829368.6908333334
2023-11-20 11:00:00+00:00,2067527.1575
2023-11-20 12:00:00+00:00,3323347.6005555554
2023-11-20 13:00:00+00:00,2831679.42
2023-11-20 14:00:00+00:00,2181531.257222222
2023-11-20 15:00:00+00:00,2606482.009166667
2023-11-20 16:00:00+00:00,2940223.411388889
2023-11-20 17:00:00+00:00,3326365.4633333334
2023-11-20 18:00:00+00:00,2179043.821111111
2023-11-20 19:00:00+00:00,3149619.758611111
2023-11-20 20:00:00+00:00,2982500.3358333334
2023-11-20 21:00:00+00:00,1956375.0094444444
2023-11-20 22:00:00+00:00,2470457.7844444443
2023-11-20 23:00:00+00:00,888352.7291666666
2023-11-21 00:00:00+00:00,870577.39
2023-11-21 01:00:00+00:00,734311.3447222222
2023-11-21 02:00:00+00:00,197283.47416666665
2023-11-21 03:00:00+00:00,135728.16944444444
2023-11-21 04:00:00+00:00,1071937.5658333334
2023-11-21 05:00:00+00:00,1312270.2619444444
2023-11-21 06:00:00+00:00,2348439.3869444444
2023-11-21 07:00:00+00:00,2712423.7941666665
2023-11-21 08:00:00+00:00,3603114.2169444445
2023-11-21 09:00:00+00:00,2909036.861666667
2023-11-21 10:00:00+00:00,2919565.5586111112
2023-11-21 11:00:00+00:00,3644938.7094444446
2023-11-21 12:00:00+00:00,2626579.3516666666
2023-11-21 13:00:00+00:00,3536169.666388889
2023-11-21 14:00:00+00:00,5783516.440833333
2023-11-21 15:00:00+00:00,3897937.933333333
2023-11-21 16:00:00+00:00,4880066.883333334
2023-11-21 17:00:00+00:00,4776905.671944444
2023-11-21 18:00:00+00:00,2689083.7508333335
2023-11-21 19:00:00+00:00,4116541.081944444
2023-11-21 20:00:00+00:00,4153222.7716666665
2023-11-21 21:00:00+00:00,4763756.926388889
2023-11-21 22:00:00+00:00,2206027.2955555557
2023-11-21 23:00:00+00:00,1063231.7908333333
2023-11-22 00:00:00+00:00,1069726.5866666667
2023-11-22 01:00:00+00:00,728265.2922222222
2023-11-22 02:00:00+00:00,251372.53555555554
2023-11-22 03:00:00+00:00,158857.02055555556
2023-11-22 04:00:00+00:00,567707.9166666666
2023-11-22 05:00:00+00:00,956266.0133333333
2023-11-22 06:00:00+00:00,2951192.0608333335
2023-11-22 07:00:00+00:00,2988201.220277778
2023-11-22 08:00:00+00:00,2983707.8541666665
2023-11-22 09:00:00+00:00,3650998.191111111
2023-11-22 10:00:00+00:00,2556862.5941666667
2023-11-22 11:00:00+00:00,6297106.824444445
2023-11-22 12:00:00+00:00,3534201.6325
2023-11-22 13:00:00+00:00,4926513.944444444
2023-11-22 14:00:00+00:00,3914566.0083333333
2023-11-22 15:00:00+00:00,2605081.030277778
2023-11-22 16:00:00+00:00,2649194.21
2023-11-22 17:00:00+00:00,1914138.461388889
2023-11-22 18:00:00+00:00,3601073.0586111112
2023-11-22 19:00:00+00:00,5883747.417222222
2023-11-22 20:00:00+00:00,3239438.4919444444
2023-11-22 21:00:00+00:00,2313706.576388889
2023-11-22 22:00:00+00:00,3405239.4491666667
2023-11-22 23:00:00+00:00,2403102.678333333
2023-11-23 00:00:00+00:00,616906.8755555556
2023-11-23 01:00:00+00:00,408874.4058333333
2023-11-23 02:00:00+00:00,496654.5627777778
2023-11-23 03:00:00+00:00,300272.99861111114
2023-11-23 04:00:00+00:00,684733.2877777778
2023-11-23 05:00:00+00:00,1087197.1358333332
2023-11-23 06:00:00+00:00,2973647.9116666666
2023-11-23 07:00:00+00:00,2236093.926111111
2023-11-23 08:00:00+00:00,2390269.285833333
2023-11-23 09:00:00+00:00,2718781.836388889
2023-11-23 10:00:00+00:00,2902832.2516666665
2023-11-23 11:00:00+00:00,3457257.191666667
2023-11-23 12:00:00+00:00,3662064.4591666665
2023-11-23 13:00:00+00:00,2945906.698888889
2023-11-23 14:00:00+00:00,1817649.3725
2023-11-23 15:00:00+00:00,1880893.5202777777
2023-11-23 16:00:00+00:00,1951041.4477777777
2023-11-23 17:00:00+00:00,1995148.6958333333
2023-11-23 18:00:00+00:00,2154339.465277778
2023-11-23 19:00:00+00:00,2087489.6141666668
2023-11-23 20:00:00+00:00,3530294.7133333334
2023-11-23 21:00:00+00:00,1853819.9272222223
2023-11-23 22:00:00+00:00,1652479.5736111111
2023-11-23 23:00:00+00:00,1109579.2277777777
2023-11-24 00:00:00+00:00,459387.4066666667
2023-11-24 01:00:00+00:00,378070.02527777775
2023-11-24 02:00:00+00:00,264299.39222222223
2023-11-24 03:00:00+00:00,164833.29861111112
2023-11-24 04:00:00+00:00,609150.0711111111
2023-11-24 05:00:00+00:00,933207.5272222222
2023-11-24 06:00:00+00:00,1470612.7625
2023-11-24 07:00:00+00:00,1562144.3647222223
2023-11-24 08:00:00+00:00,1755942.076111111
2023-11-24 09:00:00+00:00,2187437.868333333
2023-11-24 10:00:00+00:00,1658665.6208333333
2023-11-24 11:00:00+00:00,3567218.84
2023-11-24 12:00:00+00:00,4735968.098888889
2023-11-24 13:00:00+00:00,1183578.915
2023-11-24 14:00:00+00:00,997824.6741666667
2023-11-24 15:00:00+00:00,1369901.4191666667
2023-11-24 16:00:00+00:00,1106052.2669444445
2023-11-24 17:00:00+00:00,1899952.211111111
2023-11-24 18:00:00+00:00,1499430.0058333334
2023-11-24 19:00:00+00:00,1128649.851111111
2023-11-24 20:00:00+00:00,1636008.8902777778
2023-11-24 21:00:00+00:00,1226215.6066666667
2023-11-24 22:00:00+00:00,1097073.2172222221
2023-11-24 23:00:00+00:00,405141.03527777776
2023-11-25 00:00:00+00:00,812115.2147222222
2023-11-25 01:00:00+00:00,848480.3355555555
2023-11-25 02:00:00+00:00,1427487.7594444444
2023-11-25 03:00:00+00:00,695049.3333333334
2023-11-25 04:00:00+00:00,336795.48527777777
2023-11-25 05:00:00+00:00,525896.7325
2023-11-25 06:00:00+00:00,628529.5597222223
2023-11-25 07:00:00+00:00,1011950.965
2023-11-25 08:00:00+00:00,1378787.8016666668
2023-11-25 09:00:00+00:00,945436.1894444445
2023-11-25 10:00:00+00:00,2660851.6094444445
2023-11-25 11:00:00+00:00,1320123.7713888888
2023-11-25 12:00:00+00:00,1635345.048611111
2023-11-25 13:00:00+00:00,1596619.5047222222
2023-11-25 14:00:00+00:00,1958917.2372222221
2023-11-25 15:00:00+00:00,968963.0319444444
2023-11-25 16:00:00+00:00,1163506.2711111112
2023-11-25 17:00:00+00:00,1348346.6625
2023-11-25 18:00:00+00:00,1265404.1502777778
2023-11-25 19:00:00+00:00,2373737.1241666665
2023-11-25 20:00:00+00:00,1660752.2341666666
2023-11-25 21:00:00+00:00,1653996.445
2023-11-25 22:00:00+00:00,2051101.0847222223
2023-11-25 23:00:00+00:00,802256.2444444444
2023-11-26 00:00:00+00:00,970649.0002777778
2023-11-26 01:00:00+00:00,583173.1827777778
2023-11-26 02:00:00+00:00,554884.0975
2023-11-26 03:00:00+00:00,57549.686944444446
2023-11-26 04:00:00+00:00,83678.35888888889
2023-11-26 05:00:00+00:00,466790.75138888886
2023-11-26 06:00:00+00:00,170392.6586111111
2023-11-26 07:00:00+00:00,903389.9194444445
2023-11-26 08:00:00+00:00,392994.1305555556
2023-11-26 09:00:00+00:00,414894.08666666667
2023-11-26 10:00:00+00:00,1056254.5580555554
2023-11-26 11:00:00+00:00,960080.5930555556
2023-11-26 12:00:00+00:00,1022237.4283333333
2023-11-26 13:00:00+00:00,1081514.733611111
2023-11-26 14:00:00+00:00,905311.1461111112
2023-11-26 15:00:00+00:00,2366459.1005555554
2023-11-26 16:00:00+00:00,586065.2227777778
2023-11-26 17:00:00+00:00,997022.2555555556
2023-11-26 18:00:00+00:00,1399652.4083333334
2023-11-26 19:00:00+00:00,1996957.4191666667
2023-11-26 20:00:00+00:00,2064403.1230555556
2023-11-26 21:00:00+00:00,951010.6158333333
2023-11-26 22:00:00+00:00,613665.5886111112
2023-11-26 23:00:00+00:00,440576.0497222222
2023-11-27 00:00:00+00:00,410848.8622222222
2023-11-27 01:00:00+00:00,110506.81861111111
2023-11-27 02:00:00+00:00,78202.71916666666
2023-11-27 03:00:00+00:00,89818.27527777778
2023-11-27 04:00:00+00:00,252242.24416666667
2023-11-27 05:00:00+00:00,401630.9713888889
2023-11-27 06:00:00+00:00,895968.4869444445
2023-11-27 07:00:00+00:00,1537249.9975
2023-11-27 08:00:00+00:00,3588494.161388889
2023-11-27 09:00:00+00:00,2258495.0594444443
2023-11-27 10:00:00+00:00,4322483.665555555
2023-11-27 11:00:00+00:00,4286921.840277778
2023-11-27 12:00:00+00:00,4617977.465555555
2023-11-27 13:00:00+00:00,4974170.698055555
2023-11-27 14:00:00+00:00,3840890.396111111
2023-11-27 15:00:00+00:00,1862544.3408333333
2023-11-27 16:00:00+00:00,2111106.081944444
2023-11-27 17:00:00+00:00,2418727.762222222
2023-11-27 18:00:00+00:00,2097799.8408333333
2023-11-27 19:00:00+00:00,2634670.3911111113
2023-11-27 20:00:00+00:00,2483348.7444444443
2023-11-27 21:00:00+00:00,1330016.9505555555
2023-11-27 22:00:00+00:00,873915.8827777777
2023-11-27 23:00:00+00:00,631538.8102777777
2023-11-28 00:00:00+00:00,1179647.4155555556
2023-11-28 01:00:00+00:00,608463.0805555555
2023-11-28 02:00:00+00:00,241019.26333333334
2023-11-28 03:00:00+00:00,173394.98194444444
2023-11-28 04:00:00+00:00,368669.2186111111
2023-11-28 05:00:00+00:00,1271068.068888889
2023-11-28 06:00:00+00:00,1092774.338611111
2023-11-28 07:00:00+00:00,1274404.1272222223
2023-11-28 08:00:00+00:00,1797559.5711111112
2023-11-28 09:00:00+00:00,2138842.9977777777
2023-11-28 10:00:00+00:00,1912703.5747222223
2023-11-28 11:00:00+00:00,2427446.9580555554
2023-11-28 12:00:00+00:00,1902873.0994444445
2023-11-28 13:00:00+00:00,2598602.0316666667
2023-11-28 14:00:00+00:00,3828417.0875
2023-11-28 15:00:00+00:00,3972749.54
2023-11-28 16:00:00+00:00,3564168.725
2023-11-28 17:00:00+00:00,4001607.601388889
2023-11-28 18:00:00+00:00,2355009.1094444445
2023-11-28 19:00:00+00:00,3295584.513888889
2023-11-28 20:00:00+00:00,3092796.0325
2023-11-28 21:00:00+00:00,3160691.478888889
2023-11-28 22:00:00+00:00,1560419.908611111
2023-11-28 23:00:00+00:00,2239783.645
2023-11-29 00:00:00+00:00,1029810.6175
2023-11-29 01:00:00+00:00,919719.1777777778
2023-11-29 02:00:00+00:00,335420.2572222222
2023-11-29 03:00:00+00:00,581701.9569444444
2023-11-29 04:00:00+00:00,1121392.6336111112
2023-11-29 05:00:00+00:00,1207391.7177777777
2023-11-29 06:00:00+00:00,2821386.7555555557
2023-11-29 07:00:00+00:00,2300271.9383333335
2023-11-29 08:00:00+00:00,2667761.6694444446
2023-11-29 09:00:00+00:00,3058554.3177777776
2023-11-29 10:00:00+00:00,2277696.1166666667
2023-11-29 11:00:00+00:00,2824763.1822222224
2023-11-29 12:00:00+00:00,2336210.5419444446
2023-11-29 13:00:00+00:00,3438943.5908333333
2023-11-29 14:00:00+00:00,3411875.725
2023-11-29 15:00:00+00:00,2473627.930277778
2023-11-29 16:00:00+00:00,2897751.4413888888
2023-11-29 17:00:00+00:00,5124929.76
2023-11-29 18:00:00+00:00,3701975.509722222
2023-11-29 19:00:00+00:00,5434660.089166666
2023-11-29 20:00:00+00:00,3541339.987222222
2023-11-29 21:00:00+00:00,2069920.3116666668
2023-11-29 22:00:00+00:00,6112560.376388889
2023-11-29 23:00:00+00:00,2684532.1325
2023-11-30 00:00:00+00:00,1417435.99
2023-11-30 01:00:00+00:00,540674.0219444444
2023-11-30 02:00:00+00:00,327815.93166666664
2023-11-30 03:00:00+00:00,777451.5
2023-11-30 04:00:00+00:00,1193157.371388889
2023-11-30 05:00:00+00:00,1712409.0647222223
2023-11-30 06:00:00+00:00,8031956.154444444
2023-11-30 07:00:00+00:00,3250248.0044444446
2023-11-30 08:00:00+00:00,5002439.596388889
2023-11-30 09:00:00+00:00,3183885.116388889
2023-11-30 10:00:00+00:00,3154984.5908333333
2023-11-30 11:00:00+00:00,2933836.1458333335
2023-11-30 12:00:00+00:00,4192208.7291666665
2023-11-30 13:00:00+00:00,2983581.2344444445
2023-11-30 14:00:00+00:00,2121483.028611111
2023-11-30 15:00:00+00:00,2500367.9644444445
2023-11-30 16:00:00+00:00,2238999.7080555554
2023-11-30 17:00:00+00:00,2203258.0255555557
2023-11-30 18:00:00+00:00,1809656.6008333333
2023-11-30 19:00:00+00:00,1782308.2430555555
2023-11-30 20:00:00+00:00,2230317.215277778
2023-11-30 21:00:00+00:00,3075791.371388889
2023-11-30 22:00:00+00:00,905946.3247222222
2023-11-30 23:00:00+00:00,748858.9191666667
2023-12-01 00:00:00+00:00,680706.9755555555
2023-12-01 01:00:00+00:00,676806.9758333333
2023-12-01 02:00:00+00:00,430461.1347222222
2023-12-01 03:00:00+00:00,383098.10805555555
2023-12-01 04:00:00+00:00,497978.6802777778
2023-12-01 05:00:00+00:00,859024.5061111111
2023-12-01 06:00:00+00:00,1571965.5233333334
2023-12-01 07:00:00+00:00,4855575.9591666665
2023-12-01 08:00:00+00:00,4612560.428055556
2023-12-01 09:00:00+00:00,2773657.095
2023-12-01 10:00:00+00:00,2366860.5658333334
2023-12-01 11:00:00+00:00,2525827.301111111
2023-12-01 12:00:00+00:00,3357407.9694444444
2023-12-01 13:00:00+00:00,3446464.4305555555
2023-12-01 14:00:00+00:00,1204558.846111111
2023-12-01 15:00:00+00:00,2383783.363888889
2023-12-01 16:00:00+00:00,2092809.9566666668
2023-12-01 17:00:00+00:00,1184259.3997222222
2023-12-01 18:00:00+00:00,877879.7225
2023-12-01 19:00:00+00:00,1297441.615277778
2023-12-01 20:00:00+00:00,916904.44
2023-12-01 21:00:00+00:00,1470278.088611111
2023-12-01 22:00:00+00:00,1707294.3497222222
2023-12-01 23:00:00+00:00,710208.0536111111
2023-12-02 00:00:00+00:00,373495.74861111114
2023-12-02 01:00:00+00:00,355566.33444444445
2023-12-02 02:00:00+00:00,194742.66083333333
2023-12-02 03:00:00+00:00,165694.285
2023-12-02 04:00:00+00:00,207079.115
2023-12-02 05:00:00+00:00,216702.36555555556
2023-12-02 06:00:00+00:00,667273.6619444444
2023-12-02 07:00:00+00:00,798579.1580555555
2023-12-02 08:00:00+00:00,3663726.4491666667
2023-12-02 09:00:00+00:00,748871.7269444445
2023-12-02 10:00:00+00:00,1026674.4380555556
2023-12-02 11:00:00+00:00,808354.9227777778
2023-12-02 12:00:00+00:00,1747404.7063888889
2023-12-02 13:00:00+00:00,953952.8294444444
2023-12-02 14:00:00+00:00,805708.0419444444
2023-12-02 15:00:00+00:00,931716.5658333333
2023-12-02 16:00:00+00:00,695564.3175
2023-12-02 17:00:00+00:00,977083.2958333333
2023-12-02 18:00:00+00:00,748313.9594444444
2023-12-02 19:00:00+00:00,851106.5488888889
2023-12-02 20:00:00+00:00,1328373.5555555555
2023-12-02 21:00:00+00:00,1176348.9583333333
2023-12-02 22:00:00+00:00,812454.5666666667
2023-12-02 23:00:00+00:00,986980.2713888889
2023-12-03 00:00:00+00:00,681572.4219444444
2023-12-03 01:00:00+00:00,413753.13916666666
2023-12-03 02:00:00+00:00,281063.5522222222
2023-12-03 03:00:00+00:00,95453.71138888889
2023-12-03 04:00:00+00:00,83764.15666666666
2023-12-03 05:00:00+00:00,99980.25666666667
2023-12-03 06:00:00+00:00,159967.4988888889
2023-12-03 07:00:00+00:00,196091.11583333334
2023-12-03 08:00:00+00:00,3497328.1241666665
2023-12-03 09:00:00+00:00,764870.8811111111
2023-12-03 10:00:00+00:00,1473890.5394444445
2023-12-03 11:00:00+00:00,1155803.5702777777
2023-12-03 12:00:00+00:00,869285.8511111111
2023-12-03 13:00:00+00:00,692310.1258333334
2023-12-03 14:00:00+00:00,879097.0666666667
2023-12-03 15:00:00+00:00,1535979.8983333334
2023-12-03 16:00:00+00:00,1064957.4705555555
2023-12-03 17:00:00+00:00,1601959.006388889
2023-12-03 18:00:00+00:00,2257336.2538888888
2023-12-03 19:00:00+00:00,3949283.0416666665
2023-12-03 20:00:00+00:00,2766150.0802777777
2023-12-03 21:00:00+00:00,1985581.068611111
2023-12-03 22:00:00+00:00,1400515.2208333334
2023-12-03 23:00:00+00:00,744487.2558333334
2023-12-04 00:00:00+00:00,502772.1477777778
2023-12-04 01:00:00+00:00,934559.9822222223
2023-12-04 02:00:00+00:00,229577.87555555557
2023-12-04 03:00:00+00:00,352547.2477777778
2023-12-04 04:00:00+00:00,534685.9697222222
2023-12-04 05:00:00+00:00,864702.5166666667
2023-12-04 06:00:00+00:00,2078241.8072222222
2023-12-04 07:00:00+00:00,1519459.2544444446
2023-12-04 08:00:00+00:00,2123553.6544444445
2023-12-04 09:00:00+00:00,3595863.180833333
2023-12-04 10:00:00+00:00,2662407.995
2023-12-04 11:00:00+00:00,2496978.231388889
2023-12-04 12:00:00+00:00,654901.2252777778
2023-12-04 13:00:00+00:00,1694687.9841666666
2023-12-04 14:00:00+00:00,1706852.7727777779
2023-12-04 15:00:00+00:00,2396309.535
2023-12-04 16:00:00+00:00,4485033.488888889
2023-12-04 17:00:00+00:00,5605868.379722223
2023-12-04 18:00:00+00:00,3404548.9597222223
2023-12-04 19:00:00+00:00,3087022.2080555554
2023-12-04 20:00:00+00:00,1776215.1208333333
2023-12-04 21:00:00+00:00,1282309.8672222223
2023-12-04 22:00:00+00:00,970374.3813888889
2023-12-04 23:00:00+00:00,606447.1158333333
2023-12-05 00:00:00+00:00,850346.2008333333
2023-12-05 01:00:00+00:00,451308.88666666666
2023-12-05 02:00:00+00:00,219386.7511111111
2023-12-05 03:00:00+00:00,199019.94555555555
2023-12-05 04:00:00+00:00,581406.6683333333
2023-12-05 05:00:00+00:00,981556.0225
2023-12-05 06:00:00+00:00,1211544.2541666667
2023-12-05 07:00:00+00:00,1815336.201388889
2023-12-05 08:00:00+00:00,2071120.3066666666
2023-12-05 09:00:00+00:00,1229545.3666666667
2023-12-05 10:00:00+00:00,2429036.379166667
2023-12-05 11:00:00+00:00,2690907.3372222222
2023-12-05 12:00:00+00:00,2489517.2775
2023-12-05 13:00:00+00:00,2321984.648611111
2023-12-05 14:00:00+00:00,3035131.4238888887
2023-12-05 15:00:00+00:00,1982557.6869444444
2023-12-05 16:00:00+00:00,1894021.4102777778
2023-12-05 17:00:00+00:00,1729886.941388889
2023-12-05 18:00:00+00:00,3145837.7855555555
2023-12-05 19:00:00+00:00,3165919.5025
2023-12-05 20:00:00+00:00,4440403.7283333335
2023-12-05 21:00:00+00:00,1807553.2008333334
2023-12-05 22:00:00+00:00,3377252.2094444446
2023-12-05 23:00:00+00:00,1283996.5013888888
2023-12-06 00:00:00+00:00,1135245.7025
2023-12-06 01:00:00+00:00,692864.7625
2023-12-06 02:00:00+00:00,1731048.0897222222
2023-12-06 03:00:00+00:00,771873.8780555555
2023-12-06 04:00:00+00:00,1680808.6372222223
2023-12-06 05:00:00+00:00,986095.6636111111
2023-12-06 06:00:00+00:00,1972899.8227777777
2023-12-06 07:00:00+00:00,2525187.6566666667
2023-12-06 08:00:00+00:00,2146711.481111111
2023-12-06 09:00:00+00:00,4541010.701388889
2023-12-06 10:00:00+00:00,4460446.0633333335
2023-12-06 11:00:00+00:00,3255063.5733333332
2023-12-06 12:00:00+00:00,3063334.2255555554
2023-12-06 13:00:00+00:00,2517785.551388889
2023-12-06 14:00:00+00:00,3278401.6022222224
2023-12-06 15:00:00+00:00,3666581.152777778
2023-12-06 16:00:00+00:00,2810275.804722222
2023-12-06 17:00:00+00:00,2760073.0275
2023-12-06 18:00:00+00:00,2826593.2702777777
2023-12-06 19:00:00+00:00,2537140.7138888887
2023-12-06 20:00:00+00:00,1784206.476111111
2023-12-06 21:00:00+00:00,2194247.4680555556
2023-12-06 22:00:00+00:00,1590518.7241666666
2023-12-06 23:00:00+00:00,725399.1244444444
2023-12-07 00:00:00+00:00,523615.8933333333
2023-12-07 01:00:00+00:00,305141.8938888889
2023-12-07 02:00:00+00:00,393595.57972222223
2023-12-07 03:00:00+00:00,154787.69916666666
2023-12-07 04:00:00+00:00,389914.01722222223
2023-12-07 05:00:00+00:00,677066.0508333333
2023-12-07 06:00:00+00:00,1625956.3130555556
2023-12-07 07:00:00+00:00,2052032.1516666666
2023-12-07 08:00:00+00:00,3273046.8544444446
2023-12-07 09:00:00+00:00,2702483.730555556
2023-12-07 10:00:00+00:00,2355378.5005555553
2023-12-07 11:00:00+00:00,3369481.714166667
2023-12-07 12:00:00+00:00,2032907.483611111
2023-12-07 13:00:00+00:00,1531694.3880555555
2023-12-07 14:00:00+00:00,2291319.1594444443
2023-12-07 15:00:00+00:00,1518900.9083333334
2023-12-07 16:00:00+00:00,1119587.7430555555
2023-12-07 17:00:00+00:00,2452112.143611111
2023-12-07 18:00:00+00:00,1631637.8013888889
2023-12-07 19:00:00+00:00,3238661.091111111
2023-12-07 20:00:00+00:00,2460223.7308333335
2023-12-07 21:00:00+00:00,1276556.9669444445
2023-12-07 22:00:00+00:00,1133061.6908333334
2023-12-07 23:00:00+00:00,737727.4811111111
2023-12-08 00:00:00+00:00,755289.7011111111
2023-12-08 01:00:00+00:00,591207.8180555556
2023-12-08 02:00:00+00:00,590439.7711111112
2023-12-08 03:00:00+00:00,264681.60805555555
2023-12-08 04:00:00+00:00,291011.15444444446
2023-12-08 05:00:00+00:00,455377.8961111111
2023-12-08 06:00:00+00:00,1434030.9261111112
2023-12-08 07:00:00+00:00,1307105.6986111111
2023-12-08 08:00:00+00:00,1965402.0597222222
2023-12-08 09:00:00+00:00,7508388.694166667
2023-12-08 10:00:00+00:00,6022617.678333334
2023-12-08 11:00:00+00:00,4270386.952222222
2023-12-08 12:00:00+00:00,2100752.0822222224
2023-12-08 13:00:00+00:00,1076173.4808333332
2023-12-08 14:00:00+00:00,1854702.9769444445
2023-12-08 15:00:00+00:00,1173937.5222222223
2023-12-08 16:00:00+00:00,1931990.2444444445
2023-12-08 17:00:00+00:00,1365777.8477777778
2023-12-08 18:00:00+00:00,1205954.431111111
2023-12-08 19:00:00+00:00,1238616.0305555556
2023-12-08 20:00:00+00:00,1374870.9019444445
2023-12-08 21:00:00+00:00,4612272.926111111
2023-12-08 22:00:00+00:00,1267539.733611111
2023-12-08 23:00:00+00:00,577080.5608333333
2023-12-09 00:00:00+00:00,1499161.5541666667
2023-12-09 01:00:00+00:00,959914.2191666666
2023-12-09 02:00:00+00:00,667301.9505555555
2023-12-09 03:00:00+00:00,92708.51
2023-12-09 04:00:00+00:00,182100.37444444443
2023-12-09 05:00:00+00:00,206186.9575
2023-12-09 06:00:00+00:00,441972.41222222225
2023-12-09 07:00:00+00:00,820105.0080555555
2023-12-09 08:00:00+00:00,1934710.5875
2023-12-09 09:00:00+00:00,2098417.958888889
2023-12-09 10:00:00+00:00,2081127.8075
2023-12-09 11:00:00+00:00,1720676.6063888888
2023-12-09 12:00:00+00:00,1182877.6997222223
2023-12-09 13:00:00+00:00,808576.7886111111
2023-12-09 14:00:00+00:00,786326.2386111111
2023-12-09 15:00:00+00:00,1075810.73
2023-12-09 16:00:00+00:00,2272733.1447222224
2023-12-09 17:00:00+00:00,1722239.4694444444
2023-12-09 18:00:00+00:00,1583233.6247222223
2023-12-09 19:00:00+00:00,1493064.7194444444
2023-12-09 20:00:00+00:00,1442208.0013888888
2023-12-09 21:00:00+00:00,1739279.7272222221
2023-12-09 22:00:00+00:00,772234.36
2023-12-09 23:00:00+00:00,1298462.3172222222
2023-12-10 00:00:00+00:00,1249518.0333333334
2023-12-10 01:00:00+00:00,595230.0661111111
2023-12-10 02:00:00+00:00,409787.23055555555
2023-12-10 03:00:00+00:00,173397.95472222223
2023-12-10 04:00:00+00:00,96710.44666666667
2023-12-10 05:00:00+00:00,112161.96972222222
2023-12-10 06:00:00+00:00,292650.11027777777
2023-12-10 07:00:00+00:00,274771.24861111114
2023-12-10 08:00:00+00:00,1260803.861111111
2023-12-10 09:00:00+00:00,820695.5719444444
2023-12-10 10:00:00+00:00,868593.3813888889
2023-12-10 11:00:00+00:00,807351.0297222222
2023-12-10 12:00:00+00:00,919979.7866666666
2023-12-10 13:00:00+00:00,2655344.324722222
2023-12-10 14:00:00+00:00,1172287.5608333333
2023-12-10 15:00:00+00:00,1052048.4827777778
2023-12-10 16:00:00+00:00,2452903.1525
2023-12-10 17:00:00+00:00,1189340.9766666666
2023-12-10 18:00:00+00:00,2415239.021111111
2023-12-10 19:00:00+00:00,2536456.9147222224
2023-12-10 20:00:00+00:00,2318484.0038888888
2023-12-10 21:00:00+00:00,1957414.2316666667
2023-12-10 22:00:00+00:00,1072956.6116666666
2023-12-10 23:00:00+00:00,724776.6555555556
2023-12-11 00:00:00+00:00,340124.9425
2023-12-11 01:00:00+00:00,298727.4486111111
2023-12-11 02:00:00+00:00,239492.50444444444
2023-12-11 03:00:00+00:00,178464.26722222223
2023-12-11 04:00:00+00:00,789264.6966666667
2023-12-11 05:00:00+00:00,580333.8725
2023-12-11 06:00:00+00:00,1272450.3736111112
2023-12-11 07:00:00+00:00,1134327.2972222222
2023-12-11 08:00:00+00:00,1508092.6044444444
2023-12-11 09:00:00+00:00,1997409.6827777778
2023-12-11 10:00:00+00:00,2575754.8388888887
2023-12-11 11:00:00+00:00,3490197.9491666667
2023-12-11 12:00:00+00:00,3322249.5488888887
2023-12-11 13:00:00+00:00,1635013.53
2023-12-11 14:00:00+00:00,1613535.7183333333
2023-12-11 15:00:00+00:00,2127570.456944444
2023-12-11 16:00:00+00:00,2918218.2116666664
2023-12-11 17:00:00+00:00,1116978.2713888888
2023-12-11 18:00:00+00:00,1898059.6991666667
2023-12-11 19:00:00+00:00,1822613.7322222223
2023-12-11 20:00:00+00:00,2663174.2908333335
2023-12-11 21:00:00+00:00,1642494.3105555556
2023-12-11 22:00:00+00:00,716758.7172222222
2023-12-11 23:00:00+00:00,873901.2947222223
2023-12-12 00:00:00+00:00,542495.8491666666
2023-12-12 01:00:00+00:00,894748.54
2023-12-12 02:00:00+00:00,285953.58222222223
2023-12-12 03:00:00+00:00,298725.04083333333
2023-12-12 04:00:00+00:00,417673.9344444444
2023-12-12 05:00:00+00:00,819670.6583333333
2023-12-12 06:00:00+00:00,2059443.145
2023-12-12 07:00:00+00:00,2344910.6877777777
2023-12-12 08:00:00+00:00,1793168.3980555555
2023-12-12 09:00:00+00:00,2276237.0255555557
2023-12-12 10:00:00+00:00,1795569.4883333333
2023-12-12 11:00:00+00:00,2519574.3983333334
2023-12-12 12:00:00+00:00,2243483.655277778
2023-12-12 13:00:00+00:00,3152048.0377777778
2023-12-12 14:00:00+00:00,3212278.6491666664
2023-12-12 15:00:00+00:00,2954481.4480555556
2023-12-12 16:00:00+00:00,2777814.5877777776
2023-12-12 17:00:00+00:00,2681060.425
2023-12-12 18:00:00+00:00,3841775.4725
2023-12-12 19:00:00+00:00,5079791.9
2023-12-12 20:00:00+00:00,6458164.375555555
2023-12-12 21:00:00+00:00,3166034.5877777776
2023-12-12 22:00:00+00:00,1737337.556111111
2023-12-12 23:00:00+00:00,1252514.0113888888
2023-12-13 00:00:00+00:00,621855.3013888889
2023-12-13 01:00:00+00:00,582890.7436111111
2023-12-13 02:00:00+00:00,219115.26888888888
2023-12-13 03:00:00+00:00,411730.49083333334
2023-12-13 04:00:00+00:00,663089.995
2023-12-13 05:00:00+00:00,1318189.4516666667
2023-12-13 06:00:00+00:00,1754269.3527777777
2023-12-13 07:00:00+00:00,2428782.909722222
2023-12-13 08:00:00+00:00,2634707.172222222
2023-12-13 09:00:00+00:00,2921001.172777778
2023-12-13 10:00:00+00:00,2525397.404722222
2023-12-13 11:00:00+00:00,2223668.845
2023-12-13 12:00:00+00:00,3145426.9380555553
2023-12-13 13:00:00+00:00,2050103.5877777778
2023-12-13 14:00:00+00:00,2529304.098888889
2023-12-13 15:00:00+00:00,3081029.593888889
2023-12-13 16:00:00+00:00,2985918.4175
2023-12-13 17:00:00+00:00,2276675.0222222223
2023-12-13 18:00:00+00:00,2708344.291111111
2023-12-13 19:00:00+00:00,3726749.4655555557
2023-12-13 20:00:00+00:00,4964020.3675
2023-12-13 21:00:00+00:00,5135434.016111111
2023-12-13 22:00:00+00:00,1890902.755
2023-12-13 23:00:00+00:00,960494.0686111111
2023-12-14 00:00:00+00:00,548913.7933333333
2023-12-14 01:00:00+00:00,505926.455
2023-12-14 02:00:00+00:00,230803.81583333333
2023-12-14 03:00:00+00:00,368150.66777777777
2023-12-14 04:00:00+00:00,588174.1027777778
2023-12-14 05:00:00+00:00,880092.3025
2023-12-14 06:00:00+00:00,2181690.4577777777
2023-12-14 07:00:00+00:00,1847928.8336111112
2023-12-14 08:00:00+00:00,2478073.864722222
2023-12-14 09:00:00+00:00,2207277.8955555554
2023-12-14 10:00:00+00:00,3032554.4419444446
2023-12-14 11:00:00+00:00,3905122.266388889
2023-12-14 12:00:00+00:00,3231290.555833333
2023-12-14 13:00:00+00:00,1805505.4161111112
2023-12-14 14:00:00+00:00,1780623.5252777778
2023-12-14 15:00:00+00:00,1711451.7488888889
2023-12-14 16:00:00+00:00,2656886.385
2023-12-14 17:00:00+00:00,3127712.2866666666
2023-12-14 18:00:00+00:00,1320197.2458333333
2023-12-14 19:00:00+00:00,2663728.7394444444
2023-12-14 20:00:00+00:00,4860742.5216666665
2023-12-14 21:00:00+00:00,1510102.0041666667
2023-12-14 22:00:00+00:00,756321.9025
2023-12-14 23:00:00+00:00,970626.8713888889
2023-12-15 00:00:00+00:00,747572.5733333334
2023-12-15 01:00:00+00:00,338532.4938888889
2023-12-15 02:00:00+00:00,341817.43916666665
2023-12-15 03:00:00+00:00,262723.1477777778
2023-12-15 04:00:00+00:00,515606.87555555557
2023-12-15 05:00:00+00:00,667962.0925
2023-12-15 06:00:00+00:00,1503055.4775
2023-12-15 07:00:00+00:00,1983605.7433333334
2023-12-15 08:00:00+00:00,2225119.9347222224
2023-12-15 09:00:00+00:00,1557847.3436111112
2023-12-15 10:00:00+00:00,1974563.828611111
2023-12-15 11:00:00+00:00,1830277.4766666666
2023-12-15 12:00:00+00:00,1840769.0194444444
2023-12-15 13:00:00+00:00,1133260.4894444444
2023-12-15 14:00:00+00:00,856182.3005555555
2023-12-15 15:00:00+00:00,1011851.2425
2023-12-15 16:00:00+00:00,1138096.493611111
2023-12-15 17:00:00+00:00,1704773.2108333334
2023-12-15 18:00:00+00:00,1612028.816388889
2023-12-15 19:00:00+00:00,1105185.2713888888
2023-12-15 20:00:00+00:00,2346250.033333333
2023-12-15 21:00:00+00:00,1091782.2555555555
2023-12-15 22:00:00+00:00,1580342.3766666667
2023-12-15 23:00:00+00:00,1541825.8569444444
2023-12-16 00:00:00+00:00,400873.0686111111
2023-12-16 01:00:00+00:00,1047964.9355555555
2023-12-16 02:00:00+00:00,248367.55416666667
2023-12-16 03:00:00+00:00,223115.86833333335
2023-12-16 04:00:00+00:00,145942.66666666666
2023-12-16 05:00:00+00:00,218807.96416666667
2023-12-16 06:00:00+00:00,946476.9944444444
2023-12-16 07:00:00+00:00,566850.8347222222
2023-12-16 08:00:00+00:00,805492.3677777778
2023-12-16 09:00:00+00:00,963300.425
2023-12-16 10:00:00+00:00,661005.3891666667
2023-12-16 11:00:00+00:00,737991.0444444445
2023-12-16 12:00:00+00:00,1130976.3675
2023-12-16 13:00:00+00:00,1638446.3030555556
2023-12-16 14:00:00+00:00,1082191.641111111
2023-12-16 15:00:00+00:00,947489.0013888889
2023-12-16 16:00:00+00:00,1309850.2647222222
2023-12-16 17:00:00+00:00,927914.7675
2023-12-16 18:00:00+00:00,1344488.506111111
2023-12-16 19:00:00+00:00,1475733.3994444443
2023-12-16 20:00:00+00:00,2074973.608611111
2023-12-16 21:00:00+00:00,1644887.947222222
2023-12-16 22:00:00+00:00,1601047.7791666666
2023-12-16 23:00:00+00:00,951139.2511111111
2023-12-17 00:00:00+00:00,774560.2913888888
2023-12-17 01:00:00+00:00,330898.9527777778
2023-12-17 02:00:00+00:00,212010.6797222222
2023-12-17 03:00:00+00:00,131857.2725
2023-12-17 04:00:00+00:00,160241.35583333333
2023-12-17 05:00:00+00:00,166601.72944444444
2023-12-17 06:00:00+00:00,287625.8280555556
2023-12-17 07:00:00+00:00,538624.0697222222
2023-12-17 08:00:00+00:00,537972.0961111111
2023-12-17 09:00:00+00:00,650922.7205555555
2023-12-17 10:00:00+00:00,1862125.8697222222
2023-12-17 11:00:00+00:00,1834997.2969444445
2023-12-17 12:00:00+00:00,1051270.3791666667
2023-12-17 13:00:00+00:00,899115.0555555555
2023-12-17 14:00:00+00:00,1054473.523611111
2023-12-17 15:00:00+00:00,1719709.2091666667
2023-12-17 16:00:00+00:00,2067322.3733333333
2023-12-17 17:00:00+00:00,2151145.864722222
2023-12-17 18:00:00+00:00,1732697.4716666667
2023-12-17 19:00:00+00:00,1900045.3469444443
2023-12-17 20:00:00+00:00,2006288.2683333333
2023-12-17 21:00:00+00:00,2455129.4055555556
2023-12-17 22:00:00+00:00,1103087.5269444445
2023-12-17 23:00:00+00:00,2253714.160277778
2023-12-18 00:00:00+00:00,713334.6752777778
2023-12-18 01:00:00+00:00,962171.5791666667
2023-12-18 02:00:00+00:00,319526.2863888889
2023-12-18 03:00:00+00:00,293990.12166666664
2023-12-18 04:00:00+00:00,1470436.7313888888
2023-12-18 05:00:00+00:00,1516500.6433333333
2023-12-18 06:00:00+00:00,1436808.32
2023-12-18 07:00:00+00:00,2006138.3358333334
2023-12-18 08:00:00+00:00,1709947.483611111
2023-12-18 09:00:00+00:00,2392413.831388889
2023-12-18 10:00:00+00:00,2307318.1805555555
2023-12-18 11:00:00+00:00,2560012.8119444447
2023-12-18 12:00:00+00:00,3628468.7708333335
2023-12-18 13:00:00+00:00,2387233.72
2023-12-18 14:00:00+00:00,2401459.8025
2023-12-18 15:00:00+00:00,2917472.4997222223
2023-12-18 16:00:00+00:00,7004099.9452777775
2023-12-18 17:00:00+00:00,3318383.6791666667
2023-12-18 18:00:00+00:00,2108406.6222222224
2023-12-18 19:00:00+00:00,4970247.115555556
2023-12-18 20:00:00+00:00,2160518.3655555556
2023-12-18 21:00:00+00:00,2288388.87
2023-12-18 22:00:00+00:00,1898729.7213888888
2023-12-18 23:00:00+00:00,1031163.5688888889
2023-12-19 00:00:00+00:00,325762.93166666664
2023-12-19 01:00:00+00:00,241858.45944444445
2023-12-19 02:00:00+00:00,193459.61777777778
2023-12-19 03:00:00+00:00,117836.9225
2023-12-19 04:00:00+00:00,407483.17805555556
2023-12-19 05:00:00+00:00,1287232.1322222222
2023-12-19 06:00:00+00:00,1648215.5525
2023-12-19 07:00:00+00:00,2251776.1
2023-12-19 08:00:00+00:00,2438000.668611111
2023-12-19 09:00:00+00:00,3042598.2730555558
2023-12-19 10:00:00+00:00,2451198.9122222224
2023-12-19 11:00:00+00:00,2708130.9797222223
2023-12-19 12:00:00+00:00,2702404.818611111
2023-12-19 13:00:00+00:00,2354100.118333333
2023-12-19 14:00:00+00:00,2355155.2747222222
2023-12-19 15:00:00+00:00,3077695.887777778
2023-12-19 16:00:00+00:00,1927778.711388889
2023-12-19 17:00:00+00:00,2208292.821388889
2023-12-19 18:00:00+00:00,2744400.7725
2023-12-19 19:00:00+00:00,4030358.240277778
2023-12-19 20:00:00+00:00,3544716.0419444446
2023-12-19 21:00:00+00:00,1853164.9619444443
2023-12-19 22:00:00+00:00,1522417.9127777778
2023-12-19 23:00:00+00:00,877017.8311111111
2023-12-20 00:00:00+00:00,353482.6063888889
2023-12-20 01:00:00+00:00,340148.8875
2023-12-20 02:00:00+00:00,231505.24194444445
2023-12-20 03:00:00+00:00,158706.00583333333
2023-12-20 04:00:00+00:00,389199.7188888889
2023-12-20 05:00:00+00:00,555791.4961111111
2023-12-20 06:00:00+00:00,1817412.2102777779
2023-12-20 07:00:00+00:00,6001794.720277778
2023-12-20 08:00:00+00:00,2256381.828888889
2023-12-20 09:00:00+00:00,1870843.4533333334
2023-12-20 10:00:00+00:00,1176771.0394444445
2023-12-20 11:00:00+00:00,1769810.5516666668
2023-12-20 12:00:00+00:00,2220607.76
2023-12-20 13:00:00+00:00,1692134.3144444444
2023-12-20 14:00:00+00:00,1140612.5897222222
2023-12-20 15:00:00+00:00,1517824.8052777778
2023-12-20 16:00:00+00:00,1456637.6258333332
2023-12-20 17:00:00+00:00,2314666.1858333335
2023-12-20 18:00:00+00:00,2170364.7416666667
2023-12-20 19:00:00+00:00,2337733.76
2023-12-20 20:00:00+00:00,2264113.2333333334
2023-12-20 21:00:00+00:00,2522289.561388889
2023-12-20 22:00:00+00:00,2906074.1677777776
2023-12-20 23:00:00+00:00,1004648.1808333333
2023-12-21 00:00:00+00:00,1160220.4180555556
2023-12-21 01:00:00+00:00,273360.6405555556
2023-12-21 02:00:00+00:00,272972.1280555556
2023-12-21 03:00:00+00:00,303780.7061111111
2023-12-21 04:00:00+00:00,403054.85444444447
2023-12-21 05:00:00+00:00,587121.0413888888
2023-12-21 06:00:00+00:00,938380.6188888889
2023-12-21 07:00:00+00:00,1218848.7208333334
2023-12-21 08:00:00+00:00,1964010.201388889
2023-12-21 09:00:00+00:00,2712319.9980555554
2023-12-21 10:00:00+00:00,2691768.4177777776
2023-12-21 11:00:00+00:00,2043012.3072222222
2023-12-21 12:00:00+00:00,1694427.898888889
2023-12-21 13:00:00+00:00,1457468.9530555555
2023-12-21 14:00:00+00:00,1603001.2375
2023-12-21 15:00:00+00:00,908392.5611111111
2023-12-21 16:00:00+00:00,1432791.641111111
2023-12-21 17:00:00+00:00,1272676.9705555555
2023-12-21 18:00:00+00:00,1225556.8319444444
2023-12-21 19:00:00+00:00,1036419.9022222222
2023-12-21 20:00:00+00:00,1424539.0919444445
2023-12-21 21:00:00+00:00,1549560.4091666667
2023-12-21 22:00:00+00:00,661407.0866666667
2023-12-21 23:00:00+00:00,658292.6144444444
2023-12-22 00:00:00+00:00,828267.4666666667
2023-12-22 01:00:00+00:00,131308.48833333334
2023-12-22 02:00:00+00:00,92849.49361111112
2023-12-22 03:00:00+00:00,100586.07277777778
2023-12-22 04:00:00+00:00,279101.5680555556
2023-12-22 05:00:00+00:00,345697.37388888886
2023-12-22 06:00:00+00:00,1304449.1730555557
2023-12-22 07:00:00+00:00,978316.7825
2023-12-22 08:00:00+00:00,1517765.6830555554
2023-12-22 09:00:00+00:00,667155.5141666667
2023-12-22 10:00:00+00:00,776000.9830555556
2023-12-22 11:00:00+00:00,1923396.046388889
2023-12-22 12:00:00+00:00,1163497.6797222223
2023-12-22 13:00:00+00:00,595825.8755555556
2023-12-22 14:00:00+00:00,854417.8441666666
2023-12-22 15:00:00+00:00,733862.9047222222
2023-12-22 16:00:00+00:00,1108725.2847222222
2023-12-22 17:00:00+00:00,1439437.384722222
2023-12-22 18:00:00+00:00,775541.0025
2023-12-22 19:00:00+00:00,927531.8077777778
2023-12-22 20:00:00+00:00,549899.5580555556
2023-12-22 21:00:00+00:00,760926.3655555556
2023-12-22 22:00:00+00:00,840182.2613888889
2023-12-22 23:00:00+00:00,493575.2411111111
2023-12-23 00:00:00+00:00,456275.9216666667
2023-12-23 01:00:00+00:00,450849.94916666666
2023-12-23 02:00:00+00:00,189909.13972222223
2023-12-23 03:00:00+00:00,49653.3275
2023-12-23 04:00:00+00:00,271742.54305555555
2023-12-23 05:00:00+00:00,172880.98833333334
2023-12-23 06:00:00+00:00,146173.79305555555
2023-12-23 07:00:00+00:00,229382.35472222223
2023-12-23 08:00:00+00:00,340702.8777777778
2023-12-23 09:00:00+00:00,356686.97944444447
2023-12-23 10:00:00+00:00,421691.39972222224
2023-12-23 11:00:00+00:00,543901.0347222222
2023-12-23 12:00:00+00:00,836101.3375
2023-12-23 13:00:00+00:00,222643.83944444446
2023-12-23 14:00:00+00:00,245664.17361111112
2023-12-23 15:00:00+00:00,746310.0236111111
2023-12-23 16:00:00+00:00,369140.8002777778
2023-12-23 17:00:00+00:00,511904.43638888886
2023-12-23 18:00:00+00:00,745135.1025
2023-12-23 19:00:00+00:00,612207.7780555555
2023-12-23 20:00:00+00:00,885228.1138888889
2023-12-23 21:00:00+00:00,769718.5122222222
2023-12-23 22:00:00+00:00,526537.9461111111
2023-12-23 23:00:00+00:00,696019.1408333334
2023-12-24 00:00:00+00:00,488311.0444444445
2023-12-24 01:00:00+00:00,390699.3975
2023-12-24 02:00:00+00:00,301201.5111111111
2023-12-24 03:00:00+00:00,105462.85833333334
2023-12-24 04:00:00+00:00,76496.01777777777
2023-12-24 05:00:00+00:00,132177.00222222222
2023-12-24 06:00:00+00:00,326880.57972222223
2023-12-24 07:00:00+00:00,338733.00416666665
2023-12-24 08:00:00+00:00,987227.5130555555
2023-12-24 09:00:00+00:00,1244866.9983333333
2023-12-24 10:00:00+00:00,2593103.666388889
2023-12-24 11:00:00+00:00,452755.2947222222
2023-12-24 12:00:00+00:00,424649.4436111111
2023-12-24 13:00:00+00:00,547119.5933333334
2023-12-24 14:00:00+00:00,900168.9875
2023-12-24 15:00:00+00:00,529587.605
2023-12-24 16:00:00+00:00,728154.9577777778
2023-12-24 17:00:00+00:00,1725104.4991666668
2023-12-24 18:00:00+00:00,4178170.4972222224
2023-12-24 19:00:00+00:00,1504377.6827777778
2023-12-24 20:00:00+00:00,928425.4555555555
2023-12-24 21:00:00+00:00,1026620.2863888888
2023-12-24 22:00:00+00:00,1860475.5616666668
2023-12-24 23:00:00+00:00,264949.5097222222
2023-12-25 00:00:00+00:00,470906.16222222225
2023-12-25 01:00:00+00:00,544207.1952777777
2023-12-25 02:00:00+00:00,1181207.16
2023-12-25 03:00:00+00:00,208393.45194444444
2023-12-25 04:00:00+00:00,160562.7625
2023-12-25 05:00:00+00:00,172049.26444444444
2023-12-25 06:00:00+00:00,192571.09444444443
2023-12-25 07:00:00+00:00,506260.6905555556
2023-12-25 08:00:00+00:00,484735.5827777778
2023-12-25 09:00:00+00:00,844214.1211111111
2023-12-25 10:00:00+00:00,480614.99805555557
2023-12-25 11:00:00+00:00,605899.4233333333
2023-12-25 12:00:00+00:00,616825.9502777777
2023-12-25 13:00:00+00:00,569073.9263888889
2023-12-25 14:00:00+00:00,668651.5766666667
2023-12-25 15:00:00+00:00,602371.9458333333
2023-12-25 16:00:00+00:00,1150221.3555555556
2023-12-25 17:00:00+00:00,563510.8327777778
2023-12-25 18:00:00+00:00,1358882.8136111111
2023-12-25 19:00:00+00:00,2049662.671388889
2023-12-25 20:00:00+00:00,571560.5122222222
2023-12-25 21:00:00+00:00,577776.9430555556
2023-12-25 22:00:00+00:00,689022.9563888889
2023-12-25 23:00:00+00:00,578590.661111111
2023-12-26 00:00:00+00:00,1137648.1888888888
2023-12-26 01:00:00+00:00,297093.9422222222
2023-12-26 02:00:00+00:00,95090.58722222222
2023-12-26 03:00:00+00:00,124298.77833333334
2023-12-26 04:00:00+00:00,143057.21944444443
2023-12-26 05:00:00+00:00,111848.72638888888
2023-12-26 06:00:00+00:00,266719.7422222222
2023-12-26 07:00:00+00:00,176070.17666666667
2023-12-26 08:00:00+00:00,288312.03555555554
2023-12-26 09:00:00+00:00,500187.4963888889
2023-12-26 10:00:00+00:00,735777.1966666667
2023-12-26 11:00:00+00:00,584735.3633333333
2023-12-26 12:00:00+00:00,790482.2627777777
2023-12-26 13:00:00+00:00,1773286.13
2023-12-26 14:00:00+00:00,1301048.4655555557
2023-12-26 15:00:00+00:00,653885.3222222222
2023-12-26 16:00:00+00:00,1516464.2855555555
2023-12-26 17:00:00+00:00,498832.2188888889
2023-12-26 18:00:00+00:00,935550.5269444444
2023-12-26 19:00:00+00:00,997101.0388888889
2023-12-26 20:00:00+00:00,517038.4711111111
2023-12-26 21:00:00+00:00,725561.4125
2023-12-26 22:00:00+00:00,913891.5619444444
2023-12-26 23:00:00+00:00,656742.6236111111
2023-12-27 00:00:00+00:00,342080.63416666666
2023-12-27 01:00:00+00:00,707596.3488888888
2023-12-27 02:00:00+00:00,500860.8491666667
2023-12-27 03:00:00+00:00,88835.65583333334
2023-12-27 04:00:00+00:00,749598.7075
2023-12-27 05:00:00+00:00,802611.1055555556
2023-12-27 06:00:00+00:00,120434.5286111111
2023-12-27 07:00:00+00:00,198209.0325
2023-12-27 08:00:00+00:00,256301.13055555554
2023-12-27 09:00:00+00:00,335688.6338888889
2023-12-27 10:00:00+00:00,665952.6583333333
2023-12-27 11:00:00+00:00,1019076.3597222222
2023-12-27 12:00:00+00:00,357696.46555555554
2023-12-27 13:00:00+00:00,668840.1875
2023-12-27 14:00:00+00:00,1512979.7588888889
2023-12-27 15:00:00+00:00,354834.7791666667
2023-12-27 16:00:00+00:00,777795.4305555555
2023-12-27 17:00:00+00:00,1641992.3794444446
2023-12-27 18:00:00+00:00,451425.1072222222
2023-12-27 19:00:00+00:00,482453.0725
2023-12-27 20:00:00+00:00,588387.5383333333
2023-12-27 21:00:00+00:00,364105.7994444444
2023-12-27 22:00:00+00:00,450290.6983333333
2023-12-27 23:00:00+00:00,443407.0108333333
2023-12-28 00:00:00+00:00,261083.71416666667
2023-12-28 01:00:00+00:00,93718.32111111112
2023-12-28 02:00:00+00:00,120900.92972222222
2023-12-28 03:00:00+00:00,84198.62277777778
2023-12-28 04:00:00+00:00,71393.96527777778
2023-12-28 05:00:00+00:00,131187.53083333332
2023-12-28 06:00:00+00:00,225265.00222222222
2023-12-28 07:00:00+00:00,181057.52027777777
2023-12-28 08:00:00+00:00,453714.05305555556
2023-12-28 09:00:00+00:00,422822.8438888889
2023-12-28 10:00:00+00:00,617636.0386111111
2023-12-28 11:00:00+00:00,337111.5827777778
2023-12-28 12:00:00+00:00,485300.35777777777
2023-12-28 13:00:00+00:00,552082.3177777778
2023-12-28 14:00:00+00:00,560010.2836111111
2023-12-28 15:00:00+00:00,748881.9286111111
2023-12-28 16:00:00+00:00,352359.3186111111
2023-12-28 17:00:00+00:00,378931.3097222222
2023-12-28 18:00:00+00:00,425050.9325
2023-12-28 19:00:00+00:00,1013057.6713888888
2023-12-28 20:00:00+00:00,718602.1377777777
2023-12-28 21:00:00+00:00,808378.8477777778
2023-12-28 22:00:00+00:00,2662280.472222222
2023-12-28 23:00:00+00:00,831362.75
2023-12-29 00:00:00+00:00,346451.8877777778
2023-12-29 01:00:00+00:00,953062.5658333333
2023-12-29 02:00:00+00:00,196545.7863888889
2023-12-29 03:00:00+00:00,47448.636666666665
2023-12-29 04:00:00+00:00,50699.55972222222
2023-12-29 05:00:00+00:00,95747.13
2023-12-29 06:00:00+00:00,105728.97777777778
2023-12-29 07:00:00+00:00,130192.5286111111
2023-12-29 08:00:00+00:00,290238.9847222222
2023-12-29 09:00:00+00:00,466555.51
2023-12-29 10:00:00+00:00,289837.5761111111
2023-12-29 11:00:00+00:00,344512.50583333336
2023-12-29 12:00:00+00:00,503977.47694444447
2023-12-29 13:00:00+00:00,483835.16055555554
2023-12-29 14:00:00+00:00,797251.9211111111
2023-12-29 15:00:00+00:00,967857.3833333333
2023-12-29 16:00:00+00:00,399595.9286111111
2023-12-29 17:00:00+00:00,606820.8383333334
2023-12-29 18:00:00+00:00,530080.0233333333
2023-12-29 19:00:00+00:00,428995.40944444446
2023-12-29 20:00:00+00:00,534029.9436111111
2023-12-29 21:00:00+00:00,587917.2516666667
2023-12-29 22:00:00+00:00,734209.635
2023-12-29 23:00:00+00:00,296939.8233333333
2023-12-30 00:00:00+00:00,1505567.118888889
2023-12-30 01:00:00+00:00,342505.9975
2023-12-30 02:00:00+00:00,461814.4091666667
2023-12-30 03:00:00+00:00,101475.48944444445
2023-12-30 04:00:00+00:00,132676.86083333334
2023-12-30 05:00:00+00:00,139567.8825
2023-12-30 06:00:00+00:00,168955.16888888887
2023-12-30 07:00:00+00:00,209103.79805555556
2023-12-30 08:00:00+00:00,466964.18111111113
2023-12-30 09:00:00+00:00,1122511.4602777779
2023-12-30 10:00:00+00:00,472146.6355555556
2023-12-30 11:00:00+00:00,786753.3438888888
2023-12-30 12:00:00+00:00,1154714.8822222222
2023-12-30 13:00:00+00:00,298172.43333333335
2023-12-30 14:00:00+00:00,227988.4077777778
2023-12-30 15:00:00+00:00,381754.8425
2023-12-30 16:00:00+00:00,2048088.5758333334
2023-12-30 17:00:00+00:00,528510.325
2023-12-30 18:00:00+00:00,364830.83305555553
2023-12-30 19:00:00+00:00,691687.8288888889
2023-12-30 20:00:00+00:00,826378.1480555555
2023-12-30 21:00:00+00:00,624259.0825
2023-12-30 22:00:00+00:00,580945.6413888889
2023-12-30 23:00:00+00:00,665369.7438888889
2023-12-31 00:00:00+00:00,424929.6144444444
2023-12-31 01:00:00+00:00,342871.4266666667
2023-12-31 02:00:00+00:00,296927.6
2023-12-31 03:00:00+00:00,150488.06277777778
2023-12-31 04:00:00+00:00,144408.63472222222
2023-12-31 05:00:00+00:00,79260.65444444444
2023-12-31 06:00:00+00:00,52725.25083333333
2023-12-31 07:00:00+00:00,368384.2663888889
2023-12-31 08:00:00+00:00,128327.90777777777
2023-12-31 09:00:00+00:00,275660.4194444445
2023-12-31 10:00:00+00:00,818103.7433333333
2023-12-31 11:00:00+00:00,1123748.8936111112
2023-12-31 12:00:00+00:00,452015.93305555556
2023-12-31 13:00:00+00:00,322607.92305555556
2023-12-31 14:00:00+00:00,433160.7713888889
2023-12-31 15:00:00+00:00,367931.06444444443
2023-12-31 16:00:00+00:00,893263.3336111112
2023-12-31 17:00:00+00:00,1463597.8941666668
2023-12-31 18:00:00+00:00,633440.2097222222
2023-12-31 19:00:00+00:00,426029.8594444444
2023-12-31 20:00:00+00:00,481111.9869444444
2023-12-31 21:00:00+00:00,454150.8236111111
2023-12-31 22:00:00+00:00,737477.3708333333
2023-12-31 23:00:00+00:00,569805.9322222222
2024-01-01 00:00:00+00:00,351596.15777777776
2024-01-01 01:00:00+00:00,348506.84722222225
2024-01-01 02:00:00+00:00,223735.42333333334
2024-01-01 03:00:00+00:00,156034.4525
2024-01-01 04:00:00+00:00,162971.94416666665
2024-01-01 05:00:00+00:00,250938.3461111111
2024-01-01 06:00:00+00:00,191551.87416666668
2024-01-01 07:00:00+00:00,245262.3811111111
2024-01-01 08:00:00+00:00,195154.21
2024-01-01 09:00:00+00:00,565775.5336111111
2024-01-01 10:00:00+00:00,456390.1872222222
2024-01-01 11:00:00+00:00,552372.7191666666
2024-01-01 12:00:00+00:00,1270912.776388889
2024-01-01 13:00:00+00:00,375446.1219444444
2024-01-01 14:00:00+00:00,610239.5477777778
2024-01-01 15:00:00+00:00,762956.7027777778
2024-01-01 16:00:00+00:00,1118813.3194444445
2024-01-01 17:00:00+00:00,1401909.6077777778
2024-01-01 18:00:00+00:00,1183745.6361111111
2024-01-01 19:00:00+00:00,1516938.4891666668
2024-01-01 20:00:00+00:00,1451578.6083333334
2024-01-01 21:00:00+00:00,1043223.9161111111
2024-01-01 22:00:00+00:00,703086.7169444445
2024-01-01 23:00:00+00:00,332760.4963888889
2024-01-02 00:00:00+00:00,239224.32444444444
2024-01-02 01:00:00+00:00,278902.9483333333
2024-01-02 02:00:00+00:00,185263.54944444445
2024-01-02 03:00:00+00:00,259584.93833333332
2024-01-02 04:00:00+00:00,191671.32361111112
2024-01-02 05:00:00+00:00,409715.88416666666
2024-01-02 06:00:00+00:00,696759.3302777777
2024-01-02 07:00:00+00:00,1085904.3872222223
2024-01-02 08:00:00+00:00,3032955.2275
2024-01-02 09:00:00+00:00,1764277.0991666666
2024-01-02 10:00:00+00:00,2253901.972222222
2024-01-02 11:00:00+00:00,2664245.5872222222
2024-01-02 12:00:00+00:00,1334213.1397222222
2024-01-02 13:00:00+00:00,1703726.8608333333
2024-01-02 14:00:00+00:00,1661866.3119444444
2024-01-02 15:00:00+00:00,1048821.7341666666
2024-01-02 16:00:00+00:00,687850.0002777778
2024-01-02 17:00:00+00:00,972069.8416666667
2024-01-02 18:00:00+00:00,1223784.6269444444
2024-01-02 19:00:00+00:00,1069878.5927777777
2024-01-02 20:00:00+00:00,1309316.8472222222
2024-01-02 21:00:00+00:00,1328646.2016666667
2024-01-02 22:00:00+00:00,1032933.1766666666
2024-01-02 23:00:00+00:00,338261.80333333334
2024-01-03 00:00:00+00:00,368555.2997222222
2024-01-03 01:00:00+00:00,183720.77916666667
2024-01-03 02:00:00+00:00,162792.0677777778
2024-01-03 03:00:00+00:00,188113.76305555555
2024-01-03 04:00:00+00:00,299802.1169444444
2024-01-03 05:00:00+00:00,651849.1177777778
2024-01-03 06:00:00+00:00,989068.0505555555
2024-01-03 07:00:00+00:00,1185897.365277778
2024-01-03 08:00:00+00:00,1719956.256388889
2024-01-03 09:00:00+00:00,1842133.6155555556
2024-01-03 10:00:00+00:00,1056603.6366666667
2024-01-03 11:00:00+00:00,1530962.8738888889
2024-01-03 12:00:00+00:00,2383595.365277778
2024-01-03 13:00:00+00:00,1359849.8644444444
2024-01-03 14:00:00+00:00,1566429.6930555555
2024-01-03 15:00:00+00:00,1901874.3419444445
2024-01-03 16:00:00+00:00,1402962.2280555556
2024-01-03 17:00:00+00:00,1208981.295
2024-01-03 18:00:00+00:00,1198923.3975
2024-01-03 19:00:00+00:00,1426360.4925
2024-01-03 20:00:00+00:00,1092710.8236111111
2024-01-03 21:00:00+00:00,1261715.5605555556
2024-01-03 22:00:00+00:00,541767.03
2024-01-03 23:00:00+00:00,359861.17
2024-01-04 00:00:00+00:00,312261.2630555556
2024-01-04 01:00:00+00:00,225910.38
2024-01-04 02:00:00+00:00,112849.22833333333
2024-01-04 03:00:00+00:00,69332.38027777777
2024-01-04 04:00:00+00:00,148073.6836111111
2024-01-04 05:00:00+00:00,486211.17027777777
2024-01-04 06:00:00+00:00,535037.3591666666
2024-01-04 07:00:00+00:00,766347.5341666667
2024-01-04 08:00:00+00:00,2139610.297777778
2024-01-04 09:00:00+00:00,1173618.1675
2024-01-04 10:00:00+00:00,1453989.0047222222
2024-01-04 11:00:00+00:00,1274376.0427777779
2024-01-04 12:00:00+00:00,1605186.5197222221
2024-01-04 13:00:00+00:00,2525293.4205555557
2024-01-04 14:00:00+00:00,2881134.0997222224
2024-01-04 15:00:00+00:00,1748097.6255555556
2024-01-04 16:00:00+00:00,1191978.8291666666
2024-01-04 17:00:00+00:00,1856431.7675
2024-01-04 18:00:00+00:00,2588009.1430555554
2024-01-04 19:00:00+00:00,3662089.3580555557
2024-01-04 20:00:00+00:00,1702584.7372222221
2024-01-04 21:00:00+00:00,1480820.5530555556
2024-01-04 22:00:00+00:00,1755547.661111111
2024-01-04 23:00:00+00:00,435466.8022222222
2024-01-05 00:00:00+00:00,439860.6388888889
2024-01-05 01:00:00+00:00,262024.01722222223
2024-01-05 02:00:00+00:00,311380.5916666667
2024-01-05 03:00:00+00:00,144560.04277777777
2024-01-05 04:00:00+00:00,159099.44777777776
2024-01-05 05:00:00+00:00,494559.1822222222
2024-01-05 06:00:00+00:00,1374034.1969444444
2024-01-05 07:00:00+00:00,995887.8819444445
2024-01-05 08:00:00+00:00,1388654.5755555555
2024-01-05 09:00:00+00:00,784770.1816666666
2024-01-05 10:00:00+00:00,826490.3158333333
2024-01-05 11:00:00+00:00,1346144.0475
2024-01-05 12:00:00+00:00,1677711.5372222222
2024-01-05 13:00:00+00:00,1132672.9825
2024-01-05 14:00:00+00:00,1658559.066388889
2024-01-05 15:00:00+00:00,1013502.6636111111
2024-01-05 16:00:00+00:00,850474.0511111111
2024-01-05 17:00:00+00:00,754371.975
2024-01-05 18:00:00+00:00,816179.1555555556
2024-01-05 19:00:00+00:00,684694.8313888889
2024-01-05 20:00:00+00:00,441575.55861111113
2024-01-05 21:00:00+00:00,642999.4083333333
2024-01-05 22:00:00+00:00,556773.5702777777
2024-01-05 23:00:00+00:00,1058923.425
2024-01-06 00:00:00+00:00,377247.8780555556
2024-01-06 01:00:00+00:00,131527.7552777778
2024-01-06 02:00:00+00:00,261873.55027777777
2024-01-06 03:00:00+00:00,63450.491944444446
2024-01-06 04:00:00+00:00,158719.30333333334
2024-01-06 05:00:00+00:00,233405.17416666666
2024-01-06 06:00:00+00:00,377076.80666666664
2024-01-06 07:00:00+00:00,436616.25638888887
2024-01-06 08:00:00+00:00,855435.1655555556
2024-01-06 09:00:00+00:00,499351.5130555556
2024-01-06 10:00:00+00:00,944893.6825
2024-01-06 11:00:00+00:00,877702.7275
2024-01-06 12:00:00+00:00,1544117.655
2024-01-06 13:00:00+00:00,814060.4997222222
2024-01-06 14:00:00+00:00,980387.0183333333
2024-01-06 15:00:00+00:00,2749252.921111111
2024-01-06 16:00:00+00:00,1767283.5838888888
2024-01-06 17:00:00+00:00,928507.6102777778
2024-01-06 18:00:00+00:00,895429.0669444444
2024-01-06 19:00:00+00:00,1966572.9725
2024-01-06 20:00:00+00:00,595238.0380555555
2024-01-06 21:00:00+00:00,601867.7294444444
2024-01-06 22:00:00+00:00,1842323.5405555556
2024-01-06 23:00:00+00:00,522393.55833333335
2024-01-07 00:00:00+00:00,265155.1427777778
2024-01-07 01:00:00+00:00,174208.61472222224
2024-01-07 02:00:00+00:00,215426.02138888888
2024-01-07 03:00:00+00:00,146778.5175
2024-01-07 04:00:00+00:00,84609.2025
2024-01-07 05:00:00+00:00,78039.70222222223
2024-01-07 06:00:00+00:00,121028.44027777777
2024-01-07 07:00:00+00:00,433233.6591666667
2024-01-07 08:00:00+00:00,393715.3363888889
2024-01-07 09:00:00+00:00,692270.8191666667
2024-01-07 10:00:00+00:00,403448.60305555555
2024-01-07 11:00:00+00:00,1182968.2216666667
2024-01-07 12:00:00+00:00,575291.8241666667
2024-01-07 13:00:00+00:00,529153.5669444444
2024-01-07 14:00:00+00:00,539390.4419444444
2024-01-07 15:00:00+00:00,547056.4080555555
2024-01-07 16:00:00+00:00,760959.4833333333
2024-01-07 17:00:00+00:00,825359.8205555555
2024-01-07 18:00:00+00:00,741496.8130555556
2024-01-07 19:00:00+00:00,717471.5880555556
2024-01-07 20:00:00+00:00,870723.3408333333
2024-01-07 21:00:00+00:00,1145363.4302777778
2024-01-07 22:00:00+00:00,1241217.736111111
2024-01-07 23:00:00+00:00,454647.5125
2024-01-08 00:00:00+00:00,294141.8752777778
2024-01-08 01:00:00+00:00,332497.8822222222
2024-01-08 02:00:00+00:00,343567.7286111111
2024-01-08 03:00:00+00:00,92297.81361111111
2024-01-08 04:00:00+00:00,417683.7611111111
2024-01-08 05:00:00+00:00,437038.68944444443
2024-01-08 06:00:00+00:00,735551.0330555555
2024-01-08 07:00:00+00:00,653845.1469444444
2024-01-08 08:00:00+00:00,1509873.9891666668
2024-01-08 09:00:00+00:00,836016.9558333333
2024-01-08 10:00:00+00:00,1271537.7052777777
2024-01-08 11:00:00+00:00,1903703.2905555556
2024-01-08 12:00:00+00:00,1548662.4980555556
2024-01-08 13:00:00+00:00,1029951.2255555555
2024-01-08 14:00:00+00:00,821276.9797222222
2024-01-08 15:00:00+00:00,921102.7033333334
2024-01-08 16:00:00+00:00,1153657.2625
2024-01-08 17:00:00+00:00,1626958.4752777778
2024-01-08 18:00:00+00:00,1346939.5480555557
2024-01-08 19:00:00+00:00,1073472.3411111112
2024-01-08 20:00:00+00:00,1809081.2497222223
2024-01-08 21:00:00+00:00,629233.1280555555
2024-01-08 22:00:00+00:00,219220.50972222222
2024-01-08 23:00:00+00:00,249757.14083333334
2024-01-09 00:00:00+00:00,97716.30305555556
2024-01-09 01:00:00+00:00,46954.694444444445
2024-01-09 02:00:00+00:00,42967.66222222222
2024-01-09 03:00:00+00:00,100136.65138888889
2024-01-09 04:00:00+00:00,187295.55444444445
2024-01-09 05:00:00+00:00,1487105.0313888888
2024-01-09 06:00:00+00:00,707502.5383333333
2024-01-09 07:00:00+00:00,1068435.9619444443
2024-01-09 08:00:00+00:00,1048397.1755555555
2024-01-09 09:00:00+00:00,1114751.6030555556
2024-01-09 10:00:00+00:00,1167212.2611111111
2024-01-09 11:00:00+00:00,1106632.8194444445
2024-01-09 12:00:00+00:00,1047084.9519444444
2024-01-09 13:00:00+00:00,696570.4383333334
2024-01-09 14:00:00+00:00,2027363.7658333334
2024-01-09 15:00:00+00:00,1051536.1363888888
2024-01-09 16:00:00+00:00,2410603.031111111
2024-01-09 17:00:00+00:00,2667439.0425
2024-01-09 18:00:00+00:00,1875114.8008333333
2024-01-09 19:00:00+00:00,2010347.2766666666
2024-01-09 20:00:00+00:00,1017602.3980555555
2024-01-09 21:00:00+00:00,956859.5038888889
2024-01-09 22:00:00+00:00,644962.2969444444
2024-01-09 23:00:00+00:00,418279.04805555556
2024-01-10 00:00:00+00:00,172109.64416666667
2024-01-10 01:00:00+00:00,366998.6947222222
2024-01-10 02:00:00+00:00,166608.54166666666
2024-01-10 03:00:00+00:00,258098.83916666667
2024-01-10 04:00:00+00:00,363462.7897222222
2024-01-10 05:00:00+00:00,616243.3066666666
2024-01-10 06:00:00+00:00,1496393.943888889
2024-01-10 07:00:00+00:00,1164597.4394444444
2024-01-10 08:00:00+00:00,1656421.7669444445
2024-01-10 09:00:00+00:00,1368671.911111111
2024-01-10 10:00:00+00:00,1547228.2641666667
2024-01-10 11:00:00+00:00,2066299.2677777777
2024-01-10 12:00:00+00:00,1697989.381388889
2024-01-10 13:00:00+00:00,2035124.5952777779
2024-01-10 14:00:00+00:00,2031107.3905555555
2024-01-10 15:00:00+00:00,1778113.161388889
2024-01-10 16:00:00+00:00,1808808.3233333332
2024-01-10 17:00:00+00:00,1765961.631388889
2024-01-10 18:00:00+00:00,1122925.0836111112
2024-01-10 19:00:00+00:00,1225413.0211111112
2024-01-10 20:00:00+00:00,1542512.0216666667
2024-01-10 21:00:00+00:00,1068401.2625
2024-01-10 22:00:00+00:00,1112364.22
2024-01-10 23:00:00+00:00,607116.5044444444
2024-01-11 00:00:00+00:00,330454.45666666667
2024-01-11 01:00:00+00:00,150987.19916666666
2024-01-11 02:00:00+00:00,215809.49083333334
2024-01-11 03:00:00+00:00,123952.38222222222
2024-01-11 04:00:00+00:00,852576.3283333334
2024-01-11 05:00:00+00:00,371527.2608333333
2024-01-11 06:00:00+00:00,530232.2688888889
2024-01-11 07:00:00+00:00,790427.0208333334
2024-01-11 08:00:00+00:00,799624.5280555555
2024-01-11 09:00:00+00:00,1091961.2383333333
2024-01-11 10:00:00+00:00,1255551.5408333333
2024-01-11 11:00:00+00:00,1462328.2480555556
2024-01-11 12:00:00+00:00,1272540.0616666668
2024-01-11 13:00:00+00:00,761239.7286111111
2024-01-11 14:00:00+00:00,698574.8169444444
2024-01-11 15:00:00+00:00,845856.8963888889
2024-01-11 16:00:00+00:00,824353.3297222222
2024-01-11 17:00:00+00:00,1411111.943611111
2024-01-11 18:00:00+00:00,1322028.7727777779
2024-01-11 19:00:00+00:00,2364088.8525
2024-01-11 20:00:00+00:00,2464356.067222222
2024-01-11 21:00:00+00:00,2573916.2144444445
2024-01-11 22:00:00+00:00,1230332.9041666666
2024-01-11 23:00:00+00:00,888352.78
2024-01-12 00:00:00+00:00,977091.7858333334
2024-01-12 01:00:00+00:00,241663.33055555556
2024-01-12 02:00:00+00:00,217299.8397222222
2024-01-12 03:00:00+00:00,193255.35333333333
2024-01-12 04:00:00+00:00,250423.09277777778
2024-01-12 05:00:00+00:00,377723.9041666667
2024-01-12 06:00:00+00:00,700769.2105555555
2024-01-12 07:00:00+00:00,606619.9936111111
2024-01-12 08:00:00+00:00,999280.0977777778
2024-01-12 09:00:00+00:00,874517.3177777778
2024-01-12 10:00:00+00:00,1205683.8336111112
2024-01-12 11:00:00+00:00,1483421.9908333332
2024-01-12 12:00:00+00:00,3289875.7563888887
2024-01-12 13:00:00+00:00,1125732.6438888889
2024-01-12 14:00:00+00:00,893803.5527777778
2024-01-12 15:00:00+00:00,776430.2697222222
2024-01-12 16:00:00+00:00,1109775.0283333333
2024-01-12 17:00:00+00:00,2051182.9036111112
2024-01-12 18:00:00+00:00,1374133.1552777777
2024-01-12 19:00:00+00:00,997985.4463888889
2024-01-12 20:00:00+00:00,2025366.8013888889
2024-01-12 21:00:00+00:00,1512277.7194444444
2024-01-12 22:00:00+00:00,1333606.08
2024-01-12 23:00:00+00:00,577733.6147222222
2024-01-13 00:00:00+00:00,370831.4325
2024-01-13 01:00:00+00:00,712226.2227777778
2024-01-13 02:00:00+00:00,274780.1561111111
2024-01-13 03:00:00+00:00,96605.49166666667
2024-01-13 04:00:00+00:00,671666.5527777778
2024-01-13 05:00:00+00:00,279946.96527777775
2024-01-13 06:00:00+00:00,620399.9697222222
2024-01-13 07:00:00+00:00,2805680.9744444443
2024-01-13 08:00:00+00:00,515462.21166666667
2024-01-13 09:00:00+00:00,713721.8138888889
2024-01-13 10:00:00+00:00,914188.8980555555
2024-01-13 11:00:00+00:00,1144106.01
2024-01-13 12:00:00+00:00,660850.4630555556
2024-01-13 13:00:00+00:00,895133.7158333333
2024-01-13 14:00:00+00:00,1290176.8691666666
2024-01-13 15:00:00+00:00,642247.1291666667
2024-01-13 16:00:00+00:00,821197.6361111111
2024-01-13 17:00:00+00:00,2016576.4377777777
2024-01-13 18:00:00+00:00,757265.7441666666
2024-01-13 19:00:00+00:00,731335.825
2024-01-13 20:00:00+00:00,1490764.0283333333
2024-01-13 21:00:00+00:00,1528177.822222222
2024-01-13 22:00:00+00:00,990858.87
2024-01-13 23:00:00+00:00,1061596.384722222
2024-01-14 00:00:00+00:00,575954.0241666667
2024-01-14 01:00:00+00:00,616290.0433333333
2024-01-14 02:00:00+00:00,379664.4686111111
2024-01-14 03:00:00+00:00,370075.4008333333
2024-01-14 04:00:00+00:00,257037.6213888889
2024-01-14 05:00:00+00:00,311399.75166666665
2024-01-14 06:00:00+00:00,274714.41527777776
2024-01-14 07:00:00+00:00,449393.0363888889
2024-01-14 08:00:00+00:00,632101.6852777777
2024-01-14 09:00:00+00:00,500176.61916666664
2024-01-14 10:00:00+00:00,745226.3630555555
2024-01-14 11:00:00+00:00,1691988.4530555555
2024-01-14 12:00:00+00:00,936590.3619444445
2024-01-14 13:00:00+00:00,1416943.983888889
2024-01-14 14:00:00+00:00,549054.1438888889
2024-01-14 15:00:00+00:00,951163.2280555556
2024-01-14 16:00:00+00:00,1598280.0977777778
2024-01-14 17:00:00+00:00,815493.8786111111
2024-01-14 18:00:00+00:00,1330155.223611111
2024-01-14 19:00:00+00:00,1904279.451111111
2024-01-14 20:00:00+00:00,1677304.9919444444
2024-01-14 21:00:00+00:00,1271688.068611111
2024-01-14 22:00:00+00:00,642978.9958333333
2024-01-14 23:00:00+00:00,397759.415
2024-01-15 00:00:00+00:00,587388.3319444444
2024-01-15 01:00:00+00:00,395741.27055555553
2024-01-15 02:00:00+00:00,272928.40777777776
2024-01-15 03:00:00+00:00,252211.42638888888
2024-01-15 04:00:00+00:00,253710.52805555557
2024-01-15 05:00:00+00:00,396546.06138888886
2024-01-15 06:00:00+00:00,522285.64972222224
2024-01-15 07:00:00+00:00,668716.5594444445
2024-01-15 08:00:00+00:00,835458.5080555555
2024-01-15 09:00:00+00:00,1620225.9255555556
2024-01-15 10:00:00+00:00,756347.6652777778
2024-01-15 11:00:00+00:00,877691.2997222223
2024-01-15 12:00:00+00:00,1848648.0816666668
2024-01-15 13:00:00+00:00,713586.6155555556
2024-01-15 14:00:00+00:00,792039.6269444445
2024-01-15 15:00:00+00:00,884497.1016666667
2024-01-15 16:00:00+00:00,1832708.4569444444
2024-01-15 17:00:00+00:00,1998001.0972222222
2024-01-15 18:00:00+00:00,1282276.6233333333
2024-01-15 19:00:00+00:00,822416.7511111111
2024-01-15 20:00:00+00:00,1372255.013611111
2024-01-15 21:00:00+00:00,961634.5672222222
2024-01-15 22:00:00+00:00,791244.5036111111
2024-01-15 23:00:00+00:00,409154.33166666667
2024-01-16 00:00:00+00:00,655667.1875
2024-01-16 01:00:00+00:00,664559.9863888889
2024-01-16 02:00:00+00:00,167940.555
2024-01-16 03:00:00+00:00,323093.6402777778
2024-01-16 04:00:00+00:00,300235.6716666667
2024-01-16 05:00:00+00:00,2112130.6647222224
2024-01-16 06:00:00+00:00,714498.5863888889
2024-01-16 07:00:00+00:00,1108894.6308333334
2024-01-16 08:00:00+00:00,860488.22
2024-01-16 09:00:00+00:00,1473746.5894444445
2024-01-16 10:00:00+00:00,871065.5380555555
2024-01-16 11:00:00+00:00,748806.4961111111
2024-01-16 12:00:00+00:00,1524735.7708333333
2024-01-16 13:00:00+00:00,2518222.1344444444
2024-01-16 14:00:00+00:00,840379.0919444445
2024-01-16 15:00:00+00:00,1099402.6747222221
2024-01-16 16:00:00+00:00,1143475.0025
2024-01-16 17:00:00+00:00,1532823.07
2024-01-16 18:00:00+00:00,959470.5055555556
2024-01-16 19:00:00+00:00,1262048.0347222222
2024-01-16 20:00:00+00:00,1257189.6175
2024-01-16 21:00:00+00:00,2400016.577777778
2024-01-16 22:00:00+00:00,2113517.8744444447
2024-01-16 23:00:00+00:00,2829726.793055556
2024-01-17 00:00:00+00:00,516819.6486111111
2024-01-17 01:00:00+00:00,310611.3408333333
2024-01-17 02:00:00+00:00,237023.68166666667
2024-01-17 03:00:00+00:00,216230.49527777778
2024-01-17 04:00:00+00:00,250455.4713888889
2024-01-17 05:00:00+00:00,391867.1163888889
2024-01-17 06:00:00+00:00,688672.6441666667
2024-01-17 07:00:00+00:00,1244921.1502777778
2024-01-17 08:00:00+00:00,1200984.8783333334
2024-01-17 09:00:00+00:00,1030653.6941666667
2024-01-17 10:00:00+00:00,1868726.588888889
2024-01-17 11:00:00+00:00,1080530.5405555556
2024-01-17 12:00:00+00:00,2944172.58
2024-01-17 13:00:00+00:00,5761826.218888889
2024-01-17 14:00:00+00:00,1057514.4341666666
2024-01-17 15:00:00+00:00,1031113.3058333333
2024-01-17 16:00:00+00:00,699801.1913888889
2024-01-17 17:00:00+00:00,3220631.1675
2024-01-17 18:00:00+00:00,1472547.5438888888
2024-01-17 19:00:00+00:00,1034941.1555555556
2024-01-17 20:00:00+00:00,2310577.3433333333
2024-01-17 21:00:00+00:00,858375.0858333333
2024-01-17 22:00:00+00:00,914808.5108333334
2024-01-17 23:00:00+00:00,996638.2597222222
2024-01-18 00:00:00+00:00,842392.1352777778
2024-01-18 01:00:00+00:00,317950.28833333333
2024-01-18 02:00:00+00:00,316031.28444444446
2024-01-18 03:00:00+00:00,483523.4636111111
2024-01-18 04:00:00+00:00,578989.4486111111
2024-01-18 05:00:00+00:00,493756.8225
2024-01-18 06:00:00+00:00,629626.2341666666
2024-01-18 07:00:00+00:00,772520.1819444444
2024-01-18 08:00:00+00:00,1236150.1322222222
2024-01-18 09:00:00+00:00,789830.6480555555
2024-01-18 10:00:00+00:00,1551295.9330555554
2024-01-18 11:00:00+00:00,1703685.9475
2024-01-18 12:00:00+00:00,1395479.8994444443
2024-01-18 13:00:00+00:00,1267083.6463888888
2024-01-18 14:00:00+00:00,1032879.8236111111
2024-01-18 15:00:00+00:00,738428.1569444444
2024-01-18 16:00:00+00:00,1064003.2994444445
2024-01-18 17:00:00+00:00,661531.1436111111
2024-01-18 18:00:00+00:00,1610792.5366666666
2024-01-18 19:00:00+00:00,1149522.986388889
2024-01-18 20:00:00+00:00,1962644.4655555557
2024-01-18 21:00:00+00:00,2032629.413611111
2024-01-18 22:00:00+00:00,1022121.6172222223
2024-01-18 23:00:00+00:00,692747.0213888889
2024-01-19 00:00:00+00:00,1267557.9786111112
2024-01-19 01:00:00+00:00,406074.3930555555
2024-01-19 02:00:00+00:00,296173.1716666667
2024-01-19 03:00:00+00:00,138955.56694444444
2024-01-19 04:00:00+00:00,126409.25305555556
2024-01-19 05:00:00+00:00,1120161.2711111112
2024-01-19 06:00:00+00:00,1042850.5102777778
2024-01-19 07:00:00+00:00,746808.1658333334
2024-01-19 08:00:00+00:00,1835249.9733333334
2024-01-19 09:00:00+00:00,727751.015
2024-01-19 10:00:00+00:00,433002.09555555554
2024-01-19 11:00:00+00:00,838669.7
2024-01-19 12:00:00+00:00,783721.6447222222
2024-01-19 13:00:00+00:00,435043.38666666666
2024-01-19 14:00:00+00:00,523810.9480555556
2024-01-19 15:00:00+00:00,759859.6330555555
2024-01-19 16:00:00+00:00,379179.0597222222
2024-01-19 17:00:00+00:00,662876.7844444445
2024-01-19 18:00:00+00:00,598589.9363888889
2024-01-19 19:00:00+00:00,641628.9994444444
2024-01-19 20:00:00+00:00,867600.2322222223
2024-01-19 21:00:00+00:00,763394.8297222222
2024-01-19 22:00:00+00:00,593164.2752777778
2024-01-19 23:00:00+00:00,913115.9425
2024-01-20 00:00:00+00:00,127096.15861111111
2024-01-20 01:00:00+00:00,452800.8094444444
2024-01-20 02:00:00+00:00,544362.33
2024-01-20 03:00:00+00:00,45763.690833333334
2024-01-20 04:00:00+00:00,66241.37166666667
2024-01-20 05:00:00+00:00,45463.86277777778
2024-01-20 06:00:00+00:00,146013.85166666665
2024-01-20 07:00:00+00:00,393849.8669444444
2024-01-20 08:00:00+00:00,280445.4277777778
2024-01-20 09:00:00+00:00,319581.1305555556
2024-01-20 10:00:00+00:00,341396.7208333333
2024-01-20 11:00:00+00:00,688435.2936111111
2024-01-20 12:00:00+00:00,470482.8463888889
2024-01-20 13:00:00+00:00,266623.2972222222
2024-01-20 14:00:00+00:00,524431.9766666667
2024-01-20 15:00:00+00:00,252853.76111111112
2024-01-20 16:00:00+00:00,581171.2508333334
2024-01-20 17:00:00+00:00,533390.8908333334
2024-01-20 18:00:00+00:00,1065579.3058333334
2024-01-20 19:00:00+00:00,916735.8961111112
2024-01-20 20:00:00+00:00,774159.9866666667
2024-01-20 21:00:00+00:00,480840.22194444446
2024-01-20 22:00:00+00:00,530927.3441666666
2024-01-20 23:00:00+00:00,557955.2080555556
2024-01-21 00:00:00+00:00,293006.37583333335
2024-01-21 01:00:00+00:00,198976.135
2024-01-21 02:00:00+00:00,560522.1577777778
2024-01-21 03:00:00+00:00,79839.50694444444
2024-01-21 04:00:00+00:00,99537.3275
2024-01-21 05:00:00+00:00,57895.80972222222
2024-01-21 06:00:00+00:00,240569.34916666665
2024-01-21 07:00:00+00:00,583375.7905555556
2024-01-21 08:00:00+00:00,610028.0358333334
2024-01-21 09:00:00+00:00,595976.8719444445
2024-01-21 10:00:00+00:00,404615.09527777776
2024-01-21 11:00:00+00:00,1722190.4175
2024-01-21 12:00:00+00:00,949658.4602777777
2024-01-21 13:00:00+00:00,419556.6280555556
2024-01-21 14:00:00+00:00,406586.9213888889
2024-01-21 15:00:00+00:00,294523.6452777778
2024-01-21 16:00:00+00:00,1199271.0613888889
2024-01-21 17:00:00+00:00,617494.0769444444
2024-01-21 18:00:00+00:00,742939.6266666667
2024-01-21 19:00:00+00:00,1030146.2058333333
2024-01-21 20:00:00+00:00,889497.6258333334
2024-01-21 21:00:00+00:00,880321.7591666667
2024-01-21 22:00:00+00:00,461171.8311111111
2024-01-21 23:00:00+00:00,331852.6975
2024-01-22 00:00:00+00:00,165450.55222222224
2024-01-22 01:00:00+00:00,125345.67611111111
2024-01-22 02:00:00+00:00,93208.98611111111
2024-01-22 03:00:00+00:00,257171.60194444444
2024-01-22 04:00:00+00:00,146364.23027777777
2024-01-22 05:00:00+00:00,299030.7761111111
2024-01-22 06:00:00+00:00,436150.83416666667
2024-01-22 07:00:00+00:00,699406.1580555555
2024-01-22 08:00:00+00:00,734499.3213888889
2024-01-22 09:00:00+00:00,1512003.51
2024-01-22 10:00:00+00:00,1186809.0775
2024-01-22 11:00:00+00:00,1604671.3138888888
2024-01-22 12:00:00+00:00,1027359.8688888889
2024-01-22 13:00:00+00:00,1015201.7802777778
2024-01-22 14:00:00+00:00,1177537.8775
2024-01-22 15:00:00+00:00,1078447.4725
2024-01-22 16:00:00+00:00,1010260.3766666667
2024-01-22 17:00:00+00:00,1679705.6561111112
2024-01-22 18:00:00+00:00,1251682.986111111
2024-01-22 19:00:00+00:00,1652566.0919444445
2024-01-22 20:00:00+00:00,2590242.718888889
2024-01-22 21:00:00+00:00,1432117.21
2024-01-22 22:00:00+00:00,817248.5469444444
2024-01-22 23:00:00+00:00,859255.1877777778
2024-01-23 00:00:00+00:00,316914.25388888887
2024-01-23 01:00:00+00:00,119966.40944444445
2024-01-23 02:00:00+00:00,176949.88416666666
2024-01-23 03:00:00+00:00,141232.81166666668
2024-01-23 04:00:00+00:00,197825.95694444445
2024-01-23 05:00:00+00:00,581800.3441666666
2024-01-23 06:00:00+00:00,5312678.353055555
2024-01-23 07:00:00+00:00,1499412.9755555557
2024-01-23 08:00:00+00:00,1552153.1863888889
2024-01-23 09:00:00+00:00,1238817.8766666667
2024-01-23 10:00:00+00:00,1695296.1577777779
2024-01-23 11:00:00+00:00,1173374.836111111
2024-01-23 12:00:00+00:00,1824466.4569444444
2024-01-23 13:00:00+00:00,2390305.4752777778
2024-01-23 14:00:00+00:00,1418857.7958333334
2024-01-23 15:00:00+00:00,1928959.8741666668
2024-01-23 16:00:00+00:00,1654487.4161111112
2024-01-23 17:00:00+00:00,2280543.327222222
2024-01-23 18:00:00+00:00,2490445.8547222223
2024-01-23 19:00:00+00:00,2808317.6225
2024-01-23 20:00:00+00:00,2512494.538888889
2024-01-23 21:00:00+00:00,1965801.9463888889
2024-01-23 22:00:00+00:00,1830532.9966666666
2024-01-23 23:00:00+00:00,1532111.3238888888
2024-01-24 00:00:00+00:00,639690.2197222222
2024-01-24 01:00:00+00:00,306049.04277777777
2024-01-24 02:00:00+00:00,306163.2077777778
2024-01-24 03:00:00+00:00,220376.7186111111
2024-01-24 04:00:00+00:00,309981.98055555555
2024-01-24 05:00:00+00:00,1604056.1305555555
2024-01-24 06:00:00+00:00,804514.785
2024-01-24 07:00:00+00:00,1079731.1430555556
2024-01-24 08:00:00+00:00,1107834.1333333333
2024-01-24 09:00:00+00:00,1530255.1036111112
2024-01-24 10:00:00+00:00,2104191.4183333335
2024-01-24 11:00:00+00:00,2099917.154722222
2024-01-24 12:00:00+00:00,2350727.827777778
2024-01-24 13:00:00+00:00,2159199.8969444446
2024-01-24 14:00:00+00:00,2398719.446111111
2024-01-24 15:00:00+00:00,1616515.8108333333
2024-01-24 16:00:00+00:00,2051321.7161111112
2024-01-24 17:00:00+00:00,2760821.4144444442
2024-01-24 18:00:00+00:00,1835382.8113888889
2024-01-24 19:00:00+00:00,2415888.5225
2024-01-24 20:00:00+00:00,1187698.7172222221
2024-01-24 21:00:00+00:00,1187611.7188888888
2024-01-24 22:00:00+00:00,1152367.7994444445
2024-01-24 23:00:00+00:00,1213153.9041666666
2024-01-25 00:00:00+00:00,578401.0011111111
2024-01-25 01:00:00+00:00,408815.7055555555
2024-01-25 02:00:00+00:00,283416.6847222222
2024-01-25 03:00:00+00:00,207484.64777777778
2024-01-25 04:00:00+00:00,249230.39194444445
2024-01-25 05:00:00+00:00,261653.63333333333
2024-01-25 06:00:00+00:00,630685.46
2024-01-25 07:00:00+00:00,1046921.09
2024-01-25 08:00:00+00:00,543459.4008333334
2024-01-25 09:00:00+00:00,2021953.4952777778
2024-01-25 10:00:00+00:00,591601.2491666666
2024-01-25 11:00:00+00:00,558374.2627777777
2024-01-25 12:00:00+00:00,749669.4380555556
2024-01-25 13:00:00+00:00,506393.535
2024-01-25 14:00:00+00:00,2219024.2675
2024-01-25 15:00:00+00:00,910014.6325
2024-01-25 16:00:00+00:00,1281659.7919444444
2024-01-25 17:00:00+00:00,972639.5691666667
2024-01-25 18:00:00+00:00,1514327.2611111111
2024-01-25 19:00:00+00:00,1642079.2233333334
2024-01-25 20:00:00+00:00,1794165.0188888889
2024-01-25 21:00:00+00:00,1297780.5030555555
2024-01-25 22:00:00+00:00,716116.165
2024-01-25 23:00:00+00:00,427978.1119444444
2024-01-26 00:00:00+00:00,504312.87944444444
2024-01-26 01:00:00+00:00,295516.15944444446
2024-01-26 02:00:00+00:00,2043393.7552777778
2024-01-26 03:00:00+00:00,101837.43972222222
2024-01-26 04:00:00+00:00,247895.98333333334
2024-01-26 05:00:00+00:00,246584.06916666665
2024-01-26 06:00:00+00:00,672504.0833333334
2024-01-26 07:00:00+00:00,758122.1666666666
2024-01-26 08:00:00+00:00,1021001.9491666667
2024-01-26 09:00:00+00:00,1736782.368611111
2024-01-26 10:00:00+00:00,858364.0008333334
2024-01-26 11:00:00+00:00,1055453.7533333334
2024-01-26 12:00:00+00:00,966811.4819444445
2024-01-26 13:00:00+00:00,1010102.1202777778
2024-01-26 14:00:00+00:00,722561.4213888888
2024-01-26 15:00:00+00:00,1679167.035
2024-01-26 16:00:00+00:00,784117.4827777778
2024-01-26 17:00:00+00:00,1859571.523611111
2024-01-26 18:00:00+00:00,1350016.8863888888
2024-01-26 19:00:00+00:00,1250036.7088888888
2024-01-26 20:00:00+00:00,3532951.7133333334
2024-01-26 21:00:00+00:00,2489527.6025
2024-01-26 22:00:00+00:00,1601124.398611111
2024-01-26 23:00:00+00:00,849067.69
2024-01-27 00:00:00+00:00,955149.9394444445
2024-01-27 01:00:00+00:00,382611.35
2024-01-27 02:00:00+00:00,766987.3347222222
2024-01-27 03:00:00+00:00,193477.37694444443
2024-01-27 04:00:00+00:00,158591.38722222223
2024-01-27 05:00:00+00:00,217695.1325
2024-01-27 06:00:00+00:00,406473.4997222222
2024-01-27 07:00:00+00:00,801149.7638888889
2024-01-27 08:00:00+00:00,635814.7941666667
2024-01-27 09:00:00+00:00,2108901.3347222223
2024-01-27 10:00:00+00:00,4117571.3177777776
2024-01-27 11:00:00+00:00,4531993.031944444
2024-01-27 12:00:00+00:00,3435442.504722222
2024-01-27 13:00:00+00:00,497069.5908333333
2024-01-27 14:00:00+00:00,1223990.8283333334
2024-01-27 15:00:00+00:00,1369738.773888889
2024-01-27 16:00:00+00:00,1796602.8302777777
2024-01-27 17:00:00+00:00,1967148.7919444444
2024-01-27 18:00:00+00:00,1393770.1025
2024-01-27 19:00:00+00:00,1214993.0011111111
2024-01-27 20:00:00+00:00,1092403.5713888889
2024-01-27 21:00:00+00:00,1802074.6263888888
2024-01-27 22:00:00+00:00,1168758.1644444445
2024-01-27 23:00:00+00:00,1468765.7386111112
2024-01-28 00:00:00+00:00,940202.8936111111
2024-01-28 01:00:00+00:00,1085349.7952777778
2024-01-28 02:00:00+00:00,319333.4558333333
2024-01-28 03:00:00+00:00,243595.97416666665
2024-01-28 04:00:00+00:00,74318.47555555556
2024-01-28 05:00:00+00:00,274639.2313888889
2024-01-28 06:00:00+00:00,716348.1633333333
2024-01-28 07:00:00+00:00,461031.92027777777
2024-01-28 08:00:00+00:00,589042.6519444444
2024-01-28 09:00:00+00:00,560030.3313888889
2024-01-28 10:00:00+00:00,510911.09805555554
2024-01-28 11:00:00+00:00,380701.1025
2024-01-28 12:00:00+00:00,1042471.7672222222
2024-01-28 13:00:00+00:00,961769.6052777778
2024-01-28 14:00:00+00:00,671006.4091666667
2024-01-28 15:00:00+00:00,928996.1080555556
2024-01-28 16:00:00+00:00,1073758.9772222221
2024-01-28 17:00:00+00:00,913483.6166666667
2024-01-28 18:00:00+00:00,825342.6063888889
2024-01-28 19:00:00+00:00,2045566.2983333333
2024-01-28 20:00:00+00:00,2155097.9977777777
2024-01-28 21:00:00+00:00,1274328.5883333334
2024-01-28 22:00:00+00:00,749453.9508333333
2024-01-28 23:00:00+00:00,862762.9488888889
2024-01-29 00:00:00+00:00,623642.4108333334
2024-01-29 01:00:00+00:00,301115.68
2024-01-29 02:00:00+00:00,123188.16972222223
2024-01-29 03:00:00+00:00,154871.04694444445
2024-01-29 04:00:00+00:00,169927.57583333334
2024-01-29 05:00:00+00:00,260133.77694444446
2024-01-29 06:00:00+00:00,720025.7169444445
2024-01-29 07:00:00+00:00,596687.1577777778
2024-01-29 08:00:00+00:00,931662.5838888889
2024-01-29 09:00:00+00:00,979099.3233333334
2024-01-29 10:00:00+00:00,1891212.8111111112
2024-01-29 11:00:00+00:00,1102276.7241666666
2024-01-29 12:00:00+00:00,1065964.7922222223
2024-01-29 13:00:00+00:00,1224893.2780555557
2024-01-29 14:00:00+00:00,989691.6116666667
2024-01-29 15:00:00+00:00,1415867.138888889
2024-01-29 16:00:00+00:00,833798.5025
2024-01-29 17:00:00+00:00,741634.2086111112
2024-01-29 18:00:00+00:00,1284947.5602777777
2024-01-29 19:00:00+00:00,2058048.3769444444
2024-01-29 20:00:00+00:00,1866999.5405555556
2024-01-29 21:00:00+00:00,1603408.3077777778
2024-01-29 22:00:00+00:00,1399327.5483333333
2024-01-29 23:00:00+00:00,436290.5727777778
2024-01-30 00:00:00+00:00,454301.52805555554
2024-01-30 01:00:00+00:00,618960.0161111112
2024-01-30 02:00:00+00:00,257872.02777777778
2024-01-30 03:00:00+00:00,310959.965
2024-01-30 04:00:00+00:00,771112.3558333333
2024-01-30 05:00:00+00:00,469431.65277777775
2024-01-30 06:00:00+00:00,748873.5411111111
2024-01-30 07:00:00+00:00,592652.3533333334
2024-01-30 08:00:00+00:00,610205.6955555555
2024-01-30 09:00:00+00:00,1606402.6272222223
2024-01-30 10:00:00+00:00,1743513.6577777779
2024-01-30 11:00:00+00:00,1083915.855
2024-01-30 12:00:00+00:00,1063226.7680555556
2024-01-30 13:00:00+00:00,1511532.2444444445
2024-01-30 14:00:00+00:00,2795671.445
2024-01-30 15:00:00+00:00,949850.3427777778
2024-01-30 16:00:00+00:00,1065329.1166666667
2024-01-30 17:00:00+00:00,1994955.8227777777
2024-01-30 18:00:00+00:00,1147454.2208333334
2024-01-30 19:00:00+00:00,2302383.129166667
2024-01-30 20:00:00+00:00,2223945.6275
2024-01-30 21:00:00+00:00,1178166.1669444444
2024-01-30 22:00:00+00:00,1536978.3433333333
2024-01-30 23:00:00+00:00,1549459.0519444444
2024-01-31 00:00:00+00:00,428559.03527777776
2024-01-31 01:00:00+00:00,247153.89805555556
2024-01-31 02:00:00+00:00,302444.6219444444
2024-01-31 03:00:00+00:00,165529.95194444444
2024-01-31 04:00:00+00:00,358886.91027777776
2024-01-31 05:00:00+00:00,481940.66277777776
2024-01-31 06:00:00+00:00,1263167.8716666666
2024-01-31 07:00:00+00:00,828324.4961111111
2024-01-31 08:00:00+00:00,981920.9147222223
2024-01-31 09:00:00+00:00,1705266.316111111
2024-01-31 10:00:00+00:00,1941207.8997222222
2024-01-31 11:00:00+00:00,1208331.3838888889
2024-01-31 12:00:00+00:00,1104617.9586111112
2024-01-31 13:00:00+00:00,2016420.6672222223
2024-01-31 14:00:00+00:00,1609409.9033333333
2024-01-31 15:00:00+00:00,1863518.0677777778
2024-01-31 16:00:00+00:00,1810273.3797222222
2024-01-31 17:00:00+00:00,1444396.915
2024-01-31 18:00:00+00:00,1506336.3963888888
2024-01-31 19:00:00+00:00,2037696.441111111
2024-01-31 20:00:00+00:00,1888590.6275
2024-01-31 21:00:00+00:00,1961026.8252777779
2024-01-31 22:00:00+00:00,1064723.6272222223
2024-01-31 23:00:00+00:00,539014.4388888889
2024-02-01 00:00:00+00:00,294462.7033333333
2024-02-01 01:00:00+00:00,288398.77805555554
2024-02-01 02:00:00+00:00,153733.89027777777
2024-02-01 03:00:00+00:00,86877.74388888889
2024-02-01 04:00:00+00:00,94009.48472222222
2024-02-01 05:00:00+00:00,372681.79583333334
2024-02-01 06:00:00+00:00,487325.7602777778
2024-02-01 07:00:00+00:00,900312.4838888888
2024-02-01 08:00:00+00:00,864149.6580555555
2024-02-01 09:00:00+00:00,739454.6838888889
2024-02-01 10:00:00+00:00,1522802.5280555557
2024-02-01 11:00:00+00:00,898142.6858333333
2024-02-01 12:00:00+00:00,1280359.6183333334
2024-02-01 13:00:00+00:00,1630182.4122222222
2024-02-01 14:00:00+00:00,1170167.6269444444
2024-02-01 15:00:00+00:00,1778552.0541666667
2024-02-01 16:00:00+00:00,1559907.7913888888
2024-02-01 17:00:00+00:00,1639156.0
2024-02-01 18:00:00+00:00,1060401.1997222223
2024-02-01 19:00:00+00:00,1215509.4108333334
2024-02-01 20:00:00+00:00,1489654.8877777779
2024-02-01 21:00:00+00:00,1332627.7441666666
2024-02-01 22:00:00+00:00,1478767.47
2024-02-01 23:00:00+00:00,2697699.7080555554
2024-02-02 00:00:00+00:00,550328.1316666667
2024-02-02 01:00:00+00:00,379593.11666666664
2024-02-02 02:00:00+00:00,142030.6811111111
2024-02-02 03:00:00+00:00,210926.52444444445
2024-02-02 04:00:00+00:00,129127.02611111112
2024-02-02 05:00:00+00:00,416831.44333333336
2024-02-02 06:00:00+00:00,400249.29305555555
2024-02-02 07:00:00+00:00,1865604.3191666666
2024-02-02 08:00:00+00:00,1487992.5875
2024-02-02 09:00:00+00:00,964115.3291666667
2024-02-02 10:00:00+00:00,867997.6702777778
2024-02-02 11:00:00+00:00,994191.3497222222
2024-02-02 12:00:00+00:00,702325.4072222222
2024-02-02 13:00:00+00:00,682818.7811111112
2024-02-02 14:00:00+00:00,798475.7027777778
2024-02-02 15:00:00+00:00,1194276.0458333334
2024-02-02 16:00:00+00:00,1018250.5522222222
2024-02-02 17:00:00+00:00,2216624.5880555557
2024-02-02 18:00:00+00:00,1009186.8605555556
2024-02-02 19:00:00+00:00,707260.1863888889
2024-02-02 20:00:00+00:00,988339.6816666666
2024-02-02 21:00:00+00:00,876541.9761111111
2024-02-02 22:00:00+00:00,1428221.865277778
2024-02-02 23:00:00+00:00,870697.9955555556
2024-02-03 00:00:00+00:00,861534.6075
2024-02-03 01:00:00+00:00,627231.4825
2024-02-03 02:00:00+00:00,183584.38472222222
2024-02-03 03:00:00+00:00,93525.56777777777
2024-02-03 04:00:00+00:00,90011.78111111111
2024-02-03 05:00:00+00:00,191676.31
2024-02-03 06:00:00+00:00,187880.8425
2024-02-03 07:00:00+00:00,189636.65666666668
2024-02-03 08:00:00+00:00,326509.89444444445
2024-02-03 09:00:00+00:00,572174.5630555556
2024-02-03 10:00:00+00:00,752122.0347222222
2024-02-03 11:00:00+00:00,1270549.0747222223
2024-02-03 12:00:00+00:00,1045791.0275
2024-02-03 13:00:00+00:00,952077.2375
2024-02-03 14:00:00+00:00,570673.7788888889
2024-02-03 15:00:00+00:00,683271.7852777778
2024-02-03 16:00:00+00:00,1645781.5752777779
2024-02-03 17:00:00+00:00,655995.4802777778
2024-02-03 18:00:00+00:00,795723.735
2024-02-03 19:00:00+00:00,964481.1344444444
2024-02-03 20:00:00+00:00,946650.7738888889
2024-02-03 21:00:00+00:00,1602520.36
2024-02-03 22:00:00+00:00,1314448.8497222222
2024-02-03 23:00:00+00:00,1318572.9955555554
2024-02-04 00:00:00+00:00,1083735.658611111
2024-02-04 01:00:00+00:00,1585439.076388889
2024-02-04 02:00:00+00:00,223936.4686111111
2024-02-04 03:00:00+00:00,74991.72833333333
2024-02-04 04:00:00+00:00,927849.565
2024-02-04 05:00:00+00:00,89515.60083333333
2024-02-04 06:00:00+00:00,148484.85111111111
2024-02-04 07:00:00+00:00,247527.44333333333
2024-02-04 08:00:00+00:00,288315.33194444445
2024-02-04 09:00:00+00:00,547923.6491666667
2024-02-04 10:00:00+00:00,580754.3836111111
2024-02-04 11:00:00+00:00,756971.6472222222
2024-02-04 12:00:00+00:00,626742.1841666667
2024-02-04 13:00:00+00:00,466633.71805555554
2024-02-04 14:00:00+00:00,667575.0125
2024-02-04 15:00:00+00:00,879427.9758333333
2024-02-04 16:00:00+00:00,1117550.105
2024-02-04 17:00:00+00:00,1182790.8544444444
2024-02-04 18:00:00+00:00,3503950.5955555555
2024-02-04 19:00:00+00:00,2218946.9925
2024-02-04 20:00:00+00:00,2943772.680277778
2024-02-04 21:00:00+00:00,1477063.447222222
2024-02-04 22:00:00+00:00,803904.9188888889
2024-02-04 23:00:00+00:00,882005.2702777778
2024-02-05 00:00:00+00:00,1056650.1277777778
2024-02-05 01:00:00+00:00,806177.0761111111
2024-02-05 02:00:00+00:00,408340.8125
2024-02-05 03:00:00+00:00,172969.84805555554
2024-02-05 04:00:00+00:00,342410.89222222223
2024-02-05 05:00:00+00:00,521980.19083333336
2024-02-05 06:00:00+00:00,1100015.5252777778
2024-02-05 07:00:00+00:00,687703.1380555555
2024-02-05 08:00:00+00:00,1215704.318611111
2024-02-05 09:00:00+00:00,1745429.0566666666
2024-02-05 10:00:00+00:00,1087265.9905555556
2024-02-05 11:00:00+00:00,961068.9533333334
2024-02-05 12:00:00+00:00,758594.5311111112
2024-02-05 13:00:00+00:00,2014114.3116666668
2024-02-05 14:00:00+00:00,1209505.45
2024-02-05 15:00:00+00:00,1606942.9952777778
2024-02-05 16:00:00+00:00,1494443.318888889
2024-02-05 17:00:00+00:00,1753937.7091666667
2024-02-05 18:00:00+00:00,2011835.1630555557
2024-02-05 19:00:00+00:00,2241718.25
2024-02-05 20:00:00+00:00,1581930.2822222223
2024-02-05 21:00:00+00:00,1662364.5680555555
2024-02-05 22:00:00+00:00,1570160.8730555556
2024-02-05 23:00:00+00:00,585883.9461111111
2024-02-06 00:00:00+00:00,263590.74805555557
2024-02-06 01:00:00+00:00,1188095.1786111111
2024-02-06 02:00:00+00:00,163428.70055555555
2024-02-06 03:00:00+00:00,137277.13916666666
2024-02-06 04:00:00+00:00,658434.7155555555
2024-02-06 05:00:00+00:00,271212.73055555555
2024-02-06 06:00:00+00:00,485417.15055555553
2024-02-06 07:00:00+00:00,793381.8197222222
2024-02-06 08:00:00+00:00,758907.1730555556
2024-02-06 09:00:00+00:00,1896543.7711111112
2024-02-06 10:00:00+00:00,1098798.7944444444
2024-02-06 11:00:00+00:00,1727723.7552777778
2024-02-06 12:00:00+00:00,3140308.019444444
2024-02-06 13:00:00+00:00,1344495.322222222
2024-02-06 14:00:00+00:00,1127851.4672222221
2024-02-06 15:00:00+00:00,1070595.3566666667
2024-02-06 16:00:00+00:00,1595733.8383333334
2024-02-06 17:00:00+00:00,1038676.9416666667
2024-02-06 18:00:00+00:00,3979100.365833333
2024-02-06 19:00:00+00:00,2782298.3808333334
2024-02-06 20:00:00+00:00,1632269.5144444443
2024-02-06 21:00:00+00:00,1255218.1138888889
2024-02-06 22:00:00+00:00,1233867.7625
2024-02-06 23:00:00+00:00,899163.7563888889
2024-02-07 00:00:00+00:00,540373.415
2024-02-07 01:00:00+00:00,306215.0275
2024-02-07 02:00:00+00:00,266425.5266666667
2024-02-07 03:00:00+00:00,90130.82222222222
2024-02-07 04:00:00+00:00,148202.8177777778
2024-02-07 05:00:00+00:00,612864.7905555556
2024-02-07 06:00:00+00:00,943427.3566666667
2024-02-07 07:00:00+00:00,1061263.58
2024-02-07 08:00:00+00:00,1937007.9333333333
2024-02-07 09:00:00+00:00,1983588.3930555556
2024-02-07 10:00:00+00:00,1656302.1558333333
2024-02-07 11:00:00+00:00,2269281.1944444445
2024-02-07 12:00:00+00:00,1421532.5005555556
2024-02-07 13:00:00+00:00,1608584.8025
2024-02-07 14:00:00+00:00,905945.7525
2024-02-07 15:00:00+00:00,843763.3088888889
2024-02-07 16:00:00+00:00,1391865.9166666667
2024-02-07 17:00:00+00:00,1791746.0727777777
2024-02-07 18:00:00+00:00,817756.6052777778
2024-02-07 19:00:00+00:00,1109888.185
2024-02-07 20:00:00+00:00,1664690.9016666666
2024-02-07 21:00:00+00:00,2312722.7247222224
2024-02-07 22:00:00+00:00,1874928.9133333333
2024-02-07 23:00:00+00:00,1179858.8955555556
2024-02-08 00:00:00+00:00,356066.3905555556
2024-02-08 01:00:00+00:00,436630.8177777778
2024-02-08 02:00:00+00:00,193352.15666666668
2024-02-08 03:00:00+00:00,304001.06694444444
2024-02-08 04:00:00+00:00,228515.125
2024-02-08 05:00:00+00:00,555782.9711111111
2024-02-08 06:00:00+00:00,885518.0033333333
2024-02-08 07:00:00+00:00,1383229.4991666668
2024-02-08 08:00:00+00:00,2037845.9230555557
2024-02-08 09:00:00+00:00,784008.1494444445
2024-02-08 10:00:00+00:00,849416.7144444444
2024-02-08 11:00:00+00:00,1150428.516388889
2024-02-08 12:00:00+00:00,2103613.0991666666
2024-02-08 13:00:00+00:00,1633219.0294444445
2024-02-08 14:00:00+00:00,913941.2061111111
2024-02-08 15:00:00+00:00,972911.9838888888
2024-02-08 16:00:00+00:00,1901739.8472222222
2024-02-08 17:00:00+00:00,1697317.8563888888
2024-02-08 18:00:00+00:00,1771830.0327777779
2024-02-08 19:00:00+00:00,1632589.5205555556
2024-02-08 20:00:00+00:00,2089010.6780555556
2024-02-08 21:00:00+00:00,2459390.7741666664
2024-02-08 22:00:00+00:00,1986542.3336111112
2024-02-08 23:00:00+00:00,1234047.8458333334
2024-02-09 00:00:00+00:00,709964.6494444445
2024-02-09 01:00:00+00:00,500644.01166666666
2024-02-09 02:00:00+00:00,350387.945
2024-02-09 03:00:00+00:00,494062.59055555554
2024-02-09 04:00:00+00:00,543024.0138888889
2024-02-09 05:00:00+00:00,396696.27222222224
2024-02-09 06:00:00+00:00,1084494.5708333333
2024-02-09 07:00:00+00:00,1942085.1394444443
2024-02-09 08:00:00+00:00,843026.7522222223
2024-02-09 09:00:00+00:00,821657.7791666667
2024-02-09 10:00:00+00:00,1517727.566111111
2024-02-09 11:00:00+00:00,747960.6525
2024-02-09 12:00:00+00:00,587079.5180555555
2024-02-09 13:00:00+00:00,640894.7444444444
2024-02-09 14:00:00+00:00,533464.7113888889
2024-02-09 15:00:00+00:00,459248.90472222224
2024-02-09 16:00:00+00:00,1508365.0125
2024-02-09 17:00:00+00:00,469847.9530555556
2024-02-09 18:00:00+00:00,920647.0655555555
2024-02-09 19:00:00+00:00,1617102.6252777777
2024-02-09 20:00:00+00:00,1131939.2322222223
2024-02-09 21:00:00+00:00,1838647.2958333334
2024-02-09 22:00:00+00:00,1634686.1822222222
2024-02-09 23:00:00+00:00,897484.9955555556
2024-02-10 00:00:00+00:00,875552.2583333333
2024-02-10 01:00:00+00:00,273693.4455555556
2024-02-10 02:00:00+00:00,105599.21361111112
2024-02-10 03:00:00+00:00,52420.41
2024-02-10 04:00:00+00:00,66342.9836111111
2024-02-10 05:00:00+00:00,88103.93527777778
2024-02-10 06:00:00+00:00,86929.79666666666
2024-02-10 07:00:00+00:00,228142.51388888888
2024-02-10 08:00:00+00:00,274748.15972222225
2024-02-10 09:00:00+00:00,368083.9497222222
2024-02-10 10:00:00+00:00,1276425.7316666667
2024-02-10 11:00:00+00:00,461114.1161111111
2024-02-10 12:00:00+00:00,720414.8827777777
2024-02-10 13:00:00+00:00,574328.8036111111
2024-02-10 14:00:00+00:00,669332.3925
2024-02-10 15:00:00+00:00,758927.6816666666
2024-02-10 16:00:00+00:00,962283.2155555555
2024-02-10 17:00:00+00:00,2323465.7836111113
2024-02-10 18:00:00+00:00,1310200.8216666668
2024-02-10 19:00:00+00:00,957557.4644444444
2024-02-10 20:00:00+00:00,1385158.9366666668
2024-02-10 21:00:00+00:00,910334.8280555556
2024-02-10 22:00:00+00:00,819083.4219444444
2024-02-10 23:00:00+00:00,977181.1141666666
2024-02-11 00:00:00+00:00,456950.93361111113
2024-02-11 01:00:00+00:00,293522.5469444444
2024-02-11 02:00:00+00:00,147157.48722222223
2024-02-11 03:00:00+00:00,58218.178611111114
2024-02-11 04:00:00+00:00,159195.63305555555
2024-02-11 05:00:00+00:00,80806.15527777778
2024-02-11 06:00:00+00:00,140355.79527777777
2024-02-11 07:00:00+00:00,282347.09972222225
2024-02-11 08:00:00+00:00,912397.3977777777
2024-02-11 09:00:00+00:00,1440875.0616666668
2024-02-11 10:00:00+00:00,1490811.0777777778
2024-02-11 11:00:00+00:00,883827.6625
2024-02-11 12:00:00+00:00,781032.6508333334
2024-02-11 13:00:00+00:00,783311.6897222223
2024-02-11 14:00:00+00:00,846658.7063888889
2024-02-11 15:00:00+00:00,663189.5344444445
2024-02-11 16:00:00+00:00,1118889.8419444445
2024-02-11 17:00:00+00:00,2150357.9413888888
2024-02-11 18:00:00+00:00,852907.3330555556
2024-02-11 19:00:00+00:00,931084.3972222222
2024-02-11 20:00:00+00:00,818604.3672222223
2024-02-11 21:00:00+00:00,1739206.148611111
2024-02-11 22:00:00+00:00,1140353.4502777779
2024-02-11 23:00:00+00:00,286357.47555555555
2024-02-12 00:00:00+00:00,838627.0891666666
2024-02-12 01:00:00+00:00,1206569.3216666668
2024-02-12 02:00:00+00:00,168123.70083333334
2024-02-12 03:00:00+00:00,421503.78277777776
2024-02-12 04:00:00+00:00,160175.42083333334
2024-02-12 05:00:00+00:00,358544.79527777777
2024-02-12 06:00:00+00:00,499662.4533333333
2024-02-12 07:00:00+00:00,575226.8055555555
2024-02-12 08:00:00+00:00,481366.3305555555
2024-02-12 09:00:00+00:00,1335261.4952777778
2024-02-12 10:00:00+00:00,603376.7838888889
2024-02-12 11:00:00+00:00,717234.4552777777
2024-02-12 12:00:00+00:00,1047610.2002777777
2024-02-12 13:00:00+00:00,800211.0672222222
2024-02-12 14:00:00+00:00,1305668.7980555557
2024-02-12 15:00:00+00:00,569007.3108333333
2024-02-12 16:00:00+00:00,1316928.3616666666
2024-02-12 17:00:00+00:00,899262.0005555556
2024-02-12 18:00:00+00:00,442420.1363888889
2024-02-12 19:00:00+00:00,761618.3863888889
2024-02-12 20:00:00+00:00,2059239.6430555556
2024-02-12 21:00:00+00:00,665542.8227777778
2024-02-12 22:00:00+00:00,457910.0447222222
2024-02-12 23:00:00+00:00,994860.7997222223
2024-02-13 00:00:00+00:00,1968818.6416666666
2024-02-13 01:00:00+00:00,1561435.7247222222
2024-02-13 02:00:00+00:00,1051512.4191666667
2024-02-13 03:00:00+00:00,124106.45194444444
2024-02-13 04:00:00+00:00,182889.72944444444
2024-02-13 05:00:00+00:00,273147.62944444444
2024-02-13 06:00:00+00:00,391695.1
2024-02-13 07:00:00+00:00,429037.9033333333
2024-02-13 08:00:00+00:00,493876.43666666665
2024-02-13 09:00:00+00:00,523949.18305555556
2024-02-13 10:00:00+00:00,673121.1175
2024-02-13 11:00:00+00:00,772695.3272222222
2024-02-13 12:00:00+00:00,815683.0463888888
2024-02-13 13:00:00+00:00,1620133.6222222222
2024-02-13 14:00:00+00:00,2352928.3794444446
2024-02-13 15:00:00+00:00,707807.2536111111
2024-02-13 16:00:00+00:00,616234.8402777778
2024-02-13 17:00:00+00:00,701587.5183333333
2024-02-13 18:00:00+00:00,1061415.7316666667
2024-02-13 19:00:00+00:00,879687.4255555555
2024-02-13 20:00:00+00:00,1240654.5955555555
2024-02-13 21:00:00+00:00,1362248.0072222222
2024-02-13 22:00:00+00:00,340946.27194444445
2024-02-13 23:00:00+00:00,380225.2636111111
2024-02-14 00:00:00+00:00,323760.27305555553
2024-02-14 01:00:00+00:00,560690.1705555556
2024-02-14 02:00:00+00:00,326925.4505555556
2024-02-14 03:00:00+00:00,243009.61777777778
2024-02-14 04:00:00+00:00,879315.9461111111
2024-02-14 05:00:00+00:00,1629601.851111111
2024-02-14 06:00:00+00:00,687646.5944444444
2024-02-14 07:00:00+00:00,814454.3738888889
2024-02-14 08:00:00+00:00,706922.0355555556
2024-02-14 09:00:00+00:00,826220.2122222222
2024-02-14 10:00:00+00:00,818078.6822222222
2024-02-14 11:00:00+00:00,719038.0113888889
2024-02-14 12:00:00+00:00,677912.4347222223
2024-02-14 13:00:00+00:00,809481.6175
2024-02-14 14:00:00+00:00,1059154.0225
2024-02-14 15:00:00+00:00,708438.4413888889
2024-02-14 16:00:00+00:00,1085416.3938888889
2024-02-14 17:00:00+00:00,1062829.4877777777
2024-02-14 18:00:00+00:00,2208514.9394444446
2024-02-14 19:00:00+00:00,1401520.7666666666
2024-02-14 20:00:00+00:00,1433673.5230555555
2024-02-14 21:00:00+00:00,1375996.0680555555
2024-02-14 22:00:00+00:00,1123502.546111111
2024-02-14 23:00:00+00:00,983248.5763888889
2024-02-15 00:00:00+00:00,451223.60777777777
2024-02-15 01:00:00+00:00,332022.14916666667
2024-02-15 02:00:00+00:00,152377.5061111111
2024-02-15 03:00:00+00:00,205537.2563888889
2024-02-15 04:00:00+00:00,300995.53277777776
2024-02-15 05:00:00+00:00,807130.4611111111
2024-02-15 06:00:00+00:00,485877.5538888889
2024-02-15 07:00:00+00:00,512325.2783333333
2024-02-15 08:00:00+00:00,620129.0294444445
2024-02-15 09:00:00+00:00,884053.1205555556
2024-02-15 10:00:00+00:00,1481244.7333333334
2024-02-15 11:00:00+00:00,1567189.026388889
2024-02-15 12:00:00+00:00,797985.9088888889
2024-02-15 13:00:00+00:00,783489.4855555556
2024-02-15 14:00:00+00:00,704225.9563888889
2024-02-15 15:00:00+00:00,774428.4819444445
2024-02-15 16:00:00+00:00,690744.9236111111
2024-02-15 17:00:00+00:00,926182.6066666667
2024-02-15 18:00:00+00:00,1032607.9297222223
2024-02-15 19:00:00+00:00,944548.8869444445
2024-02-15 20:00:00+00:00,1434496.2483333333
2024-02-15 21:00:00+00:00,1566193.8152777778
2024-02-15 22:00:00+00:00,1251968.1183333334
2024-02-15 23:00:00+00:00,1009132.5119444445
2024-02-16 00:00:00+00:00,379785.9011111111
2024-02-16 01:00:00+00:00,232274.32416666666
2024-02-16 02:00:00+00:00,193418.44972222223
2024-02-16 03:00:00+00:00,79537.26166666667
2024-02-16 04:00:00+00:00,146874.98611111112
2024-02-16 05:00:00+00:00,226774.92777777778
2024-02-16 06:00:00+00:00,851431.2566666667
2024-02-16 07:00:00+00:00,564066.5552777778
2024-02-16 08:00:00+00:00,958840.9480555556
2024-02-16 09:00:00+00:00,1729402.8505555557
2024-02-16 10:00:00+00:00,2531466.8594444445
2024-02-16 11:00:00+00:00,773172.5433333333
2024-02-16 12:00:00+00:00,1320527.7108333334
2024-02-16 13:00:00+00:00,706143.7261111111
2024-02-16 14:00:00+00:00,1206080.8752777777
2024-02-16 15:00:00+00:00,699254.9394444445
2024-02-16 16:00:00+00:00,772819.9758333333
2024-02-16 17:00:00+00:00,972462.7758333334
2024-02-16 18:00:00+00:00,677429.1363888889
2024-02-16 19:00:00+00:00,647300.0427777778
2024-02-16 20:00:00+00:00,870391.4125
2024-02-16 21:00:00+00:00,585723.9194444445
2024-02-16 22:00:00+00:00,819127.3625
2024-02-16 23:00:00+00:00,360561.28527777776
2024-02-17 00:00:00+00:00,429506.1838888889
2024-02-17 01:00:00+00:00,321523.83722222224
2024-02-17 02:00:00+00:00,227904.5052777778
2024-02-17 03:00:00+00:00,134987.87277777778
2024-02-17 04:00:00+00:00,134975.89527777777
2024-02-17 05:00:00+00:00,132509.65944444443
2024-02-17 06:00:00+00:00,299030.62388888886
2024-02-17 07:00:00+00:00,912738.3080555556
2024-02-17 08:00:00+00:00,255141.3997222222
2024-02-17 09:00:00+00:00,548510.1294444444
2024-02-17 10:00:00+00:00,414236.1844444444
2024-02-17 11:00:00+00:00,614611.3827777777
2024-02-17 12:00:00+00:00,1170707.7197222223
2024-02-17 13:00:00+00:00,1659684.933888889
2024-02-17 14:00:00+00:00,862342.5663888889
2024-02-17 15:00:00+00:00,558944.1108333333
2024-02-17 16:00:00+00:00,514972.54583333334
2024-02-17 17:00:00+00:00,551662.8419444445
2024-02-17 18:00:00+00:00,524330.2155555555
2024-02-17 19:00:00+00:00,561504.5683333334
2024-02-17 20:00:00+00:00,371031.13166666665
2024-02-17 21:00:00+00:00,1128205.1969444444
2024-02-17 22:00:00+00:00,813824.5008333334
2024-02-17 23:00:00+00:00,525717.5655555555
2024-02-18 00:00:00+00:00,459393.39
2024-02-18 01:00:00+00:00,631078.9144444445
2024-02-18 02:00:00+00:00,183398.57916666666
2024-02-18 03:00:00+00:00,152232.64083333334
2024-02-18 04:00:00+00:00,73229.80416666667
2024-02-18 05:00:00+00:00,78346.16083333333
2024-02-18 06:00:00+00:00,118067.3325
2024-02-18 07:00:00+00:00,267036.42833333334
2024-02-18 08:00:00+00:00,314248.85194444447
2024-02-18 09:00:00+00:00,334052.3466666667
2024-02-18 10:00:00+00:00,419524.78694444447
2024-02-18 11:00:00+00:00,893944.3494444444
2024-02-18 12:00:00+00:00,957410.4283333333
2024-02-18 13:00:00+00:00,658804.8797222222
2024-02-18 14:00:00+00:00,1513577.7466666666
2024-02-18 15:00:00+00:00,1130276.9852777778
2024-02-18 16:00:00+00:00,1950777.5369444445
2024-02-18 17:00:00+00:00,2265977.0455555557
2024-02-18 18:00:00+00:00,2056458.6625
2024-02-18 19:00:00+00:00,2244887.7025
2024-02-18 20:00:00+00:00,1773654.8327777777
2024-02-18 21:00:00+00:00,1245990.6691666667
2024-02-18 22:00:00+00:00,1974323.6102777778
2024-02-18 23:00:00+00:00,1843629.8366666667
2024-02-19 00:00:00+00:00,811675.5355555556
2024-02-19 01:00:00+00:00,179789.9086111111
2024-02-19 02:00:00+00:00,115034.30972222223
2024-02-19 03:00:00+00:00,187715.55694444446
2024-02-19 04:00:00+00:00,501050.6383333333
2024-02-19 05:00:00+00:00,823135.7761111112
2024-02-19 06:00:00+00:00,1194930.1708333334
2024-02-19 07:00:00+00:00,1223199.6130555556
2024-02-19 08:00:00+00:00,1362892.6041666667
2024-02-19 09:00:00+00:00,2211674.1525
2024-02-19 10:00:00+00:00,3245806.473888889
2024-02-19 11:00:00+00:00,3154399.0416666665
2024-02-19 12:00:00+00:00,3245376.418055556
2024-02-19 13:00:00+00:00,3264714.004166667
2024-02-19 14:00:00+00:00,3147209.43
2024-02-19 15:00:00+00:00,3280711.5252777776
2024-02-19 16:00:00+00:00,2666727.7344444445
2024-02-19 17:00:00+00:00,1526110.1855555556
2024-02-19 18:00:00+00:00,1925285.1325
2024-02-19 19:00:00+00:00,2222878.765833333
2024-02-19 20:00:00+00:00,1820187.6969444444
2024-02-19 21:00:00+00:00,1437286.1966666668
2024-02-19 22:00:00+00:00,907377.1341666667
2024-02-19 23:00:00+00:00,1282690.9844444445
2024-02-20 00:00:00+00:00,3628399.200833333
2024-02-20 01:00:00+00:00,282012.16805555555
2024-02-20 02:00:00+00:00,172104.60333333333
2024-02-20 03:00:00+00:00,181060.16972222223
2024-02-20 04:00:00+00:00,248186.58027777777
2024-02-20 05:00:00+00:00,828623.6977777778
2024-02-20 06:00:00+00:00,1491835.8758333332
2024-02-20 07:00:00+00:00,1570264.9475
2024-02-20 08:00:00+00:00,2709319.3594444445
2024-02-20 09:00:00+00:00,3260166.925
2024-02-20 10:00:00+00:00,3852607.4425
2024-02-20 11:00:00+00:00,2450993.887777778
2024-02-20 12:00:00+00:00,2594872.543055556
2024-02-20 13:00:00+00:00,3072745.1730555557
2024-02-20 14:00:00+00:00,3050160.986666667
2024-02-20 15:00:00+00:00,1722818.8102777777
2024-02-20 16:00:00+00:00,1938220.9725
2024-02-20 17:00:00+00:00,1853514.7175
2024-02-20 18:00:00+00:00,1816104.121111111
2024-02-20 19:00:00+00:00,1652406.2297222223
2024-02-20 20:00:00+00:00,2451998.3983333334
2024-02-20 21:00:00+00:00,1609125.677777778
2024-02-20 22:00:00+00:00,850300.9372222222
2024-02-20 23:00:00+00:00,556575.963888889
2024-02-21 00:00:00+00:00,323371.23083333333
2024-02-21 01:00:00+00:00,174448.01166666666
2024-02-21 02:00:00+00:00,218584.45916666667
2024-02-21 03:00:00+00:00,1196812.6127777777
2024-02-21 04:00:00+00:00,192798.44083333333
2024-02-21 05:00:00+00:00,594565.8966666666
2024-02-21 06:00:00+00:00,1907477.341388889
2024-02-21 07:00:00+00:00,3230083.7933333335
2024-02-21 08:00:00+00:00,2723578.6302777776
2024-02-21 09:00:00+00:00,3597477.152777778
2024-02-21 10:00:00+00:00,1952033.2411111111
2024-02-21 11:00:00+00:00,1711497.0183333333
2024-02-21 12:00:00+00:00,2111323.9330555554
2024-02-21 13:00:00+00:00,1790328.495
2024-02-21 14:00:00+00:00,1798256.8380555555
2024-02-21 15:00:00+00:00,2079312.0302777777
2024-02-21 16:00:00+00:00,2308582.4905555556
2024-02-21 17:00:00+00:00,1076426.4016666666
2024-02-21 18:00:00+00:00,1164290.8013888889
2024-02-21 19:00:00+00:00,2830139.6880555553
2024-02-21 20:00:00+00:00,1994863.6427777777
2024-02-21 21:00:00+00:00,1109115.2527777778
2024-02-21 22:00:00+00:00,793886.0438888889
2024-02-21 23:00:00+00:00,567317.8477777778
2024-02-22 00:00:00+00:00,171917.59083333332
2024-02-22 01:00:00+00:00,268460.4761111111
2024-02-22 02:00:00+00:00,126736.97305555556
2024-02-22 03:00:00+00:00,79558.15527777778
2024-02-22 04:00:00+00:00,158368.64416666667
2024-02-22 05:00:00+00:00,636232.6511111112
2024-02-22 06:00:00+00:00,1226875.0708333333
2024-02-22 07:00:00+00:00,1658393.98
2024-02-22 08:00:00+00:00,1451185.7172222221
2024-02-22 09:00:00+00:00,1413879.4386111111
2024-02-22 10:00:00+00:00,2920915.1108333333
2024-02-22 11:00:00+00:00,2479913.3758333335
2024-02-22 12:00:00+00:00,2636170.5769444443
2024-02-22 13:00:00+00:00,2130873.217777778
2024-02-22 14:00:00+00:00,3739530.351111111
2024-02-22 15:00:00+00:00,1570816.07
2024-02-22 16:00:00+00:00,1701470.1783333332
2024-02-22 17:00:00+00:00,1657896.0702777777
2024-02-22 18:00:00+00:00,2171587.2683333335
2024-02-22 19:00:00+00:00,2037633.1772222223
2024-02-22 20:00:00+00:00,4385788.413333333
2024-02-22 21:00:00+00:00,1619098.2883333333
2024-02-22 22:00:00+00:00,838085.9611111111
2024-02-22 23:00:00+00:00,858604.3872222222
2024-02-23 00:00:00+00:00,235656.3813888889
2024-02-23 01:00:00+00:00,188776.08694444445
2024-02-23 02:00:00+00:00,162139.89416666667
2024-02-23 03:00:00+00:00,50162.30194444444
2024-02-23 04:00:00+00:00,206282.79222222223
2024-02-23 05:00:00+00:00,1153772.0066666666
2024-02-23 06:00:00+00:00,1000515.5133333333
2024-02-23 07:00:00+00:00,1127859.2241666666
2024-02-23 08:00:00+00:00,1831027.8669444444
2024-02-23 09:00:00+00:00,2298734.986111111
2024-02-23 10:00:00+00:00,1709823.2497222223
2024-02-23 11:00:00+00:00,1827535.0383333333
2024-02-23 12:00:00+00:00,1445323.0252777778
2024-02-23 13:00:00+00:00,1676324.0011111111
2024-02-23 14:00:00+00:00,1272345.1802777778
2024-02-23 15:00:00+00:00,1951621.3052777778
2024-02-23 16:00:00+00:00,4258672.627777778
2024-02-23 17:00:00+00:00,1907103.8116666668
2024-02-23 18:00:00+00:00,1536382.8130555556
2024-02-23 19:00:00+00:00,2679340.386111111
2024-02-23 20:00:00+00:00,822974.0577777778
2024-02-23 21:00:00+00:00,1282316.4333333333
2024-02-23 22:00:00+00:00,659584.4308333333
2024-02-23 23:00:00+00:00,1080358.5797222222
2024-02-24 00:00:00+00:00,456023.8725
2024-02-24 01:00:00+00:00,325045.7758333333
2024-02-24 02:00:00+00:00,364756.6227777778
2024-02-24 03:00:00+00:00,164727.44916666666
2024-02-24 04:00:00+00:00,121958.35888888889
2024-02-24 05:00:00+00:00,260131.80388888888
2024-02-24 06:00:00+00:00,478820.06583333336
2024-02-24 07:00:00+00:00,1368468.5080555556
2024-02-24 08:00:00+00:00,765355.1075
2024-02-24 09:00:00+00:00,1528358.5597222222
2024-02-24 10:00:00+00:00,1146284.2302777779
2024-02-24 11:00:00+00:00,1288896.7694444444
2024-02-24 12:00:00+00:00,2245457.2619444444
2024-02-24 13:00:00+00:00,850863.7727777777
2024-02-24 14:00:00+00:00,704223.4591666666
2024-02-24 15:00:00+00:00,1221138.4705555555
2024-02-24 16:00:00+00:00,1481372.1
2024-02-24 17:00:00+00:00,1476878.9463888889
2024-02-24 18:00:00+00:00,1493625.8327777777
2024-02-24 19:00:00+00:00,1179163.4069444444
2024-02-24 20:00:00+00:00,1664687.96
2024-02-24 21:00:00+00:00,1259060.5505555556
2024-02-24 22:00:00+00:00,534287.5663888889
2024-02-24 23:00:00+00:00,1191266.1163888888
2024-02-25 00:00:00+00:00,644099.3230555556
2024-02-25 01:00:00+00:00,425761.81388888886
2024-02-25 02:00:00+00:00,216734.60222222222
2024-02-25 03:00:00+00:00,554014.5497222223
2024-02-25 04:00:00+00:00,68142.73416666666
2024-02-25 05:00:00+00:00,132517.5013888889
2024-02-25 06:00:00+00:00,459698.9563888889
2024-02-25 07:00:00+00:00,610986.7216666667
2024-02-25 08:00:00+00:00,270094.29555555555
2024-02-25 09:00:00+00:00,417949.93305555556
2024-02-25 10:00:00+00:00,417129.4138888889
2024-02-25 11:00:00+00:00,712223.7816666666
2024-02-25 12:00:00+00:00,665600.3719444445
2024-02-25 13:00:00+00:00,589707.8875
2024-02-25 14:00:00+00:00,604671.7336111111
2024-02-25 15:00:00+00:00,1001766.1577777778
2024-02-25 16:00:00+00:00,978587.0222222222
2024-02-25 17:00:00+00:00,1290792.4744444445
2024-02-25 18:00:00+00:00,1435898.6530555557
2024-02-25 19:00:00+00:00,2266470.7080555554
2024-02-25 20:00:00+00:00,1733698.5013888888
2024-02-25 21:00:00+00:00,1730333.7872222222
2024-02-25 22:00:00+00:00,825104.2227777778
2024-02-25 23:00:00+00:00,535809.9438888889
2024-02-26 00:00:00+00:00,723206.6772222222
2024-02-26 01:00:00+00:00,281237.31416666665
2024-02-26 02:00:00+00:00,163001.27805555557
2024-02-26 03:00:00+00:00,216343.04638888888
2024-02-26 04:00:00+00:00,938673.4213888888
2024-02-26 05:00:00+00:00,772669.0266666666
2024-02-26 06:00:00+00:00,1335382.1922222222
2024-02-26 07:00:00+00:00,1731919.161388889
2024-02-26 08:00:00+00:00,1466830.6255555556
2024-02-26 09:00:00+00:00,2400461.2391666668
2024-02-26 10:00:00+00:00,2058673.8838888889
2024-02-26 11:00:00+00:00,1311899.6580555555
2024-02-26 12:00:00+00:00,1017337.64
2024-02-26 13:00:00+00:00,1612564.3755555556
2024-02-26 14:00:00+00:00,2490140.0283333333
2024-02-26 15:00:00+00:00,2751934.5775
2024-02-26 16:00:00+00:00,1740727.1208333333
2024-02-26 17:00:00+00:00,1787876.1477777779
2024-02-26 18:00:00+00:00,2269792.492222222
2024-02-26 19:00:00+00:00,2249566.8275
2024-02-26 20:00:00+00:00,1766752.1038888888
2024-02-26 21:00:00+00:00,2231177.591666667
2024-02-26 22:00:00+00:00,1031577.2211111111
2024-02-26 23:00:00+00:00,897665.9152777778
2024-02-27 00:00:00+00:00,335563.27805555554
2024-02-27 01:00:00+00:00,220855.65083333335
2024-02-27 02:00:00+00:00,343191.13416666666
2024-02-27 03:00:00+00:00,127722.36083333334
2024-02-27 04:00:00+00:00,924496.9352777777
2024-02-27 05:00:00+00:00,1735594.6727777778
2024-02-27 06:00:00+00:00,1232830.408611111
2024-02-27 07:00:00+00:00,3371258.740277778
2024-02-27 08:00:00+00:00,1728424.085
2024-02-27 09:00:00+00:00,1436069.455
2024-02-27 10:00:00+00:00,1373650.09
2024-02-27 11:00:00+00:00,1438102.447222222
2024-02-27 12:00:00+00:00,1821536.7691666668
2024-02-27 13:00:00+00:00,1612012.7283333333
2024-02-27 14:00:00+00:00,1824040.0416666667
2024-02-27 15:00:00+00:00,2382844.095833333
2024-02-27 16:00:00+00:00,1245391.86
2024-02-27 17:00:00+00:00,1737295.6233333333
2024-02-27 18:00:00+00:00,2045376.028888889
2024-02-27 19:00:00+00:00,1896959.9102777778
2024-02-27 20:00:00+00:00,2798302.9716666667
2024-02-27 21:00:00+00:00,1926630.5577777778
2024-02-27 22:00:00+00:00,2948416.06
2024-02-27 23:00:00+00:00,1640949.1583333334
2024-02-28 00:00:00+00:00,448254.5991666667
2024-02-28 01:00:00+00:00,341291.5002777778
2024-02-28 02:00:00+00:00,121022.76111111112
2024-02-28 03:00:00+00:00,125296.94694444444
2024-02-28 04:00:00+00:00,920926.5494444445
2024-02-28 05:00:00+00:00,796463.5683333334
2024-02-28 06:00:00+00:00,1168592.691111111
2024-02-28 07:00:00+00:00,1256846.8805555555
2024-02-28 08:00:00+00:00,1990963.7019444443
2024-02-28 09:00:00+00:00,1697780.9383333332
2024-02-28 10:00:00+00:00,1959870.3766666667
2024-02-28 11:00:00+00:00,1546904.3319444444
2024-02-28 12:00:00+00:00,2146220.5975
2024-02-28 13:00:00+00:00,2100131.7338888887
2024-02-28 14:00:00+00:00,1492118.52
2024-02-28 15:00:00+00:00,1436155.0591666666
2024-02-28 16:00:00+00:00,1008796.6422222222
2024-02-28 17:00:00+00:00,1073988.5052777778
2024-02-28 18:00:00+00:00,1727883.191111111
2024-02-28 19:00:00+00:00,3231107.383611111
2024-02-28 20:00:00+00:00,2785700.0877777776
2024-02-28 21:00:00+00:00,1776759.338888889
2024-02-28 22:00:00+00:00,793363.2341666666
2024-02-28 23:00:00+00:00,577757.7291666666
2024-02-29 00:00:00+00:00,240056.32638888888
2024-02-29 01:00:00+00:00,203505.41222222222
2024-02-29 02:00:00+00:00,309417.7158333333
2024-02-29 03:00:00+00:00,128041.33333333333
2024-02-29 04:00:00+00:00,193589.89027777777
2024-02-29 05:00:00+00:00,506950.30305555556
2024-02-29 06:00:00+00:00,4250540.076111111
2024-02-29 07:00:00+00:00,1300124.7180555556
2024-02-29 08:00:00+00:00,2036966.0091666668
2024-02-29 09:00:00+00:00,1758869.6247222223
2024-02-29 10:00:00+00:00,3166555.7927777776
2024-02-29 11:00:00+00:00,2353909.3108333335
2024-02-29 12:00:00+00:00,3184665.0744444444
2024-02-29 13:00:00+00:00,1786852.7969444445
2024-02-29 14:00:00+00:00,1697455.4091666667
2024-02-29 15:00:00+00:00,1214989.7608333332
2024-02-29 16:00:00+00:00,996170.2913888888
2024-02-29 17:00:00+00:00,1473859.681388889
2024-02-29 18:00:00+00:00,2275956.589166667
2024-02-29 19:00:00+00:00,1824185.9686111112
2024-02-29 20:00:00+00:00,1394021.322222222
2024-02-29 21:00:00+00:00,1184225.4805555556
2024-02-29 22:00:00+00:00,1106274.9925
2024-02-29 23:00:00+00:00,525717.2247222222
2024-03-01 00:00:00+00:00,394957.64166666666
2024-03-01 01:00:00+00:00,229780.70361111112
2024-03-01 02:00:00+00:00,117453.63694444444
2024-03-01 03:00:00+00:00,149056.18194444446
2024-03-01 04:00:00+00:00,262256.7766666667
2024-03-01 05:00:00+00:00,753109.3780555555
2024-03-01 06:00:00+00:00,911937.0147222222
2024-03-01 07:00:00+00:00,811257.3055555555
2024-03-01 08:00:00+00:00,1516793.5858333334
2024-03-01 09:00:00+00:00,1265390.6875
2024-03-01 10:00:00+00:00,1516690.8452777779
2024-03-01 11:00:00+00:00,1249548.5419444444
2024-03-01 12:00:00+00:00,1110411.913888889
2024-03-01 13:00:00+00:00,1445961.6816666666
2024-03-01 14:00:00+00:00,1618427.5916666666
2024-03-01 15:00:00+00:00,447398.54027777776
2024-03-01 16:00:00+00:00,1171087.8113888889
2024-03-01 17:00:00+00:00,542802.2397222222
2024-03-01 18:00:00+00:00,1461756.6130555556
2024-03-01 19:00:00+00:00,793754.8036111111
2024-03-01 20:00:00+00:00,771351.2677777777
2024-03-01 21:00:00+00:00,1094793.8938888889
2024-03-01 22:00:00+00:00,986515.2319444445
2024-03-01 23:00:00+00:00,537680.6647222223
2024-03-02 00:00:00+00:00,2976774.4566666665
2024-03-02 01:00:00+00:00,239302.54777777777
2024-03-02 02:00:00+00:00,976787.8752777778
2024-03-02 03:00:00+00:00,119157.96222222222
2024-03-02 04:00:00+00:00,120721.06777777777
2024-03-02 05:00:00+00:00,122478.08722222222
2024-03-02 06:00:00+00:00,251006.48888888888
2024-03-02 07:00:00+00:00,533849.915
2024-03-02 08:00:00+00:00,707313.8086111111
2024-03-02 09:00:00+00:00,2539395.018888889
2024-03-02 10:00:00+00:00,1043347.81
2024-03-02 11:00:00+00:00,1155248.023611111
2024-03-02 12:00:00+00:00,617751.6230555555
2024-03-02 13:00:00+00:00,1126925.0130555555
2024-03-02 14:00:00+00:00,1632691.1344444444
2024-03-02 15:00:00+00:00,599922.6966666667
2024-03-02 16:00:00+00:00,668376.4711111111
2024-03-02 17:00:00+00:00,2815489.438611111
2024-03-02 18:00:00+00:00,996578.6936111111
2024-03-02 19:00:00+00:00,3827197.426111111
2024-03-02 20:00:00+00:00,2740714.74
2024-03-02 21:00:00+00:00,1704626.306111111
2024-03-02 22:00:00+00:00,4953842.373611111
2024-03-02 23:00:00+00:00,2231019.0555555555
2024-03-03 00:00:00+00:00,470383.2377777778
2024-03-03 01:00:00+00:00,345243.30583333335
2024-03-03 02:00:00+00:00,492038.40055555553
2024-03-03 03:00:00+00:00,300572.5705555556
2024-03-03 04:00:00+00:00,141900.69055555554
2024-03-03 05:00:00+00:00,142046.18055555556
2024-03-03 06:00:00+00:00,198915.13194444444
2024-03-03 07:00:00+00:00,498714.6272222222
2024-03-03 08:00:00+00:00,409612.7088888889
2024-03-03 09:00:00+00:00,679619.2911111111
2024-03-03 10:00:00+00:00,606572.4319444444
2024-03-03 11:00:00+00:00,551520.8127777778
2024-03-03 12:00:00+00:00,566688.1427777777
2024-03-03 13:00:00+00:00,845048.1280555555
2024-03-03 14:00:00+00:00,1200311.3422222221
2024-03-03 15:00:00+00:00,1377110.9294444444
2024-03-03 16:00:00+00:00,818843.2391666666
2024-03-03 17:00:00+00:00,1000040.6886111111
2024-03-03 18:00:00+00:00,1711424.7041666666
2024-03-03 19:00:00+00:00,1765694.4675
2024-03-03 20:00:00+00:00,3789918.8608333333
2024-03-03 21:00:00+00:00,2081616.7444444445
2024-03-03 22:00:00+00:00,827739.3652777778
2024-03-03 23:00:00+00:00,2026034.5297222221
2024-03-04 00:00:00+00:00,392262.69388888887
2024-03-04 01:00:00+00:00,372491.3336111111
2024-03-04 02:00:00+00:00,200679.20694444445
2024-03-04 03:00:00+00:00,133305.23111111112
2024-03-04 04:00:00+00:00,291088.5622222222
2024-03-04 05:00:00+00:00,752119.745
2024-03-04 06:00:00+00:00,966377.8483333334
2024-03-04 07:00:00+00:00,1223946.6266666667
2024-03-04 08:00:00+00:00,2016455.476388889
2024-03-04 09:00:00+00:00,2512529.471388889
2024-03-04 10:00:00+00:00,3330262.343611111
2024-03-04 11:00:00+00:00,1698047.6425
2024-03-04 12:00:00+00:00,1856202.3530555556
2024-03-04 13:00:00+00:00,1645363.2088888888
2024-03-04 14:00:00+00:00,1999470.3036111111
2024-03-04 15:00:00+00:00,1555596.3191666666
2024-03-04 16:00:00+00:00,1108254.4561111112
2024-03-04 17:00:00+00:00,1500363.5519444444
2024-03-04 18:00:00+00:00,1823725.895
2024-03-04 19:00:00+00:00,1949624.95
2024-03-04 20:00:00+00:00,1730253.1461111112
2024-03-04 21:00:00+00:00,1653244.3638888889
2024-03-04 22:00:00+00:00,1016738.7
2024-03-04 23:00:00+00:00,535736.6652777778
2024-03-05 00:00:00+00:00,312024.8233333333
2024-03-05 01:00:00+00:00,545232.0169444444
2024-03-05 02:00:00+00:00,169299.51055555555
2024-03-05 03:00:00+00:00,136036.64166666666
2024-03-05 04:00:00+00:00,1009156.0805555555
2024-03-05 05:00:00+00:00,1083060.1266666667
2024-03-05 06:00:00+00:00,2700971.636111111
2024-03-05 07:00:00+00:00,1874997.4119444445
2024-03-05 08:00:00+00:00,2596579.9880555556
2024-03-05 09:00:00+00:00,1420956.9008333334
2024-03-05 10:00:00+00:00,1611751.7108333334
2024-03-05 11:00:00+00:00,1951087.0555555555
2024-03-05 12:00:00+00:00,1099485.4672222221
2024-03-05 13:00:00+00:00,1375881.8619444445
2024-03-05 14:00:00+00:00,1976830.0286111112
2024-03-05 15:00:00+00:00,1938094.7316666667
2024-03-05 16:00:00+00:00,1424875.7061111112
2024-03-05 17:00:00+00:00,1350539.8377777778
2024-03-05 18:00:00+00:00,1454393.9308333334
2024-03-05 19:00:00+00:00,1901017.6305555555
2024-03-05 20:00:00+00:00,1749201.0497222221
2024-03-05 21:00:00+00:00,932667.0294444445
2024-03-05 22:00:00+00:00,1020196.1444444444
2024-03-05 23:00:00+00:00,930123.6383333333
2024-03-06 00:00:00+00:00,212420.28555555554
2024-03-06 01:00:00+00:00,409477.8338888889
2024-03-06 02:00:00+00:00,232975.3372222222
2024-03-06 03:00:00+00:00,293700.17833333334
2024-03-06 04:00:00+00:00,164827.8372222222
2024-03-06 05:00:00+00:00,787457.0855555555
2024-03-06 06:00:00+00:00,959227.6813888889
2024-03-06 07:00:00+00:00,1008282.2686111111
2024-03-06 08:00:00+00:00,2093278.4461111112
2024-03-06 09:00:00+00:00,1856752.8961111112
2024-03-06 10:00:00+00:00,2992091.9694444444
2024-03-06 11:00:00+00:00,2470768.235277778
2024-03-06 12:00:00+00:00,1813565.2611111111
2024-03-06 13:00:00+00:00,2743812.6944444445
2024-03-06 14:00:00+00:00,1516169.945
2024-03-06 15:00:00+00:00,2030147.1108333333
2024-03-06 16:00:00+00:00,2231887.29
2024-03-06 17:00:00+00:00,1209003.0547222223
2024-03-06 18:00:00+00:00,1674867.8341666667
2024-03-06 19:00:00+00:00,1965465.961111111
2024-03-06 20:00:00+00:00,1703641.8766666667
2024-03-06 21:00:00+00:00,2642241.2875
2024-03-06 22:00:00+00:00,1298347.1202777778
2024-03-06 23:00:00+00:00,530310.7933333333
2024-03-07 00:00:00+00:00,732453.8458333333
2024-03-07 01:00:00+00:00,224226.90166666667
2024-03-07 02:00:00+00:00,175736.71416666667
2024-03-07 03:00:00+00:00,134987.81916666665
2024-03-07 04:00:00+00:00,260165.48305555555
2024-03-07 05:00:00+00:00,722768.6016666667
2024-03-07 06:00:00+00:00,1023488.9202777778
2024-03-07 07:00:00+00:00,1368924.7877777778
2024-03-07 08:00:00+00:00,1666740.4580555556
2024-03-07 09:00:00+00:00,1818814.736388889
2024-03-07 10:00:00+00:00,1324595.0072222222
2024-03-07 11:00:00+00:00,2814768.3383333334
2024-03-07 12:00:00+00:00,1824349.0130555555
2024-03-07 13:00:00+00:00,1232066.8075
2024-03-07 14:00:00+00:00,702834.0347222222
2024-03-07 15:00:00+00:00,1207956.7322222223
2024-03-07 16:00:00+00:00,1143699.7775
2024-03-07 17:00:00+00:00,3526725.9638888887
2024-03-07 18:00:00+00:00,2768466.636388889
2024-03-07 19:00:00+00:00,2063620.14
2024-03-07 20:00:00+00:00,2120449.4977777777
2024-03-07 21:00:00+00:00,1475722.7877777778
2024-03-07 22:00:00+00:00,952269.2541666667
2024-03-07 23:00:00+00:00,788645.9527777778
2024-03-08 00:00:00+00:00,657611.8336111112
2024-03-08 01:00:00+00:00,255482.06916666665
2024-03-08 02:00:00+00:00,235906.95916666667
2024-03-08 03:00:00+00:00,324849.20416666666
2024-03-08 04:00:00+00:00,808905.7291666666
2024-03-08 05:00:00+00:00,546066.085
2024-03-08 06:00:00+00:00,923552.48
2024-03-08 07:00:00+00:00,946236.6211111111
2024-03-08 08:00:00+00:00,1025826.0172222222
2024-03-08 09:00:00+00:00,1873385.6194444445
2024-03-08 10:00:00+00:00,2573041.269444444
2024-03-08 11:00:00+00:00,1398648.7641666667
2024-03-08 12:00:00+00:00,1116768.1463888888
2024-03-08 13:00:00+00:00,979004.3875
2024-03-08 14:00:00+00:00,1141059.7305555556
2024-03-08 15:00:00+00:00,873121.9475
2024-03-08 16:00:00+00:00,2278265.840277778
2024-03-08 17:00:00+00:00,1062226.0125
2024-03-08 18:00:00+00:00,956984.8236111111
2024-03-08 19:00:00+00:00,1865681.2977777778
2024-03-08 20:00:00+00:00,783470.4461111111
2024-03-08 21:00:00+00:00,579485.0291666667
2024-03-08 22:00:00+00:00,563563.9763888889
2024-03-08 23:00:00+00:00,1276378.4722222222
2024-03-09 00:00:00+00:00,720724.825
2024-03-09 01:00:00+00:00,187038.70361111112
2024-03-09 02:00:00+00:00,188010.05388888888
2024-03-09 03:00:00+00:00,159175.08194444445
2024-03-09 04:00:00+00:00,212450.9475
2024-03-09 05:00:00+00:00,312685.98527777777
2024-03-09 06:00:00+00:00,664462.7277777778
2024-03-09 07:00:00+00:00,1142704.0544444444
2024-03-09 08:00:00+00:00,621785.2602777778
2024-03-09 09:00:00+00:00,1087289.3036111111
2024-03-09 10:00:00+00:00,1060559.802777778
2024-03-09 11:00:00+00:00,858076.2605555556
2024-03-09 12:00:00+00:00,799693.8211111111
2024-03-09 13:00:00+00:00,1267257.2769444445
2024-03-09 14:00:00+00:00,1812263.4491666667
2024-03-09 15:00:00+00:00,1529584.7752777778
2024-03-09 16:00:00+00:00,1018734.5591666667
2024-03-09 17:00:00+00:00,1161851.6719444445
2024-03-09 18:00:00+00:00,927611.0622222222
2024-03-09 19:00:00+00:00,1666533.9369444444
2024-03-09 20:00:00+00:00,1157051.7608333332
2024-03-09 21:00:00+00:00,977566.7286111111
2024-03-09 22:00:00+00:00,2584574.1180555555
2024-03-09 23:00:00+00:00,1220079.6436111112
2024-03-10 00:00:00+00:00,1185615.135
2024-03-10 01:00:00+00:00,248013.61444444445
2024-03-10 02:00:00+00:00,933521.6272222223
2024-03-10 03:00:00+00:00,96594.95583333333
2024-03-10 04:00:00+00:00,212079.07083333333
2024-03-10 05:00:00+00:00,187044.2527777778
2024-03-10 06:00:00+00:00,588300.4725
2024-03-10 07:00:00+00:00,265760.56388888886
2024-03-10 08:00:00+00:00,251279.9086111111
2024-03-10 09:00:00+00:00,661847.6036111111
2024-03-10 10:00:00+00:00,666978.925
2024-03-10 11:00:00+00:00,2927947.0730555556
2024-03-10 12:00:00+00:00,2189480.7383333333
2024-03-10 13:00:00+00:00,1845776.4452777777
2024-03-10 14:00:00+00:00,1201545.3294444445
2024-03-10 15:00:00+00:00,893158.6394444444
2024-03-10 16:00:00+00:00,1428947.9405555555
2024-03-10 17:00:00+00:00,1610071.8033333332
2024-03-10 18:00:00+00:00,2614275.2508333335
2024-03-10 19:00:00+00:00,3342542.9055555556
2024-03-10 20:00:00+00:00,2102131.3261111113
2024-03-10 21:00:00+00:00,2738440.8208333333
2024-03-10 22:00:00+00:00,1537999.2644444443
2024-03-10 23:00:00+00:00,614839.6275
2024-03-11 00:00:00+00:00,450798.9197222222
2024-03-11 01:00:00+00:00,848090.745
2024-03-11 02:00:00+00:00,233859.1172222222
2024-03-11 03:00:00+00:00,303316.07
2024-03-11 04:00:00+00:00,449771.9108333333
2024-03-11 05:00:00+00:00,1738535.9322222222
2024-03-11 06:00:00+00:00,1883471.8919444445
2024-03-11 07:00:00+00:00,3296511.151111111
2024-03-11 08:00:00+00:00,2145707.911388889
2024-03-11 09:00:00+00:00,1787951.1119444445
2024-03-11 10:00:00+00:00,2786421.0452777776
2024-03-11 11:00:00+00:00,3895942.007777778
2024-03-11 12:00:00+00:00,1532676.6663888888
2024-03-11 13:00:00+00:00,1670739.473611111
2024-03-11 14:00:00+00:00,2015976.6969444444
2024-03-11 15:00:00+00:00,1649976.17
2024-03-11 16:00:00+00:00,2350759.866388889
2024-03-11 17:00:00+00:00,3412585.5361111113
2024-03-11 18:00:00+00:00,2598301.2
2024-03-11 19:00:00+00:00,2760805.168055556
2024-03-11 20:00:00+00:00,1987143.7669444445
2024-03-11 21:00:00+00:00,1891307.6791666667
2024-03-11 22:00:00+00:00,1206184.6380555555
2024-03-11 23:00:00+00:00,869769.5244444445
2024-03-12 00:00:00+00:00,336427.16777777777
2024-03-12 01:00:00+00:00,200277.18944444443
2024-03-12 02:00:00+00:00,107541.2688888889
2024-03-12 03:00:00+00:00,110563.27444444444
2024-03-12 04:00:00+00:00,363016.8936111111
2024-03-12 05:00:00+00:00,870537.4966666667
2024-03-12 06:00:00+00:00,1113007.3330555556
2024-03-12 07:00:00+00:00,2490018.730555556
2024-03-12 08:00:00+00:00,1687164.1155555556
2024-03-12 09:00:00+00:00,2709213.9005555557
2024-03-12 10:00:00+00:00,2624324.7255555554
2024-03-12 11:00:00+00:00,2791440.396388889
2024-03-12 12:00:00+00:00,3473192.706388889
2024-03-12 13:00:00+00:00,2366518.8405555557
2024-03-12 14:00:00+00:00,1861262.5327777779
2024-03-12 15:00:00+00:00,2381284.318611111
2024-03-12 16:00:00+00:00,2288916.9427777776
2024-03-12 17:00:00+00:00,1716173.8405555557
2024-03-12 18:00:00+00:00,2234945.753611111
2024-03-12 19:00:00+00:00,2917186.3730555554
2024-03-12 20:00:00+00:00,2638563.061111111
2024-03-12 21:00:00+00:00,2101311.356388889
2024-03-12 22:00:00+00:00,1359693.9872222221
2024-03-12 23:00:00+00:00,1195618.8275
2024-03-13 00:00:00+00:00,671667.15
2024-03-13 01:00:00+00:00,1100642.9255555556
2024-03-13 02:00:00+00:00,447128.78777777776
2024-03-13 03:00:00+00:00,493209.04027777776
2024-03-13 04:00:00+00:00,590818.7347222222
2024-03-13 05:00:00+00:00,951887.6902777777
2024-03-13 06:00:00+00:00,1280030.223611111
2024-03-13 07:00:00+00:00,1472694.8377777778
2024-03-13 08:00:00+00:00,2495858.868888889
2024-03-13 09:00:00+00:00,2491144.213611111
2024-03-13 10:00:00+00:00,2579948.26
2024-03-13 11:00:00+00:00,2741724.006666667
2024-03-13 12:00:00+00:00,3495711.76
2024-03-13 13:00:00+00:00,3700635.291388889
2024-03-13 14:00:00+00:00,1226306.3411111112
2024-03-13 15:00:00+00:00,1524802.4883333333
2024-03-13 16:00:00+00:00,2517718.902222222
2024-03-13 17:00:00+00:00,2137955.673611111
2024-03-13 18:00:00+00:00,2395159.7733333334
2024-03-13 19:00:00+00:00,2100296.0244444446
2024-03-13 20:00:00+00:00,1296873.371111111
2024-03-13 21:00:00+00:00,862855.1672222222
2024-03-13 22:00:00+00:00,1759509.7166666666
2024-03-13 23:00:00+00:00,1574368.756111111
2024-03-14 00:00:00+00:00,1475447.85
2024-03-14 01:00:00+00:00,1358429.3677777778
2024-03-14 02:00:00+00:00,887101.6477777777
2024-03-14 03:00:00+00:00,1276659.3491666666
2024-03-14 04:00:00+00:00,1573218.1702777778
2024-03-14 05:00:00+00:00,1243316.4588888888
2024-03-14 06:00:00+00:00,1661966.8605555557
2024-03-14 07:00:00+00:00,1887773.4991666668
2024-03-14 08:00:00+00:00,3809617.4091666667
2024-03-14 09:00:00+00:00,2077252.0083333333
2024-03-14 10:00:00+00:00,2883811.1227777777
2024-03-14 11:00:00+00:00,2710099.6555555556
2024-03-14 12:00:00+00:00,2221787.3547222223
2024-03-14 13:00:00+00:00,1695926.5616666668
2024-03-14 14:00:00+00:00,1534308.7791666666
2024-03-14 15:00:00+00:00,1612507.785
2024-03-14 16:00:00+00:00,3335857.3577777776
2024-03-14 17:00:00+00:00,2403539.799722222
2024-03-14 18:00:00+00:00,1541048.503611111
2024-03-14 19:00:00+00:00,1970528.5047222222
2024-03-14 20:00:00+00:00,1416534.5241666667
2024-03-14 21:00:00+00:00,1131466.351111111
2024-03-14 22:00:00+00:00,918479.8108333333
2024-03-14 23:00:00+00:00,1276517.148888889
2024-03-15 00:00:00+00:00,1314769.225
2024-03-15 01:00:00+00:00,535340.6963888889
2024-03-15 02:00:00+00:00,799332.5691666667
2024-03-15 03:00:00+00:00,851330.7075
2024-03-15 04:00:00+00:00,1156192.9452777777
2024-03-15 05:00:00+00:00,1183024.4608333334
2024-03-15 06:00:00+00:00,1499374.83
2024-03-15 07:00:00+00:00,1235036.9688888888
2024-03-15 08:00:00+00:00,2220762.8194444445
2024-03-15 09:00:00+00:00,901510.4194444445
2024-03-15 10:00:00+00:00,1539396.1783333332
2024-03-15 11:00:00+00:00,3582582.0205555554
2024-03-15 12:00:00+00:00,1838110.5152777778
2024-03-15 13:00:00+00:00,2524705.9369444447
2024-03-15 14:00:00+00:00,2997243.3466666667
2024-03-15 15:00:00+00:00,2923142.988888889
2024-03-15 16:00:00+00:00,2563772.053888889
2024-03-15 17:00:00+00:00,2341652.407222222
2024-03-15 18:00:00+00:00,1792103.9075
2024-03-15 19:00:00+00:00,1401843.1763888889
2024-03-15 20:00:00+00:00,1280281.8541666667
2024-03-15 21:00:00+00:00,1385980.6988888888
2024-03-15 22:00:00+00:00,726659.3591666666
2024-03-15 23:00:00+00:00,1061026.403888889
2024-03-16 00:00:00+00:00,1012554.5216666666
2024-03-16 01:00:00+00:00,273044.61083333334
2024-03-16 02:00:00+00:00,322491.06888888887
2024-03-16 03:00:00+00:00,112038.82861111111
2024-03-16 04:00:00+00:00,161102.6338888889
2024-03-16 05:00:00+00:00,175428.9675
2024-03-16 06:00:00+00:00,338697.1036111111
2024-03-16 07:00:00+00:00,356209.2888888889
2024-03-16 08:00:00+00:00,616903.8080555556
2024-03-16 09:00:00+00:00,690898.8119444444
2024-03-16 10:00:00+00:00,726365.8122222222
2024-03-16 11:00:00+00:00,906045.4825
2024-03-16 12:00:00+00:00,2848284.1227777777
2024-03-16 13:00:00+00:00,846829.3672222223
2024-03-16 14:00:00+00:00,1955374.818888889
2024-03-16 15:00:00+00:00,952384.365
2024-03-16 16:00:00+00:00,825499.9541666667
2024-03-16 17:00:00+00:00,945539.0141666667
2024-03-16 18:00:00+00:00,2848646.2125
2024-03-16 19:00:00+00:00,1369828.4002777778
2024-03-16 20:00:00+00:00,1182683.4922222223
2024-03-16 21:00:00+00:00,2308511.506111111
2024-03-16 22:00:00+00:00,1044505.1502777778
2024-03-16 23:00:00+00:00,667928.6919444444
2024-03-17 00:00:00+00:00,440311.7263888889
2024-03-17 01:00:00+00:00,153794.01916666667
2024-03-17 02:00:00+00:00,116827.52027777777
2024-03-17 03:00:00+00:00,98861.60361111112
2024-03-17 04:00:00+00:00,63504.794444444444
2024-03-17 05:00:00+00:00,221478.55916666667
2024-03-17 06:00:00+00:00,930749.4075
2024-03-17 07:00:00+00:00,1738265.2905555556
2024-03-17 08:00:00+00:00,378690.52805555554
2024-03-17 09:00:00+00:00,544558.7233333334
2024-03-17 10:00:00+00:00,510999.8197222222
2024-03-17 11:00:00+00:00,978013.4566666667
2024-03-17 12:00:00+00:00,2302168.4019444445
2024-03-17 13:00:00+00:00,838989.0738888889
2024-03-17 14:00:00+00:00,1779934.3069444445
2024-03-17 15:00:00+00:00,743517.1269444445
2024-03-17 16:00:00+00:00,1188731.7327777778
2024-03-17 17:00:00+00:00,1122105.3594444445
2024-03-17 18:00:00+00:00,2129085.0341666667
2024-03-17 19:00:00+00:00,2077060.9166666667
2024-03-17 20:00:00+00:00,2749771.7436111113
2024-03-17 21:00:00+00:00,2016100.3983333334
2024-03-17 22:00:00+00:00,2125883.6027777777
2024-03-17 23:00:00+00:00,1032396.3583333333
2024-03-18 00:00:00+00:00,7325071.756388889
2024-03-18 01:00:00+00:00,1926017.6725
2024-03-18 02:00:00+00:00,204013.60527777777
2024-03-18 03:00:00+00:00,148760.1563888889
2024-03-18 04:00:00+00:00,333277.9691666667
2024-03-18 05:00:00+00:00,668751.6616666666
2024-03-18 06:00:00+00:00,1020793.3061111111
2024-03-18 07:00:00+00:00,2108677.1766666668
2024-03-18 08:00:00+00:00,1550876.2286111112
2024-03-18 09:00:00+00:00,1559352.5597222222
2024-03-18 10:00:00+00:00,1678834.3833333333
2024-03-18 11:00:00+00:00,1356352.0938888888
2024-03-18 12:00:00+00:00,1739135.3755555556
2024-03-18 13:00:00+00:00,1992308.766111111
2024-03-18 14:00:00+00:00,1482623.8858333332
2024-03-18 15:00:00+00:00,1887575.8202777777
2024-03-18 16:00:00+00:00,2605258.115
2024-03-18 17:00:00+00:00,2798907.8716666666
2024-03-18 18:00:00+00:00,1792025.6416666666
2024-03-18 19:00:00+00:00,2123434.763333333
2024-03-18 20:00:00+00:00,2142574.7527777776
2024-03-18 21:00:00+00:00,1669808.9752777778
2024-03-18 22:00:00+00:00,2413009.2530555557
2024-03-18 23:00:00+00:00,1617245.8538888888
2024-03-19 00:00:00+00:00,395466.0511111111
2024-03-19 01:00:00+00:00,226583.40166666667
2024-03-19 02:00:00+00:00,193969.5872222222
2024-03-19 03:00:00+00:00,132001.30194444445
2024-03-19 04:00:00+00:00,312260.2702777778
2024-03-19 05:00:00+00:00,857548.1663888888
2024-03-19 06:00:00+00:00,1668509.3038888888
2024-03-19 07:00:00+00:00,2454501.4591666665
2024-03-19 08:00:00+00:00,2441830.0852777776
2024-03-19 09:00:00+00:00,2362726.6175
2024-03-19 10:00:00+00:00,2868167.0255555557
2024-03-19 11:00:00+00:00,2640746.505
2024-03-19 12:00:00+00:00,2145021.424722222
2024-03-19 13:00:00+00:00,1853949.2933333332
2024-03-19 14:00:00+00:00,2168476.4380555553
2024-03-19 15:00:00+00:00,1905363.0975
2024-03-19 16:00:00+00:00,3435544.1483333334
2024-03-19 17:00:00+00:00,2502034.819722222
2024-03-19 18:00:00+00:00,3578140.9905555556
2024-03-19 19:00:00+00:00,3117469.451388889
2024-03-19 20:00:00+00:00,2203706.879166667
2024-03-19 21:00:00+00:00,1496907.1125
2024-03-19 22:00:00+00:00,1148272.9727777778
2024-03-19 23:00:00+00:00,339306.4302777778
2024-03-20 00:00:00+00:00,245643.8097222222
2024-03-20 01:00:00+00:00,157544.64583333334
2024-03-20 02:00:00+00:00,233756.59694444443
2024-03-20 03:00:00+00:00,172419.29555555555
2024-03-20 04:00:00+00:00,488599.12305555557
2024-03-20 05:00:00+00:00,892478.0594444445
2024-03-20 06:00:00+00:00,1589075.7180555556
2024-03-20 07:00:00+00:00,2394808.237222222
2024-03-20 08:00:00+00:00,2051746.7938888888
2024-03-20 09:00:00+00:00,3663185.992777778
2024-03-20 10:00:00+00:00,1602115.5611111112
2024-03-20 11:00:00+00:00,2830569.1938888887
2024-03-20 12:00:00+00:00,1975174.7586111112
2024-03-20 13:00:00+00:00,1637329.3330555556
2024-03-20 14:00:00+00:00,1418783.7069444444
2024-03-20 15:00:00+00:00,2514823.4044444445
2024-03-20 16:00:00+00:00,1694928.7522222223
2024-03-20 17:00:00+00:00,1805975.7641666667
2024-03-20 18:00:00+00:00,1976520.0911111112
2024-03-20 19:00:00+00:00,2403459.3425
2024-03-20 20:00:00+00:00,1588375.2161111112
2024-03-20 21:00:00+00:00,1441701.523611111
2024-03-20 22:00:00+00:00,979856.265
2024-03-20 23:00:00+00:00,1009994.5563888889
2024-03-21 00:00:00+00:00,1382283.4425
2024-03-21 01:00:00+00:00,389955.3308333333
2024-03-21 02:00:00+00:00,318839.5202777778
2024-03-21 03:00:00+00:00,94669.23555555556
2024-03-21 04:00:00+00:00,837857.5330555555
2024-03-21 05:00:00+00:00,934205.9452777777
2024-03-21 06:00:00+00:00,3472162.904166667
2024-03-21 07:00:00+00:00,1509606.8244444444
2024-03-21 08:00:00+00:00,1252246.9913888888
2024-03-21 09:00:00+00:00,1305404.1697222223
2024-03-21 10:00:00+00:00,1475942.0241666667
2024-03-21 11:00:00+00:00,2922069.8772222223
2024-03-21 12:00:00+00:00,1601542.4216666666
2024-03-21 13:00:00+00:00,1571121.9766666666
2024-03-21 14:00:00+00:00,1276140.4352777777
2024-03-21 15:00:00+00:00,1590026.098888889
2024-03-21 16:00:00+00:00,1345977.3755555556
2024-03-21 17:00:00+00:00,1971448.493888889
2024-03-21 18:00:00+00:00,2417289.438611111
2024-03-21 19:00:00+00:00,2135223.2472222224
2024-03-21 20:00:00+00:00,2106254.473888889
2024-03-21 21:00:00+00:00,1950044.3313888889
2024-03-21 22:00:00+00:00,1110692.8672222223
2024-03-21 23:00:00+00:00,883254.4602777777
2024-03-22 00:00:00+00:00,473174.0711111111
2024-03-22 01:00:00+00:00,190279.43305555556
2024-03-22 02:00:00+00:00,178947.88861111112
2024-03-22 03:00:00+00:00,160870.72166666668
2024-03-22 04:00:00+00:00,1088999.9791666667
2024-03-22 05:00:00+00:00,1688766.6044444444
2024-03-22 06:00:00+00:00,1953112.546388889
2024-03-22 07:00:00+00:00,1876843.5969444443
2024-03-22 08:00:00+00:00,2575128.839166667
2024-03-22 09:00:00+00:00,2200176.063888889
2024-03-22 10:00:00+00:00,2145189.601388889
2024-03-22 11:00:00+00:00,2399697.717777778
2024-03-22 12:00:00+00:00,1969023.3480555555
2024-03-22 13:00:00+00:00,1864365.8616666666
2024-03-22 14:00:00+00:00,601096.9286111111
2024-03-22 15:00:00+00:00,797603.8594444444
2024-03-22 16:00:00+00:00,767828.9411111111
2024-03-22 17:00:00+00:00,743901.2202777778
2024-03-22 18:00:00+00:00,740512.3058333333
2024-03-22 19:00:00+00:00,857079.1763888889
2024-03-22 20:00:00+00:00,649531.7311111111
2024-03-22 21:00:00+00:00,657501.5011111111
2024-03-22 22:00:00+00:00,434514.90527777775
2024-03-22 23:00:00+00:00,302387.28833333333
2024-03-23 00:00:00+00:00,512363.4736111111
2024-03-23 01:00:00+00:00,116585.24666666667
2024-03-23 02:00:00+00:00,85272.8925
2024-03-23 03:00:00+00:00,75886.01527777778
2024-03-23 04:00:00+00:00,84022.66416666667
2024-03-23 05:00:00+00:00,158085.88722222223
2024-03-23 06:00:00+00:00,451081.40472222224
2024-03-23 07:00:00+00:00,689697.3494444444
2024-03-23 08:00:00+00:00,507503.1666666667
2024-03-23 09:00:00+00:00,375637.1586111111
2024-03-23 10:00:00+00:00,807983.8586111111
2024-03-23 11:00:00+00:00,759555.4952777778
2024-03-23 12:00:00+00:00,830233.9827777778
2024-03-23 13:00:00+00:00,1359034.17
2024-03-23 14:00:00+00:00,964580.37
2024-03-23 15:00:00+00:00,1064708.1080555555
2024-03-23 16:00:00+00:00,431822.1202777778
2024-03-23 17:00:00+00:00,385188.4725
2024-03-23 18:00:00+00:00,553309.9394444445
2024-03-23 19:00:00+00:00,909127.8763888889
2024-03-23 20:00:00+00:00,610852.7222222222
2024-03-23 21:00:00+00:00,688900.5491666667
2024-03-23 22:00:00+00:00,348267.51472222223
2024-03-23 23:00:00+00:00,380501.7261111111
2024-03-24 00:00:00+00:00,159520.8502777778
2024-03-24 01:00:00+00:00,198916.40666666668
2024-03-24 02:00:00+00:00,74163.41916666667
2024-03-24 03:00:00+00:00,87337.61944444444
2024-03-24 04:00:00+00:00,107658.63666666667
2024-03-24 05:00:00+00:00,98364.35305555556
2024-03-24 06:00:00+00:00,96016.64055555555
2024-03-24 07:00:00+00:00,243971.9972222222
2024-03-24 08:00:00+00:00,320611.97944444447
2024-03-24 09:00:00+00:00,357662.7711111111
2024-03-24 10:00:00+00:00,418923.66527777776
2024-03-24 11:00:00+00:00,553791.3258333333
2024-03-24 12:00:00+00:00,470825.3044444444
2024-03-24 13:00:00+00:00,552915.4316666666
2024-03-24 14:00:00+00:00,347825.71194444445
2024-03-24 15:00:00+00:00,515958.4238888889
2024-03-24 16:00:00+00:00,553962.5847222222
2024-03-24 17:00:00+00:00,280717.80805555556
2024-03-24 18:00:00+00:00,800197.1958333333
2024-03-24 19:00:00+00:00,891413.9108333334
2024-03-24 20:00:00+00:00,782685.7466666667
2024-03-24 21:00:00+00:00,727347.3944444444
2024-03-24 22:00:00+00:00,611572.8105555555
2024-03-24 23:00:00+00:00,423562.49361111113
2024-03-25 00:00:00+00:00,253005.5272222222
2024-03-25 01:00:00+00:00,278073.36027777777
2024-03-25 02:00:00+00:00,194916.45777777777
2024-03-25 03:00:00+00:00,102141.32277777778
2024-03-25 04:00:00+00:00,168973.95777777777
2024-03-25 05:00:00+00:00,464852.55611111113
2024-03-25 06:00:00+00:00,1369428.0691666666
2024-03-25 07:00:00+00:00,977828.1616666666
2024-03-25 08:00:00+00:00,1339130.4930555555
2024-03-25 09:00:00+00:00,861675.0247222222
2024-03-25 10:00:00+00:00,1489548.5472222222
2024-03-25 11:00:00+00:00,1403875.4441666666
2024-03-25 12:00:00+00:00,869378.3177777778
2024-03-25 13:00:00+00:00,849216.9825
2024-03-25 14:00:00+00:00,1412939.8036111111
2024-03-25 15:00:00+00:00,1442541.7291666667
2024-03-25 16:00:00+00:00,1568480.513888889
2024-03-25 17:00:00+00:00,1811471.4577777777
2024-03-25 18:00:00+00:00,1365213.3375
2024-03-25 19:00:00+00:00,1158104.2533333334
2024-03-25 20:00:00+00:00,1703058.5205555556
2024-03-25 21:00:00+00:00,2219233.311388889
2024-03-25 22:00:00+00:00,1630420.2555555555
2024-03-25 23:00:00+00:00,351806.27472222224
2024-03-26 00:00:00+00:00,289186.09944444447
2024-03-26 01:00:00+00:00,241359.52555555556
2024-03-26 02:00:00+00:00,157049.12166666667
2024-03-26 03:00:00+00:00,246626.30277777778
2024-03-26 04:00:00+00:00,367722.64666666667
2024-03-26 05:00:00+00:00,702208.6427777777
2024-03-26 06:00:00+00:00,2048312.7722222223
2024-03-26 07:00:00+00:00,1987550.016388889
2024-03-26 08:00:00+00:00,1907041.7975
2024-03-26 09:00:00+00:00,1939824.53
2024-03-26 10:00:00+00:00,2384413.7475
2024-03-26 11:00:00+00:00,2594514.9433333334
2024-03-26 12:00:00+00:00,2647128.696666667
2024-03-26 13:00:00+00:00,2286419.473333333
2024-03-26 14:00:00+00:00,2086855.0830555556
2024-03-26 15:00:00+00:00,2570132.2733333334
2024-03-26 16:00:00+00:00,2441770.5397222224
2024-03-26 17:00:00+00:00,3875766.890277778
2024-03-26 18:00:00+00:00,6666282.6086111115
2024-03-26 19:00:00+00:00,2916467.9633333334
2024-03-26 20:00:00+00:00,2259951.299166667
2024-03-26 21:00:00+00:00,1720637.4036111112
2024-03-26 22:00:00+00:00,943466.1633333333
2024-03-26 23:00:00+00:00,932458.1558333334
2024-03-27 00:00:00+00:00,431874.9058333333
2024-03-27 01:00:00+00:00,1489500.5166666666
2024-03-27 02:00:00+00:00,183774.21055555556
2024-03-27 03:00:00+00:00,199227.00861111112
2024-03-27 04:00:00+00:00,296383.97694444447
2024-03-27 05:00:00+00:00,1166753.2358333333
2024-03-27 06:00:00+00:00,1967069.651111111
2024-03-27 07:00:00+00:00,2205387.6991666667
2024-03-27 08:00:00+00:00,2957625.257777778
2024-03-27 09:00:00+00:00,2617313.385277778
2024-03-27 10:00:00+00:00,1718340.4325
2024-03-27 11:00:00+00:00,2664692.695
2024-03-27 12:00:00+00:00,4201011.335555555
2024-03-27 13:00:00+00:00,2720896.6288888888
2024-03-27 14:00:00+00:00,2164630.097222222
2024-03-27 15:00:00+00:00,2311753.451388889
2024-03-27 16:00:00+00:00,2381439.137222222
2024-03-27 17:00:00+00:00,2020548.79
2024-03-27 18:00:00+00:00,1972242.0027777778
2024-03-27 19:00:00+00:00,3999750.589722222
2024-03-27 20:00:00+00:00,1567623.8916666666
2024-03-27 21:00:00+00:00,1102868.913888889
2024-03-27 22:00:00+00:00,812176.9027777778
2024-03-27 23:00:00+00:00,561880.7891666667
2024-03-28 00:00:00+00:00,251845.4261111111
2024-03-28 01:00:00+00:00,197669.38055555554
2024-03-28 02:00:00+00:00,146847.87416666668
2024-03-28 03:00:00+00:00,132528.07861111112
2024-03-28 04:00:00+00:00,415130.2727777778
2024-03-28 05:00:00+00:00,604300.9011111112
2024-03-28 06:00:00+00:00,1126930.4858333333
2024-03-28 07:00:00+00:00,1898767.7108333334
2024-03-28 08:00:00+00:00,2411927.4930555555
2024-03-28 09:00:00+00:00,2967721.0275
2024-03-28 10:00:00+00:00,2323605.9997222223
2024-03-28 11:00:00+00:00,1761571.4397222223
2024-03-28 12:00:00+00:00,2344407.0369444443
2024-03-28 13:00:00+00:00,2094326.951111111
2024-03-28 14:00:00+00:00,1489944.5508333333
2024-03-28 15:00:00+00:00,1447681.4447222222
2024-03-28 16:00:00+00:00,1333578.151111111
2024-03-28 17:00:00+00:00,668527.395
2024-03-28 18:00:00+00:00,1405428.1291666667
2024-03-28 19:00:00+00:00,864388.0875
2024-03-28 20:00:00+00:00,927459.5816666667
2024-03-28 21:00:00+00:00,981759.2208333333
2024-03-28 22:00:00+00:00,758284.0697222222
2024-03-28 23:00:00+00:00,421160.61555555556
2024-03-29 00:00:00+00:00,414074.92305555556
2024-03-29 01:00:00+00:00,295099.0316666667
2024-03-29 02:00:00+00:00,294382.55916666664
2024-03-29 03:00:00+00:00,94915.55333333333
2024-03-29 04:00:00+00:00,196991.45972222224
2024-03-29 05:00:00+00:00,268288.4505555556
2024-03-29 06:00:00+00:00,345935.74888888886
2024-03-29 07:00:00+00:00,330052.94916666666
2024-03-29 08:00:00+00:00,679681.9652777778
2024-03-29 09:00:00+00:00,681864.8041666667
2024-03-29 10:00:00+00:00,562475.2594444444
2024-03-29 11:00:00+00:00,651097.8655555556
2024-03-29 12:00:00+00:00,1166049.651111111
2024-03-29 13:00:00+00:00,893254.8425
2024-03-29 14:00:00+00:00,1967602.1472222223
2024-03-29 15:00:00+00:00,810210.1772222222
2024-03-29 16:00:00+00:00,422977.3725
2024-03-29 17:00:00+00:00,856736.7916666666
2024-03-29 18:00:00+00:00,452066.8538888889
2024-03-29 19:00:00+00:00,372141.02305555553
2024-03-29 20:00:00+00:00,644272.1669444444
2024-03-29 21:00:00+00:00,332680.8019444444
2024-03-29 22:00:00+00:00,169106.995
2024-03-29 23:00:00+00:00,416307.9347222222
2024-03-30 00:00:00+00:00,209134.48388888888
2024-03-30 01:00:00+00:00,102864.81833333333
2024-03-30 02:00:00+00:00,144134.8488888889
2024-03-30 03:00:00+00:00,57214.58416666667
2024-03-30 04:00:00+00:00,56216.20166666667
2024-03-30 05:00:00+00:00,92023.78611111111
2024-03-30 06:00:00+00:00,94084.72694444444
2024-03-30 07:00:00+00:00,223168.00972222222
2024-03-30 08:00:00+00:00,208479.1136111111
2024-03-30 09:00:00+00:00,175707.2811111111
2024-03-30 10:00:00+00:00,359321.77777777775
2024-03-30 11:00:00+00:00,494146.9008333333
2024-03-30 12:00:00+00:00,530473.9230555556
2024-03-30 13:00:00+00:00,516054.6036111111
2024-03-30 14:00:00+00:00,301329.8258333333
2024-03-30 15:00:00+00:00,289883.95222222223
2024-03-30 16:00:00+00:00,508389.49083333334
2024-03-30 17:00:00+00:00,224230.905
2024-03-30 18:00:00+00:00,465233.23083333333
2024-03-30 19:00:00+00:00,720842.5227777777
2024-03-30 20:00:00+00:00,409596.1763888889
2024-03-30 21:00:00+00:00,1470402.3752777777
2024-03-30 22:00:00+00:00,272463.19083333336
2024-03-30 23:00:00+00:00,183235.6525
2024-03-31 00:00:00+00:00,135572.96055555556
2024-03-31 01:00:00+00:00,95484.55
2024-03-31 02:00:00+00:00,45329.967777777776
2024-03-31 03:00:00+00:00,181416.19472222222
2024-03-31 04:00:00+00:00,92623.26277777778
2024-03-31 05:00:00+00:00,97275.14805555556
2024-03-31 06:00:00+00:00,294164.8636111111
2024-03-31 07:00:00+00:00,164666.91333333333
2024-03-31 08:00:00+00:00,944840.545
2024-03-31 09:00:00+00:00,363264.64222222223
2024-03-31 10:00:00+00:00,238254.7086111111
2024-03-31 11:00:00+00:00,469246.9472222222
2024-03-31 12:00:00+00:00,703792.9852777778
2024-03-31 13:00:00+00:00,530127.7061111111
2024-03-31 14:00:00+00:00,593789.5108333334
2024-03-31 15:00:00+00:00,1045007.3341666666
2024-03-31 16:00:00+00:00,542550.2491666666
2024-03-31 17:00:00+00:00,676500.1394444444
2024-03-31 18:00:00+00:00,589808.0152777778
2024-03-31 19:00:00+00:00,405551.1088888889
2024-03-31 20:00:00+00:00,517319.54583333334
2024-03-31 21:00:00+00:00,418759.96972222225
2024-03-31 22:00:00+00:00,320944.2680555555
2024-03-31 23:00:00+00:00,1041750.6577777778
2024-04-01 00:00:00+00:00,264655.9866666667
2024-04-01 01:00:00+00:00,211392.63083333333
2024-04-01 02:00:00+00:00,219601.32666666666
2024-04-01 03:00:00+00:00,67364.10416666667
2024-04-01 04:00:00+00:00,121881.91972222223
2024-04-01 05:00:00+00:00,103699.4625
2024-04-01 06:00:00+00:00,272699.9475
2024-04-01 07:00:00+00:00,186242.18333333332
2024-04-01 08:00:00+00:00,245452.96333333335
2024-04-01 09:00:00+00:00,796216.1744444445
2024-04-01 10:00:00+00:00,699146.6244444444
2024-04-01 11:00:00+00:00,780021.9075
2024-04-01 12:00:00+00:00,584916.8238888889
2024-04-01 13:00:00+00:00,685832.9305555555
2024-04-01 14:00:00+00:00,1745336.005
2024-04-01 15:00:00+00:00,1861195.8402777778
2024-04-01 16:00:00+00:00,1080323.2266666666
2024-04-01 17:00:00+00:00,1911056.6238888889
2024-04-01 18:00:00+00:00,1398396.7827777779
2024-04-01 19:00:00+00:00,1615342.5847222223
2024-04-01 20:00:00+00:00,2400632.7475
2024-04-01 21:00:00+00:00,619740.5925
2024-04-01 22:00:00+00:00,212598.16666666666
2024-04-01 23:00:00+00:00,283207.5705555556
2024-04-02 00:00:00+00:00,303480.1575
2024-04-02 01:00:00+00:00,242331.90055555556
2024-04-02 02:00:00+00:00,1842727.1525
2024-04-02 03:00:00+00:00,960205.2166666667
2024-04-02 04:00:00+00:00,1918791.2991666666
2024-04-02 05:00:00+00:00,1870171.5427777779
2024-04-02 06:00:00+00:00,1485468.308611111
2024-04-02 07:00:00+00:00,4098510.8041666667
2024-04-02 08:00:00+00:00,1566901.8266666667
2024-04-02 09:00:00+00:00,1933322.3755555556
2024-04-02 10:00:00+00:00,1667143.8305555556
2024-04-02 11:00:00+00:00,2630747.6677777776
2024-04-02 12:00:00+00:00,1822654.7413888888
2024-04-02 13:00:00+00:00,1871027.740277778
2024-04-02 14:00:00+00:00,1388763.1747222221
2024-04-02 15:00:00+00:00,1379668.8183333334
2024-04-02 16:00:00+00:00,1106844.7022222222
2024-04-02 17:00:00+00:00,1440376.9608333334
2024-04-02 18:00:00+00:00,1218388.1072222223
2024-04-02 19:00:00+00:00,1544588.2311111111
2024-04-02 20:00:00+00:00,1177041.9266666668
2024-04-02 21:00:00+00:00,525753.6836111111
2024-04-02 22:00:00+00:00,518246.16305555555
2024-04-02 23:00:00+00:00,337118.83
2024-04-03 00:00:00+00:00,184971.22583333333
2024-04-03 01:00:00+00:00,133399.38722222223
2024-04-03 02:00:00+00:00,267983.82722222223
2024-04-03 03:00:00+00:00,808733.4755555555
2024-04-03 04:00:00+00:00,1746017.677777778
2024-04-03 05:00:00+00:00,1926047.9919444444
2024-04-03 06:00:00+00:00,1794417.8419444445
2024-04-03 07:00:00+00:00,2095521.9297222223
2024-04-03 08:00:00+00:00,2400346.6133333333
2024-04-03 09:00:00+00:00,2239913.9633333334
2024-04-03 10:00:00+00:00,1739020.2808333333
2024-04-03 11:00:00+00:00,1500985.243611111
2024-04-03 12:00:00+00:00,1395617.191388889
2024-04-03 13:00:00+00:00,2286611.1805555555
2024-04-03 14:00:00+00:00,2098637.8719444443
2024-04-03 15:00:00+00:00,1446083.6258333332
2024-04-03 16:00:00+00:00,2244090.1302777776
2024-04-03 17:00:00+00:00,2212064.8425
2024-04-03 18:00:00+00:00,1976710.2216666667
2024-04-03 19:00:00+00:00,2128306.1241666665
2024-04-03 20:00:00+00:00,1513034.2208333334
2024-04-03 21:00:00+00:00,862797.7225
2024-04-03 22:00:00+00:00,752146.8322222222
2024-04-03 23:00:00+00:00,573494.4344444445
2024-04-04 00:00:00+00:00,393724.2572222222
2024-04-04 01:00:00+00:00,398201.7813888889
2024-04-04 02:00:00+00:00,379924.36916666664
2024-04-04 03:00:00+00:00,781891.9702777778
2024-04-04 04:00:00+00:00,907513.2619444445
2024-04-04 05:00:00+00:00,1794137.6447222221
2024-04-04 06:00:00+00:00,1643689.5713888889
2024-04-04 07:00:00+00:00,2249525.1330555556
2024-04-04 08:00:00+00:00,2035311.9694444444
2024-04-04 09:00:00+00:00,2433718.8041666667
2024-04-04 10:00:00+00:00,4089388.9975
2024-04-04 11:00:00+00:00,1732187.3936111112
2024-04-04 12:00:00+00:00,1386078.9933333334
2024-04-04 13:00:00+00:00,1464867.1825
2024-04-04 14:00:00+00:00,1076116.7941666667
2024-04-04 15:00:00+00:00,1570664.226388889
2024-04-04 16:00:00+00:00,2519396.483611111
2024-04-04 17:00:00+00:00,3303997.3619444445
2024-04-04 18:00:00+00:00,2026562.8169444446
2024-04-04 19:00:00+00:00,1546793.5011111111
2024-04-04 20:00:00+00:00,770834.4002777778
2024-04-04 21:00:00+00:00,2019730.5066666666
2024-04-04 22:00:00+00:00,982599.745
2024-04-04 23:00:00+00:00,304443.61555555556
2024-04-05 00:00:00+00:00,276671.87083333335
2024-04-05 01:00:00+00:00,222151.0038888889
2024-04-05 02:00:00+00:00,303880.2011111111
2024-04-05 03:00:00+00:00,6065938.526111111
2024-04-05 04:00:00+00:00,1344108.7391666668
2024-04-05 05:00:00+00:00,2047006.2772222222
2024-04-05 06:00:00+00:00,2733152.671111111
2024-04-05 07:00:00+00:00,1491899.59
2024-04-05 08:00:00+00:00,3396248.163611111
2024-04-05 09:00:00+00:00,2874385.3219444444
2024-04-05 10:00:00+00:00,3430334.3930555554
2024-04-05 11:00:00+00:00,2772004.634722222
2024-04-05 12:00:00+00:00,2021601.6238888889
2024-04-05 13:00:00+00:00,1288644.1255555556
2024-04-05 14:00:00+00:00,1463474.7069444444
2024-04-05 15:00:00+00:00,1382258.943611111
2024-04-05 16:00:00+00:00,1474017.9433333334
2024-04-05 17:00:00+00:00,1764617.8891666667
2024-04-05 18:00:00+00:00,1437783.7425
2024-04-05 19:00:00+00:00,1257003.2955555555
2024-04-05 20:00:00+00:00,861576.6586111111
2024-04-05 21:00:00+00:00,602141.3647222222
2024-04-05 22:00:00+00:00,472337.8069444444
2024-04-05 23:00:00+00:00,573392.3458333333
2024-04-06 00:00:00+00:00,436741.8172222222
2024-04-06 01:00:00+00:00,323295.18055555556
2024-04-06 02:00:00+00:00,237290.1288888889
2024-04-06 03:00:00+00:00,477790.0027777778
2024-04-06 04:00:00+00:00,547345.2933333333
2024-04-06 05:00:00+00:00,1014752.9822222223
2024-04-06 06:00:00+00:00,869614.6444444444
2024-04-06 07:00:00+00:00,1173240.6761111112
2024-04-06 08:00:00+00:00,2379920.135277778
2024-04-06 09:00:00+00:00,697091.9755555555
2024-04-06 10:00:00+00:00,807871.0222222222
2024-04-06 11:00:00+00:00,953251.3997222222
2024-04-06 12:00:00+00:00,400127.4972222222
2024-04-06 13:00:00+00:00,1114350.5911111112
2024-04-06 14:00:00+00:00,2250215.870833333
2024-04-06 15:00:00+00:00,1438376.3322222221
2024-04-06 16:00:00+00:00,490878.07666666666
2024-04-06 17:00:00+00:00,843780.5419444444
2024-04-06 18:00:00+00:00,580647.8502777778
2024-04-06 19:00:00+00:00,444203.4472222222
2024-04-06 20:00:00+00:00,358794.10305555555
2024-04-06 21:00:00+00:00,412438.34972222225
2024-04-06 22:00:00+00:00,831228.3444444444
2024-04-06 23:00:00+00:00,293750.50194444443
2024-04-07 00:00:00+00:00,120606.18333333333
2024-04-07 01:00:00+00:00,260583.36055555556
2024-04-07 02:00:00+00:00,110117.89333333333
2024-04-07 03:00:00+00:00,167741.44333333333
2024-04-07 04:00:00+00:00,222286.88083333333
2024-04-07 05:00:00+00:00,311837.14694444445
2024-04-07 06:00:00+00:00,431361.39444444445
2024-04-07 07:00:00+00:00,298049.9613888889
2024-04-07 08:00:00+00:00,681541.3652777778
2024-04-07 09:00:00+00:00,516346.0513888889
2024-04-07 10:00:00+00:00,379757.7394444444
2024-04-07 11:00:00+00:00,427750.7572222222
2024-04-07 12:00:00+00:00,1067899.7147222222
2024-04-07 13:00:00+00:00,385065.1788888889
2024-04-07 14:00:00+00:00,653457.2444444444
2024-04-07 15:00:00+00:00,1069177.135
2024-04-07 16:00:00+00:00,1165991.4997222223
2024-04-07 17:00:00+00:00,1275327.5113888888
2024-04-07 18:00:00+00:00,1693914.9022222222
2024-04-07 19:00:00+00:00,982494.9505555555
2024-04-07 20:00:00+00:00,560138.3958333334
2024-04-07 21:00:00+00:00,546744.7708333334
2024-04-07 22:00:00+00:00,1294639.71
2024-04-07 23:00:00+00:00,733986.0313888888
2024-04-08 00:00:00+00:00,334725.5763888889
2024-04-08 01:00:00+00:00,162859.7425
2024-04-08 02:00:00+00:00,316628.07944444445
2024-04-08 03:00:00+00:00,445900.61083333334
2024-04-08 04:00:00+00:00,708709.0866666667
2024-04-08 05:00:00+00:00,834418.5219444444
2024-04-08 06:00:00+00:00,2187108.4322222224
2024-04-08 07:00:00+00:00,1290999.1280555555
2024-04-08 08:00:00+00:00,1175750.1783333332
2024-04-08 09:00:00+00:00,937056.3222222222
2024-04-08 10:00:00+00:00,1476378.8033333332
2024-04-08 11:00:00+00:00,1532514.6052777779
2024-04-08 12:00:00+00:00,1447800.6422222222
2024-04-08 13:00:00+00:00,1531961.4766666666
2024-04-08 14:00:00+00:00,1547522.3194444445
2024-04-08 15:00:00+00:00,1596084.5402777777
2024-04-08 16:00:00+00:00,975551.3594444444
2024-04-08 17:00:00+00:00,961561.4883333333
2024-04-08 18:00:00+00:00,874123.1813888889
2024-04-08 19:00:00+00:00,889725.5630555556
2024-04-08 20:00:00+00:00,799388.7005555555
2024-04-08 21:00:00+00:00,427586.3677777778
2024-04-08 22:00:00+00:00,224830.36833333335
2024-04-08 23:00:00+00:00,161627.6602777778
2024-04-09 00:00:00+00:00,119912.025
2024-04-09 01:00:00+00:00,120629.05777777778
2024-04-09 02:00:00+00:00,328227.0225
2024-04-09 03:00:00+00:00,447620.95166666666
2024-04-09 04:00:00+00:00,980240.1677777778
2024-04-09 05:00:00+00:00,1080875.6236111112
2024-04-09 06:00:00+00:00,1426041.175
2024-04-09 07:00:00+00:00,2592088.3219444444
2024-04-09 08:00:00+00:00,1689802.3313888889
2024-04-09 09:00:00+00:00,2081245.1363888888
2024-04-09 10:00:00+00:00,3447366.4977777777
2024-04-09 11:00:00+00:00,2398079.1616666666
2024-04-09 12:00:00+00:00,1750043.6202777778
2024-04-09 13:00:00+00:00,2338210.201388889
2024-04-09 14:00:00+00:00,1721537.1655555556
2024-04-09 15:00:00+00:00,1688716.838611111
2024-04-09 16:00:00+00:00,2154713.936388889
2024-04-09 17:00:00+00:00,1968014.6097222222
2024-04-09 18:00:00+00:00,1504666.6566666667
2024-04-09 19:00:00+00:00,1366867.0394444445
2024-04-09 20:00:00+00:00,475565.2388888889
2024-04-09 21:00:00+00:00,473137.2911111111
2024-04-09 22:00:00+00:00,362510.7397222222
2024-04-09 23:00:00+00:00,174179.96944444443
2024-04-10 00:00:00+00:00,165641.36944444446
2024-04-10 01:00:00+00:00,121802.3711111111
2024-04-10 02:00:00+00:00,275151.02444444445
2024-04-10 03:00:00+00:00,608522.8913888889
2024-04-10 04:00:00+00:00,1114207.0727777777
2024-04-10 05:00:00+00:00,1493617.759722222
2024-04-10 06:00:00+00:00,1586585.003611111
2024-04-10 07:00:00+00:00,2211351.408333333
2024-04-10 08:00:00+00:00,1747623.6144444444
2024-04-10 09:00:00+00:00,3207284.887222222
2024-04-10 10:00:00+00:00,1939914.2858333334
2024-04-10 11:00:00+00:00,1258523.7627777779
2024-04-10 12:00:00+00:00,1916070.4458333333
2024-04-10 13:00:00+00:00,849013.3980555555
2024-04-10 14:00:00+00:00,1318599.403888889
2024-04-10 15:00:00+00:00,1145303.0266666666
2024-04-10 16:00:00+00:00,1167928.7052777777
2024-04-10 17:00:00+00:00,1284240.7066666668
2024-04-10 18:00:00+00:00,2521668.0441666665
2024-04-10 19:00:00+00:00,1880677.3052777778
2024-04-10 20:00:00+00:00,1209233.2827777779
2024-04-10 21:00:00+00:00,702780.0452777778
2024-04-10 22:00:00+00:00,249827.89888888889
2024-04-10 23:00:00+00:00,254258.3063888889
2024-04-11 00:00:00+00:00,281884.1741666667
2024-04-11 01:00:00+00:00,391102.3263888889
2024-04-11 02:00:00+00:00,294221.9161111111
2024-04-11 03:00:00+00:00,609169.1961111111
2024-04-11 04:00:00+00:00,2199249.995
2024-04-11 05:00:00+00:00,1436633.7794444445
2024-04-11 06:00:00+00:00,1678974.0938888888
2024-04-11 07:00:00+00:00,1740950.1588888888
2024-04-11 08:00:00+00:00,1465304.8227777777
2024-04-11 09:00:00+00:00,1388363.006111111
2024-04-11 10:00:00+00:00,2633571.9694444444
2024-04-11 11:00:00+00:00,2544435.2472222224
2024-04-11 12:00:00+00:00,1753057.743888889
2024-04-11 13:00:00+00:00,1274273.328611111
2024-04-11 14:00:00+00:00,1244166.2175
2024-04-11 15:00:00+00:00,807550.5005555556
2024-04-11 16:00:00+00:00,905032.0386111111
2024-04-11 17:00:00+00:00,607769.29
2024-04-11 18:00:00+00:00,2062945.3052777778
2024-04-11 19:00:00+00:00,750585.1580555555
2024-04-11 20:00:00+00:00,424531.5227777778
2024-04-11 21:00:00+00:00,224906.26694444445
2024-04-11 22:00:00+00:00,158846.42638888888
2024-04-11 23:00:00+00:00,106299.18944444445
2024-04-12 00:00:00+00:00,161851.355
2024-04-12 01:00:00+00:00,78383.09194444444
2024-04-12 02:00:00+00:00,166761.1602777778
2024-04-12 03:00:00+00:00,469731.30833333335
2024-04-12 04:00:00+00:00,785965.1155555556
2024-04-12 05:00:00+00:00,1239414.4263888889
2024-04-12 06:00:00+00:00,1419410.9597222223
2024-04-12 07:00:00+00:00,1582744.3944444444
2024-04-12 08:00:00+00:00,1320904.0019444444
2024-04-12 09:00:00+00:00,1080603.5794444445
2024-04-12 10:00:00+00:00,2076388.0502777777
2024-04-12 11:00:00+00:00,5202695.210555555
2024-04-12 12:00:00+00:00,1229467.3069444445
2024-04-12 13:00:00+00:00,1039552.1641666667
2024-04-12 14:00:00+00:00,1531105.0252777778
2024-04-12 15:00:00+00:00,629475.3425
2024-04-12 16:00:00+00:00,647333.401388889
2024-04-12 17:00:00+00:00,635913.0258333334
2024-04-12 18:00:00+00:00,720318.5988888888
2024-04-12 19:00:00+00:00,771488.6744444445
2024-04-12 20:00:00+00:00,636250.9008333334
2024-04-12 21:00:00+00:00,988223.3861111111
2024-04-12 22:00:00+00:00,449526.5491666667
2024-04-12 23:00:00+00:00,353495.34055555554
2024-04-13 00:00:00+00:00,293537.4297222222
2024-04-13 01:00:00+00:00,126392.58805555555
2024-04-13 02:00:00+00:00,136298.4047222222
2024-04-13 03:00:00+00:00,141031.48
2024-04-13 04:00:00+00:00,723540.8272222222
2024-04-13 05:00:00+00:00,550122.1133333333
2024-04-13 06:00:00+00:00,887469.6747222223
2024-04-13 07:00:00+00:00,593026.2477777777
2024-04-13 08:00:00+00:00,713918.205
2024-04-13 09:00:00+00:00,580628.2327777778
2024-04-13 10:00:00+00:00,533341.8816666667
2024-04-13 11:00:00+00:00,964921.8113888889
2024-04-13 12:00:00+00:00,1419173.6591666667
2024-04-13 13:00:00+00:00,1433633.0544444444
2024-04-13 14:00:00+00:00,514745.74888888886
2024-04-13 15:00:00+00:00,2097309.759722222
2024-04-13 16:00:00+00:00,1081297.0247222222
2024-04-13 17:00:00+00:00,706921.8080555556
2024-04-13 18:00:00+00:00,954684.3202777777
2024-04-13 19:00:00+00:00,573698.3894444444
2024-04-13 20:00:00+00:00,527132.6030555556
2024-04-13 21:00:00+00:00,467755.47
2024-04-13 22:00:00+00:00,566891.5908333333
2024-04-13 23:00:00+00:00,411984.1744444444
2024-04-14 00:00:00+00:00,385235.77222222224
2024-04-14 01:00:00+00:00,121057.74055555556
2024-04-14 02:00:00+00:00,127324.41722222223
2024-04-14 03:00:00+00:00,278778.84444444446
2024-04-14 04:00:00+00:00,277221.14805555553
2024-04-14 05:00:00+00:00,415357.69194444444
2024-04-14 06:00:00+00:00,1755098.7758333334
2024-04-14 07:00:00+00:00,473677.5258333333
2024-04-14 08:00:00+00:00,1124807.9280555556
2024-04-14 09:00:00+00:00,1345281.026111111
2024-04-14 10:00:00+00:00,1416720.2722222223
2024-04-14 11:00:00+00:00,683484.2466666667
2024-04-14 12:00:00+00:00,975960.9825
2024-04-14 13:00:00+00:00,1094224.8305555556
2024-04-14 14:00:00+00:00,1175201.0311111112
2024-04-14 15:00:00+00:00,1666589.5730555556
2024-04-14 16:00:00+00:00,1282416.0983333334
2024-04-14 17:00:00+00:00,1142287.8944444444
2024-04-14 18:00:00+00:00,1702764.6652777777
2024-04-14 19:00:00+00:00,1307455.4775
2024-04-14 20:00:00+00:00,982408.6972222222
2024-04-14 21:00:00+00:00,368877.33416666667
2024-04-14 22:00:00+00:00,301130.06416666665
2024-04-14 23:00:00+00:00,1164239.1241666668
2024-04-15 00:00:00+00:00,376330.245
2024-04-15 01:00:00+00:00,617394.8097222223
2024-04-15 02:00:00+00:00,330854.2438888889
2024-04-15 03:00:00+00:00,598810.0436111111
2024-04-15 04:00:00+00:00,981221.7977777778
2024-04-15 05:00:00+00:00,1364405.4694444444
2024-04-15 06:00:00+00:00,1850718.4222222222
2024-04-15 07:00:00+00:00,1815545.1691666667
2024-04-15 08:00:00+00:00,1442101.9327777778
2024-04-15 09:00:00+00:00,2087676.4163888888
2024-04-15 10:00:00+00:00,1514893.9525
2024-04-15 11:00:00+00:00,870909.0502777778
2024-04-15 12:00:00+00:00,2074680.4677777777
2024-04-15 13:00:00+00:00,1091275.2252777778
2024-04-15 14:00:00+00:00,1637751.1905555555
2024-04-15 15:00:00+00:00,1422390.9977777777
2024-04-15 16:00:00+00:00,1087461.0480555557
2024-04-15 17:00:00+00:00,1901785.48
2024-04-15 18:00:00+00:00,1779867.263888889
2024-04-15 19:00:00+00:00,966970.4216666666
2024-04-15 20:00:00+00:00,847618.6588888889
2024-04-15 21:00:00+00:00,848801.2538888889
2024-04-15 22:00:00+00:00,348551.0805555555
2024-04-15 23:00:00+00:00,191894.93277777778
2024-04-16 00:00:00+00:00,184376.3788888889
2024-04-16 01:00:00+00:00,92849.11555555556
2024-04-16 02:00:00+00:00,301509.2658333333
2024-04-16 03:00:00+00:00,552013.3711111111
2024-04-16 04:00:00+00:00,995094.4547222222
2024-04-16 05:00:00+00:00,1327764.016388889
2024-04-16 06:00:00+00:00,1823336.4405555555
2024-04-16 07:00:00+00:00,2396709.656388889
2024-04-16 08:00:00+00:00,2259949.3180555557
2024-04-16 09:00:00+00:00,2114930.7072222224
2024-04-16 10:00:00+00:00,2943756.2575
2024-04-16 11:00:00+00:00,1212954.0941666667
2024-04-16 12:00:00+00:00,1129848.5791666666
2024-04-16 13:00:00+00:00,1188347.7086111112
2024-04-16 14:00:00+00:00,1068932.1452777777
2024-04-16 15:00:00+00:00,1087270.8963888888
2024-04-16 16:00:00+00:00,1491460.155
2024-04-16 17:00:00+00:00,1323903.8105555556
2024-04-16 18:00:00+00:00,1150701.3519444445
2024-04-16 19:00:00+00:00,1671836.0169444445
2024-04-16 20:00:00+00:00,1005028.2658333334
2024-04-16 21:00:00+00:00,979620.155
2024-04-16 22:00:00+00:00,362016.47555555555
2024-04-16 23:00:00+00:00,280759.0563888889
2024-04-17 00:00:00+00:00,124459.63388888889
2024-04-17 01:00:00+00:00,235907.67277777777
2024-04-17 02:00:00+00:00,578195.7283333334
2024-04-17 03:00:00+00:00,732761.1616666666
2024-04-17 04:00:00+00:00,1935526.4130555557
2024-04-17 05:00:00+00:00,1762560.9275
2024-04-17 06:00:00+00:00,2222527.706388889
2024-04-17 07:00:00+00:00,2403525.031388889
2024-04-17 08:00:00+00:00,1638841.1797222223
2024-04-17 09:00:00+00:00,1836336.9433333334
2024-04-17 10:00:00+00:00,2219406.573611111
2024-04-17 11:00:00+00:00,1484520.2494444444
2024-04-17 12:00:00+00:00,2739905.637777778
2024-04-17 13:00:00+00:00,3035139.804722222
2024-04-17 14:00:00+00:00,1998399.2658333334
2024-04-17 15:00:00+00:00,1064639.2130555555
2024-04-17 16:00:00+00:00,1437333.4186111111
2024-04-17 17:00:00+00:00,3293613.9225
2024-04-17 18:00:00+00:00,1548910.3236111111
2024-04-17 19:00:00+00:00,2216952.9977777777
2024-04-17 20:00:00+00:00,781162.2536111111
2024-04-17 21:00:00+00:00,758408.1025
2024-04-17 22:00:00+00:00,334036.7
2024-04-17 23:00:00+00:00,266473.9472222222
2024-04-18 00:00:00+00:00,406520.1625
2024-04-18 01:00:00+00:00,208828.84972222222
2024-04-18 02:00:00+00:00,600934.0680555556
2024-04-18 03:00:00+00:00,4314288.609444444
2024-04-18 04:00:00+00:00,5068353.316111111
2024-04-18 05:00:00+00:00,3353087.311388889
2024-04-18 06:00:00+00:00,2138682.223888889
2024-04-18 07:00:00+00:00,2601220.777222222
2024-04-18 08:00:00+00:00,1759703.6161111111
2024-04-18 09:00:00+00:00,1711692.3597222222
2024-04-18 10:00:00+00:00,2537011.015833333
2024-04-18 11:00:00+00:00,1286735.9686111112
2024-04-18 12:00:00+00:00,1640454.3033333332
2024-04-18 13:00:00+00:00,1817081.4119444445
2024-04-18 14:00:00+00:00,2804383.898888889
2024-04-18 15:00:00+00:00,1777645.181388889
2024-04-18 16:00:00+00:00,2182992.5241666664
2024-04-18 17:00:00+00:00,3487600.2058333335
2024-04-18 18:00:00+00:00,2336097.7308333335
2024-04-18 19:00:00+00:00,2512960.093611111
2024-04-18 20:00:00+00:00,775940.3241666667
2024-04-18 21:00:00+00:00,669865.8075
2024-04-18 22:00:00+00:00,391590.89444444445
2024-04-18 23:00:00+00:00,199874.045
2024-04-19 00:00:00+00:00,183330.9386111111
2024-04-19 01:00:00+00:00,300344.5811111111
2024-04-19 02:00:00+00:00,368044.12555555557
2024-04-19 03:00:00+00:00,409138.1116666667
2024-04-19 04:00:00+00:00,1437631.2677777777
2024-04-19 05:00:00+00:00,4595607.863888889
2024-04-19 06:00:00+00:00,1612621.1463888888
2024-04-19 07:00:00+00:00,1103387.5808333333
2024-04-19 08:00:00+00:00,1371655.9147222221
2024-04-19 09:00:00+00:00,964263.2322222223
2024-04-19 10:00:00+00:00,2301655.0225
2024-04-19 11:00:00+00:00,1434588.9913888888
2024-04-19 12:00:00+00:00,1506283.6525
2024-04-19 13:00:00+00:00,979451.2202777778
2024-04-19 14:00:00+00:00,976076.2366666667
2024-04-19 15:00:00+00:00,2402544.6683333335
2024-04-19 16:00:00+00:00,1489985.391388889
2024-04-19 17:00:00+00:00,766614.1833333333
2024-04-19 18:00:00+00:00,1193486.855
2024-04-19 19:00:00+00:00,1458749.0111111111
2024-04-19 20:00:00+00:00,527329.9636111112
2024-04-19 21:00:00+00:00,867263.1275
2024-04-19 22:00:00+00:00,467045.83944444446
2024-04-19 23:00:00+00:00,286642.63166666665
2024-04-20 00:00:00+00:00,128715.88527777778
2024-04-20 01:00:00+00:00,268262.7141666667
2024-04-20 02:00:00+00:00,210325.20583333334
2024-04-20 03:00:00+00:00,217387.73194444444
2024-04-20 04:00:00+00:00,459272.42305555556
2024-04-20 05:00:00+00:00,1060269.4466666668
2024-04-20 06:00:00+00:00,1063805.3972222223
2024-04-20 07:00:00+00:00,1027396.0919444445
2024-04-20 08:00:00+00:00,815382.9008333334
2024-04-20 09:00:00+00:00,1049296.1633333333
2024-04-20 10:00:00+00:00,947101.0461111111
2024-04-20 11:00:00+00:00,924673.5608333333
2024-04-20 12:00:00+00:00,920849.0875
2024-04-20 13:00:00+00:00,548180.7727777777
2024-04-20 14:00:00+00:00,879627.5722222222
2024-04-20 15:00:00+00:00,1708450.0719444444
2024-04-20 16:00:00+00:00,1709122.4141666666
2024-04-20 17:00:00+00:00,1418575.6119444445
2024-04-20 18:00:00+00:00,2065225.427777778
2024-04-20 19:00:00+00:00,657818.6975
2024-04-20 20:00:00+00:00,591956.036111111
2024-04-20 21:00:00+00:00,393115.2638888889
2024-04-20 22:00:00+00:00,594229.9275
2024-04-20 23:00:00+00:00,332265.4213888889
2024-04-21 00:00:00+00:00,161932.13472222222
2024-04-21 01:00:00+00:00,135983.26527777777
2024-04-21 02:00:00+00:00,250335.93444444446
2024-04-21 03:00:00+00:00,110122.07805555555
2024-04-21 04:00:00+00:00,177965.7761111111
2024-04-21 05:00:00+00:00,271493.47055555554
2024-04-21 06:00:00+00:00,437948.65694444446
2024-04-21 07:00:00+00:00,432960.76194444444
2024-04-21 08:00:00+00:00,1136649.3955555556
2024-04-21 09:00:00+00:00,518333.12583333335
2024-04-21 10:00:00+00:00,916668.2563888889
2024-04-21 11:00:00+00:00,1282766.0311111112
2024-04-21 12:00:00+00:00,529531.1458333334
2024-04-21 13:00:00+00:00,1183641.3897222222
2024-04-21 14:00:00+00:00,2231913.8569444446
2024-04-21 15:00:00+00:00,1543740.7838888888
2024-04-21 16:00:00+00:00,1363643.3255555555
2024-04-21 17:00:00+00:00,1562056.0308333333
2024-04-21 18:00:00+00:00,2175666.251388889
2024-04-21 19:00:00+00:00,1518593.3430555556
2024-04-21 20:00:00+00:00,1967072.9297222223
2024-04-21 21:00:00+00:00,788587.1686111111
2024-04-21 22:00:00+00:00,523320.0
2024-04-21 23:00:00+00:00,598723.8055555555
2024-04-22 00:00:00+00:00,1261671.5816666668
2024-04-22 01:00:00+00:00,255883.61638888888
2024-04-22 02:00:00+00:00,959305.5105555556
2024-04-22 03:00:00+00:00,669447.7741666667
2024-04-22 04:00:00+00:00,1126509.8755555556
2024-04-22 05:00:00+00:00,1724418.483888889
2024-04-22 06:00:00+00:00,1565304.858888889
2024-04-22 07:00:00+00:00,1396971.4077777779
2024-04-22 08:00:00+00:00,2120861.6822222224
2024-04-22 09:00:00+00:00,2793554.6391666667
2024-04-22 10:00:00+00:00,2102409.0177777777
2024-04-22 11:00:00+00:00,2649031.5344444443
2024-04-22 12:00:00+00:00,1100164.786111111
2024-04-22 13:00:00+00:00,2116711.2558333334
2024-04-22 14:00:00+00:00,1049956.9705555555
2024-04-22 15:00:00+00:00,1491281.8758333332
2024-04-22 16:00:00+00:00,1861073.7422222223
2024-04-22 17:00:00+00:00,2549541.9719444443
2024-04-22 18:00:00+00:00,1067532.9419444446
2024-04-22 19:00:00+00:00,1369127.2783333333
2024-04-22 20:00:00+00:00,1383366.8422222221
2024-04-22 21:00:00+00:00,758119.9491666667
2024-04-22 22:00:00+00:00,574372.4175
2024-04-22 23:00:00+00:00,236396.71583333332
2024-04-23 00:00:00+00:00,229388.54944444445
2024-04-23 01:00:00+00:00,706251.6991666667
2024-04-23 02:00:00+00:00,901776.6816666666
2024-04-23 03:00:00+00:00,1506794.8416666666
2024-04-23 04:00:00+00:00,1260945.6558333333
2024-04-23 05:00:00+00:00,1206516.1544444445
2024-04-23 06:00:00+00:00,738152.7486111111
2024-04-23 07:00:00+00:00,1352640.7180555556
2024-04-23 08:00:00+00:00,1626545.4661111112
2024-04-23 09:00:00+00:00,1045391.7527777777
2024-04-23 10:00:00+00:00,1158836.266111111
2024-04-23 11:00:00+00:00,887162.6888888889
2024-04-23 12:00:00+00:00,2479605.52
2024-04-23 13:00:00+00:00,5167518.245277777
2024-04-23 14:00:00+00:00,946336.7863888888
2024-04-23 15:00:00+00:00,1865552.6436111112
2024-04-23 16:00:00+00:00,1671159.1669444444
2024-04-23 17:00:00+00:00,2299061.5094444444
2024-04-23 18:00:00+00:00,1450034.8525
2024-04-23 19:00:00+00:00,1167419.3030555556
2024-04-23 20:00:00+00:00,1233235.858888889
2024-04-23 21:00:00+00:00,625899.8119444444
2024-04-23 22:00:00+00:00,328898.02305555553
2024-04-23 23:00:00+00:00,448775.2527777778
2024-04-24 00:00:00+00:00,357296.9641666667
2024-04-24 01:00:00+00:00,169381.71194444445
2024-04-24 02:00:00+00:00,431680.73027777777
2024-04-24 03:00:00+00:00,1087115.6930555555
2024-04-24 04:00:00+00:00,1882579.0430555556
2024-04-24 05:00:00+00:00,1837105.151111111
2024-04-24 06:00:00+00:00,3335212.1575
2024-04-24 07:00:00+00:00,1816744.8577777778
2024-04-24 08:00:00+00:00,2772923.5844444446
2024-04-24 09:00:00+00:00,2134545.0336111113
2024-04-24 10:00:00+00:00,1770651.7169444445
2024-04-24 11:00:00+00:00,1666124.7072222221
2024-04-24 12:00:00+00:00,2346792.9780555554
2024-04-24 13:00:00+00:00,3173322.4555555554
2024-04-24 14:00:00+00:00,3767623.277222222
2024-04-24 15:00:00+00:00,2223355.3091666666
2024-04-24 16:00:00+00:00,2314324.9147222224
2024-04-24 17:00:00+00:00,2594658.418611111
2024-04-24 18:00:00+00:00,1837927.2427777778
2024-04-24 19:00:00+00:00,1626525.3236111111
2024-04-24 20:00:00+00:00,846066.4455555555
2024-04-24 21:00:00+00:00,659185.0052777778
2024-04-24 22:00:00+00:00,705404.1166666667
2024-04-24 23:00:00+00:00,452666.3958333333
2024-04-25 00:00:00+00:00,244670.035
2024-04-25 01:00:00+00:00,215051.21305555556
2024-04-25 02:00:00+00:00,956042.8975
2024-04-25 03:00:00+00:00,914750.0147222222
2024-04-25 04:00:00+00:00,1963254.1252777777
2024-04-25 05:00:00+00:00,1521379.3016666668
2024-04-25 06:00:00+00:00,2070493.2116666667
2024-04-25 07:00:00+00:00,1924402.1138888889
2024-04-25 08:00:00+00:00,2603139.96
2024-04-25 09:00:00+00:00,1519180.8675
2024-04-25 10:00:00+00:00,2409892.6344444444
2024-04-25 11:00:00+00:00,2138198.4711111113
2024-04-25 12:00:00+00:00,1683952.0266666666
2024-04-25 13:00:00+00:00,2135057.4730555555
2024-04-25 14:00:00+00:00,1388402.923888889
2024-04-25 15:00:00+00:00,935544.7222222222
2024-04-25 16:00:00+00:00,1516110.048888889
2024-04-25 17:00:00+00:00,1956908.8083333333
2024-04-25 18:00:00+00:00,2003218.4144444445
2024-04-25 19:00:00+00:00,2308694.4830555557
2024-04-25 20:00:00+00:00,1440393.6097222222
2024-04-25 21:00:00+00:00,513233.1336111111
2024-04-25 22:00:00+00:00,499367.1536111111
2024-04-25 23:00:00+00:00,248703.02777777778
2024-04-26 00:00:00+00:00,190738.84194444446
2024-04-26 01:00:00+00:00,148060.75722222222
2024-04-26 02:00:00+00:00,224959.3425
2024-04-26 03:00:00+00:00,576891.0377777778
2024-04-26 04:00:00+00:00,1048011.1163888889
2024-04-26 05:00:00+00:00,825203.3908333334
2024-04-26 06:00:00+00:00,653261.0322222222
2024-04-26 07:00:00+00:00,740238.77
2024-04-26 08:00:00+00:00,1001353.1283333333
2024-04-26 09:00:00+00:00,1849593.5627777777
2024-04-26 10:00:00+00:00,1743865.2819444444
2024-04-26 11:00:00+00:00,1277975.9261111112
2024-04-26 12:00:00+00:00,2088031.5030555555
2024-04-26 13:00:00+00:00,1247462.1138888889
2024-04-26 14:00:00+00:00,708361.6813888889
2024-04-26 15:00:00+00:00,2207759.0680555557
2024-04-26 16:00:00+00:00,1628032.9175
2024-04-26 17:00:00+00:00,639382.6508333334
2024-04-26 18:00:00+00:00,804935.0663888889
2024-04-26 19:00:00+00:00,920310.2069444444
2024-04-26 20:00:00+00:00,968303.1569444444
2024-04-26 21:00:00+00:00,692488.0488888889
2024-04-26 22:00:00+00:00,265788.4238888889
2024-04-26 23:00:00+00:00,204576.44555555555
2024-04-27 00:00:00+00:00,259430.4463888889
2024-04-27 01:00:00+00:00,94396.33833333333
2024-04-27 02:00:00+00:00,288706.17027777777
2024-04-27 03:00:00+00:00,464558.9666666667
2024-04-27 04:00:00+00:00,848973.5983333334
2024-04-27 05:00:00+00:00,639386.3147222223
2024-04-27 06:00:00+00:00,902135.2363888889
2024-04-27 07:00:00+00:00,1134374.3869444444
2024-04-27 08:00:00+00:00,1258365.3505555557
2024-04-27 09:00:00+00:00,994971.1361111111
2024-04-27 10:00:00+00:00,506411.9505555556
2024-04-27 11:00:00+00:00,1410185.3783333334
2024-04-27 12:00:00+00:00,550886.6433333333
2024-04-27 13:00:00+00:00,957648.8894444444
2024-04-27 14:00:00+00:00,1584064.5411111112
2024-04-27 15:00:00+00:00,472475.1119444444
2024-04-27 16:00:00+00:00,793003.2975
2024-04-27 17:00:00+00:00,997571.7994444445
2024-04-27 18:00:00+00:00,1022162.0869444445
2024-04-27 19:00:00+00:00,1602511.2541666667
2024-04-27 20:00:00+00:00,1307465.5591666666
2024-04-27 21:00:00+00:00,362864.9166666667
2024-04-27 22:00:00+00:00,264888.51722222223
2024-04-27 23:00:00+00:00,189770.175
2024-04-28 00:00:00+00:00,166441.33194444445
2024-04-28 01:00:00+00:00,76647.34027777778
2024-04-28 02:00:00+00:00,109364.36388888888
2024-04-28 03:00:00+00:00,118464.97638888888
2024-04-28 04:00:00+00:00,270799.5288888889
2024-04-28 05:00:00+00:00,728828.1761111111
2024-04-28 06:00:00+00:00,516635.4472222222
2024-04-28 07:00:00+00:00,1643794.8858333332
2024-04-28 08:00:00+00:00,812672.0713888889
2024-04-28 09:00:00+00:00,863320.5716666667
2024-04-28 10:00:00+00:00,1028573.0497222223
2024-04-28 11:00:00+00:00,958210.6738888889
2024-04-28 12:00:00+00:00,640627.3811111111
2024-04-28 13:00:00+00:00,1295920.8291666666
2024-04-28 14:00:00+00:00,2055526.5797222222
2024-04-28 15:00:00+00:00,4419999.932777777
2024-04-28 16:00:00+00:00,1503051.9930555555
2024-04-28 17:00:00+00:00,1487257.0197222221
2024-04-28 18:00:00+00:00,3673824.645
2024-04-28 19:00:00+00:00,1356399.8155555555
2024-04-28 20:00:00+00:00,813855.1638888889
2024-04-28 21:00:00+00:00,930188.8869444445
2024-04-28 22:00:00+00:00,700015.1427777777
2024-04-28 23:00:00+00:00,772156.4116666666
2024-04-29 00:00:00+00:00,531322.8083333333
2024-04-29 01:00:00+00:00,123785.57055555556
2024-04-29 02:00:00+00:00,279283.4188888889
2024-04-29 03:00:00+00:00,1178190.4769444445
2024-04-29 04:00:00+00:00,1739764.3858333332
2024-04-29 05:00:00+00:00,1213511.8908333334
2024-04-29 06:00:00+00:00,1727675.2872222222
2024-04-29 07:00:00+00:00,1469631.7541666667
2024-04-29 08:00:00+00:00,1182712.5133333334
2024-04-29 09:00:00+00:00,2614816.7266666666
2024-04-29 10:00:00+00:00,6072953.7908333335
2024-04-29 11:00:00+00:00,2235643.0794444443
2024-04-29 12:00:00+00:00,1533761.2313888888
2024-04-29 13:00:00+00:00,972685.2711111112
2024-04-29 14:00:00+00:00,1708963.431388889
2024-04-29 15:00:00+00:00,1660303.7866666666
2024-04-29 16:00:00+00:00,1741757.788611111
2024-04-29 17:00:00+00:00,1527032.8825
2024-04-29 18:00:00+00:00,2031337.8502777778
2024-04-29 19:00:00+00:00,1956698.5675
2024-04-29 20:00:00+00:00,1816551.9927777778
2024-04-29 21:00:00+00:00,469838.9186111111
2024-04-29 22:00:00+00:00,243993.92194444445
2024-04-29 23:00:00+00:00,532360.7388888889
2024-04-30 00:00:00+00:00,210000.52083333334
2024-04-30 01:00:00+00:00,182196.00916666666
2024-04-30 02:00:00+00:00,238626.7
2024-04-30 03:00:00+00:00,709829.5913888889
2024-04-30 04:00:00+00:00,1071368.496388889
2024-04-30 05:00:00+00:00,1808078.5233333334
2024-04-30 06:00:00+00:00,1631988.5813888889
2024-04-30 07:00:00+00:00,1766478.5116666667
2024-04-30 08:00:00+00:00,1955255.3861111111
2024-04-30 09:00:00+00:00,1572991.4975
2024-04-30 10:00:00+00:00,1845437.4630555555
2024-04-30 11:00:00+00:00,2181134.55
2024-04-30 12:00:00+00:00,1887563.23
2024-04-30 13:00:00+00:00,1979803.2930555556
2024-04-30 14:00:00+00:00,1159055.7227777778
2024-04-30 15:00:00+00:00,1549281.7930555556
2024-04-30 16:00:00+00:00,1450674.7305555556
2024-04-30 17:00:00+00:00,1559625.7872222222
2024-04-30 18:00:00+00:00,1383752.1863888889
2024-04-30 19:00:00+00:00,1027072.9916666667
2024-04-30 20:00:00+00:00,848810.6044444444
2024-04-30 21:00:00+00:00,518178.3786111111
2024-04-30 22:00:00+00:00,252703.5922222222
2024-04-30 23:00:00+00:00,251521.01527777777
2024-05-01 00:00:00+00:00,102286.47083333334
2024-05-01 01:00:00+00:00,152090.91972222223
2024-05-01 02:00:00+00:00,150400.83222222223
2024-05-01 03:00:00+00:00,216758.60277777776
2024-05-01 04:00:00+00:00,306439.7888888889
2024-05-01 05:00:00+00:00,464560.3177777778
2024-05-01 06:00:00+00:00,1197169.8658333332
2024-05-01 07:00:00+00:00,1401486.6633333333
2024-05-01 08:00:00+00:00,1285059.4775
2024-05-01 09:00:00+00:00,854526.1636111111
2024-05-01 10:00:00+00:00,2481514.5833333335
2024-05-01 11:00:00+00:00,925776.4741666666
2024-05-01 12:00:00+00:00,1139734.5430555556
2024-05-01 13:00:00+00:00,749105.7202777778
2024-05-01 14:00:00+00:00,1436622.9180555556
2024-05-01 15:00:00+00:00,1500835.8458333334
2024-05-01 16:00:00+00:00,4072694.7283333335
2024-05-01 17:00:00+00:00,1611939.4316666666
2024-05-01 18:00:00+00:00,1455253.4222222222
2024-05-01 19:00:00+00:00,1846092.0669444446
2024-05-01 20:00:00+00:00,1079618.6030555556
2024-05-01 21:00:00+00:00,540297.4822222223
2024-05-01 22:00:00+00:00,824724.4033333333
2024-05-01 23:00:00+00:00,963013.3319444444
2024-05-02 00:00:00+00:00,712411.7983333333
2024-05-02 01:00:00+00:00,824389.8725
2024-05-02 02:00:00+00:00,525379.1733333333
2024-05-02 03:00:00+00:00,541609.0911111111
2024-05-02 04:00:00+00:00,1131521.026111111
2024-05-02 05:00:00+00:00,1084606.4986111112
2024-05-02 06:00:00+00:00,2058281.3655555556
2024-05-02 07:00:00+00:00,1984018.3927777777
2024-05-02 08:00:00+00:00,1596006.5491666666
2024-05-02 09:00:00+00:00,2925219.404166667
2024-05-02 10:00:00+00:00,2914749.514722222
2024-05-02 11:00:00+00:00,1890713.6158333332
2024-05-02 12:00:00+00:00,2134871.66
2024-05-02 13:00:00+00:00,3500662.511111111
2024-05-02 14:00:00+00:00,1870536.0444444444
2024-05-02 15:00:00+00:00,2686331.6422222224
2024-05-02 16:00:00+00:00,1715403.4819444444
2024-05-02 17:00:00+00:00,2300215.7944444446
2024-05-02 18:00:00+00:00,2529758.4355555554
2024-05-02 19:00:00+00:00,987354.5383333333
2024-05-02 20:00:00+00:00,1598404.2927777779
2024-05-02 21:00:00+00:00,786145.5602777777
2024-05-02 22:00:00+00:00,805283.7794444445
2024-05-02 23:00:00+00:00,1254226.1291666667
2024-05-03 00:00:00+00:00,148117.975
2024-05-03 01:00:00+00:00,214344.9725
2024-05-03 02:00:00+00:00,451140.8175
2024-05-03 03:00:00+00:00,744045.2419444445
2024-05-03 04:00:00+00:00,2560790.356388889
2024-05-03 05:00:00+00:00,1435888.9688888888
2024-05-03 06:00:00+00:00,1852455.0072222222
2024-05-03 07:00:00+00:00,2021594.9230555557
2024-05-03 08:00:00+00:00,2075030.3338888888
2024-05-03 09:00:00+00:00,1734617.141111111
2024-05-03 10:00:00+00:00,1786644.8944444444
2024-05-03 11:00:00+00:00,1323615.9583333333
2024-05-03 12:00:00+00:00,1217903.0811111112
2024-05-03 13:00:00+00:00,1457868.9875
2024-05-03 14:00:00+00:00,2638174.6738888887
2024-05-03 15:00:00+00:00,1498466.4291666667
2024-05-03 16:00:00+00:00,1338010.8997222222
2024-05-03 17:00:00+00:00,1302149.2047222222
2024-05-03 18:00:00+00:00,1154106.6022222221
2024-05-03 19:00:00+00:00,1007650.67
2024-05-03 20:00:00+00:00,1009972.6886111111
2024-05-03 21:00:00+00:00,766750.2072222222
2024-05-03 22:00:00+00:00,1149850.1841666666
2024-05-03 23:00:00+00:00,276699.8147222222
2024-05-04 00:00:00+00:00,259646.78722222222
2024-05-04 01:00:00+00:00,189402.83583333335
2024-05-04 02:00:00+00:00,250952.00027777778
2024-05-04 03:00:00+00:00,917888.4313888889
2024-05-04 04:00:00+00:00,943309.3372222222
2024-05-04 05:00:00+00:00,1280695.7936111111
2024-05-04 06:00:00+00:00,2876030.7011111113
2024-05-04 07:00:00+00:00,1537268.5283333333
2024-05-04 08:00:00+00:00,1968214.0816666668
2024-05-04 09:00:00+00:00,1248748.4772222221
2024-05-04 10:00:00+00:00,1446237.5752777779
2024-05-04 11:00:00+00:00,1134094.9319444445
2024-05-04 12:00:00+00:00,1062529.975
2024-05-04 13:00:00+00:00,781051.4802777778
2024-05-04 14:00:00+00:00,1183449.7902777777
2024-05-04 15:00:00+00:00,800091.8952777778
2024-05-04 16:00:00+00:00,929561.8305555555
2024-05-04 17:00:00+00:00,1282216.9058333333
2024-05-04 18:00:00+00:00,1067330.9130555557
2024-05-04 19:00:00+00:00,1176469.6869444444
2024-05-04 20:00:00+00:00,1127489.0425
2024-05-04 21:00:00+00:00,879320.91
2024-05-04 22:00:00+00:00,2623936.3177777776
2024-05-04 23:00:00+00:00,410449.06361111114
2024-05-05 00:00:00+00:00,276898.69166666665
2024-05-05 01:00:00+00:00,203896.02305555556
2024-05-05 02:00:00+00:00,164306.57055555555
2024-05-05 03:00:00+00:00,308194.64916666667
2024-05-05 04:00:00+00:00,447194.7377777778
2024-05-05 05:00:00+00:00,421439.9486111111
2024-05-05 06:00:00+00:00,4011561.430833333
2024-05-05 07:00:00+00:00,2625372.421111111
2024-05-05 08:00:00+00:00,5312954.9366666665
2024-05-05 09:00:00+00:00,2534053.143611111
2024-05-05 10:00:00+00:00,1084376.8922222222
2024-05-05 11:00:00+00:00,1207235.197222222
2024-05-05 12:00:00+00:00,2826278.788888889
2024-05-05 13:00:00+00:00,1504386.9427777778
2024-05-05 14:00:00+00:00,1866562.2083333333
2024-05-05 15:00:00+00:00,1416709.6922222222
2024-05-05 16:00:00+00:00,3439939.0608333335
2024-05-05 17:00:00+00:00,4565085.272222222
2024-05-05 18:00:00+00:00,3388681.9675
2024-05-05 19:00:00+00:00,2092863.726111111
2024-05-05 20:00:00+00:00,2448507.0447222223
2024-05-05 21:00:00+00:00,1167858.0944444444
2024-05-05 22:00:00+00:00,1444126.7466666666
2024-05-05 23:00:00+00:00,741435.8883333333
2024-05-06 00:00:00+00:00,191091.29694444445
2024-05-06 01:00:00+00:00,190909.43055555556
2024-05-06 02:00:00+00:00,3684672.2105555558
2024-05-06 03:00:00+00:00,662310.4180555556
2024-05-06 04:00:00+00:00,1310444.7575
2024-05-06 05:00:00+00:00,1252367.1786111111
2024-05-06 06:00:00+00:00,2435218.8813888887
2024-05-06 07:00:00+00:00,4523128.9505555555
2024-05-06 08:00:00+00:00,2082869.931388889
2024-05-06 09:00:00+00:00,2283858.1227777777
2024-05-06 10:00:00+00:00,1726748.4544444445
2024-05-06 11:00:00+00:00,2316440.3527777777
2024-05-06 12:00:00+00:00,2458740.859722222
2024-05-06 13:00:00+00:00,2358849.7044444443
2024-05-06 14:00:00+00:00,2074379.8230555556
2024-05-06 15:00:00+00:00,1731849.923888889
2024-05-06 16:00:00+00:00,2901189.553888889
2024-05-06 17:00:00+00:00,2209971.9711111113
2024-05-06 18:00:00+00:00,2129906.3866666667
2024-05-06 19:00:00+00:00,1247929.0158333334
2024-05-06 20:00:00+00:00,906168.8911111112
2024-05-06 21:00:00+00:00,571368.8580555556
2024-05-06 22:00:00+00:00,566668.4719444445
2024-05-06 23:00:00+00:00,474386.47777777776
2024-05-07 00:00:00+00:00,267990.2825
2024-05-07 01:00:00+00:00,267519.5375
2024-05-07 02:00:00+00:00,392952.93555555557
2024-05-07 03:00:00+00:00,735129.7777777778
2024-05-07 04:00:00+00:00,773406.8147222223
2024-05-07 05:00:00+00:00,1165109.846111111
2024-05-07 06:00:00+00:00,1322695.546111111
2024-05-07 07:00:00+00:00,1462606.203888889
2024-05-07 08:00:00+00:00,2138287.510277778
2024-05-07 09:00:00+00:00,1668211.43
2024-05-07 10:00:00+00:00,1539021.6877777777
2024-05-07 11:00:00+00:00,1304768.3380555555
2024-05-07 12:00:00+00:00,2041302.8808333334
2024-05-07 13:00:00+00:00,2144671.1233333335
2024-05-07 14:00:00+00:00,1865474.8483333334
2024-05-07 15:00:00+00:00,1849441.5655555555
2024-05-07 16:00:00+00:00,2481697.3966666665
2024-05-07 17:00:00+00:00,4337155.130277778
2024-05-07 18:00:00+00:00,2319623.1005555554
2024-05-07 19:00:00+00:00,2495743.7105555558
2024-05-07 20:00:00+00:00,1142062.4791666667
2024-05-07 21:00:00+00:00,766309.4725
2024-05-07 22:00:00+00:00,543985.3525
2024-05-07 23:00:00+00:00,474628.8858333333
2024-05-08 00:00:00+00:00,1391536.5094444444
2024-05-08 01:00:00+00:00,169257.405
2024-05-08 02:00:00+00:00,231476.5661111111
2024-05-08 03:00:00+00:00,428183.5863888889
2024-05-08 04:00:00+00:00,742272.6327777777
2024-05-08 05:00:00+00:00,458800.13083333336
2024-05-08 06:00:00+00:00,1112358.0769444443
2024-05-08 07:00:00+00:00,813849.73
2024-05-08 08:00:00+00:00,1366871.7455555554
2024-05-08 09:00:00+00:00,975385.5291666667
2024-05-08 10:00:00+00:00,745706.7266666667
2024-05-08 11:00:00+00:00,1591985.9080555555
2024-05-08 12:00:00+00:00,1410609.2191666667
2024-05-08 13:00:00+00:00,2894811.0733333332
2024-05-08 14:00:00+00:00,1389825.6669444444
2024-05-08 15:00:00+00:00,1291645.5580555554
2024-05-08 16:00:00+00:00,2636409.3086111112
2024-05-08 17:00:00+00:00,2248223.1927777776
2024-05-08 18:00:00+00:00,1483115.9022222222
2024-05-08 19:00:00+00:00,1546791.1002777778
2024-05-08 20:00:00+00:00,912815.1386111111
2024-05-08 21:00:00+00:00,700440.9783333334
2024-05-08 22:00:00+00:00,374406.26194444444
2024-05-08 23:00:00+00:00,430303.5186111111
2024-05-09 00:00:00+00:00,272752.24361111113
2024-05-09 01:00:00+00:00,175433.4
2024-05-09 02:00:00+00:00,532207.9533333334
2024-05-09 03:00:00+00:00,703599.8627777778
2024-05-09 04:00:00+00:00,2108437.4602777776
2024-05-09 05:00:00+00:00,1393179.7811111112
2024-05-09 06:00:00+00:00,1685768.5641666667
2024-05-09 07:00:00+00:00,1214722.756111111
2024-05-09 08:00:00+00:00,1357387.8311111112
2024-05-09 09:00:00+00:00,1272800.078888889
2024-05-09 10:00:00+00:00,1217768.4947222222
2024-05-09 11:00:00+00:00,1857084.505
2024-05-09 12:00:00+00:00,1753810.5091666668
2024-05-09 13:00:00+00:00,1276484.6483333334
2024-05-09 14:00:00+00:00,914915.6597222222
2024-05-09 15:00:00+00:00,1360604.578888889
2024-05-09 16:00:00+00:00,1217923.9505555555
2024-05-09 17:00:00+00:00,1451963.7202777779
2024-05-09 18:00:00+00:00,1892959.3202777777
2024-05-09 19:00:00+00:00,2043394.802777778
2024-05-09 20:00:00+00:00,1141881.2025
2024-05-09 21:00:00+00:00,1378493.3408333333
2024-05-09 22:00:00+00:00,261204.08583333335
2024-05-09 23:00:00+00:00,213658.25833333333
2024-05-10 00:00:00+00:00,173759.4425
2024-05-10 01:00:00+00:00,154090.85472222223
2024-05-10 02:00:00+00:00,800341.2677777777
2024-05-10 03:00:00+00:00,520401.97777777776
2024-05-10 04:00:00+00:00,1005632.4875
2024-05-10 05:00:00+00:00,845159.4422222222
2024-05-10 06:00:00+00:00,1041390.4741666666
2024-05-10 07:00:00+00:00,1106693.3083333333
2024-05-10 08:00:00+00:00,1231121.9130555557
2024-05-10 09:00:00+00:00,3572908.188888889
2024-05-10 10:00:00+00:00,1972426.1533333333
2024-05-10 11:00:00+00:00,1063778.055
2024-05-10 12:00:00+00:00,1058886.6625
2024-05-10 13:00:00+00:00,891350.3116666666
2024-05-10 14:00:00+00:00,885132.4838888888
2024-05-10 15:00:00+00:00,2062775.6630555557
2024-05-10 16:00:00+00:00,2797751.6816666666
2024-05-10 17:00:00+00:00,1113708.4933333334
2024-05-10 18:00:00+00:00,1469827.1980555556
2024-05-10 19:00:00+00:00,1284803.7258333333
2024-05-10 20:00:00+00:00,560658.5022222223
2024-05-10 21:00:00+00:00,626847.05
2024-05-10 22:00:00+00:00,632403.6861111111
2024-05-10 23:00:00+00:00,367734.3047222222
2024-05-11 00:00:00+00:00,243135.12333333332
2024-05-11 01:00:00+00:00,144607.10972222223
2024-05-11 02:00:00+00:00,558036.1069444445
2024-05-11 03:00:00+00:00,1293639.6747222221
2024-05-11 04:00:00+00:00,852710.4797222222
2024-05-11 05:00:00+00:00,1324375.3052777778
2024-05-11 06:00:00+00:00,754586.1963888889
2024-05-11 07:00:00+00:00,570151.4075
2024-05-11 08:00:00+00:00,750022.7227777778
2024-05-11 09:00:00+00:00,762521.2566666667
2024-05-11 10:00:00+00:00,1437242.5077777777
2024-05-11 11:00:00+00:00,1956547.5952777779
2024-05-11 12:00:00+00:00,1802424.5186111112
2024-05-11 13:00:00+00:00,977596.8858333334
2024-05-11 14:00:00+00:00,1707613.1544444445
2024-05-11 15:00:00+00:00,1834310.4466666668
2024-05-11 16:00:00+00:00,1683899.0366666666
2024-05-11 17:00:00+00:00,1283813.3244444444
2024-05-11 18:00:00+00:00,1700407.3902777778
2024-05-11 19:00:00+00:00,800032.5947222222
2024-05-11 20:00:00+00:00,1234400.2847222222
2024-05-11 21:00:00+00:00,1075164.0677777778
2024-05-11 22:00:00+00:00,928332.3188888889
2024-05-11 23:00:00+00:00,1156425.111111111
2024-05-12 00:00:00+00:00,88846.86333333333
2024-05-12 01:00:00+00:00,187325.32833333334
2024-05-12 02:00:00+00:00,234495.76333333334
2024-05-12 03:00:00+00:00,465589.04527777777
2024-05-12 04:00:00+00:00,621411.02
2024-05-12 05:00:00+00:00,1884373.6322222222
2024-05-12 06:00:00+00:00,799636.8127777778
2024-05-12 07:00:00+00:00,486957.3011111111
2024-05-12 08:00:00+00:00,2471042.21
2024-05-12 09:00:00+00:00,929758.0244444445
2024-05-12 10:00:00+00:00,1423061.6655555556
2024-05-12 11:00:00+00:00,943382.4511111111
2024-05-12 12:00:00+00:00,1131628.8444444444
2024-05-12 13:00:00+00:00,856470.4036111111
2024-05-12 14:00:00+00:00,879019.8752777778
2024-05-12 15:00:00+00:00,1885564.4797222223
2024-05-12 16:00:00+00:00,1327441.6058333332
2024-05-12 17:00:00+00:00,1735961.6933333334
2024-05-12 18:00:00+00:00,1033577.3175
2024-05-12 19:00:00+00:00,2908695.913888889
2024-05-12 20:00:00+00:00,859685.2919444444
2024-05-12 21:00:00+00:00,1066531.02
2024-05-12 22:00:00+00:00,280806.955
2024-05-12 23:00:00+00:00,535675.8163888889
2024-05-13 00:00:00+00:00,164117.89416666667
2024-05-13 01:00:00+00:00,207463.09333333332
2024-05-13 02:00:00+00:00,283981.2438888889
2024-05-13 03:00:00+00:00,617339.9786111111
2024-05-13 04:00:00+00:00,710098.8275
2024-05-13 05:00:00+00:00,1203790.5427777779
2024-05-13 06:00:00+00:00,1437055.9408333334
2024-05-13 07:00:00+00:00,1523609.1697222223
2024-05-13 08:00:00+00:00,1569950.63
2024-05-13 09:00:00+00:00,2381876.321388889
2024-05-13 10:00:00+00:00,1483518.808888889
2024-05-13 11:00:00+00:00,1821101.4866666666
2024-05-13 12:00:00+00:00,1822048.6383333334
2024-05-13 13:00:00+00:00,2099083.6830555554
2024-05-13 14:00:00+00:00,2070196.5436111111
2024-05-13 15:00:00+00:00,1732910.3902777778
2024-05-13 16:00:00+00:00,2455804.902777778
2024-05-13 17:00:00+00:00,2965296.8994444446
2024-05-13 18:00:00+00:00,3211221.3144444446
2024-05-13 19:00:00+00:00,2100670.2933333335
2024-05-13 20:00:00+00:00,2270368.237777778
2024-05-13 21:00:00+00:00,1075869.308888889
2024-05-13 22:00:00+00:00,318515.3094444444
2024-05-13 23:00:00+00:00,230198.6886111111
2024-05-14 00:00:00+00:00,168068.43
2024-05-14 01:00:00+00:00,235177.62555555557
2024-05-14 02:00:00+00:00,1512510.1680555556
2024-05-14 03:00:00+00:00,644710.8277777778
2024-05-14 04:00:00+00:00,1544890.4630555555
2024-05-14 05:00:00+00:00,1889226.7333333334
2024-05-14 06:00:00+00:00,1975043.6633333333
2024-05-14 07:00:00+00:00,2083301.4330555554
2024-05-14 08:00:00+00:00,2637436.1094444445
2024-05-14 09:00:00+00:00,2774009.098333333
2024-05-14 10:00:00+00:00,2358289.3916666666
2024-05-14 11:00:00+00:00,2649325.6519444445
2024-05-14 12:00:00+00:00,2293729.9736111113
2024-05-14 13:00:00+00:00,2170138.2944444446
2024-05-14 14:00:00+00:00,2055157.6766666668
2024-05-14 15:00:00+00:00,1593688.9788888888
2024-05-14 16:00:00+00:00,1333302.6197222222
2024-05-14 17:00:00+00:00,2093569.048611111
2024-05-14 18:00:00+00:00,1930831.558888889
2024-05-14 19:00:00+00:00,2058563.1894444444
2024-05-14 20:00:00+00:00,1460610.3630555556
2024-05-14 21:00:00+00:00,2420313.5555555555
2024-05-14 22:00:00+00:00,780951.9538888889
2024-05-14 23:00:00+00:00,1392457.1566666667
2024-05-15 00:00:00+00:00,462010.5077777778
2024-05-15 01:00:00+00:00,390067.5388888889
2024-05-15 02:00:00+00:00,665226.4786111111
2024-05-15 03:00:00+00:00,1586789.5738888888
2024-05-15 04:00:00+00:00,3024483.66
2024-05-15 05:00:00+00:00,4686655.886666667
2024-05-15 06:00:00+00:00,1954309.9594444444
2024-05-15 07:00:00+00:00,2222891.4383333335
2024-05-15 08:00:00+00:00,1861490.9180555556
2024-05-15 09:00:00+00:00,2805473.6275
2024-05-15 10:00:00+00:00,2308931.6083333334
2024-05-15 11:00:00+00:00,1457531.0216666667
2024-05-15 12:00:00+00:00,2824345.828333333
2024-05-15 13:00:00+00:00,3948296.4675
2024-05-15 14:00:00+00:00,3410724.266388889
2024-05-15 15:00:00+00:00,1802254.9383333332
2024-05-15 16:00:00+00:00,2853836.76
2024-05-15 17:00:00+00:00,1635498.5252777778
2024-05-15 18:00:00+00:00,1900120.9769444445
2024-05-15 19:00:00+00:00,2288850.37
2024-05-15 20:00:00+00:00,1791953.641111111
2024-05-15 21:00:00+00:00,1359692.5025
2024-05-15 22:00:00+00:00,1368084.6530555557
2024-05-15 23:00:00+00:00,469147.63138888887
2024-05-16 00:00:00+00:00,243962.05305555556
2024-05-16 01:00:00+00:00,175310.31583333333
2024-05-16 02:00:00+00:00,983230.0672222222
2024-05-16 03:00:00+00:00,796949.7755555556
2024-05-16 04:00:00+00:00,3250854.7563888887
2024-05-16 05:00:00+00:00,1912919.6125
2024-05-16 06:00:00+00:00,1907335.8475
2024-05-16 07:00:00+00:00,1555503.4383333332
2024-05-16 08:00:00+00:00,1790635.9975
2024-05-16 09:00:00+00:00,1739356.7555555555
2024-05-16 10:00:00+00:00,1893857.2275
2024-05-16 11:00:00+00:00,2601719.8947222224
2024-05-16 12:00:00+00:00,2046515.5311111112
2024-05-16 13:00:00+00:00,1432253.6494444443
2024-05-16 14:00:00+00:00,1838838.1561111112
2024-05-16 15:00:00+00:00,1194289.8980555555
2024-05-16 16:00:00+00:00,1186621.0083333333
2024-05-16 17:00:00+00:00,1481021.2225
2024-05-16 18:00:00+00:00,2563804.185
2024-05-16 19:00:00+00:00,4252546.280833334
2024-05-16 20:00:00+00:00,1174428.1719444445
2024-05-16 21:00:00+00:00,1428536.1872222223
2024-05-16 22:00:00+00:00,458859.36027777777
2024-05-16 23:00:00+00:00,308844.28527777776
2024-05-17 00:00:00+00:00,214314.6302777778
2024-05-17 01:00:00+00:00,162950.3213888889
2024-05-17 02:00:00+00:00,862492.6638888889
2024-05-17 03:00:00+00:00,592785.5158333334
2024-05-17 04:00:00+00:00,1149312.1252777777
2024-05-17 05:00:00+00:00,2857905.91
2024-05-17 06:00:00+00:00,12353112.853333334
2024-05-17 07:00:00+00:00,1199906.8227777777
2024-05-17 08:00:00+00:00,1408069.4072222223
2024-05-17 09:00:00+00:00,2121340.007777778
2024-05-17 10:00:00+00:00,2460307.990833333
2024-05-17 11:00:00+00:00,2426062.9133333336
2024-05-17 12:00:00+00:00,1449656.5280555557
2024-05-17 13:00:00+00:00,910628.1444444444
2024-05-17 14:00:00+00:00,1958832.8502777778
2024-05-17 15:00:00+00:00,1298761.0980555555
2024-05-17 16:00:00+00:00,1129079.371388889
2024-05-17 17:00:00+00:00,1701588.3458333334
2024-05-17 18:00:00+00:00,1575234.7566666666
2024-05-17 19:00:00+00:00,1372879.1947222222
2024-05-17 20:00:00+00:00,755315.5355555556
2024-05-17 21:00:00+00:00,2115257.7097222223
2024-05-17 22:00:00+00:00,1037078.5577777778
2024-05-17 23:00:00+00:00,530213.9377777778
2024-05-18 00:00:00+00:00,288936.05916666664
2024-05-18 01:00:00+00:00,1503335.8105555556
2024-05-18 02:00:00+00:00,121588.81833333333
2024-05-18 03:00:00+00:00,599895.9447222222
2024-05-18 04:00:00+00:00,672762.1494444445
2024-05-18 05:00:00+00:00,855487.1258333334
2024-05-18 06:00:00+00:00,815862.3244444445
2024-05-18 07:00:00+00:00,690849.1219444445
2024-05-18 08:00:00+00:00,992361.2605555556
2024-05-18 09:00:00+00:00,2031303.2252777778
2024-05-18 10:00:00+00:00,1222620.5008333332
2024-05-18 11:00:00+00:00,735449.135
2024-05-18 12:00:00+00:00,924637.0808333333
2024-05-18 13:00:00+00:00,1749166.6344444444
2024-05-18 14:00:00+00:00,1133685.0766666667
2024-05-18 15:00:00+00:00,1581448.3627777777
2024-05-18 16:00:00+00:00,1425206.5252777778
2024-05-18 17:00:00+00:00,1346939.1341666668
2024-05-18 18:00:00+00:00,2982747.9425
2024-05-18 19:00:00+00:00,1092557.578888889
2024-05-18 20:00:00+00:00,882426.6822222222
2024-05-18 21:00:00+00:00,1437119.5627777777
2024-05-18 22:00:00+00:00,522645.96805555554
2024-05-18 23:00:00+00:00,499631.6844444444
2024-05-19 00:00:00+00:00,371897.7816666667
2024-05-19 01:00:00+00:00,165569.6225
2024-05-19 02:00:00+00:00,162300.2438888889
2024-05-19 03:00:00+00:00,851681.1680555556
2024-05-19 04:00:00+00:00,221148.445
2024-05-19 05:00:00+00:00,450356.6197222222
2024-05-19 06:00:00+00:00,733897.6247222222
2024-05-19 07:00:00+00:00,659166.8347222222
2024-05-19 08:00:00+00:00,1041390.5383333333
2024-05-19 09:00:00+00:00,1531178.8663888888
2024-05-19 10:00:00+00:00,762041.1636111111
2024-05-19 11:00:00+00:00,1049601.7486111112
2024-05-19 12:00:00+00:00,708195.0080555555
2024-05-19 13:00:00+00:00,1010825.92
2024-05-19 14:00:00+00:00,1231655.2366666666
2024-05-19 15:00:00+00:00,996979.8183333334
2024-05-19 16:00:00+00:00,1165087.3444444444
2024-05-19 17:00:00+00:00,1378539.8255555555
2024-05-19 18:00:00+00:00,1647796.0497222221
2024-05-19 19:00:00+00:00,1091956.776388889
2024-05-19 20:00:00+00:00,748946.1325
2024-05-19 21:00:00+00:00,689389.89
2024-05-19 22:00:00+00:00,339512.53305555554
2024-05-19 23:00:00+00:00,1561693.2591666668
2024-05-20 00:00:00+00:00,333407.6616666667
2024-05-20 01:00:00+00:00,291714.7686111111
2024-05-20 02:00:00+00:00,1009254.1197222222
2024-05-20 03:00:00+00:00,589830.0980555556
2024-05-20 04:00:00+00:00,829357.6386111111
2024-05-20 05:00:00+00:00,1482600.0077777777
2024-05-20 06:00:00+00:00,1480827.1563888888
2024-05-20 07:00:00+00:00,3672515.6230555554
2024-05-20 08:00:00+00:00,1601016.1605555555
2024-05-20 09:00:00+00:00,1221565.036388889
2024-05-20 10:00:00+00:00,1321609.8805555555
2024-05-20 11:00:00+00:00,1387822.308888889
2024-05-20 12:00:00+00:00,826733.5688888889
2024-05-20 13:00:00+00:00,969463.5972222222
2024-05-20 14:00:00+00:00,2030875.072222222
2024-05-20 15:00:00+00:00,1669192.201388889
2024-05-20 16:00:00+00:00,3106475.598333333
2024-05-20 17:00:00+00:00,1616062.4680555556
2024-05-20 18:00:00+00:00,1584822.9308333334
2024-05-20 19:00:00+00:00,1266819.798888889
2024-05-20 20:00:00+00:00,699606.6116666667
2024-05-20 21:00:00+00:00,648988.5483333333
2024-05-20 22:00:00+00:00,1678311.6772222223
2024-05-20 23:00:00+00:00,345371.49944444443
2024-05-21 00:00:00+00:00,298915.4222222222
2024-05-21 01:00:00+00:00,168913.13583333333
2024-05-21 02:00:00+00:00,819835.9691666666
2024-05-21 03:00:00+00:00,888781.8211111111
2024-05-21 04:00:00+00:00,2050166.6219444445
2024-05-21 05:00:00+00:00,1565503.825
2024-05-21 06:00:00+00:00,1694911.0769444443
2024-05-21 07:00:00+00:00,1804322.7213888888
2024-05-21 08:00:00+00:00,1615510.8158333334
2024-05-21 09:00:00+00:00,1367318.9622222222
2024-05-21 10:00:00+00:00,1928237.8352777779
2024-05-21 11:00:00+00:00,1660615.276111111
2024-05-21 12:00:00+00:00,1925529.463611111
2024-05-21 13:00:00+00:00,1579343.8177777778
2024-05-21 14:00:00+00:00,1696111.1
2024-05-21 15:00:00+00:00,907794.4522222222
2024-05-21 16:00:00+00:00,876589.1275
2024-05-21 17:00:00+00:00,1206370.7452777778
2024-05-21 18:00:00+00:00,1084787.861388889
2024-05-21 19:00:00+00:00,671978.1763888889
2024-05-21 20:00:00+00:00,587314.8377777778
2024-05-21 21:00:00+00:00,383706.29277777777
2024-05-21 22:00:00+00:00,177872.11472222224
2024-05-21 23:00:00+00:00,272080.48833333334
2024-05-22 00:00:00+00:00,154887.57
2024-05-22 01:00:00+00:00,123343.58305555556
2024-05-22 02:00:00+00:00,178889.01944444445
2024-05-22 03:00:00+00:00,280015.9861111111
2024-05-22 04:00:00+00:00,371866.8358333333
2024-05-22 05:00:00+00:00,668306.2027777778
2024-05-22 06:00:00+00:00,1033052.2172222222
2024-05-22 07:00:00+00:00,1378823.0577777778
2024-05-22 08:00:00+00:00,762091.3680555555
2024-05-22 09:00:00+00:00,894430.9697222222
2024-05-22 10:00:00+00:00,736542.9580555556
2024-05-22 11:00:00+00:00,382467.91444444447
2024-05-22 12:00:00+00:00,675782.1172222223
2024-05-22 13:00:00+00:00,593871.9133333333
2024-05-22 14:00:00+00:00,800215.2997222223
2024-05-22 15:00:00+00:00,509571.66194444447
2024-05-22 16:00:00+00:00,629854.7652777778
2024-05-22 17:00:00+00:00,661463.5997222222
2024-05-22 18:00:00+00:00,612229.2794444445
2024-05-22 19:00:00+00:00,556574.7808333334
2024-05-22 20:00:00+00:00,582347.6519444444
2024-05-22 21:00:00+00:00,713146.905
2024-05-22 22:00:00+00:00,240597.67805555556
2024-05-22 23:00:00+00:00,335470.35444444447
2024-05-23 00:00:00+00:00,440669.43666666665
2024-05-23 01:00:00+00:00,80396.00472222222
2024-05-23 02:00:00+00:00,163446.20583333334
2024-05-23 03:00:00+00:00,241781.08916666667
2024-05-23 04:00:00+00:00,92440.77472222222
2024-05-23 05:00:00+00:00,135690.04972222223
2024-05-23 06:00:00+00:00,186147.9638888889
2024-05-23 07:00:00+00:00,278022.86027777777
2024-05-23 08:00:00+00:00,887433.8197222222
2024-05-23 09:00:00+00:00,1191000.1527777778
2024-05-23 10:00:00+00:00,1135437.7186111112
2024-05-23 11:00:00+00:00,836247.9830555556
2024-05-23 12:00:00+00:00,522506.4713888889
2024-05-23 13:00:00+00:00,343320.44916666666
2024-05-23 14:00:00+00:00,480952.8280555556
2024-05-23 15:00:00+00:00,674209.9766666667
2024-05-23 16:00:00+00:00,925830.3675
2024-05-23 17:00:00+00:00,1519410.8036111111
2024-05-23 18:00:00+00:00,1547083.0941666667
2024-05-23 19:00:00+00:00,1215586.1191666666
2024-05-23 20:00:00+00:00,797987.6819444444
2024-05-23 21:00:00+00:00,290093.715
2024-05-23 22:00:00+00:00,368052.8044444444
2024-05-23 23:00:00+00:00,180956.3397222222
2024-05-24 00:00:00+00:00,122273.72388888888
2024-05-24 01:00:00+00:00,151156.36916666667
2024-05-24 02:00:00+00:00,404146.08222222223
2024-05-24 03:00:00+00:00,472883.6925
2024-05-24 04:00:00+00:00,1762786.4216666666
2024-05-24 05:00:00+00:00,511430.6691666667
2024-05-24 06:00:00+00:00,727242.3625
2024-05-24 07:00:00+00:00,986558.7005555555
2024-05-24 08:00:00+00:00,1715842.9886111112
2024-05-24 09:00:00+00:00,569713.7722222222
2024-05-24 10:00:00+00:00,1770817.0991666666
2024-05-24 11:00:00+00:00,1516653.0727777777
2024-05-24 12:00:00+00:00,587520.7247222222
2024-05-24 13:00:00+00:00,429295.4083333333
2024-05-24 14:00:00+00:00,690132.9386111111
2024-05-24 15:00:00+00:00,914077.3575
2024-05-24 16:00:00+00:00,925856.5083333333
2024-05-24 17:00:00+00:00,446086.79583333334
2024-05-24 18:00:00+00:00,373793.75944444444
2024-05-24 19:00:00+00:00,570144.0486111111
2024-05-24 20:00:00+00:00,220669.4063888889
2024-05-24 21:00:00+00:00,553633.9477777778
2024-05-24 22:00:00+00:00,251359.48111111112
2024-05-24 23:00:00+00:00,348474.0088888889
2024-05-25 00:00:00+00:00,126924.73194444444
2024-05-25 01:00:00+00:00,133217.075
2024-05-25 02:00:00+00:00,61824.008055555554
2024-05-25 03:00:00+00:00,69427.73472222222
2024-05-25 04:00:00+00:00,62236.35138888889
2024-05-25 05:00:00+00:00,78531.61
2024-05-25 06:00:00+00:00,179032.95361111112
2024-05-25 07:00:00+00:00,629887.9491666667
2024-05-25 08:00:00+00:00,738957.485
2024-05-25 09:00:00+00:00,354280.4244444444
2024-05-25 10:00:00+00:00,616733.7211111111
2024-05-25 11:00:00+00:00,594956.8052777778
2024-05-25 12:00:00+00:00,536042.6983333334
2024-05-25 13:00:00+00:00,371453.21305555553
2024-05-25 14:00:00+00:00,182976.96333333335
2024-05-25 15:00:00+00:00,285159.02166666667
2024-05-25 16:00:00+00:00,317530.6277777778
2024-05-25 17:00:00+00:00,414541.74333333335
2024-05-25 18:00:00+00:00,718050.4505555555
2024-05-25 19:00:00+00:00,603898.1133333333
2024-05-25 20:00:00+00:00,651568.3191666667
2024-05-25 21:00:00+00:00,524113.7638888889
2024-05-25 22:00:00+00:00,90550.92222222222
2024-05-25 23:00:00+00:00,249424.76416666666
2024-05-26 00:00:00+00:00,197983.8625
2024-05-26 01:00:00+00:00,20621.550833333335
2024-05-26 02:00:00+00:00,26318.106111111112
2024-05-26 03:00:00+00:00,16728.91388888889
2024-05-26 04:00:00+00:00,37832.37944444444
2024-05-26 05:00:00+00:00,55981.81916666667
2024-05-26 06:00:00+00:00,128626.38777777778
2024-05-26 07:00:00+00:00,148019.07972222223
2024-05-26 08:00:00+00:00,264715.2916666667
2024-05-26 09:00:00+00:00,290268.00444444444
2024-05-26 10:00:00+00:00,222204.45166666666
2024-05-26 11:00:00+00:00,544780.2986111111
2024-05-26 12:00:00+00:00,338528.38
2024-05-26 13:00:00+00:00,1581800.9466666668
2024-05-26 14:00:00+00:00,530137.8938888889
2024-05-26 15:00:00+00:00,1304432.7222222222
2024-05-26 16:00:00+00:00,1328147.0919444445
2024-05-26 17:00:00+00:00,2343681.8744444447
2024-05-26 18:00:00+00:00,1888069.4319444445
2024-05-26 19:00:00+00:00,820913.3872222222
2024-05-26 20:00:00+00:00,577029.7441666666
2024-05-26 21:00:00+00:00,736398.8727777777
2024-05-26 22:00:00+00:00,419246.40055555553
2024-05-26 23:00:00+00:00,241197.5352777778
2024-05-27 00:00:00+00:00,75419.05944444444
2024-05-27 01:00:00+00:00,75713.29
2024-05-27 02:00:00+00:00,219991.0336111111
2024-05-27 03:00:00+00:00,397640.49888888886
2024-05-27 04:00:00+00:00,641167.8455555555
2024-05-27 05:00:00+00:00,584649.2108333333
2024-05-27 06:00:00+00:00,836963.2727777777
2024-05-27 07:00:00+00:00,692728.3013888889
2024-05-27 08:00:00+00:00,660337.6538888889
2024-05-27 09:00:00+00:00,1019833.2944444445
2024-05-27 10:00:00+00:00,910655.9533333334
2024-05-27 11:00:00+00:00,754911.6538888889
2024-05-27 12:00:00+00:00,702630.5702777777
2024-05-27 13:00:00+00:00,870305.1691666667
2024-05-27 14:00:00+00:00,548820.2630555555
2024-05-27 15:00:00+00:00,364965.74
2024-05-27 16:00:00+00:00,641429.7972222222
2024-05-27 17:00:00+00:00,1166767.1722222222
2024-05-27 18:00:00+00:00,724191.2808333334
2024-05-27 19:00:00+00:00,846652.9444444445
2024-05-27 20:00:00+00:00,388064.4275
2024-05-27 21:00:00+00:00,151164.36
2024-05-27 22:00:00+00:00,170744.01416666666
2024-05-27 23:00:00+00:00,52395.93027777778
2024-05-28 00:00:00+00:00,21628.9775
2024-05-28 01:00:00+00:00,907148.5997222222
2024-05-28 02:00:00+00:00,145899.42111111112
2024-05-28 03:00:00+00:00,173203.77
2024-05-28 04:00:00+00:00,419874.0563888889
2024-05-28 05:00:00+00:00,508957.7275
2024-05-28 06:00:00+00:00,771051.495
2024-05-28 07:00:00+00:00,873894.0594444445
2024-05-28 08:00:00+00:00,1421187.6077777778
2024-05-28 09:00:00+00:00,951339.9986111111
2024-05-28 10:00:00+00:00,971064.0413888888
2024-05-28 11:00:00+00:00,742849.4555555555
2024-05-28 12:00:00+00:00,488291.1386111111
2024-05-28 13:00:00+00:00,609264.2202777778
2024-05-28 14:00:00+00:00,448477.44416666665
2024-05-28 15:00:00+00:00,766547.1433333333
2024-05-28 16:00:00+00:00,585674.1336111111
2024-05-28 17:00:00+00:00,875523.2758333334
2024-05-28 18:00:00+00:00,815413.2480555555
2024-05-28 19:00:00+00:00,1322149.2433333334
2024-05-28 20:00:00+00:00,725064.1913888889
2024-05-28 21:00:00+00:00,429730.7608333333
2024-05-28 22:00:00+00:00,785479.1533333333
2024-05-28 23:00:00+00:00,144171.55194444445
2024-05-29 00:00:00+00:00,247512.55805555556
2024-05-29 01:00:00+00:00,58730.262777777774
2024-05-29 02:00:00+00:00,254202.69916666666
2024-05-29 03:00:00+00:00,248767.16083333333
2024-05-29 04:00:00+00:00,453899.13944444444
2024-05-29 05:00:00+00:00,474889.56444444443
2024-05-29 06:00:00+00:00,678918.6822222222
2024-05-29 07:00:00+00:00,1009233.3422222222
2024-05-29 08:00:00+00:00,599709.2055555555
2024-05-29 09:00:00+00:00,1244747.4255555556
2024-05-29 10:00:00+00:00,808366.0788888889
2024-05-29 11:00:00+00:00,572890.04
2024-05-29 12:00:00+00:00,793637.8969444444
2024-05-29 13:00:00+00:00,543517.3605555556
2024-05-29 14:00:00+00:00,875837.6002777778
2024-05-29 15:00:00+00:00,786760.2141666666
2024-05-29 16:00:00+00:00,680599.6022222223
2024-05-29 17:00:00+00:00,684304.0691666667
2024-05-29 18:00:00+00:00,1089183.675
2024-05-29 19:00:00+00:00,482782.24166666664
2024-05-29 20:00:00+00:00,445705.5422222222
2024-05-29 21:00:00+00:00,349434.68888888886
2024-05-29 22:00:00+00:00,218968.04305555555
2024-05-29 23:00:00+00:00,185108.60194444444
2024-05-30 00:00:00+00:00,65060.20805555556
2024-05-30 01:00:00+00:00,103131.35277777778
2024-05-30 02:00:00+00:00,64848.09305555555
2024-05-30 03:00:00+00:00,430752.7972222222
2024-05-30 04:00:00+00:00,303926.5158333333
2024-05-30 05:00:00+00:00,533798.6269444445
2024-05-30 06:00:00+00:00,639914.8094444445
2024-05-30 07:00:00+00:00,796097.7097222222
2024-05-30 08:00:00+00:00,759914.7436111111
2024-05-30 09:00:00+00:00,1315518.1047222223
2024-05-30 10:00:00+00:00,1057445.8816666666
2024-05-30 11:00:00+00:00,1307707.6619444445
2024-05-30 12:00:00+00:00,570081.1108333333
2024-05-30 13:00:00+00:00,421928.1675
2024-05-30 14:00:00+00:00,842152.4411111111
2024-05-30 15:00:00+00:00,568423.9877777778
2024-05-30 16:00:00+00:00,522930.5883333333
2024-05-30 17:00:00+00:00,1613875.4036111112
2024-05-30 18:00:00+00:00,560213.7661111112
2024-05-30 19:00:00+00:00,453542.3433333333
2024-05-30 20:00:00+00:00,238359.12083333332
2024-05-30 21:00:00+00:00,817835.5925
2024-05-30 22:00:00+00:00,110952.18333333333
2024-05-30 23:00:00+00:00,160424.3097222222
2024-05-31 00:00:00+00:00,131113.70916666667
2024-05-31 01:00:00+00:00,46320.046944444446
2024-05-31 02:00:00+00:00,147041.87166666667
2024-05-31 03:00:00+00:00,159888.53972222222
2024-05-31 04:00:00+00:00,381517.62611111114
2024-05-31 05:00:00+00:00,378515.78305555554
2024-05-31 06:00:00+00:00,756865.4894444444
2024-05-31 07:00:00+00:00,439434.6413888889
2024-05-31 08:00:00+00:00,314491.1711111111
2024-05-31 09:00:00+00:00,535881.7205555555
2024-05-31 10:00:00+00:00,371774.1661111111
2024-05-31 11:00:00+00:00,334732.4608333333
2024-05-31 12:00:00+00:00,263584.23027777777
2024-05-31 13:00:00+00:00,260422.82888888888
2024-05-31 14:00:00+00:00,165296.2863888889
2024-05-31 15:00:00+00:00,372991.75083333335
2024-05-31 16:00:00+00:00,752052.7475
2024-05-31 17:00:00+00:00,394801.6541666667
2024-05-31 18:00:00+00:00,386002.8522222222
2024-05-31 19:00:00+00:00,485774.8175
2024-05-31 20:00:00+00:00,273260.77
2024-05-31 21:00:00+00:00,217397.39277777777
2024-05-31 22:00:00+00:00,115000.33055555556
2024-05-31 23:00:00+00:00,180341.56194444443
2024-06-01 00:00:00+00:00,124088.54194444444
2024-06-01 01:00:00+00:00,63012.71277777778
2024-06-01 02:00:00+00:00,30250.03777777778
2024-06-01 03:00:00+00:00,36146.743055555555
2024-06-01 04:00:00+00:00,94837.38805555555
2024-06-01 05:00:00+00:00,227994.57916666666
2024-06-01 06:00:00+00:00,220464.54194444444
2024-06-01 07:00:00+00:00,265283.6827777778
2024-06-01 08:00:00+00:00,345146.09
2024-06-01 09:00:00+00:00,572121.2808333334
2024-06-01 10:00:00+00:00,170805.21166666667
2024-06-01 11:00:00+00:00,439709.0888888889
2024-06-01 12:00:00+00:00,619575.3561111111
2024-06-01 13:00:00+00:00,229705.62527777778
2024-06-01 14:00:00+00:00,405537.0858333333
2024-06-01 15:00:00+00:00,577563.3952777778
2024-06-01 16:00:00+00:00,886347.9627777778
2024-06-01 17:00:00+00:00,616062.6030555556
2024-06-01 18:00:00+00:00,578466.4744444444
2024-06-01 19:00:00+00:00,895213.2619444445
2024-06-01 20:00:00+00:00,472517.0852777778
2024-06-01 21:00:00+00:00,829765.1044444444
2024-06-01 22:00:00+00:00,327411.6327777778
2024-06-01 23:00:00+00:00,322423.6930555556
2024-06-02 00:00:00+00:00,74247.27111111111
2024-06-02 01:00:00+00:00,54603.045277777775
2024-06-02 02:00:00+00:00,44840.85361111111
2024-06-02 03:00:00+00:00,143910.2438888889
2024-06-02 04:00:00+00:00,178864.5986111111
2024-06-02 05:00:00+00:00,213895.51861111113
2024-06-02 06:00:00+00:00,210026.09833333333
2024-06-02 07:00:00+00:00,215692.19194444444
2024-06-02 08:00:00+00:00,291218.63916666666
2024-06-02 09:00:00+00:00,290040.8463888889
2024-06-02 10:00:00+00:00,616566.9777777778
2024-06-02 11:00:00+00:00,422131.42055555555
2024-06-02 12:00:00+00:00,377442.2972222222
2024-06-02 13:00:00+00:00,376602.16305555555
2024-06-02 14:00:00+00:00,301780.8483333333
2024-06-02 15:00:00+00:00,629364.4894444444
2024-06-02 16:00:00+00:00,431623.65972222225
2024-06-02 17:00:00+00:00,736856.4286111111
2024-06-02 18:00:00+00:00,675185.6977777778
2024-06-02 19:00:00+00:00,426366.79583333334
2024-06-02 20:00:00+00:00,248261.28916666665
2024-06-02 21:00:00+00:00,1164371.6205555554
2024-06-02 22:00:00+00:00,120479.88138888888
2024-06-02 23:00:00+00:00,225463.9702777778
2024-06-03 00:00:00+00:00,394443.78027777775
2024-06-03 01:00:00+00:00,56154.35722222222
2024-06-03 02:00:00+00:00,140176.69444444444
2024-06-03 03:00:00+00:00,285220.8238888889
2024-06-03 04:00:00+00:00,435376.3475
2024-06-03 05:00:00+00:00,987783.3652777778
2024-06-03 06:00:00+00:00,459954.0988888889
2024-06-03 07:00:00+00:00,626180.6813888889
2024-06-03 08:00:00+00:00,2709366.8530555554
2024-06-03 09:00:00+00:00,686342.9472222222
2024-06-03 10:00:00+00:00,610653.1822222222
2024-06-03 11:00:00+00:00,456082.68555555557
2024-06-03 12:00:00+00:00,694391.3430555556
2024-06-03 13:00:00+00:00,4269500.9313888885
2024-06-03 14:00:00+00:00,1116557.32
2024-06-03 15:00:00+00:00,446338.4322222222
2024-06-03 16:00:00+00:00,999433.4972222223
2024-06-03 17:00:00+00:00,828438.5005555556
2024-06-03 18:00:00+00:00,898609.5811111111
2024-06-03 19:00:00+00:00,382243.4313888889
2024-06-03 20:00:00+00:00,411917.56944444444
2024-06-03 21:00:00+00:00,296143.8677777778
2024-06-03 22:00:00+00:00,328940.4475
2024-06-03 23:00:00+00:00,171947.82277777776
2024-06-04 00:00:00+00:00,82314.99444444444
2024-06-04 01:00:00+00:00,31895.769166666665
2024-06-04 02:00:00+00:00,96122.8561111111
2024-06-04 03:00:00+00:00,819740.67
2024-06-04 04:00:00+00:00,320472.75
2024-06-04 05:00:00+00:00,348380.67333333334
2024-06-04 06:00:00+00:00,752631.2063888889
2024-06-04 07:00:00+00:00,360493.8594444444
2024-06-04 08:00:00+00:00,1263658.4752777778
2024-06-04 09:00:00+00:00,1128416.6497222222
2024-06-04 10:00:00+00:00,1018289.9930555555
2024-06-04 11:00:00+00:00,698788.5319444444
2024-06-04 12:00:00+00:00,1208820.066388889
2024-06-04 13:00:00+00:00,1161940.6766666668
2024-06-04 14:00:00+00:00,1490633.5266666666
2024-06-04 15:00:00+00:00,1206061.5330555555
2024-06-04 16:00:00+00:00,783992.9980555555
2024-06-04 17:00:00+00:00,881573.2011111111
2024-06-04 18:00:00+00:00,1019522.75
2024-06-04 19:00:00+00:00,1316753.2858333334
2024-06-04 20:00:00+00:00,814807.6922222222
2024-06-04 21:00:00+00:00,636324.5594444445
2024-06-04 22:00:00+00:00,400264.9636111111
2024-06-04 23:00:00+00:00,217185.48666666666
2024-06-05 00:00:00+00:00,257853.60583333333
2024-06-05 01:00:00+00:00,210048.45222222223
2024-06-05 02:00:00+00:00,295676.4302777778
2024-06-05 03:00:00+00:00,385748.7477777778
2024-06-05 04:00:00+00:00,1365067.5086111112
2024-06-05 05:00:00+00:00,668036.3441666666
2024-06-05 06:00:00+00:00,2314437.861111111
2024-06-05 07:00:00+00:00,1444155.5972222222
2024-06-05 08:00:00+00:00,1715636.5125
2024-06-05 09:00:00+00:00,1010292.5844444444
2024-06-05 10:00:00+00:00,788690.1325
2024-06-05 11:00:00+00:00,828656.9322222222
2024-06-05 12:00:00+00:00,479714.5291666667
2024-06-05 13:00:00+00:00,991310.34
2024-06-05 14:00:00+00:00,491939.89166666666
2024-06-05 15:00:00+00:00,876604.6872222222
2024-06-05 16:00:00+00:00,1182977.8105555556
2024-06-05 17:00:00+00:00,700042.3052777778
2024-06-05 18:00:00+00:00,1892136.6022222221
2024-06-05 19:00:00+00:00,660988.5919444445
2024-06-05 20:00:00+00:00,1306405.8105555556
2024-06-05 21:00:00+00:00,169796.1975
2024-06-05 22:00:00+00:00,421607.31666666665
2024-06-05 23:00:00+00:00,218053.08416666667
2024-06-06 00:00:00+00:00,88038.17305555556
2024-06-06 01:00:00+00:00,44303.19777777778
2024-06-06 02:00:00+00:00,301079.5538888889
2024-06-06 03:00:00+00:00,384748.7627777778
2024-06-06 04:00:00+00:00,572000.6069444445
2024-06-06 05:00:00+00:00,969087.1563888888
2024-06-06 06:00:00+00:00,1154643.808611111
2024-06-06 07:00:00+00:00,963365.7022222222
2024-06-06 08:00:00+00:00,785917.3736111111
2024-06-06 09:00:00+00:00,932616.1494444445
2024-06-06 10:00:00+00:00,3485600.512222222
2024-06-06 11:00:00+00:00,715718.1302777778
2024-06-06 12:00:00+00:00,583507.8075
2024-06-06 13:00:00+00:00,291740.84194444446
2024-06-06 14:00:00+00:00,1180987.697222222
2024-06-06 15:00:00+00:00,1161341.0086111112
2024-06-06 16:00:00+00:00,992948.6622222222
2024-06-06 17:00:00+00:00,1388071.8880555555
2024-06-06 18:00:00+00:00,1135657.515
2024-06-06 19:00:00+00:00,937329.3733333333
2024-06-06 20:00:00+00:00,1168691.4022222222
2024-06-06 21:00:00+00:00,446950.2577777778
2024-06-06 22:00:00+00:00,1162513.066388889
2024-06-06 23:00:00+00:00,268731.7961111111
2024-06-07 00:00:00+00:00,177205.53083333332
2024-06-07 01:00:00+00:00,502219.32194444444
2024-06-07 02:00:00+00:00,370373.42055555555
2024-06-07 03:00:00+00:00,278158.1711111111
2024-06-07 04:00:00+00:00,450511.99611111113
2024-06-07 05:00:00+00:00,440232.1625
2024-06-07 06:00:00+00:00,1017560.7066666667
2024-06-07 07:00:00+00:00,1411671.183888889
2024-06-07 08:00:00+00:00,768963.7813888888
2024-06-07 09:00:00+00:00,1861853.8919444445
2024-06-07 10:00:00+00:00,4469079.268888889
2024-06-07 11:00:00+00:00,1280861.5741666667
2024-06-07 12:00:00+00:00,1662240.1688888888
2024-06-07 13:00:00+00:00,725232.8163888889
2024-06-07 14:00:00+00:00,1176695.6080555555
2024-06-07 15:00:00+00:00,1085976.6519444445
2024-06-07 16:00:00+00:00,741013.1966666667
2024-06-07 17:00:00+00:00,3440614.548611111
2024-06-07 18:00:00+00:00,512378.1636111111
2024-06-07 19:00:00+00:00,851151.4175
2024-06-07 20:00:00+00:00,574627.06
2024-06-07 21:00:00+00:00,825053.2375
2024-06-07 22:00:00+00:00,439709.2727777778
2024-06-07 23:00:00+00:00,179968.0175
2024-06-08 00:00:00+00:00,510163.63444444444
2024-06-08 01:00:00+00:00,310330.1061111111
2024-06-08 02:00:00+00:00,209317.82944444445
2024-06-08 03:00:00+00:00,352755.1716666667
2024-06-08 04:00:00+00:00,419989.45166666666
2024-06-08 05:00:00+00:00,395234.7897222222
2024-06-08 06:00:00+00:00,774289.0991666666
2024-06-08 07:00:00+00:00,422081.64
2024-06-08 08:00:00+00:00,507185.0891666667
2024-06-08 09:00:00+00:00,674259.6302777778
2024-06-08 10:00:00+00:00,521606.7675
2024-06-08 11:00:00+00:00,316133.44416666665
2024-06-08 12:00:00+00:00,365410.6144444444
2024-06-08 13:00:00+00:00,1200206.1216666666
2024-06-08 14:00:00+00:00,540276.7408333333
2024-06-08 15:00:00+00:00,504900.6088888889
2024-06-08 16:00:00+00:00,571115.5925
2024-06-08 17:00:00+00:00,865258.5733333334
2024-06-08 18:00:00+00:00,610898.5616666666
2024-06-08 19:00:00+00:00,1288487.0052777778
2024-06-08 20:00:00+00:00,500210.97527777776
2024-06-08 21:00:00+00:00,489643.2238888889
2024-06-08 22:00:00+00:00,880827.3341666666
2024-06-08 23:00:00+00:00,130780.88638888889
2024-06-09 00:00:00+00:00,74150.1525
2024-06-09 01:00:00+00:00,104891.43916666666
2024-06-09 02:00:00+00:00,76603.75166666666
2024-06-09 03:00:00+00:00,100932.8163888889
2024-06-09 04:00:00+00:00,198486.66444444444
2024-06-09 05:00:00+00:00,421834.8175
2024-06-09 06:00:00+00:00,455165.62388888886
2024-06-09 07:00:00+00:00,828697.0
2024-06-09 08:00:00+00:00,811707.8808333334
2024-06-09 09:00:00+00:00,714597.3305555555
2024-06-09 10:00:00+00:00,506965.9555555555
2024-06-09 11:00:00+00:00,617542.6263888889
2024-06-09 12:00:00+00:00,281471.3075
2024-06-09 13:00:00+00:00,504382.1127777778
2024-06-09 14:00:00+00:00,772455.8947222222
2024-06-09 15:00:00+00:00,529362.3827777777
2024-06-09 16:00:00+00:00,960002.5747222222
2024-06-09 17:00:00+00:00,1535330.2733333334
2024-06-09 18:00:00+00:00,1161964.6886111111
2024-06-09 19:00:00+00:00,839932.0822222222
2024-06-09 20:00:00+00:00,571886.575
2024-06-09 21:00:00+00:00,1098359.0533333332
2024-06-09 22:00:00+00:00,637909.7058333333
2024-06-09 23:00:00+00:00,565537.1855555555
2024-06-10 00:00:00+00:00,236135.6925
2024-06-10 01:00:00+00:00,120271.50194444445
2024-06-10 02:00:00+00:00,327273.4447222222
2024-06-10 03:00:00+00:00,545442.3997222222
2024-06-10 04:00:00+00:00,1587131.6730555557
2024-06-10 05:00:00+00:00,2204501.5433333335
2024-06-10 06:00:00+00:00,1428945.4133333333
2024-06-10 07:00:00+00:00,1238322.6577777779
2024-06-10 08:00:00+00:00,1197112.427777778
2024-06-10 09:00:00+00:00,1381754.495
2024-06-10 10:00:00+00:00,1212013.3322222221
2024-06-10 11:00:00+00:00,1099532.1030555556
2024-06-10 12:00:00+00:00,1135974.3533333333
2024-06-10 13:00:00+00:00,890923.3008333333
2024-06-10 14:00:00+00:00,730178.6380555555
2024-06-10 15:00:00+00:00,1088458.43
2024-06-10 16:00:00+00:00,1091327.0197222221
2024-06-10 17:00:00+00:00,1555616.7947222223
2024-06-10 18:00:00+00:00,1451625.7477777777
2024-06-10 19:00:00+00:00,1273334.3494444445
2024-06-10 20:00:00+00:00,1149425.0636111111
2024-06-10 21:00:00+00:00,511677.3538888889
2024-06-10 22:00:00+00:00,531352.6622222222
2024-06-10 23:00:00+00:00,410252.33194444445
2024-06-11 00:00:00+00:00,220062.62083333332
2024-06-11 01:00:00+00:00,264563.67083333334
2024-06-11 02:00:00+00:00,381113.3027777778
2024-06-11 03:00:00+00:00,843792.1019444445
2024-06-11 04:00:00+00:00,776431.8988888889
2024-06-11 05:00:00+00:00,1164359.8275
2024-06-11 06:00:00+00:00,1602750.7619444444
2024-06-11 07:00:00+00:00,1479682.7755555555
2024-06-11 08:00:00+00:00,2023365.4655555557
2024-06-11 09:00:00+00:00,3558062.7897222224
2024-06-11 10:00:00+00:00,4242223.752222222
2024-06-11 11:00:00+00:00,1363719.3833333333
2024-06-11 12:00:00+00:00,608750.3605555556
2024-06-11 13:00:00+00:00,956735.9366666666
2024-06-11 14:00:00+00:00,1152781.7216666667
2024-06-11 15:00:00+00:00,1597223.9041666666
2024-06-11 16:00:00+00:00,817223.7794444445
2024-06-11 17:00:00+00:00,802121.1783333333
2024-06-11 18:00:00+00:00,1028519.2125
2024-06-11 19:00:00+00:00,1064177.7427777778
2024-06-11 20:00:00+00:00,683283.7719444444
2024-06-11 21:00:00+00:00,425005.4586111111
2024-06-11 22:00:00+00:00,341299.3725
2024-06-11 23:00:00+00:00,345753.83777777775
2024-06-12 00:00:00+00:00,168883.68
2024-06-12 01:00:00+00:00,142357.27138888888
2024-06-12 02:00:00+00:00,842843.6677777778
2024-06-12 03:00:00+00:00,735494.6633333333
2024-06-12 04:00:00+00:00,1004528.35
2024-06-12 05:00:00+00:00,985165.1352777778
2024-06-12 06:00:00+00:00,1786036.6719444445
2024-06-12 07:00:00+00:00,596306.0486111111
2024-06-12 08:00:00+00:00,667918.9466666667
2024-06-12 09:00:00+00:00,1123519.0769444443
2024-06-12 10:00:00+00:00,1610279.3305555556
2024-06-12 11:00:00+00:00,726403.8644444444
2024-06-12 12:00:00+00:00,1335137.8825
2024-06-12 13:00:00+00:00,647686.2244444444
2024-06-12 14:00:00+00:00,807619.1425
2024-06-12 15:00:00+00:00,1080179.0705555556
2024-06-12 16:00:00+00:00,992521.9319444444
2024-06-12 17:00:00+00:00,1073477.805
2024-06-12 18:00:00+00:00,974715.9563888889
2024-06-12 19:00:00+00:00,894344.7886111111
2024-06-12 20:00:00+00:00,731901.7227777778
2024-06-12 21:00:00+00:00,2940091.3341666665
2024-06-12 22:00:00+00:00,523928.28944444447
2024-06-12 23:00:00+00:00,359266.58777777775
2024-06-13 00:00:00+00:00,252520.58694444445
2024-06-13 01:00:00+00:00,531990.2002777777
2024-06-13 02:00:00+00:00,309895.4327777778
2024-06-13 03:00:00+00:00,649231.3788888889
2024-06-13 04:00:00+00:00,4768105.019166667
2024-06-13 05:00:00+00:00,865116.94
2024-06-13 06:00:00+00:00,675210.4075
2024-06-13 07:00:00+00:00,1596080.6122222221
2024-06-13 08:00:00+00:00,2115952.053611111
2024-06-13 09:00:00+00:00,1301779.745
2024-06-13 10:00:00+00:00,1699518.3172222222
2024-06-13 11:00:00+00:00,679336.1244444444
2024-06-13 12:00:00+00:00,600999.7597222222
2024-06-13 13:00:00+00:00,681282.3333333334
2024-06-13 14:00:00+00:00,524024.8925
2024-06-13 15:00:00+00:00,1393465.14
2024-06-13 16:00:00+00:00,915787.6441666667
2024-06-13 17:00:00+00:00,1180683.7777777778
2024-06-13 18:00:00+00:00,1226810.9094444443
2024-06-13 19:00:00+00:00,974767.4541666667
2024-06-13 20:00:00+00:00,740818.1730555556
2024-06-13 21:00:00+00:00,805659.2319444445
2024-06-13 22:00:00+00:00,660792.7425
2024-06-13 23:00:00+00:00,156517.54472222223
2024-06-14 00:00:00+00:00,138039.99694444446
2024-06-14 01:00:00+00:00,188293.63444444444
2024-06-14 02:00:00+00:00,404814.07694444444
2024-06-14 03:00:00+00:00,396728.93583333335
2024-06-14 04:00:00+00:00,1206643.3075
2024-06-14 05:00:00+00:00,555152.4661111111
2024-06-14 06:00:00+00:00,799154.1580555555
2024-06-14 07:00:00+00:00,1015850.2369444445
2024-06-14 08:00:00+00:00,776728.9525
2024-06-14 09:00:00+00:00,853758.1530555555
2024-06-14 10:00:00+00:00,1150256.9172222223
2024-06-14 11:00:00+00:00,979451.3516666667
2024-06-14 12:00:00+00:00,1369311.8733333333
2024-06-14 13:00:00+00:00,2006749.8291666666
2024-06-14 14:00:00+00:00,743032.3216666667
2024-06-14 15:00:00+00:00,836176.9919444445
2024-06-14 16:00:00+00:00,750127.5311111112
2024-06-14 17:00:00+00:00,898266.1888888889
2024-06-14 18:00:00+00:00,592252.4863888889
2024-06-14 19:00:00+00:00,625884.3958333334
2024-06-14 20:00:00+00:00,355143.7233333333
2024-06-14 21:00:00+00:00,493521.6561111111
2024-06-14 22:00:00+00:00,264921.3261111111
2024-06-14 23:00:00+00:00,162509.14916666667
2024-06-15 00:00:00+00:00,499636.9302777778
2024-06-15 01:00:00+00:00,141927.8502777778
2024-06-15 02:00:00+00:00,157802.02666666667
2024-06-15 03:00:00+00:00,190630.5575
2024-06-15 04:00:00+00:00,294210.3416666667
2024-06-15 05:00:00+00:00,270571.9272222222
2024-06-15 06:00:00+00:00,454091.0397222222
2024-06-15 07:00:00+00:00,847908.2444444444
2024-06-15 08:00:00+00:00,1709702.361388889
2024-06-15 09:00:00+00:00,513053.81583333336
2024-06-15 10:00:00+00:00,1190364.7897222221
2024-06-15 11:00:00+00:00,674766.1855555555
2024-06-15 12:00:00+00:00,807711.0616666666
2024-06-15 13:00:00+00:00,795093.5619444444
2024-06-15 14:00:00+00:00,818354.1952777777
2024-06-15 15:00:00+00:00,1057724.6466666667
2024-06-15 16:00:00+00:00,1434458.086388889
2024-06-15 17:00:00+00:00,833796.4222222222
2024-06-15 18:00:00+00:00,820862.7213888889
2024-06-15 19:00:00+00:00,671139.0738888889
2024-06-15 20:00:00+00:00,501250.8958333333
2024-06-15 21:00:00+00:00,464540.9241666667
2024-06-15 22:00:00+00:00,480948.2891666667
2024-06-15 23:00:00+00:00,344328.65694444446
2024-06-16 00:00:00+00:00,328489.8727777778
2024-06-16 01:00:00+00:00,146283.95166666666
2024-06-16 02:00:00+00:00,98744.00055555555
2024-06-16 03:00:00+00:00,167386.64111111112
2024-06-16 04:00:00+00:00,155307.26555555555
2024-06-16 05:00:00+00:00,314890.69166666665
2024-06-16 06:00:00+00:00,557229.1322222222
2024-06-16 07:00:00+00:00,274933.6777777778
2024-06-16 08:00:00+00:00,451060.6405555556
2024-06-16 09:00:00+00:00,580677.8930555555
2024-06-16 10:00:00+00:00,802535.1908333333
2024-06-16 11:00:00+00:00,781381.5022222223
2024-06-16 12:00:00+00:00,884735.05
2024-06-16 13:00:00+00:00,699375.125
2024-06-16 14:00:00+00:00,728061.0755555555
2024-06-16 15:00:00+00:00,861696.7730555555
2024-06-16 16:00:00+00:00,581252.5902777778
2024-06-16 17:00:00+00:00,622951.2513888889
2024-06-16 18:00:00+00:00,1190354.0280555557
2024-06-16 19:00:00+00:00,2045419.5358333334
2024-06-16 20:00:00+00:00,341815.93611111114
2024-06-16 21:00:00+00:00,959906.5102777778
2024-06-16 22:00:00+00:00,274341.6636111111
2024-06-16 23:00:00+00:00,844014.0211111112
2024-06-17 00:00:00+00:00,182232.86583333334
2024-06-17 01:00:00+00:00,336735.4658333333
2024-06-17 02:00:00+00:00,224665.70944444445
2024-06-17 03:00:00+00:00,1330518.3447222223
2024-06-17 04:00:00+00:00,726345.0133333333
2024-06-17 05:00:00+00:00,427958.4938888889
2024-06-17 06:00:00+00:00,746659.5466666666
2024-06-17 07:00:00+00:00,1237051.9366666668
2024-06-17 08:00:00+00:00,1721024.5919444445
2024-06-17 09:00:00+00:00,1429200.9305555555
2024-06-17 10:00:00+00:00,1175479.6963888889
2024-06-17 11:00:00+00:00,1396706.726111111
2024-06-17 12:00:00+00:00,1399511.8152777778
2024-06-17 13:00:00+00:00,1362519.1102777778
2024-06-17 14:00:00+00:00,844762.3138888889
2024-06-17 15:00:00+00:00,838587.3941666667
2024-06-17 16:00:00+00:00,1109239.6666666667
2024-06-17 17:00:00+00:00,1460770.5008333332
2024-06-17 18:00:00+00:00,1575999.2669444445
2024-06-17 19:00:00+00:00,865648.8008333333
2024-06-17 20:00:00+00:00,849280.7536111111
2024-06-17 21:00:00+00:00,902542.5288888889
2024-06-17 22:00:00+00:00,336673.1872222222
2024-06-17 23:00:00+00:00,328879.36083333334
2024-06-18 00:00:00+00:00,158601.03972222222
2024-06-18 01:00:00+00:00,297119.79083333333
2024-06-18 02:00:00+00:00,264931.3927777778
2024-06-18 03:00:00+00:00,575885.9158333334
2024-06-18 04:00:00+00:00,1235416.6530555557
2024-06-18 05:00:00+00:00,678273.7513888889
2024-06-18 06:00:00+00:00,1227724.881388889
2024-06-18 07:00:00+00:00,670474.4991666666
2024-06-18 08:00:00+00:00,609600.0455555556
2024-06-18 09:00:00+00:00,510161.8
2024-06-18 10:00:00+00:00,681061.3827777777
2024-06-18 11:00:00+00:00,532677.555
2024-06-18 12:00:00+00:00,499677.66694444447
2024-06-18 13:00:00+00:00,679297.1716666666
2024-06-18 14:00:00+00:00,587659.9680555556
2024-06-18 15:00:00+00:00,629977.0127777777
2024-06-18 16:00:00+00:00,767738.0761111111
2024-06-18 17:00:00+00:00,1070799.5677777778
2024-06-18 18:00:00+00:00,788664.5063888889
2024-06-18 19:00:00+00:00,555871.8772222223
2024-06-18 20:00:00+00:00,258504.94722222222
2024-06-18 21:00:00+00:00,153759.33333333334
2024-06-18 22:00:00+00:00,338902.91805555555
2024-06-18 23:00:00+00:00,217596.2563888889
2024-06-19 00:00:00+00:00,263782.5325
2024-06-19 01:00:00+00:00,94412.91972222223
2024-06-19 02:00:00+00:00,907324.4147222223
2024-06-19 03:00:00+00:00,168423.51583333334
2024-06-19 04:00:00+00:00,600034.7016666667
2024-06-19 05:00:00+00:00,314146.3275
2024-06-19 06:00:00+00:00,855573.3161111111
2024-06-19 07:00:00+00:00,741971.5197222222
2024-06-19 08:00:00+00:00,658403.165
2024-06-19 09:00:00+00:00,460632.28694444447
2024-06-19 10:00:00+00:00,925373.7380555555
2024-06-19 11:00:00+00:00,523793.3205555556
2024-06-19 12:00:00+00:00,461282.8102777778
2024-06-19 13:00:00+00:00,874294.9441666667
2024-06-19 14:00:00+00:00,425033.8125
2024-06-19 15:00:00+00:00,638904.9163888888
2024-06-19 16:00:00+00:00,488107.81833333336
2024-06-19 17:00:00+00:00,830961.7761111112
2024-06-19 18:00:00+00:00,1518038.5630555556
2024-06-19 19:00:00+00:00,977890.0819444444
2024-06-19 20:00:00+00:00,521888.6325
2024-06-19 21:00:00+00:00,560505.6266666667
2024-06-19 22:00:00+00:00,194506.97555555555
2024-06-19 23:00:00+00:00,222833.79833333334
2024-06-20 00:00:00+00:00,123942.15972222222
2024-06-20 01:00:00+00:00,260748.70666666667
2024-06-20 02:00:00+00:00,335091.81361111114
2024-06-20 03:00:00+00:00,625148.2683333333
2024-06-20 04:00:00+00:00,631885.5883333334
2024-06-20 05:00:00+00:00,852934.9044444445
2024-06-20 06:00:00+00:00,745918.2013888889
2024-06-20 07:00:00+00:00,1162449.7330555555
2024-06-20 08:00:00+00:00,1239776.6847222222
2024-06-20 09:00:00+00:00,1135627.3255555555
2024-06-20 10:00:00+00:00,1030773.4866666667
2024-06-20 11:00:00+00:00,558881.1097222222
2024-06-20 12:00:00+00:00,844601.4869444445
2024-06-20 13:00:00+00:00,768991.6744444445
2024-06-20 14:00:00+00:00,539690.2097222222
2024-06-20 15:00:00+00:00,1145422.1558333333
2024-06-20 16:00:00+00:00,925298.9658333333
2024-06-20 17:00:00+00:00,1247602.7072222221
2024-06-20 18:00:00+00:00,1571412.2505555556
2024-06-20 19:00:00+00:00,721711.9008333334
2024-06-20 20:00:00+00:00,818426.2736111111
2024-06-20 21:00:00+00:00,378637.28722222225
2024-06-20 22:00:00+00:00,1432643.2219444443
2024-06-20 23:00:00+00:00,147151.11666666667
2024-06-21 00:00:00+00:00,132054.6161111111
2024-06-21 01:00:00+00:00,332706.125
2024-06-21 02:00:00+00:00,468479.7275
2024-06-21 03:00:00+00:00,394659.68416666664
2024-06-21 04:00:00+00:00,913590.6016666667
2024-06-21 05:00:00+00:00,753978.2127777778
2024-06-21 06:00:00+00:00,669068.3722222223
2024-06-21 07:00:00+00:00,537338.8258333333
2024-06-21 08:00:00+00:00,697931.3580555556
2024-06-21 09:00:00+00:00,680610.3025
2024-06-21 10:00:00+00:00,754933.2297222222
2024-06-21 11:00:00+00:00,1060250.961388889
2024-06-21 12:00:00+00:00,1105228.8077777778
2024-06-21 13:00:00+00:00,503915.1127777778
2024-06-21 14:00:00+00:00,825709.6230555555
2024-06-21 15:00:00+00:00,1462068.9888888889
2024-06-21 16:00:00+00:00,1067824.465
2024-06-21 17:00:00+00:00,825597.5472222222
2024-06-21 18:00:00+00:00,631302.3825
2024-06-21 19:00:00+00:00,574778.58
2024-06-21 20:00:00+00:00,850867.8744444444
2024-06-21 21:00:00+00:00,359187.06194444443
2024-06-21 22:00:00+00:00,229038.41777777777
2024-06-21 23:00:00+00:00,115789.92777777778
2024-06-22 00:00:00+00:00,155265.48416666666
2024-06-22 01:00:00+00:00,164287.4436111111
2024-06-22 02:00:00+00:00,80258.37611111111
2024-06-22 03:00:00+00:00,196037.41805555555
2024-06-22 04:00:00+00:00,280701.075
2024-06-22 05:00:00+00:00,498753.13194444444
2024-06-22 06:00:00+00:00,450428.5991666667
2024-06-22 07:00:00+00:00,1139952.9477777777
2024-06-22 08:00:00+00:00,837121.3319444444
2024-06-22 09:00:00+00:00,728024.0325
2024-06-22 10:00:00+00:00,767140.7341666666
2024-06-22 11:00:00+00:00,1014524.4475
2024-06-22 12:00:00+00:00,629260.723611111
2024-06-22 13:00:00+00:00,384176.10833333334
2024-06-22 14:00:00+00:00,1112355.026388889
2024-06-22 15:00:00+00:00,998002.0544444445
2024-06-22 16:00:00+00:00,940042.3030555556
2024-06-22 17:00:00+00:00,693216.4975
2024-06-22 18:00:00+00:00,1074186.8816666666
2024-06-22 19:00:00+00:00,1050941.1830555554
2024-06-22 20:00:00+00:00,686369.5294444445
2024-06-22 21:00:00+00:00,556092.7041666667
2024-06-22 22:00:00+00:00,211026.91694444444
2024-06-22 23:00:00+00:00,960596.0286111111
2024-06-23 00:00:00+00:00,573749.925
2024-06-23 01:00:00+00:00,148427.87027777778
2024-06-23 02:00:00+00:00,124339.75
2024-06-23 03:00:00+00:00,441041.84305555554
2024-06-23 04:00:00+00:00,241707.49138888888
2024-06-23 05:00:00+00:00,329403.97444444447
2024-06-23 06:00:00+00:00,442906.99
2024-06-23 07:00:00+00:00,744082.4130555555
2024-06-23 08:00:00+00:00,1107156.9469444444
2024-06-23 09:00:00+00:00,1103637.0222222223
2024-06-23 10:00:00+00:00,792700.41
2024-06-23 11:00:00+00:00,656281.8744444444
2024-06-23 12:00:00+00:00,516678.27555555553
2024-06-23 13:00:00+00:00,594145.8522222223
2024-06-23 14:00:00+00:00,1919362.5611111112
2024-06-23 15:00:00+00:00,1381000.1702777778
2024-06-23 16:00:00+00:00,1561559.8219444444
2024-06-23 17:00:00+00:00,1353348.2358333333
2024-06-23 18:00:00+00:00,1767255.3030555556
2024-06-23 19:00:00+00:00,1840191.8533333333
2024-06-23 20:00:00+00:00,659931.2277777778
2024-06-23 21:00:00+00:00,709354.7466666667
2024-06-23 22:00:00+00:00,796066.0975
2024-06-23 23:00:00+00:00,532020.7988888889
2024-06-24 00:00:00+00:00,205484.51638888888
2024-06-24 01:00:00+00:00,179937.3986111111
2024-06-24 02:00:00+00:00,217228.41527777776
2024-06-24 03:00:00+00:00,1091547.9911111111
2024-06-24 04:00:00+00:00,1495854.1097222222
2024-06-24 05:00:00+00:00,1163930.3183333334
2024-06-24 06:00:00+00:00,1264311.3616666666
2024-06-24 07:00:00+00:00,775790.0641666667
2024-06-24 08:00:00+00:00,1035708.6947222222
2024-06-24 09:00:00+00:00,1019006.4611111111
2024-06-24 10:00:00+00:00,1052346.538611111
2024-06-24 11:00:00+00:00,715729.6633333333
2024-06-24 12:00:00+00:00,954658.0475
2024-06-24 13:00:00+00:00,1765885.8322222221
2024-06-24 14:00:00+00:00,1168653.305
2024-06-24 15:00:00+00:00,2088547.0958333334
2024-06-24 16:00:00+00:00,986639.6866666666
2024-06-24 17:00:00+00:00,1514714.4919444444
2024-06-24 18:00:00+00:00,845923.8566666667
2024-06-24 19:00:00+00:00,790673.0430555556
2024-06-24 20:00:00+00:00,1526212.3072222222
2024-06-24 21:00:00+00:00,970387.8063888889
2024-06-24 22:00:00+00:00,748413.3866666667
2024-06-24 23:00:00+00:00,357255.3983333333
2024-06-25 00:00:00+00:00,222124.8238888889
2024-06-25 01:00:00+00:00,279703.14722222224
2024-06-25 02:00:00+00:00,219585.89666666667
2024-06-25 03:00:00+00:00,476263.2447222222
2024-06-25 04:00:00+00:00,675687.1433333333
2024-06-25 05:00:00+00:00,705940.065
2024-06-25 06:00:00+00:00,2942336.9238888887
2024-06-25 07:00:00+00:00,1243762.1563888888
2024-06-25 08:00:00+00:00,1034549.2030555556
2024-06-25 09:00:00+00:00,2222326.5719444444
2024-06-25 10:00:00+00:00,1250947.6466666667
2024-06-25 11:00:00+00:00,1569585.118888889
2024-06-25 12:00:00+00:00,1022039.2288888888
2024-06-25 13:00:00+00:00,695081.02
2024-06-25 14:00:00+00:00,1043199.1569444444
2024-06-25 15:00:00+00:00,811781.9575
2024-06-25 16:00:00+00:00,1006103.8522222223
2024-06-25 17:00:00+00:00,1222236.6069444444
2024-06-25 18:00:00+00:00,1180918.1722222222
2024-06-25 19:00:00+00:00,1428546.7286111112
2024-06-25 20:00:00+00:00,677233.0313888888
2024-06-25 21:00:00+00:00,538210.6711111111
2024-06-25 22:00:00+00:00,468883.9375
2024-06-25 23:00:00+00:00,626571.5994444444
2024-06-26 00:00:00+00:00,153208.70194444444
2024-06-26 01:00:00+00:00,152689.2877777778
2024-06-26 02:00:00+00:00,428079.0711111111
2024-06-26 03:00:00+00:00,1861239.5319444444
2024-06-26 04:00:00+00:00,736413.5058333334
2024-06-26 05:00:00+00:00,874374.9166666666
2024-06-26 06:00:00+00:00,1097623.5558333334
2024-06-26 07:00:00+00:00,1165936.8869444444
2024-06-26 08:00:00+00:00,1275174.545
2024-06-26 09:00:00+00:00,2631549.233611111
2024-06-26 10:00:00+00:00,829889.9277777778
2024-06-26 11:00:00+00:00,828244.0922222222
2024-06-26 12:00:00+00:00,501961.7575
2024-06-26 13:00:00+00:00,1003414.2222222222
2024-06-26 14:00:00+00:00,1122564.2544444446
2024-06-26 15:00:00+00:00,1024626.6877777778
2024-06-26 16:00:00+00:00,793950.3461111111
2024-06-26 17:00:00+00:00,2005800.6338888889
2024-06-26 18:00:00+00:00,1950897.8836111112
2024-06-26 19:00:00+00:00,1099832.195
2024-06-26 20:00:00+00:00,749950.0961111111
2024-06-26 21:00:00+00:00,626595.3375
2024-06-26 22:00:00+00:00,376725.8411111111
2024-06-26 23:00:00+00:00,172508.92583333334
2024-06-27 00:00:00+00:00,75777.98055555555
2024-06-27 01:00:00+00:00,95716.34166666666
2024-06-27 02:00:00+00:00,449334.59194444446
2024-06-27 03:00:00+00:00,481429.3161111111
2024-06-27 04:00:00+00:00,1100834.5494444445
2024-06-27 05:00:00+00:00,796585.4825
2024-06-27 06:00:00+00:00,744451.6194444444
2024-06-27 07:00:00+00:00,1519316.8558333332
2024-06-27 08:00:00+00:00,992173.4366666666
2024-06-27 09:00:00+00:00,2936240.9916666667
2024-06-27 10:00:00+00:00,1172926.98
2024-06-27 11:00:00+00:00,662844.2769444444
2024-06-27 12:00:00+00:00,1392760.1038888888
2024-06-27 13:00:00+00:00,953179.6375
2024-06-27 14:00:00+00:00,1651422.8408333333
2024-06-27 15:00:00+00:00,952558.7005555555
2024-06-27 16:00:00+00:00,637935.5547222223
2024-06-27 17:00:00+00:00,819893.1677777778
2024-06-27 18:00:00+00:00,588696.2741666667
2024-06-27 19:00:00+00:00,380241.585
2024-06-27 20:00:00+00:00,605849.9988888889
2024-06-27 21:00:00+00:00,328695.8077777778
2024-06-27 22:00:00+00:00,227962.72861111112
2024-06-27 23:00:00+00:00,219758.71166666667
2024-06-28 00:00:00+00:00,151147.24527777778
2024-06-28 01:00:00+00:00,209607.87277777778
2024-06-28 02:00:00+00:00,223931.37472222222
2024-06-28 03:00:00+00:00,508909.86083333334
2024-06-28 04:00:00+00:00,439384.06361111114
2024-06-28 05:00:00+00:00,1075167.1805555555
2024-06-28 06:00:00+00:00,606714.7438888889
2024-06-28 07:00:00+00:00,1776633.9005555555
2024-06-28 08:00:00+00:00,671454.1538888889
2024-06-28 09:00:00+00:00,480644.4508333333
2024-06-28 10:00:00+00:00,2215317.571111111
2024-06-28 11:00:00+00:00,908333.8411111111
2024-06-28 12:00:00+00:00,1977547.575
2024-06-28 13:00:00+00:00,271756.5697222222
2024-06-28 14:00:00+00:00,226402.98083333333
2024-06-28 15:00:00+00:00,338275.38694444444
2024-06-28 16:00:00+00:00,556789.0672222222
2024-06-28 17:00:00+00:00,503255.83944444446
2024-06-28 18:00:00+00:00,717670.17
2024-06-28 19:00:00+00:00,507431.2369444444
2024-06-28 20:00:00+00:00,351028.2994444444
2024-06-28 21:00:00+00:00,179251.00722222222
2024-06-28 22:00:00+00:00,557677.88
2024-06-28 23:00:00+00:00,262279.7402777778
2024-06-29 00:00:00+00:00,133481.36527777778
2024-06-29 01:00:00+00:00,78227.29555555555
2024-06-29 02:00:00+00:00,136674.48611111112
2024-06-29 03:00:00+00:00,220226.60305555555
2024-06-29 04:00:00+00:00,162773.97444444444
2024-06-29 05:00:00+00:00,274810.8011111111
2024-06-29 06:00:00+00:00,468350.35444444447
2024-06-29 07:00:00+00:00,1269203.8941666668
2024-06-29 08:00:00+00:00,1198285.585
2024-06-29 09:00:00+00:00,918971.1083333333
2024-06-29 10:00:00+00:00,507087.4475
2024-06-29 11:00:00+00:00,442336.62388888886
2024-06-29 12:00:00+00:00,536483.1955555555
2024-06-29 13:00:00+00:00,503213.7391666667
2024-06-29 14:00:00+00:00,381149.0655555556
2024-06-29 15:00:00+00:00,370283.1722222222
2024-06-29 16:00:00+00:00,544089.9483333334
2024-06-29 17:00:00+00:00,1027454.8386111112
2024-06-29 18:00:00+00:00,635753.4233333333
2024-06-29 19:00:00+00:00,983915.0175
2024-06-29 20:00:00+00:00,396037.05
2024-06-29 21:00:00+00:00,245671.94861111112
2024-06-29 22:00:00+00:00,249642.19611111112
2024-06-29 23:00:00+00:00,134824.6486111111
2024-06-30 00:00:00+00:00,93202.77444444444
2024-06-30 01:00:00+00:00,157844.10611111112
2024-06-30 02:00:00+00:00,94049.11583333333
2024-06-30 03:00:00+00:00,317998.56444444443
2024-06-30 04:00:00+00:00,223770.02
2024-06-30 05:00:00+00:00,268410.16444444447
2024-06-30 06:00:00+00:00,402119.6116666667
2024-06-30 07:00:00+00:00,440455.7411111111
2024-06-30 08:00:00+00:00,491150.59527777776
2024-06-30 09:00:00+00:00,802200.0386111111
2024-06-30 10:00:00+00:00,436961.2002777778
2024-06-30 11:00:00+00:00,1215638.8741666668
2024-06-30 12:00:00+00:00,421312.7530555556
2024-06-30 13:00:00+00:00,256575.9075
2024-06-30 14:00:00+00:00,401718.43055555556
2024-06-30 15:00:00+00:00,321677.55305555556
2024-06-30 16:00:00+00:00,413847.9313888889
2024-06-30 17:00:00+00:00,676323.6847222223
2024-06-30 18:00:00+00:00,1427211.57
2024-06-30 19:00:00+00:00,632149.8413888889
2024-06-30 20:00:00+00:00,556861.5255555556
2024-06-30 21:00:00+00:00,458580.4147222222
2024-06-30 22:00:00+00:00,482909.86055555556
2024-06-30 23:00:00+00:00,587607.4427777778
2024-07-01 00:00:00+00:00,236309.69166666668
2024-07-01 01:00:00+00:00,82538.6836111111
2024-07-01 02:00:00+00:00,429052.8908333333
2024-07-01 03:00:00+00:00,540751.4555555555
2024-07-01 04:00:00+00:00,549414.6636111111
2024-07-01 05:00:00+00:00,602256.3963888889
2024-07-01 06:00:00+00:00,1111366.9358333333
2024-07-01 07:00:00+00:00,1036395.2027777778
2024-07-01 08:00:00+00:00,865832.7155555555
2024-07-01 09:00:00+00:00,1427998.47
2024-07-01 10:00:00+00:00,1285438.2647222222
2024-07-01 11:00:00+00:00,734550.0236111111
2024-07-01 12:00:00+00:00,812401.2758333334
2024-07-01 13:00:00+00:00,603106.0219444444
2024-07-01 14:00:00+00:00,450484.9075
2024-07-01 15:00:00+00:00,404994.83416666667
2024-07-01 16:00:00+00:00,431713.6413888889
2024-07-01 17:00:00+00:00,463044.3588888889
2024-07-01 18:00:00+00:00,458143.7011111111
2024-07-01 19:00:00+00:00,533441.0111111111
2024-07-01 20:00:00+00:00,334702.4325
2024-07-01 21:00:00+00:00,213137.86916666667
2024-07-01 22:00:00+00:00,188350.06722222222
2024-07-01 23:00:00+00:00,243649.2263888889
2024-07-02 00:00:00+00:00,194514.93277777778
2024-07-02 01:00:00+00:00,185370.63361111112
2024-07-02 02:00:00+00:00,166257.82444444444
2024-07-02 03:00:00+00:00,385628.6719444444
2024-07-02 04:00:00+00:00,673561.8072222222
2024-07-02 05:00:00+00:00,753776.9352777777
2024-07-02 06:00:00+00:00,756478.225
2024-07-02 07:00:00+00:00,1070904.4916666667
2024-07-02 08:00:00+00:00,623382.6497222222
2024-07-02 09:00:00+00:00,2606498.193611111
2024-07-02 10:00:00+00:00,892717.0397222223
2024-07-02 11:00:00+00:00,1001224.9097222222
2024-07-02 12:00:00+00:00,1107658.0225
2024-07-02 13:00:00+00:00,429463.6697222222
2024-07-02 14:00:00+00:00,270940.1788888889
2024-07-02 15:00:00+00:00,881718.1213888889
2024-07-02 16:00:00+00:00,447742.13666666666
2024-07-02 17:00:00+00:00,452494.3436111111
2024-07-02 18:00:00+00:00,371899.6563888889
2024-07-02 19:00:00+00:00,553715.3891666667
2024-07-02 20:00:00+00:00,468990.25666666665
2024-07-02 21:00:00+00:00,526184.7044444444
2024-07-02 22:00:00+00:00,111279.66527777778
2024-07-02 23:00:00+00:00,130236.59083333334
2024-07-03 00:00:00+00:00,192158.79555555555
2024-07-03 01:00:00+00:00,179324.225
2024-07-03 02:00:00+00:00,192180.10166666665
2024-07-03 03:00:00+00:00,272891.5422222222
2024-07-03 04:00:00+00:00,476786.56583333336
2024-07-03 05:00:00+00:00,836971.2975
2024-07-03 06:00:00+00:00,523996.71
2024-07-03 07:00:00+00:00,703201.1725
2024-07-03 08:00:00+00:00,1959143.2994444445
2024-07-03 09:00:00+00:00,901566.9708333333
2024-07-03 10:00:00+00:00,3496262.9438888887
2024-07-03 11:00:00+00:00,440575.3
2024-07-03 12:00:00+00:00,356426.2613888889
2024-07-03 13:00:00+00:00,294737.15055555553
2024-07-03 14:00:00+00:00,260989.93527777778
2024-07-03 15:00:00+00:00,259733.59666666668
2024-07-03 16:00:00+00:00,334528.42083333334
2024-07-03 17:00:00+00:00,431381.5752777778
2024-07-03 18:00:00+00:00,582002.7863888888
2024-07-03 19:00:00+00:00,274623.93166666664
2024-07-03 20:00:00+00:00,178776.98111111112
2024-07-03 21:00:00+00:00,197781.9922222222
2024-07-03 22:00:00+00:00,158368.55555555556
2024-07-03 23:00:00+00:00,78020.12222222223
2024-07-04 00:00:00+00:00,111253.55222222222
2024-07-04 01:00:00+00:00,112505.075
2024-07-04 02:00:00+00:00,427133.7733333333
2024-07-04 03:00:00+00:00,257698.51888888888
2024-07-04 04:00:00+00:00,391129.33972222224
2024-07-04 05:00:00+00:00,432713.055
2024-07-04 06:00:00+00:00,498220.5438888889
2024-07-04 07:00:00+00:00,1101628.1863888889
2024-07-04 08:00:00+00:00,2913844.719722222
2024-07-04 09:00:00+00:00,1150434.671111111
2024-07-04 10:00:00+00:00,1149689.9916666667
2024-07-04 11:00:00+00:00,1197466.565
2024-07-04 12:00:00+00:00,362700.2736111111
2024-07-04 13:00:00+00:00,321960.0925
2024-07-04 14:00:00+00:00,609659.3330555556
2024-07-04 15:00:00+00:00,1093822.4677777777
2024-07-04 16:00:00+00:00,654684.0983333334
2024-07-04 17:00:00+00:00,368549.6980555556
2024-07-04 18:00:00+00:00,205667.25194444443
2024-07-04 19:00:00+00:00,491818.4561111111
2024-07-04 20:00:00+00:00,802894.8288888889
2024-07-04 21:00:00+00:00,435147.68638888886
2024-07-04 22:00:00+00:00,627059.1569444444
2024-07-04 23:00:00+00:00,113929.12694444445
2024-07-05 00:00:00+00:00,915417.3030555556
2024-07-05 01:00:00+00:00,102594.65194444444
2024-07-05 02:00:00+00:00,114736.79777777777
2024-07-05 03:00:00+00:00,92939.22361111111
2024-07-05 04:00:00+00:00,107769.49277777778
2024-07-05 05:00:00+00:00,165205.15833333333
2024-07-05 06:00:00+00:00,247949.4586111111
2024-07-05 07:00:00+00:00,709301.755
2024-07-05 08:00:00+00:00,334868.5652777778
2024-07-05 09:00:00+00:00,412569.7208333333
2024-07-05 10:00:00+00:00,417067.8777777778
2024-07-05 11:00:00+00:00,368332.48
2024-07-05 12:00:00+00:00,558521.2247222222
2024-07-05 13:00:00+00:00,192071.6263888889
2024-07-05 14:00:00+00:00,193700.12444444443
2024-07-05 15:00:00+00:00,367883.0130555556
2024-07-05 16:00:00+00:00,514767.0525
2024-07-05 17:00:00+00:00,501110.57694444444
2024-07-05 18:00:00+00:00,416359.2836111111
2024-07-05 19:00:00+00:00,276242.61555555556
2024-07-05 20:00:00+00:00,182414.05583333335
2024-07-05 21:00:00+00:00,222403.8538888889
2024-07-05 22:00:00+00:00,128529.2838888889
2024-07-05 23:00:00+00:00,86384.78194444445
2024-07-06 00:00:00+00:00,87724.30055555556
2024-07-06 01:00:00+00:00,732518.5355555556
2024-07-06 02:00:00+00:00,78612.30694444444
2024-07-06 03:00:00+00:00,83658.47916666667
2024-07-06 04:00:00+00:00,147097.24916666668
2024-07-06 05:00:00+00:00,122501.82333333333
2024-07-06 06:00:00+00:00,158591.52
2024-07-06 07:00:00+00:00,291290.0502777778
2024-07-06 08:00:00+00:00,274338.7658333333
2024-07-06 09:00:00+00:00,390124.9116666667
2024-07-06 10:00:00+00:00,449456.9347222222
2024-07-06 11:00:00+00:00,566554.4236111111
2024-07-06 12:00:00+00:00,419489.99805555557
2024-07-06 13:00:00+00:00,380923.96055555553
2024-07-06 14:00:00+00:00,343819.0913888889
2024-07-06 15:00:00+00:00,280513.2288888889
2024-07-06 16:00:00+00:00,284884.6588888889
2024-07-06 17:00:00+00:00,492184.8622222222
2024-07-06 18:00:00+00:00,317041.38666666666
2024-07-06 19:00:00+00:00,440979.0780555556
2024-07-06 20:00:00+00:00,254068.11638888888
2024-07-06 21:00:00+00:00,441133.1852777778
2024-07-06 22:00:00+00:00,199858.70416666666
2024-07-06 23:00:00+00:00,268517.33
2024-07-07 00:00:00+00:00,789248.6772222222
2024-07-07 01:00:00+00:00,63036.740277777775
2024-07-07 02:00:00+00:00,30063.504166666666
2024-07-07 03:00:00+00:00,68560.35833333334
2024-07-07 04:00:00+00:00,122006.02666666667
2024-07-07 05:00:00+00:00,160782.8875
2024-07-07 06:00:00+00:00,196029.67416666666
2024-07-07 07:00:00+00:00,419701.04
2024-07-07 08:00:00+00:00,356910.1697222222
2024-07-07 09:00:00+00:00,544436.8436111112
2024-07-07 10:00:00+00:00,182057.73138888887
2024-07-07 11:00:00+00:00,202474.14694444445
2024-07-07 12:00:00+00:00,302492.59777777776
2024-07-07 13:00:00+00:00,268817.48555555556
2024-07-07 14:00:00+00:00,482363.8102777778
2024-07-07 15:00:00+00:00,883365.4813888889
2024-07-07 16:00:00+00:00,236232.32638888888
2024-07-07 17:00:00+00:00,352145.1613888889
2024-07-07 18:00:00+00:00,576331.6380555555
2024-07-07 19:00:00+00:00,432511.68666666665
2024-07-07 20:00:00+00:00,937097.1880555556
2024-07-07 21:00:00+00:00,207041.14777777778
2024-07-07 22:00:00+00:00,85928.605
2024-07-07 23:00:00+00:00,275790.21
2024-07-08 00:00:00+00:00,89263.13194444444
2024-07-08 01:00:00+00:00,97909.85805555555
2024-07-08 02:00:00+00:00,237475.8763888889
2024-07-08 03:00:00+00:00,314177.9347222222
2024-07-08 04:00:00+00:00,372120.8802777778
2024-07-08 05:00:00+00:00,221411.77083333334
2024-07-08 06:00:00+00:00,428683.8425
2024-07-08 07:00:00+00:00,906711.3063888889
2024-07-08 08:00:00+00:00,523849.89555555553
2024-07-08 09:00:00+00:00,301376.6252777778
2024-07-08 10:00:00+00:00,1112572.6955555556
2024-07-08 11:00:00+00:00,654193.1891666667
2024-07-08 12:00:00+00:00,258076.66583333333
2024-07-08 13:00:00+00:00,284428.9325
2024-07-08 14:00:00+00:00,459541.0780555556
2024-07-08 15:00:00+00:00,521446.3830555556
2024-07-08 16:00:00+00:00,668807.1988888889
2024-07-08 17:00:00+00:00,216434.55833333332
2024-07-08 18:00:00+00:00,767035.1302777778
2024-07-08 19:00:00+00:00,1572476.8830555556
2024-07-08 20:00:00+00:00,260195.88805555555
2024-07-08 21:00:00+00:00,637618.4375
2024-07-08 22:00:00+00:00,296066.7502777778
2024-07-08 23:00:00+00:00,103476.46833333334
2024-07-09 00:00:00+00:00,133805.51638888888
2024-07-09 01:00:00+00:00,79170.37944444445
2024-07-09 02:00:00+00:00,134535.725
2024-07-09 03:00:00+00:00,317718.77694444446
2024-07-09 04:00:00+00:00,372632.7297222222
2024-07-09 05:00:00+00:00,427479.09777777776
2024-07-09 06:00:00+00:00,615033.4063888888
2024-07-09 07:00:00+00:00,373026.4952777778
2024-07-09 08:00:00+00:00,428564.7322222222
2024-07-09 09:00:00+00:00,490158.74083333334
2024-07-09 10:00:00+00:00,486493.08444444445
2024-07-09 11:00:00+00:00,730825.3277777778
2024-07-09 12:00:00+00:00,495248.74888888886
2024-07-09 13:00:00+00:00,941081.8377777778
2024-07-09 14:00:00+00:00,268921.9913888889
2024-07-09 15:00:00+00:00,406895.83444444445
2024-07-09 16:00:00+00:00,853681.7113888889
2024-07-09 17:00:00+00:00,367376.57666666666
2024-07-09 18:00:00+00:00,599136.4169444444
2024-07-09 19:00:00+00:00,373755.0516666667
2024-07-09 20:00:00+00:00,725904.3897222222
2024-07-09 21:00:00+00:00,533957.1080555556
2024-07-09 22:00:00+00:00,550992.5055555556
2024-07-09 23:00:00+00:00,469038.4683333333
2024-07-10 00:00:00+00:00,210612.75166666668
2024-07-10 01:00:00+00:00,648800.1983333334
2024-07-10 02:00:00+00:00,354671.7630555556
2024-07-10 03:00:00+00:00,427462.2055555555
2024-07-10 04:00:00+00:00,590060.4491666667
2024-07-10 05:00:00+00:00,856572.545
2024-07-10 06:00:00+00:00,1020318.6402777778
2024-07-10 07:00:00+00:00,698887.3658333333
2024-07-10 08:00:00+00:00,658180.1669444444
2024-07-10 09:00:00+00:00,511565.3727777778
2024-07-10 10:00:00+00:00,452463.7791666667
2024-07-10 11:00:00+00:00,370915.6988888889
2024-07-10 12:00:00+00:00,1562886.9872222221
2024-07-10 13:00:00+00:00,336655.03472222225
2024-07-10 14:00:00+00:00,589679.6169444445
2024-07-10 15:00:00+00:00,455066.2725
2024-07-10 16:00:00+00:00,924772.5325
2024-07-10 17:00:00+00:00,807541.3758333334
2024-07-10 18:00:00+00:00,851638.7863888888
2024-07-10 19:00:00+00:00,542839.7827777778
2024-07-10 20:00:00+00:00,454222.81583333336
2024-07-10 21:00:00+00:00,309184.82666666666
2024-07-10 22:00:00+00:00,565198.1797222223
2024-07-10 23:00:00+00:00,526213.3311111111
2024-07-11 00:00:00+00:00,1397202.6341666668
2024-07-11 01:00:00+00:00,580453.1402777778
2024-07-11 02:00:00+00:00,142945.6638888889
2024-07-11 03:00:00+00:00,193206.00666666665
2024-07-11 04:00:00+00:00,662629.1252777778
2024-07-11 05:00:00+00:00,531610.295
2024-07-11 06:00:00+00:00,717240.3008333333
2024-07-11 07:00:00+00:00,937062.9141666667
2024-07-11 08:00:00+00:00,584095.8994444445
2024-07-11 09:00:00+00:00,919751.3052777778
2024-07-11 10:00:00+00:00,1446360.7552777778
2024-07-11 11:00:00+00:00,641176.3063888889
2024-07-11 12:00:00+00:00,392760.24888888886
2024-07-11 13:00:00+00:00,261550.8925
2024-07-11 14:00:00+00:00,553523.4788888888
2024-07-11 15:00:00+00:00,959288.5019444445
2024-07-11 16:00:00+00:00,669468.3772222223
2024-07-11 17:00:00+00:00,1350423.2591666668
2024-07-11 18:00:00+00:00,474966.4527777778
2024-07-11 19:00:00+00:00,594921.8352777777
2024-07-11 20:00:00+00:00,838256.0680555556
2024-07-11 21:00:00+00:00,1428783.2838888888
2024-07-11 22:00:00+00:00,533557.2077777778
2024-07-11 23:00:00+00:00,565078.2372222223
2024-07-12 00:00:00+00:00,126641.72861111112
2024-07-12 01:00:00+00:00,999645.5919444445
2024-07-12 02:00:00+00:00,481491.98527777777
2024-07-12 03:00:00+00:00,780223.0827777778
2024-07-12 04:00:00+00:00,1199963.611111111
2024-07-12 05:00:00+00:00,592512.4930555555
2024-07-12 06:00:00+00:00,586040.0891666666
2024-07-12 07:00:00+00:00,676262.1013888889
2024-07-12 08:00:00+00:00,638877.8316666667
2024-07-12 09:00:00+00:00,453767.45944444445
2024-07-12 10:00:00+00:00,445773.065
2024-07-12 11:00:00+00:00,371021.24333333335
2024-07-12 12:00:00+00:00,797840.1416666667
2024-07-12 13:00:00+00:00,439406.9352777778
2024-07-12 14:00:00+00:00,355006.8536111111
2024-07-12 15:00:00+00:00,430574.2761111111
2024-07-12 16:00:00+00:00,516722.9708333333
2024-07-12 17:00:00+00:00,344361.3725
2024-07-12 18:00:00+00:00,578697.9988888889
2024-07-12 19:00:00+00:00,552406.995
2024-07-12 20:00:00+00:00,564034.4119444444
2024-07-12 21:00:00+00:00,355539.2188888889
2024-07-12 22:00:00+00:00,159745.08444444445
2024-07-12 23:00:00+00:00,678010.2652777778
2024-07-13 00:00:00+00:00,400431.81055555557
2024-07-13 01:00:00+00:00,292036.09
2024-07-13 02:00:00+00:00,202546.70666666667
2024-07-13 03:00:00+00:00,252747.72833333333
2024-07-13 04:00:00+00:00,441586.9877777778
2024-07-13 05:00:00+00:00,187537.86472222224
2024-07-13 06:00:00+00:00,438761.0936111111
2024-07-13 07:00:00+00:00,701962.6752777778
2024-07-13 08:00:00+00:00,792404.6702777778
2024-07-13 09:00:00+00:00,506075.8616666667
2024-07-13 10:00:00+00:00,914723.0925
2024-07-13 11:00:00+00:00,409971.43305555556
2024-07-13 12:00:00+00:00,352982.37055555556
2024-07-13 13:00:00+00:00,1520069.7936111111
2024-07-13 14:00:00+00:00,1615935.993888889
2024-07-13 15:00:00+00:00,1346096.0744444444
2024-07-13 16:00:00+00:00,464025.8913888889
2024-07-13 17:00:00+00:00,593214.2694444444
2024-07-13 18:00:00+00:00,671423.5311111112
2024-07-13 19:00:00+00:00,512758.8436111111
2024-07-13 20:00:00+00:00,574443.2822222222
2024-07-13 21:00:00+00:00,309407.8313888889
2024-07-13 22:00:00+00:00,319042.4538888889
2024-07-13 23:00:00+00:00,126447.15388888889
2024-07-14 00:00:00+00:00,188362.17694444445
2024-07-14 01:00:00+00:00,742878.4002777778
2024-07-14 02:00:00+00:00,875282.5677777778
2024-07-14 03:00:00+00:00,590509.1661111111
2024-07-14 04:00:00+00:00,440536.4558333333
2024-07-14 05:00:00+00:00,120742.30611111112
2024-07-14 06:00:00+00:00,294742.47194444446
2024-07-14 07:00:00+00:00,325096.61583333334
2024-07-14 08:00:00+00:00,231385.655
2024-07-14 09:00:00+00:00,790420.0255555556
2024-07-14 10:00:00+00:00,438162.26972222223
2024-07-14 11:00:00+00:00,757219.8916666667
2024-07-14 12:00:00+00:00,437770.1930555556
2024-07-14 13:00:00+00:00,444002.9455555556
2024-07-14 14:00:00+00:00,695577.3455555555
2024-07-14 15:00:00+00:00,548064.2775
2024-07-14 16:00:00+00:00,274396.68861111114
2024-07-14 17:00:00+00:00,373993.22555555555
2024-07-14 18:00:00+00:00,487977.71722222224
2024-07-14 19:00:00+00:00,692458.0269444444
2024-07-14 20:00:00+00:00,998447.8375
2024-07-14 21:00:00+00:00,290863.80055555556
