method,rank,missing_rate,rmse,nrmse,dataset_id,shrinkage_value,window_size
KNNImputer,2.0,0.4,0.012848315758196548,0.0397979868918805,1,,
LinearInterpolation,,0.4,0.02047624462387205,0.06342569177722197,1,,
SoftImpute,,0.4,0.013033266000068888,0.04037087499956806,1,0.01,24.0
IterativeSVD,1.0,0.4,0.01301228659512725,0.04030589075582902,1,,24.0
IterativeSVD,1.0,0.4,0.013081635833701798,0.04052070179718992,1,,120.0
