method,rank,missing_rate,rmse,nrmse,dataset_id,shrinkage_value,window_size
KNNImputer,2.0,0.3,0.01773951200068558,0.054948592434868576,1,,
LinearInterpolation,,0.3,0.018477890544414115,0.05723573887161515,1,,
SoftImpute,,0.3,0.01797405138816172,0.055675084190214046,1,0.01,24.0
IterativeSVD,1.0,0.3,0.017965373852828443,0.05564820530243241,1,,24.0
SoftImpute,,0.3,0.017985456664330546,0.0557104123250457,1,0.01,120.0
IterativeSVD,1.0,0.3,0.017984324668231255,0.05570690593815662,1,,120.0
