method,rank,missing_rate,rmse,nrmse,dataset_id,shrinkage_value,window_size
KNNImputer,2.0,0.2,0.016826569013392825,0.05212072816650075,1,,
LinearInterpolation,,0.2,0.01790763634108116,0.05546936188210145,1,,
SoftImpute,,0.2,0.017136213540364334,0.05307986001362189,1,0.01,24.0
IterativeSVD,1.0,0.2,0.01713490043132176,0.053075792624755716,1,,24.0
IterativeSVD,1.0,0.2,0.01703807386516069,0.05277586985795994,1,,120.0
