method,rank,missing_rate,rmse,nrmse,dataset_id,shrinkage_value,window_size
KNNImputer,2.0,0.1,0.012230844037709625,0.037885352434530055,1,,
LinearInterpolation,,0.1,0.012115666309887006,0.03752858647482075,1,,
SoftImpute,,0.1,0.012598040208851963,0.03902275197240713,1,0.01,24.0
IterativeSVD,1.0,0.1,0.01259112090270634,0.03900131924453314,1,,24.0
SoftImpute,,0.1,0.01253429437846499,0.038825297631316986,1,0.01,120.0
IterativeSVD,1.0,0.1,0.012531631017751076,0.038817047803341435,1,,120.0
