time,original,imputed
2023-10-09 00:00:00+00:00,8276379.738055555,8276379.738055555
2023-10-09 01:00:00+00:00,6299608.462222222,6299608.462222222
2023-10-09 02:00:00+00:00,7835900.395555556,7835900.395555556
2023-10-09 03:00:00+00:00,13602940.93,13602940.93
2023-10-09 04:00:00+00:00,20451204.091944445,0.0
2023-10-09 05:00:00+00:00,20970318.870833334,20970318.870833334
2023-10-09 06:00:00+00:00,22799157.671944443,22799157.671944443
2023-10-09 07:00:00+00:00,21939613.58,21939613.58
2023-10-09 08:00:00+00:00,25529260.905277777,25529260.905277777
2023-10-09 09:00:00+00:00,24903899.36888889,24903899.36888889
2023-10-09 10:00:00+00:00,25717126.25,25717126.25
2023-10-09 11:00:00+00:00,23807387.804444443,23807387.804444443
2023-10-09 12:00:00+00:00,25434388.6725,25434388.6725
2023-10-09 13:00:00+00:00,25326540.150555555,25326540.150555555
2023-10-09 14:00:00+00:00,19854520.714722224,19854520.714722224
2023-10-09 15:00:00+00:00,18163936.384444445,18163936.384444445
2023-10-09 16:00:00+00:00,21321107.635,21321107.635
2023-10-09 17:00:00+00:00,20921662.67555556,0.0
2023-10-09 18:00:00+00:00,23828096.999166667,23828096.999166667
2023-10-09 19:00:00+00:00,26728812.155277777,26728812.155277777
2023-10-09 20:00:00+00:00,12968057.734444443,12968057.734444443
2023-10-09 21:00:00+00:00,18531725.38833333,18531725.38833333
2023-10-09 22:00:00+00:00,4987468.952222222,4987468.952222222
2023-10-09 23:00:00+00:00,7738498.059166667,7738498.059166667
2023-10-10 00:00:00+00:00,8054883.178888889,8054883.178888889
2023-10-10 01:00:00+00:00,5100392.598611111,5100392.598611111
2023-10-10 02:00:00+00:00,8536451.101666667,8536451.101666667
2023-10-10 03:00:00+00:00,12144692.306944445,0.0
2023-10-10 04:00:00+00:00,14768416.314444443,14768416.314444443
2023-10-10 05:00:00+00:00,19508922.24388889,19508922.24388889
2023-10-10 06:00:00+00:00,21216102.5675,21216102.5675
2023-10-10 07:00:00+00:00,20446412.890277777,20446412.890277777
2023-10-10 08:00:00+00:00,22449995.71333333,22449995.71333333
2023-10-10 09:00:00+00:00,20379052.92694445,20379052.92694445
2023-10-10 10:00:00+00:00,24221175.134166665,24221175.134166665
2023-10-10 11:00:00+00:00,19189401.129444443,19189401.129444443
2023-10-10 12:00:00+00:00,25542781.82583333,25542781.82583333
2023-10-10 13:00:00+00:00,22881667.65777778,22881667.65777778
2023-10-10 14:00:00+00:00,19728122.681111112,19728122.681111112
2023-10-10 15:00:00+00:00,19200641.1475,19200641.1475
2023-10-10 16:00:00+00:00,22421459.81472222,22421459.81472222
2023-10-10 17:00:00+00:00,24106312.252777778,24106312.252777778
2023-10-10 18:00:00+00:00,18286764.721666668,18286764.721666668
2023-10-10 19:00:00+00:00,14528121.72138889,14528121.72138889
2023-10-10 20:00:00+00:00,14122383.673611112,14122383.673611112
2023-10-10 21:00:00+00:00,16073082.335555555,16073082.335555555
2023-10-10 22:00:00+00:00,8512238.356666667,8512238.356666667
2023-10-10 23:00:00+00:00,7295466.239166667,7295466.239166667
2023-10-11 00:00:00+00:00,12105317.081666669,12105317.081666669
2023-10-11 01:00:00+00:00,8713835.816388888,8713835.816388888
2023-10-11 02:00:00+00:00,13444635.645277778,13444635.645277778
2023-10-11 03:00:00+00:00,13993634.240833333,0.0
2023-10-11 04:00:00+00:00,23317464.0525,23317464.0525
2023-10-11 05:00:00+00:00,25117867.13861111,25117867.13861111
2023-10-11 06:00:00+00:00,22874478.41722222,22874478.41722222
2023-10-11 07:00:00+00:00,21317679.51888889,21317679.51888889
2023-10-11 08:00:00+00:00,27031718.37555556,27031718.37555556
2023-10-11 09:00:00+00:00,24362994.48805556,24362994.48805556
2023-10-11 10:00:00+00:00,25726524.1725,25726524.1725
2023-10-11 11:00:00+00:00,22443241.23555556,22443241.23555556
2023-10-11 12:00:00+00:00,29232175.90861111,29232175.90861111
2023-10-11 13:00:00+00:00,20202523.658888888,20202523.658888888
2023-10-11 14:00:00+00:00,20179909.50055556,20179909.50055556
2023-10-11 15:00:00+00:00,19832610.0575,19832610.0575
2023-10-11 16:00:00+00:00,18791363.245277777,18791363.245277777
2023-10-11 17:00:00+00:00,22974910.84888889,22974910.84888889
2023-10-11 18:00:00+00:00,21890250.295277774,21890250.295277774
2023-10-11 19:00:00+00:00,17262791.366388887,17262791.366388887
2023-10-11 20:00:00+00:00,12463046.135833334,0.0
2023-10-11 21:00:00+00:00,6669676.821388889,6669676.821388889
2023-10-11 22:00:00+00:00,5461910.123333333,5461910.123333333
2023-10-11 23:00:00+00:00,6831506.8025,6831506.8025
2023-10-12 00:00:00+00:00,6900854.3475,6900854.3475
2023-10-12 01:00:00+00:00,5476923.585555555,5476923.585555555
2023-10-12 02:00:00+00:00,7428915.297777778,0.0
2023-10-12 03:00:00+00:00,11185739.875833333,11185739.875833333
2023-10-12 04:00:00+00:00,18032016.334444445,18032016.334444445
2023-10-12 05:00:00+00:00,22525604.405555557,22525604.405555557
2023-10-12 06:00:00+00:00,25763663.352222223,25763663.352222223
2023-10-12 07:00:00+00:00,28176251.616388887,28176251.616388887
2023-10-12 08:00:00+00:00,25803573.52444445,25803573.52444445
2023-10-12 09:00:00+00:00,22716487.392222226,22716487.392222226
2023-10-12 10:00:00+00:00,27040146.51333333,27040146.51333333
2023-10-12 11:00:00+00:00,20783691.31388889,20783691.31388889
2023-10-12 12:00:00+00:00,23107895.250277776,0.0
2023-10-12 13:00:00+00:00,17212018.30666667,0.0
2023-10-12 14:00:00+00:00,17585484.885277778,17585484.885277778
2023-10-12 15:00:00+00:00,18263678.789722223,18263678.789722223
2023-10-12 16:00:00+00:00,22331528.14333333,22331528.14333333
2023-10-12 17:00:00+00:00,17882045.333611112,17882045.333611112
2023-10-12 18:00:00+00:00,14121068.143333333,14121068.143333333
2023-10-12 19:00:00+00:00,10732585.766111111,10732585.766111111
2023-10-12 20:00:00+00:00,10616195.343333334,10616195.343333334
2023-10-12 21:00:00+00:00,6443905.536111111,6443905.536111111
2023-10-12 22:00:00+00:00,5349659.351388888,5349659.351388888
2023-10-12 23:00:00+00:00,5166657.197222223,5166657.197222223
2023-10-13 00:00:00+00:00,8132066.251666667,8132066.251666667
2023-10-13 01:00:00+00:00,6352276.2825,0.0
2023-10-13 02:00:00+00:00,9172305.025555557,9172305.025555557
2023-10-13 03:00:00+00:00,13043969.028055556,13043969.028055556
2023-10-13 04:00:00+00:00,23377590.93527778,23377590.93527778
2023-10-13 05:00:00+00:00,19710986.55194445,19710986.55194445
2023-10-13 06:00:00+00:00,21176603.80583333,21176603.80583333
2023-10-13 07:00:00+00:00,18669999.635,18669999.635
2023-10-13 08:00:00+00:00,24388639.29083333,24388639.29083333
2023-10-13 09:00:00+00:00,20284316.131666668,20284316.131666668
2023-10-13 10:00:00+00:00,19304886.38861111,19304886.38861111
2023-10-13 11:00:00+00:00,19272229.66138889,19272229.66138889
2023-10-13 12:00:00+00:00,18808045.756666668,0.0
2023-10-13 13:00:00+00:00,15254921.56138889,15254921.56138889
2023-10-13 14:00:00+00:00,14746263.055833334,14746263.055833334
2023-10-13 15:00:00+00:00,18814810.59972222,18814810.59972222
2023-10-13 16:00:00+00:00,11593477.472222222,11593477.472222222
2023-10-13 17:00:00+00:00,12363908.862222224,12363908.862222224
2023-10-13 18:00:00+00:00,20396156.151388887,20396156.151388887
2023-10-13 19:00:00+00:00,15621286.76638889,15621286.76638889
2023-10-13 20:00:00+00:00,12589649.174722224,12589649.174722224
2023-10-13 21:00:00+00:00,9079973.92111111,9079973.92111111
2023-10-13 22:00:00+00:00,5399726.538888888,5399726.538888888
2023-10-13 23:00:00+00:00,4526488.089166666,4526488.089166666
2023-10-14 00:00:00+00:00,5263303.152777778,5263303.152777778
2023-10-14 01:00:00+00:00,6029355.339722223,6029355.339722223
2023-10-14 02:00:00+00:00,7184724.291388889,0.0
2023-10-14 03:00:00+00:00,6548844.270277778,6548844.270277778
2023-10-14 04:00:00+00:00,9462690.976666668,0.0
2023-10-14 05:00:00+00:00,10869015.972777778,10869015.972777778
2023-10-14 06:00:00+00:00,14824218.883055557,14824218.883055557
2023-10-14 07:00:00+00:00,14870351.075833334,14870351.075833334
2023-10-14 08:00:00+00:00,19292861.988333333,19292861.988333333
2023-10-14 09:00:00+00:00,20061477.88083333,20061477.88083333
2023-10-14 10:00:00+00:00,17319685.8125,17319685.8125
2023-10-14 11:00:00+00:00,15176731.097777778,15176731.097777778
2023-10-14 12:00:00+00:00,20289509.87194445,20289509.87194445
2023-10-14 13:00:00+00:00,15118289.383055557,15118289.383055557
2023-10-14 14:00:00+00:00,17560858.129166666,17560858.129166666
2023-10-14 15:00:00+00:00,15337885.306944445,0.0
2023-10-14 16:00:00+00:00,16199669.367222222,16199669.367222222
2023-10-14 17:00:00+00:00,18951461.0275,18951461.0275
2023-10-14 18:00:00+00:00,20910480.19361111,20910480.19361111
2023-10-14 19:00:00+00:00,20140873.41055556,0.0
2023-10-14 20:00:00+00:00,14005606.75222222,14005606.75222222
2023-10-14 21:00:00+00:00,13486535.064166669,13486535.064166669
2023-10-14 22:00:00+00:00,7747319.488333333,7747319.488333333
2023-10-14 23:00:00+00:00,6585136.033055556,6585136.033055556
2023-10-15 00:00:00+00:00,7645814.066388889,7645814.066388889
2023-10-15 01:00:00+00:00,6626894.556111111,6626894.556111111
2023-10-15 02:00:00+00:00,7949155.2769444445,7949155.2769444445
2023-10-15 03:00:00+00:00,7206573.320833334,7206573.320833334
2023-10-15 04:00:00+00:00,8275694.431944445,8275694.431944445
2023-10-15 05:00:00+00:00,11196511.416666666,0.0
2023-10-15 06:00:00+00:00,12825635.203055557,12825635.203055557
2023-10-15 07:00:00+00:00,18284834.07333333,18284834.07333333
2023-10-15 08:00:00+00:00,18615214.3975,18615214.3975
2023-10-15 09:00:00+00:00,18512797.04,18512797.04
2023-10-15 10:00:00+00:00,18098013.25361111,18098013.25361111
2023-10-15 11:00:00+00:00,17618833.506666668,17618833.506666668
2023-10-15 12:00:00+00:00,18499567.928055555,18499567.928055555
2023-10-15 13:00:00+00:00,16945889.492222223,16945889.492222223
2023-10-15 14:00:00+00:00,17539536.08472222,17539536.08472222
2023-10-15 15:00:00+00:00,19934962.984444443,19934962.984444443
2023-10-15 16:00:00+00:00,22950766.293333333,22950766.293333333
2023-10-15 17:00:00+00:00,22807204.86611111,22807204.86611111
2023-10-15 18:00:00+00:00,27993856.454722226,27993856.454722226
2023-10-15 19:00:00+00:00,19518649.879722223,0.0
2023-10-15 20:00:00+00:00,14978142.643888889,14978142.643888889
2023-10-15 21:00:00+00:00,11416675.459444445,11416675.459444445
2023-10-15 22:00:00+00:00,7227431.735,7227431.735
2023-10-15 23:00:00+00:00,9472742.422777778,9472742.422777778
2023-10-16 00:00:00+00:00,6593005.657777778,6593005.657777778
2023-10-16 01:00:00+00:00,7731555.279166667,7731555.279166667
2023-10-16 02:00:00+00:00,7865849.943611111,7865849.943611111
2023-10-16 03:00:00+00:00,14709748.77527778,14709748.77527778
2023-10-16 04:00:00+00:00,20701616.02444445,20701616.02444445
2023-10-16 05:00:00+00:00,23558169.23555556,23558169.23555556
2023-10-16 06:00:00+00:00,38779822.99722222,38779822.99722222
2023-10-16 07:00:00+00:00,27083770.61138889,0.0
2023-10-16 08:00:00+00:00,25784528.74388889,25784528.74388889
2023-10-16 09:00:00+00:00,27638023.4075,27638023.4075
2023-10-16 10:00:00+00:00,26246616.336666662,26246616.336666662
2023-10-16 11:00:00+00:00,28804392.29888889,28804392.29888889
2023-10-16 12:00:00+00:00,29792146.475555558,29792146.475555558
2023-10-16 13:00:00+00:00,21053357.18972222,21053357.18972222
2023-10-16 14:00:00+00:00,21080261.01,21080261.01
2023-10-16 15:00:00+00:00,23854567.13972222,23854567.13972222
2023-10-16 16:00:00+00:00,22685033.25611111,22685033.25611111
2023-10-16 17:00:00+00:00,22461314.39888889,22461314.39888889
2023-10-16 18:00:00+00:00,23176233.48527778,23176233.48527778
2023-10-16 19:00:00+00:00,16564348.959722225,0.0
2023-10-16 20:00:00+00:00,15684186.46138889,15684186.46138889
2023-10-16 21:00:00+00:00,11029516.812777778,11029516.812777778
2023-10-16 22:00:00+00:00,8891364.03,8891364.03
2023-10-16 23:00:00+00:00,9939409.744166669,9939409.744166669
2023-10-17 00:00:00+00:00,8801060.615277778,8801060.615277778
2023-10-17 01:00:00+00:00,8950951.479444444,8950951.479444444
2023-10-17 02:00:00+00:00,8667993.831388889,8667993.831388889
2023-10-17 03:00:00+00:00,15328543.541666666,15328543.541666666
2023-10-17 04:00:00+00:00,23462343.30138889,23462343.30138889
2023-10-17 05:00:00+00:00,25836631.884444445,25836631.884444445
2023-10-17 06:00:00+00:00,29914922.30805556,29914922.30805556
2023-10-17 07:00:00+00:00,29851861.58777778,29851861.58777778
2023-10-17 08:00:00+00:00,30449325.210833333,30449325.210833333
2023-10-17 09:00:00+00:00,30518951.26888889,30518951.26888889
2023-10-17 10:00:00+00:00,32683444.819166668,32683444.819166668
2023-10-17 11:00:00+00:00,28906458.11972222,28906458.11972222
2023-10-17 12:00:00+00:00,25362322.192222223,0.0
2023-10-17 13:00:00+00:00,16388989.818333331,16388989.818333331
2023-10-17 14:00:00+00:00,17843753.077777777,17843753.077777777
2023-10-17 15:00:00+00:00,13723443.03861111,13723443.03861111
2023-10-17 16:00:00+00:00,13557522.721111111,13557522.721111111
2023-10-17 17:00:00+00:00,13350932.147777775,13350932.147777775
2023-10-17 18:00:00+00:00,12480898.880555555,12480898.880555555
2023-10-17 19:00:00+00:00,10984954.188055556,10984954.188055556
2023-10-17 20:00:00+00:00,8438581.816388888,8438581.816388888
2023-10-17 21:00:00+00:00,12089438.088333333,12089438.088333333
2023-10-17 22:00:00+00:00,7391863.095277778,7391863.095277778
2023-10-17 23:00:00+00:00,5443268.002222222,5443268.002222222
2023-10-18 00:00:00+00:00,4545192.362222223,4545192.362222223
2023-10-18 01:00:00+00:00,3617409.966666667,3617409.966666667
2023-10-18 02:00:00+00:00,5502131.753888889,5502131.753888889
2023-10-18 03:00:00+00:00,8211869.647222222,8211869.647222222
2023-10-18 04:00:00+00:00,16712565.507777778,16712565.507777778
2023-10-18 05:00:00+00:00,18762741.911111116,18762741.911111116
2023-10-18 06:00:00+00:00,20102326.81083333,20102326.81083333
2023-10-18 07:00:00+00:00,18549463.045,18549463.045
2023-10-18 08:00:00+00:00,14319234.819166666,14319234.819166666
2023-10-18 09:00:00+00:00,13729781.421944443,13729781.421944443
2023-10-18 10:00:00+00:00,14860880.297222223,0.0
2023-10-18 11:00:00+00:00,15590644.8675,15590644.8675
2023-10-18 12:00:00+00:00,16276890.91361111,16276890.91361111
2023-10-18 13:00:00+00:00,14962608.823888889,14962608.823888889
2023-10-18 14:00:00+00:00,14352532.283055555,14352532.283055555
2023-10-18 15:00:00+00:00,12837937.176944444,12837937.176944444
2023-10-18 16:00:00+00:00,13491678.691944445,13491678.691944445
2023-10-18 17:00:00+00:00,12999862.704166668,12999862.704166668
2023-10-18 18:00:00+00:00,12404916.56,12404916.56
2023-10-18 19:00:00+00:00,8901929.822222222,8901929.822222222
2023-10-18 20:00:00+00:00,7737892.042222222,7737892.042222222
2023-10-18 21:00:00+00:00,4312615.5633333335,4312615.5633333335
2023-10-18 22:00:00+00:00,3158824.2430555555,0.0
2023-10-18 23:00:00+00:00,6275647.850277778,6275647.850277778
2023-10-19 00:00:00+00:00,2714976.668888889,2714976.668888889
2023-10-19 01:00:00+00:00,4961429.265,4961429.265
2023-10-19 02:00:00+00:00,4185303.1472222223,4185303.1472222223
2023-10-19 03:00:00+00:00,7171043.933611111,7171043.933611111
2023-10-19 04:00:00+00:00,13271357.38611111,13271357.38611111
2023-10-19 05:00:00+00:00,12186798.140277777,12186798.140277777
2023-10-19 06:00:00+00:00,16807773.45388889,16807773.45388889
2023-10-19 07:00:00+00:00,13788025.841944445,13788025.841944445
2023-10-19 08:00:00+00:00,14723409.62277778,14723409.62277778
2023-10-19 09:00:00+00:00,15800481.486111112,15800481.486111112
2023-10-19 10:00:00+00:00,17339668.578055557,17339668.578055557
2023-10-19 11:00:00+00:00,12871649.255,12871649.255
2023-10-19 12:00:00+00:00,16105343.628611112,16105343.628611112
2023-10-19 13:00:00+00:00,15244756.592222225,15244756.592222225
2023-10-19 14:00:00+00:00,13406231.488055555,13406231.488055555
2023-10-19 15:00:00+00:00,13169979.64,13169979.64
2023-10-19 16:00:00+00:00,10163039.796666669,10163039.796666669
2023-10-19 17:00:00+00:00,26400621.62888889,26400621.62888889
2023-10-19 18:00:00+00:00,11735639.860277778,0.0
2023-10-19 19:00:00+00:00,10977482.633055557,10977482.633055557
2023-10-19 20:00:00+00:00,8364641.171944444,8364641.171944444
2023-10-19 21:00:00+00:00,5908837.849722222,5908837.849722222
2023-10-19 22:00:00+00:00,4752168.575833334,4752168.575833334
2023-10-19 23:00:00+00:00,3405765.097777778,3405765.097777778
2023-10-20 00:00:00+00:00,5888566.791944444,5888566.791944444
2023-10-20 01:00:00+00:00,6276579.083333333,6276579.083333333
2023-10-20 02:00:00+00:00,5757785.929444444,5757785.929444444
2023-10-20 03:00:00+00:00,6364190.803055556,6364190.803055556
2023-10-20 04:00:00+00:00,12417452.4025,12417452.4025
2023-10-20 05:00:00+00:00,13638618.324444445,0.0
2023-10-20 06:00:00+00:00,16103305.371666666,0.0
2023-10-20 07:00:00+00:00,14743741.601666668,14743741.601666668
2023-10-20 08:00:00+00:00,17850162.331944443,0.0
2023-10-20 09:00:00+00:00,17442434.41527778,17442434.41527778
2023-10-20 10:00:00+00:00,17243382.3975,17243382.3975
2023-10-20 11:00:00+00:00,15683512.91111111,15683512.91111111
2023-10-20 12:00:00+00:00,11315162.704166668,11315162.704166668
2023-10-20 13:00:00+00:00,11822411.105,11822411.105
2023-10-20 14:00:00+00:00,10252459.85111111,10252459.85111111
2023-10-20 15:00:00+00:00,11467060.706666669,11467060.706666669
2023-10-20 16:00:00+00:00,10561826.744166669,0.0
2023-10-20 17:00:00+00:00,11611314.108888889,11611314.108888889
2023-10-20 18:00:00+00:00,14140511.374166667,14140511.374166667
2023-10-20 19:00:00+00:00,9470122.450555556,9470122.450555556
2023-10-20 20:00:00+00:00,9015580.53611111,9015580.53611111
2023-10-20 21:00:00+00:00,7145380.201388889,7145380.201388889
2023-10-20 22:00:00+00:00,4551268.133333334,0.0
2023-10-20 23:00:00+00:00,4407714.353055555,4407714.353055555
2023-10-21 00:00:00+00:00,4277580.238333333,4277580.238333333
2023-10-21 01:00:00+00:00,2705265.475,2705265.475
2023-10-21 02:00:00+00:00,7843795.8825,7843795.8825
2023-10-21 03:00:00+00:00,4541457.905277777,0.0
2023-10-21 04:00:00+00:00,7708699.669444445,7708699.669444445
2023-10-21 05:00:00+00:00,6581432.341111111,0.0
2023-10-21 06:00:00+00:00,9772191.43861111,9772191.43861111
2023-10-21 07:00:00+00:00,11062657.485555556,11062657.485555556
2023-10-21 08:00:00+00:00,10239976.3375,10239976.3375
2023-10-21 09:00:00+00:00,10567529.256666666,10567529.256666666
2023-10-21 10:00:00+00:00,9824742.00222222,9824742.00222222
2023-10-21 11:00:00+00:00,10257458.475277778,10257458.475277778
2023-10-21 12:00:00+00:00,8448086.80361111,8448086.80361111
2023-10-21 13:00:00+00:00,8782949.066111112,8782949.066111112
2023-10-21 14:00:00+00:00,8716550.168055555,8716550.168055555
2023-10-21 15:00:00+00:00,11278362.595555555,11278362.595555555
2023-10-21 16:00:00+00:00,13716149.695833333,13716149.695833333
2023-10-21 17:00:00+00:00,14589599.35861111,14589599.35861111
2023-10-21 18:00:00+00:00,12976529.995833334,12976529.995833334
2023-10-21 19:00:00+00:00,13378214.722222222,13378214.722222222
2023-10-21 20:00:00+00:00,11345425.826944444,11345425.826944444
2023-10-21 21:00:00+00:00,10975107.489444444,10975107.489444444
2023-10-21 22:00:00+00:00,4746792.211944444,4746792.211944444
2023-10-21 23:00:00+00:00,5552411.482777778,5552411.482777778
2023-10-22 00:00:00+00:00,6042015.684166667,6042015.684166667
2023-10-22 01:00:00+00:00,3509085.69,3509085.69
2023-10-22 02:00:00+00:00,6871325.315,6871325.315
2023-10-22 03:00:00+00:00,5603274.336111112,5603274.336111112
2023-10-22 04:00:00+00:00,5697179.0494444445,5697179.0494444445
2023-10-22 05:00:00+00:00,8343079.579166667,8343079.579166667
2023-10-22 06:00:00+00:00,8847252.831944445,8847252.831944445
2023-10-22 07:00:00+00:00,10093634.73361111,10093634.73361111
2023-10-22 08:00:00+00:00,12397724.404722225,12397724.404722225
2023-10-22 09:00:00+00:00,11475083.124722222,11475083.124722222
2023-10-22 10:00:00+00:00,13844215.17,13844215.17
2023-10-22 11:00:00+00:00,14233561.325555556,14233561.325555556
2023-10-22 12:00:00+00:00,12431050.800277775,12431050.800277775
2023-10-22 13:00:00+00:00,12110544.556388889,12110544.556388889
2023-10-22 14:00:00+00:00,12078044.983333332,12078044.983333332
2023-10-22 15:00:00+00:00,16359084.710833332,16359084.710833332
2023-10-22 16:00:00+00:00,14445604.46611111,14445604.46611111
2023-10-22 17:00:00+00:00,18706377.543333333,18706377.543333333
2023-10-22 18:00:00+00:00,18677913.1175,18677913.1175
2023-10-22 19:00:00+00:00,12865118.394444443,12865118.394444443
2023-10-22 20:00:00+00:00,10096317.534444444,10096317.534444444
2023-10-22 21:00:00+00:00,7567842.9025,7567842.9025
2023-10-22 22:00:00+00:00,5347666.064722222,5347666.064722222
2023-10-22 23:00:00+00:00,5859790.4475,5859790.4475
2023-10-23 00:00:00+00:00,6081593.9783333335,0.0
2023-10-23 01:00:00+00:00,6562837.094722223,6562837.094722223
2023-10-23 02:00:00+00:00,7806975.795555555,0.0
2023-10-23 03:00:00+00:00,10502277.718333334,10502277.718333334
2023-10-23 04:00:00+00:00,17200023.64888889,17200023.64888889
2023-10-23 05:00:00+00:00,17003442.745277777,17003442.745277777
2023-10-23 06:00:00+00:00,19434285.1275,19434285.1275
2023-10-23 07:00:00+00:00,17484777.235,17484777.235
2023-10-23 08:00:00+00:00,21202346.98194445,21202346.98194445
2023-10-23 09:00:00+00:00,16978269.9125,16978269.9125
2023-10-23 10:00:00+00:00,17224200.2275,17224200.2275
2023-10-23 11:00:00+00:00,16176287.328333331,16176287.328333331
2023-10-23 12:00:00+00:00,17263416.56388889,17263416.56388889
2023-10-23 13:00:00+00:00,21954604.74861111,0.0
2023-10-23 14:00:00+00:00,16217958.918055557,16217958.918055557
2023-10-23 15:00:00+00:00,18627373.097222224,18627373.097222224
2023-10-23 16:00:00+00:00,17492456.812222224,17492456.812222224
2023-10-23 17:00:00+00:00,19164410.95777778,19164410.95777778
2023-10-23 18:00:00+00:00,15651993.292222222,15651993.292222222
2023-10-23 19:00:00+00:00,18995656.035,18995656.035
2023-10-23 20:00:00+00:00,16392482.47472222,16392482.47472222
2023-10-23 21:00:00+00:00,10720384.74361111,10720384.74361111
2023-10-23 22:00:00+00:00,7853976.8975,7853976.8975
2023-10-23 23:00:00+00:00,5376170.075555556,5376170.075555556
2023-10-24 00:00:00+00:00,7474829.056111111,7474829.056111111
2023-10-24 01:00:00+00:00,13640914.4825,13640914.4825
2023-10-24 02:00:00+00:00,13245489.737777775,13245489.737777775
2023-10-24 03:00:00+00:00,10371431.11861111,0.0
2023-10-24 04:00:00+00:00,20118158.266666666,20118158.266666666
2023-10-24 05:00:00+00:00,18837901.0875,18837901.0875
2023-10-24 06:00:00+00:00,22423211.990555555,22423211.990555555
2023-10-24 07:00:00+00:00,22170526.60611111,22170526.60611111
2023-10-24 08:00:00+00:00,22329165.199444443,22329165.199444443
2023-10-24 09:00:00+00:00,24521461.739722226,24521461.739722226
2023-10-24 10:00:00+00:00,22280270.78,22280270.78
2023-10-24 11:00:00+00:00,22211047.592777777,22211047.592777777
2023-10-24 12:00:00+00:00,21664479.934166662,21664479.934166662
2023-10-24 13:00:00+00:00,20861932.448055554,20861932.448055554
2023-10-24 14:00:00+00:00,21905368.85138889,21905368.85138889
2023-10-24 15:00:00+00:00,21426986.92611111,21426986.92611111
2023-10-24 16:00:00+00:00,24163695.394722223,24163695.394722223
2023-10-24 17:00:00+00:00,25144054.284722224,25144054.284722224
2023-10-24 18:00:00+00:00,21756152.980277777,21756152.980277777
2023-10-24 19:00:00+00:00,16607006.310555557,16607006.310555557
2023-10-24 20:00:00+00:00,10890435.830277778,10890435.830277778
2023-10-24 21:00:00+00:00,8055395.6327777775,8055395.6327777775
2023-10-24 22:00:00+00:00,5605583.583055556,5605583.583055556
2023-10-24 23:00:00+00:00,7012682.930833333,7012682.930833333
2023-10-25 00:00:00+00:00,13512987.333888888,13512987.333888888
2023-10-25 01:00:00+00:00,7519860.993611111,7519860.993611111
2023-10-25 02:00:00+00:00,5851070.978055555,5851070.978055555
2023-10-25 03:00:00+00:00,8181816.521944445,8181816.521944445
2023-10-25 04:00:00+00:00,16268208.693333331,16268208.693333331
2023-10-25 05:00:00+00:00,21278891.101944443,21278891.101944443
2023-10-25 06:00:00+00:00,21909956.032222223,21909956.032222223
2023-10-25 07:00:00+00:00,20963772.72,20963772.72
2023-10-25 08:00:00+00:00,27312363.381944444,27312363.381944444
2023-10-25 09:00:00+00:00,23547428.895,23547428.895
2023-10-25 10:00:00+00:00,24680634.42388889,0.0
2023-10-25 11:00:00+00:00,25376978.535,25376978.535
2023-10-25 12:00:00+00:00,25348794.86972222,25348794.86972222
2023-10-25 13:00:00+00:00,19564033.839722224,19564033.839722224
2023-10-25 14:00:00+00:00,21957569.646944445,21957569.646944445
2023-10-25 15:00:00+00:00,25188457.461666662,25188457.461666662
2023-10-25 16:00:00+00:00,23064101.779166665,23064101.779166665
2023-10-25 17:00:00+00:00,19485229.039166667,19485229.039166667
2023-10-25 18:00:00+00:00,20336313.17,20336313.17
2023-10-25 19:00:00+00:00,19682180.38583333,19682180.38583333
2023-10-25 20:00:00+00:00,18512427.279444445,18512427.279444445
2023-10-25 21:00:00+00:00,12578567.949444445,12578567.949444445
2023-10-25 22:00:00+00:00,8893418.790833334,8893418.790833334
2023-10-25 23:00:00+00:00,6989510.6466666665,6989510.6466666665
2023-10-26 00:00:00+00:00,10754097.046666669,10754097.046666669
2023-10-26 01:00:00+00:00,6691037.421111112,6691037.421111112
2023-10-26 02:00:00+00:00,15226160.246111112,15226160.246111112
2023-10-26 03:00:00+00:00,11005769.441944445,11005769.441944445
2023-10-26 04:00:00+00:00,27966567.242222223,0.0
2023-10-26 05:00:00+00:00,29860328.958611112,29860328.958611112
2023-10-26 06:00:00+00:00,43735815.1775,0.0
2023-10-26 07:00:00+00:00,31054595.90083333,31054595.90083333
2023-10-26 08:00:00+00:00,27070225.83277778,27070225.83277778
2023-10-26 09:00:00+00:00,24992509.60722222,24992509.60722222
2023-10-26 10:00:00+00:00,23737734.660277776,23737734.660277776
2023-10-26 11:00:00+00:00,27465709.49333333,27465709.49333333
2023-10-26 12:00:00+00:00,26043425.821944445,26043425.821944445
2023-10-26 13:00:00+00:00,20098332.651388887,0.0
2023-10-26 14:00:00+00:00,24385264.657222223,0.0
2023-10-26 15:00:00+00:00,21131345.09222222,0.0
2023-10-26 16:00:00+00:00,21002810.93166667,21002810.93166667
2023-10-26 17:00:00+00:00,22349442.05111111,22349442.05111111
2023-10-26 18:00:00+00:00,18563627.78138889,18563627.78138889
2023-10-26 19:00:00+00:00,24897585.87277778,24897585.87277778
2023-10-26 20:00:00+00:00,12698231.224444443,0.0
2023-10-26 21:00:00+00:00,9510525.291111112,9510525.291111112
2023-10-26 22:00:00+00:00,7497516.983611111,7497516.983611111
2023-10-26 23:00:00+00:00,6780066.683888889,6780066.683888889
2023-10-27 00:00:00+00:00,10035654.983055556,10035654.983055556
2023-10-27 01:00:00+00:00,10630829.781388888,10630829.781388888
2023-10-27 02:00:00+00:00,7736077.041944444,0.0
2023-10-27 03:00:00+00:00,10521696.645833334,10521696.645833334
2023-10-27 04:00:00+00:00,15081226.092777776,15081226.092777776
2023-10-27 05:00:00+00:00,20843214.004166663,20843214.004166663
2023-10-27 06:00:00+00:00,17702583.557777777,17702583.557777777
2023-10-27 07:00:00+00:00,19208172.503055558,19208172.503055558
2023-10-27 08:00:00+00:00,18728713.97861111,18728713.97861111
2023-10-27 09:00:00+00:00,21222593.96055556,21222593.96055556
2023-10-27 10:00:00+00:00,24213836.495277777,24213836.495277777
2023-10-27 11:00:00+00:00,25645408.53861111,25645408.53861111
2023-10-27 12:00:00+00:00,15670825.043055557,15670825.043055557
2023-10-27 13:00:00+00:00,22925059.179722223,22925059.179722223
2023-10-27 14:00:00+00:00,14731132.76972222,14731132.76972222
2023-10-27 15:00:00+00:00,18666569.96888889,18666569.96888889
2023-10-27 16:00:00+00:00,19102531.241944443,0.0
2023-10-27 17:00:00+00:00,16174083.069722222,16174083.069722222
2023-10-27 18:00:00+00:00,17472413.32583333,0.0
2023-10-27 19:00:00+00:00,21814777.518055554,21814777.518055554
2023-10-27 20:00:00+00:00,12403230.520833334,12403230.520833334
2023-10-27 21:00:00+00:00,11643023.75,11643023.75
2023-10-27 22:00:00+00:00,8842769.1075,0.0
2023-10-27 23:00:00+00:00,7773673.03,7773673.03
2023-10-28 00:00:00+00:00,7229097.425,7229097.425
2023-10-28 01:00:00+00:00,5832459.0125,5832459.0125
2023-10-28 02:00:00+00:00,7396830.055833333,7396830.055833333
2023-10-28 03:00:00+00:00,10081506.574166669,10081506.574166669
2023-10-28 04:00:00+00:00,8548480.127777778,8548480.127777778
2023-10-28 05:00:00+00:00,13537043.772777775,13537043.772777775
2023-10-28 06:00:00+00:00,16287375.371666666,16287375.371666666
2023-10-28 07:00:00+00:00,14462938.197222222,14462938.197222222
2023-10-28 08:00:00+00:00,15196164.421944443,15196164.421944443
2023-10-28 09:00:00+00:00,14303337.551666666,14303337.551666666
2023-10-28 10:00:00+00:00,11007340.968888888,11007340.968888888
2023-10-28 11:00:00+00:00,13919822.979166666,13919822.979166666
2023-10-28 12:00:00+00:00,18401010.122222222,18401010.122222222
2023-10-28 13:00:00+00:00,15718447.407222224,15718447.407222224
2023-10-28 14:00:00+00:00,14697704.895555556,14697704.895555556
2023-10-28 15:00:00+00:00,16660387.975833334,16660387.975833334
2023-10-28 16:00:00+00:00,19236747.055277776,19236747.055277776
2023-10-28 17:00:00+00:00,18640280.535,18640280.535
2023-10-28 18:00:00+00:00,16731135.095,16731135.095
2023-10-28 19:00:00+00:00,17283769.115,17283769.115
2023-10-28 20:00:00+00:00,14434542.740555556,14434542.740555556
2023-10-28 21:00:00+00:00,11199278.773333332,11199278.773333332
2023-10-28 22:00:00+00:00,10974330.446944444,10974330.446944444
2023-10-28 23:00:00+00:00,6696449.950833334,6696449.950833334
2023-10-29 01:00:00+00:00,5345658.924722223,5345658.924722223
2023-10-29 02:00:00+00:00,5744712.519722222,5744712.519722222
2023-10-29 03:00:00+00:00,5566367.446111111,5566367.446111111
2023-10-29 04:00:00+00:00,6925300.8975,6925300.8975
2023-10-29 05:00:00+00:00,6526131.071388889,0.0
2023-10-29 06:00:00+00:00,9999469.789722225,9999469.789722225
2023-10-29 07:00:00+00:00,12919881.688333333,12919881.688333333
2023-10-29 08:00:00+00:00,19943267.80138889,19943267.80138889
2023-10-29 09:00:00+00:00,18680156.21055556,18680156.21055556
2023-10-29 10:00:00+00:00,19329552.39666667,19329552.39666667
2023-10-29 11:00:00+00:00,17427088.04972222,17427088.04972222
2023-10-29 12:00:00+00:00,16716898.363611111,16716898.363611111
2023-10-29 13:00:00+00:00,16422622.090555556,16422622.090555556
2023-10-29 14:00:00+00:00,24066211.98388889,24066211.98388889
2023-10-29 15:00:00+00:00,16127575.779166669,16127575.779166669
2023-10-29 16:00:00+00:00,15531904.414166668,15531904.414166668
2023-10-29 17:00:00+00:00,21398159.32722222,21398159.32722222
2023-10-29 18:00:00+00:00,21090582.57583333,21090582.57583333
2023-10-29 19:00:00+00:00,25082181.992222223,25082181.992222223
2023-10-29 20:00:00+00:00,25342268.864722226,25342268.864722226
2023-10-29 21:00:00+00:00,17352266.44333333,17352266.44333333
2023-10-29 22:00:00+00:00,11002095.431666669,11002095.431666669
2023-10-29 23:00:00+00:00,11401429.395277778,11401429.395277778
2023-10-30 00:00:00+00:00,6594782.081666667,6594782.081666667
2023-10-30 01:00:00+00:00,5834762.645555556,5834762.645555556
2023-10-30 02:00:00+00:00,6183774.339166666,6183774.339166666
2023-10-30 03:00:00+00:00,4721064.560555556,4721064.560555556
2023-10-30 04:00:00+00:00,9768077.360277778,9768077.360277778
2023-10-30 05:00:00+00:00,11632408.043333331,11632408.043333331
2023-10-30 06:00:00+00:00,24334138.22027778,24334138.22027778
2023-10-30 07:00:00+00:00,26138771.560555555,0.0
2023-10-30 08:00:00+00:00,26518859.161944445,26518859.161944445
2023-10-30 09:00:00+00:00,24117919.38305556,0.0
2023-10-30 10:00:00+00:00,25271323.55194445,25271323.55194445
2023-10-30 11:00:00+00:00,22649292.99555556,22649292.99555556
2023-10-30 12:00:00+00:00,27215277.491666667,27215277.491666667
2023-10-30 13:00:00+00:00,26371203.74694445,26371203.74694445
2023-10-30 14:00:00+00:00,27971069.79444445,27971069.79444445
2023-10-30 15:00:00+00:00,20430671.785277776,0.0
2023-10-30 16:00:00+00:00,18001951.695555557,18001951.695555557
2023-10-30 17:00:00+00:00,21399371.28555556,21399371.28555556
2023-10-30 18:00:00+00:00,24540557.97611111,24540557.97611111
2023-10-30 19:00:00+00:00,20903121.88111111,20903121.88111111
2023-10-30 20:00:00+00:00,17636104.364722222,17636104.364722222
2023-10-30 21:00:00+00:00,15856790.519444443,15856790.519444443
2023-10-30 22:00:00+00:00,13824440.434722222,13824440.434722222
2023-10-30 23:00:00+00:00,8567894.617777778,8567894.617777778
2023-10-31 00:00:00+00:00,12229309.011388889,12229309.011388889
2023-10-31 01:00:00+00:00,5178095.468611111,5178095.468611111
2023-10-31 02:00:00+00:00,5220556.8375,5220556.8375
2023-10-31 03:00:00+00:00,8852036.3725,8852036.3725
2023-10-31 04:00:00+00:00,9368181.352777775,9368181.352777775
2023-10-31 05:00:00+00:00,10888922.548055556,10888922.548055556
2023-10-31 06:00:00+00:00,19915750.570277777,19915750.570277777
2023-10-31 07:00:00+00:00,20302788.0075,0.0
2023-10-31 08:00:00+00:00,29292863.399166662,29292863.399166662
2023-10-31 09:00:00+00:00,26060004.53638889,26060004.53638889
2023-10-31 10:00:00+00:00,26512561.995833334,26512561.995833334
2023-10-31 11:00:00+00:00,25868994.46722222,25868994.46722222
2023-10-31 12:00:00+00:00,26890324.850555558,26890324.850555558
2023-10-31 13:00:00+00:00,30910172.814166665,30910172.814166665
2023-10-31 14:00:00+00:00,28103216.547222223,28103216.547222223
2023-10-31 15:00:00+00:00,27212744.42777778,27212744.42777778
2023-10-31 16:00:00+00:00,29360761.569166668,29360761.569166668
2023-10-31 17:00:00+00:00,25360798.29027778,25360798.29027778
2023-10-31 18:00:00+00:00,25931575.338888887,25931575.338888887
2023-10-31 19:00:00+00:00,21797482.930277776,21797482.930277776
2023-10-31 20:00:00+00:00,24203132.34805556,0.0
2023-10-31 21:00:00+00:00,15920504.846111111,15920504.846111111
2023-10-31 22:00:00+00:00,14887764.18972222,14887764.18972222
2023-10-31 23:00:00+00:00,14857776.598888887,14857776.598888887
2023-11-01 00:00:00+00:00,6078763.305,6078763.305
2023-11-01 01:00:00+00:00,7414120.407222223,7414120.407222223
2023-11-01 02:00:00+00:00,7754983.135277778,7754983.135277778
2023-11-01 03:00:00+00:00,10085534.040833334,0.0
2023-11-01 04:00:00+00:00,8559015.256944444,8559015.256944444
2023-11-01 05:00:00+00:00,9627195.77388889,9627195.77388889
2023-11-01 06:00:00+00:00,18753123.911111116,18753123.911111116
2023-11-01 07:00:00+00:00,21448526.70083333,21448526.70083333
2023-11-01 08:00:00+00:00,22466612.888888888,22466612.888888888
2023-11-01 09:00:00+00:00,22860040.942222223,0.0
2023-11-01 10:00:00+00:00,28548521.955555554,28548521.955555554
2023-11-01 11:00:00+00:00,27981176.45638889,27981176.45638889
2023-11-01 12:00:00+00:00,34155888.90305556,34155888.90305556
2023-11-01 13:00:00+00:00,26137261.826666668,26137261.826666668
2023-11-01 14:00:00+00:00,25568728.48388889,25568728.48388889
2023-11-01 15:00:00+00:00,30616272.135277774,30616272.135277774
2023-11-01 16:00:00+00:00,23882984.66333333,0.0
2023-11-01 17:00:00+00:00,25115635.24027778,25115635.24027778
2023-11-01 18:00:00+00:00,24096924.05555556,24096924.05555556
2023-11-01 19:00:00+00:00,24819300.430277776,24819300.430277776
2023-11-01 20:00:00+00:00,22061945.909444444,22061945.909444444
2023-11-01 21:00:00+00:00,21509411.835,21509411.835
2023-11-01 22:00:00+00:00,13054435.384722222,13054435.384722222
2023-11-01 23:00:00+00:00,8614424.855,8614424.855
2023-11-02 00:00:00+00:00,8731606.085,8731606.085
2023-11-02 01:00:00+00:00,8677046.689166667,8677046.689166667
2023-11-02 02:00:00+00:00,5206850.005555555,5206850.005555555
2023-11-02 03:00:00+00:00,12794596.245277775,12794596.245277775
2023-11-02 04:00:00+00:00,8044136.202222222,8044136.202222222
2023-11-02 05:00:00+00:00,9825103.436111111,9825103.436111111
2023-11-02 06:00:00+00:00,19371036.120833334,19371036.120833334
2023-11-02 07:00:00+00:00,18354127.154444445,18354127.154444445
2023-11-02 08:00:00+00:00,25810122.58555556,25810122.58555556
2023-11-02 09:00:00+00:00,24965118.1075,24965118.1075
2023-11-02 10:00:00+00:00,29919535.04111111,29919535.04111111
2023-11-02 11:00:00+00:00,22762384.588888887,22762384.588888887
2023-11-02 12:00:00+00:00,20589473.53138889,20589473.53138889
2023-11-02 13:00:00+00:00,24897215.99111111,24897215.99111111
2023-11-02 14:00:00+00:00,22343553.365555555,0.0
2023-11-02 15:00:00+00:00,23187810.66722222,23187810.66722222
2023-11-02 16:00:00+00:00,19873604.66333333,19873604.66333333
2023-11-02 17:00:00+00:00,18831476.49694445,18831476.49694445
2023-11-02 18:00:00+00:00,17298323.312222224,17298323.312222224
2023-11-02 19:00:00+00:00,18193049.730833333,0.0
2023-11-02 20:00:00+00:00,14405157.655277776,14405157.655277776
2023-11-02 21:00:00+00:00,12665714.299166666,12665714.299166666
2023-11-02 22:00:00+00:00,10323536.364166666,10323536.364166666
2023-11-02 23:00:00+00:00,6447938.848611111,6447938.848611111
2023-11-03 00:00:00+00:00,6034550.771388889,6034550.771388889
2023-11-03 01:00:00+00:00,4782299.983333333,4782299.983333333
2023-11-03 02:00:00+00:00,4983752.325277777,4983752.325277777
2023-11-03 03:00:00+00:00,6172210.071944444,6172210.071944444
2023-11-03 04:00:00+00:00,6754731.583055556,6754731.583055556
2023-11-03 05:00:00+00:00,10582987.674166666,10582987.674166666
2023-11-03 06:00:00+00:00,18128200.157222223,18128200.157222223
2023-11-03 07:00:00+00:00,18153129.24,18153129.24
2023-11-03 08:00:00+00:00,28329330.59388889,28329330.59388889
2023-11-03 09:00:00+00:00,18256984.21583333,18256984.21583333
2023-11-03 10:00:00+00:00,19288847.903611112,19288847.903611112
2023-11-03 11:00:00+00:00,19109933.67388889,19109933.67388889
2023-11-03 12:00:00+00:00,25461035.97972222,25461035.97972222
2023-11-03 13:00:00+00:00,18119768.440555558,18119768.440555558
2023-11-03 14:00:00+00:00,15668908.424166666,15668908.424166666
2023-11-03 15:00:00+00:00,14804083.975555556,14804083.975555556
2023-11-03 16:00:00+00:00,12983528.112222224,12983528.112222224
2023-11-03 17:00:00+00:00,13919650.447777778,13919650.447777778
2023-11-03 18:00:00+00:00,16684984.08777778,16684984.08777778
2023-11-03 19:00:00+00:00,14753464.121944444,14753464.121944444
2023-11-03 20:00:00+00:00,15699275.649722222,0.0
2023-11-03 21:00:00+00:00,21866082.24777778,21866082.24777778
2023-11-03 22:00:00+00:00,17310903.730833333,17310903.730833333
2023-11-03 23:00:00+00:00,18862862.53,18862862.53
2023-11-04 00:00:00+00:00,11004484.23027778,11004484.23027778
2023-11-04 01:00:00+00:00,5419749.479166667,5419749.479166667
2023-11-04 02:00:00+00:00,3632820.916111111,3632820.916111111
2023-11-04 03:00:00+00:00,4087382.131666667,4087382.131666667
2023-11-04 04:00:00+00:00,6835656.046388889,0.0
2023-11-04 05:00:00+00:00,4684046.201388889,4684046.201388889
2023-11-04 06:00:00+00:00,6466509.087777778,6466509.087777778
2023-11-04 07:00:00+00:00,9504643.476944445,9504643.476944445
2023-11-04 08:00:00+00:00,8795137.040833334,8795137.040833334
2023-11-04 09:00:00+00:00,9074201.089722222,0.0
2023-11-04 10:00:00+00:00,9026934.913888888,9026934.913888888
2023-11-04 11:00:00+00:00,11437188.186944444,0.0
2023-11-04 12:00:00+00:00,11908177.505555555,11908177.505555555
2023-11-04 13:00:00+00:00,13572112.083333334,13572112.083333334
2023-11-04 14:00:00+00:00,13900088.910277778,13900088.910277778
2023-11-04 15:00:00+00:00,13215948.504722225,13215948.504722225
2023-11-04 16:00:00+00:00,13045428.215277778,13045428.215277778
2023-11-04 17:00:00+00:00,12831627.643333333,12831627.643333333
2023-11-04 18:00:00+00:00,14295953.115,14295953.115
2023-11-04 19:00:00+00:00,13917425.779166669,0.0
2023-11-04 20:00:00+00:00,16486356.458888888,16486356.458888888
2023-11-04 21:00:00+00:00,12654632.899444444,12654632.899444444
2023-11-04 22:00:00+00:00,9301795.523055555,9301795.523055555
2023-11-04 23:00:00+00:00,8231237.6119444445,0.0
2023-11-05 00:00:00+00:00,5791787.280555556,5791787.280555556
2023-11-05 01:00:00+00:00,6341989.970833333,6341989.970833333
2023-11-05 02:00:00+00:00,4047738.331111111,0.0
2023-11-05 03:00:00+00:00,4341094.287777778,4341094.287777778
2023-11-05 04:00:00+00:00,4948621.262777777,4948621.262777777
2023-11-05 05:00:00+00:00,5021297.078055556,5021297.078055556
2023-11-05 06:00:00+00:00,5942764.264166667,5942764.264166667
2023-11-05 07:00:00+00:00,7015798.6466666665,7015798.6466666665
2023-11-05 08:00:00+00:00,12209551.58888889,12209551.58888889
2023-11-05 09:00:00+00:00,12088652.999166667,12088652.999166667
2023-11-05 10:00:00+00:00,14510781.124722222,14510781.124722222
2023-11-05 11:00:00+00:00,16547595.575833334,16547595.575833334
2023-11-05 12:00:00+00:00,14205479.7775,14205479.7775
2023-11-05 13:00:00+00:00,17352431.885277778,17352431.885277778
2023-11-05 14:00:00+00:00,17633701.135555554,17633701.135555554
2023-11-05 15:00:00+00:00,19916490.076666668,19916490.076666668
2023-11-05 16:00:00+00:00,18559454.330555554,0.0
2023-11-05 17:00:00+00:00,19001506.24027778,19001506.24027778
2023-11-05 18:00:00+00:00,20238428.279166665,20238428.279166665
2023-11-05 19:00:00+00:00,21307130.225555558,21307130.225555558
2023-11-05 20:00:00+00:00,19080969.444166668,19080969.444166668
2023-11-05 21:00:00+00:00,15934139.210833332,15934139.210833332
2023-11-05 22:00:00+00:00,15087393.975555556,15087393.975555556
2023-11-05 23:00:00+00:00,13063883.94861111,13063883.94861111
2023-11-06 00:00:00+00:00,6526824.778055555,6526824.778055555
2023-11-06 01:00:00+00:00,8579336.111944444,8579336.111944444
2023-11-06 02:00:00+00:00,4620726.318333333,4620726.318333333
2023-11-06 03:00:00+00:00,4371224.670555555,4371224.670555555
2023-11-06 04:00:00+00:00,7083026.731666666,7083026.731666666
2023-11-06 05:00:00+00:00,13617828.009444444,13617828.009444444
2023-11-06 06:00:00+00:00,21826892.444166668,21826892.444166668
2023-11-06 07:00:00+00:00,24184193.60861111,24184193.60861111
2023-11-06 08:00:00+00:00,26672071.068888888,26672071.068888888
2023-11-06 09:00:00+00:00,28083138.39583333,0.0
2023-11-06 10:00:00+00:00,23881362.953333333,23881362.953333333
2023-11-06 11:00:00+00:00,25743755.86805556,0.0
2023-11-06 12:00:00+00:00,27715216.970555555,27715216.970555555
2023-11-06 13:00:00+00:00,22704659.945833333,22704659.945833333
2023-11-06 14:00:00+00:00,26522028.899166662,26522028.899166662
2023-11-06 15:00:00+00:00,30022186.90083333,30022186.90083333
2023-11-06 16:00:00+00:00,15911828.411388887,15911828.411388887
2023-11-06 17:00:00+00:00,17554104.785277776,17554104.785277776
2023-11-06 18:00:00+00:00,18114997.57583333,18114997.57583333
2023-11-06 19:00:00+00:00,21426203.824166667,21426203.824166667
2023-11-06 20:00:00+00:00,17942193.4825,17942193.4825
2023-11-06 21:00:00+00:00,14072219.4375,14072219.4375
2023-11-06 22:00:00+00:00,19339007.249444444,19339007.249444444
2023-11-06 23:00:00+00:00,11256346.941666666,11256346.941666666
2023-11-07 00:00:00+00:00,10436792.586111112,10436792.586111112
2023-11-07 01:00:00+00:00,10078826.401944444,10078826.401944444
2023-11-07 02:00:00+00:00,8533506.706944445,8533506.706944445
2023-11-07 03:00:00+00:00,7149303.553055556,7149303.553055556
2023-11-07 04:00:00+00:00,12069172.321944444,12069172.321944444
2023-11-07 05:00:00+00:00,11948417.048055556,11948417.048055556
2023-11-07 06:00:00+00:00,23504955.01833333,23504955.01833333
2023-11-07 07:00:00+00:00,24738765.52527778,24738765.52527778
2023-11-07 08:00:00+00:00,23439500.61055556,23439500.61055556
2023-11-07 09:00:00+00:00,23170725.818055555,23170725.818055555
2023-11-07 10:00:00+00:00,19961046.8525,19961046.8525
2023-11-07 11:00:00+00:00,26050231.827777777,26050231.827777777
2023-11-07 12:00:00+00:00,22791793.75888889,22791793.75888889
2023-11-07 13:00:00+00:00,25089604.671666667,25089604.671666667
2023-11-07 14:00:00+00:00,29969240.949166667,29969240.949166667
2023-11-07 15:00:00+00:00,32458365.01777778,32458365.01777778
2023-11-07 16:00:00+00:00,22269783.58083333,22269783.58083333
2023-11-07 17:00:00+00:00,25911293.99416667,25911293.99416667
2023-11-07 18:00:00+00:00,24486684.48194445,24486684.48194445
2023-11-07 19:00:00+00:00,26990518.114722226,26990518.114722226
2023-11-07 20:00:00+00:00,28744681.540555555,28744681.540555555
2023-11-07 21:00:00+00:00,39617682.18611111,39617682.18611111
2023-11-07 22:00:00+00:00,28592935.390833333,28592935.390833333
2023-11-07 23:00:00+00:00,14131478.548611112,14131478.548611112
2023-11-08 00:00:00+00:00,6375857.828055556,6375857.828055556
2023-11-08 01:00:00+00:00,7977582.890833333,7977582.890833333
2023-11-08 02:00:00+00:00,4876921.731111111,4876921.731111111
2023-11-08 03:00:00+00:00,5853274.716944444,0.0
2023-11-08 04:00:00+00:00,11727312.72,11727312.72
2023-11-08 05:00:00+00:00,13888496.235555556,13888496.235555556
2023-11-08 06:00:00+00:00,27730817.87055556,0.0
2023-11-08 07:00:00+00:00,23930720.57388889,23930720.57388889
2023-11-08 08:00:00+00:00,26684648.899166662,0.0
2023-11-08 09:00:00+00:00,25024039.21333333,25024039.21333333
2023-11-08 10:00:00+00:00,23037120.86916667,23037120.86916667
2023-11-08 11:00:00+00:00,33864670.600833334,33864670.600833334
2023-11-08 12:00:00+00:00,26213203.16138889,0.0
2023-11-08 13:00:00+00:00,28968437.776388887,28968437.776388887
2023-11-08 14:00:00+00:00,25756604.95805556,25756604.95805556
2023-11-08 15:00:00+00:00,20052097.475277778,0.0
2023-11-08 16:00:00+00:00,21638368.174444444,21638368.174444444
2023-11-08 17:00:00+00:00,25366557.846666668,25366557.846666668
2023-11-08 18:00:00+00:00,18473000.847222224,18473000.847222224
2023-11-08 19:00:00+00:00,19850730.73361111,19850730.73361111
2023-11-08 20:00:00+00:00,20336286.16361111,20336286.16361111
2023-11-08 21:00:00+00:00,16548652.016944444,0.0
2023-11-08 22:00:00+00:00,12075734.336111112,12075734.336111112
2023-11-08 23:00:00+00:00,12251276.249722222,12251276.249722222
2023-11-09 00:00:00+00:00,7984572.123055556,0.0
2023-11-09 01:00:00+00:00,5556804.374722222,5556804.374722222
2023-11-09 02:00:00+00:00,7449349.903611111,7449349.903611111
2023-11-09 03:00:00+00:00,9914618.081666669,9914618.081666669
2023-11-09 04:00:00+00:00,10213153.397222225,10213153.397222225
2023-11-09 05:00:00+00:00,11400739.088055557,11400739.088055557
2023-11-09 06:00:00+00:00,17482640.030833334,17482640.030833334
2023-11-09 07:00:00+00:00,20178001.393055554,20178001.393055554
2023-11-09 08:00:00+00:00,20314898.776388887,20314898.776388887
2023-11-09 09:00:00+00:00,19127881.72472222,19127881.72472222
2023-11-09 10:00:00+00:00,24296090.97472222,24296090.97472222
2023-11-09 11:00:00+00:00,25189416.194166668,25189416.194166668
2023-11-09 12:00:00+00:00,27052066.61055556,27052066.61055556
2023-11-09 13:00:00+00:00,25135816.17277778,25135816.17277778
2023-11-09 14:00:00+00:00,22515299.866944443,22515299.866944443
2023-11-09 15:00:00+00:00,19427319.781666663,0.0
2023-11-09 16:00:00+00:00,20210077.185,20210077.185
2023-11-09 17:00:00+00:00,16872340.84972222,16872340.84972222
2023-11-09 18:00:00+00:00,17918523.42472222,17918523.42472222
2023-11-09 19:00:00+00:00,16413772.645277778,0.0
2023-11-09 20:00:00+00:00,15157754.2825,15157754.2825
2023-11-09 21:00:00+00:00,16089355.44388889,16089355.44388889
2023-11-09 22:00:00+00:00,12503088.321111113,0.0
2023-11-09 23:00:00+00:00,8593913.6675,8593913.6675
2023-11-10 00:00:00+00:00,6019389.315,0.0
2023-11-10 01:00:00+00:00,5214385.875,5214385.875
2023-11-10 02:00:00+00:00,5785269.933055555,5785269.933055555
2023-11-10 03:00:00+00:00,10300947.775,10300947.775
2023-11-10 04:00:00+00:00,10558750.714444444,10558750.714444444
2023-11-10 05:00:00+00:00,8688595.267777778,8688595.267777778
2023-11-10 06:00:00+00:00,16299636.018333333,16299636.018333333
2023-11-10 07:00:00+00:00,18588421.22027778,0.0
2023-11-10 08:00:00+00:00,22872798.8825,22872798.8825
2023-11-10 09:00:00+00:00,18185572.346944444,18185572.346944444
2023-11-10 10:00:00+00:00,16719386.007222222,16719386.007222222
2023-11-10 11:00:00+00:00,23846365.84527778,23846365.84527778
2023-11-10 12:00:00+00:00,18865941.154166665,18865941.154166665
2023-11-10 13:00:00+00:00,19578454.16888889,19578454.16888889
2023-11-10 14:00:00+00:00,29486441.02361111,29486441.02361111
2023-11-10 15:00:00+00:00,16087452.701111112,16087452.701111112
2023-11-10 16:00:00+00:00,16148010.265833331,16148010.265833331
2023-11-10 17:00:00+00:00,20462047.15083333,20462047.15083333
2023-11-10 18:00:00+00:00,18364403.27,18364403.27
2023-11-10 19:00:00+00:00,21098593.46361111,21098593.46361111
2023-11-10 20:00:00+00:00,18863435.1675,18863435.1675
2023-11-10 21:00:00+00:00,18582331.446111117,18582331.446111117
2023-11-10 22:00:00+00:00,17651936.248055555,17651936.248055555
2023-11-10 23:00:00+00:00,7632887.089722223,7632887.089722223
2023-11-11 00:00:00+00:00,7054080.288055556,7054080.288055556
2023-11-11 01:00:00+00:00,9035298.556666669,9035298.556666669
2023-11-11 02:00:00+00:00,4222869.023055555,0.0
2023-11-11 03:00:00+00:00,6710115.764444444,0.0
2023-11-11 04:00:00+00:00,5897174.258611111,5897174.258611111
2023-11-11 05:00:00+00:00,20744698.339166667,0.0
2023-11-11 06:00:00+00:00,8971210.068333333,8971210.068333333
2023-11-11 07:00:00+00:00,14472688.240833333,14472688.240833333
2023-11-11 08:00:00+00:00,13606741.296388889,13606741.296388889
2023-11-11 09:00:00+00:00,38207472.62194444,38207472.62194444
2023-11-11 10:00:00+00:00,28041334.33555556,28041334.33555556
2023-11-11 11:00:00+00:00,25686876.870277777,25686876.870277777
2023-11-11 12:00:00+00:00,14259615.748611111,14259615.748611111
2023-11-11 13:00:00+00:00,16639960.60111111,16639960.60111111
2023-11-11 14:00:00+00:00,15335700.384444444,15335700.384444444
2023-11-11 15:00:00+00:00,14728004.645555556,14728004.645555556
2023-11-11 16:00:00+00:00,13305817.643888889,13305817.643888889
2023-11-11 17:00:00+00:00,17335100.40388889,17335100.40388889
2023-11-11 18:00:00+00:00,13347857.220555555,13347857.220555555
2023-11-11 19:00:00+00:00,16774342.188055556,0.0
2023-11-11 20:00:00+00:00,14454380.946111113,0.0
2023-11-11 21:00:00+00:00,11219936.523611112,11219936.523611112
2023-11-11 22:00:00+00:00,9800993.475277778,9800993.475277778
2023-11-11 23:00:00+00:00,8372410.040277778,8372410.040277778
2023-11-12 00:00:00+00:00,7842761.289722222,7842761.289722222
2023-11-12 01:00:00+00:00,8356254.5894444445,8356254.5894444445
2023-11-12 02:00:00+00:00,7810394.316944445,7810394.316944445
2023-11-12 03:00:00+00:00,5629968.885555555,5629968.885555555
2023-11-12 04:00:00+00:00,5634419.238611111,5634419.238611111
2023-11-12 05:00:00+00:00,5967538.769166667,0.0
2023-11-12 06:00:00+00:00,7137224.750277778,7137224.750277778
2023-11-12 07:00:00+00:00,11280662.280833334,11280662.280833334
2023-11-12 08:00:00+00:00,15244585.891944444,15244585.891944444
2023-11-12 09:00:00+00:00,13217338.785277778,13217338.785277778
2023-11-12 10:00:00+00:00,13425362.902777778,0.0
2023-11-12 11:00:00+00:00,16915668.68138889,16915668.68138889
2023-11-12 12:00:00+00:00,15493136.84861111,15493136.84861111
2023-11-12 13:00:00+00:00,18600545.500277776,18600545.500277776
2023-11-12 14:00:00+00:00,15949349.040833334,15949349.040833334
2023-11-12 15:00:00+00:00,16065776.656944444,16065776.656944444
2023-11-12 16:00:00+00:00,16237475.824722225,16237475.824722225
2023-11-12 17:00:00+00:00,14485234.96,14485234.96
2023-11-12 18:00:00+00:00,16163293.320555557,16163293.320555557
2023-11-12 19:00:00+00:00,18072215.52833333,18072215.52833333
2023-11-12 20:00:00+00:00,18196620.4075,18196620.4075
2023-11-12 21:00:00+00:00,14277458.374722222,14277458.374722222
2023-11-12 22:00:00+00:00,9970740.552222222,9970740.552222222
2023-11-12 23:00:00+00:00,9442144.414444445,9442144.414444445
2023-11-13 00:00:00+00:00,7181063.084444445,7181063.084444445
2023-11-13 01:00:00+00:00,6025960.098055556,0.0
2023-11-13 02:00:00+00:00,4637199.130277778,4637199.130277778
2023-11-13 03:00:00+00:00,6537072.093055556,6537072.093055556
2023-11-13 04:00:00+00:00,6639237.663888888,6639237.663888888
2023-11-13 05:00:00+00:00,10875668.996944444,0.0
2023-11-13 06:00:00+00:00,17306846.645,17306846.645
2023-11-13 07:00:00+00:00,20014330.671666667,20014330.671666667
2023-11-13 08:00:00+00:00,23617582.8325,23617582.8325
2023-11-13 09:00:00+00:00,19018034.21888889,19018034.21888889
2023-11-13 10:00:00+00:00,20995817.960277777,20995817.960277777
2023-11-13 11:00:00+00:00,25589247.83305556,25589247.83305556
2023-11-13 12:00:00+00:00,22446805.89666667,22446805.89666667
2023-11-13 13:00:00+00:00,21235548.970555555,21235548.970555555
2023-11-13 14:00:00+00:00,17573142.08027778,17573142.08027778
2023-11-13 15:00:00+00:00,17216495.093333334,17216495.093333334
2023-11-13 16:00:00+00:00,18711673.357777774,18711673.357777774
2023-11-13 17:00:00+00:00,19173712.133611117,19173712.133611117
2023-11-13 18:00:00+00:00,18064092.987777777,18064092.987777777
2023-11-13 19:00:00+00:00,18871525.0175,18871525.0175
2023-11-13 20:00:00+00:00,19233714.128055558,19233714.128055558
2023-11-13 21:00:00+00:00,16835393.626944445,16835393.626944445
2023-11-13 22:00:00+00:00,14547093.936944444,14547093.936944444
2023-11-13 23:00:00+00:00,18866174.443055555,18866174.443055555
2023-11-14 00:00:00+00:00,6678052.6258333335,6678052.6258333335
2023-11-14 01:00:00+00:00,5186632.156944444,5186632.156944444
2023-11-14 02:00:00+00:00,4698304.675277778,4698304.675277778
2023-11-14 03:00:00+00:00,5019009.114722222,5019009.114722222
2023-11-14 04:00:00+00:00,8577399.64611111,8577399.64611111
2023-11-14 05:00:00+00:00,12543592.530555556,0.0
2023-11-14 06:00:00+00:00,17677445.765,17677445.765
2023-11-14 07:00:00+00:00,30181794.08833333,30181794.08833333
2023-11-14 08:00:00+00:00,24012032.381388888,0.0
2023-11-14 09:00:00+00:00,20808078.72027778,20808078.72027778
2023-11-14 10:00:00+00:00,19415343.215277776,19415343.215277776
2023-11-14 11:00:00+00:00,22809726.065277778,22809726.065277778
2023-11-14 12:00:00+00:00,29573974.417777777,29573974.417777777
2023-11-14 13:00:00+00:00,24530582.12888889,24530582.12888889
2023-11-14 14:00:00+00:00,24780615.896944445,24780615.896944445
2023-11-14 15:00:00+00:00,21358268.23055556,21358268.23055556
2023-11-14 16:00:00+00:00,22309794.994444445,22309794.994444445
2023-11-14 17:00:00+00:00,18828559.394722223,18828559.394722223
2023-11-14 18:00:00+00:00,22890956.80861111,22890956.80861111
2023-11-14 19:00:00+00:00,24534893.8075,24534893.8075
2023-11-14 20:00:00+00:00,21564316.569722224,21564316.569722224
2023-11-14 21:00:00+00:00,17459907.764444444,17459907.764444444
2023-11-14 22:00:00+00:00,12502943.84111111,12502943.84111111
2023-11-14 23:00:00+00:00,8054524.6425,8054524.6425
2023-11-15 00:00:00+00:00,6275587.815,6275587.815
2023-11-15 01:00:00+00:00,5184483.046666667,5184483.046666667
2023-11-15 02:00:00+00:00,6174325.740277777,6174325.740277777
2023-11-15 03:00:00+00:00,5480626.386111111,5480626.386111111
2023-11-15 04:00:00+00:00,12390839.628333334,12390839.628333334
2023-11-15 05:00:00+00:00,13209219.991666667,13209219.991666667
2023-11-15 06:00:00+00:00,22299528.563611116,0.0
2023-11-15 07:00:00+00:00,22112498.636944443,22112498.636944443
2023-11-15 08:00:00+00:00,24376682.13972222,24376682.13972222
2023-11-15 09:00:00+00:00,20473402.911666665,20473402.911666665
2023-11-15 10:00:00+00:00,21171184.362777777,21171184.362777777
2023-11-15 11:00:00+00:00,21179801.92333333,21179801.92333333
2023-11-15 12:00:00+00:00,22807163.80138889,22807163.80138889
2023-11-15 13:00:00+00:00,26661329.409166668,26661329.409166668
2023-11-15 14:00:00+00:00,21782347.687222224,21782347.687222224
2023-11-15 15:00:00+00:00,20642108.62833333,0.0
2023-11-15 16:00:00+00:00,22663162.5,22663162.5
2023-11-15 17:00:00+00:00,16162166.861388888,16162166.861388888
2023-11-15 18:00:00+00:00,18234751.004166663,18234751.004166663
2023-11-15 19:00:00+00:00,23980940.145,23980940.145
2023-11-15 20:00:00+00:00,19702437.7075,19702437.7075
2023-11-15 21:00:00+00:00,18897604.96638889,18897604.96638889
2023-11-15 22:00:00+00:00,14263424.181666669,14263424.181666669
2023-11-15 23:00:00+00:00,9721359.153333334,9721359.153333334
2023-11-16 00:00:00+00:00,8402005.640555555,8402005.640555555
2023-11-16 01:00:00+00:00,7016056.430833333,7016056.430833333
2023-11-16 02:00:00+00:00,6583214.619166667,6583214.619166667
2023-11-16 03:00:00+00:00,11969723.965,11969723.965
2023-11-16 04:00:00+00:00,8703656.860833334,8703656.860833334
2023-11-16 05:00:00+00:00,13505103.660555556,0.0
2023-11-16 06:00:00+00:00,18546158.49861111,18546158.49861111
2023-11-16 07:00:00+00:00,23285950.36166667,23285950.36166667
2023-11-16 08:00:00+00:00,32108594.136944443,32108594.136944443
2023-11-16 09:00:00+00:00,20003020.24611111,0.0
2023-11-16 10:00:00+00:00,25205295.898333333,25205295.898333333
2023-11-16 11:00:00+00:00,24982724.98638889,24982724.98638889
2023-11-16 12:00:00+00:00,22535116.63027778,22535116.63027778
2023-11-16 13:00:00+00:00,23034022.901944444,23034022.901944444
2023-11-16 14:00:00+00:00,30111915.582222223,30111915.582222223
2023-11-16 15:00:00+00:00,27692737.974166665,27692737.974166665
2023-11-16 16:00:00+00:00,23446333.27527778,23446333.27527778
2023-11-16 17:00:00+00:00,22754944.19111111,22754944.19111111
2023-11-16 18:00:00+00:00,22340796.60722222,22340796.60722222
2023-11-16 19:00:00+00:00,19395382.51,19395382.51
2023-11-16 20:00:00+00:00,17335119.030277777,17335119.030277777
2023-11-16 21:00:00+00:00,18033485.826666668,18033485.826666668
2023-11-16 22:00:00+00:00,17024925.401944444,17024925.401944444
2023-11-16 23:00:00+00:00,15738700.253888888,15738700.253888888
2023-11-17 00:00:00+00:00,9683932.190833334,9683932.190833334
2023-11-17 01:00:00+00:00,8902716.174166666,8902716.174166666
2023-11-17 02:00:00+00:00,11489080.309444444,11489080.309444444
2023-11-17 03:00:00+00:00,14671633.414166668,14671633.414166668
2023-11-17 04:00:00+00:00,9444591.520833334,9444591.520833334
2023-11-17 05:00:00+00:00,7619828.970555556,7619828.970555556
2023-11-17 06:00:00+00:00,12415595.68638889,12415595.68638889
2023-11-17 07:00:00+00:00,14155306.448888889,14155306.448888889
2023-11-17 08:00:00+00:00,17803024.533055555,17803024.533055555
2023-11-17 09:00:00+00:00,18151272.47777778,18151272.47777778
2023-11-17 10:00:00+00:00,15380351.997222222,15380351.997222222
2023-11-17 11:00:00+00:00,15559150.101944445,15559150.101944445
2023-11-17 12:00:00+00:00,17017505.898055557,17017505.898055557
2023-11-17 13:00:00+00:00,16290672.745,16290672.745
2023-11-17 14:00:00+00:00,18855186.0575,18855186.0575
2023-11-17 15:00:00+00:00,21016695.98222222,21016695.98222222
2023-11-17 16:00:00+00:00,18638922.30861111,18638922.30861111
2023-11-17 17:00:00+00:00,15183566.809444444,15183566.809444444
2023-11-17 18:00:00+00:00,14537492.286944443,14537492.286944443
2023-11-17 19:00:00+00:00,19398447.764444444,19398447.764444444
2023-11-17 20:00:00+00:00,16518439.9425,16518439.9425
2023-11-17 21:00:00+00:00,14340012.673888888,14340012.673888888
2023-11-17 22:00:00+00:00,13103423.334722225,13103423.334722225
2023-11-17 23:00:00+00:00,12664687.812222222,12664687.812222222
2023-11-18 00:00:00+00:00,12191087.27111111,12191087.27111111
2023-11-18 01:00:00+00:00,10880497.3075,10880497.3075
2023-11-18 02:00:00+00:00,10195366.960833332,10195366.960833332
2023-11-18 03:00:00+00:00,7115207.710833333,7115207.710833333
2023-11-18 04:00:00+00:00,9436435.334166666,9436435.334166666
2023-11-18 05:00:00+00:00,6978798.967777777,6978798.967777777
2023-11-18 06:00:00+00:00,8946679.491944445,8946679.491944445
2023-11-18 07:00:00+00:00,12319433.154444445,12319433.154444445
2023-11-18 08:00:00+00:00,15609222.015,15609222.015
2023-11-18 09:00:00+00:00,17156287.51611111,17156287.51611111
2023-11-18 10:00:00+00:00,15332809.430555556,15332809.430555556
2023-11-18 11:00:00+00:00,14915869.652777778,14915869.652777778
2023-11-18 12:00:00+00:00,18973494.226666667,0.0
2023-11-18 13:00:00+00:00,16249073.784444444,16249073.784444444
2023-11-18 14:00:00+00:00,16871535.876944445,16871535.876944445
2023-11-18 15:00:00+00:00,15863957.40138889,15863957.40138889
2023-11-18 16:00:00+00:00,15816832.731666667,15816832.731666667
2023-11-18 17:00:00+00:00,17555953.565277778,17555953.565277778
2023-11-18 18:00:00+00:00,18113518.324444443,18113518.324444443
2023-11-18 19:00:00+00:00,17157328.440277778,17157328.440277778
2023-11-18 20:00:00+00:00,17942915.52527778,17942915.52527778
2023-11-18 21:00:00+00:00,16407727.218055556,16407727.218055556
2023-11-18 22:00:00+00:00,14519177.402777778,14519177.402777778
2023-11-18 23:00:00+00:00,12856802.656388888,12856802.656388888
2023-11-19 00:00:00+00:00,7787586.478333333,7787586.478333333
2023-11-19 01:00:00+00:00,7160219.34,7160219.34
2023-11-19 02:00:00+00:00,5684378.677222222,5684378.677222222
2023-11-19 03:00:00+00:00,7071846.893611111,7071846.893611111
2023-11-19 04:00:00+00:00,9058821.35111111,0.0
2023-11-19 05:00:00+00:00,7143981.434444444,7143981.434444444
2023-11-19 06:00:00+00:00,9221714.156666666,9221714.156666666
2023-11-19 07:00:00+00:00,10984452.857222222,10984452.857222222
2023-11-19 08:00:00+00:00,15717030.070555557,15717030.070555557
2023-11-19 09:00:00+00:00,16712609.5725,16712609.5725
2023-11-19 10:00:00+00:00,15696166.684722222,15696166.684722222
2023-11-19 11:00:00+00:00,19832302.50222222,19832302.50222222
2023-11-19 12:00:00+00:00,17057859.22027778,17057859.22027778
2023-11-19 13:00:00+00:00,15115460.005555555,15115460.005555555
2023-11-19 14:00:00+00:00,19446915.21555556,0.0
2023-11-19 15:00:00+00:00,17431887.99388889,17431887.99388889
2023-11-19 16:00:00+00:00,15674936.450833334,15674936.450833334
2023-11-19 17:00:00+00:00,16502445.131111111,0.0
2023-11-19 18:00:00+00:00,19367959.04916667,19367959.04916667
2023-11-19 19:00:00+00:00,22398085.48861111,22398085.48861111
2023-11-19 20:00:00+00:00,23837348.488333333,23837348.488333333
2023-11-19 21:00:00+00:00,20571817.689166665,20571817.689166665
2023-11-19 22:00:00+00:00,12950909.291666666,12950909.291666666
2023-11-19 23:00:00+00:00,10495509.974444443,10495509.974444443
2023-11-20 00:00:00+00:00,7890632.47,7890632.47
2023-11-20 01:00:00+00:00,8853912.621388888,8853912.621388888
2023-11-20 02:00:00+00:00,8773175.881111111,8773175.881111111
2023-11-20 03:00:00+00:00,9664788.299166666,9664788.299166666
2023-11-20 04:00:00+00:00,9925106.72472222,9925106.72472222
2023-11-20 05:00:00+00:00,13473552.651111113,13473552.651111113
2023-11-20 06:00:00+00:00,19919300.430277776,19919300.430277776
2023-11-20 07:00:00+00:00,20220615.766666666,20220615.766666666
2023-11-20 08:00:00+00:00,29655566.214166667,29655566.214166667
2023-11-20 09:00:00+00:00,18805496.884166665,18805496.884166665
2023-11-20 10:00:00+00:00,22312955.866388887,22312955.866388887
2023-11-20 11:00:00+00:00,20665841.537777778,0.0
2023-11-20 12:00:00+00:00,22659753.625277776,22659753.625277776
2023-11-20 13:00:00+00:00,20309173.65638889,20309173.65638889
2023-11-20 14:00:00+00:00,21983205.7025,21983205.7025
2023-11-20 15:00:00+00:00,20678445.455555554,20678445.455555554
2023-11-20 16:00:00+00:00,19578348.745277777,19578348.745277777
2023-11-20 17:00:00+00:00,18448680.795,18448680.795
2023-11-20 18:00:00+00:00,17469761.993333332,17469761.993333332
2023-11-20 19:00:00+00:00,24185245.88388889,24185245.88388889
2023-11-20 20:00:00+00:00,18732398.87138889,18732398.87138889
2023-11-20 21:00:00+00:00,15134659.276666667,15134659.276666667
2023-11-20 22:00:00+00:00,16188597.28611111,16188597.28611111
2023-11-20 23:00:00+00:00,19358148.525555555,19358148.525555555
2023-11-21 00:00:00+00:00,8984484.71611111,8984484.71611111
2023-11-21 01:00:00+00:00,6489530.662222222,6489530.662222222
2023-11-21 02:00:00+00:00,6209311.641944445,6209311.641944445
2023-11-21 03:00:00+00:00,7467241.906666666,7467241.906666666
2023-11-21 04:00:00+00:00,16497158.61611111,16497158.61611111
2023-11-21 05:00:00+00:00,15657038.206388889,15657038.206388889
2023-11-21 06:00:00+00:00,21260148.0175,21260148.0175
2023-11-21 07:00:00+00:00,23682341.223333333,23682341.223333333
2023-11-21 08:00:00+00:00,23737409.066944443,23737409.066944443
2023-11-21 09:00:00+00:00,30999137.208611112,0.0
2023-11-21 10:00:00+00:00,22550112.076944444,22550112.076944444
2023-11-21 11:00:00+00:00,27154866.909444444,27154866.909444444
2023-11-21 12:00:00+00:00,23215689.414444443,23215689.414444443
2023-11-21 13:00:00+00:00,28972694.94861111,0.0
2023-11-21 14:00:00+00:00,30380711.568055555,30380711.568055555
2023-11-21 15:00:00+00:00,25301617.315277778,25301617.315277778
2023-11-21 16:00:00+00:00,33109424.889444444,33109424.889444444
2023-11-21 17:00:00+00:00,36018260.46416666,36018260.46416666
2023-11-21 18:00:00+00:00,30239023.29805556,30239023.29805556
2023-11-21 19:00:00+00:00,23181486.47777778,23181486.47777778
2023-11-21 20:00:00+00:00,27717085.87138889,27717085.87138889
2023-11-21 21:00:00+00:00,24552689.35,24552689.35
2023-11-21 22:00:00+00:00,20468210.288055558,20468210.288055558
2023-11-21 23:00:00+00:00,16649818.758055557,16649818.758055557
2023-11-22 00:00:00+00:00,9407595.59,9407595.59
2023-11-22 01:00:00+00:00,7258356.188055555,7258356.188055555
2023-11-22 02:00:00+00:00,11233600.698333334,11233600.698333334
2023-11-22 03:00:00+00:00,13248345.635277778,13248345.635277778
2023-11-22 04:00:00+00:00,9786764.314166669,9786764.314166669
2023-11-22 05:00:00+00:00,13692532.555833334,13692532.555833334
2023-11-22 06:00:00+00:00,20298916.76694445,20298916.76694445
2023-11-22 07:00:00+00:00,25184555.868611112,25184555.868611112
2023-11-22 08:00:00+00:00,23483888.443055555,23483888.443055555
2023-11-22 09:00:00+00:00,23827209.71,23827209.71
2023-11-22 10:00:00+00:00,37461236.670555554,37461236.670555554
2023-11-22 11:00:00+00:00,26617864.300277777,26617864.300277777
2023-11-22 12:00:00+00:00,28397007.164722223,28397007.164722223
2023-11-22 13:00:00+00:00,28312246.664166667,0.0
2023-11-22 14:00:00+00:00,28015414.32555556,28015414.32555556
2023-11-22 15:00:00+00:00,27575537.75583333,27575537.75583333
2023-11-22 16:00:00+00:00,23595077.47777778,23595077.47777778
2023-11-22 17:00:00+00:00,18943316.00333333,18943316.00333333
2023-11-22 18:00:00+00:00,21826481.97472222,21826481.97472222
2023-11-22 19:00:00+00:00,39011312.36305556,39011312.36305556
2023-11-22 20:00:00+00:00,21255557.97111111,21255557.97111111
2023-11-22 21:00:00+00:00,19313198.9425,19313198.9425
2023-11-22 22:00:00+00:00,14205137.849166667,14205137.849166667
2023-11-22 23:00:00+00:00,18227497.331666667,18227497.331666667
2023-11-23 00:00:00+00:00,30755406.16722222,30755406.16722222
2023-11-23 01:00:00+00:00,28275591.20527778,28275591.20527778
2023-11-23 02:00:00+00:00,10917517.920555556,10917517.920555556
2023-11-23 03:00:00+00:00,8792263.749722222,8792263.749722222
2023-11-23 04:00:00+00:00,9906220.943333331,9906220.943333331
2023-11-23 05:00:00+00:00,12356559.776944444,12356559.776944444
2023-11-23 06:00:00+00:00,15055084.27861111,15055084.27861111
2023-11-23 07:00:00+00:00,17592715.63638889,17592715.63638889
2023-11-23 08:00:00+00:00,23265205.69138889,23265205.69138889
2023-11-23 09:00:00+00:00,21773740.02527778,21773740.02527778
2023-11-23 10:00:00+00:00,21908331.64194445,21908331.64194445
2023-11-23 11:00:00+00:00,24545603.33111111,24545603.33111111
2023-11-23 12:00:00+00:00,27294412.55277778,27294412.55277778
2023-11-23 13:00:00+00:00,23207062.83388889,23207062.83388889
2023-11-23 14:00:00+00:00,30037923.11888889,30037923.11888889
2023-11-23 15:00:00+00:00,22195670.005,22195670.005
2023-11-23 16:00:00+00:00,27056440.904444445,27056440.904444445
2023-11-23 17:00:00+00:00,20533029.857777774,20533029.857777774
2023-11-23 18:00:00+00:00,21711745.763888888,21711745.763888888
2023-11-23 19:00:00+00:00,25254584.126944445,25254584.126944445
2023-11-23 20:00:00+00:00,20736553.79805556,20736553.79805556
2023-11-23 21:00:00+00:00,22271604.647777777,0.0
2023-11-23 22:00:00+00:00,14157408.718055556,14157408.718055556
2023-11-23 23:00:00+00:00,15255990.456388889,15255990.456388889
2023-11-24 00:00:00+00:00,9082211.25222222,9082211.25222222
2023-11-24 01:00:00+00:00,15126885.549444444,15126885.549444444
2023-11-24 02:00:00+00:00,6211638.350833333,6211638.350833333
2023-11-24 03:00:00+00:00,11426595.725555556,11426595.725555556
2023-11-24 04:00:00+00:00,9628177.441111112,9628177.441111112
2023-11-24 05:00:00+00:00,14049384.705,14049384.705
2023-11-24 06:00:00+00:00,16186393.735555556,16186393.735555556
2023-11-24 07:00:00+00:00,18981539.16583333,18981539.16583333
2023-11-24 08:00:00+00:00,23516318.13777778,23516318.13777778
2023-11-24 09:00:00+00:00,22061131.56833333,22061131.56833333
2023-11-24 10:00:00+00:00,23815061.927222226,23815061.927222226
2023-11-24 11:00:00+00:00,26923552.211666662,26923552.211666662
2023-11-24 12:00:00+00:00,33927685.72888889,0.0
2023-11-24 13:00:00+00:00,22937715.43138889,22937715.43138889
2023-11-24 14:00:00+00:00,26487999.77222222,26487999.77222222
2023-11-24 15:00:00+00:00,23498068.366944443,23498068.366944443
2023-11-24 16:00:00+00:00,23813742.542777777,23813742.542777777
2023-11-24 17:00:00+00:00,18687792.510277774,18687792.510277774
2023-11-24 18:00:00+00:00,22520132.02166667,22520132.02166667
2023-11-24 19:00:00+00:00,19515390.671944443,19515390.671944443
2023-11-24 20:00:00+00:00,21414810.7475,21414810.7475
2023-11-24 21:00:00+00:00,31010092.35861111,31010092.35861111
2023-11-24 22:00:00+00:00,21158925.94833333,21158925.94833333
2023-11-24 23:00:00+00:00,27217699.41611111,27217699.41611111
2023-11-25 00:00:00+00:00,20732592.52972222,20732592.52972222
2023-11-25 01:00:00+00:00,9482729.821111113,9482729.821111113
2023-11-25 02:00:00+00:00,8874536.960833333,8874536.960833333
2023-11-25 03:00:00+00:00,13031172.774444444,13031172.774444444
2023-11-25 04:00:00+00:00,11012730.966944445,11012730.966944445
2023-11-25 05:00:00+00:00,7433593.592222222,0.0
2023-11-25 06:00:00+00:00,9207982.900555557,9207982.900555557
2023-11-25 07:00:00+00:00,12407275.792222222,12407275.792222222
2023-11-25 08:00:00+00:00,13805093.39611111,13805093.39611111
2023-11-25 09:00:00+00:00,15213904.276944444,15213904.276944444
2023-11-25 10:00:00+00:00,16574957.109722223,16574957.109722223
2023-11-25 11:00:00+00:00,17661342.07361111,0.0
2023-11-25 12:00:00+00:00,16968876.162777778,16968876.162777778
2023-11-25 13:00:00+00:00,15846323.813055556,15846323.813055556
2023-11-25 14:00:00+00:00,17591673.80722222,17591673.80722222
2023-11-25 15:00:00+00:00,13425520.300833331,13425520.300833331
2023-11-25 16:00:00+00:00,15176288.965277778,15176288.965277778
2023-11-25 17:00:00+00:00,17350965.433055557,17350965.433055557
2023-11-25 18:00:00+00:00,18368459.14111111,18368459.14111111
2023-11-25 19:00:00+00:00,20286484.81111111,20286484.81111111
2023-11-25 20:00:00+00:00,20441529.100277778,20441529.100277778
2023-11-25 21:00:00+00:00,16047733.514722222,16047733.514722222
2023-11-25 22:00:00+00:00,12350311.146666666,12350311.146666666
2023-11-25 23:00:00+00:00,12130479.555,12130479.555
2023-11-26 00:00:00+00:00,7550584.334722222,7550584.334722222
2023-11-26 01:00:00+00:00,6736314.893055555,0.0
2023-11-26 02:00:00+00:00,4658420.473611111,4658420.473611111
2023-11-26 03:00:00+00:00,5846885.3,5846885.3
2023-11-26 04:00:00+00:00,6428452.002777778,0.0
2023-11-26 05:00:00+00:00,4454032.325833334,0.0
2023-11-26 06:00:00+00:00,5218310.615277777,0.0
2023-11-26 07:00:00+00:00,4720229.760277778,4720229.760277778
2023-11-26 08:00:00+00:00,7098186.644722222,7098186.644722222
2023-11-26 09:00:00+00:00,9758320.075833334,0.0
2023-11-26 10:00:00+00:00,9987061.545833332,9987061.545833332
2023-11-26 11:00:00+00:00,7861087.220555556,7861087.220555556
2023-11-26 12:00:00+00:00,11642365.16777778,11642365.16777778
2023-11-26 13:00:00+00:00,10116706.122222222,10116706.122222222
2023-11-26 14:00:00+00:00,10743604.61,10743604.61
2023-11-26 15:00:00+00:00,8861519.63,8861519.63
2023-11-26 16:00:00+00:00,9182048.941944445,9182048.941944445
2023-11-26 17:00:00+00:00,10856870.886666669,10856870.886666669
2023-11-26 18:00:00+00:00,12093712.921388889,0.0
2023-11-26 19:00:00+00:00,11486130.636388889,11486130.636388889
2023-11-26 20:00:00+00:00,13535523.13138889,13535523.13138889
2023-11-26 21:00:00+00:00,12082014.115555556,12082014.115555556
2023-11-26 22:00:00+00:00,7556551.085,7556551.085
2023-11-26 23:00:00+00:00,6270566.644166667,6270566.644166667
2023-11-27 00:00:00+00:00,6098040.7075,6098040.7075
2023-11-27 01:00:00+00:00,5819823.000277778,5819823.000277778
2023-11-27 02:00:00+00:00,4669912.085555555,4669912.085555555
2023-11-27 03:00:00+00:00,3600802.7769444445,3600802.7769444445
2023-11-27 04:00:00+00:00,5359645.044444445,5359645.044444445
2023-11-27 05:00:00+00:00,9301193.024444444,9301193.024444444
2023-11-27 06:00:00+00:00,13859160.79388889,13859160.79388889
2023-11-27 07:00:00+00:00,21078722.136666667,0.0
2023-11-27 08:00:00+00:00,26226581.82611111,26226581.82611111
2023-11-27 09:00:00+00:00,21789392.150555555,21789392.150555555
2023-11-27 10:00:00+00:00,22490343.19833333,22490343.19833333
2023-11-27 11:00:00+00:00,28876919.576388888,28876919.576388888
2023-11-27 12:00:00+00:00,26028179.78277778,26028179.78277778
2023-11-27 13:00:00+00:00,26532024.27972222,26532024.27972222
2023-11-27 14:00:00+00:00,35566725.50388889,35566725.50388889
2023-11-27 15:00:00+00:00,31613200.004166663,31613200.004166663
2023-11-27 16:00:00+00:00,27277712.40611111,27277712.40611111
2023-11-27 17:00:00+00:00,25495900.29611111,25495900.29611111
2023-11-27 18:00:00+00:00,19769036.31027778,19769036.31027778
2023-11-27 19:00:00+00:00,21561743.55583333,21561743.55583333
2023-11-27 20:00:00+00:00,19732472.43388889,19732472.43388889
2023-11-27 21:00:00+00:00,14771599.676111111,14771599.676111111
2023-11-27 22:00:00+00:00,15599863.371666666,15599863.371666666
2023-11-27 23:00:00+00:00,15724479.146666666,15724479.146666666
2023-11-28 00:00:00+00:00,9793293.8125,9793293.8125
2023-11-28 01:00:00+00:00,8485891.573055556,8485891.573055556
2023-11-28 02:00:00+00:00,7224306.175277778,7224306.175277778
2023-11-28 03:00:00+00:00,9220654.626666669,9220654.626666669
2023-11-28 04:00:00+00:00,6709431.958888889,6709431.958888889
2023-11-28 05:00:00+00:00,10472565.306944445,0.0
2023-11-28 06:00:00+00:00,18380790.14944445,0.0
2023-11-28 07:00:00+00:00,16270715.180555556,16270715.180555556
2023-11-28 08:00:00+00:00,29309439.48333333,29309439.48333333
2023-11-28 09:00:00+00:00,22708364.131944444,22708364.131944444
2023-11-28 10:00:00+00:00,19096276.746666662,19096276.746666662
2023-11-28 11:00:00+00:00,20884164.50611111,20884164.50611111
2023-11-28 12:00:00+00:00,20417530.780555557,20417530.780555557
2023-11-28 13:00:00+00:00,31972557.364166666,31972557.364166666
2023-11-28 14:00:00+00:00,25905302.09222222,25905302.09222222
2023-11-28 15:00:00+00:00,28413530.96138889,28413530.96138889
2023-11-28 16:00:00+00:00,25096453.309166662,25096453.309166662
2023-11-28 17:00:00+00:00,21569370.31388889,21569370.31388889
2023-11-28 18:00:00+00:00,20768304.576388888,20768304.576388888
2023-11-28 19:00:00+00:00,26917498.83388889,26917498.83388889
2023-11-28 20:00:00+00:00,20725785.601944443,0.0
2023-11-28 21:00:00+00:00,22332490.74333333,0.0
2023-11-28 22:00:00+00:00,16977898.035555556,16977898.035555556
2023-11-28 23:00:00+00:00,17236201.93,17236201.93
2023-11-29 00:00:00+00:00,10397686.611388888,10397686.611388888
2023-11-29 01:00:00+00:00,9784137.535833333,9784137.535833333
2023-11-29 02:00:00+00:00,13448595.119444445,13448595.119444445
2023-11-29 03:00:00+00:00,13224324.206388889,13224324.206388889
2023-11-29 04:00:00+00:00,10909371.008055557,10909371.008055557
2023-11-29 05:00:00+00:00,14565536.053055556,14565536.053055556
2023-11-29 06:00:00+00:00,23689795.953333333,0.0
2023-11-29 07:00:00+00:00,23162362.60472222,23162362.60472222
2023-11-29 08:00:00+00:00,25986998.320833333,25986998.320833333
2023-11-29 09:00:00+00:00,35993669.50861111,35993669.50861111
2023-11-29 10:00:00+00:00,28823326.58138889,28823326.58138889
2023-11-29 11:00:00+00:00,28715682.909444444,28715682.909444444
2023-11-29 12:00:00+00:00,29979064.175277777,0.0
2023-11-29 13:00:00+00:00,30674075.743611112,30674075.743611112
2023-11-29 14:00:00+00:00,31526274.275,31526274.275
2023-11-29 15:00:00+00:00,24027434.85138889,24027434.85138889
2023-11-29 16:00:00+00:00,28949480.466944445,28949480.466944445
2023-11-29 17:00:00+00:00,27533261.95027778,27533261.95027778
2023-11-29 18:00:00+00:00,35617052.25444444,35617052.25444444
2023-11-29 19:00:00+00:00,32706400.6125,32706400.6125
2023-11-29 20:00:00+00:00,26506303.803055555,0.0
2023-11-29 21:00:00+00:00,30824537.113333333,30824537.113333333
2023-11-29 22:00:00+00:00,15336822.414722225,15336822.414722225
2023-11-29 23:00:00+00:00,15008469.378333334,15008469.378333334
2023-11-30 00:00:00+00:00,13871934.760833334,13871934.760833334
2023-11-30 01:00:00+00:00,8593468.813888889,8593468.813888889
2023-11-30 02:00:00+00:00,10498030.59861111,10498030.59861111
2023-11-30 03:00:00+00:00,17010856.629166666,0.0
2023-11-30 04:00:00+00:00,13874646.437222222,13874646.437222222
2023-11-30 05:00:00+00:00,15783058.28861111,15783058.28861111
2023-11-30 06:00:00+00:00,24198679.2575,24198679.2575
2023-11-30 07:00:00+00:00,26142685.823055554,26142685.823055554
2023-11-30 08:00:00+00:00,26949665.985,26949665.985
2023-11-30 09:00:00+00:00,26185772.93805556,26185772.93805556
2023-11-30 10:00:00+00:00,32650534.25222222,32650534.25222222
2023-11-30 11:00:00+00:00,31573625.16527778,31573625.16527778
2023-11-30 12:00:00+00:00,33696831.21666667,33696831.21666667
2023-11-30 13:00:00+00:00,47092532.895277776,0.0
2023-11-30 14:00:00+00:00,30751931.47833333,30751931.47833333
2023-11-30 15:00:00+00:00,28190139.11527778,28190139.11527778
2023-11-30 16:00:00+00:00,18935307.241944443,18935307.241944443
2023-11-30 17:00:00+00:00,19546000.693055555,19546000.693055555
2023-11-30 18:00:00+00:00,15646455.858055556,15646455.858055556
2023-11-30 19:00:00+00:00,19560291.35555556,19560291.35555556
2023-11-30 20:00:00+00:00,15183800.634166667,15183800.634166667
2023-11-30 21:00:00+00:00,21058739.446944445,21058739.446944445
2023-11-30 22:00:00+00:00,15160073.191388888,15160073.191388888
2023-11-30 23:00:00+00:00,12029924.057222225,12029924.057222225
2023-12-01 00:00:00+00:00,7876387.545,7876387.545
2023-12-01 01:00:00+00:00,11865573.056666669,11865573.056666669
2023-12-01 02:00:00+00:00,22580031.999444444,22580031.999444444
2023-12-01 03:00:00+00:00,11422236.629722225,11422236.629722225
2023-12-01 04:00:00+00:00,8935742.690555556,8935742.690555556
2023-12-01 05:00:00+00:00,9759153.903333334,9759153.903333334
2023-12-01 06:00:00+00:00,15354594.110833334,15354594.110833334
2023-12-01 07:00:00+00:00,19774971.079166666,19774971.079166666
2023-12-01 08:00:00+00:00,21051355.67416667,21051355.67416667
2023-12-01 09:00:00+00:00,21365638.7125,21365638.7125
2023-12-01 10:00:00+00:00,23748304.38805556,23748304.38805556
2023-12-01 11:00:00+00:00,21348309.87555556,21348309.87555556
2023-12-01 12:00:00+00:00,27940454.45444445,27940454.45444445
2023-12-01 13:00:00+00:00,21274155.04361111,21274155.04361111
2023-12-01 14:00:00+00:00,28677869.11222222,28677869.11222222
2023-12-01 15:00:00+00:00,23986679.83388889,23986679.83388889
2023-12-01 16:00:00+00:00,17006115.63083333,17006115.63083333
2023-12-01 17:00:00+00:00,18926468.10333333,18926468.10333333
2023-12-01 18:00:00+00:00,18399099.70611111,18399099.70611111
2023-12-01 19:00:00+00:00,19221825.72305556,19221825.72305556
2023-12-01 20:00:00+00:00,23502694.48055556,23502694.48055556
2023-12-01 21:00:00+00:00,21639233.57722222,21639233.57722222
2023-12-01 22:00:00+00:00,13235972.41222222,13235972.41222222
2023-12-01 23:00:00+00:00,12130624.176111111,12130624.176111111
2023-12-02 00:00:00+00:00,9138730.137777776,9138730.137777776
2023-12-02 01:00:00+00:00,9663025.2775,0.0
2023-12-02 02:00:00+00:00,7598177.546111111,7598177.546111111
2023-12-02 03:00:00+00:00,8252358.247777778,8252358.247777778
2023-12-02 04:00:00+00:00,7192674.7369444445,7192674.7369444445
2023-12-02 05:00:00+00:00,6761189.871944444,6761189.871944444
2023-12-02 06:00:00+00:00,7692339.895833333,7692339.895833333
2023-12-02 07:00:00+00:00,14728794.940277778,14728794.940277778
2023-12-02 08:00:00+00:00,17763345.52388889,17763345.52388889
2023-12-02 09:00:00+00:00,13174595.076944444,13174595.076944444
2023-12-02 10:00:00+00:00,19110342.030833334,19110342.030833334
2023-12-02 11:00:00+00:00,15814343.843055556,15814343.843055556
2023-12-02 12:00:00+00:00,9190380.215555556,9190380.215555556
2023-12-02 13:00:00+00:00,12390783.83638889,0.0
2023-12-02 14:00:00+00:00,11243962.450555556,11243962.450555556
2023-12-02 15:00:00+00:00,12476647.084166666,12476647.084166666
2023-12-02 16:00:00+00:00,3996931.598888889,3996931.598888889
2023-12-02 17:00:00+00:00,13008596.5,13008596.5
2023-12-02 18:00:00+00:00,14861484.989722222,0.0
2023-12-02 19:00:00+00:00,15474034.628888888,0.0
2023-12-02 20:00:00+00:00,15048176.105555557,15048176.105555557
2023-12-02 21:00:00+00:00,14763174.482222222,14763174.482222222
2023-12-02 22:00:00+00:00,11751188.783055555,0.0
2023-12-02 23:00:00+00:00,11448137.663333334,11448137.663333334
2023-12-03 00:00:00+00:00,7693959.176111111,7693959.176111111
2023-12-03 01:00:00+00:00,7909726.401666666,7909726.401666666
2023-12-03 02:00:00+00:00,9361267.747222222,9361267.747222222
2023-12-03 03:00:00+00:00,10150790.510277778,0.0
2023-12-03 04:00:00+00:00,5962207.808611111,5962207.808611111
2023-12-03 05:00:00+00:00,5491485.821666666,5491485.821666666
2023-12-03 06:00:00+00:00,6075442.844444444,6075442.844444444
2023-12-03 07:00:00+00:00,7656958.208888889,7656958.208888889
2023-12-03 08:00:00+00:00,12095556.612777775,12095556.612777775
2023-12-03 09:00:00+00:00,16194477.569166666,16194477.569166666
2023-12-03 10:00:00+00:00,13899327.679722222,13899327.679722222
2023-12-03 11:00:00+00:00,17650758.373055555,17650758.373055555
2023-12-03 12:00:00+00:00,23714315.409166668,23714315.409166668
2023-12-03 13:00:00+00:00,20480178.63861111,20480178.63861111
2023-12-03 14:00:00+00:00,17545919.159722224,17545919.159722224
2023-12-03 15:00:00+00:00,18204280.13,18204280.13
2023-12-03 16:00:00+00:00,4995542.6866666665,4995542.6866666665
2023-12-03 17:00:00+00:00,16508327.1375,16508327.1375
2023-12-03 18:00:00+00:00,17439861.688055556,17439861.688055556
2023-12-03 19:00:00+00:00,19684393.63027778,19684393.63027778
2023-12-03 20:00:00+00:00,22483421.41861111,22483421.41861111
2023-12-03 21:00:00+00:00,28186087.963055555,28186087.963055555
2023-12-03 22:00:00+00:00,19990024.054722223,19990024.054722223
2023-12-03 23:00:00+00:00,10193223.24361111,10193223.24361111
2023-12-04 00:00:00+00:00,17259307.0675,17259307.0675
2023-12-04 01:00:00+00:00,10105071.501388889,10105071.501388889
2023-12-04 02:00:00+00:00,6470962.453333333,6470962.453333333
2023-12-04 03:00:00+00:00,8881864.783611111,8881864.783611111
2023-12-04 04:00:00+00:00,8907199.941111112,8907199.941111112
2023-12-04 05:00:00+00:00,13986475.225555556,13986475.225555556
2023-12-04 06:00:00+00:00,17866642.201666668,17866642.201666668
2023-12-04 07:00:00+00:00,20365197.870833334,20365197.870833334
2023-12-04 08:00:00+00:00,25302025.932777777,25302025.932777777
2023-12-04 09:00:00+00:00,19755015.29361111,19755015.29361111
2023-12-04 10:00:00+00:00,21058618.1325,21058618.1325
2023-12-04 11:00:00+00:00,17766695.740833335,17766695.740833335
2023-12-04 12:00:00+00:00,6806703.088888889,0.0
2023-12-04 13:00:00+00:00,20794282.319166668,20794282.319166668
2023-12-04 14:00:00+00:00,15050883.300833331,15050883.300833331
2023-12-04 15:00:00+00:00,15374451.838611113,15374451.838611113
2023-12-04 16:00:00+00:00,16326648.947777778,16326648.947777778
2023-12-04 17:00:00+00:00,20664573.08111111,20664573.08111111
2023-12-04 18:00:00+00:00,21535795.329722226,21535795.329722226
2023-12-04 19:00:00+00:00,24690443.02444445,24690443.02444445
2023-12-04 20:00:00+00:00,21432926.84055556,0.0
2023-12-04 21:00:00+00:00,21801150.809722222,21801150.809722222
2023-12-04 22:00:00+00:00,16547285.400555557,16547285.400555557
2023-12-04 23:00:00+00:00,9455740.996666666,9455740.996666666
2023-12-05 00:00:00+00:00,6476559.798888889,6476559.798888889
2023-12-05 01:00:00+00:00,9009959.109166669,9009959.109166669
2023-12-05 02:00:00+00:00,8708748.892777778,8708748.892777778
2023-12-05 03:00:00+00:00,8619222.881944444,0.0
2023-12-05 04:00:00+00:00,7612363.6,7612363.6
2023-12-05 05:00:00+00:00,9402574.525833333,9402574.525833333
2023-12-05 06:00:00+00:00,16080087.660555556,16080087.660555556
2023-12-05 07:00:00+00:00,16241806.052777778,16241806.052777778
2023-12-05 08:00:00+00:00,17730211.788333334,0.0
2023-12-05 09:00:00+00:00,6898868.590833333,6898868.590833333
2023-12-05 10:00:00+00:00,24122027.43805556,24122027.43805556
2023-12-05 11:00:00+00:00,20281140.656944446,20281140.656944446
2023-12-05 12:00:00+00:00,24845178.68972222,24845178.68972222
2023-12-05 13:00:00+00:00,22630060.30277778,22630060.30277778
2023-12-05 14:00:00+00:00,22980868.749166667,0.0
2023-12-05 15:00:00+00:00,23974069.944166668,23974069.944166668
2023-12-05 16:00:00+00:00,17019761.811666667,17019761.811666667
2023-12-05 17:00:00+00:00,19328475.899166662,19328475.899166662
2023-12-05 18:00:00+00:00,20529916.870277777,0.0
2023-12-05 19:00:00+00:00,26824765.157222223,26824765.157222223
2023-12-05 20:00:00+00:00,24934874.616666667,24934874.616666667
2023-12-05 21:00:00+00:00,21818239.284166668,21818239.284166668
2023-12-05 22:00:00+00:00,16115647.808055555,0.0
2023-12-05 23:00:00+00:00,10102478.253055556,10102478.253055556
2023-12-06 00:00:00+00:00,9994552.34,9994552.34
2023-12-06 01:00:00+00:00,12396602.993888889,12396602.993888889
2023-12-06 02:00:00+00:00,15812347.734444443,0.0
2023-12-06 03:00:00+00:00,8190137.061388889,8190137.061388889
2023-12-06 04:00:00+00:00,9811556.10861111,9811556.10861111
2023-12-06 05:00:00+00:00,13244398.690277778,13244398.690277778
2023-12-06 06:00:00+00:00,17885992.484444443,17885992.484444443
2023-12-06 07:00:00+00:00,23602487.117222223,23602487.117222223
2023-12-06 08:00:00+00:00,31172550.646111112,31172550.646111112
2023-12-06 09:00:00+00:00,29776813.93805556,29776813.93805556
2023-12-06 10:00:00+00:00,26820783.969166663,0.0
2023-12-06 11:00:00+00:00,22005940.76361111,22005940.76361111
2023-12-06 12:00:00+00:00,27199488.065277778,27199488.065277778
2023-12-06 13:00:00+00:00,20921707.483055554,20921707.483055554
2023-12-06 14:00:00+00:00,32630942.308333334,32630942.308333334
2023-12-06 15:00:00+00:00,23073455.45916667,23073455.45916667
2023-12-06 16:00:00+00:00,22557745.79361111,0.0
2023-12-06 17:00:00+00:00,18154320.401388887,18154320.401388887
2023-12-06 18:00:00+00:00,18494385.911111116,18494385.911111116
2023-12-06 19:00:00+00:00,22550540.815,22550540.815
2023-12-06 20:00:00+00:00,20248355.83777778,20248355.83777778
2023-12-06 21:00:00+00:00,14621983.99361111,14621983.99361111
2023-12-06 22:00:00+00:00,13381923.670277778,13381923.670277778
2023-12-06 23:00:00+00:00,6370232.699444445,6370232.699444445
2023-12-07 00:00:00+00:00,8404478.281111112,8404478.281111112
2023-12-07 01:00:00+00:00,6815464.887777777,6815464.887777777
2023-12-07 02:00:00+00:00,12274932.378333334,12274932.378333334
2023-12-07 03:00:00+00:00,12615072.723055556,12615072.723055556
2023-12-07 04:00:00+00:00,7969344.528611111,7969344.528611111
2023-12-07 05:00:00+00:00,9827171.934722222,9827171.934722222
2023-12-07 06:00:00+00:00,12436386.902777778,12436386.902777778
2023-12-07 07:00:00+00:00,17568563.671944443,17568563.671944443
2023-12-07 08:00:00+00:00,19237791.65,19237791.65
2023-12-07 09:00:00+00:00,15473586.095833331,15473586.095833331
2023-12-07 10:00:00+00:00,20459877.6375,20459877.6375
2023-12-07 11:00:00+00:00,27974150.941944443,0.0
2023-12-07 12:00:00+00:00,24760112.02444445,0.0
2023-12-07 13:00:00+00:00,15097725.699722225,15097725.699722225
2023-12-07 14:00:00+00:00,19637471.10638889,19637471.10638889
2023-12-07 15:00:00+00:00,15762764.554722222,15762764.554722222
2023-12-07 16:00:00+00:00,16205827.958888888,16205827.958888888
2023-12-07 17:00:00+00:00,17904845.814444445,0.0
2023-12-07 18:00:00+00:00,19712668.978888888,19712668.978888888
2023-12-07 19:00:00+00:00,19347684.979166668,19347684.979166668
2023-12-07 20:00:00+00:00,17540020.874722224,17540020.874722224
2023-12-07 21:00:00+00:00,21047365.08,21047365.08
2023-12-07 22:00:00+00:00,15055502.266666668,15055502.266666668
2023-12-07 23:00:00+00:00,10052959.808333334,10052959.808333334
2023-12-08 00:00:00+00:00,16917132.079722222,16917132.079722222
2023-12-08 01:00:00+00:00,7443585.374722222,7443585.374722222
2023-12-08 02:00:00+00:00,5379069.567777778,0.0
2023-12-08 03:00:00+00:00,12293100.534444444,12293100.534444444
2023-12-08 04:00:00+00:00,16054861.629444445,0.0
2023-12-08 05:00:00+00:00,17889411.779444445,17889411.779444445
2023-12-08 06:00:00+00:00,17833837.923333332,17833837.923333332
2023-12-08 07:00:00+00:00,23217189.746666662,23217189.746666662
2023-12-08 08:00:00+00:00,24258312.706944443,24258312.706944443
2023-12-08 09:00:00+00:00,29818087.91888889,29818087.91888889
2023-12-08 10:00:00+00:00,26734465.1175,26734465.1175
2023-12-08 11:00:00+00:00,23365359.859444443,23365359.859444443
2023-12-08 12:00:00+00:00,24898544.90111111,24898544.90111111
2023-12-08 13:00:00+00:00,21305221.774722222,21305221.774722222
2023-12-08 14:00:00+00:00,20264277.09527778,20264277.09527778
2023-12-08 15:00:00+00:00,17529317.504166666,17529317.504166666
2023-12-08 16:00:00+00:00,16358176.339722222,0.0
2023-12-08 17:00:00+00:00,17263550.4725,17263550.4725
2023-12-08 18:00:00+00:00,19439043.792777777,19439043.792777777
2023-12-08 19:00:00+00:00,18155759.846944444,18155759.846944444
2023-12-08 20:00:00+00:00,21015833.13472222,21015833.13472222
2023-12-08 21:00:00+00:00,17117896.678333335,17117896.678333335
2023-12-08 22:00:00+00:00,12742827.784166666,12742827.784166666
2023-12-08 23:00:00+00:00,9192805.555277778,9192805.555277778
2023-12-09 00:00:00+00:00,6458084.765555556,6458084.765555556
2023-12-09 01:00:00+00:00,7644214.641388888,7644214.641388888
2023-12-09 02:00:00+00:00,7512951.733888889,7512951.733888889
2023-12-09 03:00:00+00:00,4532308.280833334,4532308.280833334
2023-12-09 04:00:00+00:00,6370585.691944445,6370585.691944445
2023-12-09 05:00:00+00:00,7613229.64,7613229.64
2023-12-09 06:00:00+00:00,7302842.343888889,7302842.343888889
2023-12-09 07:00:00+00:00,10155636.520833334,10155636.520833334
2023-12-09 08:00:00+00:00,13561532.577777777,13561532.577777777
2023-12-09 09:00:00+00:00,15363752.39138889,15363752.39138889
2023-12-09 10:00:00+00:00,18382582.73194445,18382582.73194445
2023-12-09 11:00:00+00:00,16441866.565,16441866.565
2023-12-09 12:00:00+00:00,19000301.062777776,19000301.062777776
2023-12-09 13:00:00+00:00,15889555.15361111,15889555.15361111
2023-12-09 14:00:00+00:00,19280898.532222223,19280898.532222223
2023-12-09 15:00:00+00:00,15875912.657777775,15875912.657777775
2023-12-09 16:00:00+00:00,14975743.82888889,14975743.82888889
2023-12-09 17:00:00+00:00,15795518.835555555,15795518.835555555
2023-12-09 18:00:00+00:00,18555277.6925,0.0
2023-12-09 19:00:00+00:00,18536018.27527778,18536018.27527778
2023-12-09 20:00:00+00:00,22218188.05111111,22218188.05111111
2023-12-09 21:00:00+00:00,17806415.373888887,17806415.373888887
2023-12-09 22:00:00+00:00,14043124.401944444,0.0
2023-12-09 23:00:00+00:00,12300966.254722225,12300966.254722225
2023-12-10 00:00:00+00:00,8229858.856111111,8229858.856111111
2023-12-10 01:00:00+00:00,5371952.274722222,5371952.274722222
2023-12-10 02:00:00+00:00,10371036.106666667,10371036.106666667
2023-12-10 03:00:00+00:00,4391362.416666667,0.0
2023-12-10 04:00:00+00:00,5897357.298888889,5897357.298888889
2023-12-10 05:00:00+00:00,5093368.239722222,5093368.239722222
2023-12-10 06:00:00+00:00,8936593.378611112,8936593.378611112
2023-12-10 07:00:00+00:00,14040179.935,14040179.935
2023-12-10 08:00:00+00:00,15483245.91222222,15483245.91222222
2023-12-10 09:00:00+00:00,16238034.690555556,16238034.690555556
2023-12-10 10:00:00+00:00,16189599.6425,16189599.6425
2023-12-10 11:00:00+00:00,16806425.42277778,16806425.42277778
2023-12-10 12:00:00+00:00,19722321.000277776,19722321.000277776
2023-12-10 13:00:00+00:00,15997833.001944443,15997833.001944443
2023-12-10 14:00:00+00:00,21905124.19361111,21905124.19361111
2023-12-10 15:00:00+00:00,19980790.86305556,19980790.86305556
2023-12-10 16:00:00+00:00,22610572.87361111,22610572.87361111
2023-12-10 17:00:00+00:00,19748009.995833334,19748009.995833334
2023-12-10 18:00:00+00:00,24114266.999166667,24114266.999166667
2023-12-10 19:00:00+00:00,24648661.0775,24648661.0775
2023-12-10 20:00:00+00:00,21405559.971388888,21405559.971388888
2023-12-10 21:00:00+00:00,19077088.027777776,19077088.027777776
2023-12-10 22:00:00+00:00,19093330.317222223,19093330.317222223
2023-12-10 23:00:00+00:00,10739836.593333334,10739836.593333334
2023-12-11 00:00:00+00:00,7184752.210277778,7184752.210277778
2023-12-11 01:00:00+00:00,8200147.741111111,8200147.741111111
2023-12-11 02:00:00+00:00,6095659.110277778,6095659.110277778
2023-12-11 03:00:00+00:00,6633906.979722222,6633906.979722222
2023-12-11 04:00:00+00:00,8328570.348611111,8328570.348611111
2023-12-11 05:00:00+00:00,9885909.986111112,9885909.986111112
2023-12-11 06:00:00+00:00,13150635.546388889,13150635.546388889
2023-12-11 07:00:00+00:00,19363971.075,19363971.075
2023-12-11 08:00:00+00:00,20152010.179444443,20152010.179444443
2023-12-11 09:00:00+00:00,16699621.785277778,16699621.785277778
2023-12-11 10:00:00+00:00,14877997.34111111,14877997.34111111
2023-12-11 11:00:00+00:00,20129486.43527778,20129486.43527778
2023-12-11 12:00:00+00:00,20102707.481666666,20102707.481666666
2023-12-11 13:00:00+00:00,18416705.850277778,18416705.850277778
2023-12-11 14:00:00+00:00,18998244.1275,18998244.1275
2023-12-11 15:00:00+00:00,19482383.295,19482383.295
2023-12-11 16:00:00+00:00,19598866.559166662,19598866.559166662
2023-12-11 17:00:00+00:00,19151294.41722222,19151294.41722222
2023-12-11 18:00:00+00:00,19730500.161944445,19730500.161944445
2023-12-11 19:00:00+00:00,19287264.49111111,19287264.49111111
2023-12-11 20:00:00+00:00,22268693.449166667,22268693.449166667
2023-12-11 21:00:00+00:00,19498950.16333333,19498950.16333333
2023-12-11 22:00:00+00:00,21331114.964166667,21331114.964166667
2023-12-11 23:00:00+00:00,15246453.284444444,0.0
2023-12-12 00:00:00+00:00,11262546.981111111,11262546.981111111
2023-12-12 01:00:00+00:00,7180306.760555555,7180306.760555555
2023-12-12 02:00:00+00:00,7008435.036388889,7008435.036388889
2023-12-12 03:00:00+00:00,6879960.930555556,6879960.930555556
2023-12-12 04:00:00+00:00,12074547.899444444,12074547.899444444
2023-12-12 05:00:00+00:00,9508786.177222222,9508786.177222222
2023-12-12 06:00:00+00:00,17949407.34222222,17949407.34222222
2023-12-12 07:00:00+00:00,24730700.985,24730700.985
2023-12-12 08:00:00+00:00,20677581.284444444,20677581.284444444
2023-12-12 09:00:00+00:00,21485960.156666663,21485960.156666663
2023-12-12 10:00:00+00:00,22354132.547222223,22354132.547222223
2023-12-12 11:00:00+00:00,21003696.14111111,21003696.14111111
2023-12-12 12:00:00+00:00,22653718.114722226,22653718.114722226
2023-12-12 13:00:00+00:00,26673126.6375,26673126.6375
2023-12-12 14:00:00+00:00,27122954.06027778,27122954.06027778
2023-12-12 15:00:00+00:00,25875562.71583333,25875562.71583333
2023-12-12 16:00:00+00:00,27828900.490555555,27828900.490555555
2023-12-12 17:00:00+00:00,27149234.75583333,27149234.75583333
2023-12-12 18:00:00+00:00,23767084.896111112,23767084.896111112
2023-12-12 19:00:00+00:00,25698315.77972222,25698315.77972222
2023-12-12 20:00:00+00:00,26036104.710277777,26036104.710277777
2023-12-12 21:00:00+00:00,26268698.64361111,26268698.64361111
2023-12-12 22:00:00+00:00,20658595.95833333,20658595.95833333
2023-12-12 23:00:00+00:00,13774379.985277778,13774379.985277778
2023-12-13 00:00:00+00:00,9673101.020277778,9673101.020277778
2023-12-13 01:00:00+00:00,7424350.702222222,7424350.702222222
2023-12-13 02:00:00+00:00,6525893.225,6525893.225
2023-12-13 03:00:00+00:00,7042668.678888889,7042668.678888889
2023-12-13 04:00:00+00:00,17053144.08027778,17053144.08027778
2023-12-13 05:00:00+00:00,15236679.6425,15236679.6425
2023-12-13 06:00:00+00:00,22520810.010277774,22520810.010277774
2023-12-13 07:00:00+00:00,25950678.678055555,0.0
2023-12-13 08:00:00+00:00,30659940.676666666,0.0
2023-12-13 09:00:00+00:00,27604020.701388888,27604020.701388888
2023-12-13 10:00:00+00:00,28776571.089166667,28776571.089166667
2023-12-13 11:00:00+00:00,35522817.74222222,35522817.74222222
2023-12-13 12:00:00+00:00,39383212.064444445,39383212.064444445
2023-12-13 13:00:00+00:00,25927930.52583333,25927930.52583333
2023-12-13 14:00:00+00:00,27398129.32722222,27398129.32722222
2023-12-13 15:00:00+00:00,25679362.7275,25679362.7275
2023-12-13 16:00:00+00:00,29258856.98138889,29258856.98138889
2023-12-13 17:00:00+00:00,24896524.725277778,24896524.725277778
2023-12-13 18:00:00+00:00,25197802.34138889,25197802.34138889
2023-12-13 19:00:00+00:00,29150754.73194445,29150754.73194445
2023-12-13 20:00:00+00:00,34921618.950277776,34921618.950277776
2023-12-13 21:00:00+00:00,30992503.571666665,30992503.571666665
2023-12-13 22:00:00+00:00,20793133.34083333,20793133.34083333
2023-12-13 23:00:00+00:00,10595498.7425,10595498.7425
2023-12-14 00:00:00+00:00,9087986.43111111,9087986.43111111
2023-12-14 01:00:00+00:00,7907401.105833333,7907401.105833333
2023-12-14 02:00:00+00:00,13349894.371111112,13349894.371111112
2023-12-14 03:00:00+00:00,9971729.295277778,9971729.295277778
2023-12-14 04:00:00+00:00,13244395.536944443,13244395.536944443
2023-12-14 05:00:00+00:00,13177843.29,13177843.29
2023-12-14 06:00:00+00:00,21000768.585833333,21000768.585833333
2023-12-14 07:00:00+00:00,28607031.799444444,28607031.799444444
2023-12-14 08:00:00+00:00,31337027.79111111,0.0
2023-12-14 09:00:00+00:00,24260695.525,24260695.525
2023-12-14 10:00:00+00:00,21051736.65083333,21051736.65083333
2023-12-14 11:00:00+00:00,22469114.741944443,22469114.741944443
2023-12-14 12:00:00+00:00,23919546.59888889,23919546.59888889
2023-12-14 13:00:00+00:00,25026284.2575,25026284.2575
2023-12-14 14:00:00+00:00,25239788.35472222,25239788.35472222
2023-12-14 15:00:00+00:00,31089030.64722222,31089030.64722222
2023-12-14 16:00:00+00:00,19501721.832222223,19501721.832222223
2023-12-14 17:00:00+00:00,18096722.7875,18096722.7875
2023-12-14 18:00:00+00:00,19542181.83333333,19542181.83333333
2023-12-14 19:00:00+00:00,21818713.386666667,21818713.386666667
2023-12-14 20:00:00+00:00,23339555.384444445,23339555.384444445
2023-12-14 21:00:00+00:00,19073216.734166667,19073216.734166667
2023-12-14 22:00:00+00:00,21308692.779166665,21308692.779166665
2023-12-14 23:00:00+00:00,8993280.98361111,8993280.98361111
2023-12-15 00:00:00+00:00,7424559.801944445,7424559.801944445
2023-12-15 01:00:00+00:00,7381286.076666667,7381286.076666667
2023-12-15 02:00:00+00:00,4871197.8425,4871197.8425
2023-12-15 03:00:00+00:00,9274998.978055555,9274998.978055555
2023-12-15 04:00:00+00:00,7889966.966388889,7889966.966388889
2023-12-15 05:00:00+00:00,9877641.148611112,9877641.148611112
2023-12-15 06:00:00+00:00,14671182.642777778,14671182.642777778
2023-12-15 07:00:00+00:00,25662821.29083333,25662821.29083333
2023-12-15 08:00:00+00:00,18741429.405277777,18741429.405277777
2023-12-15 09:00:00+00:00,22082464.38305556,0.0
2023-12-15 10:00:00+00:00,19969201.78111111,19969201.78111111
2023-12-15 11:00:00+00:00,17060247.39861111,17060247.39861111
2023-12-15 12:00:00+00:00,19954894.466111112,0.0
2023-12-15 13:00:00+00:00,19936663.28555556,19936663.28555556
2023-12-15 14:00:00+00:00,20049526.46333333,20049526.46333333
2023-12-15 15:00:00+00:00,21001563.25527778,21001563.25527778
2023-12-15 16:00:00+00:00,15298072.498611111,0.0
2023-12-15 17:00:00+00:00,17374815.93888889,17374815.93888889
2023-12-15 18:00:00+00:00,17315224.303888887,17315224.303888887
2023-12-15 19:00:00+00:00,15841879.405833334,15841879.405833334
2023-12-15 20:00:00+00:00,19116310.2675,19116310.2675
2023-12-15 21:00:00+00:00,18830551.729444444,18830551.729444444
2023-12-15 22:00:00+00:00,19151192.443888888,19151192.443888888
2023-12-15 23:00:00+00:00,14172837.009722222,14172837.009722222
2023-12-16 00:00:00+00:00,8786891.93638889,8786891.93638889
2023-12-16 01:00:00+00:00,6261470.011666667,6261470.011666667
2023-12-16 02:00:00+00:00,5343565.562222222,5343565.562222222
2023-12-16 03:00:00+00:00,5718433.553888889,5718433.553888889
2023-12-16 04:00:00+00:00,5435774.915277778,5435774.915277778
2023-12-16 05:00:00+00:00,8334981.425,8334981.425
2023-12-16 06:00:00+00:00,7735331.222222222,7735331.222222222
2023-12-16 07:00:00+00:00,9899160.994444445,9899160.994444445
2023-12-16 08:00:00+00:00,16247896.373055557,16247896.373055557
2023-12-16 09:00:00+00:00,22208744.242222223,22208744.242222223
2023-12-16 10:00:00+00:00,22385199.872222222,0.0
2023-12-16 11:00:00+00:00,20730155.5175,20730155.5175
2023-12-16 12:00:00+00:00,20826084.34583333,20826084.34583333
2023-12-16 13:00:00+00:00,16900160.166666668,16900160.166666668
2023-12-16 14:00:00+00:00,14042045.98888889,14042045.98888889
2023-12-16 15:00:00+00:00,16923758.719444446,16923758.719444446
2023-12-16 16:00:00+00:00,14917948.217777776,14917948.217777776
2023-12-16 17:00:00+00:00,17729145.988055557,17729145.988055557
2023-12-16 18:00:00+00:00,17264182.36361111,17264182.36361111
2023-12-16 19:00:00+00:00,21098683.29583333,21098683.29583333
2023-12-16 20:00:00+00:00,19415012.65638889,19415012.65638889
2023-12-16 21:00:00+00:00,30537004.63805556,30537004.63805556
2023-12-16 22:00:00+00:00,14532320.5875,14532320.5875
2023-12-16 23:00:00+00:00,9861718.48138889,9861718.48138889
2023-12-17 00:00:00+00:00,9375174.513611112,9375174.513611112
2023-12-17 01:00:00+00:00,6123720.0025,6123720.0025
2023-12-17 02:00:00+00:00,5477288.355277778,5477288.355277778
2023-12-17 03:00:00+00:00,4154919.018611111,4154919.018611111
2023-12-17 04:00:00+00:00,4408817.059722222,0.0
2023-12-17 05:00:00+00:00,4582011.514444444,4582011.514444444
2023-12-17 06:00:00+00:00,8483954.46388889,8483954.46388889
2023-12-17 07:00:00+00:00,9650184.576388888,9650184.576388888
2023-12-17 08:00:00+00:00,13027361.230833331,13027361.230833331
2023-12-17 09:00:00+00:00,13151312.913055556,13151312.913055556
2023-12-17 10:00:00+00:00,15790028.25888889,15790028.25888889
2023-12-17 11:00:00+00:00,13506024.252777778,13506024.252777778
2023-12-17 12:00:00+00:00,21016402.88305556,21016402.88305556
2023-12-17 13:00:00+00:00,16140257.460833332,0.0
2023-12-17 14:00:00+00:00,21851548.785,21851548.785
2023-12-17 15:00:00+00:00,15519783.705,15519783.705
2023-12-17 16:00:00+00:00,17976008.60361111,17976008.60361111
2023-12-17 17:00:00+00:00,16751681.660555556,16751681.660555556
2023-12-17 18:00:00+00:00,18461741.730833333,18461741.730833333
2023-12-17 19:00:00+00:00,20031423.421944443,20031423.421944443
2023-12-17 20:00:00+00:00,21498672.05361111,21498672.05361111
2023-12-17 21:00:00+00:00,16448348.624722222,16448348.624722222
2023-12-17 22:00:00+00:00,18612269.495277777,18612269.495277777
2023-12-17 23:00:00+00:00,11739635.951666666,11739635.951666666
2023-12-18 00:00:00+00:00,6874489.147222222,6874489.147222222
2023-12-18 01:00:00+00:00,7859207.940277778,7859207.940277778
2023-12-18 02:00:00+00:00,5744478.8025,5744478.8025
2023-12-18 03:00:00+00:00,6155223.794166666,6155223.794166666
2023-12-18 04:00:00+00:00,8323256.572222223,8323256.572222223
2023-12-18 05:00:00+00:00,13344123.994722225,13344123.994722225
2023-12-18 06:00:00+00:00,16088511.739722222,16088511.739722222
2023-12-18 07:00:00+00:00,19306719.940555558,19306719.940555558
2023-12-18 08:00:00+00:00,17404727.365,17404727.365
2023-12-18 09:00:00+00:00,18667529.670555554,18667529.670555554
2023-12-18 10:00:00+00:00,17299739.92611111,17299739.92611111
2023-12-18 11:00:00+00:00,15988995.437777778,15988995.437777778
2023-12-18 12:00:00+00:00,27334511.45,27334511.45
2023-12-18 13:00:00+00:00,23696701.486111112,23696701.486111112
2023-12-18 14:00:00+00:00,22656822.38305556,22656822.38305556
2023-12-18 15:00:00+00:00,21871400.28555556,21871400.28555556
2023-12-18 16:00:00+00:00,21683417.32222222,21683417.32222222
2023-12-18 17:00:00+00:00,20475820.125277776,20475820.125277776
2023-12-18 18:00:00+00:00,20691787.703333333,20691787.703333333
2023-12-18 19:00:00+00:00,21057423.37333333,21057423.37333333
2023-12-18 20:00:00+00:00,23062856.01,23062856.01
2023-12-18 21:00:00+00:00,20938081.04,20938081.04
2023-12-18 22:00:00+00:00,28320334.20888889,28320334.20888889
2023-12-18 23:00:00+00:00,11368248.871666666,11368248.871666666
2023-12-19 00:00:00+00:00,8418244.263333334,8418244.263333334
2023-12-19 01:00:00+00:00,5007653.973611111,5007653.973611111
2023-12-19 02:00:00+00:00,9545794.275555557,9545794.275555557
2023-12-19 03:00:00+00:00,6788863.874444445,0.0
2023-12-19 04:00:00+00:00,5701258.325277777,5701258.325277777
2023-12-19 05:00:00+00:00,7839956.286944444,7839956.286944444
2023-12-19 06:00:00+00:00,13773261.66638889,13773261.66638889
2023-12-19 07:00:00+00:00,18913584.21555556,18913584.21555556
2023-12-19 08:00:00+00:00,20536829.18305556,20536829.18305556
2023-12-19 09:00:00+00:00,17519748.815,17519748.815
2023-12-19 10:00:00+00:00,17450194.934722222,17450194.934722222
2023-12-19 11:00:00+00:00,19870072.348611116,19870072.348611116
2023-12-19 12:00:00+00:00,19745970.26138889,19745970.26138889
2023-12-19 13:00:00+00:00,21457449.724444445,21457449.724444445
2023-12-19 14:00:00+00:00,18959398.7025,18959398.7025
2023-12-19 15:00:00+00:00,17644038.5625,17644038.5625
2023-12-19 16:00:00+00:00,21052597.00333333,21052597.00333333
2023-12-19 17:00:00+00:00,18332022.62861111,0.0
2023-12-19 18:00:00+00:00,18121262.61388889,18121262.61388889
2023-12-19 19:00:00+00:00,21323395.39333333,21323395.39333333
2023-12-19 20:00:00+00:00,18891487.376666665,18891487.376666665
2023-12-19 21:00:00+00:00,16531345.889444444,16531345.889444444
2023-12-19 22:00:00+00:00,17250356.22,0.0
2023-12-19 23:00:00+00:00,10513635.623611111,10513635.623611111
2023-12-20 00:00:00+00:00,8329581.599444444,8329581.599444444
2023-12-20 01:00:00+00:00,7989417.413055556,0.0
2023-12-20 02:00:00+00:00,10010790.716666669,10010790.716666669
2023-12-20 03:00:00+00:00,13334391.152222222,13334391.152222222
2023-12-20 04:00:00+00:00,7307704.849166667,0.0
2023-12-20 05:00:00+00:00,10012147.270555556,10012147.270555556
2023-12-20 06:00:00+00:00,13689916.971666666,13689916.971666666
2023-12-20 07:00:00+00:00,16273726.629722225,16273726.629722225
2023-12-20 08:00:00+00:00,19674920.798611112,19674920.798611112
2023-12-20 09:00:00+00:00,13270142.530555556,13270142.530555556
2023-12-20 10:00:00+00:00,12733240.623333331,12733240.623333331
2023-12-20 11:00:00+00:00,12915288.204444444,12915288.204444444
2023-12-20 12:00:00+00:00,15388098.164166668,15388098.164166668
2023-12-20 13:00:00+00:00,15699803.27388889,15699803.27388889
2023-12-20 14:00:00+00:00,14685410.025833333,14685410.025833333
2023-12-20 15:00:00+00:00,13821606.3325,0.0
2023-12-20 16:00:00+00:00,13128554.421666669,13128554.421666669
2023-12-20 17:00:00+00:00,12746595.837222222,12746595.837222222
2023-12-20 18:00:00+00:00,13640048.545,13640048.545
2023-12-20 19:00:00+00:00,14455452.268888889,14455452.268888889
2023-12-20 20:00:00+00:00,16918958.728888888,16918958.728888888
2023-12-20 21:00:00+00:00,19051979.063333333,19051979.063333333
2023-12-20 22:00:00+00:00,12976729.240277778,12976729.240277778
2023-12-20 23:00:00+00:00,9136864.626388889,9136864.626388889
2023-12-21 00:00:00+00:00,7128562.1258333335,7128562.1258333335
2023-12-21 01:00:00+00:00,5770685.035,5770685.035
2023-12-21 02:00:00+00:00,8697998.8775,8697998.8775
2023-12-21 03:00:00+00:00,7831993.557222222,7831993.557222222
2023-12-21 04:00:00+00:00,5610959.631944444,5610959.631944444
2023-12-21 05:00:00+00:00,7753368.532777778,7753368.532777778
2023-12-21 06:00:00+00:00,14538840.29138889,14538840.29138889
2023-12-21 07:00:00+00:00,15640746.646666666,15640746.646666666
2023-12-21 08:00:00+00:00,18414141.91361111,18414141.91361111
2023-12-21 09:00:00+00:00,21845791.591111112,21845791.591111112
2023-12-21 10:00:00+00:00,14913907.261388889,14913907.261388889
2023-12-21 11:00:00+00:00,13911002.3375,13911002.3375
2023-12-21 12:00:00+00:00,17210515.955833334,0.0
2023-12-21 13:00:00+00:00,22183566.58777778,22183566.58777778
2023-12-21 14:00:00+00:00,23569037.313333333,0.0
2023-12-21 15:00:00+00:00,25034680.603055555,25034680.603055555
2023-12-21 16:00:00+00:00,25487605.05555556,0.0
2023-12-21 17:00:00+00:00,33846930.03722222,33846930.03722222
2023-12-21 18:00:00+00:00,27655682.72027778,27655682.72027778
2023-12-21 19:00:00+00:00,26024202.85638889,26024202.85638889
2023-12-21 20:00:00+00:00,31917488.42277778,31917488.42277778
2023-12-21 21:00:00+00:00,26037297.397777777,26037297.397777777
2023-12-21 22:00:00+00:00,22865947.480833333,22865947.480833333
2023-12-21 23:00:00+00:00,23543401.80805556,23543401.80805556
2023-12-22 00:00:00+00:00,20702145.80194445,20702145.80194445
2023-12-22 01:00:00+00:00,18971412.88583333,18971412.88583333
2023-12-22 02:00:00+00:00,26184467.839444444,26184467.839444444
2023-12-22 03:00:00+00:00,17269291.73361111,17269291.73361111
2023-12-22 04:00:00+00:00,18346664.64527778,18346664.64527778
2023-12-22 05:00:00+00:00,17381939.300555557,17381939.300555557
2023-12-22 06:00:00+00:00,19296313.0925,19296313.0925
2023-12-22 07:00:00+00:00,21715321.02833333,21715321.02833333
2023-12-22 08:00:00+00:00,19765268.33861111,19765268.33861111
2023-12-22 09:00:00+00:00,10787660.010277778,10787660.010277778
2023-12-22 10:00:00+00:00,16093829.74777778,16093829.74777778
2023-12-22 11:00:00+00:00,12816172.62,12816172.62
2023-12-22 12:00:00+00:00,14895416.46138889,14895416.46138889
2023-12-22 13:00:00+00:00,13200258.944722222,13200258.944722222
2023-12-22 14:00:00+00:00,10774141.143055556,0.0
2023-12-22 15:00:00+00:00,18377134.1325,18377134.1325
2023-12-22 16:00:00+00:00,21758212.991944443,21758212.991944443
2023-12-22 17:00:00+00:00,23321598.132222224,23321598.132222224
2023-12-22 18:00:00+00:00,22338465.65638889,22338465.65638889
2023-12-22 19:00:00+00:00,24228646.23583333,24228646.23583333
2023-12-22 20:00:00+00:00,28122648.85277778,28122648.85277778
2023-12-22 21:00:00+00:00,31326172.43888889,31326172.43888889
2023-12-22 22:00:00+00:00,19381959.234166667,19381959.234166667
2023-12-22 23:00:00+00:00,32499368.19333333,32499368.19333333
2023-12-23 00:00:00+00:00,21777415.044166666,21777415.044166666
2023-12-23 01:00:00+00:00,11175351.663055556,11175351.663055556
2023-12-23 02:00:00+00:00,14657712.813055556,14657712.813055556
2023-12-23 03:00:00+00:00,11854640.184722222,11854640.184722222
2023-12-23 04:00:00+00:00,10797200.526944444,10797200.526944444
2023-12-23 05:00:00+00:00,12730939.219444444,12730939.219444444
2023-12-23 06:00:00+00:00,17039847.546944443,17039847.546944443
2023-12-23 07:00:00+00:00,15319134.391111111,0.0
2023-12-23 08:00:00+00:00,17160871.013055556,17160871.013055556
2023-12-23 09:00:00+00:00,7998553.653333333,7998553.653333333
2023-12-23 10:00:00+00:00,11527334.470833331,0.0
2023-12-23 11:00:00+00:00,7460547.878055556,7460547.878055556
2023-12-23 12:00:00+00:00,9002392.757222222,9002392.757222222
2023-12-23 13:00:00+00:00,11142252.191388888,11142252.191388888
2023-12-23 14:00:00+00:00,5357422.558888889,5357422.558888889
2023-12-23 15:00:00+00:00,12040274.5675,12040274.5675
2023-12-23 16:00:00+00:00,13104236.944444444,13104236.944444444
2023-12-23 17:00:00+00:00,13258057.625277778,13258057.625277778
2023-12-23 18:00:00+00:00,17479208.178888887,17479208.178888887
2023-12-23 19:00:00+00:00,19796580.29444445,19796580.29444445
2023-12-23 20:00:00+00:00,20912794.524166662,20912794.524166662
2023-12-23 21:00:00+00:00,19823665.51833333,19823665.51833333
2023-12-23 22:00:00+00:00,22108096.545,22108096.545
2023-12-23 23:00:00+00:00,20981649.97472222,20981649.97472222
2023-12-24 00:00:00+00:00,19826034.628055558,19826034.628055558
2023-12-24 01:00:00+00:00,18543606.320277777,18543606.320277777
2023-12-24 02:00:00+00:00,17235024.591666665,0.0
2023-12-24 03:00:00+00:00,15931613.747222222,15931613.747222222
2023-12-24 04:00:00+00:00,14511445.481666667,14511445.481666667
2023-12-24 05:00:00+00:00,14851404.949444445,14851404.949444445
2023-12-24 06:00:00+00:00,15081572.929722222,15081572.929722222
2023-12-24 07:00:00+00:00,16131048.991944443,16131048.991944443
2023-12-24 08:00:00+00:00,15359482.113611111,15359482.113611111
2023-12-24 09:00:00+00:00,6170120.998055556,6170120.998055556
2023-12-24 10:00:00+00:00,4903944.498333333,4903944.498333333
2023-12-24 11:00:00+00:00,5748554.775555556,5748554.775555556
2023-12-24 12:00:00+00:00,5124324.656944444,0.0
2023-12-24 13:00:00+00:00,6972846.408333333,0.0
2023-12-24 14:00:00+00:00,7691486.202777778,7691486.202777778
2023-12-24 15:00:00+00:00,15223978.965555556,15223978.965555556
2023-12-24 16:00:00+00:00,20038733.55583333,20038733.55583333
2023-12-24 17:00:00+00:00,20914972.10638889,0.0
2023-12-24 18:00:00+00:00,20831284.531944446,20831284.531944446
2023-12-24 19:00:00+00:00,33860619.17916667,33860619.17916667
2023-12-24 20:00:00+00:00,23197528.64333333,23197528.64333333
2023-12-24 21:00:00+00:00,20043426.519722223,20043426.519722223
2023-12-24 22:00:00+00:00,20805194.105,20805194.105
2023-12-24 23:00:00+00:00,20341392.274166662,20341392.274166662
2023-12-25 00:00:00+00:00,14673804.719166666,14673804.719166666
2023-12-25 01:00:00+00:00,14285443.30611111,14285443.30611111
2023-12-25 02:00:00+00:00,17058629.9325,17058629.9325
2023-12-25 03:00:00+00:00,16956149.92416667,16956149.92416667
2023-12-25 04:00:00+00:00,13491550.60638889,13491550.60638889
2023-12-25 05:00:00+00:00,14509972.608888889,14509972.608888889
2023-12-25 06:00:00+00:00,18181614.335833333,18181614.335833333
2023-12-25 07:00:00+00:00,16775819.371944444,16775819.371944444
2023-12-25 08:00:00+00:00,15009425.63,15009425.63
2023-12-25 09:00:00+00:00,7006899.491666666,7006899.491666666
2023-12-25 10:00:00+00:00,7931448.157222223,7931448.157222223
2023-12-25 11:00:00+00:00,8004097.9525,8004097.9525
2023-12-25 12:00:00+00:00,9969534.405555556,9969534.405555556
2023-12-25 13:00:00+00:00,10375419.633055557,10375419.633055557
2023-12-25 14:00:00+00:00,13287134.84111111,13287134.84111111
2023-12-25 15:00:00+00:00,16252005.162777778,16252005.162777778
2023-12-25 16:00:00+00:00,18614885.70305556,18614885.70305556
2023-12-25 17:00:00+00:00,19359086.881388888,19359086.881388888
2023-12-25 18:00:00+00:00,20071438.29388889,20071438.29388889
2023-12-25 19:00:00+00:00,21335846.46583333,21335846.46583333
2023-12-25 20:00:00+00:00,19110100.67111111,19110100.67111111
2023-12-25 21:00:00+00:00,20486447.24694445,20486447.24694445
2023-12-25 22:00:00+00:00,16786207.07,16786207.07
2023-12-25 23:00:00+00:00,19911818.624166667,19911818.624166667
2023-12-26 00:00:00+00:00,22744384.791944444,22744384.791944444
2023-12-26 01:00:00+00:00,16018543.72361111,16018543.72361111
2023-12-26 02:00:00+00:00,13887477.554166667,13887477.554166667
2023-12-26 03:00:00+00:00,14283122.041944444,14283122.041944444
2023-12-26 04:00:00+00:00,15519543.218055556,15519543.218055556
2023-12-26 05:00:00+00:00,17183961.434722222,17183961.434722222
2023-12-26 06:00:00+00:00,15052073.384166667,15052073.384166667
2023-12-26 07:00:00+00:00,16089007.06472222,16089007.06472222
2023-12-26 08:00:00+00:00,15510865.2975,15510865.2975
2023-12-26 09:00:00+00:00,8528847.026666667,8528847.026666667
2023-12-26 10:00:00+00:00,10190490.634722222,10190490.634722222
2023-12-26 11:00:00+00:00,11940633.570833333,11940633.570833333
2023-12-26 12:00:00+00:00,12600237.431388889,12600237.431388889
2023-12-26 13:00:00+00:00,10809463.750555556,10809463.750555556
2023-12-26 14:00:00+00:00,10414257.842222225,10414257.842222225
2023-12-26 15:00:00+00:00,16690260.191944445,16690260.191944445
2023-12-26 16:00:00+00:00,18213415.446666665,18213415.446666665
2023-12-26 17:00:00+00:00,18961623.36,18961623.36
2023-12-26 18:00:00+00:00,18686310.03555556,18686310.03555556
2023-12-26 19:00:00+00:00,23405266.12138889,23405266.12138889
2023-12-26 20:00:00+00:00,23323754.52361111,23323754.52361111
2023-12-26 21:00:00+00:00,20669072.710833333,20669072.710833333
2023-12-26 22:00:00+00:00,19269849.028611112,0.0
2023-12-26 23:00:00+00:00,17779222.061944444,17779222.061944444
2023-12-27 00:00:00+00:00,19267773.459444445,19267773.459444445
2023-12-27 01:00:00+00:00,15560860.383611113,15560860.383611113
2023-12-27 02:00:00+00:00,14013212.482222222,14013212.482222222
2023-12-27 03:00:00+00:00,14482891.185833331,0.0
2023-12-27 04:00:00+00:00,11825094.856666667,0.0
2023-12-27 05:00:00+00:00,11771974.855833331,11771974.855833331
2023-12-27 06:00:00+00:00,12093493.064166669,0.0
2023-12-27 07:00:00+00:00,13173356.498055557,13173356.498055557
2023-12-27 08:00:00+00:00,14597553.139722222,14597553.139722222
2023-12-27 09:00:00+00:00,6782369.593611111,6782369.593611111
2023-12-27 10:00:00+00:00,8427859.786666667,8427859.786666667
2023-12-27 11:00:00+00:00,9823234.711944444,9823234.711944444
2023-12-27 12:00:00+00:00,7885598.033333333,0.0
2023-12-27 13:00:00+00:00,6684427.178611111,6684427.178611111
2023-12-27 14:00:00+00:00,7261322.202777778,7261322.202777778
2023-12-27 15:00:00+00:00,13025747.130277775,0.0
2023-12-27 16:00:00+00:00,14874149.437777778,14874149.437777778
2023-12-27 17:00:00+00:00,16049121.8525,16049121.8525
2023-12-27 18:00:00+00:00,19299324.91527778,19299324.91527778
2023-12-27 19:00:00+00:00,20633668.901944444,20633668.901944444
2023-12-27 20:00:00+00:00,22586802.315,22586802.315
2023-12-27 21:00:00+00:00,21289369.489166666,21289369.489166666
2023-12-27 22:00:00+00:00,17663404.122222222,17663404.122222222
2023-12-27 23:00:00+00:00,16208698.86861111,16208698.86861111
2023-12-28 00:00:00+00:00,14339929.162777778,14339929.162777778
2023-12-28 01:00:00+00:00,11987083.297777778,11987083.297777778
2023-12-28 02:00:00+00:00,11450075.786666667,11450075.786666667
2023-12-28 03:00:00+00:00,12427135.899166666,12427135.899166666
2023-12-28 04:00:00+00:00,14317291.557222225,14317291.557222225
2023-12-28 05:00:00+00:00,15788030.201944444,15788030.201944444
2023-12-28 06:00:00+00:00,16037598.8175,0.0
2023-12-28 07:00:00+00:00,17321999.7625,17321999.7625
2023-12-28 08:00:00+00:00,15738729.535833333,15738729.535833333
2023-12-28 09:00:00+00:00,7891085.299722223,0.0
2023-12-28 10:00:00+00:00,10683548.989722222,10683548.989722222
2023-12-28 11:00:00+00:00,7246515.172777778,7246515.172777778
2023-12-28 12:00:00+00:00,10047495.467222225,10047495.467222225
2023-12-28 13:00:00+00:00,10061377.513888888,10061377.513888888
2023-12-28 14:00:00+00:00,6778086.713055556,6778086.713055556
2023-12-28 15:00:00+00:00,14236730.545833332,14236730.545833332
2023-12-28 16:00:00+00:00,15400444.030555556,15400444.030555556
2023-12-28 17:00:00+00:00,12137517.635555556,12137517.635555556
2023-12-28 18:00:00+00:00,12453111.4325,12453111.4325
2023-12-28 19:00:00+00:00,11791725.489444444,11791725.489444444
2023-12-28 20:00:00+00:00,16172138.886388889,0.0
2023-12-28 21:00:00+00:00,13211974.818611111,13211974.818611111
2023-12-28 22:00:00+00:00,10633078.271944445,10633078.271944445
2023-12-28 23:00:00+00:00,10848768.959444445,10848768.959444445
2023-12-29 00:00:00+00:00,7573413.904444444,7573413.904444444
2023-12-29 01:00:00+00:00,3745926.246388889,3745926.246388889
2023-12-29 02:00:00+00:00,6947350.053333334,6947350.053333334
2023-12-29 03:00:00+00:00,6168233.910277777,6168233.910277777
2023-12-29 04:00:00+00:00,6796168.3063888885,6796168.3063888885
2023-12-29 05:00:00+00:00,5175095.912777778,0.0
2023-12-29 06:00:00+00:00,9539051.323055556,9539051.323055556
2023-12-29 07:00:00+00:00,11102259.575,11102259.575
2023-12-29 08:00:00+00:00,7302947.034444445,0.0
2023-12-29 09:00:00+00:00,7182472.0925,7182472.0925
2023-12-29 10:00:00+00:00,11018979.031111112,11018979.031111112
2023-12-29 11:00:00+00:00,9528522.952777777,9528522.952777777
2023-12-29 12:00:00+00:00,6293560.160277777,6293560.160277777
2023-12-29 13:00:00+00:00,16049503.13611111,16049503.13611111
2023-12-29 14:00:00+00:00,10378362.906111112,0.0
2023-12-29 15:00:00+00:00,14865304.570277778,14865304.570277778
2023-12-29 16:00:00+00:00,16700584.945833333,16700584.945833333
2023-12-29 17:00:00+00:00,10348316.852222225,10348316.852222225
2023-12-29 18:00:00+00:00,11458348.623611111,11458348.623611111
2023-12-29 19:00:00+00:00,10968069.913888888,10968069.913888888
2023-12-29 20:00:00+00:00,13283783.6075,13283783.6075
2023-12-29 21:00:00+00:00,10675795.859722223,10675795.859722223
2023-12-29 22:00:00+00:00,9252427.583333334,0.0
2023-12-29 23:00:00+00:00,7604925.261944445,7604925.261944445
2023-12-30 00:00:00+00:00,8655337.7325,8655337.7325
2023-12-30 01:00:00+00:00,6920619.872777778,6920619.872777778
2023-12-30 02:00:00+00:00,3637895.1288888888,3637895.1288888888
2023-12-30 03:00:00+00:00,4287344.761388889,4287344.761388889
2023-12-30 04:00:00+00:00,4254605.817222223,4254605.817222223
2023-12-30 05:00:00+00:00,4318203.311388889,4318203.311388889
2023-12-30 06:00:00+00:00,6593193.298611111,6593193.298611111
2023-12-30 07:00:00+00:00,6918639.832777778,6918639.832777778
2023-12-30 08:00:00+00:00,8123504.621944444,8123504.621944444
2023-12-30 09:00:00+00:00,8973608.832777778,8973608.832777778
2023-12-30 10:00:00+00:00,10577847.214166667,10577847.214166667
2023-12-30 11:00:00+00:00,8339541.282777778,8339541.282777778
2023-12-30 12:00:00+00:00,11150015.438333333,11150015.438333333
2023-12-30 13:00:00+00:00,5857984.6325,5857984.6325
2023-12-30 14:00:00+00:00,7356383.973888889,7356383.973888889
2023-12-30 15:00:00+00:00,8359883.746388889,8359883.746388889
2023-12-30 16:00:00+00:00,9284668.749722222,9284668.749722222
2023-12-30 17:00:00+00:00,10425270.944166666,10425270.944166666
2023-12-30 18:00:00+00:00,9135966.388888888,9135966.388888888
2023-12-30 19:00:00+00:00,10634499.695,10634499.695
2023-12-30 20:00:00+00:00,10869570.63388889,10869570.63388889
2023-12-30 21:00:00+00:00,9232662.769166669,9232662.769166669
2023-12-30 22:00:00+00:00,9075041.07,9075041.07
2023-12-30 23:00:00+00:00,7032920.537777778,0.0
2023-12-31 00:00:00+00:00,11768422.367222222,11768422.367222222
2023-12-31 01:00:00+00:00,6816310.625555555,6816310.625555555
2023-12-31 02:00:00+00:00,7008989.071111111,0.0
2023-12-31 03:00:00+00:00,6078103.440277778,6078103.440277778
2023-12-31 04:00:00+00:00,3220625.216666667,3220625.216666667
2023-12-31 05:00:00+00:00,3422451.570555556,3422451.570555556
2023-12-31 06:00:00+00:00,4719785.1025,4719785.1025
2023-12-31 07:00:00+00:00,5002421.399722222,5002421.399722222
2023-12-31 08:00:00+00:00,7889581.438055555,7889581.438055555
2023-12-31 09:00:00+00:00,13344465.87722222,13344465.87722222
2023-12-31 10:00:00+00:00,10399783.758055557,10399783.758055557
2023-12-31 11:00:00+00:00,7903850.823888889,7903850.823888889
2023-12-31 12:00:00+00:00,7022567.326944444,7022567.326944444
2023-12-31 13:00:00+00:00,7743339.9375,7743339.9375
2023-12-31 14:00:00+00:00,10021056.075277776,10021056.075277776
2023-12-31 15:00:00+00:00,9595706.510277778,9595706.510277778
2023-12-31 16:00:00+00:00,10601229.188055556,10601229.188055556
2023-12-31 17:00:00+00:00,12824731.065,12824731.065
2023-12-31 18:00:00+00:00,8862218.767222222,8862218.767222222
2023-12-31 19:00:00+00:00,7077685.9475,0.0
2023-12-31 20:00:00+00:00,9190424.928333333,9190424.928333333
2023-12-31 21:00:00+00:00,7565704.118055556,7565704.118055556
2023-12-31 22:00:00+00:00,10580174.5225,10580174.5225
2023-12-31 23:00:00+00:00,7085094.408888889,7085094.408888889
2024-01-01 00:00:00+00:00,9019518.210277775,9019518.210277775
2024-01-01 01:00:00+00:00,4952545.455,4952545.455
2024-01-01 02:00:00+00:00,5217581.036666667,0.0
2024-01-01 03:00:00+00:00,3744410.135,3744410.135
2024-01-01 04:00:00+00:00,4725767.899444444,4725767.899444444
2024-01-01 05:00:00+00:00,3874926.950555556,3874926.950555556
2024-01-01 06:00:00+00:00,5429359.9244444445,5429359.9244444445
2024-01-01 07:00:00+00:00,4806823.798888889,0.0
2024-01-01 08:00:00+00:00,6127562.891666667,6127562.891666667
2024-01-01 09:00:00+00:00,8206922.72,8206922.72
2024-01-01 10:00:00+00:00,6838158.966388889,6838158.966388889
2024-01-01 11:00:00+00:00,6461390.565555556,6461390.565555556
2024-01-01 12:00:00+00:00,8254539.133055556,8254539.133055556
2024-01-01 13:00:00+00:00,9263098.449722225,9263098.449722225
2024-01-01 14:00:00+00:00,8225571.674722223,8225571.674722223
2024-01-01 15:00:00+00:00,11982474.4275,0.0
2024-01-01 16:00:00+00:00,10358898.454722222,10358898.454722222
2024-01-01 17:00:00+00:00,13723671.519444443,13723671.519444443
2024-01-01 18:00:00+00:00,12693444.886388889,12693444.886388889
2024-01-01 19:00:00+00:00,13002923.478333334,13002923.478333334
2024-01-01 20:00:00+00:00,13157633.315277778,13157633.315277778
2024-01-01 21:00:00+00:00,10597237.89472222,10597237.89472222
2024-01-01 22:00:00+00:00,9571865.775555557,0.0
2024-01-01 23:00:00+00:00,5990883.429444444,5990883.429444444
2024-01-02 00:00:00+00:00,6171731.981111111,6171731.981111111
2024-01-02 01:00:00+00:00,3897836.359722222,3897836.359722222
2024-01-02 02:00:00+00:00,2789848.0447222223,2789848.0447222223
2024-01-02 03:00:00+00:00,2532718.3269444443,2532718.3269444443
2024-01-02 04:00:00+00:00,3409609.2697222224,3409609.2697222224
2024-01-02 05:00:00+00:00,4647954.208055556,4647954.208055556
2024-01-02 06:00:00+00:00,10611973.476944445,0.0
2024-01-02 07:00:00+00:00,12943525.568055555,12943525.568055555
2024-01-02 08:00:00+00:00,12004059.46277778,12004059.46277778
2024-01-02 09:00:00+00:00,10344412.50638889,10344412.50638889
2024-01-02 10:00:00+00:00,11846955.11,11846955.11
2024-01-02 11:00:00+00:00,10761612.623333331,10761612.623333331
2024-01-02 12:00:00+00:00,13051424.572777778,0.0
2024-01-02 13:00:00+00:00,14552469.907222224,14552469.907222224
2024-01-02 14:00:00+00:00,13953375.134166667,13953375.134166667
2024-01-02 15:00:00+00:00,12118818.048333334,12118818.048333334
2024-01-02 16:00:00+00:00,8894617.011388889,8894617.011388889
2024-01-02 17:00:00+00:00,6929332.276388889,6929332.276388889
2024-01-02 18:00:00+00:00,10432704.342222225,10432704.342222225
2024-01-02 19:00:00+00:00,10007658.194444444,10007658.194444444
2024-01-02 20:00:00+00:00,8412278.367222222,0.0
2024-01-02 21:00:00+00:00,8804178.870555555,8804178.870555555
2024-01-02 22:00:00+00:00,7665785.728333333,7665785.728333333
2024-01-02 23:00:00+00:00,5718507.590833333,5718507.590833333
2024-01-03 00:00:00+00:00,4726536.877777778,0.0
2024-01-03 01:00:00+00:00,4302183.961388889,4302183.961388889
2024-01-03 02:00:00+00:00,4663945.086388889,4663945.086388889
2024-01-03 03:00:00+00:00,3561960.313055556,3561960.313055556
2024-01-03 04:00:00+00:00,4235223.620833334,4235223.620833334
2024-01-03 05:00:00+00:00,6036500.113055555,6036500.113055555
2024-01-03 06:00:00+00:00,9558745.804444443,9558745.804444443
2024-01-03 07:00:00+00:00,13109432.407222224,13109432.407222224
2024-01-03 08:00:00+00:00,12116343.4425,12116343.4425
2024-01-03 09:00:00+00:00,12603779.326388888,12603779.326388888
2024-01-03 10:00:00+00:00,15214253.200277776,15214253.200277776
2024-01-03 11:00:00+00:00,11209317.5975,11209317.5975
2024-01-03 12:00:00+00:00,12665350.076944444,12665350.076944444
2024-01-03 13:00:00+00:00,13325225.35111111,13325225.35111111
2024-01-03 14:00:00+00:00,13468705.387222225,13468705.387222225
2024-01-03 15:00:00+00:00,15770654.263611112,15770654.263611112
2024-01-03 16:00:00+00:00,19693541.214722224,0.0
2024-01-03 17:00:00+00:00,10061752.517222222,10061752.517222222
2024-01-03 18:00:00+00:00,9396218.109444443,9396218.109444443
2024-01-03 19:00:00+00:00,8393077.519444445,8393077.519444445
2024-01-03 20:00:00+00:00,11336015.078611111,11336015.078611111
2024-01-03 21:00:00+00:00,8845598.561111111,8845598.561111111
2024-01-03 22:00:00+00:00,10591791.654166669,10591791.654166669
2024-01-03 23:00:00+00:00,3397977.908611112,3397977.908611112
2024-01-04 00:00:00+00:00,14692307.889166666,14692307.889166666
2024-01-04 01:00:00+00:00,5675788.0675,5675788.0675
2024-01-04 02:00:00+00:00,2823804.593611111,2823804.593611111
2024-01-04 03:00:00+00:00,12752303.762777776,12752303.762777776
2024-01-04 04:00:00+00:00,6034371.303611111,6034371.303611111
2024-01-04 05:00:00+00:00,4354498.291666667,4354498.291666667
2024-01-04 06:00:00+00:00,6738794.473333334,6738794.473333334
2024-01-04 07:00:00+00:00,10464253.262222225,10464253.262222225
2024-01-04 08:00:00+00:00,17717810.153333332,17717810.153333332
2024-01-04 09:00:00+00:00,12230060.56361111,0.0
2024-01-04 10:00:00+00:00,13685037.621111112,13685037.621111112
2024-01-04 11:00:00+00:00,14513621.098333333,14513621.098333333
2024-01-04 12:00:00+00:00,14338824.735,14338824.735
2024-01-04 13:00:00+00:00,13474805.34861111,13474805.34861111
2024-01-04 14:00:00+00:00,15933591.863055555,15933591.863055555
2024-01-04 15:00:00+00:00,12279821.326666666,12279821.326666666
2024-01-04 16:00:00+00:00,14080664.061944444,14080664.061944444
2024-01-04 17:00:00+00:00,12729481.701111112,12729481.701111112
2024-01-04 18:00:00+00:00,10892443.83888889,10892443.83888889
2024-01-04 19:00:00+00:00,9363557.397777775,9363557.397777775
2024-01-04 20:00:00+00:00,7256043.995555555,7256043.995555555
2024-01-04 21:00:00+00:00,8105014.164166667,8105014.164166667
2024-01-04 22:00:00+00:00,6024990.084722222,6024990.084722222
2024-01-04 23:00:00+00:00,4291728.245,4291728.245
2024-01-05 00:00:00+00:00,6750283.830555555,6750283.830555555
2024-01-05 01:00:00+00:00,2998063.591111111,2998063.591111111
2024-01-05 02:00:00+00:00,6681567.161944444,6681567.161944444
2024-01-05 03:00:00+00:00,5395322.5875,0.0
2024-01-05 04:00:00+00:00,7403592.424722223,7403592.424722223
2024-01-05 05:00:00+00:00,4059170.529166667,4059170.529166667
2024-01-05 06:00:00+00:00,9087317.86388889,0.0
2024-01-05 07:00:00+00:00,15694074.308055555,15694074.308055555
2024-01-05 08:00:00+00:00,10455156.370555555,10455156.370555555
2024-01-05 09:00:00+00:00,10850042.554722222,10850042.554722222
2024-01-05 10:00:00+00:00,10472551.915555555,0.0
2024-01-05 11:00:00+00:00,10478392.081666669,10478392.081666669
2024-01-05 12:00:00+00:00,15560803.56888889,15560803.56888889
2024-01-05 13:00:00+00:00,12624265.943333331,12624265.943333331
2024-01-05 14:00:00+00:00,18898132.406944446,18898132.406944446
2024-01-05 15:00:00+00:00,11345276.758055557,11345276.758055557
2024-01-05 16:00:00+00:00,19735155.46138889,19735155.46138889
2024-01-05 17:00:00+00:00,8861269.247777779,0.0
2024-01-05 18:00:00+00:00,10256000.650833333,0.0
2024-01-05 19:00:00+00:00,9973698.306666669,9973698.306666669
2024-01-05 20:00:00+00:00,7907180.246944444,7907180.246944444
2024-01-05 21:00:00+00:00,8953020.953333333,8953020.953333333
2024-01-05 22:00:00+00:00,8193683.027222223,8193683.027222223
2024-01-05 23:00:00+00:00,9206547.48027778,9206547.48027778
2024-01-06 00:00:00+00:00,4506115.767777778,4506115.767777778
2024-01-06 01:00:00+00:00,3127647.8552777776,3127647.8552777776
2024-01-06 02:00:00+00:00,5045927.023611112,5045927.023611112
2024-01-06 03:00:00+00:00,3585327.273888889,3585327.273888889
2024-01-06 04:00:00+00:00,3374594.843611111,3374594.843611111
2024-01-06 05:00:00+00:00,2990268.8930555554,2990268.8930555554
2024-01-06 06:00:00+00:00,4585692.558611111,4585692.558611111
2024-01-06 07:00:00+00:00,7393308.368333333,7393308.368333333
2024-01-06 08:00:00+00:00,7859612.445833334,7859612.445833334
2024-01-06 09:00:00+00:00,9652872.4125,9652872.4125
2024-01-06 10:00:00+00:00,9161801.493333334,9161801.493333334
2024-01-06 11:00:00+00:00,11237067.0575,0.0
2024-01-06 12:00:00+00:00,10214466.96277778,10214466.96277778
2024-01-06 13:00:00+00:00,8668333.925833333,8668333.925833333
2024-01-06 14:00:00+00:00,11588820.541111112,0.0
2024-01-06 15:00:00+00:00,10519801.405555556,10519801.405555556
2024-01-06 16:00:00+00:00,13328747.683333334,0.0
2024-01-06 17:00:00+00:00,12628190.145277778,12628190.145277778
2024-01-06 18:00:00+00:00,10113229.297777778,10113229.297777778
2024-01-06 19:00:00+00:00,7852604.377222222,7852604.377222222
2024-01-06 20:00:00+00:00,9085710.15027778,9085710.15027778
2024-01-06 21:00:00+00:00,14510055.295277778,0.0
2024-01-06 22:00:00+00:00,7188615.67,7188615.67
2024-01-06 23:00:00+00:00,5344140.475833333,5344140.475833333
2024-01-07 00:00:00+00:00,4625637.822777778,0.0
2024-01-07 01:00:00+00:00,4280245.526111111,4280245.526111111
2024-01-07 02:00:00+00:00,3718095.213611111,3718095.213611111
2024-01-07 03:00:00+00:00,4424240.096111111,4424240.096111111
2024-01-07 04:00:00+00:00,3784384.924166667,3784384.924166667
2024-01-07 05:00:00+00:00,2962841.7480555554,2962841.7480555554
2024-01-07 06:00:00+00:00,3162073.305833333,3162073.305833333
2024-01-07 07:00:00+00:00,4921543.585833333,4921543.585833333
2024-01-07 08:00:00+00:00,7137562.406388889,7137562.406388889
2024-01-07 09:00:00+00:00,9586883.306944445,9586883.306944445
2024-01-07 10:00:00+00:00,10861940.964166667,10861940.964166667
2024-01-07 11:00:00+00:00,9777585.420555556,9777585.420555556
2024-01-07 12:00:00+00:00,9819939.646944445,9819939.646944445
2024-01-07 13:00:00+00:00,11654458.175555555,11654458.175555555
2024-01-07 14:00:00+00:00,12884191.636388889,12884191.636388889
2024-01-07 15:00:00+00:00,10211493.50111111,10211493.50111111
2024-01-07 16:00:00+00:00,9470733.21277778,9470733.21277778
2024-01-07 17:00:00+00:00,9750319.378333334,9750319.378333334
2024-01-07 18:00:00+00:00,11777123.20722222,11777123.20722222
2024-01-07 19:00:00+00:00,10938346.841666669,10938346.841666669
2024-01-07 20:00:00+00:00,10542018.794166667,10542018.794166667
2024-01-07 21:00:00+00:00,8364469.922777778,8364469.922777778
2024-01-07 22:00:00+00:00,8041280.405,8041280.405
2024-01-07 23:00:00+00:00,5511458.256944444,5511458.256944444
2024-01-08 00:00:00+00:00,4052395.890833333,4052395.890833333
2024-01-08 01:00:00+00:00,2953666.0258333334,2953666.0258333334
2024-01-08 02:00:00+00:00,3384815.5516666668,3384815.5516666668
2024-01-08 03:00:00+00:00,5140918.836111112,5140918.836111112
2024-01-08 04:00:00+00:00,4036954.746944444,4036954.746944444
2024-01-08 05:00:00+00:00,4916753.359166667,4916753.359166667
2024-01-08 06:00:00+00:00,9926344.4625,9926344.4625
2024-01-08 07:00:00+00:00,9828482.19,9828482.19
2024-01-08 08:00:00+00:00,12378503.318055555,12378503.318055555
2024-01-08 09:00:00+00:00,12391029.20388889,12391029.20388889
2024-01-08 10:00:00+00:00,12865183.634166667,0.0
2024-01-08 11:00:00+00:00,12958746.096666666,12958746.096666666
2024-01-08 12:00:00+00:00,14738437.370277775,14738437.370277775
2024-01-08 13:00:00+00:00,13611721.841388889,0.0
2024-01-08 14:00:00+00:00,14165152.544722222,14165152.544722222
2024-01-08 15:00:00+00:00,12254543.841388889,12254543.841388889
2024-01-08 16:00:00+00:00,14548294.2325,14548294.2325
2024-01-08 17:00:00+00:00,16808008.621666666,16808008.621666666
2024-01-08 18:00:00+00:00,13500424.375,13500424.375
2024-01-08 19:00:00+00:00,14045981.295555556,14045981.295555556
2024-01-08 20:00:00+00:00,14196175.255833331,14196175.255833331
2024-01-08 21:00:00+00:00,6514463.172777778,6514463.172777778
2024-01-08 22:00:00+00:00,2064170.2269444445,2064170.2269444445
2024-01-08 23:00:00+00:00,1461092.4152777777,1461092.4152777777
2024-01-09 00:00:00+00:00,983753.3891666668,983753.3891666668
2024-01-09 01:00:00+00:00,1272474.1425,1272474.1425
2024-01-09 02:00:00+00:00,900410.3133333334,900410.3133333334
2024-01-09 03:00:00+00:00,2035982.9652777775,2035982.9652777775
2024-01-09 04:00:00+00:00,4561939.503888889,4561939.503888889
2024-01-09 05:00:00+00:00,7733740.605,7733740.605
2024-01-09 06:00:00+00:00,9688285.958888888,9688285.958888888
2024-01-09 07:00:00+00:00,11958663.113611111,11958663.113611111
2024-01-09 08:00:00+00:00,11716512.076388888,0.0
2024-01-09 09:00:00+00:00,13310739.246944444,13310739.246944444
2024-01-09 10:00:00+00:00,14774595.15027778,14774595.15027778
2024-01-09 11:00:00+00:00,12399822.179166667,12399822.179166667
2024-01-09 12:00:00+00:00,14536115.009166667,14536115.009166667
2024-01-09 13:00:00+00:00,13010865.811666667,13010865.811666667
2024-01-09 14:00:00+00:00,19411755.495277777,19411755.495277777
2024-01-09 15:00:00+00:00,14065322.21138889,14065322.21138889
2024-01-09 16:00:00+00:00,16295089.90027778,16295089.90027778
2024-01-09 17:00:00+00:00,19358181.811666667,19358181.811666667
2024-01-09 18:00:00+00:00,20953157.101944443,20953157.101944443
2024-01-09 19:00:00+00:00,18539252.637222223,18539252.637222223
2024-01-09 20:00:00+00:00,12792926.908055555,0.0
2024-01-09 21:00:00+00:00,12492839.925277775,0.0
2024-01-09 22:00:00+00:00,8550076.767222222,8550076.767222222
2024-01-09 23:00:00+00:00,11332020.402777778,11332020.402777778
2024-01-10 00:00:00+00:00,6410325.083055556,6410325.083055556
2024-01-10 01:00:00+00:00,4316700.797777778,0.0
2024-01-10 02:00:00+00:00,7120589.169444445,7120589.169444445
2024-01-10 03:00:00+00:00,6317669.3,6317669.3
2024-01-10 04:00:00+00:00,8148592.129722223,8148592.129722223
2024-01-10 05:00:00+00:00,8454015.50888889,8454015.50888889
2024-01-10 06:00:00+00:00,14048886.4425,14048886.4425
2024-01-10 07:00:00+00:00,15577006.229166666,15577006.229166666
2024-01-10 08:00:00+00:00,15707534.665,15707534.665
2024-01-10 09:00:00+00:00,18445257.364166666,18445257.364166666
2024-01-10 10:00:00+00:00,16070476.121388888,0.0
2024-01-10 11:00:00+00:00,18170967.31027778,18170967.31027778
2024-01-10 12:00:00+00:00,17100396.433055557,17100396.433055557
2024-01-10 13:00:00+00:00,15729326.923055556,15729326.923055556
2024-01-10 14:00:00+00:00,17858081.220833335,17858081.220833335
2024-01-10 15:00:00+00:00,13160700.115277778,13160700.115277778
2024-01-10 16:00:00+00:00,14525501.668333331,14525501.668333331
2024-01-10 17:00:00+00:00,14230376.671666669,14230376.671666669
2024-01-10 18:00:00+00:00,15222540.980555557,15222540.980555557
2024-01-10 19:00:00+00:00,14729852.72611111,14729852.72611111
2024-01-10 20:00:00+00:00,15758242.355555557,15758242.355555557
2024-01-10 21:00:00+00:00,11414147.452222222,11414147.452222222
2024-01-10 22:00:00+00:00,10933463.865,10933463.865
2024-01-10 23:00:00+00:00,8561811.109166667,8561811.109166667
2024-01-11 00:00:00+00:00,7083674.457777778,7083674.457777778
2024-01-11 01:00:00+00:00,4453046.410277777,4453046.410277777
2024-01-11 02:00:00+00:00,8058090.027222223,8058090.027222223
2024-01-11 03:00:00+00:00,12166009.91222222,0.0
2024-01-11 04:00:00+00:00,4653840.824444445,4653840.824444445
2024-01-11 05:00:00+00:00,5238125.4175,5238125.4175
2024-01-11 06:00:00+00:00,9872688.716944445,9872688.716944445
2024-01-11 07:00:00+00:00,15295458.431388889,15295458.431388889
2024-01-11 08:00:00+00:00,12720418.308333334,0.0
2024-01-11 09:00:00+00:00,13039746.47361111,13039746.47361111
2024-01-11 10:00:00+00:00,13783531.078055557,13783531.078055557
2024-01-11 11:00:00+00:00,13410089.511944445,13410089.511944445
2024-01-11 12:00:00+00:00,42151033.76166666,42151033.76166666
2024-01-11 13:00:00+00:00,27471566.594722223,27471566.594722223
2024-01-11 14:00:00+00:00,12343617.114722222,12343617.114722222
2024-01-11 15:00:00+00:00,10035200.580833333,10035200.580833333
2024-01-11 16:00:00+00:00,11005068.21611111,11005068.21611111
2024-01-11 17:00:00+00:00,7535665.599444444,7535665.599444444
2024-01-11 18:00:00+00:00,21199800.514444444,21199800.514444444
2024-01-11 19:00:00+00:00,44392764.979722224,44392764.979722224
2024-01-11 20:00:00+00:00,55170364.47083333,0.0
2024-01-11 21:00:00+00:00,12391347.756666666,12391347.756666666
2024-01-11 22:00:00+00:00,11416739.268333333,11416739.268333333
2024-01-11 23:00:00+00:00,21981869.02361111,21981869.02361111
2024-01-12 00:00:00+00:00,9440348.225555556,9440348.225555556
2024-01-12 01:00:00+00:00,14435040.311944444,14435040.311944444
2024-01-12 02:00:00+00:00,10022613.491666667,10022613.491666667
2024-01-12 03:00:00+00:00,17050056.6875,17050056.6875
2024-01-12 04:00:00+00:00,5488177.158611111,5488177.158611111
2024-01-12 05:00:00+00:00,5969061.970277778,5969061.970277778
2024-01-12 06:00:00+00:00,11105380.487222224,0.0
2024-01-12 07:00:00+00:00,15270178.4275,15270178.4275
2024-01-12 08:00:00+00:00,15748654.903333334,15748654.903333334
2024-01-12 09:00:00+00:00,67576830.88222222,67576830.88222222
2024-01-12 10:00:00+00:00,176661314.65805554,176661314.65805554
2024-01-12 11:00:00+00:00,219530402.1455556,219530402.1455556
2024-01-12 12:00:00+00:00,226261877.19972223,226261877.19972223
2024-01-12 13:00:00+00:00,103576333.44055556,103576333.44055556
2024-01-12 14:00:00+00:00,120402670.67055556,120402670.67055556
2024-01-12 15:00:00+00:00,72485758.36527778,72485758.36527778
2024-01-12 16:00:00+00:00,66740575.05361112,0.0
2024-01-12 17:00:00+00:00,100346075.57388888,100346075.57388888
2024-01-12 18:00:00+00:00,91319526.39166668,0.0
2024-01-12 19:00:00+00:00,15349977.748611111,0.0
2024-01-12 20:00:00+00:00,18962356.01277778,18962356.01277778
2024-01-12 21:00:00+00:00,27599894.75,27599894.75
2024-01-12 22:00:00+00:00,12361776.58222222,12361776.58222222
2024-01-12 23:00:00+00:00,11111070.921666669,11111070.921666669
2024-01-13 00:00:00+00:00,14280941.56361111,14280941.56361111
2024-01-13 01:00:00+00:00,58116741.20277778,58116741.20277778
2024-01-13 02:00:00+00:00,46522154.94805556,46522154.94805556
2024-01-13 03:00:00+00:00,33056800.776944444,33056800.776944444
2024-01-13 04:00:00+00:00,78190775.1775,78190775.1775
2024-01-13 05:00:00+00:00,70244122.74027778,70244122.74027778
2024-01-13 06:00:00+00:00,87656747.71916667,87656747.71916667
2024-01-13 07:00:00+00:00,99914165.03666666,99914165.03666666
2024-01-13 08:00:00+00:00,86924616.47083333,0.0
2024-01-13 09:00:00+00:00,97033305.85111111,97033305.85111111
2024-01-13 10:00:00+00:00,96006438.19833334,96006438.19833334
2024-01-13 11:00:00+00:00,87552966.16166666,87552966.16166666
2024-01-13 12:00:00+00:00,88388246.65138888,88388246.65138888
2024-01-13 13:00:00+00:00,84564216.00666666,84564216.00666666
2024-01-13 14:00:00+00:00,72585602.87583333,72585602.87583333
2024-01-13 15:00:00+00:00,73093772.60361111,73093772.60361111
2024-01-13 16:00:00+00:00,53989820.48611111,53989820.48611111
2024-01-13 17:00:00+00:00,55649026.82305556,0.0
2024-01-13 18:00:00+00:00,69768166.31666666,0.0
2024-01-13 19:00:00+00:00,79037031.68972223,79037031.68972223
2024-01-13 20:00:00+00:00,87289652.28444445,0.0
2024-01-13 21:00:00+00:00,90984036.26027778,90984036.26027778
2024-01-13 22:00:00+00:00,86226940.66138889,86226940.66138889
2024-01-13 23:00:00+00:00,82325369.7125,82325369.7125
2024-01-14 00:00:00+00:00,87671429.97694445,87671429.97694445
2024-01-14 01:00:00+00:00,87202064.32166667,87202064.32166667
2024-01-14 02:00:00+00:00,35420446.781944446,35420446.781944446
2024-01-14 03:00:00+00:00,8329013.264444444,8329013.264444444
2024-01-14 04:00:00+00:00,10895879.75,10895879.75
2024-01-14 05:00:00+00:00,4964716.286111111,4964716.286111111
2024-01-14 06:00:00+00:00,5055983.3533333335,5055983.3533333335
2024-01-14 07:00:00+00:00,5021038.044722222,5021038.044722222
2024-01-14 08:00:00+00:00,7479933.2975,7479933.2975
2024-01-14 09:00:00+00:00,8918777.368888889,8918777.368888889
2024-01-14 10:00:00+00:00,13298803.536388887,13298803.536388887
2024-01-14 11:00:00+00:00,12011924.493055556,12011924.493055556
2024-01-14 12:00:00+00:00,11303627.805,0.0
2024-01-14 13:00:00+00:00,11590624.576666666,11590624.576666666
2024-01-14 14:00:00+00:00,11897999.452222222,0.0
2024-01-14 15:00:00+00:00,13717431.071111113,13717431.071111113
2024-01-14 16:00:00+00:00,9569835.211666666,9569835.211666666
2024-01-14 17:00:00+00:00,13010886.911944443,13010886.911944443
2024-01-14 18:00:00+00:00,12449707.774444444,0.0
2024-01-14 19:00:00+00:00,13117759.70611111,13117759.70611111
2024-01-14 20:00:00+00:00,15442462.230833331,15442462.230833331
2024-01-14 21:00:00+00:00,22121872.36361111,0.0
2024-01-14 22:00:00+00:00,11958091.968333334,0.0
2024-01-14 23:00:00+00:00,6457667.286388889,0.0
2024-01-15 00:00:00+00:00,4254397.094722223,4254397.094722223
2024-01-15 01:00:00+00:00,3848852.173611111,3848852.173611111
2024-01-15 02:00:00+00:00,2686915.8219444444,2686915.8219444444
2024-01-15 03:00:00+00:00,2500970.092777778,2500970.092777778
2024-01-15 04:00:00+00:00,3771539.2891666666,3771539.2891666666
2024-01-15 05:00:00+00:00,5320523.084444445,5320523.084444445
2024-01-15 06:00:00+00:00,11178716.671944443,11178716.671944443
2024-01-15 07:00:00+00:00,12696760.058888888,12696760.058888888
2024-01-15 08:00:00+00:00,20581589.161944445,20581589.161944445
2024-01-15 09:00:00+00:00,21253467.17388889,21253467.17388889
2024-01-15 10:00:00+00:00,24701737.954166666,0.0
2024-01-15 11:00:00+00:00,25937035.38833333,25937035.38833333
2024-01-15 12:00:00+00:00,23807701.21361111,23807701.21361111
2024-01-15 13:00:00+00:00,26767643.64527778,26767643.64527778
2024-01-15 14:00:00+00:00,20637096.760277774,20637096.760277774
2024-01-15 15:00:00+00:00,19701772.85083333,19701772.85083333
2024-01-15 16:00:00+00:00,20121048.317222223,20121048.317222223
2024-01-15 17:00:00+00:00,16985183.666944444,16985183.666944444
2024-01-15 18:00:00+00:00,10760897.065277778,10760897.065277778
2024-01-15 19:00:00+00:00,12252921.277222222,12252921.277222222
2024-01-15 20:00:00+00:00,13247688.575,13247688.575
2024-01-15 21:00:00+00:00,27727665.2825,27727665.2825
2024-01-15 22:00:00+00:00,17212887.64111111,17212887.64111111
2024-01-15 23:00:00+00:00,17931552.0625,17931552.0625
2024-01-16 00:00:00+00:00,14138301.55361111,14138301.55361111
2024-01-16 01:00:00+00:00,15387845.026944444,15387845.026944444
2024-01-16 02:00:00+00:00,14238290.864166666,14238290.864166666
2024-01-16 03:00:00+00:00,13426890.488055555,13426890.488055555
2024-01-16 04:00:00+00:00,15455990.143333333,15455990.143333333
2024-01-16 05:00:00+00:00,14795106.894444443,14795106.894444443
2024-01-16 06:00:00+00:00,15931592.0625,15931592.0625
2024-01-16 07:00:00+00:00,13285968.860555556,13285968.860555556
2024-01-16 08:00:00+00:00,22266980.47611111,0.0
2024-01-16 09:00:00+00:00,25154397.135,0.0
2024-01-16 10:00:00+00:00,26115227.25805556,26115227.25805556
2024-01-16 11:00:00+00:00,26733503.58027778,26733503.58027778
2024-01-16 12:00:00+00:00,26549179.3325,0.0
2024-01-16 13:00:00+00:00,21876205.608055554,21876205.608055554
2024-01-16 14:00:00+00:00,14828154.52,0.0
2024-01-16 15:00:00+00:00,13326120.252777778,13326120.252777778
2024-01-16 16:00:00+00:00,14208467.1725,14208467.1725
2024-01-16 17:00:00+00:00,14265962.313055556,14265962.313055556
2024-01-16 18:00:00+00:00,13125079.085,0.0
2024-01-16 19:00:00+00:00,12452730.578055557,12452730.578055557
2024-01-16 20:00:00+00:00,12654499.434444444,12654499.434444444
2024-01-16 21:00:00+00:00,10862522.585833332,10862522.585833332
2024-01-16 22:00:00+00:00,15828647.108888889,15828647.108888889
2024-01-16 23:00:00+00:00,13141800.529166669,13141800.529166669
2024-01-17 00:00:00+00:00,14947936.948055556,14947936.948055556
2024-01-17 01:00:00+00:00,6866226.573333333,6866226.573333333
2024-01-17 02:00:00+00:00,5412758.746111111,5412758.746111111
2024-01-17 03:00:00+00:00,7512828.901666666,7512828.901666666
2024-01-17 04:00:00+00:00,4375598.763333334,4375598.763333334
2024-01-17 05:00:00+00:00,6417616.122222222,6417616.122222222
2024-01-17 06:00:00+00:00,10985071.597777778,10985071.597777778
2024-01-17 07:00:00+00:00,14310790.609444443,14310790.609444443
2024-01-17 08:00:00+00:00,13502529.656944444,13502529.656944444
2024-01-17 09:00:00+00:00,30259392.25388889,30259392.25388889
2024-01-17 10:00:00+00:00,15133853.820555557,15133853.820555557
2024-01-17 11:00:00+00:00,17434022.598055556,17434022.598055556
2024-01-17 12:00:00+00:00,11826085.592777776,11826085.592777776
2024-01-17 13:00:00+00:00,17774459.8275,17774459.8275
2024-01-17 14:00:00+00:00,11802002.7975,11802002.7975
2024-01-17 15:00:00+00:00,10679407.415555555,10679407.415555555
2024-01-17 16:00:00+00:00,11768193.807222225,11768193.807222225
2024-01-17 17:00:00+00:00,9723007.278055556,9723007.278055556
2024-01-17 18:00:00+00:00,13963856.276111113,13963856.276111113
2024-01-17 19:00:00+00:00,12422838.479444444,0.0
2024-01-17 20:00:00+00:00,12358644.579722222,12358644.579722222
2024-01-17 21:00:00+00:00,11404655.331666669,11404655.331666669
2024-01-17 22:00:00+00:00,10828752.485277778,10828752.485277778
2024-01-17 23:00:00+00:00,9560882.669444444,9560882.669444444
2024-01-18 00:00:00+00:00,5524788.9725,0.0
2024-01-18 01:00:00+00:00,7230323.893055555,7230323.893055555
2024-01-18 02:00:00+00:00,6399689.358888889,6399689.358888889
2024-01-18 03:00:00+00:00,9162167.541111112,0.0
2024-01-18 04:00:00+00:00,5164787.582777778,5164787.582777778
2024-01-18 05:00:00+00:00,8846748.322777778,8846748.322777778
2024-01-18 06:00:00+00:00,9733055.750277778,9733055.750277778
2024-01-18 07:00:00+00:00,10635600.4475,10635600.4475
2024-01-18 08:00:00+00:00,11695760.858333332,11695760.858333332
2024-01-18 09:00:00+00:00,8473787.261666667,8473787.261666667
2024-01-18 10:00:00+00:00,11743761.431666669,11743761.431666669
2024-01-18 11:00:00+00:00,13964442.363611111,13964442.363611111
2024-01-18 12:00:00+00:00,12800617.120277775,12800617.120277775
2024-01-18 13:00:00+00:00,16982813.488333333,16982813.488333333
2024-01-18 14:00:00+00:00,15534849.754722225,15534849.754722225
2024-01-18 15:00:00+00:00,13578938.516111111,13578938.516111111
2024-01-18 16:00:00+00:00,11697804.642777778,11697804.642777778
2024-01-18 17:00:00+00:00,14463987.922777778,14463987.922777778
2024-01-18 18:00:00+00:00,10811816.2025,10811816.2025
2024-01-18 19:00:00+00:00,11830192.305555556,11830192.305555556
2024-01-18 20:00:00+00:00,10793924.350555556,10793924.350555556
2024-01-18 21:00:00+00:00,13551951.4675,13551951.4675
2024-01-18 22:00:00+00:00,11634697.514722222,11634697.514722222
2024-01-18 23:00:00+00:00,7482118.437222222,0.0
2024-01-19 00:00:00+00:00,6497989.796666667,6497989.796666667
2024-01-19 01:00:00+00:00,6735727.563611111,6735727.563611111
2024-01-19 02:00:00+00:00,6393887.681944445,6393887.681944445
2024-01-19 03:00:00+00:00,3573260.048055556,3573260.048055556
2024-01-19 04:00:00+00:00,6909941.278888889,6909941.278888889
2024-01-19 05:00:00+00:00,7325324.84,7325324.84
2024-01-19 06:00:00+00:00,8861551.003333334,8861551.003333334
2024-01-19 07:00:00+00:00,11505299.578611111,11505299.578611111
2024-01-19 08:00:00+00:00,14453336.615,14453336.615
2024-01-19 09:00:00+00:00,10504916.315833334,10504916.315833334
2024-01-19 10:00:00+00:00,7873217.056388888,7873217.056388888
2024-01-19 11:00:00+00:00,6959532.820555556,6959532.820555556
2024-01-19 12:00:00+00:00,10154156.532222224,10154156.532222224
2024-01-19 13:00:00+00:00,10051739.67,10051739.67
2024-01-19 14:00:00+00:00,6796020.08,6796020.08
2024-01-19 15:00:00+00:00,7113128.243055556,0.0
2024-01-19 16:00:00+00:00,7999200.631111111,7999200.631111111
2024-01-19 17:00:00+00:00,8510851.251388889,8510851.251388889
2024-01-19 18:00:00+00:00,6162624.991388889,6162624.991388889
2024-01-19 19:00:00+00:00,6686197.571666666,6686197.571666666
2024-01-19 20:00:00+00:00,11284181.952777777,11284181.952777777
2024-01-19 21:00:00+00:00,5989682.303888889,5989682.303888889
2024-01-19 22:00:00+00:00,7271416.375555555,7271416.375555555
2024-01-19 23:00:00+00:00,3882724.1416666666,3882724.1416666666
2024-01-20 00:00:00+00:00,5026131.124444445,5026131.124444445
2024-01-20 01:00:00+00:00,3243060.460555556,3243060.460555556
2024-01-20 02:00:00+00:00,2671168.9141666666,2671168.9141666666
2024-01-20 03:00:00+00:00,3562036.8425,3562036.8425
2024-01-20 04:00:00+00:00,1832401.3336111112,0.0
2024-01-20 05:00:00+00:00,3410194.7583333333,3410194.7583333333
2024-01-20 06:00:00+00:00,2927286.455833333,2927286.455833333
2024-01-20 07:00:00+00:00,5561764.888611111,5561764.888611111
2024-01-20 08:00:00+00:00,5221034.887777777,5221034.887777777
2024-01-20 09:00:00+00:00,5246787.692777778,5246787.692777778
2024-01-20 10:00:00+00:00,5498174.430277778,5498174.430277778
2024-01-20 11:00:00+00:00,7768512.776666666,7768512.776666666
2024-01-20 12:00:00+00:00,4827668.946666666,4827668.946666666
2024-01-20 13:00:00+00:00,5687963.423888889,5687963.423888889
2024-01-20 14:00:00+00:00,9868294.485833334,9868294.485833334
2024-01-20 15:00:00+00:00,10329684.761388889,10329684.761388889
2024-01-20 16:00:00+00:00,5932464.503055556,5932464.503055556
2024-01-20 17:00:00+00:00,10020707.083888888,10020707.083888888
2024-01-20 18:00:00+00:00,5052715.381944444,5052715.381944444
2024-01-20 19:00:00+00:00,5097543.1575,5097543.1575
2024-01-20 20:00:00+00:00,5140800.230277778,5140800.230277778
2024-01-20 21:00:00+00:00,6101029.612222223,0.0
2024-01-20 22:00:00+00:00,7261352.313333333,7261352.313333333
2024-01-20 23:00:00+00:00,12947824.401666667,12947824.401666667
2024-01-21 00:00:00+00:00,8538422.590833334,8538422.590833334
2024-01-21 01:00:00+00:00,3056092.0944444444,3056092.0944444444
2024-01-21 02:00:00+00:00,2370578.483611111,2370578.483611111
2024-01-21 03:00:00+00:00,5707227.088888889,5707227.088888889
2024-01-21 04:00:00+00:00,6363446.646944445,6363446.646944445
2024-01-21 05:00:00+00:00,1756105.9108333334,0.0
2024-01-21 06:00:00+00:00,4251831.208055556,4251831.208055556
2024-01-21 07:00:00+00:00,7599276.395833333,7599276.395833333
2024-01-21 08:00:00+00:00,3973340.1033333335,3973340.1033333335
2024-01-21 09:00:00+00:00,15161819.729166666,15161819.729166666
2024-01-21 10:00:00+00:00,10195638.519166669,0.0
2024-01-21 11:00:00+00:00,9778754.564166669,9778754.564166669
2024-01-21 12:00:00+00:00,6690319.536388889,6690319.536388889
2024-01-21 13:00:00+00:00,4571745.12,4571745.12
2024-01-21 14:00:00+00:00,6348671.232222222,6348671.232222222
2024-01-21 15:00:00+00:00,5919093.868611111,5919093.868611111
2024-01-21 16:00:00+00:00,4177336.468888889,4177336.468888889
2024-01-21 17:00:00+00:00,5042117.936944445,5042117.936944445
2024-01-21 18:00:00+00:00,7599307.045277778,0.0
2024-01-21 19:00:00+00:00,6876896.617222223,6876896.617222223
2024-01-21 20:00:00+00:00,4856532.0025,4856532.0025
2024-01-21 21:00:00+00:00,8171669.255,8171669.255
2024-01-21 22:00:00+00:00,6216211.673611111,6216211.673611111
2024-01-21 23:00:00+00:00,3945258.8813888887,3945258.8813888887
2024-01-22 00:00:00+00:00,3282974.9683333333,3282974.9683333333
2024-01-22 01:00:00+00:00,2323317.3808333334,2323317.3808333334
2024-01-22 02:00:00+00:00,3226692.3919444443,3226692.3919444443
2024-01-22 03:00:00+00:00,2073091.0088888889,2073091.0088888889
2024-01-22 04:00:00+00:00,2287022.5683333334,2287022.5683333334
2024-01-22 05:00:00+00:00,4125650.3502777778,4125650.3502777778
2024-01-22 06:00:00+00:00,6642170.083611111,6642170.083611111
2024-01-22 07:00:00+00:00,11143491.342777776,11143491.342777776
2024-01-22 08:00:00+00:00,18151636.53277778,18151636.53277778
2024-01-22 09:00:00+00:00,11970662.989444444,11970662.989444444
2024-01-22 10:00:00+00:00,11087973.638888888,11087973.638888888
2024-01-22 11:00:00+00:00,15131471.804444443,15131471.804444443
2024-01-22 12:00:00+00:00,13942928.383055557,13942928.383055557
2024-01-22 13:00:00+00:00,19096856.862777777,19096856.862777777
2024-01-22 14:00:00+00:00,17433267.29777778,0.0
2024-01-22 15:00:00+00:00,17227771.289722223,17227771.289722223
2024-01-22 16:00:00+00:00,16163020.133055557,16163020.133055557
2024-01-22 17:00:00+00:00,15182021.754722225,15182021.754722225
2024-01-22 18:00:00+00:00,22590451.339166667,22590451.339166667
2024-01-22 19:00:00+00:00,12524911.281666666,0.0
2024-01-22 20:00:00+00:00,11724124.35638889,11724124.35638889
2024-01-22 21:00:00+00:00,14368065.184444444,14368065.184444444
2024-01-22 22:00:00+00:00,14136260.090833334,14136260.090833334
2024-01-22 23:00:00+00:00,9543979.102222225,9543979.102222225
2024-01-23 00:00:00+00:00,7323861.936388889,7323861.936388889
2024-01-23 01:00:00+00:00,4184295.635277778,4184295.635277778
2024-01-23 02:00:00+00:00,3924350.286944444,3924350.286944444
2024-01-23 03:00:00+00:00,8057016.413888888,8057016.413888888
2024-01-23 04:00:00+00:00,7032755.069444444,7032755.069444444
2024-01-23 05:00:00+00:00,8148972.759722223,8148972.759722223
2024-01-23 06:00:00+00:00,10944913.179444443,10944913.179444443
2024-01-23 07:00:00+00:00,13685871.955833333,13685871.955833333
2024-01-23 08:00:00+00:00,12733144.193611111,12733144.193611111
2024-01-23 09:00:00+00:00,13725237.031111112,13725237.031111112
2024-01-23 10:00:00+00:00,9612156.838333333,9612156.838333333
2024-01-23 11:00:00+00:00,12069288.930555556,12069288.930555556
2024-01-23 12:00:00+00:00,14441910.94,14441910.94
2024-01-23 13:00:00+00:00,15808729.124166667,0.0
2024-01-23 14:00:00+00:00,14419478.959444445,14419478.959444445
2024-01-23 15:00:00+00:00,15301214.1425,15301214.1425
2024-01-23 16:00:00+00:00,15839490.667222222,0.0
2024-01-23 17:00:00+00:00,20080547.99333333,20080547.99333333
2024-01-23 18:00:00+00:00,15179202.331944443,15179202.331944443
2024-01-23 19:00:00+00:00,18787479.074722223,18787479.074722223
2024-01-23 20:00:00+00:00,16274433.179444443,16274433.179444443
2024-01-23 21:00:00+00:00,15660713.474166667,15660713.474166667
2024-01-23 22:00:00+00:00,14892517.168611111,14892517.168611111
2024-01-23 23:00:00+00:00,11205387.219722224,0.0
2024-01-24 00:00:00+00:00,6539861.520277778,0.0
2024-01-24 01:00:00+00:00,4365592.0775,4365592.0775
2024-01-24 02:00:00+00:00,4796502.5775,4796502.5775
2024-01-24 03:00:00+00:00,5858252.71,0.0
2024-01-24 04:00:00+00:00,7176911.794722222,7176911.794722222
2024-01-24 05:00:00+00:00,7734964.2275,7734964.2275
2024-01-24 06:00:00+00:00,13524082.117777778,13524082.117777778
2024-01-24 07:00:00+00:00,11875439.763888888,11875439.763888888
2024-01-24 08:00:00+00:00,12341733.836944444,12341733.836944444
2024-01-24 09:00:00+00:00,17437103.75388889,17437103.75388889
2024-01-24 10:00:00+00:00,15434847.809166666,15434847.809166666
2024-01-24 11:00:00+00:00,16978934.910833333,16978934.910833333
2024-01-24 12:00:00+00:00,19006645.33611111,19006645.33611111
2024-01-24 13:00:00+00:00,17510456.13638889,0.0
2024-01-24 14:00:00+00:00,20060234.39138889,20060234.39138889
2024-01-24 15:00:00+00:00,17067454.367222223,0.0
2024-01-24 16:00:00+00:00,17179522.06833333,17179522.06833333
2024-01-24 17:00:00+00:00,14551731.172222223,0.0
2024-01-24 18:00:00+00:00,17381584.3075,17381584.3075
2024-01-24 19:00:00+00:00,12916859.125,12916859.125
2024-01-24 20:00:00+00:00,11045967.20611111,11045967.20611111
2024-01-24 21:00:00+00:00,14081346.38138889,14081346.38138889
2024-01-24 22:00:00+00:00,7838808.827777778,7838808.827777778
2024-01-24 23:00:00+00:00,11626294.691388888,11626294.691388888
2024-01-25 00:00:00+00:00,7617520.224444444,7617520.224444444
2024-01-25 01:00:00+00:00,10773394.0025,10773394.0025
2024-01-25 02:00:00+00:00,5880196.390277778,5880196.390277778
2024-01-25 03:00:00+00:00,4229177.660555556,4229177.660555556
2024-01-25 04:00:00+00:00,5176157.676111111,5176157.676111111
2024-01-25 05:00:00+00:00,5738408.697222223,0.0
2024-01-25 06:00:00+00:00,10208856.72361111,10208856.72361111
2024-01-25 07:00:00+00:00,13223409.557222225,13223409.557222225
2024-01-25 08:00:00+00:00,9511504.930833334,9511504.930833334
2024-01-25 09:00:00+00:00,11743493.66777778,11743493.66777778
2024-01-25 10:00:00+00:00,9626174.5275,9626174.5275
2024-01-25 11:00:00+00:00,10362197.21611111,10362197.21611111
2024-01-25 12:00:00+00:00,9722082.20722222,9722082.20722222
2024-01-25 13:00:00+00:00,9111103.76,0.0
2024-01-25 14:00:00+00:00,9392847.863333331,9392847.863333331
2024-01-25 15:00:00+00:00,9962662.286944443,9962662.286944443
2024-01-25 16:00:00+00:00,12282643.9075,12282643.9075
2024-01-25 17:00:00+00:00,14292039.830833333,14292039.830833333
2024-01-25 18:00:00+00:00,15211476.971666666,15211476.971666666
2024-01-25 19:00:00+00:00,11159667.763055556,11159667.763055556
2024-01-25 20:00:00+00:00,15151070.579722222,15151070.579722222
2024-01-25 21:00:00+00:00,13835628.982777778,13835628.982777778
2024-01-25 22:00:00+00:00,11188017.163055556,11188017.163055556
2024-01-25 23:00:00+00:00,9079551.96277778,9079551.96277778
2024-01-26 00:00:00+00:00,9343345.137777776,9343345.137777776
2024-01-26 01:00:00+00:00,5269572.7994444445,5269572.7994444445
2024-01-26 02:00:00+00:00,3554022.644444444,3554022.644444444
2024-01-26 03:00:00+00:00,9730752.058888888,9730752.058888888
2024-01-26 04:00:00+00:00,4924548.221944445,4924548.221944445
2024-01-26 05:00:00+00:00,4602140.951944444,4602140.951944444
2024-01-26 06:00:00+00:00,9083825.924722224,9083825.924722224
2024-01-26 07:00:00+00:00,9110002.335555555,9110002.335555555
2024-01-26 08:00:00+00:00,10358022.512777776,10358022.512777776
2024-01-26 09:00:00+00:00,12974148.094166666,12974148.094166666
2024-01-26 10:00:00+00:00,15466173.554444443,15466173.554444443
2024-01-26 11:00:00+00:00,10603435.113611111,10603435.113611111
2024-01-26 12:00:00+00:00,11613636.35388889,11613636.35388889
2024-01-26 13:00:00+00:00,10644653.965555556,10644653.965555556
2024-01-26 14:00:00+00:00,11485010.596944444,11485010.596944444
2024-01-26 15:00:00+00:00,11503582.152777778,0.0
2024-01-26 16:00:00+00:00,11956865.3475,11956865.3475
2024-01-26 17:00:00+00:00,10525027.344444444,10525027.344444444
2024-01-26 18:00:00+00:00,16877010.23666667,16877010.23666667
2024-01-26 19:00:00+00:00,11895676.989166666,11895676.989166666
2024-01-26 20:00:00+00:00,11659262.929166667,11659262.929166667
2024-01-26 21:00:00+00:00,13685696.51638889,13685696.51638889
2024-01-26 22:00:00+00:00,11710954.878055556,11710954.878055556
2024-01-26 23:00:00+00:00,10181261.6675,10181261.6675
2024-01-27 00:00:00+00:00,10425469.58222222,10425469.58222222
2024-01-27 01:00:00+00:00,6042877.578611111,6042877.578611111
2024-01-27 02:00:00+00:00,6102423.0475,6102423.0475
2024-01-27 03:00:00+00:00,5966665.094166666,5966665.094166666
2024-01-27 04:00:00+00:00,6632923.356944445,6632923.356944445
2024-01-27 05:00:00+00:00,5860164.261944445,5860164.261944445
2024-01-27 06:00:00+00:00,5853915.498055556,5853915.498055556
2024-01-27 07:00:00+00:00,7185094.413888888,7185094.413888888
2024-01-27 08:00:00+00:00,9916167.14888889,9916167.14888889
2024-01-27 09:00:00+00:00,10548475.246666666,10548475.246666666
2024-01-27 10:00:00+00:00,11714781.8,11714781.8
2024-01-27 11:00:00+00:00,13812103.507777778,13812103.507777778
2024-01-27 12:00:00+00:00,11000977.014722222,11000977.014722222
2024-01-27 13:00:00+00:00,12949042.093888888,12949042.093888888
2024-01-27 14:00:00+00:00,16629981.902222222,16629981.902222222
2024-01-27 15:00:00+00:00,17962139.756388888,17962139.756388888
2024-01-27 16:00:00+00:00,21434668.38,21434668.38
2024-01-27 17:00:00+00:00,14426054.9225,14426054.9225
2024-01-27 18:00:00+00:00,20214130.73388889,20214130.73388889
2024-01-27 19:00:00+00:00,17276078.803055555,17276078.803055555
2024-01-27 20:00:00+00:00,18331349.766666666,18331349.766666666
2024-01-27 21:00:00+00:00,19082598.97,19082598.97
2024-01-27 22:00:00+00:00,17520355.762222223,17520355.762222223
2024-01-27 23:00:00+00:00,12994589.242222222,12994589.242222222
2024-01-28 00:00:00+00:00,7865323.274166667,7865323.274166667
2024-01-28 01:00:00+00:00,9966673.645833334,9966673.645833334
2024-01-28 02:00:00+00:00,11396407.191111112,11396407.191111112
2024-01-28 03:00:00+00:00,3416223.9402777776,3416223.9402777776
2024-01-28 04:00:00+00:00,3569613.8219444444,0.0
2024-01-28 05:00:00+00:00,10817171.742777778,10817171.742777778
2024-01-28 06:00:00+00:00,10950933.407222224,10950933.407222224
2024-01-28 07:00:00+00:00,11633897.663888888,11633897.663888888
2024-01-28 08:00:00+00:00,16682834.848055556,16682834.848055556
2024-01-28 09:00:00+00:00,13970129.210277775,13970129.210277775
2024-01-28 10:00:00+00:00,16015101.141944444,16015101.141944444
2024-01-28 11:00:00+00:00,8587299.302222222,8587299.302222222
2024-01-28 12:00:00+00:00,6032434.805833333,6032434.805833333
2024-01-28 13:00:00+00:00,10550652.406388888,10550652.406388888
2024-01-28 14:00:00+00:00,7268136.157222223,7268136.157222223
2024-01-28 15:00:00+00:00,10047889.6675,10047889.6675
2024-01-28 16:00:00+00:00,10478737.861666666,10478737.861666666
2024-01-28 17:00:00+00:00,11736190.44638889,11736190.44638889
2024-01-28 18:00:00+00:00,17967999.952777777,17967999.952777777
2024-01-28 19:00:00+00:00,17340574.24777778,17340574.24777778
2024-01-28 20:00:00+00:00,21133279.89277778,21133279.89277778
2024-01-28 21:00:00+00:00,16061812.544444444,16061812.544444444
2024-01-28 22:00:00+00:00,11128166.543611111,11128166.543611111
2024-01-28 23:00:00+00:00,8033637.721111111,8033637.721111111
2024-01-29 00:00:00+00:00,6978523.849166667,6978523.849166667
2024-01-29 01:00:00+00:00,7702488.030555556,7702488.030555556
2024-01-29 02:00:00+00:00,4886409.765277778,4886409.765277778
2024-01-29 03:00:00+00:00,8579643.108333332,8579643.108333332
2024-01-29 04:00:00+00:00,4407497.698055555,4407497.698055555
2024-01-29 05:00:00+00:00,6001866.790277778,6001866.790277778
2024-01-29 06:00:00+00:00,8365075.726388888,8365075.726388888
2024-01-29 07:00:00+00:00,9762075.021388888,9762075.021388888
2024-01-29 08:00:00+00:00,14913624.936111111,14913624.936111111
2024-01-29 09:00:00+00:00,27775062.236944444,27775062.236944444
2024-01-29 10:00:00+00:00,19384354.98,0.0
2024-01-29 11:00:00+00:00,14493026.685,14493026.685
2024-01-29 12:00:00+00:00,11363206.649444444,11363206.649444444
2024-01-29 13:00:00+00:00,12142357.0125,12142357.0125
2024-01-29 14:00:00+00:00,18690019.70805556,18690019.70805556
2024-01-29 15:00:00+00:00,16681951.365,16681951.365
2024-01-29 16:00:00+00:00,17844728.58638889,17844728.58638889
2024-01-29 17:00:00+00:00,13221769.159722222,13221769.159722222
2024-01-29 18:00:00+00:00,12764236.183055555,12764236.183055555
2024-01-29 19:00:00+00:00,14393850.297777778,14393850.297777778
2024-01-29 20:00:00+00:00,14627120.934166666,14627120.934166666
2024-01-29 21:00:00+00:00,11731306.711944444,11731306.711944444
2024-01-29 22:00:00+00:00,11465542.336111112,11465542.336111112
2024-01-29 23:00:00+00:00,7918760.770833333,7918760.770833333
2024-01-30 00:00:00+00:00,7663626.603611111,7663626.603611111
2024-01-30 01:00:00+00:00,4469664.356944445,4469664.356944445
2024-01-30 02:00:00+00:00,3786374.313888889,3786374.313888889
2024-01-30 03:00:00+00:00,4123261.0488888887,4123261.0488888887
2024-01-30 04:00:00+00:00,4535849.156111111,4535849.156111111
2024-01-30 05:00:00+00:00,4782481.449444445,4782481.449444445
2024-01-30 06:00:00+00:00,9414627.52861111,9414627.52861111
2024-01-30 07:00:00+00:00,9929724.384166667,0.0
2024-01-30 08:00:00+00:00,11108343.35527778,11108343.35527778
2024-01-30 09:00:00+00:00,17930697.83611111,17930697.83611111
2024-01-30 10:00:00+00:00,20851367.9925,20851367.9925
2024-01-30 11:00:00+00:00,12205356.41222222,12205356.41222222
2024-01-30 12:00:00+00:00,14651094.884166667,14651094.884166667
2024-01-30 13:00:00+00:00,14255562.611944444,14255562.611944444
2024-01-30 14:00:00+00:00,12961901.879166666,12961901.879166666
2024-01-30 15:00:00+00:00,13816395.785833333,13816395.785833333
2024-01-30 16:00:00+00:00,15600593.744722225,15600593.744722225
2024-01-30 17:00:00+00:00,14309815.473055556,14309815.473055556
2024-01-30 18:00:00+00:00,12181402.295277778,12181402.295277778
2024-01-30 19:00:00+00:00,14335591.201388888,0.0
2024-01-30 20:00:00+00:00,17660388.058055557,17660388.058055557
2024-01-30 21:00:00+00:00,16986566.8725,16986566.8725
2024-01-30 22:00:00+00:00,11917105.378333334,11917105.378333334
2024-01-30 23:00:00+00:00,13367996.2575,13367996.2575
2024-01-31 00:00:00+00:00,14269974.690833334,14269974.690833334
2024-01-31 01:00:00+00:00,6956510.1875,6956510.1875
2024-01-31 02:00:00+00:00,12723979.851666668,12723979.851666668
2024-01-31 03:00:00+00:00,3985366.488611111,3985366.488611111
2024-01-31 04:00:00+00:00,4845727.165277778,4845727.165277778
2024-01-31 05:00:00+00:00,5787586.825555556,0.0
2024-01-31 06:00:00+00:00,13095254.431666669,13095254.431666669
2024-01-31 07:00:00+00:00,15021687.8875,15021687.8875
2024-01-31 08:00:00+00:00,18575260.85472222,18575260.85472222
2024-01-31 09:00:00+00:00,13453355.463611113,13453355.463611113
2024-01-31 10:00:00+00:00,16321747.81,16321747.81
2024-01-31 11:00:00+00:00,17914253.25888889,17914253.25888889
2024-01-31 12:00:00+00:00,12225037.685,12225037.685
2024-01-31 13:00:00+00:00,17095349.777777776,17095349.777777776
2024-01-31 14:00:00+00:00,13350281.420277778,0.0
2024-01-31 15:00:00+00:00,13844859.088611113,13844859.088611113
2024-01-31 16:00:00+00:00,14753051.910555556,14753051.910555556
2024-01-31 17:00:00+00:00,13383361.196944444,13383361.196944444
2024-01-31 18:00:00+00:00,18331730.23111111,0.0
2024-01-31 19:00:00+00:00,14165286.6425,14165286.6425
2024-01-31 20:00:00+00:00,17231254.35277778,17231254.35277778
2024-01-31 21:00:00+00:00,13957573.441388888,13957573.441388888
2024-01-31 22:00:00+00:00,14826722.30138889,14826722.30138889
2024-01-31 23:00:00+00:00,8290839.57,8290839.57
2024-02-01 00:00:00+00:00,4777581.942777778,4777581.942777778
2024-02-01 01:00:00+00:00,3987219.4755555554,3987219.4755555554
2024-02-01 02:00:00+00:00,8388248.433333334,8388248.433333334
2024-02-01 03:00:00+00:00,5924670.050277778,5924670.050277778
2024-02-01 04:00:00+00:00,4213874.459444445,4213874.459444445
2024-02-01 05:00:00+00:00,4696664.9,0.0
2024-02-01 06:00:00+00:00,7246638.478611111,7246638.478611111
2024-02-01 07:00:00+00:00,9125967.833888888,9125967.833888888
2024-02-01 08:00:00+00:00,8805757.273055555,8805757.273055555
2024-02-01 09:00:00+00:00,10490747.626388889,10490747.626388889
2024-02-01 10:00:00+00:00,9289636.623055557,9289636.623055557
2024-02-01 11:00:00+00:00,11306578.96611111,11306578.96611111
2024-02-01 12:00:00+00:00,14114517.3375,14114517.3375
2024-02-01 13:00:00+00:00,23935948.5825,23935948.5825
2024-02-01 14:00:00+00:00,21192181.245,0.0
2024-02-01 15:00:00+00:00,13629952.935,13629952.935
2024-02-01 16:00:00+00:00,13052275.738333331,13052275.738333331
2024-02-01 17:00:00+00:00,18004916.90638889,18004916.90638889
2024-02-01 18:00:00+00:00,14932087.239444444,14932087.239444444
2024-02-01 19:00:00+00:00,12762463.401111113,12762463.401111113
2024-02-01 20:00:00+00:00,13061890.541666666,13061890.541666666
2024-02-01 21:00:00+00:00,13545549.34638889,13545549.34638889
2024-02-01 22:00:00+00:00,17971463.693055555,17971463.693055555
2024-02-01 23:00:00+00:00,13119580.214166667,13119580.214166667
2024-02-02 00:00:00+00:00,9557151.49888889,9557151.49888889
2024-02-02 01:00:00+00:00,7937724.930277778,7937724.930277778
2024-02-02 02:00:00+00:00,4360011.684166667,4360011.684166667
2024-02-02 03:00:00+00:00,10751756.651666667,10751756.651666667
2024-02-02 04:00:00+00:00,5296022.166944444,5296022.166944444
2024-02-02 05:00:00+00:00,5238552.065555556,5238552.065555556
2024-02-02 06:00:00+00:00,7520241.571111111,7520241.571111111
2024-02-02 07:00:00+00:00,8547592.781388888,8547592.781388888
2024-02-02 08:00:00+00:00,12605270.07361111,0.0
2024-02-02 09:00:00+00:00,12161107.044722222,12161107.044722222
2024-02-02 10:00:00+00:00,9784892.346666666,9784892.346666666
2024-02-02 11:00:00+00:00,10679584.891944444,10679584.891944444
2024-02-02 12:00:00+00:00,11181908.638888888,11181908.638888888
2024-02-02 13:00:00+00:00,11024148.122222222,11024148.122222222
2024-02-02 14:00:00+00:00,14478390.580277778,14478390.580277778
2024-02-02 15:00:00+00:00,9151034.8225,9151034.8225
2024-02-02 16:00:00+00:00,8721755.879166666,8721755.879166666
2024-02-02 17:00:00+00:00,9884538.809444444,9884538.809444444
2024-02-02 18:00:00+00:00,9101537.133333333,9101537.133333333
2024-02-02 19:00:00+00:00,8225503.566666666,0.0
2024-02-02 20:00:00+00:00,13834893.60861111,13834893.60861111
2024-02-02 21:00:00+00:00,9510502.749722222,9510502.749722222
2024-02-02 22:00:00+00:00,11562635.415555555,11562635.415555555
2024-02-02 23:00:00+00:00,11561466.583055556,11561466.583055556
2024-02-03 00:00:00+00:00,6002551.534166667,6002551.534166667
2024-02-03 01:00:00+00:00,3746277.181666666,3746277.181666666
2024-02-03 02:00:00+00:00,6335217.260555555,6335217.260555555
2024-02-03 03:00:00+00:00,2534247.2291666665,0.0
2024-02-03 04:00:00+00:00,3235133.0875,3235133.0875
2024-02-03 05:00:00+00:00,2849545.556388889,2849545.556388889
2024-02-03 06:00:00+00:00,3637843.536944444,0.0
2024-02-03 07:00:00+00:00,5602809.215555555,0.0
2024-02-03 08:00:00+00:00,5948665.720555556,5948665.720555556
2024-02-03 09:00:00+00:00,8271064.513333334,8271064.513333334
2024-02-03 10:00:00+00:00,10315415.291666666,10315415.291666666
2024-02-03 11:00:00+00:00,8121999.059722222,8121999.059722222
2024-02-03 12:00:00+00:00,9020152.1375,9020152.1375
2024-02-03 13:00:00+00:00,6277232.418888889,6277232.418888889
2024-02-03 14:00:00+00:00,8832564.26111111,8832564.26111111
2024-02-03 15:00:00+00:00,9146934.418055557,0.0
2024-02-03 16:00:00+00:00,9482925.704166668,9482925.704166668
2024-02-03 17:00:00+00:00,12259264.443611111,12259264.443611111
2024-02-03 18:00:00+00:00,8807466.175277777,8807466.175277777
2024-02-03 19:00:00+00:00,11068478.618888889,11068478.618888889
2024-02-03 20:00:00+00:00,10635001.909722222,10635001.909722222
2024-02-03 21:00:00+00:00,11755951.087222222,11755951.087222222
2024-02-03 22:00:00+00:00,11713208.72888889,11713208.72888889
2024-02-03 23:00:00+00:00,9334062.573333334,9334062.573333334
2024-02-04 00:00:00+00:00,8672116.985555556,8672116.985555556
2024-02-04 01:00:00+00:00,6539887.109166667,6539887.109166667
2024-02-04 02:00:00+00:00,3092577.351944444,3092577.351944444
2024-02-04 03:00:00+00:00,3453617.136388889,3453617.136388889
2024-02-04 04:00:00+00:00,3202227.125,3202227.125
2024-02-04 05:00:00+00:00,2674452.5180555554,2674452.5180555554
2024-02-04 06:00:00+00:00,3447422.200277778,3447422.200277778
2024-02-04 07:00:00+00:00,3522414.8572222223,3522414.8572222223
2024-02-04 08:00:00+00:00,4484285.857777778,0.0
2024-02-04 09:00:00+00:00,5675003.045277778,5675003.045277778
2024-02-04 10:00:00+00:00,5417520.906388889,5417520.906388889
2024-02-04 11:00:00+00:00,7781022.1375,7781022.1375
2024-02-04 12:00:00+00:00,11138133.562777778,11138133.562777778
2024-02-04 13:00:00+00:00,10167213.964166667,10167213.964166667
2024-02-04 14:00:00+00:00,7234862.509444444,7234862.509444444
2024-02-04 15:00:00+00:00,15650210.83222222,15650210.83222222
2024-02-04 16:00:00+00:00,14252618.879722225,0.0
2024-02-04 17:00:00+00:00,11283918.899166666,11283918.899166666
2024-02-04 18:00:00+00:00,12148707.406111112,12148707.406111112
2024-02-04 19:00:00+00:00,10830536.238055555,10830536.238055555
2024-02-04 20:00:00+00:00,12509341.975555556,12509341.975555556
2024-02-04 21:00:00+00:00,8006135.684722222,8006135.684722222
2024-02-04 22:00:00+00:00,10247349.217777776,10247349.217777776
2024-02-04 23:00:00+00:00,6681711.145,6681711.145
2024-02-05 00:00:00+00:00,6096570.114722222,6096570.114722222
2024-02-05 01:00:00+00:00,5120918.399722222,5120918.399722222
2024-02-05 02:00:00+00:00,5489958.358333333,5489958.358333333
2024-02-05 03:00:00+00:00,4305210.278888889,4305210.278888889
2024-02-05 04:00:00+00:00,5722063.978888889,5722063.978888889
2024-02-05 05:00:00+00:00,10217418.7775,10217418.7775
2024-02-05 06:00:00+00:00,13762546.589722222,13762546.589722222
2024-02-05 07:00:00+00:00,15042856.861944444,15042856.861944444
2024-02-05 08:00:00+00:00,12415500.7375,12415500.7375
2024-02-05 09:00:00+00:00,10648435.287777778,10648435.287777778
2024-02-05 10:00:00+00:00,14068928.7225,14068928.7225
2024-02-05 11:00:00+00:00,12007713.106666667,12007713.106666667
2024-02-05 12:00:00+00:00,11108665.315555556,11108665.315555556
2024-02-05 13:00:00+00:00,13774842.195555557,13774842.195555557
2024-02-05 14:00:00+00:00,11636753.760277778,0.0
2024-02-05 15:00:00+00:00,8775448.917222222,8775448.917222222
2024-02-05 16:00:00+00:00,13419897.065277778,13419897.065277778
2024-02-05 17:00:00+00:00,14764791.49888889,0.0
2024-02-05 18:00:00+00:00,15736791.286388887,15736791.286388887
2024-02-05 19:00:00+00:00,13034440.866944443,13034440.866944443
2024-02-05 20:00:00+00:00,10820668.635555556,10820668.635555556
2024-02-05 21:00:00+00:00,10716551.465555556,10716551.465555556
2024-02-05 22:00:00+00:00,8814138.248055555,8814138.248055555
2024-02-05 23:00:00+00:00,5164676.980833333,5164676.980833333
2024-02-06 00:00:00+00:00,4509250.9938888885,0.0
2024-02-06 01:00:00+00:00,4515173.691666666,4515173.691666666
2024-02-06 02:00:00+00:00,5881498.1125,0.0
2024-02-06 03:00:00+00:00,5112161.104166667,5112161.104166667
2024-02-06 04:00:00+00:00,3682731.824444445,3682731.824444445
2024-02-06 05:00:00+00:00,4577685.225,4577685.225
2024-02-06 06:00:00+00:00,6266723.1413888885,6266723.1413888885
2024-02-06 07:00:00+00:00,11821212.34111111,0.0
2024-02-06 08:00:00+00:00,12421974.950555556,12421974.950555556
2024-02-06 09:00:00+00:00,15620052.838333333,15620052.838333333
2024-02-06 10:00:00+00:00,14020567.124444444,14020567.124444444
2024-02-06 11:00:00+00:00,15270093.83361111,15270093.83361111
2024-02-06 12:00:00+00:00,18397187.184722222,18397187.184722222
2024-02-06 13:00:00+00:00,19673975.605833333,19673975.605833333
2024-02-06 14:00:00+00:00,17474408.705555554,17474408.705555554
2024-02-06 15:00:00+00:00,13783912.129444445,13783912.129444445
2024-02-06 16:00:00+00:00,12051944.535,0.0
2024-02-06 17:00:00+00:00,11908466.281111112,11908466.281111112
2024-02-06 18:00:00+00:00,14202686.568333331,14202686.568333331
2024-02-06 19:00:00+00:00,10894914.114722222,10894914.114722222
2024-02-06 20:00:00+00:00,12656008.338333333,12656008.338333333
2024-02-06 21:00:00+00:00,8650378.097777778,8650378.097777778
2024-02-06 22:00:00+00:00,9710448.69638889,9710448.69638889
2024-02-06 23:00:00+00:00,8149171.709444445,8149171.709444445
2024-02-07 00:00:00+00:00,5662189.550555555,5662189.550555555
2024-02-07 01:00:00+00:00,4856568.058333334,4856568.058333334
2024-02-07 02:00:00+00:00,3970471.588611111,3970471.588611111
2024-02-07 03:00:00+00:00,9168088.829166668,9168088.829166668
2024-02-07 04:00:00+00:00,5532300.3,0.0
2024-02-07 05:00:00+00:00,5941997.242222223,5941997.242222223
2024-02-07 06:00:00+00:00,8510142.721111111,8510142.721111111
2024-02-07 07:00:00+00:00,16210902.534722222,16210902.534722222
2024-02-07 08:00:00+00:00,17047021.024166666,17047021.024166666
2024-02-07 09:00:00+00:00,12686949.180555556,12686949.180555556
2024-02-07 10:00:00+00:00,18902879.38027778,18902879.38027778
2024-02-07 11:00:00+00:00,24055663.563333333,24055663.563333333
2024-02-07 12:00:00+00:00,16802660.335833333,16802660.335833333
2024-02-07 13:00:00+00:00,11901926.551111111,11901926.551111111
2024-02-07 14:00:00+00:00,9536167.826388888,9536167.826388888
2024-02-07 15:00:00+00:00,8420121.481944444,0.0
2024-02-07 16:00:00+00:00,8699614.282222223,8699614.282222223
2024-02-07 17:00:00+00:00,14649280.30138889,14649280.30138889
2024-02-07 18:00:00+00:00,9791153.466944445,0.0
2024-02-07 19:00:00+00:00,7555540.443888889,7555540.443888889
2024-02-07 20:00:00+00:00,12176561.081944443,12176561.081944443
2024-02-07 21:00:00+00:00,10431449.553888887,0.0
2024-02-07 22:00:00+00:00,8176347.527777778,8176347.527777778
2024-02-07 23:00:00+00:00,8054168.458611111,8054168.458611111
2024-02-08 00:00:00+00:00,5397676.9783333335,5397676.9783333335
2024-02-08 01:00:00+00:00,4455708.075555556,4455708.075555556
2024-02-08 02:00:00+00:00,4125660.654166667,4125660.654166667
2024-02-08 03:00:00+00:00,8563744.780833334,8563744.780833334
2024-02-08 04:00:00+00:00,4864377.133333334,4864377.133333334
2024-02-08 05:00:00+00:00,6025416.916666667,6025416.916666667
2024-02-08 06:00:00+00:00,9191260.999166667,9191260.999166667
2024-02-08 07:00:00+00:00,10835137.745833334,10835137.745833334
2024-02-08 08:00:00+00:00,13274169.139444444,13274169.139444444
2024-02-08 09:00:00+00:00,12574523.566111112,12574523.566111112
2024-02-08 10:00:00+00:00,12002074.210555555,0.0
2024-02-08 11:00:00+00:00,8930479.549722223,8930479.549722223
2024-02-08 12:00:00+00:00,13736302.512222225,0.0
2024-02-08 13:00:00+00:00,17905773.345833335,17905773.345833335
2024-02-08 14:00:00+00:00,19991087.902777776,19991087.902777776
2024-02-08 15:00:00+00:00,32138340.029166665,32138340.029166665
2024-02-08 16:00:00+00:00,26412886.89388889,26412886.89388889
2024-02-08 17:00:00+00:00,17775091.15777778,17775091.15777778
2024-02-08 18:00:00+00:00,14043016.31888889,14043016.31888889
2024-02-08 19:00:00+00:00,25122318.33138889,25122318.33138889
2024-02-08 20:00:00+00:00,21860660.705,21860660.705
2024-02-08 21:00:00+00:00,13243810.401944444,13243810.401944444
2024-02-08 22:00:00+00:00,10038619.960833332,10038619.960833332
2024-02-08 23:00:00+00:00,9989805.916666666,9989805.916666666
2024-02-09 00:00:00+00:00,12612042.6175,12612042.6175
2024-02-09 01:00:00+00:00,16795882.811944444,16795882.811944444
2024-02-09 02:00:00+00:00,7052759.038888888,7052759.038888888
2024-02-09 03:00:00+00:00,8355155.394166667,8355155.394166667
2024-02-09 04:00:00+00:00,6333428.633611111,6333428.633611111
2024-02-09 05:00:00+00:00,6856305.874444445,6856305.874444445
2024-02-09 06:00:00+00:00,10094438.964722222,0.0
2024-02-09 07:00:00+00:00,10626995.406666666,10626995.406666666
2024-02-09 08:00:00+00:00,8572457.0025,8572457.0025
2024-02-09 09:00:00+00:00,8670787.756944444,8670787.756944444
2024-02-09 10:00:00+00:00,7638062.951388889,7638062.951388889
2024-02-09 11:00:00+00:00,10207937.43527778,10207937.43527778
2024-02-09 12:00:00+00:00,8389284.394444445,8389284.394444445
2024-02-09 13:00:00+00:00,8151229.465833333,8151229.465833333
2024-02-09 14:00:00+00:00,7565375.501388889,7565375.501388889
2024-02-09 15:00:00+00:00,9204266.829722222,9204266.829722222
2024-02-09 16:00:00+00:00,10836047.296944443,10836047.296944443
2024-02-09 17:00:00+00:00,11599382.410833333,11599382.410833333
2024-02-09 18:00:00+00:00,11913711.194444444,11913711.194444444
2024-02-09 19:00:00+00:00,13222649.263888888,13222649.263888888
2024-02-09 20:00:00+00:00,12617339.430277778,12617339.430277778
2024-02-09 21:00:00+00:00,14289854.449166669,14289854.449166669
2024-02-09 22:00:00+00:00,9796155.240555556,9796155.240555556
2024-02-09 23:00:00+00:00,10745033.64138889,10745033.64138889
2024-02-10 00:00:00+00:00,10398491.596666666,10398491.596666666
2024-02-10 01:00:00+00:00,6365230.375,6365230.375
2024-02-10 02:00:00+00:00,7900657.719722223,7900657.719722223
2024-02-10 03:00:00+00:00,3553939.699722222,3553939.699722222
2024-02-10 04:00:00+00:00,3518112.333888889,3518112.333888889
2024-02-10 05:00:00+00:00,2870233.41,2870233.41
2024-02-10 06:00:00+00:00,3352408.478611111,3352408.478611111
2024-02-10 07:00:00+00:00,4980177.91,0.0
2024-02-10 08:00:00+00:00,6393655.550555555,6393655.550555555
2024-02-10 09:00:00+00:00,6536453.719722223,0.0
2024-02-10 10:00:00+00:00,8361565.303055556,8361565.303055556
2024-02-10 11:00:00+00:00,10460338.452222222,0.0
2024-02-10 12:00:00+00:00,10510840.343611112,10510840.343611112
2024-02-10 13:00:00+00:00,10760913.815833334,10760913.815833334
2024-02-10 14:00:00+00:00,11828869.36388889,11828869.36388889
2024-02-10 15:00:00+00:00,13309790.683611112,13309790.683611112
2024-02-10 16:00:00+00:00,10304658.568333331,10304658.568333331
2024-02-10 17:00:00+00:00,12985780.034444444,12985780.034444444
2024-02-10 18:00:00+00:00,11658136.121388888,11658136.121388888
2024-02-10 19:00:00+00:00,11242068.23,11242068.23
2024-02-10 20:00:00+00:00,12137732.10638889,12137732.10638889
2024-02-10 21:00:00+00:00,9442449.5125,9442449.5125
2024-02-10 22:00:00+00:00,9248443.424444444,9248443.424444444
2024-02-10 23:00:00+00:00,8541440.617777778,8541440.617777778
2024-02-11 00:00:00+00:00,5713469.804722223,0.0
2024-02-11 01:00:00+00:00,3381024.2322222223,3381024.2322222223
2024-02-11 02:00:00+00:00,2938652.230555556,2938652.230555556
2024-02-11 03:00:00+00:00,4010607.6325,4010607.6325
2024-02-11 04:00:00+00:00,2686078.5475,2686078.5475
2024-02-11 05:00:00+00:00,2670447.855555556,0.0
2024-02-11 06:00:00+00:00,5666243.027777778,5666243.027777778
2024-02-11 07:00:00+00:00,3525800.7322222223,3525800.7322222223
2024-02-11 08:00:00+00:00,8036293.3275,8036293.3275
2024-02-11 09:00:00+00:00,7764849.196111111,0.0
2024-02-11 10:00:00+00:00,11136115.93111111,11136115.93111111
2024-02-11 11:00:00+00:00,17324282.447777778,17324282.447777778
2024-02-11 12:00:00+00:00,9817758.351944445,9817758.351944445
2024-02-11 13:00:00+00:00,12902575.034722222,12902575.034722222
2024-02-11 14:00:00+00:00,11731772.823333334,11731772.823333334
2024-02-11 15:00:00+00:00,9342680.676666666,9342680.676666666
2024-02-11 16:00:00+00:00,7026194.293888889,7026194.293888889
2024-02-11 17:00:00+00:00,8163742.124444445,8163742.124444445
2024-02-11 18:00:00+00:00,8198846.734444444,0.0
2024-02-11 19:00:00+00:00,10219043.683333334,10219043.683333334
2024-02-11 20:00:00+00:00,7791870.760555555,7791870.760555555
2024-02-11 21:00:00+00:00,6989286.336388889,6989286.336388889
2024-02-11 22:00:00+00:00,8210509.359722222,8210509.359722222
2024-02-11 23:00:00+00:00,7694999.931944445,7694999.931944445
2024-02-12 00:00:00+00:00,5807224.525555556,5807224.525555556
2024-02-12 01:00:00+00:00,3295531.59,3295531.59
2024-02-12 02:00:00+00:00,5038500.588611111,5038500.588611111
2024-02-12 03:00:00+00:00,2832437.7394444444,2832437.7394444444
2024-02-12 04:00:00+00:00,3089734.963611111,3089734.963611111
2024-02-12 05:00:00+00:00,5756702.845277778,5756702.845277778
2024-02-12 06:00:00+00:00,8477521.205,8477521.205
2024-02-12 07:00:00+00:00,8539767.0525,8539767.0525
2024-02-12 08:00:00+00:00,7143339.736666666,0.0
2024-02-12 09:00:00+00:00,8261342.6475,8261342.6475
2024-02-12 10:00:00+00:00,13916045.372222222,13916045.372222222
2024-02-12 11:00:00+00:00,13706955.105833331,13706955.105833331
2024-02-12 12:00:00+00:00,13396406.374166667,13396406.374166667
2024-02-12 13:00:00+00:00,13987994.023611112,13987994.023611112
2024-02-12 14:00:00+00:00,9623303.460277775,0.0
2024-02-12 15:00:00+00:00,10517763.216666669,10517763.216666669
2024-02-12 16:00:00+00:00,10676372.256944444,10676372.256944444
2024-02-12 17:00:00+00:00,7995564.783611111,7995564.783611111
2024-02-12 18:00:00+00:00,9901392.7475,9901392.7475
2024-02-12 19:00:00+00:00,6925027.675,6925027.675
2024-02-12 20:00:00+00:00,8810180.584722223,8810180.584722223
2024-02-12 21:00:00+00:00,9500574.326111112,9500574.326111112
2024-02-12 22:00:00+00:00,9618758.66361111,9618758.66361111
2024-02-12 23:00:00+00:00,5484873.869166667,5484873.869166667
2024-02-13 00:00:00+00:00,5572613.536944444,5572613.536944444
2024-02-13 01:00:00+00:00,4249966.742222223,4249966.742222223
2024-02-13 02:00:00+00:00,6814663.020555556,6814663.020555556
2024-02-13 03:00:00+00:00,1917382.4177777776,1917382.4177777776
2024-02-13 04:00:00+00:00,3492292.621388889,0.0
2024-02-13 05:00:00+00:00,4585980.146388889,4585980.146388889
2024-02-13 06:00:00+00:00,6872310.566388889,6872310.566388889
2024-02-13 07:00:00+00:00,10222179.47888889,10222179.47888889
2024-02-13 08:00:00+00:00,10975792.320833333,10975792.320833333
2024-02-13 09:00:00+00:00,8900519.1825,8900519.1825
2024-02-13 10:00:00+00:00,15265609.671388889,15265609.671388889
2024-02-13 11:00:00+00:00,13917706.320277778,13917706.320277778
2024-02-13 12:00:00+00:00,14571432.2675,14571432.2675
2024-02-13 13:00:00+00:00,18654762.72472222,18654762.72472222
2024-02-13 14:00:00+00:00,18307851.471388888,18307851.471388888
2024-02-13 15:00:00+00:00,12343665.83777778,12343665.83777778
2024-02-13 16:00:00+00:00,11438243.434722222,11438243.434722222
2024-02-13 17:00:00+00:00,11321536.608055556,11321536.608055556
2024-02-13 18:00:00+00:00,13000190.91111111,13000190.91111111
2024-02-13 19:00:00+00:00,12834184.243888889,12834184.243888889
2024-02-13 20:00:00+00:00,9631634.345277775,9631634.345277775
2024-02-13 21:00:00+00:00,9657670.699444445,9657670.699444445
2024-02-13 22:00:00+00:00,6963981.918333333,6963981.918333333
2024-02-13 23:00:00+00:00,7983510.760277778,0.0
2024-02-14 00:00:00+00:00,7216072.6525,7216072.6525
2024-02-14 01:00:00+00:00,10851596.836666666,10851596.836666666
2024-02-14 02:00:00+00:00,12260451.937777778,12260451.937777778
2024-02-14 03:00:00+00:00,11432529.967777776,11432529.967777776
2024-02-14 04:00:00+00:00,7195970.899722222,7195970.899722222
2024-02-14 05:00:00+00:00,8940904.266666668,8940904.266666668
2024-02-14 06:00:00+00:00,13724992.611388888,13724992.611388888
2024-02-14 07:00:00+00:00,17572571.600555554,17572571.600555554
2024-02-14 08:00:00+00:00,16446400.450555556,16446400.450555556
2024-02-14 09:00:00+00:00,10476984.011666669,10476984.011666669
2024-02-14 10:00:00+00:00,15017190.213611113,15017190.213611113
2024-02-14 11:00:00+00:00,10916212.166944444,10916212.166944444
2024-02-14 12:00:00+00:00,13515087.780555556,13515087.780555556
2024-02-14 13:00:00+00:00,15532558.658055555,15532558.658055555
2024-02-14 14:00:00+00:00,15400750.818611111,15400750.818611111
2024-02-14 15:00:00+00:00,12384923.335277775,12384923.335277775
2024-02-14 16:00:00+00:00,12666403.6725,12666403.6725
2024-02-14 17:00:00+00:00,11407818.0525,11407818.0525
2024-02-14 18:00:00+00:00,14833947.483333332,14833947.483333332
2024-02-14 19:00:00+00:00,12826015.595833331,12826015.595833331
2024-02-14 20:00:00+00:00,18434466.594722223,18434466.594722223
2024-02-14 21:00:00+00:00,18333731.88472222,18333731.88472222
2024-02-14 22:00:00+00:00,19363525.12888889,19363525.12888889
2024-02-14 23:00:00+00:00,10691990.346666666,10691990.346666666
2024-02-15 00:00:00+00:00,5635063.004444445,0.0
2024-02-15 01:00:00+00:00,5944559.602777778,0.0
2024-02-15 02:00:00+00:00,4732492.938611111,4732492.938611111
2024-02-15 03:00:00+00:00,4060202.615,4060202.615
2024-02-15 04:00:00+00:00,7281559.749722222,7281559.749722222
2024-02-15 05:00:00+00:00,4827245.445833334,4827245.445833334
2024-02-15 06:00:00+00:00,13169332.973888887,13169332.973888887
2024-02-15 07:00:00+00:00,9138276.849444443,9138276.849444443
2024-02-15 08:00:00+00:00,18367640.543333333,18367640.543333333
2024-02-15 09:00:00+00:00,15129479.871388888,15129479.871388888
2024-02-15 10:00:00+00:00,16477481.911388887,16477481.911388887
2024-02-15 11:00:00+00:00,13571560.865277778,13571560.865277778
2024-02-15 12:00:00+00:00,19293690.35861111,19293690.35861111
2024-02-15 13:00:00+00:00,13944823.906944444,13944823.906944444
2024-02-15 14:00:00+00:00,12044056.706388889,12044056.706388889
2024-02-15 15:00:00+00:00,10247994.844166666,10247994.844166666
2024-02-15 16:00:00+00:00,10870392.523333332,10870392.523333332
2024-02-15 17:00:00+00:00,13014278.242222222,13014278.242222222
2024-02-15 18:00:00+00:00,18104711.307777777,18104711.307777777
2024-02-15 19:00:00+00:00,15385472.016944444,15385472.016944444
2024-02-15 20:00:00+00:00,13943845.873055557,13943845.873055557
2024-02-15 21:00:00+00:00,10612473.553888887,10612473.553888887
2024-02-15 22:00:00+00:00,9452975.12611111,9452975.12611111
2024-02-15 23:00:00+00:00,10620056.448888889,10620056.448888889
2024-02-16 00:00:00+00:00,12419171.966388889,12419171.966388889
2024-02-16 01:00:00+00:00,10574199.895,10574199.895
2024-02-16 02:00:00+00:00,4867645.642777778,4867645.642777778
2024-02-16 03:00:00+00:00,8527976.737222223,8527976.737222223
2024-02-16 04:00:00+00:00,3382672.568055556,3382672.568055556
2024-02-16 05:00:00+00:00,5707069.161666667,5707069.161666667
2024-02-16 06:00:00+00:00,8789191.657777777,8789191.657777777
2024-02-16 07:00:00+00:00,9424071.902777778,9424071.902777778
2024-02-16 08:00:00+00:00,9196520.568055555,9196520.568055555
2024-02-16 09:00:00+00:00,12041280.938055556,12041280.938055556
2024-02-16 10:00:00+00:00,15264867.827777777,15264867.827777777
2024-02-16 11:00:00+00:00,11571562.395833334,11571562.395833334
2024-02-16 12:00:00+00:00,9818611.807222225,9818611.807222225
2024-02-16 13:00:00+00:00,13361411.915555555,0.0
2024-02-16 14:00:00+00:00,15531197.69638889,0.0
2024-02-16 15:00:00+00:00,14467504.890277777,14467504.890277777
2024-02-16 16:00:00+00:00,11577827.121111112,11577827.121111112
2024-02-16 17:00:00+00:00,10681334.984444443,10681334.984444443
2024-02-16 18:00:00+00:00,10892744.88388889,0.0
2024-02-16 19:00:00+00:00,11852333.123611111,11852333.123611111
2024-02-16 20:00:00+00:00,14194050.260555556,14194050.260555556
2024-02-16 21:00:00+00:00,14151907.4425,14151907.4425
2024-02-16 22:00:00+00:00,9396338.313055556,9396338.313055556
2024-02-16 23:00:00+00:00,8445423.724722221,8445423.724722221
2024-02-17 00:00:00+00:00,11903196.616388887,0.0
2024-02-17 01:00:00+00:00,10968055.745555555,10968055.745555555
2024-02-17 02:00:00+00:00,4451799.885555555,4451799.885555555
2024-02-17 03:00:00+00:00,2947099.213611111,2947099.213611111
2024-02-17 04:00:00+00:00,4655126.670277778,4655126.670277778
2024-02-17 05:00:00+00:00,4201061.970555556,4201061.970555556
2024-02-17 06:00:00+00:00,4714418.736388889,4714418.736388889
2024-02-17 07:00:00+00:00,5408303.42,0.0
2024-02-17 08:00:00+00:00,6345582.526666666,6345582.526666666
2024-02-17 09:00:00+00:00,9980302.441944445,9980302.441944445
2024-02-17 10:00:00+00:00,8869383.131944444,8869383.131944444
2024-02-17 11:00:00+00:00,11426300.12277778,11426300.12277778
2024-02-17 12:00:00+00:00,10806303.303055556,10806303.303055556
2024-02-17 13:00:00+00:00,8955345.597777778,0.0
2024-02-17 14:00:00+00:00,6665453.024166667,0.0
2024-02-17 15:00:00+00:00,9304112.360833334,9304112.360833334
2024-02-17 16:00:00+00:00,7675220.146944445,7675220.146944445
2024-02-17 17:00:00+00:00,9085018.38611111,9085018.38611111
2024-02-17 18:00:00+00:00,6379704.385833333,6379704.385833333
2024-02-17 19:00:00+00:00,7701262.404166667,7701262.404166667
2024-02-17 20:00:00+00:00,7664891.308055555,7664891.308055555
2024-02-17 21:00:00+00:00,7740527.609166667,7740527.609166667
2024-02-17 22:00:00+00:00,10913223.233333332,10913223.233333332
2024-02-17 23:00:00+00:00,10104127.054444443,0.0
2024-02-18 00:00:00+00:00,9053225.54,9053225.54
2024-02-18 01:00:00+00:00,7933975.072222223,0.0
2024-02-18 02:00:00+00:00,5529689.154722222,5529689.154722222
2024-02-18 03:00:00+00:00,6630553.029722222,6630553.029722222
2024-02-18 04:00:00+00:00,4725735.642777778,4725735.642777778
2024-02-18 05:00:00+00:00,2971033.034722222,2971033.034722222
2024-02-18 06:00:00+00:00,7039743.426666667,7039743.426666667
2024-02-18 07:00:00+00:00,7247601.865833334,7247601.865833334
2024-02-18 08:00:00+00:00,6759101.983055555,0.0
2024-02-18 09:00:00+00:00,7384331.033611111,7384331.033611111
2024-02-18 10:00:00+00:00,9581701.7225,9581701.7225
2024-02-18 11:00:00+00:00,12785925.169722222,0.0
2024-02-18 12:00:00+00:00,16093133.7875,16093133.7875
2024-02-18 13:00:00+00:00,15684550.25111111,15684550.25111111
2024-02-18 14:00:00+00:00,14216884.171666669,14216884.171666669
2024-02-18 15:00:00+00:00,12153472.357222222,12153472.357222222
2024-02-18 16:00:00+00:00,14234343.048055556,14234343.048055556
2024-02-18 17:00:00+00:00,16407594.238611111,0.0
2024-02-18 18:00:00+00:00,17161334.20638889,0.0
2024-02-18 19:00:00+00:00,16899046.742777776,16899046.742777776
2024-02-18 20:00:00+00:00,15188406.8875,15188406.8875
2024-02-18 21:00:00+00:00,14700640.545277778,14700640.545277778
2024-02-18 22:00:00+00:00,9750003.34638889,9750003.34638889
2024-02-18 23:00:00+00:00,8627330.991944445,8627330.991944445
2024-02-19 00:00:00+00:00,7163055.804166666,0.0
2024-02-19 01:00:00+00:00,3980275.720277778,3980275.720277778
2024-02-19 02:00:00+00:00,4615619.503055556,4615619.503055556
2024-02-19 03:00:00+00:00,5858733.09,5858733.09
2024-02-19 04:00:00+00:00,10742795.489722222,10742795.489722222
2024-02-19 05:00:00+00:00,11227029.276111113,11227029.276111113
2024-02-19 06:00:00+00:00,17571707.97833333,0.0
2024-02-19 07:00:00+00:00,15642075.296944443,15642075.296944443
2024-02-19 08:00:00+00:00,19653982.112777777,19653982.112777777
2024-02-19 09:00:00+00:00,19177075.465,19177075.465
2024-02-19 10:00:00+00:00,20831573.89194445,20831573.89194445
2024-02-19 11:00:00+00:00,21294872.65638889,21294872.65638889
2024-02-19 12:00:00+00:00,24326355.41333333,24326355.41333333
2024-02-19 13:00:00+00:00,19230080.348333333,19230080.348333333
2024-02-19 14:00:00+00:00,18146228.59805556,18146228.59805556
2024-02-19 15:00:00+00:00,19156726.274166662,0.0
2024-02-19 16:00:00+00:00,22459088.62194445,0.0
2024-02-19 17:00:00+00:00,21968633.666388888,21968633.666388888
2024-02-19 18:00:00+00:00,22375249.844166663,0.0
2024-02-19 19:00:00+00:00,23081074.49305556,23081074.49305556
2024-02-19 20:00:00+00:00,21661813.589444444,21661813.589444444
2024-02-19 21:00:00+00:00,36429116.83833333,36429116.83833333
2024-02-19 22:00:00+00:00,19886219.67694445,19886219.67694445
2024-02-19 23:00:00+00:00,10604315.887222225,10604315.887222225
2024-02-20 00:00:00+00:00,12135101.779444445,12135101.779444445
2024-02-20 01:00:00+00:00,9679866.955,9679866.955
2024-02-20 02:00:00+00:00,5315590.7508333335,0.0
2024-02-20 03:00:00+00:00,7592914.406944444,7592914.406944444
2024-02-20 04:00:00+00:00,6839900.755833333,6839900.755833333
2024-02-20 05:00:00+00:00,11190740.641666668,11190740.641666668
2024-02-20 06:00:00+00:00,15478271.687222222,15478271.687222222
2024-02-20 07:00:00+00:00,15731242.669722222,15731242.669722222
2024-02-20 08:00:00+00:00,22949914.82583333,22949914.82583333
2024-02-20 09:00:00+00:00,18113093.379722223,18113093.379722223
2024-02-20 10:00:00+00:00,26368921.51861111,26368921.51861111
2024-02-20 11:00:00+00:00,28246347.953333333,28246347.953333333
2024-02-20 12:00:00+00:00,24703417.23888889,24703417.23888889
2024-02-20 13:00:00+00:00,22090575.168333333,22090575.168333333
2024-02-20 14:00:00+00:00,15847387.999722222,15847387.999722222
2024-02-20 15:00:00+00:00,17412158.330555554,17412158.330555554
2024-02-20 16:00:00+00:00,12820538.763888888,12820538.763888888
2024-02-20 17:00:00+00:00,13699354.705277778,13699354.705277778
2024-02-20 18:00:00+00:00,18646584.30111111,0.0
2024-02-20 19:00:00+00:00,15826738.753333334,15826738.753333334
2024-02-20 20:00:00+00:00,15275900.6475,15275900.6475
2024-02-20 21:00:00+00:00,16986956.15472222,16986956.15472222
2024-02-20 22:00:00+00:00,12537964.336111112,12537964.336111112
2024-02-20 23:00:00+00:00,10913929.154722225,10913929.154722225
2024-02-21 00:00:00+00:00,13706866.650555557,13706866.650555557
2024-02-21 01:00:00+00:00,10432690.610833334,10432690.610833334
2024-02-21 02:00:00+00:00,5758032.534722222,5758032.534722222
2024-02-21 03:00:00+00:00,5770280.701388889,5770280.701388889
2024-02-21 04:00:00+00:00,7492023.291944444,7492023.291944444
2024-02-21 05:00:00+00:00,12894272.125,12894272.125
2024-02-21 06:00:00+00:00,13875812.089722222,13875812.089722222
2024-02-21 07:00:00+00:00,16819136.44361111,16819136.44361111
2024-02-21 08:00:00+00:00,19659215.45444445,19659215.45444445
2024-02-21 09:00:00+00:00,19378577.332222223,19378577.332222223
2024-02-21 10:00:00+00:00,19094400.332222223,19094400.332222223
2024-02-21 11:00:00+00:00,17089084.86916667,17089084.86916667
2024-02-21 12:00:00+00:00,18220211.18888889,18220211.18888889
2024-02-21 13:00:00+00:00,15004771.25638889,15004771.25638889
2024-02-21 14:00:00+00:00,16565181.94388889,16565181.94388889
2024-02-21 15:00:00+00:00,12929622.637777776,0.0
2024-02-21 16:00:00+00:00,14110932.554722222,14110932.554722222
2024-02-21 17:00:00+00:00,16006917.175277775,16006917.175277775
2024-02-21 18:00:00+00:00,17442982.993333332,17442982.993333332
2024-02-21 19:00:00+00:00,25827333.27027778,25827333.27027778
2024-02-21 20:00:00+00:00,22149018.717777777,0.0
2024-02-21 21:00:00+00:00,20310148.676666666,0.0
2024-02-21 22:00:00+00:00,16724655.298611112,16724655.298611112
2024-02-21 23:00:00+00:00,13307813.253611112,0.0
2024-02-22 00:00:00+00:00,11844468.104166666,11844468.104166666
2024-02-22 01:00:00+00:00,9179784.715277778,9179784.715277778
2024-02-22 02:00:00+00:00,8355803.2925,8355803.2925
2024-02-22 03:00:00+00:00,5905159.305833333,5905159.305833333
2024-02-22 04:00:00+00:00,7442512.740833334,7442512.740833334
2024-02-22 05:00:00+00:00,6966635.663888888,6966635.663888888
2024-02-22 06:00:00+00:00,13457860.463333333,13457860.463333333
2024-02-22 07:00:00+00:00,15601825.994166669,15601825.994166669
2024-02-22 08:00:00+00:00,19278085.54222222,19278085.54222222
2024-02-22 09:00:00+00:00,17915961.17,17915961.17
2024-02-22 10:00:00+00:00,18243878.16861111,18243878.16861111
2024-02-22 11:00:00+00:00,20356955.535833333,20356955.535833333
2024-02-22 12:00:00+00:00,22722661.271111112,22722661.271111112
2024-02-22 13:00:00+00:00,19539862.15333333,19539862.15333333
2024-02-22 14:00:00+00:00,24706308.78138889,24706308.78138889
2024-02-22 15:00:00+00:00,19356261.382777777,19356261.382777777
2024-02-22 16:00:00+00:00,17664509.12888889,17664509.12888889
2024-02-22 17:00:00+00:00,19012861.466666665,19012861.466666665
2024-02-22 18:00:00+00:00,18563449.848333333,0.0
2024-02-22 19:00:00+00:00,20299006.969444446,20299006.969444446
2024-02-22 20:00:00+00:00,19842298.40611111,0.0
2024-02-22 21:00:00+00:00,18654091.97583333,18654091.97583333
2024-02-22 22:00:00+00:00,15872674.4175,15872674.4175
2024-02-22 23:00:00+00:00,20397793.129444443,20397793.129444443
2024-02-23 00:00:00+00:00,12414074.718333334,12414074.718333334
2024-02-23 01:00:00+00:00,10098376.870277775,0.0
2024-02-23 02:00:00+00:00,15341944.49888889,15341944.49888889
2024-02-23 03:00:00+00:00,7357641.215555555,7357641.215555555
2024-02-23 04:00:00+00:00,6530050.816666666,6530050.816666666
2024-02-23 05:00:00+00:00,8859871.319166666,8859871.319166666
2024-02-23 06:00:00+00:00,11039776.031388888,11039776.031388888
2024-02-23 07:00:00+00:00,14957976.262222225,14957976.262222225
2024-02-23 08:00:00+00:00,16388642.988333331,16388642.988333331
2024-02-23 09:00:00+00:00,14862213.003611112,14862213.003611112
2024-02-23 10:00:00+00:00,16832412.1775,16832412.1775
2024-02-23 11:00:00+00:00,20825380.665,20825380.665
2024-02-23 12:00:00+00:00,24056772.21111111,0.0
2024-02-23 13:00:00+00:00,21733642.47972222,21733642.47972222
2024-02-23 14:00:00+00:00,18675582.43805556,18675582.43805556
2024-02-23 15:00:00+00:00,19365762.02888889,19365762.02888889
2024-02-23 16:00:00+00:00,22240981.890277777,22240981.890277777
2024-02-23 17:00:00+00:00,25889670.54444445,25889670.54444445
2024-02-23 18:00:00+00:00,23718884.32222222,0.0
2024-02-23 19:00:00+00:00,18592392.015833333,0.0
2024-02-23 20:00:00+00:00,21554240.410833333,0.0
2024-02-23 21:00:00+00:00,27258870.29027778,27258870.29027778
2024-02-23 22:00:00+00:00,17308216.01138889,0.0
2024-02-23 23:00:00+00:00,19858028.139166668,19858028.139166668
2024-02-24 00:00:00+00:00,14422235.664722225,14422235.664722225
2024-02-24 01:00:00+00:00,12809904.50888889,12809904.50888889
2024-02-24 02:00:00+00:00,16020681.317777775,16020681.317777775
2024-02-24 03:00:00+00:00,10659407.5275,10659407.5275
2024-02-24 04:00:00+00:00,12192924.691111112,0.0
2024-02-24 05:00:00+00:00,19724117.02027778,19724117.02027778
2024-02-24 06:00:00+00:00,14375060.046666669,14375060.046666669
2024-02-24 07:00:00+00:00,14989005.195833333,0.0
2024-02-24 08:00:00+00:00,17562046.444722224,17562046.444722224
2024-02-24 09:00:00+00:00,14996552.58777778,0.0
2024-02-24 10:00:00+00:00,14634308.85638889,14634308.85638889
2024-02-24 11:00:00+00:00,16517438.204166668,16517438.204166668
2024-02-24 12:00:00+00:00,17195063.04888889,17195063.04888889
2024-02-24 13:00:00+00:00,17486482.414166667,17486482.414166667
2024-02-24 14:00:00+00:00,20931167.465,20931167.465
2024-02-24 15:00:00+00:00,16555895.211666666,16555895.211666666
2024-02-24 16:00:00+00:00,18960610.91722222,18960610.91722222
2024-02-24 17:00:00+00:00,22743038.384444445,22743038.384444445
2024-02-24 18:00:00+00:00,25853044.77527778,25853044.77527778
2024-02-24 19:00:00+00:00,18672645.556944445,18672645.556944445
2024-02-24 20:00:00+00:00,24070269.0075,24070269.0075
2024-02-24 21:00:00+00:00,19743181.297222223,0.0
2024-02-24 22:00:00+00:00,15824879.616666667,15824879.616666667
2024-02-24 23:00:00+00:00,17745258.23527778,17745258.23527778
2024-02-25 00:00:00+00:00,20917554.366666667,20917554.366666667
2024-02-25 01:00:00+00:00,13110845.516111111,13110845.516111111
2024-02-25 02:00:00+00:00,10198150.483055556,10198150.483055556
2024-02-25 03:00:00+00:00,13299675.276944444,13299675.276944444
2024-02-25 04:00:00+00:00,13952116.339444444,13952116.339444444
2024-02-25 05:00:00+00:00,12693182.053333333,12693182.053333333
2024-02-25 06:00:00+00:00,15111206.486111112,15111206.486111112
2024-02-25 07:00:00+00:00,18801830.15305556,18801830.15305556
2024-02-25 08:00:00+00:00,10225536.806388889,10225536.806388889
2024-02-25 09:00:00+00:00,18848721.426666666,18848721.426666666
2024-02-25 10:00:00+00:00,16288622.90888889,16288622.90888889
2024-02-25 11:00:00+00:00,16299439.401944444,16299439.401944444
2024-02-25 12:00:00+00:00,16671485.756944444,16671485.756944444
2024-02-25 13:00:00+00:00,16548743.325277776,16548743.325277776
2024-02-25 14:00:00+00:00,16071140.732777778,16071140.732777778
2024-02-25 15:00:00+00:00,15786949.634166667,0.0
2024-02-25 16:00:00+00:00,19177227.28638889,19177227.28638889
2024-02-25 17:00:00+00:00,20482940.331666667,0.0
2024-02-25 18:00:00+00:00,19432685.371666662,19432685.371666662
2024-02-25 19:00:00+00:00,20014969.286111116,20014969.286111116
2024-02-25 20:00:00+00:00,19211963.09972222,19211963.09972222
2024-02-25 21:00:00+00:00,20520356.836666662,20520356.836666662
2024-02-25 22:00:00+00:00,15809856.72611111,15809856.72611111
2024-02-25 23:00:00+00:00,15054283.2775,15054283.2775
2024-02-26 00:00:00+00:00,14478883.048055556,14478883.048055556
2024-02-26 01:00:00+00:00,12868103.520277778,12868103.520277778
2024-02-26 02:00:00+00:00,11286448.992777778,11286448.992777778
2024-02-26 03:00:00+00:00,12432279.298888888,12432279.298888888
2024-02-26 04:00:00+00:00,12486116.534722222,12486116.534722222
2024-02-26 05:00:00+00:00,12323470.1925,12323470.1925
2024-02-26 06:00:00+00:00,18062388.189444445,18062388.189444445
2024-02-26 07:00:00+00:00,21597110.353888888,21597110.353888888
2024-02-26 08:00:00+00:00,21377961.04777778,21377961.04777778
2024-02-26 09:00:00+00:00,18211460.55194445,18211460.55194445
2024-02-26 10:00:00+00:00,19848720.824444443,19848720.824444443
2024-02-26 11:00:00+00:00,16317334.50111111,16317334.50111111
2024-02-26 12:00:00+00:00,20480446.9375,0.0
2024-02-26 13:00:00+00:00,20125948.809166662,20125948.809166662
2024-02-26 14:00:00+00:00,17965943.99638889,17965943.99638889
2024-02-26 15:00:00+00:00,19535899.617777776,19535899.617777776
2024-02-26 16:00:00+00:00,20025976.19555556,20025976.19555556
2024-02-26 17:00:00+00:00,18109403.423611112,0.0
2024-02-26 18:00:00+00:00,21301372.897777777,21301372.897777777
2024-02-26 19:00:00+00:00,27882194.16527778,27882194.16527778
2024-02-26 20:00:00+00:00,24638215.3875,24638215.3875
2024-02-26 21:00:00+00:00,26234069.76083333,26234069.76083333
2024-02-26 22:00:00+00:00,20318308.331666667,20318308.331666667
2024-02-26 23:00:00+00:00,13939800.3725,13939800.3725
2024-02-27 00:00:00+00:00,14279874.06472222,14279874.06472222
2024-02-27 01:00:00+00:00,10524095.151944444,10524095.151944444
2024-02-27 02:00:00+00:00,8575926.789722223,8575926.789722223
2024-02-27 03:00:00+00:00,11636907.933333334,11636907.933333334
2024-02-27 04:00:00+00:00,14590399.414166668,14590399.414166668
2024-02-27 05:00:00+00:00,13792983.224166667,13792983.224166667
2024-02-27 06:00:00+00:00,18078314.93888889,18078314.93888889
2024-02-27 07:00:00+00:00,13975221.83638889,13975221.83638889
2024-02-27 08:00:00+00:00,16583538.671388889,16583538.671388889
2024-02-27 09:00:00+00:00,18585617.059722222,18585617.059722222
2024-02-27 10:00:00+00:00,17766945.879166666,0.0
2024-02-27 11:00:00+00:00,17200911.151666667,17200911.151666667
2024-02-27 12:00:00+00:00,17676902.86888889,17676902.86888889
2024-02-27 13:00:00+00:00,16300090.068333331,0.0
2024-02-27 14:00:00+00:00,19642495.70055556,19642495.70055556
2024-02-27 15:00:00+00:00,23850837.47472222,23850837.47472222
2024-02-27 16:00:00+00:00,21489333.476944443,21489333.476944443
2024-02-27 17:00:00+00:00,19947709.745277777,0.0
2024-02-27 18:00:00+00:00,18458127.221388888,18458127.221388888
2024-02-27 19:00:00+00:00,21251630.818888888,21251630.818888888
2024-02-27 20:00:00+00:00,21467832.8125,21467832.8125
2024-02-27 21:00:00+00:00,16812937.293333333,16812937.293333333
2024-02-27 22:00:00+00:00,14097125.317777775,14097125.317777775
2024-02-27 23:00:00+00:00,23283596.76861111,23283596.76861111
2024-02-28 00:00:00+00:00,12185906.231944444,12185906.231944444
2024-02-28 01:00:00+00:00,14111627.223888887,14111627.223888887
2024-02-28 02:00:00+00:00,15276376.510277778,15276376.510277778
2024-02-28 03:00:00+00:00,16143628.694166666,16143628.694166666
2024-02-28 04:00:00+00:00,12432707.636666669,12432707.636666669
2024-02-28 05:00:00+00:00,10002238.294166667,10002238.294166667
2024-02-28 06:00:00+00:00,13654451.895277778,0.0
2024-02-28 07:00:00+00:00,12955178.493055556,12955178.493055556
2024-02-28 08:00:00+00:00,15782393.475277778,15782393.475277778
2024-02-28 09:00:00+00:00,16434238.160833333,16434238.160833333
2024-02-28 10:00:00+00:00,14852512.371388888,14852512.371388888
2024-02-28 11:00:00+00:00,20614816.376944445,0.0
2024-02-28 12:00:00+00:00,24678068.684722222,24678068.684722222
2024-02-28 13:00:00+00:00,15777546.058055555,15777546.058055555
2024-02-28 14:00:00+00:00,11407088.996666666,11407088.996666666
2024-02-28 15:00:00+00:00,13478011.429444443,13478011.429444443
2024-02-28 16:00:00+00:00,13354367.885277778,13354367.885277778
2024-02-28 17:00:00+00:00,13548238.49777778,13548238.49777778
2024-02-28 18:00:00+00:00,15545335.550555555,15545335.550555555
2024-02-28 19:00:00+00:00,14831193.92111111,0.0
2024-02-28 20:00:00+00:00,13227122.176666666,13227122.176666666
2024-02-28 21:00:00+00:00,12687881.910555556,12687881.910555556
2024-02-28 22:00:00+00:00,10450637.27,10450637.27
2024-02-28 23:00:00+00:00,9766152.259722222,9766152.259722222
2024-02-29 00:00:00+00:00,11055394.270833334,11055394.270833334
2024-02-29 01:00:00+00:00,6599644.175555555,6599644.175555555
2024-02-29 02:00:00+00:00,8508711.872222222,8508711.872222222
2024-02-29 03:00:00+00:00,6307369.838611111,0.0
2024-02-29 04:00:00+00:00,6834428.128055556,6834428.128055556
2024-02-29 05:00:00+00:00,7501065.774166667,7501065.774166667
2024-02-29 06:00:00+00:00,13324665.556388889,13324665.556388889
2024-02-29 07:00:00+00:00,13283340.395833334,0.0
2024-02-29 08:00:00+00:00,16810486.693055555,16810486.693055555
2024-02-29 09:00:00+00:00,17032174.33472222,17032174.33472222
2024-02-29 10:00:00+00:00,15064818.657777775,15064818.657777775
2024-02-29 11:00:00+00:00,23266964.23527778,0.0
2024-02-29 12:00:00+00:00,23960275.567222223,23960275.567222223
2024-02-29 13:00:00+00:00,30010086.22611111,30010086.22611111
2024-02-29 14:00:00+00:00,19706192.254166663,19706192.254166663
2024-02-29 15:00:00+00:00,18468188.95111111,18468188.95111111
2024-02-29 16:00:00+00:00,28830248.02388889,28830248.02388889
2024-02-29 17:00:00+00:00,18786973.622222222,18786973.622222222
2024-02-29 18:00:00+00:00,13345110.493055556,13345110.493055556
2024-02-29 19:00:00+00:00,15489501.987777775,15489501.987777775
2024-02-29 20:00:00+00:00,23472045.4625,23472045.4625
2024-02-29 21:00:00+00:00,16445192.043333331,0.0
2024-02-29 22:00:00+00:00,9082863.88388889,0.0
2024-02-29 23:00:00+00:00,8487818.8125,8487818.8125
2024-03-01 00:00:00+00:00,7030414.192777778,7030414.192777778
2024-03-01 01:00:00+00:00,15967696.734444443,15967696.734444443
2024-03-01 02:00:00+00:00,7208462.064722222,7208462.064722222
2024-03-01 03:00:00+00:00,8092764.864166667,0.0
2024-03-01 04:00:00+00:00,5260092.087777778,5260092.087777778
2024-03-01 05:00:00+00:00,7288879.490833334,7288879.490833334
2024-03-01 06:00:00+00:00,15024294.737222224,15024294.737222224
2024-03-01 07:00:00+00:00,10368654.930555556,0.0
2024-03-01 08:00:00+00:00,11204113.171666669,11204113.171666669
2024-03-01 09:00:00+00:00,11794907.046944443,11794907.046944443
2024-03-01 10:00:00+00:00,11546281.406944444,11546281.406944444
2024-03-01 11:00:00+00:00,11148124.898611112,11148124.898611112
2024-03-01 12:00:00+00:00,11776253.611388888,11776253.611388888
2024-03-01 13:00:00+00:00,10854267.14888889,10854267.14888889
2024-03-01 14:00:00+00:00,12374135.27638889,12374135.27638889
2024-03-01 15:00:00+00:00,9439847.496666666,9439847.496666666
2024-03-01 16:00:00+00:00,8864655.516944444,8864655.516944444
2024-03-01 17:00:00+00:00,7447342.516111111,7447342.516111111
2024-03-01 18:00:00+00:00,8561980.004166666,8561980.004166666
2024-03-01 19:00:00+00:00,9281304.978333334,9281304.978333334
2024-03-01 20:00:00+00:00,10738020.936944444,10738020.936944444
2024-03-01 21:00:00+00:00,7608663.163888888,7608663.163888888
2024-03-01 22:00:00+00:00,7957959.172777778,7957959.172777778
2024-03-01 23:00:00+00:00,7084105.605833333,7084105.605833333
2024-03-02 00:00:00+00:00,7648328.771111111,7648328.771111111
2024-03-02 01:00:00+00:00,7984997.5077777775,7984997.5077777775
2024-03-02 02:00:00+00:00,4595502.992222223,4595502.992222223
2024-03-02 03:00:00+00:00,3550613.6566666667,3550613.6566666667
2024-03-02 04:00:00+00:00,4047288.414444444,4047288.414444444
2024-03-02 05:00:00+00:00,7216713.831944444,7216713.831944444
2024-03-02 06:00:00+00:00,7803735.249722222,7803735.249722222
2024-03-02 07:00:00+00:00,4775602.958055556,4775602.958055556
2024-03-02 08:00:00+00:00,5966296.275555556,5966296.275555556
2024-03-02 09:00:00+00:00,9062559.999444444,9062559.999444444
2024-03-02 10:00:00+00:00,9324449.06888889,9324449.06888889
2024-03-02 11:00:00+00:00,13267441.125277778,13267441.125277778
2024-03-02 12:00:00+00:00,10232575.557777775,0.0
2024-03-02 13:00:00+00:00,9018460.680277778,9018460.680277778
2024-03-02 14:00:00+00:00,8499395.123055555,8499395.123055555
2024-03-02 15:00:00+00:00,8707524.369722223,8707524.369722223
2024-03-02 16:00:00+00:00,6311344.57,6311344.57
2024-03-02 17:00:00+00:00,9491157.411388887,9491157.411388887
2024-03-02 18:00:00+00:00,7789114.965277778,7789114.965277778
2024-03-02 19:00:00+00:00,7813131.008333334,7813131.008333334
2024-03-02 20:00:00+00:00,13512202.4025,13512202.4025
2024-03-02 21:00:00+00:00,11690514.221111111,11690514.221111111
2024-03-02 22:00:00+00:00,10887674.251944443,10887674.251944443
2024-03-02 23:00:00+00:00,8281831.939166667,0.0
2024-03-03 00:00:00+00:00,8055941.203888888,8055941.203888888
2024-03-03 01:00:00+00:00,7293678.025555556,7293678.025555556
2024-03-03 02:00:00+00:00,5660840.226944445,5660840.226944445
2024-03-03 03:00:00+00:00,4707594.701666667,4707594.701666667
2024-03-03 04:00:00+00:00,6000348.1575,6000348.1575
2024-03-03 05:00:00+00:00,3000403.845277778,3000403.845277778
2024-03-03 06:00:00+00:00,3673943.638888889,3673943.638888889
2024-03-03 07:00:00+00:00,7232544.485555556,7232544.485555556
2024-03-03 08:00:00+00:00,8452461.46388889,8452461.46388889
2024-03-03 09:00:00+00:00,17066417.579166666,17066417.579166666
2024-03-03 10:00:00+00:00,9878350.513611112,9878350.513611112
2024-03-03 11:00:00+00:00,8682713.363055555,8682713.363055555
2024-03-03 12:00:00+00:00,9595078.831944443,9595078.831944443
2024-03-03 13:00:00+00:00,10441739.203333331,10441739.203333331
2024-03-03 14:00:00+00:00,11096505.62277778,11096505.62277778
2024-03-03 15:00:00+00:00,12887507.708888888,12887507.708888888
2024-03-03 16:00:00+00:00,13339780.479722222,13339780.479722222
2024-03-03 17:00:00+00:00,16829324.0425,16829324.0425
2024-03-03 18:00:00+00:00,16101085.923333334,16101085.923333334
2024-03-03 19:00:00+00:00,17808411.255,17808411.255
2024-03-03 20:00:00+00:00,23249324.820277777,23249324.820277777
2024-03-03 21:00:00+00:00,21046170.434722222,21046170.434722222
2024-03-03 22:00:00+00:00,12484518.726666668,12484518.726666668
2024-03-03 23:00:00+00:00,12962198.175833331,12962198.175833331
2024-03-04 00:00:00+00:00,11261755.555555556,11261755.555555556
2024-03-04 01:00:00+00:00,5080540.372777778,5080540.372777778
2024-03-04 02:00:00+00:00,2936862.297777778,2936862.297777778
2024-03-04 03:00:00+00:00,4228255.505,0.0
2024-03-04 04:00:00+00:00,4301404.818055555,0.0
2024-03-04 05:00:00+00:00,8935766.199444445,8935766.199444445
2024-03-04 06:00:00+00:00,15602287.485277778,15602287.485277778
2024-03-04 07:00:00+00:00,14780328.878055556,14780328.878055556
2024-03-04 08:00:00+00:00,17582504.4475,17582504.4475
2024-03-04 09:00:00+00:00,23169403.339166667,23169403.339166667
2024-03-04 10:00:00+00:00,24468684.51888889,24468684.51888889
2024-03-04 11:00:00+00:00,23320425.041944444,23320425.041944444
2024-03-04 12:00:00+00:00,27583713.613333333,27583713.613333333
2024-03-04 13:00:00+00:00,23784397.098611116,23784397.098611116
2024-03-04 14:00:00+00:00,17865641.406944446,17865641.406944446
2024-03-04 15:00:00+00:00,17852271.429444443,17852271.429444443
2024-03-04 16:00:00+00:00,21243232.30361111,21243232.30361111
2024-03-04 17:00:00+00:00,16322545.535833333,16322545.535833333
2024-03-04 18:00:00+00:00,16251443.62,16251443.62
2024-03-04 19:00:00+00:00,18747873.12138889,18747873.12138889
2024-03-04 20:00:00+00:00,18017069.024166662,18017069.024166662
2024-03-04 21:00:00+00:00,13972092.3775,13972092.3775
2024-03-04 22:00:00+00:00,13050298.092222225,13050298.092222225
2024-03-04 23:00:00+00:00,6919276.168055556,6919276.168055556
2024-03-05 00:00:00+00:00,6503521.154166667,6503521.154166667
2024-03-05 01:00:00+00:00,8086561.923055556,8086561.923055556
2024-03-05 02:00:00+00:00,5628167.405833334,5628167.405833334
2024-03-05 03:00:00+00:00,4673327.162222222,4673327.162222222
2024-03-05 04:00:00+00:00,6295385.904722222,6295385.904722222
2024-03-05 05:00:00+00:00,11628605.18111111,11628605.18111111
2024-03-05 06:00:00+00:00,19214048.97861111,19214048.97861111
2024-03-05 07:00:00+00:00,20423198.36833333,20423198.36833333
2024-03-05 08:00:00+00:00,22616924.16805556,22616924.16805556
2024-03-05 09:00:00+00:00,16511932.27527778,16511932.27527778
2024-03-05 10:00:00+00:00,14323519.124722222,14323519.124722222
2024-03-05 11:00:00+00:00,15619638.431388889,15619638.431388889
2024-03-05 12:00:00+00:00,22571793.24,22571793.24
2024-03-05 13:00:00+00:00,12566100.065555556,12566100.065555556
2024-03-05 14:00:00+00:00,12364203.635833334,12364203.635833334
2024-03-05 15:00:00+00:00,10514466.800555555,10514466.800555555
2024-03-05 16:00:00+00:00,10322731.327777777,10322731.327777777
2024-03-05 17:00:00+00:00,17026664.615555555,17026664.615555555
2024-03-05 18:00:00+00:00,13360246.3275,13360246.3275
2024-03-05 19:00:00+00:00,16534309.303055556,16534309.303055556
2024-03-05 20:00:00+00:00,13864424.200833334,13864424.200833334
2024-03-05 21:00:00+00:00,11464511.996666666,11464511.996666666
2024-03-05 22:00:00+00:00,6596576.863055555,6596576.863055555
2024-03-05 23:00:00+00:00,5742650.480833333,5742650.480833333
2024-03-06 00:00:00+00:00,7219192.159444445,7219192.159444445
2024-03-06 01:00:00+00:00,6479736.443611112,6479736.443611112
2024-03-06 02:00:00+00:00,2967645.0913888887,2967645.0913888887
2024-03-06 03:00:00+00:00,3504734.1675,3504734.1675
2024-03-06 04:00:00+00:00,7890505.1175,0.0
2024-03-06 05:00:00+00:00,6103879.486666666,6103879.486666666
2024-03-06 06:00:00+00:00,11797246.154722225,11797246.154722225
2024-03-06 07:00:00+00:00,15841291.049444444,15841291.049444444
2024-03-06 08:00:00+00:00,15899992.246388888,15899992.246388888
2024-03-06 09:00:00+00:00,14558846.091666669,14558846.091666669
2024-03-06 10:00:00+00:00,19883961.48138889,19883961.48138889
2024-03-06 11:00:00+00:00,21833731.1225,21833731.1225
2024-03-06 12:00:00+00:00,24845198.816666663,24845198.816666663
2024-03-06 13:00:00+00:00,23774218.10611111,23774218.10611111
2024-03-06 14:00:00+00:00,19425757.27833333,19425757.27833333
2024-03-06 15:00:00+00:00,22577157.874166667,22577157.874166667
2024-03-06 16:00:00+00:00,19019101.596666668,19019101.596666668
2024-03-06 17:00:00+00:00,17819754.949722223,17819754.949722223
2024-03-06 18:00:00+00:00,17029587.782222223,0.0
2024-03-06 19:00:00+00:00,18633181.527222224,0.0
2024-03-06 20:00:00+00:00,19984681.425277777,19984681.425277777
2024-03-06 21:00:00+00:00,18763346.451944444,18763346.451944444
2024-03-06 22:00:00+00:00,10582506.245555555,10582506.245555555
2024-03-06 23:00:00+00:00,7854848.950277777,7854848.950277777
2024-03-07 00:00:00+00:00,8348978.640277778,8348978.640277778
2024-03-07 01:00:00+00:00,8724314.439166667,8724314.439166667
2024-03-07 02:00:00+00:00,7000153.816388889,7000153.816388889
2024-03-07 03:00:00+00:00,4919339.807222222,4919339.807222222
2024-03-07 04:00:00+00:00,7686338.325277777,7686338.325277777
2024-03-07 05:00:00+00:00,10250084.616666667,10250084.616666667
2024-03-07 06:00:00+00:00,19160861.660833333,0.0
2024-03-07 07:00:00+00:00,15138832.325,15138832.325
2024-03-07 08:00:00+00:00,19523073.374444444,19523073.374444444
2024-03-07 09:00:00+00:00,14794639.844166666,14794639.844166666
2024-03-07 10:00:00+00:00,15292095.11861111,15292095.11861111
2024-03-07 11:00:00+00:00,19841985.32805556,19841985.32805556
2024-03-07 12:00:00+00:00,17140542.00361111,17140542.00361111
2024-03-07 13:00:00+00:00,18847929.27027778,18847929.27027778
2024-03-07 14:00:00+00:00,20553584.546944443,20553584.546944443
2024-03-07 15:00:00+00:00,16768407.525,16768407.525
2024-03-07 16:00:00+00:00,17663909.771111112,17663909.771111112
2024-03-07 17:00:00+00:00,17790403.439166665,17790403.439166665
2024-03-07 18:00:00+00:00,18449794.291666668,18449794.291666668
2024-03-07 19:00:00+00:00,16353202.465555556,16353202.465555556
2024-03-07 20:00:00+00:00,16336618.914722225,16336618.914722225
2024-03-07 21:00:00+00:00,15768964.546388889,15768964.546388889
2024-03-07 22:00:00+00:00,11079149.115277778,11079149.115277778
2024-03-07 23:00:00+00:00,10784289.248333331,10784289.248333331
2024-03-08 00:00:00+00:00,15719502.749166667,15719502.749166667
2024-03-08 01:00:00+00:00,7502867.351111111,7502867.351111111
2024-03-08 02:00:00+00:00,4960234.173333333,4960234.173333333
2024-03-08 03:00:00+00:00,5519361.5,5519361.5
2024-03-08 04:00:00+00:00,6435439.2525,6435439.2525
2024-03-08 05:00:00+00:00,9215148.004722225,9215148.004722225
2024-03-08 06:00:00+00:00,10751962.551944444,10751962.551944444
2024-03-08 07:00:00+00:00,13516822.173611112,13516822.173611112
2024-03-08 08:00:00+00:00,18242941.190555558,18242941.190555558
2024-03-08 09:00:00+00:00,14139850.991666667,14139850.991666667
2024-03-08 10:00:00+00:00,16349318.023055555,16349318.023055555
2024-03-08 11:00:00+00:00,13911864.475833334,13911864.475833334
2024-03-08 12:00:00+00:00,11252420.180555556,0.0
2024-03-08 13:00:00+00:00,13535116.9075,13535116.9075
2024-03-08 14:00:00+00:00,11744725.86,11744725.86
2024-03-08 15:00:00+00:00,10368828.921666669,10368828.921666669
2024-03-08 16:00:00+00:00,9787752.766111111,9787752.766111111
2024-03-08 17:00:00+00:00,12674671.090555556,12674671.090555556
2024-03-08 18:00:00+00:00,8201827.586944444,0.0
2024-03-08 19:00:00+00:00,14752212.572777778,14752212.572777778
2024-03-08 20:00:00+00:00,17386594.059722222,17386594.059722222
2024-03-08 21:00:00+00:00,14719085.5625,0.0
2024-03-08 22:00:00+00:00,9493270.29277778,9493270.29277778
2024-03-08 23:00:00+00:00,11876203.669166667,11876203.669166667
2024-03-09 00:00:00+00:00,9000218.903888889,9000218.903888889
2024-03-09 01:00:00+00:00,6275267.011388889,6275267.011388889
2024-03-09 02:00:00+00:00,6269012.416388889,6269012.416388889
2024-03-09 03:00:00+00:00,5161122.554444444,5161122.554444444
2024-03-09 04:00:00+00:00,5251023.8827777775,5251023.8827777775
2024-03-09 05:00:00+00:00,5365633.258333334,5365633.258333334
2024-03-09 06:00:00+00:00,8330693.770833333,8330693.770833333
2024-03-09 07:00:00+00:00,7264688.321388889,7264688.321388889
2024-03-09 08:00:00+00:00,8695494.564166667,0.0
2024-03-09 09:00:00+00:00,12538576.635555556,12538576.635555556
2024-03-09 10:00:00+00:00,10615111.155277776,10615111.155277776
2024-03-09 11:00:00+00:00,13801517.451666666,13801517.451666666
2024-03-09 12:00:00+00:00,12866573.551944444,0.0
2024-03-09 13:00:00+00:00,14028243.001944443,14028243.001944443
2024-03-09 14:00:00+00:00,14678466.620833334,14678466.620833334
2024-03-09 15:00:00+00:00,16324138.010833334,16324138.010833334
2024-03-09 16:00:00+00:00,17764335.538333334,17764335.538333334
2024-03-09 17:00:00+00:00,20205661.095,20205661.095
2024-03-09 18:00:00+00:00,19589941.292777777,19589941.292777777
2024-03-09 19:00:00+00:00,16999048.913333334,16999048.913333334
2024-03-09 20:00:00+00:00,18410070.8825,18410070.8825
2024-03-09 21:00:00+00:00,13962423.357777778,13962423.357777778
2024-03-09 22:00:00+00:00,13237350.07138889,13237350.07138889
2024-03-09 23:00:00+00:00,9894316.762777776,9894316.762777776
2024-03-10 00:00:00+00:00,12977563.765833331,12977563.765833331
2024-03-10 01:00:00+00:00,6978960.879722223,6978960.879722223
2024-03-10 02:00:00+00:00,3676381.086111111,3676381.086111111
2024-03-10 03:00:00+00:00,3172680.019444444,3172680.019444444
2024-03-10 04:00:00+00:00,3671928.571111111,3671928.571111111
2024-03-10 05:00:00+00:00,6741552.274444444,6741552.274444444
2024-03-10 06:00:00+00:00,4568782.307222222,4568782.307222222
2024-03-10 07:00:00+00:00,7099677.828055556,7099677.828055556
2024-03-10 08:00:00+00:00,10895592.726666668,0.0
2024-03-10 09:00:00+00:00,9437143.466666669,9437143.466666669
2024-03-10 10:00:00+00:00,11161092.415833334,11161092.415833334
2024-03-10 11:00:00+00:00,15396385.043611111,15396385.043611111
2024-03-10 12:00:00+00:00,16490995.789722225,16490995.789722225
2024-03-10 13:00:00+00:00,15115001.157777775,15115001.157777775
2024-03-10 14:00:00+00:00,13411571.525555557,0.0
2024-03-10 15:00:00+00:00,12654774.934444444,12654774.934444444
2024-03-10 16:00:00+00:00,14477036.830555556,14477036.830555556
2024-03-10 17:00:00+00:00,16462597.84861111,16462597.84861111
2024-03-10 18:00:00+00:00,13767593.445277778,13767593.445277778
2024-03-10 19:00:00+00:00,15175111.8175,0.0
2024-03-10 20:00:00+00:00,15398108.508333333,15398108.508333333
2024-03-10 21:00:00+00:00,13767835.082777778,0.0
2024-03-10 22:00:00+00:00,10409918.525833333,10409918.525833333
2024-03-10 23:00:00+00:00,9551310.200555556,9551310.200555556
2024-03-11 00:00:00+00:00,8234582.075277777,8234582.075277777
2024-03-11 01:00:00+00:00,6832783.387777777,6832783.387777777
2024-03-11 02:00:00+00:00,3737621.466666667,0.0
2024-03-11 03:00:00+00:00,7920997.651666666,0.0
2024-03-11 04:00:00+00:00,5436823.102777778,5436823.102777778
2024-03-11 05:00:00+00:00,10022472.55361111,10022472.55361111
2024-03-11 06:00:00+00:00,10652366.366944443,10652366.366944443
2024-03-11 07:00:00+00:00,12896396.11861111,12896396.11861111
2024-03-11 08:00:00+00:00,21086656.039166667,21086656.039166667
2024-03-11 09:00:00+00:00,20101394.30888889,0.0
2024-03-11 10:00:00+00:00,20873589.93166667,20873589.93166667
2024-03-11 11:00:00+00:00,19484873.138888888,19484873.138888888
2024-03-11 12:00:00+00:00,23569097.008333333,23569097.008333333
2024-03-11 13:00:00+00:00,22798537.744444445,22798537.744444445
2024-03-11 14:00:00+00:00,18269976.12055556,18269976.12055556
2024-03-11 15:00:00+00:00,20883013.624166667,20883013.624166667
2024-03-11 16:00:00+00:00,17961593.916388888,17961593.916388888
2024-03-11 17:00:00+00:00,18143792.152777776,18143792.152777776
2024-03-11 18:00:00+00:00,18398741.04222222,18398741.04222222
2024-03-11 19:00:00+00:00,19486367.333611112,19486367.333611112
2024-03-11 20:00:00+00:00,15648713.996944444,15648713.996944444
2024-03-11 21:00:00+00:00,17550400.177222222,17550400.177222222
2024-03-11 22:00:00+00:00,12421814.404444445,12421814.404444445
2024-03-11 23:00:00+00:00,9958632.3425,9958632.3425
2024-03-12 00:00:00+00:00,7035035.284166667,7035035.284166667
2024-03-12 01:00:00+00:00,5552137.634166666,5552137.634166666
2024-03-12 02:00:00+00:00,3386092.785,3386092.785
2024-03-12 03:00:00+00:00,7810459.189166667,7810459.189166667
2024-03-12 04:00:00+00:00,3749844.6113888887,3749844.6113888887
2024-03-12 05:00:00+00:00,13081876.655555556,13081876.655555556
2024-03-12 06:00:00+00:00,10016971.3075,10016971.3075
2024-03-12 07:00:00+00:00,9118976.59111111,9118976.59111111
2024-03-12 08:00:00+00:00,21956878.609166667,21956878.609166667
2024-03-12 09:00:00+00:00,20007710.736111112,20007710.736111112
2024-03-12 10:00:00+00:00,17693967.19861111,17693967.19861111
2024-03-12 11:00:00+00:00,22710758.935555555,22710758.935555555
2024-03-12 12:00:00+00:00,23009910.636666667,23009910.636666667
2024-03-12 13:00:00+00:00,31732493.428055555,31732493.428055555
2024-03-12 14:00:00+00:00,20177231.95916667,20177231.95916667
2024-03-12 15:00:00+00:00,19251390.92305556,19251390.92305556
2024-03-12 16:00:00+00:00,22653943.21555556,22653943.21555556
2024-03-12 17:00:00+00:00,18411257.92472222,18411257.92472222
2024-03-12 18:00:00+00:00,21632337.151944444,21632337.151944444
2024-03-12 19:00:00+00:00,25908795.545277774,25908795.545277774
2024-03-12 20:00:00+00:00,22653699.085833333,22653699.085833333
2024-03-12 21:00:00+00:00,35669103.68083333,35669103.68083333
2024-03-12 22:00:00+00:00,14966842.039722225,14966842.039722225
2024-03-12 23:00:00+00:00,13319302.256944444,13319302.256944444
2024-03-13 00:00:00+00:00,10900841.453611111,10900841.453611111
2024-03-13 01:00:00+00:00,17436036.09138889,0.0
2024-03-13 02:00:00+00:00,14057817.431388889,14057817.431388889
2024-03-13 03:00:00+00:00,12952496.677222222,12952496.677222222
2024-03-13 04:00:00+00:00,11228419.98027778,11228419.98027778
2024-03-13 05:00:00+00:00,13471945.524166666,13471945.524166666
2024-03-13 06:00:00+00:00,16845345.25583333,16845345.25583333
2024-03-13 07:00:00+00:00,23043119.602222223,0.0
2024-03-13 08:00:00+00:00,28810922.821666665,28810922.821666665
2024-03-13 09:00:00+00:00,26185854.871666662,26185854.871666662
2024-03-13 10:00:00+00:00,25736616.997222222,25736616.997222222
2024-03-13 11:00:00+00:00,28366607.171944443,28366607.171944443
2024-03-13 12:00:00+00:00,33359609.94083333,33359609.94083333
2024-03-13 13:00:00+00:00,25852340.703333333,25852340.703333333
2024-03-13 14:00:00+00:00,19868274.994444445,19868274.994444445
2024-03-13 15:00:00+00:00,36691303.91055556,36691303.91055556
2024-03-13 16:00:00+00:00,29152987.652222224,29152987.652222224
2024-03-13 17:00:00+00:00,21025896.682777777,21025896.682777777
2024-03-13 18:00:00+00:00,19429007.46861111,19429007.46861111
2024-03-13 19:00:00+00:00,23861912.290555555,0.0
2024-03-13 20:00:00+00:00,11526973.68638889,11526973.68638889
2024-03-13 21:00:00+00:00,7494210.024722222,0.0
2024-03-13 22:00:00+00:00,9373955.834722225,9373955.834722225
2024-03-13 23:00:00+00:00,9505275.568611111,9505275.568611111
2024-03-14 00:00:00+00:00,13793675.478611112,13793675.478611112
2024-03-14 01:00:00+00:00,6959521.608888889,6959521.608888889
2024-03-14 02:00:00+00:00,8323256.354722222,8323256.354722222
2024-03-14 03:00:00+00:00,8764647.235277778,8764647.235277778
2024-03-14 04:00:00+00:00,8634019.951666666,8634019.951666666
2024-03-14 05:00:00+00:00,13074351.819166666,13074351.819166666
2024-03-14 06:00:00+00:00,34052794.04138889,34052794.04138889
2024-03-14 07:00:00+00:00,24163712.655,24163712.655
2024-03-14 08:00:00+00:00,26081237.02972222,26081237.02972222
2024-03-14 09:00:00+00:00,24045161.50055556,24045161.50055556
2024-03-14 10:00:00+00:00,32090999.669166666,0.0
2024-03-14 11:00:00+00:00,38649372.6775,38649372.6775
2024-03-14 12:00:00+00:00,41271612.08805556,41271612.08805556
2024-03-14 13:00:00+00:00,25997902.186944444,0.0
2024-03-14 14:00:00+00:00,20559734.861111112,20559734.861111112
2024-03-14 15:00:00+00:00,14814712.421388889,14814712.421388889
2024-03-14 16:00:00+00:00,17383436.733333334,17383436.733333334
2024-03-14 17:00:00+00:00,22007348.115,22007348.115
2024-03-14 18:00:00+00:00,28761931.811944444,28761931.811944444
2024-03-14 19:00:00+00:00,15238337.742777778,15238337.742777778
2024-03-14 20:00:00+00:00,9708684.998611111,9708684.998611111
2024-03-14 21:00:00+00:00,20269376.41222222,20269376.41222222
2024-03-14 22:00:00+00:00,23583792.394444443,23583792.394444443
2024-03-14 23:00:00+00:00,8261211.095555556,8261211.095555556
2024-03-15 00:00:00+00:00,7646534.502222222,7646534.502222222
2024-03-15 01:00:00+00:00,8815801.291666666,0.0
2024-03-15 02:00:00+00:00,7131444.909722222,7131444.909722222
2024-03-15 03:00:00+00:00,3076968.8291666666,3076968.8291666666
2024-03-15 04:00:00+00:00,6698931.136111111,6698931.136111111
2024-03-15 05:00:00+00:00,7997089.810833333,7997089.810833333
2024-03-15 06:00:00+00:00,15906531.058611112,15906531.058611112
2024-03-15 07:00:00+00:00,13872768.441388888,13872768.441388888
2024-03-15 08:00:00+00:00,14550509.615833333,14550509.615833333
2024-03-15 09:00:00+00:00,11845818.368333334,0.0
2024-03-15 10:00:00+00:00,15548749.468888888,15548749.468888888
2024-03-15 11:00:00+00:00,23800775.89805556,23800775.89805556
2024-03-15 12:00:00+00:00,23940778.179166667,23940778.179166667
2024-03-15 13:00:00+00:00,31153504.142222226,0.0
2024-03-15 14:00:00+00:00,26639772.066944443,26639772.066944443
2024-03-15 15:00:00+00:00,21704649.220555555,21704649.220555555
2024-03-15 16:00:00+00:00,15916903.257222222,15916903.257222222
2024-03-15 17:00:00+00:00,17012194.54611111,17012194.54611111
2024-03-15 18:00:00+00:00,14540561.250833333,14540561.250833333
2024-03-15 19:00:00+00:00,16596604.8025,16596604.8025
2024-03-15 20:00:00+00:00,20302035.850277778,20302035.850277778
2024-03-15 21:00:00+00:00,25968993.24333333,25968993.24333333
2024-03-15 22:00:00+00:00,14850533.2675,0.0
2024-03-15 23:00:00+00:00,10104284.06,10104284.06
2024-03-16 00:00:00+00:00,8361033.754444445,8361033.754444445
2024-03-16 01:00:00+00:00,13018845.305555556,13018845.305555556
2024-03-16 02:00:00+00:00,12229477.95611111,12229477.95611111
2024-03-16 03:00:00+00:00,6010851.059166667,6010851.059166667
2024-03-16 04:00:00+00:00,5428666.345555556,5428666.345555556
2024-03-16 05:00:00+00:00,3239323.033888889,3239323.033888889
2024-03-16 06:00:00+00:00,6690971.8225,6690971.8225
2024-03-16 07:00:00+00:00,6916773.566111111,6916773.566111111
2024-03-16 08:00:00+00:00,8353758.888888889,0.0
2024-03-16 09:00:00+00:00,10894938.488611111,10894938.488611111
2024-03-16 10:00:00+00:00,9739641.325555556,9739641.325555556
2024-03-16 11:00:00+00:00,10091350.550277775,10091350.550277775
2024-03-16 12:00:00+00:00,14617030.395,14617030.395
2024-03-16 13:00:00+00:00,20782580.947777774,20782580.947777774
2024-03-16 14:00:00+00:00,20219309.28361111,20219309.28361111
2024-03-16 15:00:00+00:00,21226853.622222222,21226853.622222222
2024-03-16 16:00:00+00:00,16487021.414722225,16487021.414722225
2024-03-16 17:00:00+00:00,15443299.463333333,15443299.463333333
2024-03-16 18:00:00+00:00,12212279.079444444,12212279.079444444
2024-03-16 19:00:00+00:00,14721070.058888888,14721070.058888888
2024-03-16 20:00:00+00:00,16856439.27222222,16856439.27222222
2024-03-16 21:00:00+00:00,16206616.373055557,16206616.373055557
2024-03-16 22:00:00+00:00,13109055.801666666,0.0
2024-03-16 23:00:00+00:00,12026063.065277778,12026063.065277778
2024-03-17 00:00:00+00:00,7157043.538333333,7157043.538333333
2024-03-17 01:00:00+00:00,8290070.813055555,8290070.813055555
2024-03-17 02:00:00+00:00,7098210.082222222,7098210.082222222
2024-03-17 03:00:00+00:00,6043513.475277778,6043513.475277778
2024-03-17 04:00:00+00:00,4287024.144444444,4287024.144444444
2024-03-17 05:00:00+00:00,4005980.3127777777,4005980.3127777777
2024-03-17 06:00:00+00:00,7414679.728888889,7414679.728888889
2024-03-17 07:00:00+00:00,5380645.34,5380645.34
2024-03-17 08:00:00+00:00,8988624.0725,8988624.0725
2024-03-17 09:00:00+00:00,9765461.599166667,9765461.599166667
2024-03-17 10:00:00+00:00,9409732.331944443,9409732.331944443
2024-03-17 11:00:00+00:00,9061391.552222222,9061391.552222222
2024-03-17 12:00:00+00:00,18436521.431944445,18436521.431944445
2024-03-17 13:00:00+00:00,16186185.031111112,16186185.031111112
2024-03-17 14:00:00+00:00,23259150.12138889,23259150.12138889
2024-03-17 15:00:00+00:00,13639857.169722222,13639857.169722222
2024-03-17 16:00:00+00:00,17406067.704444446,17406067.704444446
2024-03-17 17:00:00+00:00,17025936.886944443,17025936.886944443
2024-03-17 18:00:00+00:00,20256518.004444443,20256518.004444443
2024-03-17 19:00:00+00:00,22213882.409166668,22213882.409166668
2024-03-17 20:00:00+00:00,22345632.10277778,0.0
2024-03-17 21:00:00+00:00,19962369.175,19962369.175
2024-03-17 22:00:00+00:00,12103908.62388889,0.0
2024-03-17 23:00:00+00:00,14609735.574166669,14609735.574166669
2024-03-18 00:00:00+00:00,8777978.56,8777978.56
2024-03-18 01:00:00+00:00,7592128.521666666,7592128.521666666
2024-03-18 02:00:00+00:00,6314433.043055556,6314433.043055556
2024-03-18 03:00:00+00:00,7082827.800833333,7082827.800833333
2024-03-18 04:00:00+00:00,5503275.960833333,5503275.960833333
2024-03-18 05:00:00+00:00,7099288.974444444,7099288.974444444
2024-03-18 06:00:00+00:00,8932324.693055555,8932324.693055555
2024-03-18 07:00:00+00:00,13413717.498055557,13413717.498055557
2024-03-18 08:00:00+00:00,16757569.85,16757569.85
2024-03-18 09:00:00+00:00,14359449.639444444,14359449.639444444
2024-03-18 10:00:00+00:00,15349142.919722222,15349142.919722222
2024-03-18 11:00:00+00:00,16129479.335555555,16129479.335555555
2024-03-18 12:00:00+00:00,27902827.681944445,27902827.681944445
2024-03-18 13:00:00+00:00,23443152.716944445,0.0
2024-03-18 14:00:00+00:00,23599408.40861111,23599408.40861111
2024-03-18 15:00:00+00:00,22718836.491666667,0.0
2024-03-18 16:00:00+00:00,22275745.696944445,22275745.696944445
2024-03-18 17:00:00+00:00,23709241.831944443,23709241.831944443
2024-03-18 18:00:00+00:00,32683077.570277777,32683077.570277777
2024-03-18 19:00:00+00:00,27130867.385555554,27130867.385555554
2024-03-18 20:00:00+00:00,18676483.02805556,18676483.02805556
2024-03-18 21:00:00+00:00,17841596.336944446,17841596.336944446
2024-03-18 22:00:00+00:00,18658415.72833333,0.0
2024-03-18 23:00:00+00:00,7912234.315,7912234.315
2024-03-19 00:00:00+00:00,7951001.269444444,7951001.269444444
2024-03-19 01:00:00+00:00,6414841.67,6414841.67
2024-03-19 02:00:00+00:00,5929043.470555556,5929043.470555556
2024-03-19 03:00:00+00:00,5143531.414722222,5143531.414722222
2024-03-19 04:00:00+00:00,8687141.786944445,8687141.786944445
2024-03-19 05:00:00+00:00,12208834.415,12208834.415
2024-03-19 06:00:00+00:00,17592212.079444446,17592212.079444446
2024-03-19 07:00:00+00:00,20355429.826666668,20355429.826666668
2024-03-19 08:00:00+00:00,25811463.69888889,25811463.69888889
2024-03-19 09:00:00+00:00,23768737.22583333,23768737.22583333
2024-03-19 10:00:00+00:00,27474343.246666662,27474343.246666662
2024-03-19 11:00:00+00:00,31001489.09888889,31001489.09888889
2024-03-19 12:00:00+00:00,29125328.068055555,29125328.068055555
2024-03-19 13:00:00+00:00,23629693.95444445,23629693.95444445
2024-03-19 14:00:00+00:00,14634264.531666666,14634264.531666666
2024-03-19 15:00:00+00:00,18852869.471388888,18852869.471388888
2024-03-19 16:00:00+00:00,19950914.760555554,19950914.760555554
2024-03-19 17:00:00+00:00,20510195.46055556,20510195.46055556
2024-03-19 18:00:00+00:00,20142764.238333333,20142764.238333333
2024-03-19 19:00:00+00:00,21678494.917777777,21678494.917777777
2024-03-19 20:00:00+00:00,25785861.940555558,25785861.940555558
2024-03-19 21:00:00+00:00,19246094.66861111,19246094.66861111
2024-03-19 22:00:00+00:00,14392023.6,14392023.6
2024-03-19 23:00:00+00:00,5095944.085277778,5095944.085277778
2024-03-20 00:00:00+00:00,3584915.2036111117,3584915.2036111117
2024-03-20 01:00:00+00:00,8497910.199166667,8497910.199166667
2024-03-20 02:00:00+00:00,5278151.140277778,5278151.140277778
2024-03-20 03:00:00+00:00,5651937.181111111,5651937.181111111
2024-03-20 04:00:00+00:00,5975188.373055556,5975188.373055556
2024-03-20 05:00:00+00:00,9905032.9025,9905032.9025
2024-03-20 06:00:00+00:00,14667469.005,14667469.005
2024-03-20 07:00:00+00:00,17468238.35111111,17468238.35111111
2024-03-20 08:00:00+00:00,20630565.92472222,20630565.92472222
2024-03-20 09:00:00+00:00,20398157.45055556,20398157.45055556
2024-03-20 10:00:00+00:00,24669950.680277776,24669950.680277776
2024-03-20 11:00:00+00:00,26026614.38083333,26026614.38083333
2024-03-20 12:00:00+00:00,21256127.30277778,21256127.30277778
2024-03-20 13:00:00+00:00,29352252.34583333,29352252.34583333
2024-03-20 14:00:00+00:00,27341143.0375,27341143.0375
2024-03-20 15:00:00+00:00,28288069.453333333,28288069.453333333
2024-03-20 16:00:00+00:00,17564429.73222222,17564429.73222222
2024-03-20 17:00:00+00:00,19423594.537777778,19423594.537777778
2024-03-20 18:00:00+00:00,18941064.714722224,18941064.714722224
2024-03-20 19:00:00+00:00,21336004.819166668,21336004.819166668
2024-03-20 20:00:00+00:00,23409102.229444444,23409102.229444444
2024-03-20 21:00:00+00:00,18358776.129444443,18358776.129444443
2024-03-20 22:00:00+00:00,13263738.593333334,0.0
2024-03-20 23:00:00+00:00,13570338.374444444,13570338.374444444
2024-03-21 00:00:00+00:00,8288632.364444445,8288632.364444445
2024-03-21 01:00:00+00:00,8919067.235277778,8919067.235277778
2024-03-21 02:00:00+00:00,10773522.661388887,10773522.661388887
2024-03-21 03:00:00+00:00,4075811.702777778,4075811.702777778
2024-03-21 04:00:00+00:00,5881562.187222222,0.0
2024-03-21 05:00:00+00:00,13444168.3375,0.0
2024-03-21 06:00:00+00:00,14675677.278888889,14675677.278888889
2024-03-21 07:00:00+00:00,16655950.0775,16655950.0775
2024-03-21 08:00:00+00:00,18627749.059166662,18627749.059166662
2024-03-21 09:00:00+00:00,12177661.428333333,12177661.428333333
2024-03-21 10:00:00+00:00,15223313.762222225,15223313.762222225
2024-03-21 11:00:00+00:00,19710686.399166662,19710686.399166662
2024-03-21 12:00:00+00:00,22529092.60111111,0.0
2024-03-21 13:00:00+00:00,18357864.39055556,18357864.39055556
2024-03-21 14:00:00+00:00,17480132.866388887,17480132.866388887
2024-03-21 15:00:00+00:00,18088327.25888889,18088327.25888889
2024-03-21 16:00:00+00:00,15637616.745,15637616.745
2024-03-21 17:00:00+00:00,18157269.61972222,18157269.61972222
2024-03-21 18:00:00+00:00,19329476.07388889,19329476.07388889
2024-03-21 19:00:00+00:00,19436850.8525,0.0
2024-03-21 20:00:00+00:00,19317964.073055554,19317964.073055554
2024-03-21 21:00:00+00:00,15322644.811944444,15322644.811944444
2024-03-21 22:00:00+00:00,11638423.540277775,11638423.540277775
2024-03-21 23:00:00+00:00,10242912.486111112,10242912.486111112
2024-03-22 00:00:00+00:00,6723551.627222222,6723551.627222222
2024-03-22 01:00:00+00:00,5807604.591111111,5807604.591111111
2024-03-22 02:00:00+00:00,5253717.003888889,5253717.003888889
2024-03-22 03:00:00+00:00,5580714.961388889,5580714.961388889
2024-03-22 04:00:00+00:00,6325979.511111111,6325979.511111111
2024-03-22 05:00:00+00:00,9326030.526111113,9326030.526111113
2024-03-22 06:00:00+00:00,16271851.725833334,0.0
2024-03-22 07:00:00+00:00,15605342.915555555,15605342.915555555
2024-03-22 08:00:00+00:00,22264671.46138889,22264671.46138889
2024-03-22 09:00:00+00:00,16199419.056388889,16199419.056388889
2024-03-22 10:00:00+00:00,17480882.63777778,17480882.63777778
2024-03-22 11:00:00+00:00,19193029.21,19193029.21
2024-03-22 12:00:00+00:00,13814398.154722225,13814398.154722225
2024-03-22 13:00:00+00:00,19025655.27444445,19025655.27444445
2024-03-22 14:00:00+00:00,14153465.934166666,14153465.934166666
2024-03-22 15:00:00+00:00,10574991.499722222,0.0
2024-03-22 16:00:00+00:00,10638424.168333331,10638424.168333331
2024-03-22 17:00:00+00:00,10689114.434444444,0.0
2024-03-22 18:00:00+00:00,12142091.790833334,12142091.790833334
2024-03-22 19:00:00+00:00,11343051.17111111,11343051.17111111
2024-03-22 20:00:00+00:00,9686856.856666667,9686856.856666667
2024-03-22 21:00:00+00:00,9495288.692777775,0.0
2024-03-22 22:00:00+00:00,11067137.284444444,11067137.284444444
2024-03-22 23:00:00+00:00,9458961.439166669,9458961.439166669
2024-03-23 00:00:00+00:00,3879534.9266666663,3879534.9266666663
2024-03-23 01:00:00+00:00,3045503.133888889,3045503.133888889
2024-03-23 02:00:00+00:00,3800302.1658333335,0.0
2024-03-23 03:00:00+00:00,1781362.6863888889,1781362.6863888889
2024-03-23 04:00:00+00:00,4761025.412222222,4761025.412222222
2024-03-23 05:00:00+00:00,3065436.978333333,3065436.978333333
2024-03-23 06:00:00+00:00,3361015.101388889,3361015.101388889
2024-03-23 07:00:00+00:00,5022717.784722222,5022717.784722222
2024-03-23 08:00:00+00:00,5368167.264722222,5368167.264722222
2024-03-23 09:00:00+00:00,6447523.585277778,0.0
2024-03-23 10:00:00+00:00,8546662.999444444,8546662.999444444
2024-03-23 11:00:00+00:00,20914953.79638889,20914953.79638889
2024-03-23 12:00:00+00:00,10269668.914444445,0.0
2024-03-23 13:00:00+00:00,11290140.16638889,0.0
2024-03-23 14:00:00+00:00,15372124.56361111,15372124.56361111
2024-03-23 15:00:00+00:00,10187040.926944444,10187040.926944444
2024-03-23 16:00:00+00:00,13140853.764166666,13140853.764166666
2024-03-23 17:00:00+00:00,10408616.937777778,10408616.937777778
2024-03-23 18:00:00+00:00,9920094.106944444,9920094.106944444
2024-03-23 19:00:00+00:00,9299557.934444444,9299557.934444444
2024-03-23 20:00:00+00:00,12218491.10638889,12218491.10638889
2024-03-23 21:00:00+00:00,8214521.181666667,8214521.181666667
2024-03-23 22:00:00+00:00,6747689.032222223,6747689.032222223
2024-03-23 23:00:00+00:00,5286555.48,5286555.48
2024-03-24 00:00:00+00:00,5998120.016111111,5998120.016111111
2024-03-24 01:00:00+00:00,3673494.461388889,3673494.461388889
2024-03-24 02:00:00+00:00,7373445.777222223,7373445.777222223
2024-03-24 03:00:00+00:00,5916817.9025,5916817.9025
2024-03-24 04:00:00+00:00,7152414.351944445,7152414.351944445
2024-03-24 05:00:00+00:00,7628009.833611111,7628009.833611111
2024-03-24 06:00:00+00:00,5374632.193333333,0.0
2024-03-24 07:00:00+00:00,7239334.409166667,7239334.409166667
2024-03-24 08:00:00+00:00,9559694.095555555,9559694.095555555
2024-03-24 09:00:00+00:00,11622738.476388888,11622738.476388888
2024-03-24 10:00:00+00:00,8607735.691944445,8607735.691944445
2024-03-24 11:00:00+00:00,8039033.970833333,0.0
2024-03-24 12:00:00+00:00,8300061.683333334,8300061.683333334
2024-03-24 13:00:00+00:00,8007158.446388889,8007158.446388889
2024-03-24 14:00:00+00:00,8063235.323333333,8063235.323333333
2024-03-24 15:00:00+00:00,7984555.621944444,7984555.621944444
2024-03-24 16:00:00+00:00,9627191.665555555,9627191.665555555
2024-03-24 17:00:00+00:00,8280151.684166667,8280151.684166667
2024-03-24 18:00:00+00:00,15491523.919166667,15491523.919166667
2024-03-24 19:00:00+00:00,10506206.051111111,10506206.051111111
2024-03-24 20:00:00+00:00,12770012.968888888,12770012.968888888
2024-03-24 21:00:00+00:00,9843625.131111111,9843625.131111111
2024-03-24 22:00:00+00:00,8182775.5755555555,8182775.5755555555
2024-03-24 23:00:00+00:00,4798918.519444444,4798918.519444444
2024-03-25 00:00:00+00:00,4393308.768333334,4393308.768333334
2024-03-25 01:00:00+00:00,4738650.863888889,4738650.863888889
2024-03-25 02:00:00+00:00,3769136.605,3769136.605
2024-03-25 03:00:00+00:00,2997738.7047222224,2997738.7047222224
2024-03-25 04:00:00+00:00,3655872.424722222,3655872.424722222
2024-03-25 05:00:00+00:00,5909080.461111112,5909080.461111112
2024-03-25 06:00:00+00:00,9550765.623333331,9550765.623333331
2024-03-25 07:00:00+00:00,11832312.286666667,11832312.286666667
2024-03-25 08:00:00+00:00,13386938.120277775,13386938.120277775
2024-03-25 09:00:00+00:00,14719972.40361111,14719972.40361111
2024-03-25 10:00:00+00:00,14886381.146666666,14886381.146666666
2024-03-25 11:00:00+00:00,14796582.808333334,14796582.808333334
2024-03-25 12:00:00+00:00,20367034.54305556,20367034.54305556
2024-03-25 13:00:00+00:00,13316636.2475,13316636.2475
2024-03-25 14:00:00+00:00,16306728.139722222,16306728.139722222
2024-03-25 15:00:00+00:00,17807578.88777778,17807578.88777778
2024-03-25 16:00:00+00:00,19651125.8475,19651125.8475
2024-03-25 17:00:00+00:00,19084606.468333334,19084606.468333334
2024-03-25 18:00:00+00:00,19551763.029166665,19551763.029166665
2024-03-25 19:00:00+00:00,17229127.70527778,17229127.70527778
2024-03-25 20:00:00+00:00,16025845.718055556,16025845.718055556
2024-03-25 21:00:00+00:00,13507245.8925,13507245.8925
2024-03-25 22:00:00+00:00,14911572.255277775,14911572.255277775
2024-03-25 23:00:00+00:00,10238016.856666667,10238016.856666667
2024-03-26 00:00:00+00:00,6281817.9175,6281817.9175
2024-03-26 01:00:00+00:00,5414367.010833333,5414367.010833333
2024-03-26 02:00:00+00:00,7845297.853333333,7845297.853333333
2024-03-26 03:00:00+00:00,5167734.665,5167734.665
2024-03-26 04:00:00+00:00,7282929.805277778,7282929.805277778
2024-03-26 05:00:00+00:00,10846898.805277778,10846898.805277778
2024-03-26 06:00:00+00:00,15567916.83638889,15567916.83638889
2024-03-26 07:00:00+00:00,16576027.038888888,16576027.038888888
2024-03-26 08:00:00+00:00,21033359.10722222,21033359.10722222
2024-03-26 09:00:00+00:00,20030943.95444445,20030943.95444445
2024-03-26 10:00:00+00:00,20182218.26694445,20182218.26694445
2024-03-26 11:00:00+00:00,22520118.70222222,22520118.70222222
2024-03-26 12:00:00+00:00,22554231.279444445,22554231.279444445
2024-03-26 13:00:00+00:00,25361080.854166668,25361080.854166668
2024-03-26 14:00:00+00:00,27172404.85888889,27172404.85888889
2024-03-26 15:00:00+00:00,22582796.951944444,22582796.951944444
2024-03-26 16:00:00+00:00,21761886.277777776,21761886.277777776
2024-03-26 17:00:00+00:00,20837047.17277778,20837047.17277778
2024-03-26 18:00:00+00:00,19213139.142222226,19213139.142222226
2024-03-26 19:00:00+00:00,19657800.08694445,0.0
2024-03-26 20:00:00+00:00,19236109.934722222,19236109.934722222
2024-03-26 21:00:00+00:00,17502625.678888887,17502625.678888887
2024-03-26 22:00:00+00:00,15647598.282222224,15647598.282222224
2024-03-26 23:00:00+00:00,11380510.8,11380510.8
2024-03-27 00:00:00+00:00,17362788.090277776,17362788.090277776
2024-03-27 01:00:00+00:00,11976683.404166669,11976683.404166669
2024-03-27 02:00:00+00:00,7338410.082222222,7338410.082222222
2024-03-27 03:00:00+00:00,11902015.705,11902015.705
2024-03-27 04:00:00+00:00,12020951.855555557,12020951.855555557
2024-03-27 05:00:00+00:00,13875772.076944444,13875772.076944444
2024-03-27 06:00:00+00:00,19685665.35111111,19685665.35111111
2024-03-27 07:00:00+00:00,26967098.29916667,26967098.29916667
2024-03-27 08:00:00+00:00,24578807.559166662,24578807.559166662
2024-03-27 09:00:00+00:00,26175146.728055555,0.0
2024-03-27 10:00:00+00:00,25664047.642222226,25664047.642222226
2024-03-27 11:00:00+00:00,26933121.65,26933121.65
2024-03-27 12:00:00+00:00,24714008.49111111,24714008.49111111
2024-03-27 13:00:00+00:00,23861979.215,23861979.215
2024-03-27 14:00:00+00:00,27814999.963055555,27814999.963055555
2024-03-27 15:00:00+00:00,25479401.25388889,25479401.25388889
2024-03-27 16:00:00+00:00,22387519.29,22387519.29
2024-03-27 17:00:00+00:00,21266084.55666667,21266084.55666667
2024-03-27 18:00:00+00:00,19329524.546944443,19329524.546944443
2024-03-27 19:00:00+00:00,16004498.801944444,16004498.801944444
2024-03-27 20:00:00+00:00,14903170.953611111,14903170.953611111
2024-03-27 21:00:00+00:00,14931971.851388888,14931971.851388888
2024-03-27 22:00:00+00:00,22807976.445833333,22807976.445833333
2024-03-27 23:00:00+00:00,9963746.646666666,9963746.646666666
2024-03-28 00:00:00+00:00,6459765.670555555,6459765.670555555
2024-03-28 01:00:00+00:00,9588727.705,9588727.705
2024-03-28 02:00:00+00:00,4337777.948333333,0.0
2024-03-28 03:00:00+00:00,6102683.974444444,6102683.974444444
2024-03-28 04:00:00+00:00,11509322.227222225,11509322.227222225
2024-03-28 05:00:00+00:00,9674873.086944444,9674873.086944444
2024-03-28 06:00:00+00:00,17139444.38611111,17139444.38611111
2024-03-28 07:00:00+00:00,19205277.85833333,19205277.85833333
2024-03-28 08:00:00+00:00,25196574.66388889,25196574.66388889
2024-03-28 09:00:00+00:00,21809317.2,21809317.2
2024-03-28 10:00:00+00:00,20964742.152222224,20964742.152222224
2024-03-28 11:00:00+00:00,23594125.10083333,23594125.10083333
2024-03-28 12:00:00+00:00,19949695.1625,19949695.1625
2024-03-28 13:00:00+00:00,38049556.86416667,38049556.86416667
2024-03-28 14:00:00+00:00,20132118.70833333,20132118.70833333
2024-03-28 15:00:00+00:00,18543067.933333334,18543067.933333334
2024-03-28 16:00:00+00:00,13321136.651944444,13321136.651944444
2024-03-28 17:00:00+00:00,12804386.125555556,12804386.125555556
2024-03-28 18:00:00+00:00,10961511.376944443,10961511.376944443
2024-03-28 19:00:00+00:00,11310457.329722222,11310457.329722222
2024-03-28 20:00:00+00:00,9636921.661388887,9636921.661388887
2024-03-28 21:00:00+00:00,19072843.787777778,19072843.787777778
2024-03-28 22:00:00+00:00,9491100.685833331,9491100.685833331
2024-03-28 23:00:00+00:00,7720961.388888889,7720961.388888889
2024-03-29 00:00:00+00:00,6548807.7577777775,6548807.7577777775
2024-03-29 01:00:00+00:00,4703282.673888889,4703282.673888889
2024-03-29 02:00:00+00:00,7565760.758888889,7565760.758888889
2024-03-29 03:00:00+00:00,5081034.871666667,5081034.871666667
2024-03-29 04:00:00+00:00,5292013.526388889,5292013.526388889
2024-03-29 05:00:00+00:00,8433871.61861111,8433871.61861111
2024-03-29 06:00:00+00:00,6011744.085,6011744.085
2024-03-29 07:00:00+00:00,8402497.84861111,8402497.84861111
2024-03-29 08:00:00+00:00,10965897.641111111,0.0
2024-03-29 09:00:00+00:00,11004189.851944445,11004189.851944445
2024-03-29 10:00:00+00:00,9700990.354166666,9700990.354166666
2024-03-29 11:00:00+00:00,10224759.192222225,10224759.192222225
2024-03-29 12:00:00+00:00,11346122.317222225,11346122.317222225
2024-03-29 13:00:00+00:00,13946881.981111111,13946881.981111111
2024-03-29 14:00:00+00:00,12207556.739722222,12207556.739722222
2024-03-29 15:00:00+00:00,16707145.100555556,0.0
2024-03-29 16:00:00+00:00,15358915.076111112,15358915.076111112
2024-03-29 17:00:00+00:00,8811284.45388889,8811284.45388889
2024-03-29 18:00:00+00:00,11349444.041111112,11349444.041111112
2024-03-29 19:00:00+00:00,11251335.22,0.0
2024-03-29 20:00:00+00:00,8157016.306944445,8157016.306944445
2024-03-29 21:00:00+00:00,8532570.49361111,8532570.49361111
2024-03-29 22:00:00+00:00,4944577.3725,4944577.3725
2024-03-29 23:00:00+00:00,7123271.131666667,7123271.131666667
2024-03-30 00:00:00+00:00,5261383.345277778,5261383.345277778
2024-03-30 01:00:00+00:00,3659114.0022222223,3659114.0022222223
2024-03-30 02:00:00+00:00,3008006.273888889,3008006.273888889
2024-03-30 03:00:00+00:00,2893704.918888889,2893704.918888889
2024-03-30 04:00:00+00:00,3002543.052222222,0.0
2024-03-30 05:00:00+00:00,3161902.8119444447,3161902.8119444447
2024-03-30 06:00:00+00:00,4349145.699166667,0.0
2024-03-30 07:00:00+00:00,4377725.636111111,4377725.636111111
2024-03-30 08:00:00+00:00,7248256.159722222,7248256.159722222
2024-03-30 09:00:00+00:00,8713309.397222223,8713309.397222223
2024-03-30 10:00:00+00:00,4920070.63,4920070.63
2024-03-30 11:00:00+00:00,6176389.095277778,6176389.095277778
2024-03-30 12:00:00+00:00,6634185.9125,6634185.9125
2024-03-30 13:00:00+00:00,6803899.873333333,6803899.873333333
2024-03-30 14:00:00+00:00,8443759.28611111,8443759.28611111
2024-03-30 15:00:00+00:00,5736339.475277778,0.0
2024-03-30 16:00:00+00:00,7202361.673333333,7202361.673333333
2024-03-30 17:00:00+00:00,6874108.693333333,6874108.693333333
2024-03-30 18:00:00+00:00,7646732.270277778,7646732.270277778
2024-03-30 19:00:00+00:00,7006307.340277778,7006307.340277778
2024-03-30 20:00:00+00:00,5179915.439444444,5179915.439444444
2024-03-30 21:00:00+00:00,6080703.081666667,6080703.081666667
2024-03-30 22:00:00+00:00,4246000.140833333,4246000.140833333
2024-03-30 23:00:00+00:00,3091390.6180555555,3091390.6180555555
2024-03-31 00:00:00+00:00,2491175.0594444443,2491175.0594444443
2024-03-31 01:00:00+00:00,5651168.823333333,5651168.823333333
2024-03-31 02:00:00+00:00,3372694.265277778,3372694.265277778
2024-03-31 03:00:00+00:00,2477104.3055555555,2477104.3055555555
2024-03-31 04:00:00+00:00,5095879.636388889,5095879.636388889
2024-03-31 05:00:00+00:00,3344941.655277778,3344941.655277778
2024-03-31 06:00:00+00:00,4030096.443611111,4030096.443611111
2024-03-31 07:00:00+00:00,4625918.343611111,4625918.343611111
2024-03-31 08:00:00+00:00,6525799.425833333,6525799.425833333
2024-03-31 09:00:00+00:00,9805357.230555557,9805357.230555557
2024-03-31 10:00:00+00:00,6947736.438055555,6947736.438055555
2024-03-31 11:00:00+00:00,10887453.161388887,10887453.161388887
2024-03-31 12:00:00+00:00,9270861.23027778,9270861.23027778
2024-03-31 13:00:00+00:00,9949792.466944445,0.0
2024-03-31 14:00:00+00:00,9943064.607777778,9943064.607777778
2024-03-31 15:00:00+00:00,8066566.937222222,0.0
2024-03-31 16:00:00+00:00,10245383.6,10245383.6
2024-03-31 17:00:00+00:00,9497122.41888889,9497122.41888889
2024-03-31 18:00:00+00:00,11131748.079444444,11131748.079444444
2024-03-31 19:00:00+00:00,9236990.753888888,9236990.753888888
2024-03-31 20:00:00+00:00,16422298.994166669,16422298.994166669
2024-03-31 21:00:00+00:00,6866873.975555556,6866873.975555556
2024-03-31 22:00:00+00:00,5389253.503333333,5389253.503333333
2024-03-31 23:00:00+00:00,4683669.520833333,4683669.520833333
2024-04-01 00:00:00+00:00,4454970.408333333,4454970.408333333
2024-04-01 01:00:00+00:00,7175115.076944444,7175115.076944444
2024-04-01 02:00:00+00:00,4238339.887777777,4238339.887777777
2024-04-01 03:00:00+00:00,5388231.146388889,5388231.146388889
2024-04-01 04:00:00+00:00,4293591.133611111,4293591.133611111
2024-04-01 05:00:00+00:00,5014482.130833333,5014482.130833333
2024-04-01 06:00:00+00:00,6223627.623611111,6223627.623611111
2024-04-01 07:00:00+00:00,9011568.884166667,9011568.884166667
2024-04-01 08:00:00+00:00,8231490.791666667,0.0
2024-04-01 09:00:00+00:00,9230465.529166669,9230465.529166669
2024-04-01 10:00:00+00:00,9044737.655277776,9044737.655277776
2024-04-01 11:00:00+00:00,11881436.587222222,11881436.587222222
2024-04-01 12:00:00+00:00,8528298.910555556,8528298.910555556
2024-04-01 13:00:00+00:00,10114729.983333332,10114729.983333332
2024-04-01 14:00:00+00:00,11584482.616666667,11584482.616666667
2024-04-01 15:00:00+00:00,17094888.07388889,17094888.07388889
2024-04-01 16:00:00+00:00,13676944.59972222,13676944.59972222
2024-04-01 17:00:00+00:00,13442960.142222222,13442960.142222222
2024-04-01 18:00:00+00:00,12894445.954722222,0.0
2024-04-01 19:00:00+00:00,11918758.271944445,11918758.271944445
2024-04-01 20:00:00+00:00,14892678.647222225,14892678.647222225
2024-04-01 21:00:00+00:00,9036472.6575,9036472.6575
2024-04-01 22:00:00+00:00,15597694.819444444,0.0
2024-04-01 23:00:00+00:00,4853330.940833333,4853330.940833333
2024-04-02 00:00:00+00:00,8535704.230277779,8535704.230277779
2024-04-02 01:00:00+00:00,3947251.137222222,3947251.137222222
2024-04-02 02:00:00+00:00,8067377.935833333,8067377.935833333
2024-04-02 03:00:00+00:00,10983800.349444443,10983800.349444443
2024-04-02 04:00:00+00:00,14222866.639722222,14222866.639722222
2024-04-02 05:00:00+00:00,25908616.13611111,25908616.13611111
2024-04-02 06:00:00+00:00,23154745.85638889,23154745.85638889
2024-04-02 07:00:00+00:00,18014338.439166665,18014338.439166665
2024-04-02 08:00:00+00:00,18089137.4875,0.0
2024-04-02 09:00:00+00:00,19496918.14388889,19496918.14388889
2024-04-02 10:00:00+00:00,22942046.53861111,22942046.53861111
2024-04-02 11:00:00+00:00,19219723.093333334,0.0
2024-04-02 12:00:00+00:00,16588744.453055557,16588744.453055557
2024-04-02 13:00:00+00:00,16087164.057222225,16087164.057222225
2024-04-02 14:00:00+00:00,15678465.371388888,15678465.371388888
2024-04-02 15:00:00+00:00,17614780.970833335,17614780.970833335
2024-04-02 16:00:00+00:00,21299354.64638889,21299354.64638889
2024-04-02 17:00:00+00:00,17279829.63611111,17279829.63611111
2024-04-02 18:00:00+00:00,13847236.322777778,13847236.322777778
2024-04-02 19:00:00+00:00,11370304.40138889,11370304.40138889
2024-04-02 20:00:00+00:00,9311587.415277775,9311587.415277775
2024-04-02 21:00:00+00:00,9875485.325,9875485.325
2024-04-02 22:00:00+00:00,5820007.399166667,5820007.399166667
2024-04-02 23:00:00+00:00,4306189.391666667,4306189.391666667
2024-04-03 00:00:00+00:00,4189751.295,0.0
2024-04-03 01:00:00+00:00,3861867.376111111,3861867.376111111
2024-04-03 02:00:00+00:00,7635025.182222222,7635025.182222222
2024-04-03 03:00:00+00:00,9992206.865833333,9992206.865833333
2024-04-03 04:00:00+00:00,14647832.508333333,14647832.508333333
2024-04-03 05:00:00+00:00,17233763.847777776,17233763.847777776
2024-04-03 06:00:00+00:00,19296977.57888889,19296977.57888889
2024-04-03 07:00:00+00:00,24694479.07055556,24694479.07055556
2024-04-03 08:00:00+00:00,24869257.124722224,0.0
2024-04-03 09:00:00+00:00,21955477.590277776,0.0
2024-04-03 10:00:00+00:00,28450507.721666668,28450507.721666668
2024-04-03 11:00:00+00:00,27367173.957222223,27367173.957222223
2024-04-03 12:00:00+00:00,24349824.20388889,24349824.20388889
2024-04-03 13:00:00+00:00,19757684.489722226,19757684.489722226
2024-04-03 14:00:00+00:00,21211791.463055555,21211791.463055555
2024-04-03 15:00:00+00:00,18875846.43222222,18875846.43222222
2024-04-03 16:00:00+00:00,20167860.0275,20167860.0275
2024-04-03 17:00:00+00:00,27669309.24833333,27669309.24833333
2024-04-03 18:00:00+00:00,28181651.639444444,28181651.639444444
2024-04-03 19:00:00+00:00,16830084.928888887,16830084.928888887
2024-04-03 20:00:00+00:00,12779808.809722222,12779808.809722222
2024-04-03 21:00:00+00:00,9749203.650833333,9749203.650833333
2024-04-03 22:00:00+00:00,5579925.111666666,5579925.111666666
2024-04-03 23:00:00+00:00,4487620.660833334,4487620.660833334
2024-04-04 00:00:00+00:00,6608992.879166666,6608992.879166666
2024-04-04 01:00:00+00:00,4601952.3533333335,4601952.3533333335
2024-04-04 02:00:00+00:00,6736919.8975,6736919.8975
2024-04-04 03:00:00+00:00,9413198.479444444,9413198.479444444
2024-04-04 04:00:00+00:00,18440971.435555555,0.0
2024-04-04 05:00:00+00:00,17757069.29083333,17757069.29083333
2024-04-04 06:00:00+00:00,21364777.029166665,21364777.029166665
2024-04-04 07:00:00+00:00,20450775.14638889,20450775.14638889
2024-04-04 08:00:00+00:00,19175553.633333333,19175553.633333333
2024-04-04 09:00:00+00:00,22005775.081666667,0.0
2024-04-04 10:00:00+00:00,32913477.437222224,32913477.437222224
2024-04-04 11:00:00+00:00,19030359.739722226,19030359.739722226
2024-04-04 12:00:00+00:00,20968108.570833333,20968108.570833333
2024-04-04 13:00:00+00:00,15119274.126666669,15119274.126666669
2024-04-04 14:00:00+00:00,14108584.589166667,14108584.589166667
2024-04-04 15:00:00+00:00,20304719.388888888,20304719.388888888
2024-04-04 16:00:00+00:00,15955358.48027778,15955358.48027778
2024-04-04 17:00:00+00:00,18471271.80805556,18471271.80805556
2024-04-04 18:00:00+00:00,16760615.215,16760615.215
2024-04-04 19:00:00+00:00,14922531.999722222,0.0
2024-04-04 20:00:00+00:00,12516027.595,0.0
2024-04-04 21:00:00+00:00,10375856.715,0.0
2024-04-04 22:00:00+00:00,11176171.729722222,11176171.729722222
2024-04-04 23:00:00+00:00,6896774.32,6896774.32
2024-04-05 00:00:00+00:00,5306692.346666667,5306692.346666667
2024-04-05 01:00:00+00:00,6285913.0275,6285913.0275
2024-04-05 02:00:00+00:00,6444924.058611111,6444924.058611111
2024-04-05 03:00:00+00:00,10156442.263888888,10156442.263888888
2024-04-05 04:00:00+00:00,11681605.604722222,11681605.604722222
2024-04-05 05:00:00+00:00,14750008.389444444,14750008.389444444
2024-04-05 06:00:00+00:00,19558542.182777777,19558542.182777777
2024-04-05 07:00:00+00:00,18328876.11527778,18328876.11527778
2024-04-05 08:00:00+00:00,15401770.904444445,15401770.904444445
2024-04-05 09:00:00+00:00,18459618.886666667,0.0
2024-04-05 10:00:00+00:00,15454853.70861111,15454853.70861111
2024-04-05 11:00:00+00:00,18334424.90083333,18334424.90083333
2024-04-05 12:00:00+00:00,14671272.413055556,14671272.413055556
2024-04-05 13:00:00+00:00,16189348.11,16189348.11
2024-04-05 14:00:00+00:00,11613243.748055557,11613243.748055557
2024-04-05 15:00:00+00:00,15118674.465277778,15118674.465277778
2024-04-05 16:00:00+00:00,13446797.584166666,13446797.584166666
2024-04-05 17:00:00+00:00,11978034.754166666,11978034.754166666
2024-04-05 18:00:00+00:00,11075885.76972222,11075885.76972222
2024-04-05 19:00:00+00:00,15305594.974166667,0.0
2024-04-05 20:00:00+00:00,11410211.080555556,11410211.080555556
2024-04-05 21:00:00+00:00,8597284.186111111,8597284.186111111
2024-04-05 22:00:00+00:00,8150211.161388889,8150211.161388889
2024-04-05 23:00:00+00:00,9757793.096944444,9757793.096944444
2024-04-06 00:00:00+00:00,10999125.853333334,10999125.853333334
2024-04-06 01:00:00+00:00,8700094.681388889,8700094.681388889
2024-04-06 02:00:00+00:00,7892307.508333334,7892307.508333334
2024-04-06 03:00:00+00:00,7924009.695833334,7924009.695833334
2024-04-06 04:00:00+00:00,8034661.628333333,0.0
2024-04-06 05:00:00+00:00,11876399.807777775,11876399.807777775
2024-04-06 06:00:00+00:00,13821676.038055556,13821676.038055556
2024-04-06 07:00:00+00:00,14933221.46277778,0.0
2024-04-06 08:00:00+00:00,14649617.923888888,14649617.923888888
2024-04-06 09:00:00+00:00,12172610.009166667,12172610.009166667
2024-04-06 10:00:00+00:00,12302885.488333331,12302885.488333331
2024-04-06 11:00:00+00:00,12138210.2675,12138210.2675
2024-04-06 12:00:00+00:00,11334559.72611111,11334559.72611111
2024-04-06 13:00:00+00:00,13973347.191388888,0.0
2024-04-06 14:00:00+00:00,13430402.475833334,13430402.475833334
2024-04-06 15:00:00+00:00,16194143.753611112,16194143.753611112
2024-04-06 16:00:00+00:00,14833284.735,0.0
2024-04-06 17:00:00+00:00,17912011.045,0.0
2024-04-06 18:00:00+00:00,15682492.853333334,0.0
2024-04-06 19:00:00+00:00,6674862.8575,6674862.8575
2024-04-06 20:00:00+00:00,12837492.392777778,12837492.392777778
2024-04-06 21:00:00+00:00,11538471.999166667,11538471.999166667
2024-04-06 22:00:00+00:00,9200249.340277778,9200249.340277778
2024-04-06 23:00:00+00:00,6175675.098333334,6175675.098333334
2024-04-07 00:00:00+00:00,5233871.961944444,5233871.961944444
2024-04-07 01:00:00+00:00,6583273.154166667,6583273.154166667
2024-04-07 02:00:00+00:00,7398368.115833334,7398368.115833334
2024-04-07 03:00:00+00:00,6715012.3875,6715012.3875
2024-04-07 04:00:00+00:00,8106779.525,8106779.525
2024-04-07 05:00:00+00:00,9964390.469722224,9964390.469722224
2024-04-07 06:00:00+00:00,10383845.942222225,10383845.942222225
2024-04-07 07:00:00+00:00,13680154.55611111,13680154.55611111
2024-04-07 08:00:00+00:00,8806984.176111111,0.0
2024-04-07 09:00:00+00:00,8194522.868055556,8194522.868055556
2024-04-07 10:00:00+00:00,7250602.836388889,0.0
2024-04-07 11:00:00+00:00,7637197.266111111,7637197.266111111
2024-04-07 12:00:00+00:00,10124248.8825,10124248.8825
2024-04-07 13:00:00+00:00,11244741.329444444,11244741.329444444
2024-04-07 14:00:00+00:00,11376783.677222222,11376783.677222222
2024-04-07 15:00:00+00:00,11623539.928888887,11623539.928888887
2024-04-07 16:00:00+00:00,13292510.534722222,13292510.534722222
2024-04-07 17:00:00+00:00,13163202.236666666,13163202.236666666
2024-04-07 18:00:00+00:00,16443862.641944444,16443862.641944444
2024-04-07 19:00:00+00:00,16142561.478055555,16142561.478055555
2024-04-07 20:00:00+00:00,8482358.0675,8482358.0675
2024-04-07 21:00:00+00:00,9808456.595277775,9808456.595277775
2024-04-07 22:00:00+00:00,5985955.125,5985955.125
2024-04-07 23:00:00+00:00,5656873.162777778,5656873.162777778
2024-04-08 00:00:00+00:00,5263754.694166667,5263754.694166667
2024-04-08 01:00:00+00:00,5593493.03,5593493.03
2024-04-08 02:00:00+00:00,5486516.13,5486516.13
2024-04-08 03:00:00+00:00,8320816.347222222,8320816.347222222
2024-04-08 04:00:00+00:00,11341341.736388888,11341341.736388888
2024-04-08 05:00:00+00:00,13696320.528333334,13696320.528333334
2024-04-08 06:00:00+00:00,14666282.770555556,14666282.770555556
2024-04-08 07:00:00+00:00,12642731.33,12642731.33
2024-04-08 08:00:00+00:00,14206303.91888889,14206303.91888889
2024-04-08 09:00:00+00:00,16692024.651944444,16692024.651944444
2024-04-08 10:00:00+00:00,17353913.264444444,17353913.264444444
2024-04-08 11:00:00+00:00,13964714.668333331,13964714.668333331
2024-04-08 12:00:00+00:00,14193888.865833333,0.0
2024-04-08 13:00:00+00:00,14613266.833333334,14613266.833333334
2024-04-08 14:00:00+00:00,12858519.479722222,12858519.479722222
2024-04-08 15:00:00+00:00,13365664.934444444,13365664.934444444
2024-04-08 16:00:00+00:00,14158670.039444445,14158670.039444445
2024-04-08 17:00:00+00:00,17283509.603888888,17283509.603888888
2024-04-08 18:00:00+00:00,16360799.768333333,16360799.768333333
2024-04-08 19:00:00+00:00,14099881.986111112,14099881.986111112
2024-04-08 20:00:00+00:00,14167912.806666669,14167912.806666669
2024-04-08 21:00:00+00:00,12633616.946666667,12633616.946666667
2024-04-08 22:00:00+00:00,4986745.061388889,4986745.061388889
2024-04-08 23:00:00+00:00,4802315.835,4802315.835
2024-04-09 00:00:00+00:00,9034065.71611111,9034065.71611111
2024-04-09 01:00:00+00:00,5201591.659722222,5201591.659722222
2024-04-09 02:00:00+00:00,10845099.5275,10845099.5275
2024-04-09 03:00:00+00:00,16141308.5025,16141308.5025
2024-04-09 04:00:00+00:00,19376292.545555554,19376292.545555554
2024-04-09 05:00:00+00:00,19066425.45388889,19066425.45388889
2024-04-09 06:00:00+00:00,21473342.49861111,21473342.49861111
2024-04-09 07:00:00+00:00,22264622.34138889,22264622.34138889
2024-04-09 08:00:00+00:00,21495907.67111111,21495907.67111111
2024-04-09 09:00:00+00:00,30441322.944444444,30441322.944444444
2024-04-09 10:00:00+00:00,21885314.39111111,21885314.39111111
2024-04-09 11:00:00+00:00,19689566.511944443,0.0
2024-04-09 12:00:00+00:00,17777100.433333334,17777100.433333334
2024-04-09 13:00:00+00:00,18568964.875833333,18568964.875833333
2024-04-09 14:00:00+00:00,18079866.215277776,18079866.215277776
2024-04-09 15:00:00+00:00,17698129.495555557,17698129.495555557
2024-04-09 16:00:00+00:00,15461033.969166666,15461033.969166666
2024-04-09 17:00:00+00:00,14866290.945833333,14866290.945833333
2024-04-09 18:00:00+00:00,12635837.389166666,12635837.389166666
2024-04-09 19:00:00+00:00,12583781.67638889,12583781.67638889
2024-04-09 20:00:00+00:00,10259443.699722225,0.0
2024-04-09 21:00:00+00:00,7155604.625,7155604.625
2024-04-09 22:00:00+00:00,7099389.541666667,7099389.541666667
2024-04-09 23:00:00+00:00,3663996.2225,3663996.2225
2024-04-10 00:00:00+00:00,6212855.100277778,6212855.100277778
2024-04-10 01:00:00+00:00,5846993.851666667,5846993.851666667
2024-04-10 02:00:00+00:00,7305203.079444445,0.0
2024-04-10 03:00:00+00:00,9538914.616944443,0.0
2024-04-10 04:00:00+00:00,12677177.952777777,12677177.952777777
2024-04-10 05:00:00+00:00,17082535.5775,17082535.5775
2024-04-10 06:00:00+00:00,20875018.35638889,20875018.35638889
2024-04-10 07:00:00+00:00,18879488.88,18879488.88
2024-04-10 08:00:00+00:00,18454582.92472222,18454582.92472222
2024-04-10 09:00:00+00:00,19120575.98888889,19120575.98888889
2024-04-10 10:00:00+00:00,16882461.51611111,16882461.51611111
2024-04-10 11:00:00+00:00,18051594.570277777,18051594.570277777
2024-04-10 12:00:00+00:00,22920486.55055556,22920486.55055556
2024-04-10 13:00:00+00:00,16703615.807777775,16703615.807777775
2024-04-10 14:00:00+00:00,16420341.011388889,0.0
2024-04-10 15:00:00+00:00,18537674.2775,18537674.2775
2024-04-10 16:00:00+00:00,16923394.460555557,16923394.460555557
2024-04-10 17:00:00+00:00,18420131.094444446,18420131.094444446
2024-04-10 18:00:00+00:00,17150279.139444444,17150279.139444444
2024-04-10 19:00:00+00:00,17942283.321666665,17942283.321666665
2024-04-10 20:00:00+00:00,14895867.391944444,14895867.391944444
2024-04-10 21:00:00+00:00,8219535.416111111,8219535.416111111
2024-04-10 22:00:00+00:00,6619885.396944445,6619885.396944445
2024-04-10 23:00:00+00:00,6024672.0125,6024672.0125
2024-04-11 00:00:00+00:00,5696421.926111111,5696421.926111111
2024-04-11 01:00:00+00:00,5551796.14,0.0
2024-04-11 02:00:00+00:00,9438401.8025,9438401.8025
2024-04-11 03:00:00+00:00,12672721.750555556,12672721.750555556
2024-04-11 04:00:00+00:00,16337247.926111111,16337247.926111111
2024-04-11 05:00:00+00:00,18090872.74027778,18090872.74027778
2024-04-11 06:00:00+00:00,25247438.817222223,25247438.817222223
2024-04-11 07:00:00+00:00,20543186.66527778,20543186.66527778
2024-04-11 08:00:00+00:00,20094603.76111111,20094603.76111111
2024-04-11 09:00:00+00:00,20819515.776944444,20819515.776944444
2024-04-11 10:00:00+00:00,25665743.651388887,0.0
2024-04-11 11:00:00+00:00,19599801.49472222,19599801.49472222
2024-04-11 12:00:00+00:00,20984765.753055558,20984765.753055558
2024-04-11 13:00:00+00:00,18572314.336666662,18572314.336666662
2024-04-11 14:00:00+00:00,14650313.131666666,14650313.131666666
2024-04-11 15:00:00+00:00,12945765.883055557,12945765.883055557
2024-04-11 16:00:00+00:00,12874963.236944444,12874963.236944444
2024-04-11 17:00:00+00:00,15524764.713611113,15524764.713611113
2024-04-11 18:00:00+00:00,13319216.595,13319216.595
2024-04-11 19:00:00+00:00,12383398.3975,0.0
2024-04-11 20:00:00+00:00,10181889.1975,10181889.1975
2024-04-11 21:00:00+00:00,15128819.499722222,15128819.499722222
2024-04-11 22:00:00+00:00,6138228.012777777,6138228.012777777
2024-04-11 23:00:00+00:00,7518628.221111111,7518628.221111111
2024-04-12 00:00:00+00:00,4613422.609166667,4613422.609166667
2024-04-12 01:00:00+00:00,6806067.379166666,6806067.379166666
2024-04-12 02:00:00+00:00,8521822.217222223,8521822.217222223
2024-04-12 03:00:00+00:00,6856875.496388889,6856875.496388889
2024-04-12 04:00:00+00:00,14211027.241944443,14211027.241944443
2024-04-12 05:00:00+00:00,12893841.061666667,12893841.061666667
2024-04-12 06:00:00+00:00,15695335.43527778,15695335.43527778
2024-04-12 07:00:00+00:00,14786891.001666669,14786891.001666669
2024-04-12 08:00:00+00:00,16995630.73222222,16995630.73222222
2024-04-12 09:00:00+00:00,19761984.883611117,19761984.883611117
2024-04-12 10:00:00+00:00,20297742.039722223,0.0
2024-04-12 11:00:00+00:00,24309167.870277777,24309167.870277777
2024-04-12 12:00:00+00:00,18327132.27611111,18327132.27611111
2024-04-12 13:00:00+00:00,33414000.715277776,33414000.715277776
2024-04-12 14:00:00+00:00,16071055.888611112,16071055.888611112
2024-04-12 15:00:00+00:00,13228138.496944444,13228138.496944444
2024-04-12 16:00:00+00:00,14386477.120277775,14386477.120277775
2024-04-12 17:00:00+00:00,14685851.770555556,14685851.770555556
2024-04-12 18:00:00+00:00,15949265.149444444,15949265.149444444
2024-04-12 19:00:00+00:00,31636478.623055555,31636478.623055555
2024-04-12 20:00:00+00:00,21739241.26888889,21739241.26888889
2024-04-12 21:00:00+00:00,9118953.19388889,9118953.19388889
2024-04-12 22:00:00+00:00,9254322.188055556,9254322.188055556
2024-04-12 23:00:00+00:00,12399705.725,12399705.725
2024-04-13 00:00:00+00:00,5820244.643333334,5820244.643333334
2024-04-13 01:00:00+00:00,6315512.001388889,6315512.001388889
2024-04-13 02:00:00+00:00,7527862.728055555,7527862.728055555
2024-04-13 03:00:00+00:00,12292472.130833331,12292472.130833331
2024-04-13 04:00:00+00:00,7447179.111111111,7447179.111111111
2024-04-13 05:00:00+00:00,13076528.410555556,13076528.410555556
2024-04-13 06:00:00+00:00,15157042.481111111,15157042.481111111
2024-04-13 07:00:00+00:00,12356877.194722222,12356877.194722222
2024-04-13 08:00:00+00:00,13094656.995,13094656.995
2024-04-13 09:00:00+00:00,13560664.286388887,13560664.286388887
2024-04-13 10:00:00+00:00,18815848.333611112,18815848.333611112
2024-04-13 11:00:00+00:00,14141868.647777775,14141868.647777775
2024-04-13 12:00:00+00:00,15750941.0375,15750941.0375
2024-04-13 13:00:00+00:00,13308852.128611112,0.0
2024-04-13 14:00:00+00:00,13855360.39138889,13855360.39138889
2024-04-13 15:00:00+00:00,16133060.180555556,16133060.180555556
2024-04-13 16:00:00+00:00,16652916.160833333,16652916.160833333
2024-04-13 17:00:00+00:00,16347423.943333331,16347423.943333331
2024-04-13 18:00:00+00:00,16524296.318333331,16524296.318333331
2024-04-13 19:00:00+00:00,13054164.788055556,13054164.788055556
2024-04-13 20:00:00+00:00,10285707.441666666,10285707.441666666
2024-04-13 21:00:00+00:00,8073358.255277778,8073358.255277778
2024-04-13 22:00:00+00:00,8997371.921666667,8997371.921666667
2024-04-13 23:00:00+00:00,7929182.781666666,7929182.781666666
2024-04-14 00:00:00+00:00,8517881.271944445,8517881.271944445
2024-04-14 01:00:00+00:00,6895894.693055555,6895894.693055555
2024-04-14 02:00:00+00:00,12336783.509722222,12336783.509722222
2024-04-14 03:00:00+00:00,9206258.466388889,9206258.466388889
2024-04-14 04:00:00+00:00,9430178.164722225,9430178.164722225
2024-04-14 05:00:00+00:00,14552468.331666669,14552468.331666669
2024-04-14 06:00:00+00:00,13637044.1975,13637044.1975
2024-04-14 07:00:00+00:00,15853002.89611111,15853002.89611111
2024-04-14 08:00:00+00:00,13738210.71,13738210.71
2024-04-14 09:00:00+00:00,15369603.806666669,0.0
2024-04-14 10:00:00+00:00,16706700.975277778,16706700.975277778
2024-04-14 11:00:00+00:00,18691958.035277776,18691958.035277776
2024-04-14 12:00:00+00:00,20331169.21,20331169.21
2024-04-14 13:00:00+00:00,17290409.659166668,17290409.659166668
2024-04-14 14:00:00+00:00,16133784.803888887,16133784.803888887
2024-04-14 15:00:00+00:00,14597961.419722222,14597961.419722222
2024-04-14 16:00:00+00:00,16011677.283333331,16011677.283333331
2024-04-14 17:00:00+00:00,19095008.64388889,19095008.64388889
2024-04-14 18:00:00+00:00,19219074.97833333,19219074.97833333
2024-04-14 19:00:00+00:00,18046330.972222224,18046330.972222224
2024-04-14 20:00:00+00:00,16256952.000833333,16256952.000833333
2024-04-14 21:00:00+00:00,9801249.825277776,9801249.825277776
2024-04-14 22:00:00+00:00,5463860.464166666,5463860.464166666
2024-04-14 23:00:00+00:00,5707956.324166667,5707956.324166667
2024-04-15 00:00:00+00:00,4877968.595277778,0.0
2024-04-15 01:00:00+00:00,4963573.025277778,4963573.025277778
2024-04-15 02:00:00+00:00,5906862.981111111,5906862.981111111
2024-04-15 03:00:00+00:00,9728502.621111112,9728502.621111112
2024-04-15 04:00:00+00:00,15490278.447777778,15490278.447777778
2024-04-15 05:00:00+00:00,20399821.913055558,0.0
2024-04-15 06:00:00+00:00,17533069.624166667,0.0
2024-04-15 07:00:00+00:00,21768780.530555557,21768780.530555557
2024-04-15 08:00:00+00:00,19026142.786666665,19026142.786666665
2024-04-15 09:00:00+00:00,18345348.3425,18345348.3425
2024-04-15 10:00:00+00:00,21522473.62888889,21522473.62888889
2024-04-15 11:00:00+00:00,14072706.446666667,14072706.446666667
2024-04-15 12:00:00+00:00,23672066.85694445,23672066.85694445
2024-04-15 13:00:00+00:00,18246965.565277778,18246965.565277778
2024-04-15 14:00:00+00:00,16851187.657222223,16851187.657222223
2024-04-15 15:00:00+00:00,20627923.17138889,0.0
2024-04-15 16:00:00+00:00,15189914.198888889,15189914.198888889
2024-04-15 17:00:00+00:00,16194948.546666669,0.0
2024-04-15 18:00:00+00:00,16456019.787777778,16456019.787777778
2024-04-15 19:00:00+00:00,11748176.080277778,11748176.080277778
2024-04-15 20:00:00+00:00,13557310.2325,13557310.2325
2024-04-15 21:00:00+00:00,8283192.85,8283192.85
2024-04-15 22:00:00+00:00,6082280.090833333,6082280.090833333
2024-04-15 23:00:00+00:00,7614746.171388889,0.0
2024-04-16 00:00:00+00:00,4834774.731666666,4834774.731666666
2024-04-16 01:00:00+00:00,7624563.819444444,7624563.819444444
2024-04-16 02:00:00+00:00,7811805.971944445,7811805.971944445
2024-04-16 03:00:00+00:00,13844823.938333333,13844823.938333333
2024-04-16 04:00:00+00:00,19876597.8925,19876597.8925
2024-04-16 05:00:00+00:00,19657109.754444443,19657109.754444443
2024-04-16 06:00:00+00:00,26412439.8925,26412439.8925
2024-04-16 07:00:00+00:00,24715922.646111112,24715922.646111112
2024-04-16 08:00:00+00:00,20936349.87111111,0.0
2024-04-16 09:00:00+00:00,21696706.059166662,21696706.059166662
2024-04-16 10:00:00+00:00,25179596.78333333,25179596.78333333
2024-04-16 11:00:00+00:00,20493633.86444445,20493633.86444445
2024-04-16 12:00:00+00:00,19355435.10111111,19355435.10111111
2024-04-16 13:00:00+00:00,20501178.364722226,20501178.364722226
2024-04-16 14:00:00+00:00,23823063.04777778,23823063.04777778
2024-04-16 15:00:00+00:00,21046642.23944445,21046642.23944445
2024-04-16 16:00:00+00:00,17874013.376666665,17874013.376666665
2024-04-16 17:00:00+00:00,20614060.08111111,20614060.08111111
2024-04-16 18:00:00+00:00,17050917.413055554,0.0
2024-04-16 19:00:00+00:00,20701906.33555556,20701906.33555556
2024-04-16 20:00:00+00:00,11588877.338611113,0.0
2024-04-16 21:00:00+00:00,7688828.291388889,7688828.291388889
2024-04-16 22:00:00+00:00,6066086.925833333,6066086.925833333
2024-04-16 23:00:00+00:00,6118267.897222222,6118267.897222222
2024-04-17 00:00:00+00:00,10003049.874444444,10003049.874444444
2024-04-17 01:00:00+00:00,8665107.749166667,8665107.749166667
2024-04-17 02:00:00+00:00,7370523.153333333,7370523.153333333
2024-04-17 03:00:00+00:00,10946635.56888889,10946635.56888889
2024-04-17 04:00:00+00:00,14610784.657222224,14610784.657222224
2024-04-17 05:00:00+00:00,22877154.01111111,22877154.01111111
2024-04-17 06:00:00+00:00,24950956.6125,24950956.6125
2024-04-17 07:00:00+00:00,27228867.361944444,27228867.361944444
2024-04-17 08:00:00+00:00,20163820.313611116,20163820.313611116
2024-04-17 09:00:00+00:00,21647128.30111111,21647128.30111111
2024-04-17 10:00:00+00:00,23904407.636944443,23904407.636944443
2024-04-17 11:00:00+00:00,23711270.576388888,23711270.576388888
2024-04-17 12:00:00+00:00,31556614.73,31556614.73
2024-04-17 13:00:00+00:00,23275263.420555554,23275263.420555554
2024-04-17 14:00:00+00:00,22324774.896944445,22324774.896944445
2024-04-17 15:00:00+00:00,17871368.44361111,17871368.44361111
2024-04-17 16:00:00+00:00,19058120.8375,19058120.8375
2024-04-17 17:00:00+00:00,19466556.536666665,19466556.536666665
2024-04-17 18:00:00+00:00,19726279.073055554,19726279.073055554
2024-04-17 19:00:00+00:00,17712289.514444444,17712289.514444444
2024-04-17 20:00:00+00:00,12038240.606666667,12038240.606666667
2024-04-17 21:00:00+00:00,9069998.073888889,9069998.073888889
2024-04-17 22:00:00+00:00,6315799.668333333,6315799.668333333
2024-04-17 23:00:00+00:00,8731202.38611111,8731202.38611111
2024-04-18 00:00:00+00:00,8855010.8275,8855010.8275
2024-04-18 01:00:00+00:00,6508926.03,6508926.03
2024-04-18 02:00:00+00:00,11116750.402777778,11116750.402777778
2024-04-18 03:00:00+00:00,12050760.233888889,12050760.233888889
2024-04-18 04:00:00+00:00,17725231.518333334,17725231.518333334
2024-04-18 05:00:00+00:00,21807073.33472222,21807073.33472222
2024-04-18 06:00:00+00:00,23252998.055,23252998.055
2024-04-18 07:00:00+00:00,22977012.182777777,22977012.182777777
2024-04-18 08:00:00+00:00,21176270.57388889,21176270.57388889
2024-04-18 09:00:00+00:00,23463429.8475,23463429.8475
2024-04-18 10:00:00+00:00,21028624.755,21028624.755
2024-04-18 11:00:00+00:00,21837166.111944444,21837166.111944444
2024-04-18 12:00:00+00:00,23649472.909722224,23649472.909722224
2024-04-18 13:00:00+00:00,19575869.820277777,19575869.820277777
2024-04-18 14:00:00+00:00,18974348.53333333,18974348.53333333
2024-04-18 15:00:00+00:00,17358289.429444443,17358289.429444443
2024-04-18 16:00:00+00:00,20786723.67472222,20786723.67472222
2024-04-18 17:00:00+00:00,22823413.021111112,22823413.021111112
2024-04-18 18:00:00+00:00,19963064.229166668,19963064.229166668
2024-04-18 19:00:00+00:00,16485528.996388888,16485528.996388888
2024-04-18 20:00:00+00:00,16918822.59972222,16918822.59972222
2024-04-18 21:00:00+00:00,11629371.43972222,11629371.43972222
2024-04-18 22:00:00+00:00,9802457.223888887,9802457.223888887
2024-04-18 23:00:00+00:00,8274373.726666667,8274373.726666667
2024-04-19 00:00:00+00:00,8109897.149444444,8109897.149444444
2024-04-19 01:00:00+00:00,6409570.868055556,6409570.868055556
2024-04-19 02:00:00+00:00,7287645.3125,7287645.3125
2024-04-19 03:00:00+00:00,12226910.946944444,12226910.946944444
2024-04-19 04:00:00+00:00,14636108.181944445,0.0
2024-04-19 05:00:00+00:00,18553183.2525,18553183.2525
2024-04-19 06:00:00+00:00,21657648.655833334,21657648.655833334
2024-04-19 07:00:00+00:00,19949619.893055554,19949619.893055554
2024-04-19 08:00:00+00:00,19412971.73555556,19412971.73555556
2024-04-19 09:00:00+00:00,21826744.324166667,21826744.324166667
2024-04-19 10:00:00+00:00,18798762.45083333,0.0
2024-04-19 11:00:00+00:00,18473723.50888889,18473723.50888889
2024-04-19 12:00:00+00:00,17367827.1825,0.0
2024-04-19 13:00:00+00:00,18615662.151666667,18615662.151666667
2024-04-19 14:00:00+00:00,15568233.320555557,15568233.320555557
2024-04-19 15:00:00+00:00,17384068.430833332,17384068.430833332
2024-04-19 16:00:00+00:00,15844431.145555556,15844431.145555556
2024-04-19 17:00:00+00:00,13963655.167222222,13963655.167222222
2024-04-19 18:00:00+00:00,18788042.36222222,18788042.36222222
2024-04-19 19:00:00+00:00,16871223.931944445,16871223.931944445
2024-04-19 20:00:00+00:00,16297368.47138889,16297368.47138889
2024-04-19 21:00:00+00:00,16631593.164444445,16631593.164444445
2024-04-19 22:00:00+00:00,9259256.175277775,9259256.175277775
2024-04-19 23:00:00+00:00,7934539.726111111,7934539.726111111
2024-04-20 00:00:00+00:00,10106584.893333333,10106584.893333333
2024-04-20 01:00:00+00:00,6420140.627222222,6420140.627222222
2024-04-20 02:00:00+00:00,7929210.434444444,7929210.434444444
2024-04-20 03:00:00+00:00,8553833.140833333,8553833.140833333
2024-04-20 04:00:00+00:00,11313068.399166666,11313068.399166666
2024-04-20 05:00:00+00:00,14615403.925277775,14615403.925277775
2024-04-20 06:00:00+00:00,14269985.141944444,14269985.141944444
2024-04-20 07:00:00+00:00,16843153.285277776,16843153.285277776
2024-04-20 08:00:00+00:00,15251267.125277778,0.0
2024-04-20 09:00:00+00:00,16086281.521666666,16086281.521666666
2024-04-20 10:00:00+00:00,16835169.264444444,16835169.264444444
2024-04-20 11:00:00+00:00,17105751.608055554,17105751.608055554
2024-04-20 12:00:00+00:00,17587907.079444446,17587907.079444446
2024-04-20 13:00:00+00:00,17379231.48,17379231.48
2024-04-20 14:00:00+00:00,15716789.3025,15716789.3025
2024-04-20 15:00:00+00:00,17124713.3,17124713.3
2024-04-20 16:00:00+00:00,16943172.1775,16943172.1775
2024-04-20 17:00:00+00:00,17144895.396111112,0.0
2024-04-20 18:00:00+00:00,16613798.445833333,16613798.445833333
2024-04-20 19:00:00+00:00,13969351.815,13969351.815
2024-04-20 20:00:00+00:00,13732417.924722224,13732417.924722224
2024-04-20 21:00:00+00:00,8948477.064166667,8948477.064166667
2024-04-20 22:00:00+00:00,4112796.7091666665,4112796.7091666665
2024-04-20 23:00:00+00:00,4537958.413611111,0.0
2024-04-21 00:00:00+00:00,6311376.945555556,6311376.945555556
2024-04-21 01:00:00+00:00,5629745.698611111,5629745.698611111
2024-04-21 02:00:00+00:00,7439097.0130555555,0.0
2024-04-21 03:00:00+00:00,8114022.88,8114022.88
2024-04-21 04:00:00+00:00,10343417.923055556,10343417.923055556
2024-04-21 05:00:00+00:00,11087001.205,11087001.205
2024-04-21 06:00:00+00:00,15169408.754166666,15169408.754166666
2024-04-21 07:00:00+00:00,15608908.671666669,15608908.671666669
2024-04-21 08:00:00+00:00,14173668.699166669,14173668.699166669
2024-04-21 09:00:00+00:00,14970301.555555556,14970301.555555556
2024-04-21 10:00:00+00:00,14381586.903055556,14381586.903055556
2024-04-21 11:00:00+00:00,16234704.616666667,16234704.616666667
2024-04-21 12:00:00+00:00,16426526.898333332,16426526.898333332
2024-04-21 13:00:00+00:00,15181364.637222225,15181364.637222225
2024-04-21 14:00:00+00:00,15165984.593333334,15165984.593333334
2024-04-21 15:00:00+00:00,18828374.096944444,18828374.096944444
2024-04-21 16:00:00+00:00,17671192.876944445,17671192.876944445
2024-04-21 17:00:00+00:00,24079588.734444443,24079588.734444443
2024-04-21 18:00:00+00:00,23992846.229166668,23992846.229166668
2024-04-21 19:00:00+00:00,19662606.59361111,19662606.59361111
2024-04-21 20:00:00+00:00,16246147.969444444,16246147.969444444
2024-04-21 21:00:00+00:00,10340469.134444444,10340469.134444444
2024-04-21 22:00:00+00:00,8005855.519444444,8005855.519444444
2024-04-21 23:00:00+00:00,5212620.124722222,5212620.124722222
2024-04-22 00:00:00+00:00,7272740.588888889,7272740.588888889
2024-04-22 01:00:00+00:00,5582607.096666667,5582607.096666667
2024-04-22 02:00:00+00:00,8174593.292222222,8174593.292222222
2024-04-22 03:00:00+00:00,13421587.508333333,0.0
2024-04-22 04:00:00+00:00,17730915.484722223,17730915.484722223
2024-04-22 05:00:00+00:00,18052967.965,18052967.965
2024-04-22 06:00:00+00:00,25256811.499722224,25256811.499722224
2024-04-22 07:00:00+00:00,26990917.638888888,26990917.638888888
2024-04-22 08:00:00+00:00,20920413.873888887,20920413.873888887
2024-04-22 09:00:00+00:00,24492394.134444445,24492394.134444445
2024-04-22 10:00:00+00:00,22880073.901944444,22880073.901944444
2024-04-22 11:00:00+00:00,28493423.80861111,28493423.80861111
2024-04-22 12:00:00+00:00,24596862.29444445,24596862.29444445
2024-04-22 13:00:00+00:00,26160280.23805556,26160280.23805556
2024-04-22 14:00:00+00:00,24617560.04972222,24617560.04972222
2024-04-22 15:00:00+00:00,21936440.945833333,21936440.945833333
2024-04-22 16:00:00+00:00,24232436.906944446,24232436.906944446
2024-04-22 17:00:00+00:00,23365801.72111111,23365801.72111111
2024-04-22 18:00:00+00:00,19504587.39361111,19504587.39361111
2024-04-22 19:00:00+00:00,17091888.965555556,17091888.965555556
2024-04-22 20:00:00+00:00,11527180.57888889,11527180.57888889
2024-04-22 21:00:00+00:00,15109698.830555556,0.0
2024-04-22 22:00:00+00:00,8015253.0625,8015253.0625
2024-04-22 23:00:00+00:00,4838083.572222223,4838083.572222223
2024-04-23 00:00:00+00:00,15910554.46138889,15910554.46138889
2024-04-23 01:00:00+00:00,11128738.17638889,11128738.17638889
2024-04-23 02:00:00+00:00,8088158.043611111,8088158.043611111
2024-04-23 03:00:00+00:00,10891846.072222222,10891846.072222222
2024-04-23 04:00:00+00:00,18925811.6025,18925811.6025
2024-04-23 05:00:00+00:00,23849643.78861111,23849643.78861111
2024-04-23 06:00:00+00:00,24741180.249722224,24741180.249722224
2024-04-23 07:00:00+00:00,27913243.01277778,27913243.01277778
2024-04-23 08:00:00+00:00,25320083.31861111,25320083.31861111
2024-04-23 09:00:00+00:00,24906287.49555556,24906287.49555556
2024-04-23 10:00:00+00:00,27557494.759444445,0.0
2024-04-23 11:00:00+00:00,23601434.33694445,23601434.33694445
2024-04-23 12:00:00+00:00,22389743.811666667,22389743.811666667
2024-04-23 13:00:00+00:00,23122473.00611111,23122473.00611111
2024-04-23 14:00:00+00:00,19997627.02527778,19997627.02527778
2024-04-23 15:00:00+00:00,21029975.80722222,21029975.80722222
2024-04-23 16:00:00+00:00,21293975.766666666,21293975.766666666
2024-04-23 17:00:00+00:00,19665997.087222222,0.0
2024-04-23 18:00:00+00:00,18787475.039444443,0.0
2024-04-23 19:00:00+00:00,13886316.213055557,13886316.213055557
2024-04-23 20:00:00+00:00,12840851.58777778,12840851.58777778
2024-04-23 21:00:00+00:00,16896019.966944445,16896019.966944445
2024-04-23 22:00:00+00:00,8606558.741666667,8606558.741666667
2024-04-23 23:00:00+00:00,8741850.146666666,8741850.146666666
2024-04-24 00:00:00+00:00,10630130.804444443,10630130.804444443
2024-04-24 01:00:00+00:00,16804989.60861111,16804989.60861111
2024-04-24 02:00:00+00:00,10998523.300555555,10998523.300555555
2024-04-24 03:00:00+00:00,17201236.57583333,17201236.57583333
2024-04-24 04:00:00+00:00,21276690.436388887,21276690.436388887
2024-04-24 05:00:00+00:00,23475162.655,23475162.655
2024-04-24 06:00:00+00:00,28112188.274166662,28112188.274166662
2024-04-24 07:00:00+00:00,27838919.370833334,0.0
2024-04-24 08:00:00+00:00,27071475.35277778,27071475.35277778
2024-04-24 09:00:00+00:00,25939231.969722223,25939231.969722223
2024-04-24 10:00:00+00:00,27267818.61388889,27267818.61388889
2024-04-24 11:00:00+00:00,30937558.484166667,30937558.484166667
2024-04-24 12:00:00+00:00,30366069.927222226,30366069.927222226
2024-04-24 13:00:00+00:00,31269448.223611116,31269448.223611116
2024-04-24 14:00:00+00:00,29748498.68055556,29748498.68055556
2024-04-24 15:00:00+00:00,24579136.38861111,24579136.38861111
2024-04-24 16:00:00+00:00,27973512.988333333,27973512.988333333
2024-04-24 17:00:00+00:00,24955500.31611111,24955500.31611111
2024-04-24 18:00:00+00:00,24862313.277222224,24862313.277222224
2024-04-24 19:00:00+00:00,18882662.02805556,18882662.02805556
2024-04-24 20:00:00+00:00,14817557.448888889,14817557.448888889
2024-04-24 21:00:00+00:00,11640539.996666666,0.0
2024-04-24 22:00:00+00:00,8825674.790833334,8825674.790833334
2024-04-24 23:00:00+00:00,11547883.006666666,0.0
2024-04-25 00:00:00+00:00,9382954.651666667,0.0
2024-04-25 01:00:00+00:00,10291383.803333333,10291383.803333333
2024-04-25 02:00:00+00:00,15021347.1575,0.0
2024-04-25 03:00:00+00:00,18515763.9075,18515763.9075
2024-04-25 04:00:00+00:00,27623388.64055556,27623388.64055556
2024-04-25 05:00:00+00:00,24251387.934722222,24251387.934722222
2024-04-25 06:00:00+00:00,28703402.885555554,28703402.885555554
2024-04-25 07:00:00+00:00,27966798.492777776,27966798.492777776
2024-04-25 08:00:00+00:00,23112718.345555555,23112718.345555555
2024-04-25 09:00:00+00:00,30308851.76611111,30308851.76611111
2024-04-25 10:00:00+00:00,29522283.975,29522283.975
2024-04-25 11:00:00+00:00,30506751.261944443,30506751.261944443
2024-04-25 12:00:00+00:00,26409901.04888889,26409901.04888889
2024-04-25 13:00:00+00:00,31515602.25333333,31515602.25333333
2024-04-25 14:00:00+00:00,21173159.16805556,21173159.16805556
2024-04-25 15:00:00+00:00,21627424.60888889,21627424.60888889
2024-04-25 16:00:00+00:00,16712589.289722225,0.0
2024-04-25 17:00:00+00:00,23505979.66388889,23505979.66388889
2024-04-25 18:00:00+00:00,24487714.29444445,24487714.29444445
2024-04-25 19:00:00+00:00,19748076.07805556,19748076.07805556
2024-04-25 20:00:00+00:00,14183201.410833333,14183201.410833333
2024-04-25 21:00:00+00:00,14186714.421388889,14186714.421388889
2024-04-25 22:00:00+00:00,9774310.354166666,9774310.354166666
2024-04-25 23:00:00+00:00,12059330.8525,12059330.8525
2024-04-26 00:00:00+00:00,9837052.268333333,9837052.268333333
2024-04-26 01:00:00+00:00,9764719.931666669,9764719.931666669
2024-04-26 02:00:00+00:00,7287680.741111111,7287680.741111111
2024-04-26 03:00:00+00:00,10955275.182777775,0.0
2024-04-26 04:00:00+00:00,15104531.960277775,15104531.960277775
2024-04-26 05:00:00+00:00,17792538.10361111,17792538.10361111
2024-04-26 06:00:00+00:00,20547551.331666667,20547551.331666667
2024-04-26 07:00:00+00:00,15312442.781111112,15312442.781111112
2024-04-26 08:00:00+00:00,13751604.232222222,13751604.232222222
2024-04-26 09:00:00+00:00,17969744.964166667,17969744.964166667
2024-04-26 10:00:00+00:00,15842614.87277778,15842614.87277778
2024-04-26 11:00:00+00:00,18689479.035277776,18689479.035277776
2024-04-26 12:00:00+00:00,21736114.509444445,21736114.509444445
2024-04-26 13:00:00+00:00,17061301.90861111,17061301.90861111
2024-04-26 14:00:00+00:00,16398840.950833334,16398840.950833334
2024-04-26 15:00:00+00:00,14960933.123055557,14960933.123055557
2024-04-26 16:00:00+00:00,13160859.278888889,0.0
2024-04-26 17:00:00+00:00,15693735.678888887,15693735.678888887
2024-04-26 18:00:00+00:00,19462582.546666667,19462582.546666667
2024-04-26 19:00:00+00:00,17740015.06833333,17740015.06833333
2024-04-26 20:00:00+00:00,10665362.197777778,10665362.197777778
2024-04-26 21:00:00+00:00,11765052.174722224,11765052.174722224
2024-04-26 22:00:00+00:00,6066365.874722222,6066365.874722222
2024-04-26 23:00:00+00:00,8673324.21,8673324.21
2024-04-27 00:00:00+00:00,5987869.1725,5987869.1725
2024-04-27 01:00:00+00:00,12538287.6025,12538287.6025
2024-04-27 02:00:00+00:00,7782619.863888889,7782619.863888889
2024-04-27 03:00:00+00:00,7720843.331666667,7720843.331666667
2024-04-27 04:00:00+00:00,8840210.264166666,8840210.264166666
2024-04-27 05:00:00+00:00,8214931.043888889,8214931.043888889
2024-04-27 06:00:00+00:00,11169537.9375,11169537.9375
2024-04-27 07:00:00+00:00,12619045.391666668,12619045.391666668
2024-04-27 08:00:00+00:00,11443378.194444444,11443378.194444444
2024-04-27 09:00:00+00:00,14818300.819722222,14818300.819722222
2024-04-27 10:00:00+00:00,12118572.33777778,12118572.33777778
2024-04-27 11:00:00+00:00,19146686.089722224,19146686.089722224
2024-04-27 12:00:00+00:00,15656719.751944443,15656719.751944443
2024-04-27 13:00:00+00:00,14725866.924722224,0.0
2024-04-27 14:00:00+00:00,12479874.923055556,0.0
2024-04-27 15:00:00+00:00,14229645.125277778,14229645.125277778
2024-04-27 16:00:00+00:00,14390105.947777778,14390105.947777778
2024-04-27 17:00:00+00:00,22419429.44361111,22419429.44361111
2024-04-27 18:00:00+00:00,16704774.68638889,16704774.68638889
2024-04-27 19:00:00+00:00,16657369.406944444,16657369.406944444
2024-04-27 20:00:00+00:00,13236459.557777775,13236459.557777775
2024-04-27 21:00:00+00:00,14204963.82138889,14204963.82138889
2024-04-27 22:00:00+00:00,8187498.886388889,8187498.886388889
2024-04-27 23:00:00+00:00,8101371.57,8101371.57
2024-04-28 00:00:00+00:00,5060975.918055556,5060975.918055556
2024-04-28 01:00:00+00:00,5302283.762222222,5302283.762222222
2024-04-28 02:00:00+00:00,8238833.821388889,8238833.821388889
2024-04-28 03:00:00+00:00,7950108.740555556,7950108.740555556
2024-04-28 04:00:00+00:00,8629942.895555556,8629942.895555556
2024-04-28 05:00:00+00:00,11540085.866944443,11540085.866944443
2024-04-28 06:00:00+00:00,14221605.008611113,14221605.008611113
2024-04-28 07:00:00+00:00,17344650.4925,0.0
2024-04-28 08:00:00+00:00,15580518.168055557,15580518.168055557
2024-04-28 09:00:00+00:00,19312844.01138889,19312844.01138889
2024-04-28 10:00:00+00:00,14909941.435833331,14909941.435833331
2024-04-28 11:00:00+00:00,17013467.81638889,0.0
2024-04-28 12:00:00+00:00,16853516.522777777,16853516.522777777
2024-04-28 13:00:00+00:00,13704264.376944443,13704264.376944443
2024-04-28 14:00:00+00:00,15719261.224444443,15719261.224444443
2024-04-28 15:00:00+00:00,18931940.86166667,18931940.86166667
2024-04-28 16:00:00+00:00,19115015.42694445,19115015.42694445
2024-04-28 17:00:00+00:00,19563028.719722223,19563028.719722223
2024-04-28 18:00:00+00:00,20990245.57555556,20990245.57555556
2024-04-28 19:00:00+00:00,19340861.57805556,19340861.57805556
2024-04-28 20:00:00+00:00,14339015.691944445,14339015.691944445
2024-04-28 21:00:00+00:00,11236432.34111111,11236432.34111111
2024-04-28 22:00:00+00:00,9467795.47472222,9467795.47472222
2024-04-28 23:00:00+00:00,7075302.116388889,7075302.116388889
2024-04-29 00:00:00+00:00,9271642.836944444,9271642.836944444
2024-04-29 01:00:00+00:00,6835949.282777778,6835949.282777778
2024-04-29 02:00:00+00:00,9676280.472222222,9676280.472222222
2024-04-29 03:00:00+00:00,12240504.579722222,12240504.579722222
2024-04-29 04:00:00+00:00,16933098.42472222,16933098.42472222
2024-04-29 05:00:00+00:00,21929090.1775,21929090.1775
2024-04-29 06:00:00+00:00,21227769.23361111,21227769.23361111
2024-04-29 07:00:00+00:00,27439199.96555556,27439199.96555556
2024-04-29 08:00:00+00:00,24245055.0975,24245055.0975
2024-04-29 09:00:00+00:00,21457851.42694445,21457851.42694445
2024-04-29 10:00:00+00:00,25315444.00222222,25315444.00222222
2024-04-29 11:00:00+00:00,23827087.302222226,23827087.302222226
2024-04-29 12:00:00+00:00,22924665.36055556,22924665.36055556
2024-04-29 13:00:00+00:00,25994530.446111117,25994530.446111117
2024-04-29 14:00:00+00:00,19981833.51138889,19981833.51138889
2024-04-29 15:00:00+00:00,19435612.385,19435612.385
2024-04-29 16:00:00+00:00,20329657.57527778,20329657.57527778
2024-04-29 17:00:00+00:00,20488494.825,20488494.825
2024-04-29 18:00:00+00:00,20424080.628055558,20424080.628055558
2024-04-29 19:00:00+00:00,16665593.847222222,16665593.847222222
2024-04-29 20:00:00+00:00,16780674.935,16780674.935
2024-04-29 21:00:00+00:00,14407830.868333334,14407830.868333334
2024-04-29 22:00:00+00:00,9814609.614444444,9814609.614444444
2024-04-29 23:00:00+00:00,8223645.208333333,8223645.208333333
2024-04-30 00:00:00+00:00,7944294.156666666,7944294.156666666
2024-04-30 01:00:00+00:00,8116203.456944444,8116203.456944444
2024-04-30 02:00:00+00:00,11871885.704722222,11871885.704722222
2024-04-30 03:00:00+00:00,17748836.36361111,17748836.36361111
2024-04-30 04:00:00+00:00,18148782.13805556,18148782.13805556
2024-04-30 05:00:00+00:00,20592543.09,20592543.09
2024-04-30 06:00:00+00:00,23642930.391666666,23642930.391666666
2024-04-30 07:00:00+00:00,22174984.72583333,22174984.72583333
2024-04-30 08:00:00+00:00,32073247.99305556,32073247.99305556
2024-04-30 09:00:00+00:00,24070171.98361111,24070171.98361111
2024-04-30 10:00:00+00:00,35800924.75666667,35800924.75666667
2024-04-30 11:00:00+00:00,23848679.26,23848679.26
2024-04-30 12:00:00+00:00,28570557.097777776,28570557.097777776
2024-04-30 13:00:00+00:00,27516219.421944443,27516219.421944443
2024-04-30 14:00:00+00:00,22072816.951666668,22072816.951666668
2024-04-30 15:00:00+00:00,18594111.46583333,18594111.46583333
2024-04-30 16:00:00+00:00,21197612.21277778,21197612.21277778
2024-04-30 17:00:00+00:00,22221115.39138889,22221115.39138889
2024-04-30 18:00:00+00:00,18703116.011666667,18703116.011666667
2024-04-30 19:00:00+00:00,19301774.491944443,19301774.491944443
2024-04-30 20:00:00+00:00,12717199.920833332,12717199.920833332
2024-04-30 21:00:00+00:00,14202990.876944443,14202990.876944443
2024-04-30 22:00:00+00:00,8883135.82361111,8883135.82361111
2024-04-30 23:00:00+00:00,8447934.550555555,8447934.550555555
2024-05-01 00:00:00+00:00,9259938.209722225,9259938.209722225
2024-05-01 01:00:00+00:00,7472188.896111111,7472188.896111111
2024-05-01 02:00:00+00:00,14776123.542222222,14776123.542222222
2024-05-01 03:00:00+00:00,9956733.270277778,9956733.270277778
2024-05-01 04:00:00+00:00,13077928.616666667,13077928.616666667
2024-05-01 05:00:00+00:00,14255338.599444443,14255338.599444443
2024-05-01 06:00:00+00:00,16373603.300555555,16373603.300555555
2024-05-01 07:00:00+00:00,20657124.805277776,20657124.805277776
2024-05-01 08:00:00+00:00,18775992.029444445,18775992.029444445
2024-05-01 09:00:00+00:00,20638024.910833333,20638024.910833333
2024-05-01 10:00:00+00:00,17181777.991666667,17181777.991666667
2024-05-01 11:00:00+00:00,16852923.57,16852923.57
2024-05-01 12:00:00+00:00,19950771.288055558,19950771.288055558
2024-05-01 13:00:00+00:00,18722922.646944445,18722922.646944445
2024-05-01 14:00:00+00:00,19312653.929166667,19312653.929166667
2024-05-01 15:00:00+00:00,19381727.338888887,19381727.338888887
2024-05-01 16:00:00+00:00,19457535.9625,19457535.9625
2024-05-01 17:00:00+00:00,22042722.748055555,22042722.748055555
2024-05-01 18:00:00+00:00,25183378.23555556,25183378.23555556
2024-05-01 19:00:00+00:00,21053594.85861111,21053594.85861111
2024-05-01 20:00:00+00:00,16375604.904444445,16375604.904444445
2024-05-01 21:00:00+00:00,13865138.463333333,13865138.463333333
2024-05-01 22:00:00+00:00,9722371.865555556,0.0
2024-05-01 23:00:00+00:00,12177670.966944445,12177670.966944445
2024-05-02 00:00:00+00:00,17348365.98111111,17348365.98111111
2024-05-02 01:00:00+00:00,21156143.835,21156143.835
2024-05-02 02:00:00+00:00,12341489.951944444,12341489.951944444
2024-05-02 03:00:00+00:00,15964170.977222225,15964170.977222225
2024-05-02 04:00:00+00:00,21753096.12638889,21753096.12638889
2024-05-02 05:00:00+00:00,23299020.164444443,23299020.164444443
2024-05-02 06:00:00+00:00,24402954.624444444,24402954.624444444
2024-05-02 07:00:00+00:00,22104893.89194445,22104893.89194445
2024-05-02 08:00:00+00:00,27364388.922222223,27364388.922222223
2024-05-02 09:00:00+00:00,29224629.036666665,29224629.036666665
2024-05-02 10:00:00+00:00,31854010.841111112,31854010.841111112
2024-05-02 11:00:00+00:00,28820413.806944445,28820413.806944445
2024-05-02 12:00:00+00:00,27804664.8175,27804664.8175
2024-05-02 13:00:00+00:00,27119050.313333333,27119050.313333333
2024-05-02 14:00:00+00:00,29431248.105277777,29431248.105277777
2024-05-02 15:00:00+00:00,26797931.185555555,26797931.185555555
2024-05-02 16:00:00+00:00,23690247.01694445,23690247.01694445
2024-05-02 17:00:00+00:00,32744078.296666667,32744078.296666667
2024-05-02 18:00:00+00:00,24873711.57055556,24873711.57055556
2024-05-02 19:00:00+00:00,19689805.094166663,19689805.094166663
2024-05-02 20:00:00+00:00,17485687.354166668,17485687.354166668
2024-05-02 21:00:00+00:00,17290672.18361111,17290672.18361111
2024-05-02 22:00:00+00:00,13082475.544166667,0.0
2024-05-02 23:00:00+00:00,16226776.949166669,16226776.949166669
2024-05-03 00:00:00+00:00,20251090.05555556,20251090.05555556
2024-05-03 01:00:00+00:00,13814826.19638889,0.0
2024-05-03 02:00:00+00:00,8996709.155,8996709.155
2024-05-03 03:00:00+00:00,15739662.431388889,15739662.431388889
2024-05-03 04:00:00+00:00,18357117.286944445,0.0
2024-05-03 05:00:00+00:00,26834221.33861111,26834221.33861111
2024-05-03 06:00:00+00:00,25663186.340277776,25663186.340277776
2024-05-03 07:00:00+00:00,32013050.615,32013050.615
2024-05-03 08:00:00+00:00,24056811.253055558,24056811.253055558
2024-05-03 09:00:00+00:00,34065992.524166666,34065992.524166666
2024-05-03 10:00:00+00:00,24663356.817222223,24663356.817222223
2024-05-03 11:00:00+00:00,21380454.444444444,21380454.444444444
2024-05-03 12:00:00+00:00,29112354.61138889,29112354.61138889
2024-05-03 13:00:00+00:00,21081776.10138889,21081776.10138889
2024-05-03 14:00:00+00:00,20195338.85694445,20195338.85694445
2024-05-03 15:00:00+00:00,20317419.620833334,20317419.620833334
2024-05-03 16:00:00+00:00,19406071.872222222,19406071.872222222
2024-05-03 17:00:00+00:00,19906412.781666663,19906412.781666663
2024-05-03 18:00:00+00:00,28243274.214444444,28243274.214444444
2024-05-03 19:00:00+00:00,19020995.617777776,19020995.617777776
2024-05-03 20:00:00+00:00,17727819.725555554,17727819.725555554
2024-05-03 21:00:00+00:00,14250565.944722222,14250565.944722222
2024-05-03 22:00:00+00:00,16875408.703055557,16875408.703055557
2024-05-03 23:00:00+00:00,14206286.40138889,0.0
2024-05-04 00:00:00+00:00,12702507.37722222,12702507.37722222
2024-05-04 01:00:00+00:00,15564757.895,15564757.895
2024-05-04 02:00:00+00:00,10683365.01861111,10683365.01861111
2024-05-04 03:00:00+00:00,10840325.94638889,10840325.94638889
2024-05-04 04:00:00+00:00,13857615.063055556,13857615.063055556
2024-05-04 05:00:00+00:00,16914448.289444443,16914448.289444443
2024-05-04 06:00:00+00:00,21944641.444444444,21944641.444444444
2024-05-04 07:00:00+00:00,19242210.84083333,19242210.84083333
2024-05-04 08:00:00+00:00,23865846.63305556,23865846.63305556
2024-05-04 09:00:00+00:00,22837749.859166667,22837749.859166667
2024-05-04 10:00:00+00:00,17671793.11388889,17671793.11388889
2024-05-04 11:00:00+00:00,18224369.372222222,18224369.372222222
2024-05-04 12:00:00+00:00,16442872.33,16442872.33
2024-05-04 13:00:00+00:00,15504640.773333332,0.0
2024-05-04 14:00:00+00:00,18663760.42388889,18663760.42388889
2024-05-04 15:00:00+00:00,16615127.493055556,16615127.493055556
2024-05-04 16:00:00+00:00,18080975.29111111,18080975.29111111
2024-05-04 17:00:00+00:00,20042745.82361111,20042745.82361111
2024-05-04 18:00:00+00:00,19152627.925277777,19152627.925277777
2024-05-04 19:00:00+00:00,18369028.929444443,18369028.929444443
2024-05-04 20:00:00+00:00,16526234.905,16526234.905
2024-05-04 21:00:00+00:00,18063592.26277778,18063592.26277778
2024-05-04 22:00:00+00:00,11463907.141111111,11463907.141111111
2024-05-04 23:00:00+00:00,10972431.501944443,10972431.501944443
2024-05-05 00:00:00+00:00,9742935.475277778,9742935.475277778
2024-05-05 01:00:00+00:00,13139253.620277775,13139253.620277775
2024-05-05 02:00:00+00:00,11087144.87,11087144.87
2024-05-05 03:00:00+00:00,8807434.267777778,8807434.267777778
2024-05-05 04:00:00+00:00,11520812.843333334,11520812.843333334
2024-05-05 05:00:00+00:00,13148106.10861111,13148106.10861111
2024-05-05 06:00:00+00:00,22365908.054722223,22365908.054722223
2024-05-05 07:00:00+00:00,19883276.195,19883276.195
2024-05-05 08:00:00+00:00,19103803.60694445,19103803.60694445
2024-05-05 09:00:00+00:00,23792702.56611111,23792702.56611111
2024-05-05 10:00:00+00:00,19958823.284444444,19958823.284444444
2024-05-05 11:00:00+00:00,22247453.34583333,22247453.34583333
2024-05-05 12:00:00+00:00,22972493.835277777,22972493.835277777
2024-05-05 13:00:00+00:00,19638321.765833333,19638321.765833333
2024-05-05 14:00:00+00:00,20756742.62361111,0.0
2024-05-05 15:00:00+00:00,23920154.86388889,0.0
2024-05-05 16:00:00+00:00,26598019.45611111,26598019.45611111
2024-05-05 17:00:00+00:00,25869067.89861111,0.0
2024-05-05 18:00:00+00:00,28681173.594722223,28681173.594722223
2024-05-05 19:00:00+00:00,26205916.38388889,26205916.38388889
2024-05-05 20:00:00+00:00,20001101.305277776,20001101.305277776
2024-05-05 21:00:00+00:00,13261409.7375,13261409.7375
2024-05-05 22:00:00+00:00,11237088.435555557,11237088.435555557
2024-05-05 23:00:00+00:00,9040559.519166669,9040559.519166669
2024-05-06 00:00:00+00:00,9090861.916111112,9090861.916111112
2024-05-06 01:00:00+00:00,8777512.172222223,8777512.172222223
2024-05-06 02:00:00+00:00,11280843.433333334,11280843.433333334
2024-05-06 03:00:00+00:00,16759869.115833333,16759869.115833333
2024-05-06 04:00:00+00:00,23368499.944166668,23368499.944166668
2024-05-06 05:00:00+00:00,27463912.92083333,27463912.92083333
2024-05-06 06:00:00+00:00,27998823.815555558,27998823.815555558
2024-05-06 07:00:00+00:00,39397213.8025,39397213.8025
2024-05-06 08:00:00+00:00,28493459.904166665,28493459.904166665
2024-05-06 09:00:00+00:00,22891805.070277777,22891805.070277777
2024-05-06 10:00:00+00:00,32094536.52222222,32094536.52222222
2024-05-06 11:00:00+00:00,27023667.09805556,27023667.09805556
2024-05-06 12:00:00+00:00,25117493.63388889,25117493.63388889
2024-05-06 13:00:00+00:00,22342275.82388889,22342275.82388889
2024-05-06 14:00:00+00:00,23451347.16861111,23451347.16861111
2024-05-06 15:00:00+00:00,23278744.82722222,23278744.82722222
2024-05-06 16:00:00+00:00,20636332.42861111,20636332.42861111
2024-05-06 17:00:00+00:00,24118502.80055556,24118502.80055556
2024-05-06 18:00:00+00:00,25498021.95527778,25498021.95527778
2024-05-06 19:00:00+00:00,20722178.829722226,20722178.829722226
2024-05-06 20:00:00+00:00,19386217.4125,0.0
2024-05-06 21:00:00+00:00,17909131.591944445,17909131.591944445
2024-05-06 22:00:00+00:00,11718670.639166666,11718670.639166666
2024-05-06 23:00:00+00:00,9058416.275555557,9058416.275555557
2024-05-07 00:00:00+00:00,16575866.658611111,16575866.658611111
2024-05-07 01:00:00+00:00,19639057.935555555,19639057.935555555
2024-05-07 02:00:00+00:00,11190898.4275,11190898.4275
2024-05-07 03:00:00+00:00,17417720.868333332,17417720.868333332
2024-05-07 04:00:00+00:00,19242429.926666666,19242429.926666666
2024-05-07 05:00:00+00:00,23046812.892222226,23046812.892222226
2024-05-07 06:00:00+00:00,24725153.62277778,24725153.62277778
2024-05-07 07:00:00+00:00,26672053.94083333,26672053.94083333
2024-05-07 08:00:00+00:00,33873804.43833333,33873804.43833333
2024-05-07 09:00:00+00:00,30086385.84,30086385.84
2024-05-07 10:00:00+00:00,25107022.84388889,25107022.84388889
2024-05-07 11:00:00+00:00,26477240.115,26477240.115
2024-05-07 12:00:00+00:00,25579000.99555556,25579000.99555556
2024-05-07 13:00:00+00:00,23076794.89111111,23076794.89111111
2024-05-07 14:00:00+00:00,22153612.1175,22153612.1175
2024-05-07 15:00:00+00:00,19869116.326944444,19869116.326944444
2024-05-07 16:00:00+00:00,20502973.91361111,20502973.91361111
2024-05-07 17:00:00+00:00,23235813.49861111,23235813.49861111
2024-05-07 18:00:00+00:00,23441803.32527778,23441803.32527778
2024-05-07 19:00:00+00:00,20416064.794166666,20416064.794166666
2024-05-07 20:00:00+00:00,14190085.609722223,0.0
2024-05-07 21:00:00+00:00,20193542.184166662,20193542.184166662
2024-05-07 22:00:00+00:00,9278785.118055556,9278785.118055556
2024-05-07 23:00:00+00:00,9063084.894444443,9063084.894444443
2024-05-08 00:00:00+00:00,14758552.520277778,14758552.520277778
2024-05-08 01:00:00+00:00,12938074.066388888,12938074.066388888
2024-05-08 02:00:00+00:00,14152246.491388887,14152246.491388887
2024-05-08 03:00:00+00:00,9590167.903888889,9590167.903888889
2024-05-08 04:00:00+00:00,16456623.714444444,16456623.714444444
2024-05-08 05:00:00+00:00,13969145.499444444,13969145.499444444
2024-05-08 06:00:00+00:00,17801761.96111111,17801761.96111111
2024-05-08 07:00:00+00:00,17633312.354444444,17633312.354444444
2024-05-08 08:00:00+00:00,20581130.86166667,20581130.86166667
2024-05-08 09:00:00+00:00,19336893.29888889,19336893.29888889
2024-05-08 10:00:00+00:00,21746182.026944444,21746182.026944444
2024-05-08 11:00:00+00:00,19240317.509166665,19240317.509166665
2024-05-08 12:00:00+00:00,18145190.775555555,18145190.775555555
2024-05-08 13:00:00+00:00,19709049.53138889,19709049.53138889
2024-05-08 14:00:00+00:00,19535315.4725,19535315.4725
2024-05-08 15:00:00+00:00,19101887.331944443,0.0
2024-05-08 16:00:00+00:00,20170798.10611111,20170798.10611111
2024-05-08 17:00:00+00:00,27800213.021111112,27800213.021111112
2024-05-08 18:00:00+00:00,23837113.164444443,23837113.164444443
2024-05-08 19:00:00+00:00,22373229.714166667,22373229.714166667
2024-05-08 20:00:00+00:00,20921680.865,20921680.865
2024-05-08 21:00:00+00:00,22159482.28555556,22159482.28555556
2024-05-08 22:00:00+00:00,12735021.398611112,12735021.398611112
2024-05-08 23:00:00+00:00,10132872.107777778,10132872.107777778
2024-05-09 00:00:00+00:00,11022806.423055556,11022806.423055556
2024-05-09 01:00:00+00:00,12027911.339444444,12027911.339444444
2024-05-09 02:00:00+00:00,11542843.865,11542843.865
2024-05-09 03:00:00+00:00,18195370.94333333,18195370.94333333
2024-05-09 04:00:00+00:00,19725662.245833334,19725662.245833334
2024-05-09 05:00:00+00:00,21740660.852222223,21740660.852222223
2024-05-09 06:00:00+00:00,27011128.23222222,27011128.23222222
2024-05-09 07:00:00+00:00,25348364.71138889,0.0
2024-05-09 08:00:00+00:00,20320958.491388887,20320958.491388887
2024-05-09 09:00:00+00:00,25448582.039722223,25448582.039722223
2024-05-09 10:00:00+00:00,24659717.02055556,24659717.02055556
2024-05-09 11:00:00+00:00,24033024.015277777,24033024.015277777
2024-05-09 12:00:00+00:00,28145629.65027778,28145629.65027778
2024-05-09 13:00:00+00:00,24617602.927222226,24617602.927222226
2024-05-09 14:00:00+00:00,20893222.40083333,0.0
2024-05-09 15:00:00+00:00,18938355.02972222,18938355.02972222
2024-05-09 16:00:00+00:00,21657582.937777776,21657582.937777776
2024-05-09 17:00:00+00:00,20523210.60722222,20523210.60722222
2024-05-09 18:00:00+00:00,21552250.498055555,21552250.498055555
2024-05-09 19:00:00+00:00,17882730.705833334,17882730.705833334
2024-05-09 20:00:00+00:00,14487245.34,14487245.34
2024-05-09 21:00:00+00:00,12682970.301111111,12682970.301111111
2024-05-09 22:00:00+00:00,8176025.003888889,8176025.003888889
2024-05-09 23:00:00+00:00,11925764.431666669,11925764.431666669
2024-05-10 00:00:00+00:00,12150075.24777778,12150075.24777778
2024-05-10 01:00:00+00:00,11931197.138611112,0.0
2024-05-10 02:00:00+00:00,8871437.738333333,0.0
2024-05-10 03:00:00+00:00,16245255.470555555,16245255.470555555
2024-05-10 04:00:00+00:00,22310192.347222224,22310192.347222224
2024-05-10 05:00:00+00:00,17612675.80111111,17612675.80111111
2024-05-10 06:00:00+00:00,26492985.234166667,26492985.234166667
2024-05-10 07:00:00+00:00,23579796.081944443,23579796.081944443
2024-05-10 08:00:00+00:00,20962572.11833333,20962572.11833333
2024-05-10 09:00:00+00:00,26284301.276388887,26284301.276388887
2024-05-10 10:00:00+00:00,23073437.58305556,23073437.58305556
2024-05-10 11:00:00+00:00,22148260.595,22148260.595
2024-05-10 12:00:00+00:00,28125400.66972222,28125400.66972222
2024-05-10 13:00:00+00:00,21502540.569166668,21502540.569166668
2024-05-10 14:00:00+00:00,20264089.82583333,20264089.82583333
2024-05-10 15:00:00+00:00,16822962.85638889,16822962.85638889
2024-05-10 16:00:00+00:00,22456804.044166666,0.0
2024-05-10 17:00:00+00:00,20243987.214444444,20243987.214444444
2024-05-10 18:00:00+00:00,22647754.850277778,22647754.850277778
2024-05-10 19:00:00+00:00,21380027.317222223,0.0
2024-05-10 20:00:00+00:00,24650358.490555555,0.0
2024-05-10 21:00:00+00:00,14720200.876944443,14720200.876944443
2024-05-10 22:00:00+00:00,10958440.38388889,10958440.38388889
2024-05-10 23:00:00+00:00,10517416.483888889,10517416.483888889
2024-05-11 00:00:00+00:00,15300492.98361111,15300492.98361111
2024-05-11 01:00:00+00:00,10253801.887777776,10253801.887777776
2024-05-11 02:00:00+00:00,13463995.584444445,13463995.584444445
2024-05-11 03:00:00+00:00,12051824.649722222,12051824.649722222
2024-05-11 04:00:00+00:00,13700218.589722222,13700218.589722222
2024-05-11 05:00:00+00:00,17150921.819166668,17150921.819166668
2024-05-11 06:00:00+00:00,16717548.675,16717548.675
2024-05-11 07:00:00+00:00,16725853.634444444,16725853.634444444
2024-05-11 08:00:00+00:00,21731913.669166666,21731913.669166666
2024-05-11 09:00:00+00:00,22790145.286944445,22790145.286944445
2024-05-11 10:00:00+00:00,18076476.52583333,18076476.52583333
2024-05-11 11:00:00+00:00,15711970.145555556,15711970.145555556
2024-05-11 12:00:00+00:00,15917582.20611111,15917582.20611111
2024-05-11 13:00:00+00:00,15412530.830555556,15412530.830555556
2024-05-11 14:00:00+00:00,12734935.265555557,0.0
2024-05-11 15:00:00+00:00,13746266.659722222,13746266.659722222
2024-05-11 16:00:00+00:00,16720069.248611111,0.0
2024-05-11 17:00:00+00:00,19526453.73583333,19526453.73583333
2024-05-11 18:00:00+00:00,20131658.410277776,0.0
2024-05-11 19:00:00+00:00,16260547.865833333,16260547.865833333
2024-05-11 20:00:00+00:00,14344653.101944445,14344653.101944445
2024-05-11 21:00:00+00:00,14903636.69388889,14903636.69388889
2024-05-11 22:00:00+00:00,9663607.304166667,9663607.304166667
2024-05-11 23:00:00+00:00,8197298.959722222,0.0
2024-05-12 00:00:00+00:00,8323986.801666667,8323986.801666667
2024-05-12 01:00:00+00:00,7740163.364444445,0.0
2024-05-12 02:00:00+00:00,8693759.12388889,8693759.12388889
2024-05-12 03:00:00+00:00,7747861.477777778,0.0
2024-05-12 04:00:00+00:00,10229791.768333333,10229791.768333333
2024-05-12 05:00:00+00:00,12860699.753333334,12860699.753333334
2024-05-12 06:00:00+00:00,16221048.5475,16221048.5475
2024-05-12 07:00:00+00:00,19600834.9075,19600834.9075
2024-05-12 08:00:00+00:00,19283018.694722224,19283018.694722224
2024-05-12 09:00:00+00:00,21846701.625,21846701.625
2024-05-12 10:00:00+00:00,20803867.73722222,20803867.73722222
2024-05-12 11:00:00+00:00,15599186.317777775,15599186.317777775
2024-05-12 12:00:00+00:00,18252564.45638889,18252564.45638889
2024-05-12 13:00:00+00:00,16751538.161388887,16751538.161388887
2024-05-12 14:00:00+00:00,18347705.43083333,18347705.43083333
2024-05-12 15:00:00+00:00,18976030.280555557,18976030.280555557
2024-05-12 16:00:00+00:00,18584959.040555555,18584959.040555555
2024-05-12 17:00:00+00:00,21503401.181111112,21503401.181111112
2024-05-12 18:00:00+00:00,19615074.86611111,19615074.86611111
2024-05-12 19:00:00+00:00,16839895.670277778,16839895.670277778
2024-05-12 20:00:00+00:00,13717661.58111111,13717661.58111111
2024-05-12 21:00:00+00:00,11262271.956666669,11262271.956666669
2024-05-12 22:00:00+00:00,10409974.583333334,0.0
2024-05-12 23:00:00+00:00,8909047.84861111,0.0
2024-05-13 00:00:00+00:00,6894092.795555555,6894092.795555555
2024-05-13 01:00:00+00:00,6201417.556944445,0.0
2024-05-13 02:00:00+00:00,10628341.198055556,0.0
2024-05-13 03:00:00+00:00,12249261.1575,12249261.1575
2024-05-13 04:00:00+00:00,23354016.19,23354016.19
2024-05-13 05:00:00+00:00,25973232.568055555,25973232.568055555
2024-05-13 06:00:00+00:00,23979654.609166667,23979654.609166667
2024-05-13 07:00:00+00:00,25100557.527777776,25100557.527777776
2024-05-13 08:00:00+00:00,22339059.979166668,22339059.979166668
2024-05-13 09:00:00+00:00,22694285.56,22694285.56
2024-05-13 10:00:00+00:00,31046929.642222226,0.0
2024-05-13 11:00:00+00:00,23398332.10138889,23398332.10138889
2024-05-13 12:00:00+00:00,27660464.77805556,27660464.77805556
2024-05-13 13:00:00+00:00,28514543.995277777,28514543.995277777
2024-05-13 14:00:00+00:00,30296510.736111112,30296510.736111112
2024-05-13 15:00:00+00:00,24116101.612777777,0.0
2024-05-13 16:00:00+00:00,24862990.343055557,24862990.343055557
2024-05-13 17:00:00+00:00,24515280.69833333,24515280.69833333
2024-05-13 18:00:00+00:00,29263396.352222223,29263396.352222223
2024-05-13 19:00:00+00:00,24558525.61388889,24558525.61388889
2024-05-13 20:00:00+00:00,13631789.543055557,0.0
2024-05-13 21:00:00+00:00,12973548.601666668,12973548.601666668
2024-05-13 22:00:00+00:00,9690473.492777778,9690473.492777778
2024-05-13 23:00:00+00:00,9833985.473333333,9833985.473333333
2024-05-14 00:00:00+00:00,8127748.426944445,8127748.426944445
2024-05-14 01:00:00+00:00,13517643.180277778,13517643.180277778
2024-05-14 02:00:00+00:00,16828331.079444446,16828331.079444446
2024-05-14 03:00:00+00:00,13469464.100277778,13469464.100277778
2024-05-14 04:00:00+00:00,23048365.741388887,23048365.741388887
2024-05-14 05:00:00+00:00,23431452.371666662,23431452.371666662
2024-05-14 06:00:00+00:00,28410702.75972222,28410702.75972222
2024-05-14 07:00:00+00:00,25113281.57222222,25113281.57222222
2024-05-14 08:00:00+00:00,28195054.089444444,28195054.089444444
2024-05-14 09:00:00+00:00,30161495.14638889,30161495.14638889
2024-05-14 10:00:00+00:00,28800610.96111111,28800610.96111111
2024-05-14 11:00:00+00:00,30531203.338888887,30531203.338888887
2024-05-14 12:00:00+00:00,24235573.900555555,24235573.900555555
2024-05-14 13:00:00+00:00,20322015.600555558,20322015.600555558
2024-05-14 14:00:00+00:00,27352868.035277776,27352868.035277776
2024-05-14 15:00:00+00:00,22171996.504722223,22171996.504722223
2024-05-14 16:00:00+00:00,21719555.03333333,21719555.03333333
2024-05-14 17:00:00+00:00,25964474.283888888,25964474.283888888
2024-05-14 18:00:00+00:00,26354359.44138889,26354359.44138889
2024-05-14 19:00:00+00:00,21693157.11027778,21693157.11027778
2024-05-14 20:00:00+00:00,18005753.965,0.0
2024-05-14 21:00:00+00:00,12098890.121111112,12098890.121111112
2024-05-14 22:00:00+00:00,7759576.772777778,7759576.772777778
2024-05-14 23:00:00+00:00,7493632.242777778,7493632.242777778
2024-05-15 00:00:00+00:00,10045540.518333333,10045540.518333333
2024-05-15 01:00:00+00:00,9062758.585555555,9062758.585555555
2024-05-15 02:00:00+00:00,12489409.175,12489409.175
2024-05-15 03:00:00+00:00,16019152.0175,16019152.0175
2024-05-15 04:00:00+00:00,26081707.452777777,26081707.452777777
2024-05-15 05:00:00+00:00,29326894.48888889,29326894.48888889
2024-05-15 06:00:00+00:00,30346501.73805556,30346501.73805556
2024-05-15 07:00:00+00:00,24584966.626944445,24584966.626944445
2024-05-15 08:00:00+00:00,31701140.922222223,31701140.922222223
2024-05-15 09:00:00+00:00,32564942.023333333,32564942.023333333
2024-05-15 10:00:00+00:00,24138386.736111112,0.0
2024-05-15 11:00:00+00:00,32940263.918333333,32940263.918333333
2024-05-15 12:00:00+00:00,28650185.83333333,28650185.83333333
2024-05-15 13:00:00+00:00,33883620.284166664,33883620.284166664
2024-05-15 14:00:00+00:00,23314297.816944443,23314297.816944443
2024-05-15 15:00:00+00:00,20989674.065277778,20989674.065277778
2024-05-15 16:00:00+00:00,23469261.127777778,23469261.127777778
2024-05-15 17:00:00+00:00,26976802.54027778,26976802.54027778
2024-05-15 18:00:00+00:00,25992730.67111111,25992730.67111111
2024-05-15 19:00:00+00:00,18416467.69722222,18416467.69722222
2024-05-15 20:00:00+00:00,16268170.286388887,16268170.286388887
2024-05-15 21:00:00+00:00,15232547.143888889,15232547.143888889
2024-05-15 22:00:00+00:00,8689303.85,8689303.85
2024-05-15 23:00:00+00:00,8829684.303333333,8829684.303333333
2024-05-16 00:00:00+00:00,9372186.506944444,9372186.506944444
2024-05-16 01:00:00+00:00,8164195.280833334,8164195.280833334
2024-05-16 02:00:00+00:00,11460452.64611111,11460452.64611111
2024-05-16 03:00:00+00:00,12890483.745,12890483.745
2024-05-16 04:00:00+00:00,18572446.02055556,18572446.02055556
2024-05-16 05:00:00+00:00,25858902.825,25858902.825
2024-05-16 06:00:00+00:00,24608648.68805556,24608648.68805556
2024-05-16 07:00:00+00:00,20898677.10555556,20898677.10555556
2024-05-16 08:00:00+00:00,24294841.1025,24294841.1025
2024-05-16 09:00:00+00:00,25199272.39333333,25199272.39333333
2024-05-16 10:00:00+00:00,24318986.857777774,24318986.857777774
2024-05-16 11:00:00+00:00,27567535.02611111,27567535.02611111
2024-05-16 12:00:00+00:00,21195078.296666667,21195078.296666667
2024-05-16 13:00:00+00:00,19843691.38777778,19843691.38777778
2024-05-16 14:00:00+00:00,17510914.405833334,17510914.405833334
2024-05-16 15:00:00+00:00,18571820.22083333,18571820.22083333
2024-05-16 16:00:00+00:00,27766332.06638889,27766332.06638889
2024-05-16 17:00:00+00:00,31047393.804722223,31047393.804722223
2024-05-16 18:00:00+00:00,31145812.14805556,31145812.14805556
2024-05-16 19:00:00+00:00,17890016.088888887,17890016.088888887
2024-05-16 20:00:00+00:00,15261533.160833333,0.0
2024-05-16 21:00:00+00:00,11263442.213611113,11263442.213611113
2024-05-16 22:00:00+00:00,12523372.073055556,12523372.073055556
2024-05-16 23:00:00+00:00,6569161.706944444,6569161.706944444
2024-05-17 00:00:00+00:00,7754403.921666667,7754403.921666667
2024-05-17 01:00:00+00:00,10933197.47,0.0
2024-05-17 02:00:00+00:00,10611036.011666669,10611036.011666669
2024-05-17 03:00:00+00:00,10951930.906388888,10951930.906388888
2024-05-17 04:00:00+00:00,15504320.855,15504320.855
2024-05-17 05:00:00+00:00,24671624.750277776,24671624.750277776
2024-05-17 06:00:00+00:00,24600184.433333334,24600184.433333334
2024-05-17 07:00:00+00:00,20253551.99027778,20253551.99027778
2024-05-17 08:00:00+00:00,30163472.690555558,30163472.690555558
2024-05-17 09:00:00+00:00,23818165.315277778,23818165.315277778
2024-05-17 10:00:00+00:00,29009293.469722223,29009293.469722223
2024-05-17 11:00:00+00:00,27393548.437222224,27393548.437222224
2024-05-17 12:00:00+00:00,30716939.237777777,30716939.237777777
2024-05-17 13:00:00+00:00,32756109.210277777,0.0
2024-05-17 14:00:00+00:00,30022969.73138889,30022969.73138889
2024-05-17 15:00:00+00:00,16661242.645277778,16661242.645277778
2024-05-17 16:00:00+00:00,18638603.933333334,18638603.933333334
2024-05-17 17:00:00+00:00,18546631.43138889,0.0
2024-05-17 18:00:00+00:00,34828761.645277776,34828761.645277776
2024-05-17 19:00:00+00:00,24745992.731666666,24745992.731666666
2024-05-17 20:00:00+00:00,15852132.852777775,0.0
2024-05-17 21:00:00+00:00,15229420.263055556,15229420.263055556
2024-05-17 22:00:00+00:00,13118044.85,13118044.85
2024-05-17 23:00:00+00:00,7919680.663611111,7919680.663611111
2024-05-18 00:00:00+00:00,13292474.088333333,13292474.088333333
2024-05-18 01:00:00+00:00,12000776.784444444,12000776.784444444
2024-05-18 02:00:00+00:00,10705400.823055556,10705400.823055556
2024-05-18 03:00:00+00:00,10432525.405833334,10432525.405833334
2024-05-18 04:00:00+00:00,29675388.716111112,29675388.716111112
2024-05-18 05:00:00+00:00,12767197.385,12767197.385
2024-05-18 06:00:00+00:00,16352097.454722222,16352097.454722222
2024-05-18 07:00:00+00:00,17650628.347222224,17650628.347222224
2024-05-18 08:00:00+00:00,20324548.275,20324548.275
2024-05-18 09:00:00+00:00,22795638.35694445,22795638.35694445
2024-05-18 10:00:00+00:00,17540380.158333335,17540380.158333335
2024-05-18 11:00:00+00:00,18289511.995277777,18289511.995277777
2024-05-18 12:00:00+00:00,17135669.55277778,17135669.55277778
2024-05-18 13:00:00+00:00,19235470.954722226,19235470.954722226
2024-05-18 14:00:00+00:00,17534286.282222223,0.0
2024-05-18 15:00:00+00:00,17491177.19,17491177.19
2024-05-18 16:00:00+00:00,18219719.743611112,18219719.743611112
2024-05-18 17:00:00+00:00,22169921.3825,22169921.3825
2024-05-18 18:00:00+00:00,20642888.269722223,0.0
2024-05-18 19:00:00+00:00,17181393.76138889,17181393.76138889
2024-05-18 20:00:00+00:00,17060262.59138889,17060262.59138889
2024-05-18 21:00:00+00:00,12758984.864444444,12758984.864444444
2024-05-18 22:00:00+00:00,8820487.896666666,8820487.896666666
2024-05-18 23:00:00+00:00,8770927.810555555,8770927.810555555
2024-05-19 00:00:00+00:00,6649008.140555556,6649008.140555556
2024-05-19 01:00:00+00:00,8339156.179166666,8339156.179166666
2024-05-19 02:00:00+00:00,9600328.333888888,9600328.333888888
2024-05-19 03:00:00+00:00,7941483.511944445,7941483.511944445
2024-05-19 04:00:00+00:00,9285346.751944443,9285346.751944443
2024-05-19 05:00:00+00:00,15228423.022777775,15228423.022777775
2024-05-19 06:00:00+00:00,15034665.788055556,15034665.788055556
2024-05-19 07:00:00+00:00,17308402.812222224,17308402.812222224
2024-05-19 08:00:00+00:00,18393398.45,18393398.45
2024-05-19 09:00:00+00:00,18153056.846388888,18153056.846388888
2024-05-19 10:00:00+00:00,22425106.820833333,0.0
2024-05-19 11:00:00+00:00,19895867.580555554,19895867.580555554
2024-05-19 12:00:00+00:00,17207061.835833333,17207061.835833333
2024-05-19 13:00:00+00:00,14704819.576666666,14704819.576666666
2024-05-19 14:00:00+00:00,13763884.541944444,13763884.541944444
2024-05-19 15:00:00+00:00,15544683.665555555,15544683.665555555
2024-05-19 16:00:00+00:00,17992594.905555554,17992594.905555554
2024-05-19 17:00:00+00:00,21517303.945,21517303.945
2024-05-19 18:00:00+00:00,21150889.58111111,21150889.58111111
2024-05-19 19:00:00+00:00,15297457.961666666,15297457.961666666
2024-05-19 20:00:00+00:00,15276845.43,15276845.43
2024-05-19 21:00:00+00:00,11051072.93638889,0.0
2024-05-19 22:00:00+00:00,6474928.249722222,6474928.249722222
2024-05-19 23:00:00+00:00,4597939.518888889,4597939.518888889
2024-05-20 00:00:00+00:00,5425821.098888889,5425821.098888889
2024-05-20 01:00:00+00:00,5170636.910555556,5170636.910555556
2024-05-20 02:00:00+00:00,6515684.9313888885,6515684.9313888885
2024-05-20 03:00:00+00:00,11918261.465555556,11918261.465555556
2024-05-20 04:00:00+00:00,19122425.56,19122425.56
2024-05-20 05:00:00+00:00,26849552.159444444,26849552.159444444
2024-05-20 06:00:00+00:00,20367027.44111111,20367027.44111111
2024-05-20 07:00:00+00:00,21811298.36027778,21811298.36027778
2024-05-20 08:00:00+00:00,32048140.062222224,32048140.062222224
2024-05-20 09:00:00+00:00,26724653.2525,26724653.2525
2024-05-20 10:00:00+00:00,23244330.317222223,23244330.317222223
2024-05-20 11:00:00+00:00,25969028.49555556,0.0
2024-05-20 12:00:00+00:00,26161301.96583333,26161301.96583333
2024-05-20 13:00:00+00:00,18429424.284722224,18429424.284722224
2024-05-20 14:00:00+00:00,19199311.42277778,19199311.42277778
2024-05-20 15:00:00+00:00,20496351.81583333,20496351.81583333
2024-05-20 16:00:00+00:00,18786404.09583333,18786404.09583333
2024-05-20 17:00:00+00:00,23337637.497222222,23337637.497222222
2024-05-20 18:00:00+00:00,19936544.66361111,19936544.66361111
2024-05-20 19:00:00+00:00,18777251.01861111,18777251.01861111
2024-05-20 20:00:00+00:00,17490940.529166665,17490940.529166665
2024-05-20 21:00:00+00:00,16832511.954722222,16832511.954722222
2024-05-20 22:00:00+00:00,11069535.433333334,11069535.433333334
2024-05-20 23:00:00+00:00,8766114.216388889,8766114.216388889
2024-05-21 00:00:00+00:00,6529178.852222222,0.0
2024-05-21 01:00:00+00:00,7109549.735277778,7109549.735277778
2024-05-21 02:00:00+00:00,10054599.547777778,10054599.547777778
2024-05-21 03:00:00+00:00,12557426.3,12557426.3
2024-05-21 04:00:00+00:00,21681767.522777777,21681767.522777777
2024-05-21 05:00:00+00:00,20296529.15777778,20296529.15777778
2024-05-21 06:00:00+00:00,24099797.8725,24099797.8725
2024-05-21 07:00:00+00:00,23407404.806111112,23407404.806111112
2024-05-21 08:00:00+00:00,23852044.29916667,23852044.29916667
2024-05-21 09:00:00+00:00,22988823.536111116,22988823.536111116
2024-05-21 10:00:00+00:00,23756852.29888889,23756852.29888889
2024-05-21 11:00:00+00:00,25406475.84222222,25406475.84222222
2024-05-21 12:00:00+00:00,27784947.93305556,27784947.93305556
2024-05-21 13:00:00+00:00,19896128.614166666,19896128.614166666
2024-05-21 14:00:00+00:00,19953533.513888888,19953533.513888888
2024-05-21 15:00:00+00:00,17226461.999722224,17226461.999722224
2024-05-21 16:00:00+00:00,14210386.736944444,14210386.736944444
2024-05-21 17:00:00+00:00,18536329.111111112,0.0
2024-05-21 18:00:00+00:00,15910341.171666669,15910341.171666669
2024-05-21 19:00:00+00:00,15195902.302222222,15195902.302222222
2024-05-21 20:00:00+00:00,8170592.964722223,8170592.964722223
2024-05-21 21:00:00+00:00,7455572.821666666,7455572.821666666
2024-05-21 22:00:00+00:00,4306427.747777778,4306427.747777778
2024-05-21 23:00:00+00:00,4449012.106944445,4449012.106944445
2024-05-22 00:00:00+00:00,4005862.379166667,0.0
2024-05-22 01:00:00+00:00,4072616.7883333336,4072616.7883333336
2024-05-22 02:00:00+00:00,5935088.813611111,5935088.813611111
2024-05-22 03:00:00+00:00,6901823.285555556,6901823.285555556
2024-05-22 04:00:00+00:00,11563040.311111111,11563040.311111111
2024-05-22 05:00:00+00:00,15719085.076666666,15719085.076666666
2024-05-22 06:00:00+00:00,15892755.324444445,15892755.324444445
2024-05-22 07:00:00+00:00,17408304.113333333,17408304.113333333
2024-05-22 08:00:00+00:00,15588082.675,15588082.675
2024-05-22 09:00:00+00:00,15732381.7525,15732381.7525
2024-05-22 10:00:00+00:00,12096175.305833334,12096175.305833334
2024-05-22 11:00:00+00:00,6919912.085555555,6919912.085555555
2024-05-22 12:00:00+00:00,10245618.614444444,0.0
2024-05-22 13:00:00+00:00,13985269.533611111,13985269.533611111
2024-05-22 14:00:00+00:00,11321649.212222222,11321649.212222222
2024-05-22 15:00:00+00:00,9218839.752777778,9218839.752777778
2024-05-22 16:00:00+00:00,10738877.142777778,10738877.142777778
2024-05-22 17:00:00+00:00,13576706.19861111,13576706.19861111
2024-05-22 18:00:00+00:00,11961543.589444444,11961543.589444444
2024-05-22 19:00:00+00:00,10290929.333888888,10290929.333888888
2024-05-22 20:00:00+00:00,8061300.970833333,8061300.970833333
2024-05-22 21:00:00+00:00,5907204.153888889,5907204.153888889
2024-05-22 22:00:00+00:00,4684925.925555555,4684925.925555555
2024-05-22 23:00:00+00:00,5562171.949444445,5562171.949444445
2024-05-23 00:00:00+00:00,4618421.682777777,4618421.682777777
2024-05-23 01:00:00+00:00,5650539.736388889,5650539.736388889
2024-05-23 02:00:00+00:00,6085088.451111111,6085088.451111111
2024-05-23 03:00:00+00:00,7766143.311666666,0.0
2024-05-23 04:00:00+00:00,3850970.251111111,3850970.251111111
2024-05-23 05:00:00+00:00,4843948.7675,4843948.7675
2024-05-23 06:00:00+00:00,5298358.554722223,5298358.554722223
2024-05-23 07:00:00+00:00,6244676.115555556,6244676.115555556
2024-05-23 08:00:00+00:00,9604900.329166668,9604900.329166668
2024-05-23 09:00:00+00:00,20061509.101666667,20061509.101666667
2024-05-23 10:00:00+00:00,19150061.48138889,19150061.48138889
2024-05-23 11:00:00+00:00,16148553.35861111,16148553.35861111
2024-05-23 12:00:00+00:00,19753774.581944443,0.0
2024-05-23 13:00:00+00:00,11969628.044722222,11969628.044722222
2024-05-23 14:00:00+00:00,12855613.617777778,12855613.617777778
2024-05-23 15:00:00+00:00,16135601.087222222,16135601.087222222
2024-05-23 16:00:00+00:00,16662242.946944444,16662242.946944444
2024-05-23 17:00:00+00:00,19519750.00527778,0.0
2024-05-23 18:00:00+00:00,18422130.129722223,18422130.129722223
2024-05-23 19:00:00+00:00,15727442.575555556,15727442.575555556
2024-05-23 20:00:00+00:00,11806655.633333333,11806655.633333333
2024-05-23 21:00:00+00:00,10457863.429444443,10457863.429444443
2024-05-23 22:00:00+00:00,8459858.155555556,0.0
2024-05-23 23:00:00+00:00,7488696.137222222,7488696.137222222
2024-05-24 00:00:00+00:00,7405584.378055556,0.0
2024-05-24 01:00:00+00:00,7286117.4025,7286117.4025
2024-05-24 02:00:00+00:00,8900731.9675,8900731.9675
2024-05-24 03:00:00+00:00,10213614.089444444,10213614.089444444
2024-05-24 04:00:00+00:00,13849425.150555557,13849425.150555557
2024-05-24 05:00:00+00:00,14710070.504444445,14710070.504444445
2024-05-24 06:00:00+00:00,16455562.50888889,16455562.50888889
2024-05-24 07:00:00+00:00,16278222.928888887,16278222.928888887
2024-05-24 08:00:00+00:00,15596712.503611112,15596712.503611112
2024-05-24 09:00:00+00:00,18435920.780555557,0.0
2024-05-24 10:00:00+00:00,17580859.211666666,0.0
2024-05-24 11:00:00+00:00,16825239.32222222,16825239.32222222
2024-05-24 12:00:00+00:00,14563667.279166669,14563667.279166669
2024-05-24 13:00:00+00:00,8396918.073055556,8396918.073055556
2024-05-24 14:00:00+00:00,8654084.765277777,8654084.765277777
2024-05-24 15:00:00+00:00,9283995.933611112,9283995.933611112
2024-05-24 16:00:00+00:00,6292717.138333334,6292717.138333334
2024-05-24 17:00:00+00:00,7029087.560833333,7029087.560833333
2024-05-24 18:00:00+00:00,7134717.899444444,7134717.899444444
2024-05-24 19:00:00+00:00,5585396.912777778,5585396.912777778
2024-05-24 20:00:00+00:00,4873093.4375,4873093.4375
2024-05-24 21:00:00+00:00,3858426.869444444,3858426.869444444
2024-05-24 22:00:00+00:00,3351883.6580555555,3351883.6580555555
2024-05-24 23:00:00+00:00,4240995.928611111,4240995.928611111
2024-05-25 00:00:00+00:00,2736226.9494444444,2736226.9494444444
2024-05-25 01:00:00+00:00,3015788.753055556,3015788.753055556
2024-05-25 02:00:00+00:00,2953926.213611111,2953926.213611111
2024-05-25 03:00:00+00:00,2753762.333055556,0.0
2024-05-25 04:00:00+00:00,1954308.8769444444,1954308.8769444444
2024-05-25 05:00:00+00:00,3999184.0516666663,3999184.0516666663
2024-05-25 06:00:00+00:00,6321592.029444444,6321592.029444444
2024-05-25 07:00:00+00:00,7285997.880555555,7285997.880555555
2024-05-25 08:00:00+00:00,7947203.8725,7947203.8725
2024-05-25 09:00:00+00:00,6644075.913333333,6644075.913333333
2024-05-25 10:00:00+00:00,8495978.750833333,8495978.750833333
2024-05-25 11:00:00+00:00,8650475.804166667,8650475.804166667
2024-05-25 12:00:00+00:00,9065566.163055556,9065566.163055556
2024-05-25 13:00:00+00:00,7353630.100277778,7353630.100277778
2024-05-25 14:00:00+00:00,5792514.521944445,5792514.521944445
2024-05-25 15:00:00+00:00,5613718.093333334,5613718.093333334
2024-05-25 16:00:00+00:00,6956613.998055556,6956613.998055556
2024-05-25 17:00:00+00:00,6360655.540277778,6360655.540277778
2024-05-25 18:00:00+00:00,6196056.78,6196056.78
2024-05-25 19:00:00+00:00,5094664.795555555,5094664.795555555
2024-05-25 20:00:00+00:00,5419677.498055556,5419677.498055556
2024-05-25 21:00:00+00:00,3873045.867222222,3873045.867222222
2024-05-25 22:00:00+00:00,3359567.264722222,3359567.264722222
2024-05-25 23:00:00+00:00,2988832.555,2988832.555
2024-05-26 00:00:00+00:00,4043840.444444445,4043840.444444445
2024-05-26 01:00:00+00:00,3764373.436388889,3764373.436388889
2024-05-26 02:00:00+00:00,5165988.935,5165988.935
2024-05-26 03:00:00+00:00,3072202.9166666665,3072202.9166666665
2024-05-26 04:00:00+00:00,3469111.761388889,3469111.761388889
2024-05-26 05:00:00+00:00,4394471.708333333,4394471.708333333
2024-05-26 06:00:00+00:00,4996814.199166667,4996814.199166667
2024-05-26 07:00:00+00:00,5877388.528888889,5877388.528888889
2024-05-26 08:00:00+00:00,10374959.10861111,10374959.10861111
2024-05-26 09:00:00+00:00,8215097.5025,8215097.5025
2024-05-26 10:00:00+00:00,12033547.586111112,12033547.586111112
2024-05-26 11:00:00+00:00,11888543.344166666,11888543.344166666
2024-05-26 12:00:00+00:00,11700908.937222222,11700908.937222222
2024-05-26 13:00:00+00:00,13197276.225833334,13197276.225833334
2024-05-26 14:00:00+00:00,10171777.718333334,10171777.718333334
2024-05-26 15:00:00+00:00,9990214.006944444,9990214.006944444
2024-05-26 16:00:00+00:00,13809100.219722224,13809100.219722224
2024-05-26 17:00:00+00:00,15680741.700555556,15680741.700555556
2024-05-26 18:00:00+00:00,16585496.946944444,16585496.946944444
2024-05-26 19:00:00+00:00,12025594.88138889,12025594.88138889
2024-05-26 20:00:00+00:00,8361231.889444444,0.0
2024-05-26 21:00:00+00:00,6657130.373333333,6657130.373333333
2024-05-26 22:00:00+00:00,4147676.282777778,4147676.282777778
2024-05-26 23:00:00+00:00,4306288.449722222,4306288.449722222
2024-05-27 00:00:00+00:00,3918014.4747222224,3918014.4747222224
2024-05-27 01:00:00+00:00,3848526.6227777777,3848526.6227777777
2024-05-27 02:00:00+00:00,4878963.331388889,4878963.331388889
2024-05-27 03:00:00+00:00,7161284.608333333,7161284.608333333
2024-05-27 04:00:00+00:00,10441362.806666669,10441362.806666669
2024-05-27 05:00:00+00:00,12303955.352222225,12303955.352222225
2024-05-27 06:00:00+00:00,16578040.746111112,16578040.746111112
2024-05-27 07:00:00+00:00,19096489.254444443,19096489.254444443
2024-05-27 08:00:00+00:00,14343086.037777778,0.0
2024-05-27 09:00:00+00:00,19190397.966944445,19190397.966944445
2024-05-27 10:00:00+00:00,17597808.91722222,17597808.91722222
2024-05-27 11:00:00+00:00,13365318.469166666,13365318.469166666
2024-05-27 12:00:00+00:00,12329537.165,12329537.165
2024-05-27 13:00:00+00:00,10164555.823888889,10164555.823888889
2024-05-27 14:00:00+00:00,12691759.862777775,12691759.862777775
2024-05-27 15:00:00+00:00,10150973.6825,10150973.6825
2024-05-27 16:00:00+00:00,12449133.548333334,12449133.548333334
2024-05-27 17:00:00+00:00,10978361.9675,10978361.9675
2024-05-27 18:00:00+00:00,11386435.647222225,11386435.647222225
2024-05-27 19:00:00+00:00,10309735.906388888,10309735.906388888
2024-05-27 20:00:00+00:00,7589295.388888889,7589295.388888889
2024-05-27 21:00:00+00:00,7518349.213055556,7518349.213055556
2024-05-27 22:00:00+00:00,6481193.511666667,6481193.511666667
2024-05-27 23:00:00+00:00,3331726.8919444443,3331726.8919444443
2024-05-28 00:00:00+00:00,3533842.764722222,3533842.764722222
2024-05-28 01:00:00+00:00,3138256.341666667,3138256.341666667
2024-05-28 02:00:00+00:00,5134414.894166667,5134414.894166667
2024-05-28 03:00:00+00:00,5736531.443888889,5736531.443888889
2024-05-28 04:00:00+00:00,8573789.897222223,0.0
2024-05-28 05:00:00+00:00,12344843.066666666,12344843.066666666
2024-05-28 06:00:00+00:00,10861996.88138889,10861996.88138889
2024-05-28 07:00:00+00:00,12185896.03,12185896.03
2024-05-28 08:00:00+00:00,11596502.502777778,11596502.502777778
2024-05-28 09:00:00+00:00,13471155.076944444,13471155.076944444
2024-05-28 10:00:00+00:00,10862964.858888889,10862964.858888889
2024-05-28 11:00:00+00:00,11875076.700555556,11875076.700555556
2024-05-28 12:00:00+00:00,10235756.19638889,10235756.19638889
2024-05-28 13:00:00+00:00,10972900.9225,10972900.9225
2024-05-28 14:00:00+00:00,9348240.445555557,9348240.445555557
2024-05-28 15:00:00+00:00,10487223.1075,10487223.1075
2024-05-28 16:00:00+00:00,13031658.254444445,13031658.254444445
2024-05-28 17:00:00+00:00,11925577.34638889,11925577.34638889
2024-05-28 18:00:00+00:00,10773662.001388889,10773662.001388889
2024-05-28 19:00:00+00:00,11327332.41,11327332.41
2024-05-28 20:00:00+00:00,8734410.916944444,8734410.916944444
2024-05-28 21:00:00+00:00,6741546.9125,6741546.9125
2024-05-28 22:00:00+00:00,4918224.320833334,4918224.320833334
2024-05-28 23:00:00+00:00,4892355.8619444445,4892355.8619444445
2024-05-29 00:00:00+00:00,4352887.833333333,4352887.833333333
2024-05-29 01:00:00+00:00,3672853.1225,3672853.1225
2024-05-29 02:00:00+00:00,5276618.770555556,0.0
2024-05-29 03:00:00+00:00,7378444.363333333,7378444.363333333
2024-05-29 04:00:00+00:00,9729894.141666668,9729894.141666668
2024-05-29 05:00:00+00:00,13105959.44638889,13105959.44638889
2024-05-29 06:00:00+00:00,14109273.55611111,14109273.55611111
2024-05-29 07:00:00+00:00,12995094.12,12995094.12
2024-05-29 08:00:00+00:00,11939590.887222225,11939590.887222225
2024-05-29 09:00:00+00:00,13608283.470833331,13608283.470833331
2024-05-29 10:00:00+00:00,15380923.7375,0.0
2024-05-29 11:00:00+00:00,14655372.013611112,14655372.013611112
2024-05-29 12:00:00+00:00,15099126.739166666,15099126.739166666
2024-05-29 13:00:00+00:00,11833443.456944443,11833443.456944443
2024-05-29 14:00:00+00:00,10493594.757777778,10493594.757777778
2024-05-29 15:00:00+00:00,14341035.926944444,0.0
2024-05-29 16:00:00+00:00,12424287.69,12424287.69
2024-05-29 17:00:00+00:00,11062018.325833334,11062018.325833334
2024-05-29 18:00:00+00:00,9967271.266944444,9967271.266944444
2024-05-29 19:00:00+00:00,8542974.91,0.0
2024-05-29 20:00:00+00:00,6523399.801388889,6523399.801388889
2024-05-29 21:00:00+00:00,8577330.3675,8577330.3675
2024-05-29 22:00:00+00:00,6383029.601944445,6383029.601944445
2024-05-29 23:00:00+00:00,5677463.518333334,5677463.518333334
2024-05-30 00:00:00+00:00,5189059.738888889,5189059.738888889
2024-05-30 01:00:00+00:00,5109424.695833334,5109424.695833334
2024-05-30 02:00:00+00:00,6664250.826111111,6664250.826111111
2024-05-30 03:00:00+00:00,6722914.895277778,6722914.895277778
2024-05-30 04:00:00+00:00,9406790.861111112,0.0
2024-05-30 05:00:00+00:00,12616081.930277778,12616081.930277778
2024-05-30 06:00:00+00:00,14363634.193333331,14363634.193333331
2024-05-30 07:00:00+00:00,13034020.09111111,13034020.09111111
2024-05-30 08:00:00+00:00,12640129.050277775,12640129.050277775
2024-05-30 09:00:00+00:00,14739963.713611113,0.0
2024-05-30 10:00:00+00:00,12701059.43972222,12701059.43972222
2024-05-30 11:00:00+00:00,14426005.14,14426005.14
2024-05-30 12:00:00+00:00,11930281.4375,11930281.4375
2024-05-30 13:00:00+00:00,10299378.138888888,0.0
2024-05-30 14:00:00+00:00,12022562.11388889,12022562.11388889
2024-05-30 15:00:00+00:00,11071259.650555557,11071259.650555557
2024-05-30 16:00:00+00:00,11364056.380277775,11364056.380277775
2024-05-30 17:00:00+00:00,11192537.203333331,11192537.203333331
2024-05-30 18:00:00+00:00,9997481.0,0.0
2024-05-30 19:00:00+00:00,7450752.485555556,7450752.485555556
2024-05-30 20:00:00+00:00,8512119.025833333,8512119.025833333
2024-05-30 21:00:00+00:00,9119682.955555556,9119682.955555556
2024-05-30 22:00:00+00:00,5514461.168611111,5514461.168611111
2024-05-30 23:00:00+00:00,4623799.362222223,0.0
2024-05-31 00:00:00+00:00,4484381.769722222,4484381.769722222
2024-05-31 01:00:00+00:00,4749289.655833334,4749289.655833334
2024-05-31 02:00:00+00:00,5644788.728611111,5644788.728611111
2024-05-31 03:00:00+00:00,7134535.85,7134535.85
2024-05-31 04:00:00+00:00,9086121.273333332,9086121.273333332
2024-05-31 05:00:00+00:00,11645930.561111111,11645930.561111111
2024-05-31 06:00:00+00:00,12854825.566666666,12854825.566666666
2024-05-31 07:00:00+00:00,12839735.959166666,12839735.959166666
2024-05-31 08:00:00+00:00,14503421.245555555,0.0
2024-05-31 09:00:00+00:00,13096665.204166668,13096665.204166668
2024-05-31 10:00:00+00:00,14936765.156944444,14936765.156944444
2024-05-31 11:00:00+00:00,13013237.428333333,13013237.428333333
2024-05-31 12:00:00+00:00,10077057.619722225,10077057.619722225
2024-05-31 13:00:00+00:00,10344429.484444443,10344429.484444443
2024-05-31 14:00:00+00:00,9998967.581666669,9998967.581666669
2024-05-31 15:00:00+00:00,12707510.919166667,12707510.919166667
2024-05-31 16:00:00+00:00,8384521.559166667,8384521.559166667
2024-05-31 17:00:00+00:00,9396097.438333333,9396097.438333333
2024-05-31 18:00:00+00:00,11872948.142777778,11872948.142777778
2024-05-31 19:00:00+00:00,8512712.974444445,8512712.974444445
2024-05-31 20:00:00+00:00,8183294.708055556,8183294.708055556
2024-05-31 21:00:00+00:00,13658709.437777778,13658709.437777778
2024-05-31 22:00:00+00:00,5956130.191944445,0.0
2024-05-31 23:00:00+00:00,8317641.903888889,8317641.903888889
2024-06-01 00:00:00+00:00,10666686.126944443,10666686.126944443
2024-06-01 01:00:00+00:00,5144856.860833333,5144856.860833333
2024-06-01 02:00:00+00:00,8302768.794722222,8302768.794722222
2024-06-01 03:00:00+00:00,6102441.369722222,6102441.369722222
2024-06-01 04:00:00+00:00,11191246.042222222,11191246.042222222
2024-06-01 05:00:00+00:00,7940753.912222222,7940753.912222222
2024-06-01 06:00:00+00:00,8431663.543611111,8431663.543611111
2024-06-01 07:00:00+00:00,7629480.347777777,7629480.347777777
2024-06-01 08:00:00+00:00,10453248.592777776,10453248.592777776
2024-06-01 09:00:00+00:00,12236832.178333333,12236832.178333333
2024-06-01 10:00:00+00:00,9863552.895555556,9863552.895555556
2024-06-01 11:00:00+00:00,9875081.718888888,9875081.718888888
2024-06-01 12:00:00+00:00,11238494.984722223,11238494.984722223
2024-06-01 13:00:00+00:00,10225356.870277775,10225356.870277775
2024-06-01 14:00:00+00:00,9617025.2925,9617025.2925
2024-06-01 15:00:00+00:00,8986975.6375,8986975.6375
2024-06-01 16:00:00+00:00,9015042.74888889,9015042.74888889
2024-06-01 17:00:00+00:00,9964135.001666669,9964135.001666669
2024-06-01 18:00:00+00:00,9120810.961666666,9120810.961666666
2024-06-01 19:00:00+00:00,7687102.865,7687102.865
2024-06-01 20:00:00+00:00,6840805.485833333,6840805.485833333
2024-06-01 21:00:00+00:00,8644370.2775,8644370.2775
2024-06-01 22:00:00+00:00,6068616.701666667,0.0
2024-06-01 23:00:00+00:00,4055970.4141666666,0.0
2024-06-02 00:00:00+00:00,4594380.268333334,4594380.268333334
2024-06-02 01:00:00+00:00,3842270.645,3842270.645
2024-06-02 02:00:00+00:00,4333435.2575,4333435.2575
2024-06-02 03:00:00+00:00,4681214.795277778,4681214.795277778
2024-06-02 04:00:00+00:00,4910386.15,4910386.15
2024-06-02 05:00:00+00:00,6433989.451388889,6433989.451388889
2024-06-02 06:00:00+00:00,7221737.439444444,7221737.439444444
2024-06-02 07:00:00+00:00,7879556.445,7879556.445
2024-06-02 08:00:00+00:00,10059018.0725,10059018.0725
2024-06-02 09:00:00+00:00,9199164.409166666,9199164.409166666
2024-06-02 10:00:00+00:00,10576700.385833334,10576700.385833334
2024-06-02 11:00:00+00:00,12116000.611388888,12116000.611388888
2024-06-02 12:00:00+00:00,9430234.669722222,0.0
2024-06-02 13:00:00+00:00,9329199.018888889,9329199.018888889
2024-06-02 14:00:00+00:00,9251269.310555557,0.0
2024-06-02 15:00:00+00:00,10130465.844166666,0.0
2024-06-02 16:00:00+00:00,11277220.24888889,11277220.24888889
2024-06-02 17:00:00+00:00,9513546.763611112,9513546.763611112
2024-06-02 18:00:00+00:00,12538139.445833333,12538139.445833333
2024-06-02 19:00:00+00:00,12865266.596666666,12865266.596666666
2024-06-02 20:00:00+00:00,7962567.129166666,7962567.129166666
2024-06-02 21:00:00+00:00,6859762.0625,0.0
2024-06-02 22:00:00+00:00,3943924.95,3943924.95
2024-06-02 23:00:00+00:00,3257966.168611111,3257966.168611111
2024-06-03 00:00:00+00:00,3550163.458333333,3550163.458333333
2024-06-03 01:00:00+00:00,3965718.32,3965718.32
2024-06-03 02:00:00+00:00,4575149.109722222,4575149.109722222
2024-06-03 03:00:00+00:00,7501807.814166667,7501807.814166667
2024-06-03 04:00:00+00:00,9371200.248055557,9371200.248055557
2024-06-03 05:00:00+00:00,10562148.839444444,10562148.839444444
2024-06-03 06:00:00+00:00,15383641.197777778,15383641.197777778
2024-06-03 07:00:00+00:00,13455114.796388889,0.0
2024-06-03 08:00:00+00:00,11539427.646388888,11539427.646388888
2024-06-03 09:00:00+00:00,12518750.658055555,12518750.658055555
2024-06-03 10:00:00+00:00,12606198.826111112,0.0
2024-06-03 11:00:00+00:00,13954752.494166669,0.0
2024-06-03 12:00:00+00:00,12287137.935833331,12287137.935833331
2024-06-03 13:00:00+00:00,14291480.280555556,14291480.280555556
2024-06-03 14:00:00+00:00,14272187.9425,14272187.9425
2024-06-03 15:00:00+00:00,11890342.99,11890342.99
2024-06-03 16:00:00+00:00,10054558.48888889,10054558.48888889
2024-06-03 17:00:00+00:00,13511316.299722224,13511316.299722224
2024-06-03 18:00:00+00:00,12363196.385277778,12363196.385277778
2024-06-03 19:00:00+00:00,9150446.33222222,9150446.33222222
2024-06-03 20:00:00+00:00,7861663.910833334,7861663.910833334
2024-06-03 21:00:00+00:00,7943062.910277777,7943062.910277777
2024-06-03 22:00:00+00:00,4767478.106666666,4767478.106666666
2024-06-03 23:00:00+00:00,3864184.197777778,3864184.197777778
2024-06-04 00:00:00+00:00,3555557.666388889,3555557.666388889
2024-06-04 01:00:00+00:00,3132751.9844444445,3132751.9844444445
2024-06-04 02:00:00+00:00,4046687.237777778,4046687.237777778
2024-06-04 03:00:00+00:00,6430611.875277778,6430611.875277778
2024-06-04 04:00:00+00:00,11131282.73138889,11131282.73138889
2024-06-04 05:00:00+00:00,11613317.601666668,11613317.601666668
2024-06-04 06:00:00+00:00,13866540.13138889,13866540.13138889
2024-06-04 07:00:00+00:00,11474017.9875,11474017.9875
2024-06-04 08:00:00+00:00,24110825.280277777,24110825.280277777
2024-06-04 09:00:00+00:00,18659474.34388889,18659474.34388889
2024-06-04 10:00:00+00:00,18300858.3025,0.0
2024-06-04 11:00:00+00:00,16576093.62388889,16576093.62388889
2024-06-04 12:00:00+00:00,16031464.6625,16031464.6625
2024-06-04 13:00:00+00:00,14378369.169722222,14378369.169722222
2024-06-04 14:00:00+00:00,16217931.012222225,16217931.012222225
2024-06-04 15:00:00+00:00,9745054.65,0.0
2024-06-04 16:00:00+00:00,12449795.325833334,12449795.325833334
2024-06-04 17:00:00+00:00,12307119.358055556,12307119.358055556
2024-06-04 18:00:00+00:00,17780322.32888889,17780322.32888889
2024-06-04 19:00:00+00:00,12597763.953333331,0.0
2024-06-04 20:00:00+00:00,10688348.482777778,10688348.482777778
2024-06-04 21:00:00+00:00,9991048.504166666,9991048.504166666
2024-06-04 22:00:00+00:00,5778083.838055556,5778083.838055556
2024-06-04 23:00:00+00:00,4719904.840277778,4719904.840277778
2024-06-05 00:00:00+00:00,7724540.009444444,0.0
2024-06-05 01:00:00+00:00,5386993.9125,0.0
2024-06-05 02:00:00+00:00,6778154.306944445,6778154.306944445
2024-06-05 03:00:00+00:00,8083534.529722222,8083534.529722222
2024-06-05 04:00:00+00:00,11570757.074166669,11570757.074166669
2024-06-05 05:00:00+00:00,15538385.121388888,15538385.121388888
2024-06-05 06:00:00+00:00,18894577.96861111,18894577.96861111
2024-06-05 07:00:00+00:00,17665013.990833335,17665013.990833335
2024-06-05 08:00:00+00:00,19094631.364722226,19094631.364722226
2024-06-05 09:00:00+00:00,21572727.928055555,21572727.928055555
2024-06-05 10:00:00+00:00,18098089.86361111,18098089.86361111
2024-06-05 11:00:00+00:00,12672849.775833333,12672849.775833333
2024-06-05 12:00:00+00:00,13009362.056388889,13009362.056388889
2024-06-05 13:00:00+00:00,12803297.824722225,12803297.824722225
2024-06-05 14:00:00+00:00,14261335.080555556,14261335.080555556
2024-06-05 15:00:00+00:00,11004628.005555555,11004628.005555555
2024-06-05 16:00:00+00:00,11719466.584166666,0.0
2024-06-05 17:00:00+00:00,14145374.0475,14145374.0475
2024-06-05 18:00:00+00:00,12546641.531944444,12546641.531944444
2024-06-05 19:00:00+00:00,11734285.104722222,11734285.104722222
2024-06-05 20:00:00+00:00,9181911.087222222,0.0
2024-06-05 21:00:00+00:00,7224245.856111111,7224245.856111111
2024-06-05 22:00:00+00:00,4933689.595555556,4933689.595555556
2024-06-05 23:00:00+00:00,3979496.9383333335,3979496.9383333335
2024-06-06 00:00:00+00:00,4753627.5375,4753627.5375
2024-06-06 01:00:00+00:00,6980987.943055555,6980987.943055555
2024-06-06 02:00:00+00:00,5670158.392222222,5670158.392222222
2024-06-06 03:00:00+00:00,6555827.2908333335,6555827.2908333335
2024-06-06 04:00:00+00:00,11876452.60527778,11876452.60527778
2024-06-06 05:00:00+00:00,15202321.620833334,15202321.620833334
2024-06-06 06:00:00+00:00,13181730.111111112,13181730.111111112
2024-06-06 07:00:00+00:00,16598016.946111113,16598016.946111113
2024-06-06 08:00:00+00:00,10899359.639166666,10899359.639166666
2024-06-06 09:00:00+00:00,12026583.96277778,12026583.96277778
2024-06-06 10:00:00+00:00,13249465.764722222,13249465.764722222
2024-06-06 11:00:00+00:00,13789658.57361111,13789658.57361111
2024-06-06 12:00:00+00:00,16395342.091388889,16395342.091388889
2024-06-06 13:00:00+00:00,11641942.920555556,11641942.920555556
2024-06-06 14:00:00+00:00,11468472.3875,11468472.3875
2024-06-06 15:00:00+00:00,13232003.746666666,13232003.746666666
2024-06-06 16:00:00+00:00,10635880.56,10635880.56
2024-06-06 17:00:00+00:00,13745138.459444445,13745138.459444445
2024-06-06 18:00:00+00:00,14762986.442777775,14762986.442777775
2024-06-06 19:00:00+00:00,13817852.740833333,13817852.740833333
2024-06-06 20:00:00+00:00,9145007.324444445,9145007.324444445
2024-06-06 21:00:00+00:00,12340869.38611111,12340869.38611111
2024-06-06 22:00:00+00:00,10646510.354166666,10646510.354166666
2024-06-06 23:00:00+00:00,7125777.0408333335,7125777.0408333335
2024-06-07 00:00:00+00:00,6937301.163888888,6937301.163888888
2024-06-07 01:00:00+00:00,8379422.488333333,0.0
2024-06-07 02:00:00+00:00,7604063.588611111,7604063.588611111
2024-06-07 03:00:00+00:00,8949225.026944444,8949225.026944444
2024-06-07 04:00:00+00:00,9362076.506944444,0.0
2024-06-07 05:00:00+00:00,9436407.010555556,9436407.010555556
2024-06-07 06:00:00+00:00,12211972.296666669,12211972.296666669
2024-06-07 07:00:00+00:00,12151900.636944445,12151900.636944445
2024-06-07 08:00:00+00:00,11746616.715,11746616.715
2024-06-07 09:00:00+00:00,14152800.711944444,14152800.711944444
2024-06-07 10:00:00+00:00,18709636.889444444,18709636.889444444
2024-06-07 11:00:00+00:00,16579851.935,16579851.935
2024-06-07 12:00:00+00:00,12918616.086666666,12918616.086666666
2024-06-07 13:00:00+00:00,12978087.135555556,12978087.135555556
2024-06-07 14:00:00+00:00,12061935.373611111,12061935.373611111
2024-06-07 15:00:00+00:00,13148450.315555556,13148450.315555556
2024-06-07 16:00:00+00:00,10734146.546388889,10734146.546388889
2024-06-07 17:00:00+00:00,13157950.193611111,13157950.193611111
2024-06-07 18:00:00+00:00,15223783.016111111,15223783.016111111
2024-06-07 19:00:00+00:00,10762889.352777775,10762889.352777775
2024-06-07 20:00:00+00:00,11091281.484722223,11091281.484722223
2024-06-07 21:00:00+00:00,11090327.67111111,11090327.67111111
2024-06-07 22:00:00+00:00,6909218.502222222,6909218.502222222
2024-06-07 23:00:00+00:00,5087366.434444444,5087366.434444444
2024-06-08 00:00:00+00:00,8394118.811111111,8394118.811111111
2024-06-08 01:00:00+00:00,10297452.736666666,10297452.736666666
2024-06-08 02:00:00+00:00,5065223.565,5065223.565
2024-06-08 03:00:00+00:00,6294765.111111111,6294765.111111111
2024-06-08 04:00:00+00:00,6961631.65,0.0
2024-06-08 05:00:00+00:00,9857325.219722224,9857325.219722224
2024-06-08 06:00:00+00:00,9822452.747222222,9822452.747222222
2024-06-08 07:00:00+00:00,12216548.263055556,12216548.263055556
2024-06-08 08:00:00+00:00,10428748.84638889,10428748.84638889
2024-06-08 09:00:00+00:00,11561830.2275,11561830.2275
2024-06-08 10:00:00+00:00,10940885.444166666,10940885.444166666
2024-06-08 11:00:00+00:00,12399497.901111113,12399497.901111113
2024-06-08 12:00:00+00:00,11539896.701666666,11539896.701666666
2024-06-08 13:00:00+00:00,11427111.908611111,11427111.908611111
2024-06-08 14:00:00+00:00,12054880.393888889,12054880.393888889
2024-06-08 15:00:00+00:00,18160190.564166665,18160190.564166665
2024-06-08 16:00:00+00:00,10476464.130555555,10476464.130555555
2024-06-08 17:00:00+00:00,10433484.482222222,10433484.482222222
2024-06-08 18:00:00+00:00,10817118.851388888,10817118.851388888
2024-06-08 19:00:00+00:00,8524456.1725,8524456.1725
2024-06-08 20:00:00+00:00,7491117.395277778,7491117.395277778
2024-06-08 21:00:00+00:00,8044642.528333333,0.0
2024-06-08 22:00:00+00:00,6932533.264166667,6932533.264166667
2024-06-08 23:00:00+00:00,5796325.193055555,0.0
2024-06-09 00:00:00+00:00,4360602.494444445,4360602.494444445
2024-06-09 01:00:00+00:00,5385879.483055555,5385879.483055555
2024-06-09 02:00:00+00:00,6022332.941388889,6022332.941388889
2024-06-09 03:00:00+00:00,7371819.035833334,7371819.035833334
2024-06-09 04:00:00+00:00,6902509.382222222,6902509.382222222
2024-06-09 05:00:00+00:00,8207792.680555556,8207792.680555556
2024-06-09 06:00:00+00:00,9011533.78722222,0.0
2024-06-09 07:00:00+00:00,14086184.915,14086184.915
2024-06-09 08:00:00+00:00,12585018.6975,12585018.6975
2024-06-09 09:00:00+00:00,11450166.294166667,11450166.294166667
2024-06-09 10:00:00+00:00,10830285.51861111,10830285.51861111
2024-06-09 11:00:00+00:00,12708354.8575,12708354.8575
2024-06-09 12:00:00+00:00,12088127.93,12088127.93
2024-06-09 13:00:00+00:00,12028449.543611111,12028449.543611111
2024-06-09 14:00:00+00:00,11008510.11,11008510.11
2024-06-09 15:00:00+00:00,11648406.649444444,11648406.649444444
2024-06-09 16:00:00+00:00,13086046.407222224,13086046.407222224
2024-06-09 17:00:00+00:00,13958935.629444445,13958935.629444445
2024-06-09 18:00:00+00:00,12897808.47,12897808.47
2024-06-09 19:00:00+00:00,12457659.68861111,12457659.68861111
2024-06-09 20:00:00+00:00,9631584.958333334,9631584.958333334
2024-06-09 21:00:00+00:00,8070500.988333333,8070500.988333333
2024-06-09 22:00:00+00:00,6405996.6883333335,6405996.6883333335
2024-06-09 23:00:00+00:00,5027332.690833333,5027332.690833333
2024-06-10 00:00:00+00:00,5334143.019722222,5334143.019722222
2024-06-10 01:00:00+00:00,5992940.648333333,5992940.648333333
2024-06-10 02:00:00+00:00,5954715.269444444,5954715.269444444
2024-06-10 03:00:00+00:00,8819783.036388889,8819783.036388889
2024-06-10 04:00:00+00:00,10790338.616388887,10790338.616388887
2024-06-10 05:00:00+00:00,12383060.07888889,12383060.07888889
2024-06-10 06:00:00+00:00,17290028.27388889,0.0
2024-06-10 07:00:00+00:00,18004493.34972222,18004493.34972222
2024-06-10 08:00:00+00:00,17288144.65861111,17288144.65861111
2024-06-10 09:00:00+00:00,17182349.04388889,17182349.04388889
2024-06-10 10:00:00+00:00,21412435.701666668,0.0
2024-06-10 11:00:00+00:00,18219162.28277778,18219162.28277778
2024-06-10 12:00:00+00:00,16479874.373611111,16479874.373611111
2024-06-10 13:00:00+00:00,16768118.685,16768118.685
2024-06-10 14:00:00+00:00,17626792.483055554,17626792.483055554
2024-06-10 15:00:00+00:00,18974596.507222224,0.0
2024-06-10 16:00:00+00:00,16405958.409444444,16405958.409444444
2024-06-10 17:00:00+00:00,15031427.704722222,15031427.704722222
2024-06-10 18:00:00+00:00,14222647.673055556,14222647.673055556
2024-06-10 19:00:00+00:00,12146236.557222225,12146236.557222225
2024-06-10 20:00:00+00:00,11079254.908333331,0.0
2024-06-10 21:00:00+00:00,11710635.846944444,11710635.846944444
2024-06-10 22:00:00+00:00,6846094.015,0.0
2024-06-10 23:00:00+00:00,8958982.565277778,8958982.565277778
2024-06-11 00:00:00+00:00,8759698.9225,8759698.9225
2024-06-11 01:00:00+00:00,16547859.406111112,16547859.406111112
2024-06-11 02:00:00+00:00,7939879.686944445,7939879.686944445
2024-06-11 03:00:00+00:00,8175906.630555555,8175906.630555555
2024-06-11 04:00:00+00:00,11950476.98888889,11950476.98888889
2024-06-11 05:00:00+00:00,16631105.1275,16631105.1275
2024-06-11 06:00:00+00:00,15230586.46,15230586.46
2024-06-11 07:00:00+00:00,17332746.158333335,17332746.158333335
2024-06-11 08:00:00+00:00,17335657.95777778,17335657.95777778
2024-06-11 09:00:00+00:00,19907718.589166667,19907718.589166667
2024-06-11 10:00:00+00:00,21215570.20083333,21215570.20083333
2024-06-11 11:00:00+00:00,18425004.20805556,18425004.20805556
2024-06-11 12:00:00+00:00,17940160.913055554,17940160.913055554
2024-06-11 13:00:00+00:00,18156400.557777777,18156400.557777777
2024-06-11 14:00:00+00:00,16260067.913888888,16260067.913888888
2024-06-11 15:00:00+00:00,17060754.279166665,17060754.279166665
2024-06-11 16:00:00+00:00,11475062.585,11475062.585
2024-06-11 17:00:00+00:00,11220302.531944444,11220302.531944444
2024-06-11 18:00:00+00:00,11229908.0475,0.0
2024-06-11 19:00:00+00:00,14526220.47472222,14526220.47472222
2024-06-11 20:00:00+00:00,9293195.853333334,9293195.853333334
2024-06-11 21:00:00+00:00,8749127.870277777,8749127.870277777
2024-06-11 22:00:00+00:00,6660706.170277778,6660706.170277778
2024-06-11 23:00:00+00:00,6237975.978055555,6237975.978055555
2024-06-12 00:00:00+00:00,6182093.9825,6182093.9825
2024-06-12 01:00:00+00:00,4869824.463611111,4869824.463611111
2024-06-12 02:00:00+00:00,8644053.966666667,0.0
2024-06-12 03:00:00+00:00,13810985.925555555,13810985.925555555
2024-06-12 04:00:00+00:00,11811287.857222222,11811287.857222222
2024-06-12 05:00:00+00:00,14479180.118055556,14479180.118055556
2024-06-12 06:00:00+00:00,14828641.415833334,14828641.415833334
2024-06-12 07:00:00+00:00,16562732.525833333,16562732.525833333
2024-06-12 08:00:00+00:00,13165406.330833333,13165406.330833333
2024-06-12 09:00:00+00:00,26245183.42777778,26245183.42777778
2024-06-12 10:00:00+00:00,15113433.013333334,15113433.013333334
2024-06-12 11:00:00+00:00,27768980.33833333,27768980.33833333
2024-06-12 12:00:00+00:00,17350985.7675,17350985.7675
2024-06-12 13:00:00+00:00,21920158.04611111,21920158.04611111
2024-06-12 14:00:00+00:00,13001581.738333331,13001581.738333331
2024-06-12 15:00:00+00:00,10895852.421388889,10895852.421388889
2024-06-12 16:00:00+00:00,16976206.666388888,16976206.666388888
2024-06-12 17:00:00+00:00,12128562.107222222,0.0
2024-06-12 18:00:00+00:00,11476782.566111112,11476782.566111112
2024-06-12 19:00:00+00:00,14480970.25888889,0.0
2024-06-12 20:00:00+00:00,12034148.7925,12034148.7925
2024-06-12 21:00:00+00:00,13914527.034722222,13914527.034722222
2024-06-12 22:00:00+00:00,12772205.781666666,12772205.781666666
2024-06-12 23:00:00+00:00,5017150.531666666,5017150.531666666
2024-06-13 00:00:00+00:00,3552077.213055556,3552077.213055556
2024-06-13 01:00:00+00:00,5000273.6033333335,5000273.6033333335
2024-06-13 02:00:00+00:00,9149564.326944444,0.0
2024-06-13 03:00:00+00:00,7427911.537777778,7427911.537777778
2024-06-13 04:00:00+00:00,12135858.31361111,12135858.31361111
2024-06-13 05:00:00+00:00,11982655.47888889,11982655.47888889
2024-06-13 06:00:00+00:00,13124256.868888889,0.0
2024-06-13 07:00:00+00:00,13455754.49361111,13455754.49361111
2024-06-13 08:00:00+00:00,12452331.289444445,12452331.289444445
2024-06-13 09:00:00+00:00,12352837.742777778,0.0
2024-06-13 10:00:00+00:00,18763736.30638889,18763736.30638889
2024-06-13 11:00:00+00:00,13168684.629166666,13168684.629166666
2024-06-13 12:00:00+00:00,13486611.299722224,13486611.299722224
2024-06-13 13:00:00+00:00,15861974.57,15861974.57
2024-06-13 14:00:00+00:00,11467608.658055555,11467608.658055555
2024-06-13 15:00:00+00:00,12128277.760555556,12128277.760555556
2024-06-13 16:00:00+00:00,12235000.444166666,12235000.444166666
2024-06-13 17:00:00+00:00,12230938.802777778,12230938.802777778
2024-06-13 18:00:00+00:00,11103964.794722222,11103964.794722222
2024-06-13 19:00:00+00:00,11060497.859444443,11060497.859444443
2024-06-13 20:00:00+00:00,8275671.210277778,0.0
2024-06-13 21:00:00+00:00,8390659.99888889,8390659.99888889
2024-06-13 22:00:00+00:00,5827421.091388889,5827421.091388889
2024-06-13 23:00:00+00:00,6131742.5575,6131742.5575
2024-06-14 00:00:00+00:00,6779826.2144444445,6779826.2144444445
2024-06-14 01:00:00+00:00,8314953.465277778,8314953.465277778
2024-06-14 02:00:00+00:00,7515700.138888889,7515700.138888889
2024-06-14 03:00:00+00:00,6452845.857222222,6452845.857222222
2024-06-14 04:00:00+00:00,8889368.559444444,8889368.559444444
2024-06-14 05:00:00+00:00,10809360.7975,10809360.7975
2024-06-14 06:00:00+00:00,12734836.988611111,12734836.988611111
2024-06-14 07:00:00+00:00,11385438.507777778,11385438.507777778
2024-06-14 08:00:00+00:00,14917335.871666666,14917335.871666666
2024-06-14 09:00:00+00:00,15561167.447777778,15561167.447777778
2024-06-14 10:00:00+00:00,22118794.48194445,22118794.48194445
2024-06-14 11:00:00+00:00,18854030.95111111,0.0
2024-06-14 12:00:00+00:00,17909204.461944446,17909204.461944446
2024-06-14 13:00:00+00:00,12825719.923888888,12825719.923888888
2024-06-14 14:00:00+00:00,12662827.361666666,12662827.361666666
2024-06-14 15:00:00+00:00,10579728.545555556,10579728.545555556
2024-06-14 16:00:00+00:00,9563232.4975,9563232.4975
2024-06-14 17:00:00+00:00,11661617.510833334,11661617.510833334
2024-06-14 18:00:00+00:00,12962317.30361111,12962317.30361111
2024-06-14 19:00:00+00:00,13602870.3875,13602870.3875
2024-06-14 20:00:00+00:00,8344647.165,8344647.165
2024-06-14 21:00:00+00:00,7813954.487777778,7813954.487777778
2024-06-14 22:00:00+00:00,7260157.597777777,7260157.597777777
2024-06-14 23:00:00+00:00,7521212.765,7521212.765
2024-06-15 00:00:00+00:00,6746922.868333333,6746922.868333333
2024-06-15 01:00:00+00:00,5556021.378888889,5556021.378888889
2024-06-15 02:00:00+00:00,8102211.731111111,8102211.731111111
2024-06-15 03:00:00+00:00,6749851.9,6749851.9
2024-06-15 04:00:00+00:00,7573921.467222222,7573921.467222222
2024-06-15 05:00:00+00:00,9336039.765555557,0.0
2024-06-15 06:00:00+00:00,10618511.204444444,10618511.204444444
2024-06-15 07:00:00+00:00,14987630.793055557,14987630.793055557
2024-06-15 08:00:00+00:00,11668991.1075,11668991.1075
2024-06-15 09:00:00+00:00,11415331.504444445,11415331.504444445
2024-06-15 10:00:00+00:00,13240473.086944444,13240473.086944444
2024-06-15 11:00:00+00:00,15033251.247222222,15033251.247222222
2024-06-15 12:00:00+00:00,21022027.451944444,21022027.451944444
2024-06-15 13:00:00+00:00,10788514.230555557,0.0
2024-06-15 14:00:00+00:00,11163714.41888889,11163714.41888889
2024-06-15 15:00:00+00:00,13665724.831944443,13665724.831944443
2024-06-15 16:00:00+00:00,11350638.09861111,0.0
2024-06-15 17:00:00+00:00,10281875.949166669,10281875.949166669
2024-06-15 18:00:00+00:00,11784433.620833334,11784433.620833334
2024-06-15 19:00:00+00:00,10069330.372222222,10069330.372222222
2024-06-15 20:00:00+00:00,8158424.076388889,8158424.076388889
2024-06-15 21:00:00+00:00,12368587.396944445,12368587.396944445
2024-06-15 22:00:00+00:00,7732221.486666666,7732221.486666666
2024-06-15 23:00:00+00:00,6926016.404166667,6926016.404166667
2024-06-16 00:00:00+00:00,7641778.966111111,7641778.966111111
2024-06-16 01:00:00+00:00,5240865.344444444,5240865.344444444
2024-06-16 02:00:00+00:00,6195833.780833334,6195833.780833334
2024-06-16 03:00:00+00:00,5445745.986388889,5445745.986388889
2024-06-16 04:00:00+00:00,6708275.398611112,6708275.398611112
2024-06-16 05:00:00+00:00,10020496.765833331,10020496.765833331
2024-06-16 06:00:00+00:00,12402659.812777778,12402659.812777778
2024-06-16 07:00:00+00:00,12559754.516944444,12559754.516944444
2024-06-16 08:00:00+00:00,13334393.944166666,13334393.944166666
2024-06-16 09:00:00+00:00,13943196.743333334,13943196.743333334
2024-06-16 10:00:00+00:00,14681645.923333334,0.0
2024-06-16 11:00:00+00:00,13321804.840555556,13321804.840555556
2024-06-16 12:00:00+00:00,13795001.365,13795001.365
2024-06-16 13:00:00+00:00,15049440.452222222,15049440.452222222
2024-06-16 14:00:00+00:00,12564066.49,12564066.49
2024-06-16 15:00:00+00:00,15340378.018055556,15340378.018055556
2024-06-16 16:00:00+00:00,13269046.370277775,13269046.370277775
2024-06-16 17:00:00+00:00,11433181.719166666,11433181.719166666
2024-06-16 18:00:00+00:00,11103249.035555556,0.0
2024-06-16 19:00:00+00:00,7217601.266111111,7217601.266111111
2024-06-16 20:00:00+00:00,8236542.795555555,8236542.795555555
2024-06-16 21:00:00+00:00,4718051.3133333335,4718051.3133333335
2024-06-16 22:00:00+00:00,4014595.528055556,4014595.528055556
2024-06-16 23:00:00+00:00,4656190.933888889,4656190.933888889
2024-06-17 00:00:00+00:00,3478900.1925,0.0
2024-06-17 01:00:00+00:00,4719498.526111111,4719498.526111111
2024-06-17 02:00:00+00:00,6221038.235555556,6221038.235555556
2024-06-17 03:00:00+00:00,6916240.502222222,6916240.502222222
2024-06-17 04:00:00+00:00,11281766.944166666,11281766.944166666
2024-06-17 05:00:00+00:00,13604230.563055556,13604230.563055556
2024-06-17 06:00:00+00:00,13825497.131666666,13825497.131666666
2024-06-17 07:00:00+00:00,15579866.738611111,0.0
2024-06-17 08:00:00+00:00,16896784.75222222,0.0
2024-06-17 09:00:00+00:00,16481868.671944443,16481868.671944443
2024-06-17 10:00:00+00:00,19528044.31111111,19528044.31111111
2024-06-17 11:00:00+00:00,22290879.117777776,22290879.117777776
2024-06-17 12:00:00+00:00,23171290.517222226,23171290.517222226
2024-06-17 13:00:00+00:00,16715657.898333332,16715657.898333332
2024-06-17 14:00:00+00:00,15414394.441944445,15414394.441944445
2024-06-17 15:00:00+00:00,15742962.573055556,15742962.573055556
2024-06-17 16:00:00+00:00,14190338.098333333,14190338.098333333
2024-06-17 17:00:00+00:00,13642002.241388887,13642002.241388887
2024-06-17 18:00:00+00:00,15835035.345,15835035.345
2024-06-17 19:00:00+00:00,11629392.031666666,11629392.031666666
2024-06-17 20:00:00+00:00,12974108.706666669,12974108.706666669
2024-06-17 21:00:00+00:00,8640923.688333333,8640923.688333333
2024-06-17 22:00:00+00:00,9939347.871944444,9939347.871944444
2024-06-17 23:00:00+00:00,7252352.306111111,7252352.306111111
2024-06-18 00:00:00+00:00,10848412.003055556,0.0
2024-06-18 01:00:00+00:00,6381014.443333333,0.0
2024-06-18 02:00:00+00:00,8682205.60861111,8682205.60861111
2024-06-18 03:00:00+00:00,10649902.01638889,10649902.01638889
2024-06-18 04:00:00+00:00,11459796.977222225,11459796.977222225
2024-06-18 05:00:00+00:00,13541641.421666669,13541641.421666669
2024-06-18 06:00:00+00:00,14325139.31472222,14325139.31472222
2024-06-18 07:00:00+00:00,14877707.868888889,0.0
2024-06-18 08:00:00+00:00,16255964.369444445,16255964.369444445
2024-06-18 09:00:00+00:00,11563697.80361111,11563697.80361111
2024-06-18 10:00:00+00:00,10754037.951666666,0.0
2024-06-18 11:00:00+00:00,9690804.311944444,9690804.311944444
2024-06-18 12:00:00+00:00,13857782.452222222,0.0
2024-06-18 13:00:00+00:00,8657153.574444445,0.0
2024-06-18 14:00:00+00:00,7630827.071944444,7630827.071944444
2024-06-18 15:00:00+00:00,9937361.799444444,9937361.799444444
2024-06-18 16:00:00+00:00,10537439.696111113,10537439.696111113
2024-06-18 17:00:00+00:00,16246082.56361111,16246082.56361111
2024-06-18 18:00:00+00:00,11933563.898333332,11933563.898333332
2024-06-18 19:00:00+00:00,5490899.493055556,0.0
2024-06-18 20:00:00+00:00,4800832.688888889,4800832.688888889
2024-06-18 21:00:00+00:00,6266872.552777777,6266872.552777777
2024-06-18 22:00:00+00:00,3814253.016944444,3814253.016944444
2024-06-18 23:00:00+00:00,3683589.703055556,3683589.703055556
2024-06-19 00:00:00+00:00,5974756.808888889,5974756.808888889
2024-06-19 01:00:00+00:00,3627869.7080555554,0.0
2024-06-19 02:00:00+00:00,4301340.793888889,4301340.793888889
2024-06-19 03:00:00+00:00,5261013.511666667,5261013.511666667
2024-06-19 04:00:00+00:00,7121486.930833333,7121486.930833333
2024-06-19 05:00:00+00:00,7320347.923888889,7320347.923888889
2024-06-19 06:00:00+00:00,9872116.9025,9872116.9025
2024-06-19 07:00:00+00:00,9500338.75888889,9500338.75888889
2024-06-19 08:00:00+00:00,8479122.793611111,8479122.793611111
2024-06-19 09:00:00+00:00,10621678.336944444,10621678.336944444
2024-06-19 10:00:00+00:00,8111205.903888889,8111205.903888889
2024-06-19 11:00:00+00:00,8211322.6519444445,8211322.6519444445
2024-06-19 12:00:00+00:00,7724248.053055556,7724248.053055556
2024-06-19 13:00:00+00:00,7568190.949722222,7568190.949722222
2024-06-19 14:00:00+00:00,6416529.338888889,6416529.338888889
2024-06-19 15:00:00+00:00,7059679.483333333,0.0
2024-06-19 16:00:00+00:00,5216760.566111111,5216760.566111111
2024-06-19 17:00:00+00:00,9165773.616388887,9165773.616388887
2024-06-19 18:00:00+00:00,10801697.424722224,10801697.424722224
2024-06-19 19:00:00+00:00,10701222.36388889,10701222.36388889
2024-06-19 20:00:00+00:00,12825225.866388887,12825225.866388887
2024-06-19 21:00:00+00:00,8222230.488611111,8222230.488611111
2024-06-19 22:00:00+00:00,6247423.738055555,6247423.738055555
2024-06-19 23:00:00+00:00,5353223.739444445,5353223.739444445
2024-06-20 00:00:00+00:00,4993662.256666667,0.0
2024-06-20 01:00:00+00:00,12303943.199722225,0.0
2024-06-20 02:00:00+00:00,7468660.292222222,7468660.292222222
2024-06-20 03:00:00+00:00,8620989.801666666,8620989.801666666
2024-06-20 04:00:00+00:00,12734821.070833333,12734821.070833333
2024-06-20 05:00:00+00:00,11591912.515,0.0
2024-06-20 06:00:00+00:00,23659855.48555556,23659855.48555556
2024-06-20 07:00:00+00:00,23231456.780833334,23231456.780833334
2024-06-20 08:00:00+00:00,14205472.419166667,0.0
2024-06-20 09:00:00+00:00,17652382.5525,17652382.5525
2024-06-20 10:00:00+00:00,13978748.541944444,13978748.541944444
2024-06-20 11:00:00+00:00,16960864.72638889,16960864.72638889
2024-06-20 12:00:00+00:00,14149342.998611111,14149342.998611111
2024-06-20 13:00:00+00:00,18238257.815277778,18238257.815277778
2024-06-20 14:00:00+00:00,24828148.355833333,24828148.355833333
2024-06-20 15:00:00+00:00,19047354.416666668,19047354.416666668
2024-06-20 16:00:00+00:00,19211634.93611111,19211634.93611111
2024-06-20 17:00:00+00:00,12619151.098055556,12619151.098055556
2024-06-20 18:00:00+00:00,20569694.77027778,20569694.77027778
2024-06-20 19:00:00+00:00,12391855.9475,12391855.9475
2024-06-20 20:00:00+00:00,15705212.84111111,15705212.84111111
2024-06-20 21:00:00+00:00,17033357.911111113,17033357.911111113
2024-06-20 22:00:00+00:00,7837283.136944445,7837283.136944445
2024-06-20 23:00:00+00:00,10085001.238611111,0.0
2024-06-21 00:00:00+00:00,8116802.376944444,8116802.376944444
2024-06-21 01:00:00+00:00,11101073.1375,11101073.1375
2024-06-21 02:00:00+00:00,13727536.17638889,13727536.17638889
2024-06-21 03:00:00+00:00,12683512.033333331,12683512.033333331
2024-06-21 04:00:00+00:00,13718411.486666666,13718411.486666666
2024-06-21 05:00:00+00:00,11020380.256944444,11020380.256944444
2024-06-21 06:00:00+00:00,12537244.759722222,12537244.759722222
2024-06-21 07:00:00+00:00,11685062.258333333,11685062.258333333
2024-06-21 08:00:00+00:00,13426966.840833334,13426966.840833334
2024-06-21 09:00:00+00:00,15191749.045,15191749.045
2024-06-21 10:00:00+00:00,15599673.934722222,15599673.934722222
2024-06-21 11:00:00+00:00,26891688.14361111,26891688.14361111
2024-06-21 12:00:00+00:00,19980237.4425,0.0
2024-06-21 13:00:00+00:00,24252556.882777777,24252556.882777777
2024-06-21 14:00:00+00:00,20747576.62055556,0.0
2024-06-21 15:00:00+00:00,14519391.447222222,0.0
2024-06-21 16:00:00+00:00,15841244.9075,15841244.9075
2024-06-21 17:00:00+00:00,16353773.608055556,16353773.608055556
2024-06-21 18:00:00+00:00,13674186.695833333,13674186.695833333
2024-06-21 19:00:00+00:00,11505159.561666667,11505159.561666667
2024-06-21 20:00:00+00:00,11662857.333055556,11662857.333055556
2024-06-21 21:00:00+00:00,13546065.590833334,13546065.590833334
2024-06-21 22:00:00+00:00,10780643.237222224,10780643.237222224
2024-06-21 23:00:00+00:00,11128707.430555556,11128707.430555556
2024-06-22 00:00:00+00:00,8310123.914722222,8310123.914722222
2024-06-22 01:00:00+00:00,7513062.326944444,7513062.326944444
2024-06-22 02:00:00+00:00,9137010.445833333,9137010.445833333
2024-06-22 03:00:00+00:00,10060062.728055555,10060062.728055555
2024-06-22 04:00:00+00:00,12877695.459722225,12877695.459722225
2024-06-22 05:00:00+00:00,16248785.937777778,16248785.937777778
2024-06-22 06:00:00+00:00,14319680.27638889,14319680.27638889
2024-06-22 07:00:00+00:00,12140714.451111112,12140714.451111112
2024-06-22 08:00:00+00:00,12941037.435,12941037.435
2024-06-22 09:00:00+00:00,15200654.280277776,15200654.280277776
2024-06-22 10:00:00+00:00,16576319.248611111,16576319.248611111
2024-06-22 11:00:00+00:00,14022731.3575,14022731.3575
2024-06-22 12:00:00+00:00,18937359.96333333,18937359.96333333
2024-06-22 13:00:00+00:00,14259874.08111111,0.0
2024-06-22 14:00:00+00:00,14115096.34111111,14115096.34111111
2024-06-22 15:00:00+00:00,16574278.516111111,16574278.516111111
2024-06-22 16:00:00+00:00,12469154.573888889,12469154.573888889
2024-06-22 17:00:00+00:00,11756665.126388889,11756665.126388889
2024-06-22 18:00:00+00:00,12975117.530277776,12975117.530277776
2024-06-22 19:00:00+00:00,11727566.218611112,11727566.218611112
2024-06-22 20:00:00+00:00,12081197.336111112,12081197.336111112
2024-06-22 21:00:00+00:00,9570077.82361111,9570077.82361111
2024-06-22 22:00:00+00:00,12748620.243333334,12748620.243333334
2024-06-22 23:00:00+00:00,9899020.016111111,9899020.016111111
2024-06-23 00:00:00+00:00,10018317.991388887,10018317.991388887
2024-06-23 01:00:00+00:00,13011739.134166667,13011739.134166667
2024-06-23 02:00:00+00:00,11815895.090277778,11815895.090277778
2024-06-23 03:00:00+00:00,8236667.687777778,0.0
2024-06-23 04:00:00+00:00,11150139.99111111,11150139.99111111
2024-06-23 05:00:00+00:00,13391521.200833334,13391521.200833334
2024-06-23 06:00:00+00:00,12618729.78611111,12618729.78611111
2024-06-23 07:00:00+00:00,13256781.938888889,13256781.938888889
2024-06-23 08:00:00+00:00,12705775.426666666,12705775.426666666
2024-06-23 09:00:00+00:00,15696902.155555556,15696902.155555556
2024-06-23 10:00:00+00:00,11997994.830833333,11997994.830833333
2024-06-23 11:00:00+00:00,14748437.784166666,14748437.784166666
2024-06-23 12:00:00+00:00,16206613.425,16206613.425
2024-06-23 13:00:00+00:00,14844703.033055555,14844703.033055555
2024-06-23 14:00:00+00:00,13773269.658333331,13773269.658333331
2024-06-23 15:00:00+00:00,13485010.924722224,13485010.924722224
2024-06-23 16:00:00+00:00,16543572.270833334,16543572.270833334
2024-06-23 17:00:00+00:00,15230353.640277777,0.0
2024-06-23 18:00:00+00:00,15642832.426944444,15642832.426944444
2024-06-23 19:00:00+00:00,12998704.819166666,0.0
2024-06-23 20:00:00+00:00,11042540.701666666,11042540.701666666
2024-06-23 21:00:00+00:00,10046957.218888888,10046957.218888888
2024-06-23 22:00:00+00:00,9262269.744166669,9262269.744166669
2024-06-23 23:00:00+00:00,9606800.828333331,9606800.828333331
2024-06-24 00:00:00+00:00,8276426.685,8276426.685
2024-06-24 01:00:00+00:00,9074597.122222222,9074597.122222222
2024-06-24 02:00:00+00:00,11059106.7175,11059106.7175
2024-06-24 03:00:00+00:00,11142867.824722225,11142867.824722225
2024-06-24 04:00:00+00:00,14768776.248055557,14768776.248055557
2024-06-24 05:00:00+00:00,18510991.98333333,18510991.98333333
2024-06-24 06:00:00+00:00,19229007.848611116,19229007.848611116
2024-06-24 07:00:00+00:00,19139099.054166667,19139099.054166667
2024-06-24 08:00:00+00:00,23329174.527222224,23329174.527222224
2024-06-24 09:00:00+00:00,30492579.669166666,30492579.669166666
2024-06-24 10:00:00+00:00,25965127.90027778,25965127.90027778
2024-06-24 11:00:00+00:00,24609161.88305556,24609161.88305556
2024-06-24 12:00:00+00:00,23618279.437222224,23618279.437222224
2024-06-24 13:00:00+00:00,23943438.77388889,23943438.77388889
2024-06-24 14:00:00+00:00,18471503.105,18471503.105
2024-06-24 15:00:00+00:00,20785691.931111112,20785691.931111112
2024-06-24 16:00:00+00:00,20188175.921944443,20188175.921944443
2024-06-24 17:00:00+00:00,21911330.24777778,21911330.24777778
2024-06-24 18:00:00+00:00,21711500.762222223,21711500.762222223
2024-06-24 19:00:00+00:00,20851090.527777776,20851090.527777776
2024-06-24 20:00:00+00:00,24065737.355833333,0.0
2024-06-24 21:00:00+00:00,27435825.408888888,27435825.408888888
2024-06-24 22:00:00+00:00,18527578.945,18527578.945
2024-06-24 23:00:00+00:00,17487189.460277777,17487189.460277777
2024-06-25 00:00:00+00:00,16353294.656666666,16353294.656666666
2024-06-25 01:00:00+00:00,23641755.1075,23641755.1075
2024-06-25 02:00:00+00:00,20393920.04916667,20393920.04916667
2024-06-25 03:00:00+00:00,17049133.146111112,0.0
2024-06-25 04:00:00+00:00,20779910.425833333,20779910.425833333
2024-06-25 05:00:00+00:00,21674165.477222223,21674165.477222223
2024-06-25 06:00:00+00:00,24936771.666944444,0.0
2024-06-25 07:00:00+00:00,22950729.531944446,22950729.531944446
2024-06-25 08:00:00+00:00,23668358.571666665,23668358.571666665
2024-06-25 09:00:00+00:00,24454127.764444444,24454127.764444444
2024-06-25 10:00:00+00:00,23835380.2775,23835380.2775
2024-06-25 11:00:00+00:00,26382530.842777777,26382530.842777777
2024-06-25 12:00:00+00:00,31061355.250833333,31061355.250833333
2024-06-25 13:00:00+00:00,32755361.84805556,32755361.84805556
2024-06-25 14:00:00+00:00,22714428.75805556,22714428.75805556
2024-06-25 15:00:00+00:00,23007502.50388889,23007502.50388889
2024-06-25 16:00:00+00:00,22493928.99861111,22493928.99861111
2024-06-25 17:00:00+00:00,23673441.001944445,23673441.001944445
2024-06-25 18:00:00+00:00,25494298.025,25494298.025
2024-06-25 19:00:00+00:00,25243214.809166662,25243214.809166662
2024-06-25 20:00:00+00:00,24933067.598611116,24933067.598611116
2024-06-25 21:00:00+00:00,25159592.81083333,25159592.81083333
2024-06-25 22:00:00+00:00,19925631.41611111,19925631.41611111
2024-06-25 23:00:00+00:00,20779987.6025,0.0
2024-06-26 00:00:00+00:00,21023282.60833333,21023282.60833333
2024-06-26 01:00:00+00:00,21150738.56083333,21150738.56083333
2024-06-26 02:00:00+00:00,23080698.65027778,23080698.65027778
2024-06-26 03:00:00+00:00,23563503.297222223,0.0
2024-06-26 04:00:00+00:00,24647919.93166667,24647919.93166667
2024-06-26 05:00:00+00:00,31430924.68222222,0.0
2024-06-26 06:00:00+00:00,29126899.80055556,0.0
2024-06-26 07:00:00+00:00,24450998.411666665,24450998.411666665
2024-06-26 08:00:00+00:00,27221901.033888888,27221901.033888888
2024-06-26 09:00:00+00:00,20926260.313333333,20926260.313333333
2024-06-26 10:00:00+00:00,21458339.6025,0.0
2024-06-26 11:00:00+00:00,16263215.42111111,0.0
2024-06-26 12:00:00+00:00,17976603.45,17976603.45
2024-06-26 13:00:00+00:00,15422726.639722222,15422726.639722222
2024-06-26 14:00:00+00:00,18557895.6225,18557895.6225
2024-06-26 15:00:00+00:00,17527150.475,17527150.475
2024-06-26 16:00:00+00:00,20010184.86583333,0.0
2024-06-26 17:00:00+00:00,13641636.030555556,13641636.030555556
2024-06-26 18:00:00+00:00,16922109.616388887,16922109.616388887
2024-06-26 19:00:00+00:00,14356047.959166666,14356047.959166666
2024-06-26 20:00:00+00:00,10029263.244444445,0.0
2024-06-26 21:00:00+00:00,12558122.3075,12558122.3075
2024-06-26 22:00:00+00:00,8531059.049722223,8531059.049722223
2024-06-26 23:00:00+00:00,6514596.829166667,6514596.829166667
2024-06-27 00:00:00+00:00,6579157.956944444,6579157.956944444
2024-06-27 01:00:00+00:00,10022324.06027778,10022324.06027778
2024-06-27 02:00:00+00:00,9046058.086944444,9046058.086944444
2024-06-27 03:00:00+00:00,9373339.558055555,9373339.558055555
2024-06-27 04:00:00+00:00,11005182.953055557,11005182.953055557
2024-06-27 05:00:00+00:00,14690837.768888889,14690837.768888889
2024-06-27 06:00:00+00:00,16456687.965555556,16456687.965555556
2024-06-27 07:00:00+00:00,15255693.637777776,15255693.637777776
2024-06-27 08:00:00+00:00,19316194.5225,19316194.5225
2024-06-27 09:00:00+00:00,22250411.648333333,22250411.648333333
2024-06-27 10:00:00+00:00,19598779.194166668,19598779.194166668
2024-06-27 11:00:00+00:00,19217838.984444443,19217838.984444443
2024-06-27 12:00:00+00:00,13478056.584166666,13478056.584166666
2024-06-27 13:00:00+00:00,16788158.64861111,16788158.64861111
2024-06-27 14:00:00+00:00,13147498.131111111,13147498.131111111
2024-06-27 15:00:00+00:00,15595924.881666666,15595924.881666666
2024-06-27 16:00:00+00:00,14641521.49777778,14641521.49777778
2024-06-27 17:00:00+00:00,13957816.637222225,13957816.637222225
2024-06-27 18:00:00+00:00,10557124.066111112,0.0
2024-06-27 19:00:00+00:00,12028732.105833331,12028732.105833331
2024-06-27 20:00:00+00:00,14517030.0775,14517030.0775
2024-06-27 21:00:00+00:00,8081463.783333333,8081463.783333333
2024-06-27 22:00:00+00:00,7214253.478055555,7214253.478055555
2024-06-27 23:00:00+00:00,8781909.449722223,8781909.449722223
2024-06-28 00:00:00+00:00,4714814.278055555,4714814.278055555
2024-06-28 01:00:00+00:00,12634221.009444444,12634221.009444444
2024-06-28 02:00:00+00:00,5998053.029722222,5998053.029722222
2024-06-28 03:00:00+00:00,15673447.851666668,15673447.851666668
2024-06-28 04:00:00+00:00,13615353.836111112,13615353.836111112
2024-06-28 05:00:00+00:00,11598969.989722222,11598969.989722222
2024-06-28 06:00:00+00:00,11607763.898055555,11607763.898055555
2024-06-28 07:00:00+00:00,13711714.66222222,13711714.66222222
2024-06-28 08:00:00+00:00,10093610.983888889,10093610.983888889
2024-06-28 09:00:00+00:00,12757219.541111112,12757219.541111112
2024-06-28 10:00:00+00:00,11471495.901944444,11471495.901944444
2024-06-28 11:00:00+00:00,12870617.797222223,12870617.797222223
2024-06-28 12:00:00+00:00,17429469.825555556,17429469.825555556
2024-06-28 13:00:00+00:00,13604326.918611111,13604326.918611111
2024-06-28 14:00:00+00:00,8130645.821388889,8130645.821388889
2024-06-28 15:00:00+00:00,8329368.893611111,8329368.893611111
2024-06-28 16:00:00+00:00,9607464.923888888,9607464.923888888
2024-06-28 17:00:00+00:00,11326952.590833334,11326952.590833334
2024-06-28 18:00:00+00:00,11436215.604444444,11436215.604444444
2024-06-28 19:00:00+00:00,8369434.898611112,8369434.898611112
2024-06-28 20:00:00+00:00,8495691.718333334,8495691.718333334
2024-06-28 21:00:00+00:00,8817619.44638889,8817619.44638889
2024-06-28 22:00:00+00:00,6427539.197777778,6427539.197777778
2024-06-28 23:00:00+00:00,9595375.253611112,9595375.253611112
2024-06-29 00:00:00+00:00,5024282.621388889,5024282.621388889
2024-06-29 01:00:00+00:00,6760766.446388889,6760766.446388889
2024-06-29 02:00:00+00:00,7305989.3672222225,7305989.3672222225
2024-06-29 03:00:00+00:00,7082379.336111112,7082379.336111112
2024-06-29 04:00:00+00:00,8433284.123611111,8433284.123611111
2024-06-29 05:00:00+00:00,7994823.160277777,7994823.160277777
2024-06-29 06:00:00+00:00,14621731.357777778,14621731.357777778
2024-06-29 07:00:00+00:00,13763273.413888888,13763273.413888888
2024-06-29 08:00:00+00:00,10791259.535833333,10791259.535833333
2024-06-29 09:00:00+00:00,10287241.556388889,10287241.556388889
2024-06-29 10:00:00+00:00,14108069.790277775,14108069.790277775
2024-06-29 11:00:00+00:00,13119465.089722222,13119465.089722222
2024-06-29 12:00:00+00:00,13375205.491666667,13375205.491666667
2024-06-29 13:00:00+00:00,13516502.573055556,13516502.573055556
2024-06-29 14:00:00+00:00,15082407.211944444,15082407.211944444
2024-06-29 15:00:00+00:00,14307832.465,14307832.465
2024-06-29 16:00:00+00:00,9974695.381944444,9974695.381944444
2024-06-29 17:00:00+00:00,11768242.198055556,11768242.198055556
2024-06-29 18:00:00+00:00,13852598.108888889,13852598.108888889
2024-06-29 19:00:00+00:00,8694709.883333333,8694709.883333333
2024-06-29 20:00:00+00:00,8527963.9175,8527963.9175
2024-06-29 21:00:00+00:00,7582161.526388889,7582161.526388889
2024-06-29 22:00:00+00:00,13653462.774166666,13653462.774166666
2024-06-29 23:00:00+00:00,8819531.264722222,8819531.264722222
2024-06-30 00:00:00+00:00,13522806.04611111,13522806.04611111
2024-06-30 01:00:00+00:00,10838601.180277778,10838601.180277778
2024-06-30 02:00:00+00:00,14986989.20388889,14986989.20388889
2024-06-30 03:00:00+00:00,16764418.606111111,16764418.606111111
2024-06-30 04:00:00+00:00,9790129.1325,9790129.1325
2024-06-30 05:00:00+00:00,15791548.20722222,15791548.20722222
2024-06-30 06:00:00+00:00,9045077.378888888,9045077.378888888
2024-06-30 07:00:00+00:00,13817262.89888889,13817262.89888889
2024-06-30 08:00:00+00:00,10867474.9675,10867474.9675
2024-06-30 09:00:00+00:00,13957938.243333334,13957938.243333334
2024-06-30 10:00:00+00:00,10152540.901111113,10152540.901111113
2024-06-30 11:00:00+00:00,8524515.748611111,8524515.748611111
2024-06-30 12:00:00+00:00,11777517.834722225,0.0
2024-06-30 13:00:00+00:00,11814934.89361111,11814934.89361111
2024-06-30 14:00:00+00:00,11429616.39138889,11429616.39138889
2024-06-30 15:00:00+00:00,11208712.833055556,11208712.833055556
2024-06-30 16:00:00+00:00,11160849.013888888,11160849.013888888
2024-06-30 17:00:00+00:00,9998795.920277778,9998795.920277778
2024-06-30 18:00:00+00:00,8663978.515,8663978.515
2024-06-30 19:00:00+00:00,8679140.208055556,8679140.208055556
2024-06-30 20:00:00+00:00,7728418.019166667,7728418.019166667
2024-06-30 21:00:00+00:00,8391286.566944445,8391286.566944445
2024-06-30 22:00:00+00:00,6031247.39,6031247.39
2024-06-30 23:00:00+00:00,8813900.257777778,8813900.257777778
2024-07-01 00:00:00+00:00,9426437.727222225,9426437.727222225
2024-07-01 01:00:00+00:00,10512469.02111111,10512469.02111111
2024-07-01 02:00:00+00:00,11950318.085555555,11950318.085555555
2024-07-01 03:00:00+00:00,9244446.786666667,9244446.786666667
2024-07-01 04:00:00+00:00,11466822.219722224,11466822.219722224
2024-07-01 05:00:00+00:00,12705407.38388889,12705407.38388889
2024-07-01 06:00:00+00:00,16460016.476666668,16460016.476666668
2024-07-01 07:00:00+00:00,18422793.9025,18422793.9025
2024-07-01 08:00:00+00:00,17525118.731666666,17525118.731666666
2024-07-01 09:00:00+00:00,18153808.144444443,18153808.144444443
2024-07-01 10:00:00+00:00,18574554.295555554,18574554.295555554
2024-07-01 11:00:00+00:00,12784617.83888889,12784617.83888889
2024-07-01 12:00:00+00:00,17789343.968055554,17789343.968055554
2024-07-01 13:00:00+00:00,11104275.1325,11104275.1325
2024-07-01 14:00:00+00:00,12895107.169166667,12895107.169166667
2024-07-01 15:00:00+00:00,12011462.898611112,12011462.898611112
2024-07-01 16:00:00+00:00,16492068.075555556,16492068.075555556
2024-07-01 17:00:00+00:00,9782759.12611111,9782759.12611111
2024-07-01 18:00:00+00:00,11272303.905277776,11272303.905277776
2024-07-01 19:00:00+00:00,9844420.061666667,0.0
2024-07-01 20:00:00+00:00,14127603.760555556,14127603.760555556
2024-07-01 21:00:00+00:00,10804094.251388889,10804094.251388889
2024-07-01 22:00:00+00:00,8455568.693333333,8455568.693333333
2024-07-01 23:00:00+00:00,9561370.115555556,9561370.115555556
2024-07-02 00:00:00+00:00,12675868.23,12675868.23
2024-07-02 01:00:00+00:00,10543191.7325,10543191.7325
2024-07-02 02:00:00+00:00,13141051.966944445,13141051.966944445
2024-07-02 03:00:00+00:00,8190494.780277777,0.0
2024-07-02 04:00:00+00:00,12599427.91638889,12599427.91638889
2024-07-02 05:00:00+00:00,11432000.865555556,11432000.865555556
2024-07-02 06:00:00+00:00,11842260.278333334,11842260.278333334
2024-07-02 07:00:00+00:00,11642010.829166668,11642010.829166668
2024-07-02 08:00:00+00:00,13334971.670833332,13334971.670833332
2024-07-02 09:00:00+00:00,16111023.43861111,16111023.43861111
2024-07-02 10:00:00+00:00,15128333.418611111,15128333.418611111
2024-07-02 11:00:00+00:00,12120709.465555556,12120709.465555556
2024-07-02 12:00:00+00:00,14576098.638055556,14576098.638055556
2024-07-02 13:00:00+00:00,10255711.286666667,10255711.286666667
2024-07-02 14:00:00+00:00,15006724.967777776,15006724.967777776
2024-07-02 15:00:00+00:00,10346618.996388888,10346618.996388888
2024-07-02 16:00:00+00:00,8050109.3725,8050109.3725
2024-07-02 17:00:00+00:00,10355925.373333331,0.0
2024-07-02 18:00:00+00:00,11365980.77,0.0
2024-07-02 19:00:00+00:00,10565908.932222225,10565908.932222225
2024-07-02 20:00:00+00:00,9774764.108888889,9774764.108888889
2024-07-02 21:00:00+00:00,8075587.958611111,8075587.958611111
2024-07-02 22:00:00+00:00,10896472.443055555,10896472.443055555
2024-07-02 23:00:00+00:00,9475882.766944444,9475882.766944444
2024-07-03 00:00:00+00:00,6108818.336666667,6108818.336666667
2024-07-03 01:00:00+00:00,7778569.39,7778569.39
2024-07-03 02:00:00+00:00,10137968.968611112,10137968.968611112
2024-07-03 03:00:00+00:00,10421787.396388888,10421787.396388888
2024-07-03 04:00:00+00:00,8108732.710555555,8108732.710555555
2024-07-03 05:00:00+00:00,12709332.893055556,12709332.893055556
2024-07-03 06:00:00+00:00,14010456.26638889,14010456.26638889
2024-07-03 07:00:00+00:00,15935805.225555556,15935805.225555556
2024-07-03 08:00:00+00:00,12874844.410833333,12874844.410833333
2024-07-03 09:00:00+00:00,14520505.29138889,14520505.29138889
2024-07-03 10:00:00+00:00,14746551.806944445,14746551.806944445
2024-07-03 11:00:00+00:00,13536120.943055555,13536120.943055555
2024-07-03 12:00:00+00:00,13826798.931666669,13826798.931666669
2024-07-03 13:00:00+00:00,11883367.968055556,11883367.968055556
2024-07-03 14:00:00+00:00,10063669.371111112,10063669.371111112
2024-07-03 15:00:00+00:00,8407030.926111111,8407030.926111111
2024-07-03 16:00:00+00:00,7938294.099444444,7938294.099444444
2024-07-03 17:00:00+00:00,8055474.664166667,8055474.664166667
2024-07-03 18:00:00+00:00,10609107.874444444,10609107.874444444
2024-07-03 19:00:00+00:00,7128720.133055556,7128720.133055556
2024-07-03 20:00:00+00:00,6459446.691944445,6459446.691944445
2024-07-03 21:00:00+00:00,9110133.36861111,9110133.36861111
2024-07-03 22:00:00+00:00,8112211.474444444,8112211.474444444
2024-07-03 23:00:00+00:00,6144676.848333334,6144676.848333334
2024-07-04 00:00:00+00:00,10191143.143055556,10191143.143055556
2024-07-04 01:00:00+00:00,9345157.051111111,9345157.051111111
2024-07-04 02:00:00+00:00,6281991.708888889,6281991.708888889
2024-07-04 03:00:00+00:00,5795287.401111111,5795287.401111111
2024-07-04 04:00:00+00:00,9066047.229722222,9066047.229722222
2024-07-04 05:00:00+00:00,8656918.902222222,8656918.902222222
2024-07-04 06:00:00+00:00,9470109.965833334,9470109.965833334
2024-07-04 07:00:00+00:00,10317497.969444444,10317497.969444444
2024-07-04 08:00:00+00:00,10727135.3475,10727135.3475
2024-07-04 09:00:00+00:00,12013461.647777775,12013461.647777775
2024-07-04 10:00:00+00:00,10529241.980555557,10529241.980555557
2024-07-04 11:00:00+00:00,8803594.194444444,8803594.194444444
2024-07-04 12:00:00+00:00,8140484.997222222,8140484.997222222
2024-07-04 13:00:00+00:00,7923200.758333334,7923200.758333334
2024-07-04 14:00:00+00:00,9370486.212222222,9370486.212222222
2024-07-04 15:00:00+00:00,8011257.749722222,8011257.749722222
2024-07-04 16:00:00+00:00,6183454.761666667,6183454.761666667
2024-07-04 17:00:00+00:00,7402790.196388889,7402790.196388889
2024-07-04 18:00:00+00:00,7291595.791666667,7291595.791666667
2024-07-04 19:00:00+00:00,6497745.426944445,6497745.426944445
2024-07-04 20:00:00+00:00,10523997.99361111,0.0
2024-07-04 21:00:00+00:00,9158172.589166667,9158172.589166667
2024-07-04 22:00:00+00:00,4818632.018888889,4818632.018888889
2024-07-04 23:00:00+00:00,6361826.643888889,6361826.643888889
2024-07-05 00:00:00+00:00,7538772.428888889,7538772.428888889
2024-07-05 01:00:00+00:00,7652254.706944444,7652254.706944444
2024-07-05 02:00:00+00:00,4978713.4525,4978713.4525
2024-07-05 03:00:00+00:00,6041176.153055555,6041176.153055555
2024-07-05 04:00:00+00:00,4639042.667222222,4639042.667222222
2024-07-05 05:00:00+00:00,7367622.404444444,7367622.404444444
2024-07-05 06:00:00+00:00,6245965.654166667,6245965.654166667
2024-07-05 07:00:00+00:00,7422553.760833333,7422553.760833333
2024-07-05 08:00:00+00:00,6474151.281111111,6474151.281111111
2024-07-05 09:00:00+00:00,8250947.262777777,0.0
2024-07-05 10:00:00+00:00,6901454.041388889,6901454.041388889
2024-07-05 11:00:00+00:00,9433603.116944443,9433603.116944443
2024-07-05 12:00:00+00:00,11151731.125555556,11151731.125555556
2024-07-05 13:00:00+00:00,9692809.242222222,9692809.242222222
2024-07-05 14:00:00+00:00,8495355.634166667,8495355.634166667
2024-07-05 15:00:00+00:00,10494675.055555556,10494675.055555556
2024-07-05 16:00:00+00:00,8644578.80611111,0.0
2024-07-05 17:00:00+00:00,9232434.461111112,9232434.461111112
2024-07-05 18:00:00+00:00,9545489.148333332,9545489.148333332
2024-07-05 19:00:00+00:00,12370476.698055556,12370476.698055556
2024-07-05 20:00:00+00:00,13907132.468055556,13907132.468055556
2024-07-05 21:00:00+00:00,6711077.31,6711077.31
2024-07-05 22:00:00+00:00,6883120.488055555,6883120.488055555
2024-07-05 23:00:00+00:00,6914370.803333334,6914370.803333334
2024-07-06 00:00:00+00:00,6929297.956388889,6929297.956388889
2024-07-06 01:00:00+00:00,5275438.628888889,5275438.628888889
2024-07-06 02:00:00+00:00,5763012.421111112,0.0
2024-07-06 03:00:00+00:00,5396477.383055556,5396477.383055556
2024-07-06 04:00:00+00:00,9663378.184444444,0.0
2024-07-06 05:00:00+00:00,9396435.807222225,9396435.807222225
2024-07-06 06:00:00+00:00,8135900.296388889,8135900.296388889
2024-07-06 07:00:00+00:00,8763887.769444445,8763887.769444445
2024-07-06 08:00:00+00:00,7085603.6258333335,7085603.6258333335
2024-07-06 09:00:00+00:00,10291594.834722225,10291594.834722225
2024-07-06 10:00:00+00:00,8848590.878055556,8848590.878055556
2024-07-06 11:00:00+00:00,9874003.713333333,9874003.713333333
2024-07-06 12:00:00+00:00,9662208.897222225,9662208.897222225
2024-07-06 13:00:00+00:00,10149890.413888888,10149890.413888888
2024-07-06 14:00:00+00:00,10279585.349444443,10279585.349444443
2024-07-06 15:00:00+00:00,10481510.788333334,10481510.788333334
2024-07-06 16:00:00+00:00,11916009.97888889,11916009.97888889
2024-07-06 17:00:00+00:00,10244055.652777778,10244055.652777778
2024-07-06 18:00:00+00:00,8255550.150833333,8255550.150833333
2024-07-06 19:00:00+00:00,7893311.466666667,0.0
2024-07-06 20:00:00+00:00,9231741.939166669,9231741.939166669
2024-07-06 21:00:00+00:00,6256476.842222222,6256476.842222222
2024-07-06 22:00:00+00:00,6133786.4869444445,6133786.4869444445
2024-07-06 23:00:00+00:00,4818131.075277777,4818131.075277777
2024-07-07 00:00:00+00:00,5401424.872222222,0.0
2024-07-07 01:00:00+00:00,7202076.016666667,7202076.016666667
2024-07-07 02:00:00+00:00,7618312.584444445,0.0
2024-07-07 03:00:00+00:00,4901118.0563888885,4901118.0563888885
2024-07-07 04:00:00+00:00,4573171.576944444,4573171.576944444
2024-07-07 05:00:00+00:00,5742151.347777777,5742151.347777777
2024-07-07 06:00:00+00:00,5423342.306666667,0.0
2024-07-07 07:00:00+00:00,6923426.816944445,6923426.816944445
2024-07-07 08:00:00+00:00,6385928.152222223,6385928.152222223
2024-07-07 09:00:00+00:00,7562267.331388889,7562267.331388889
2024-07-07 10:00:00+00:00,6754726.486666666,6754726.486666666
2024-07-07 11:00:00+00:00,6453493.541944444,6453493.541944444
2024-07-07 12:00:00+00:00,9703647.869166669,9703647.869166669
2024-07-07 13:00:00+00:00,8138094.694166667,8138094.694166667
2024-07-07 14:00:00+00:00,7133276.465555555,7133276.465555555
2024-07-07 15:00:00+00:00,6532096.0563888885,6532096.0563888885
2024-07-07 16:00:00+00:00,7040072.9525,7040072.9525
2024-07-07 17:00:00+00:00,5261187.272222222,5261187.272222222
2024-07-07 18:00:00+00:00,6450402.033055556,6450402.033055556
2024-07-07 19:00:00+00:00,7458310.601388888,0.0
2024-07-07 20:00:00+00:00,5571023.614722222,5571023.614722222
2024-07-07 21:00:00+00:00,5686357.730555556,5686357.730555556
2024-07-07 22:00:00+00:00,4054487.0208333335,4054487.0208333335
2024-07-07 23:00:00+00:00,4327152.232222222,4327152.232222222
2024-07-08 00:00:00+00:00,5046263.156944444,5046263.156944444
2024-07-08 01:00:00+00:00,4740917.908333333,4740917.908333333
2024-07-08 02:00:00+00:00,4878667.126388889,0.0
2024-07-08 03:00:00+00:00,6252741.863333333,6252741.863333333
2024-07-08 04:00:00+00:00,7856797.229166667,7856797.229166667
2024-07-08 05:00:00+00:00,7570743.705,7570743.705
2024-07-08 06:00:00+00:00,7226001.430555556,7226001.430555556
2024-07-08 07:00:00+00:00,8851452.244166667,8851452.244166667
2024-07-08 08:00:00+00:00,9203921.993888889,9203921.993888889
2024-07-08 09:00:00+00:00,14840780.369722225,14840780.369722225
2024-07-08 10:00:00+00:00,10032821.507777778,10032821.507777778
2024-07-08 11:00:00+00:00,7158003.576666667,7158003.576666667
2024-07-08 12:00:00+00:00,13335610.010555556,13335610.010555556
2024-07-08 13:00:00+00:00,12305235.486666666,12305235.486666666
2024-07-08 14:00:00+00:00,8833131.268055556,8833131.268055556
2024-07-08 15:00:00+00:00,8768160.013611112,8768160.013611112
2024-07-08 16:00:00+00:00,8276344.309444444,8276344.309444444
2024-07-08 17:00:00+00:00,9320657.655555556,9320657.655555556
2024-07-08 18:00:00+00:00,8839604.669722222,8839604.669722222
2024-07-08 19:00:00+00:00,7936583.082777778,7936583.082777778
2024-07-08 20:00:00+00:00,7032498.37,7032498.37
2024-07-08 21:00:00+00:00,6715089.929166666,6715089.929166666
2024-07-08 22:00:00+00:00,6042813.873333333,6042813.873333333
2024-07-08 23:00:00+00:00,7891143.067222223,7891143.067222223
2024-07-09 00:00:00+00:00,7920049.048333333,7920049.048333333
2024-07-09 01:00:00+00:00,8744425.958888888,8744425.958888888
2024-07-09 02:00:00+00:00,6306370.399166667,6306370.399166667
2024-07-09 03:00:00+00:00,7520695.229444444,7520695.229444444
2024-07-09 04:00:00+00:00,8858928.651666667,8858928.651666667
2024-07-09 05:00:00+00:00,11951013.415,11951013.415
2024-07-09 06:00:00+00:00,18121334.562222224,18121334.562222224
2024-07-09 07:00:00+00:00,14500629.829444444,14500629.829444444
2024-07-09 08:00:00+00:00,9376374.658333331,9376374.658333331
2024-07-09 09:00:00+00:00,13329650.69861111,13329650.69861111
2024-07-09 10:00:00+00:00,11567552.77388889,11567552.77388889
2024-07-09 11:00:00+00:00,11730275.528055556,0.0
2024-07-09 12:00:00+00:00,10621618.612777775,10621618.612777775
2024-07-09 13:00:00+00:00,11475668.507777778,11475668.507777778
2024-07-09 14:00:00+00:00,7012758.240555556,7012758.240555556
2024-07-09 15:00:00+00:00,7901734.554166666,7901734.554166666
2024-07-09 16:00:00+00:00,9197400.846666666,9197400.846666666
2024-07-09 17:00:00+00:00,8774469.515833333,8774469.515833333
2024-07-09 18:00:00+00:00,8480569.662222221,8480569.662222221
2024-07-09 19:00:00+00:00,8736645.030277777,8736645.030277777
2024-07-09 20:00:00+00:00,8339121.756944444,8339121.756944444
2024-07-09 21:00:00+00:00,9229915.351388888,9229915.351388888
2024-07-09 22:00:00+00:00,8066918.564722222,8066918.564722222
2024-07-09 23:00:00+00:00,6820803.934722222,0.0
2024-07-10 00:00:00+00:00,9082166.506666666,9082166.506666666
2024-07-10 01:00:00+00:00,10119886.432777775,0.0
2024-07-10 02:00:00+00:00,7011257.0025,7011257.0025
2024-07-10 03:00:00+00:00,8935046.438055556,8935046.438055556
2024-07-10 04:00:00+00:00,10932726.025555557,10932726.025555557
2024-07-10 05:00:00+00:00,11581421.984166669,11581421.984166669
2024-07-10 06:00:00+00:00,15143553.098888887,15143553.098888887
2024-07-10 07:00:00+00:00,11771300.005,11771300.005
2024-07-10 08:00:00+00:00,8993639.438055556,8993639.438055556
2024-07-10 09:00:00+00:00,11445551.688888889,11445551.688888889
2024-07-10 10:00:00+00:00,13834103.048888888,0.0
2024-07-10 11:00:00+00:00,11846023.940277778,11846023.940277778
2024-07-10 12:00:00+00:00,11911950.404444445,11911950.404444445
2024-07-10 13:00:00+00:00,11371506.626388889,11371506.626388889
2024-07-10 14:00:00+00:00,9754462.180277778,9754462.180277778
2024-07-10 15:00:00+00:00,8961331.278055556,8961331.278055556
2024-07-10 16:00:00+00:00,9832758.636388889,9832758.636388889
2024-07-10 17:00:00+00:00,8612491.366388889,8612491.366388889
2024-07-10 18:00:00+00:00,9942514.493888889,9942514.493888889
2024-07-10 19:00:00+00:00,7979349.4375,7979349.4375
2024-07-10 20:00:00+00:00,7574781.235,7574781.235
2024-07-10 21:00:00+00:00,7832626.221388889,7832626.221388889
2024-07-10 22:00:00+00:00,5523667.048055556,5523667.048055556
2024-07-10 23:00:00+00:00,6788724.383888889,0.0
2024-07-11 00:00:00+00:00,6659024.441388889,6659024.441388889
2024-07-11 01:00:00+00:00,7572080.841944444,0.0
2024-07-11 02:00:00+00:00,7017479.036111111,7017479.036111111
2024-07-11 03:00:00+00:00,7966290.588333333,7966290.588333333
2024-07-11 04:00:00+00:00,9353448.97138889,9353448.97138889
2024-07-11 05:00:00+00:00,10383549.621944444,10383549.621944444
2024-07-11 06:00:00+00:00,12303159.169444444,12303159.169444444
2024-07-11 07:00:00+00:00,11010560.3775,11010560.3775
2024-07-11 08:00:00+00:00,9621053.446666667,0.0
2024-07-11 09:00:00+00:00,12962074.293055557,12962074.293055557
2024-07-11 10:00:00+00:00,12300652.890833331,12300652.890833331
2024-07-11 11:00:00+00:00,11705129.688333333,11705129.688333333
2024-07-11 12:00:00+00:00,11220534.392222222,11220534.392222222
2024-07-11 13:00:00+00:00,9500008.260277778,9500008.260277778
2024-07-11 14:00:00+00:00,9151829.253055556,9151829.253055556
2024-07-11 15:00:00+00:00,7121167.928611111,7121167.928611111
2024-07-11 16:00:00+00:00,8471914.303333333,8471914.303333333
2024-07-11 17:00:00+00:00,8441741.003611112,0.0
2024-07-11 18:00:00+00:00,9768532.731666667,9768532.731666667
2024-07-11 19:00:00+00:00,8296535.978055555,8296535.978055555
2024-07-11 20:00:00+00:00,8422405.983055556,8422405.983055556
2024-07-11 21:00:00+00:00,9989997.18,9989997.18
2024-07-11 22:00:00+00:00,7078575.506388889,0.0
2024-07-11 23:00:00+00:00,6155204.556111111,0.0
2024-07-12 00:00:00+00:00,6426077.333333333,0.0
2024-07-12 01:00:00+00:00,9013087.581666669,9013087.581666669
2024-07-12 02:00:00+00:00,6996702.669444445,6996702.669444445
2024-07-12 03:00:00+00:00,8079203.2075,8079203.2075
2024-07-12 04:00:00+00:00,10304178.256666666,10304178.256666666
2024-07-12 05:00:00+00:00,11714985.492222222,11714985.492222222
2024-07-12 06:00:00+00:00,14398264.11388889,14398264.11388889
2024-07-12 07:00:00+00:00,14517856.876388889,14517856.876388889
2024-07-12 08:00:00+00:00,16718192.108055556,16718192.108055556
2024-07-12 09:00:00+00:00,15188893.749722222,15188893.749722222
2024-07-12 10:00:00+00:00,13115338.466944445,13115338.466944445
2024-07-12 11:00:00+00:00,10651788.22888889,10651788.22888889
2024-07-12 12:00:00+00:00,10985976.404722225,10985976.404722225
2024-07-12 13:00:00+00:00,9817994.643333333,9817994.643333333
2024-07-12 14:00:00+00:00,9787365.594166666,9787365.594166666
2024-07-12 15:00:00+00:00,10341474.60111111,10341474.60111111
2024-07-12 16:00:00+00:00,8741321.391944444,8741321.391944444
2024-07-12 17:00:00+00:00,10178106.147777775,10178106.147777775
2024-07-12 18:00:00+00:00,14409519.924722224,14409519.924722224
2024-07-12 19:00:00+00:00,10583607.866944443,10583607.866944443
2024-07-12 20:00:00+00:00,9706390.180555556,9706390.180555556
2024-07-12 21:00:00+00:00,15687469.6275,15687469.6275
2024-07-12 22:00:00+00:00,7843383.662777778,7843383.662777778
2024-07-12 23:00:00+00:00,8171552.749444445,8171552.749444445
2024-07-13 00:00:00+00:00,5405704.075,5405704.075
2024-07-13 01:00:00+00:00,7622813.898055555,7622813.898055555
2024-07-13 02:00:00+00:00,6151742.225555556,6151742.225555556
2024-07-13 03:00:00+00:00,4752463.226111111,4752463.226111111
2024-07-13 04:00:00+00:00,7073180.588611111,7073180.588611111
2024-07-13 05:00:00+00:00,7278923.980833333,7278923.980833333
2024-07-13 06:00:00+00:00,7408355.211666667,7408355.211666667
2024-07-13 07:00:00+00:00,8794445.359444445,0.0
2024-07-13 08:00:00+00:00,8133761.826666667,8133761.826666667
2024-07-13 09:00:00+00:00,9919022.481666667,9919022.481666667
2024-07-13 10:00:00+00:00,12011839.468888888,12011839.468888888
2024-07-13 11:00:00+00:00,9654680.49888889,9654680.49888889
2024-07-13 12:00:00+00:00,7630449.286388889,7630449.286388889
2024-07-13 13:00:00+00:00,8070658.334722222,8070658.334722222
2024-07-13 14:00:00+00:00,11278391.93527778,11278391.93527778
2024-07-13 15:00:00+00:00,7190365.7908333335,7190365.7908333335
2024-07-13 16:00:00+00:00,7885639.594444444,7885639.594444444
2024-07-13 17:00:00+00:00,7584576.887777777,7584576.887777777
2024-07-13 18:00:00+00:00,8482067.615833333,8482067.615833333
2024-07-13 19:00:00+00:00,8400619.065555556,8400619.065555556
2024-07-13 20:00:00+00:00,7823367.999444445,0.0
2024-07-13 21:00:00+00:00,6540421.639444444,6540421.639444444
2024-07-13 22:00:00+00:00,5866783.531666666,5866783.531666666
2024-07-13 23:00:00+00:00,6089607.403055555,6089607.403055555
2024-07-14 00:00:00+00:00,10320602.266111111,10320602.266111111
2024-07-14 01:00:00+00:00,7071807.184444444,7071807.184444444
2024-07-14 02:00:00+00:00,9214092.290833334,9214092.290833334
2024-07-14 03:00:00+00:00,7303453.991388889,7303453.991388889
2024-07-14 04:00:00+00:00,8466932.898611112,8466932.898611112
2024-07-14 05:00:00+00:00,6649024.384444444,6649024.384444444
2024-07-14 06:00:00+00:00,6215578.685,6215578.685
2024-07-14 07:00:00+00:00,5461688.646111111,5461688.646111111
2024-07-14 08:00:00+00:00,9087143.780555556,9087143.780555556
2024-07-14 09:00:00+00:00,8210500.829722222,8210500.829722222
2024-07-14 10:00:00+00:00,6538354.335277778,6538354.335277778
2024-07-14 11:00:00+00:00,7153441.167777778,7153441.167777778
2024-07-14 12:00:00+00:00,10840530.778888889,10840530.778888889
2024-07-14 13:00:00+00:00,7642997.449444445,7642997.449444445
2024-07-14 14:00:00+00:00,9631792.979722222,9631792.979722222
2024-07-14 15:00:00+00:00,9661125.163055556,9661125.163055556
2024-07-14 16:00:00+00:00,9141271.807222225,9141271.807222225
2024-07-14 17:00:00+00:00,10097726.894444443,10097726.894444443
2024-07-14 18:00:00+00:00,9807295.364166666,9807295.364166666
2024-07-14 19:00:00+00:00,8620657.810833333,8620657.810833333
2024-07-14 20:00:00+00:00,6094621.176944445,6094621.176944445
2024-07-14 21:00:00+00:00,6457880.365833334,6457880.365833334
