time,original,imputed
2023-10-09 00:00:00+00:00,280095.22305555554,280095.22305555554
2023-10-09 01:00:00+00:00,849124.4294444445,849124.4294444445
2023-10-09 02:00:00+00:00,1495101.9947222222,1495101.9947222222
2023-10-09 03:00:00+00:00,1833086.276388889,1833086.276388889
2023-10-09 04:00:00+00:00,1881651.6463888888,1148186.3432328082
2023-10-09 05:00:00+00:00,1204614.43,1204614.43
2023-10-09 06:00:00+00:00,2186246.1738888887,2186246.1738888887
2023-10-09 07:00:00+00:00,1504739.5616666668,1504739.5616666668
2023-10-09 08:00:00+00:00,1787105.9494444444,1787105.9494444444
2023-10-09 09:00:00+00:00,2105066.831944444,2105066.831944444
2023-10-09 10:00:00+00:00,1558012.015,1558012.015
2023-10-09 11:00:00+00:00,1179340.933333333,1179340.933333333
2023-10-09 12:00:00+00:00,958589.0402777778,958589.0402777778
2023-10-09 13:00:00+00:00,1142396.101388889,1142396.101388889
2023-10-09 14:00:00+00:00,1061182.1527777778,1061182.1527777778
2023-10-09 15:00:00+00:00,992534.3283333334,992534.3283333334
2023-10-09 16:00:00+00:00,1164274.8313888889,1164274.8313888889
2023-10-09 17:00:00+00:00,1282712.0244444443,1116418.384382639
2023-10-09 18:00:00+00:00,1439452.1069444444,1439452.1069444444
2023-10-09 19:00:00+00:00,810224.485,810224.485
2023-10-09 20:00:00+00:00,1035626.1697222224,1035626.1697222224
2023-10-09 21:00:00+00:00,698688.7508333334,698688.7508333334
2023-10-09 22:00:00+00:00,539198.5080555555,539198.5080555555
2023-10-09 23:00:00+00:00,226372.82611111112,226372.82611111112
2023-10-10 00:00:00+00:00,232346.0036111111,232346.0036111111
2023-10-10 01:00:00+00:00,324104.525,324104.525
2023-10-10 02:00:00+00:00,903900.2805555556,903900.2805555556
2023-10-10 03:00:00+00:00,1191393.7752777778,597863.4484531038
2023-10-10 04:00:00+00:00,1330096.075,1330096.075
2023-10-10 05:00:00+00:00,1631360.3605555557,1631360.3605555557
2023-10-10 06:00:00+00:00,1308636.8463888888,1308636.8463888888
2023-10-10 07:00:00+00:00,1321185.2725,1321185.2725
2023-10-10 08:00:00+00:00,1209694.1883333332,1209694.1883333332
2023-10-10 09:00:00+00:00,1216212.68,1216212.68
2023-10-10 10:00:00+00:00,1414437.9066666667,1414437.9066666667
2023-10-10 11:00:00+00:00,752610.5486111111,752610.5486111111
2023-10-10 12:00:00+00:00,869633.8902777778,869633.8902777778
2023-10-10 13:00:00+00:00,982685.6908333332,982685.6908333332
2023-10-10 14:00:00+00:00,1193273.6752777777,1193273.6752777777
2023-10-10 15:00:00+00:00,1414315.6544444445,1414315.6544444445
2023-10-10 16:00:00+00:00,1507626.8683333334,1507626.8683333334
2023-10-10 17:00:00+00:00,1441555.2386111112,1441555.2386111112
2023-10-10 18:00:00+00:00,1133293.1047222223,1133293.1047222223
2023-10-10 19:00:00+00:00,930754.8197222222,930754.8197222222
2023-10-10 20:00:00+00:00,637813.1697222223,637813.1697222223
2023-10-10 21:00:00+00:00,647017.765,647017.765
2023-10-10 22:00:00+00:00,284501.70444444445,284501.70444444445
2023-10-10 23:00:00+00:00,370424.1033333333,370424.1033333333
2023-10-11 00:00:00+00:00,550079.3536111111,550079.3536111111
2023-10-11 01:00:00+00:00,416987.4608333333,416987.4608333333
2023-10-11 02:00:00+00:00,1118887.090833333,1118887.090833333
2023-10-11 03:00:00+00:00,2285151.935833333,751056.8593100298
2023-10-11 04:00:00+00:00,1515675.4766666666,1515675.4766666666
2023-10-11 05:00:00+00:00,1943492.8302777775,1943492.8302777775
2023-10-11 06:00:00+00:00,1263364.703611111,1263364.703611111
2023-10-11 07:00:00+00:00,1689154.5502777777,1689154.5502777777
2023-10-11 08:00:00+00:00,1218089.2108333334,1218089.2108333334
2023-10-11 09:00:00+00:00,1710239.5769444443,1710239.5769444443
2023-10-11 10:00:00+00:00,1043666.8661111112,1043666.8661111112
2023-10-11 11:00:00+00:00,939025.9569444444,939025.9569444444
2023-10-11 12:00:00+00:00,1114388.4619444443,1114388.4619444443
2023-10-11 13:00:00+00:00,1259463.036111111,1259463.036111111
2023-10-11 14:00:00+00:00,1610501.226388889,1610501.226388889
2023-10-11 15:00:00+00:00,1702059.9491666667,1702059.9491666667
2023-10-11 16:00:00+00:00,1616105.913611111,1616105.913611111
2023-10-11 17:00:00+00:00,2169273.555,2169273.555
2023-10-11 18:00:00+00:00,1525617.923888889,1525617.923888889
2023-10-11 19:00:00+00:00,1134715.943611111,1134715.943611111
2023-10-11 20:00:00+00:00,1164332.6897222225,1453125.1919386317
2023-10-11 21:00:00+00:00,641332.1811111111,641332.1811111111
2023-10-11 22:00:00+00:00,513922.9255555556,513922.9255555556
2023-10-11 23:00:00+00:00,710815.89,710815.89
2023-10-12 00:00:00+00:00,383306.70916666667,383306.70916666667
2023-10-12 01:00:00+00:00,633068.8555555556,633068.8555555556
2023-10-12 02:00:00+00:00,1005747.8572222224,608121.2868524238
2023-10-12 03:00:00+00:00,1552293.495833333,1552293.495833333
2023-10-12 04:00:00+00:00,1531772.8425,1531772.8425
2023-10-12 05:00:00+00:00,1904932.4633333331,1904932.4633333331
2023-10-12 06:00:00+00:00,1299248.6169444444,1299248.6169444444
2023-10-12 07:00:00+00:00,1800959.3236111111,1800959.3236111111
2023-10-12 08:00:00+00:00,1991617.935555556,1991617.935555556
2023-10-12 09:00:00+00:00,1554114.2855555555,1554114.2855555555
2023-10-12 10:00:00+00:00,1881072.3547222223,1881072.3547222223
2023-10-12 11:00:00+00:00,1368854.6394444443,1368854.6394444443
2023-10-12 12:00:00+00:00,1378193.1180555555,1594211.4768207823
2023-10-12 13:00:00+00:00,1598374.4913888888,1550596.274794395
2023-10-12 14:00:00+00:00,1741028.7330555555,1741028.7330555555
2023-10-12 15:00:00+00:00,1988846.7913888888,1988846.7913888888
2023-10-12 16:00:00+00:00,1823123.5533333328,1823123.5533333328
2023-10-12 17:00:00+00:00,1647908.7980555557,1647908.7980555557
2023-10-12 18:00:00+00:00,1051553.2794444445,1051553.2794444445
2023-10-12 19:00:00+00:00,706117.0411111111,706117.0411111111
2023-10-12 20:00:00+00:00,437576.26972222223,437576.26972222223
2023-10-12 21:00:00+00:00,442371.8225,442371.8225
2023-10-12 22:00:00+00:00,504441.7727777778,504441.7727777778
2023-10-12 23:00:00+00:00,1100836.1308333334,1100836.1308333334
2023-10-13 00:00:00+00:00,290949.4347222222,290949.4347222222
2023-10-13 01:00:00+00:00,609608.7555555556,587974.1383536924
2023-10-13 02:00:00+00:00,1659086.1588888888,1659086.1588888888
2023-10-13 03:00:00+00:00,1351304.5775,1351304.5775
2023-10-13 04:00:00+00:00,1692151.7391666668,1692151.7391666668
2023-10-13 05:00:00+00:00,1893685.3033333328,1893685.3033333328
2023-10-13 06:00:00+00:00,1773764.490277778,1773764.490277778
2023-10-13 07:00:00+00:00,2560692.9394444446,2560692.9394444446
2023-10-13 08:00:00+00:00,2794927.700277778,2794927.700277778
2023-10-13 09:00:00+00:00,1675131.52,1675131.52
2023-10-13 10:00:00+00:00,1186392.1027777777,1186392.1027777777
2023-10-13 11:00:00+00:00,1386640.394722222,1386640.394722222
2023-10-13 12:00:00+00:00,1428110.0316666667,1561215.7817585564
2023-10-13 13:00:00+00:00,1243913.095277778,1243913.095277778
2023-10-13 14:00:00+00:00,1285860.1969444444,1285860.1969444444
2023-10-13 15:00:00+00:00,2082585.8858333328,2082585.8858333328
2023-10-13 16:00:00+00:00,1456895.97,1456895.97
2023-10-13 17:00:00+00:00,1193592.2433333334,1193592.2433333334
2023-10-13 18:00:00+00:00,1484257.7144444445,1484257.7144444445
2023-10-13 19:00:00+00:00,1272754.2944444444,1272754.2944444444
2023-10-13 20:00:00+00:00,1052196.5638888888,1052196.5638888888
2023-10-13 21:00:00+00:00,322081.5313888889,322081.5313888889
2023-10-13 22:00:00+00:00,386384.21527777775,386384.21527777775
2023-10-13 23:00:00+00:00,401435.1927777778,401435.1927777778
2023-10-14 00:00:00+00:00,263047.2941666667,263047.2941666667
2023-10-14 01:00:00+00:00,416486.8744444444,416486.8744444444
2023-10-14 02:00:00+00:00,376271.88916666666,418939.1283521849
2023-10-14 03:00:00+00:00,874251.13,874251.13
2023-10-14 04:00:00+00:00,1262376.0494444445,670493.8494943633
2023-10-14 05:00:00+00:00,1473646.8219444444,1473646.8219444444
2023-10-14 06:00:00+00:00,1615005.235833333,1615005.235833333
2023-10-14 07:00:00+00:00,1192660.1080555555,1192660.1080555555
2023-10-14 08:00:00+00:00,2077036.1930555557,2077036.1930555557
2023-10-14 09:00:00+00:00,1697990.1602777778,1697990.1602777778
2023-10-14 10:00:00+00:00,1458917.6144444444,1458917.6144444444
2023-10-14 11:00:00+00:00,1413142.5458333334,1413142.5458333334
2023-10-14 12:00:00+00:00,1679522.911388889,1679522.911388889
2023-10-14 13:00:00+00:00,1558889.381388889,1558889.381388889
2023-10-14 14:00:00+00:00,1238176.951666667,1238176.951666667
2023-10-14 15:00:00+00:00,1817957.610833333,1427291.7607460534
2023-10-14 16:00:00+00:00,2430003.6908333334,2430003.6908333334
2023-10-14 17:00:00+00:00,1749608.6786111111,1749608.6786111111
2023-10-14 18:00:00+00:00,2156553.571111111,2156553.571111111
2023-10-14 19:00:00+00:00,1777806.735833333,1992641.808747001
2023-10-14 20:00:00+00:00,1470486.8241666667,1470486.8241666667
2023-10-14 21:00:00+00:00,1357682.5841666667,1357682.5841666667
2023-10-14 22:00:00+00:00,534896.1747222223,534896.1747222223
2023-10-14 23:00:00+00:00,269447.025,269447.025
2023-10-15 00:00:00+00:00,319232.355,319232.355
2023-10-15 01:00:00+00:00,555313.9613888889,555313.9613888889
2023-10-15 02:00:00+00:00,1281425.2277777777,1281425.2277777777
2023-10-15 03:00:00+00:00,1269618.5330555555,1269618.5330555555
2023-10-15 04:00:00+00:00,1722857.529722222,1722857.529722222
2023-10-15 05:00:00+00:00,1798228.2677777775,1335788.4391683121
2023-10-15 06:00:00+00:00,1767817.1641666666,1767817.1641666666
2023-10-15 07:00:00+00:00,1651465.963611111,1651465.963611111
2023-10-15 08:00:00+00:00,1930247.5413888888,1930247.5413888888
2023-10-15 09:00:00+00:00,2317158.4780555554,2317158.4780555554
2023-10-15 10:00:00+00:00,2207124.449722222,2207124.449722222
2023-10-15 11:00:00+00:00,2322006.898611111,2322006.898611111
2023-10-15 12:00:00+00:00,2020159.6869444444,2020159.6869444444
2023-10-15 13:00:00+00:00,2314254.865833333,2314254.865833333
2023-10-15 14:00:00+00:00,3202027.0355555555,3202027.0355555555
2023-10-15 15:00:00+00:00,2444493.4352777777,2444493.4352777777
2023-10-15 16:00:00+00:00,1741507.9561111112,1741507.9561111112
2023-10-15 17:00:00+00:00,1844774.4186111111,1844774.4186111111
2023-10-15 18:00:00+00:00,2113763.69,2113763.69
2023-10-15 19:00:00+00:00,1183655.7047222222,2076672.257514136
2023-10-15 20:00:00+00:00,732629.28,732629.28
2023-10-15 21:00:00+00:00,614091.5408333334,614091.5408333334
2023-10-15 22:00:00+00:00,888046.5894444444,888046.5894444444
2023-10-15 23:00:00+00:00,515692.89472222223,515692.89472222223
2023-10-16 00:00:00+00:00,245766.71666666667,245766.71666666667
2023-10-16 01:00:00+00:00,961422.6977777778,961422.6977777778
2023-10-16 02:00:00+00:00,1713530.681388889,1713530.681388889
2023-10-16 03:00:00+00:00,1729123.66,1729123.66
2023-10-16 04:00:00+00:00,2228488.1133333333,2228488.1133333333
2023-10-16 05:00:00+00:00,2100352.980555556,2100352.980555556
2023-10-16 06:00:00+00:00,2056995.185,2056995.185
2023-10-16 07:00:00+00:00,1595929.2080555556,1970182.8737724253
2023-10-16 08:00:00+00:00,2191785.6469444446,2191785.6469444446
2023-10-16 09:00:00+00:00,1792807.639166667,1792807.639166667
2023-10-16 10:00:00+00:00,1613454.015,1613454.015
2023-10-16 11:00:00+00:00,1378355.9197222225,1378355.9197222225
2023-10-16 12:00:00+00:00,1446389.8555555556,1446389.8555555556
2023-10-16 13:00:00+00:00,1426389.8866666667,1426389.8866666667
2023-10-16 14:00:00+00:00,1576541.7044444445,1576541.7044444445
2023-10-16 15:00:00+00:00,1689070.5213888888,1689070.5213888888
2023-10-16 16:00:00+00:00,1866866.8336111112,1866866.8336111112
2023-10-16 17:00:00+00:00,2167158.698333333,2167158.698333333
2023-10-16 18:00:00+00:00,1779878.8230555556,1779878.8230555556
2023-10-16 19:00:00+00:00,1234478.4016666666,1853589.1688735024
2023-10-16 20:00:00+00:00,857977.2533333333,857977.2533333333
2023-10-16 21:00:00+00:00,747386.4613888889,747386.4613888889
2023-10-16 22:00:00+00:00,507969.5891666667,507969.5891666667
2023-10-16 23:00:00+00:00,676864.0358333334,676864.0358333334
2023-10-17 00:00:00+00:00,600385.7338888888,600385.7338888888
2023-10-17 01:00:00+00:00,570810.0736111111,570810.0736111111
2023-10-17 02:00:00+00:00,1518258.358611111,1518258.358611111
2023-10-17 03:00:00+00:00,1609111.4352777775,1609111.4352777775
2023-10-17 04:00:00+00:00,1529801.8444444444,1529801.8444444444
2023-10-17 05:00:00+00:00,2494475.3727777777,2494475.3727777777
2023-10-17 06:00:00+00:00,2822173.063055556,2822173.063055556
2023-10-17 07:00:00+00:00,1885937.1269444444,1885937.1269444444
2023-10-17 08:00:00+00:00,1471727.5605555556,1471727.5605555556
2023-10-17 09:00:00+00:00,2041420.0369444443,2041420.0369444443
2023-10-17 10:00:00+00:00,2004542.8338888888,2004542.8338888888
2023-10-17 11:00:00+00:00,1296846.5191666668,1296846.5191666668
2023-10-17 12:00:00+00:00,1535367.118888889,1673462.9212562307
2023-10-17 13:00:00+00:00,1091133.566388889,1091133.566388889
2023-10-17 14:00:00+00:00,902850.9838888888,902850.9838888888
2023-10-17 15:00:00+00:00,1410880.5219444444,1410880.5219444444
2023-10-17 16:00:00+00:00,923119.1691666668,923119.1691666668
2023-10-17 17:00:00+00:00,891347.0680555556,891347.0680555556
2023-10-17 18:00:00+00:00,1207271.6383333334,1207271.6383333334
2023-10-17 19:00:00+00:00,454657.1069444445,454657.1069444445
2023-10-17 20:00:00+00:00,557325.973611111,557325.973611111
2023-10-17 21:00:00+00:00,325054.6822222222,325054.6822222222
2023-10-17 22:00:00+00:00,494996.12833333336,494996.12833333336
2023-10-17 23:00:00+00:00,338545.4608333333,338545.4608333333
2023-10-18 00:00:00+00:00,377971.3769444444,377971.3769444444
2023-10-18 01:00:00+00:00,798726.6869444444,798726.6869444444
2023-10-18 02:00:00+00:00,803639.3483333334,803639.3483333334
2023-10-18 03:00:00+00:00,1455099.816111111,1455099.816111111
2023-10-18 04:00:00+00:00,1064233.546388889,1064233.546388889
2023-10-18 05:00:00+00:00,1210361.8338888888,1210361.8338888888
2023-10-18 06:00:00+00:00,1494972.921388889,1494972.921388889
2023-10-18 07:00:00+00:00,1185075.9844444443,1185075.9844444443
2023-10-18 08:00:00+00:00,803924.8969444444,803924.8969444444
2023-10-18 09:00:00+00:00,986190.6161111112,986190.6161111112
2023-10-18 10:00:00+00:00,765462.1233333333,1022749.786790645
2023-10-18 11:00:00+00:00,840479.5355555556,840479.5355555556
2023-10-18 12:00:00+00:00,817483.5977777778,817483.5977777778
2023-10-18 13:00:00+00:00,1243100.3547222223,1243100.3547222223
2023-10-18 14:00:00+00:00,927343.5211111112,927343.5211111112
2023-10-18 15:00:00+00:00,780558.6686111111,780558.6686111111
2023-10-18 16:00:00+00:00,998658.2430555556,998658.2430555556
2023-10-18 17:00:00+00:00,1104421.1419444445,1104421.1419444445
2023-10-18 18:00:00+00:00,763603.735,763603.735
2023-10-18 19:00:00+00:00,629423.4372222222,629423.4372222222
2023-10-18 20:00:00+00:00,428979.96055555553,428979.96055555553
2023-10-18 21:00:00+00:00,279931.7213888889,279931.7213888889
2023-10-18 22:00:00+00:00,263760.525,480664.67391314555
2023-10-18 23:00:00+00:00,343966.6388888889,343966.6388888889
2023-10-19 00:00:00+00:00,244869.7983333333,244869.7983333333
2023-10-19 01:00:00+00:00,629473.97,629473.97
2023-10-19 02:00:00+00:00,713882.6758333333,713882.6758333333
2023-10-19 03:00:00+00:00,997550.1466666666,997550.1466666666
2023-10-19 04:00:00+00:00,990191.6938888888,990191.6938888888
2023-10-19 05:00:00+00:00,1040802.6522222222,1040802.6522222222
2023-10-19 06:00:00+00:00,709611.3391666666,709611.3391666666
2023-10-19 07:00:00+00:00,1382906.2925,1382906.2925
2023-10-19 08:00:00+00:00,831406.4486111111,831406.4486111111
2023-10-19 09:00:00+00:00,1066326.850833333,1066326.850833333
2023-10-19 10:00:00+00:00,1179380.9791666667,1179380.9791666667
2023-10-19 11:00:00+00:00,759789.9669444445,759789.9669444445
2023-10-19 12:00:00+00:00,1204111.4302777778,1204111.4302777778
2023-10-19 13:00:00+00:00,807255.2652777778,807255.2652777778
2023-10-19 14:00:00+00:00,1283521.2233333334,1283521.2233333334
2023-10-19 15:00:00+00:00,816548.9652777778,816548.9652777778
2023-10-19 16:00:00+00:00,892314.6313888889,892314.6313888889
2023-10-19 17:00:00+00:00,773925.2297222222,773925.2297222222
2023-10-19 18:00:00+00:00,782988.3513888889,867815.1935483044
2023-10-19 19:00:00+00:00,680404.9122222222,680404.9122222222
2023-10-19 20:00:00+00:00,515310.34,515310.34
2023-10-19 21:00:00+00:00,605497.7688888889,605497.7688888889
2023-10-19 22:00:00+00:00,452229.1716666667,452229.1716666667
2023-10-19 23:00:00+00:00,363407.695,363407.695
2023-10-20 00:00:00+00:00,268987.90722222225,268987.90722222225
2023-10-20 01:00:00+00:00,288451.3563888889,288451.3563888889
2023-10-20 02:00:00+00:00,831355.7466666667,831355.7466666667
2023-10-20 03:00:00+00:00,1103533.5080555556,1103533.5080555556
2023-10-20 04:00:00+00:00,1077920.7933333332,1077920.7933333332
2023-10-20 05:00:00+00:00,1127808.2902777777,914110.5740012978
2023-10-20 06:00:00+00:00,1186519.7033333334,1136724.5358472802
2023-10-20 07:00:00+00:00,2137591.1866666665,2137591.1866666665
2023-10-20 08:00:00+00:00,1335801.83,1726445.4693486616
2023-10-20 09:00:00+00:00,1611553.775,1611553.775
2023-10-20 10:00:00+00:00,876021.4063888888,876021.4063888888
2023-10-20 11:00:00+00:00,904204.3697222222,904204.3697222222
2023-10-20 12:00:00+00:00,899381.6280555555,899381.6280555555
2023-10-20 13:00:00+00:00,949020.5075,949020.5075
2023-10-20 14:00:00+00:00,1309221.4044444445,1309221.4044444445
2023-10-20 15:00:00+00:00,1020841.8902777778,1020841.8902777778
2023-10-20 16:00:00+00:00,1648445.4005555557,1086457.9173876555
2023-10-20 17:00:00+00:00,1166965.7247222222,1166965.7247222222
2023-10-20 18:00:00+00:00,1201396.5055555557,1201396.5055555557
2023-10-20 19:00:00+00:00,951180.9022222222,951180.9022222222
2023-10-20 20:00:00+00:00,631506.4302777778,631506.4302777778
2023-10-20 21:00:00+00:00,583560.9208333333,583560.9208333333
2023-10-20 22:00:00+00:00,473817.5769444445,752474.4312418472
2023-10-20 23:00:00+00:00,261617.47722222225,261617.47722222225
2023-10-21 00:00:00+00:00,388265.52,388265.52
2023-10-21 01:00:00+00:00,330445.1041666667,330445.1041666667
2023-10-21 02:00:00+00:00,560581.3463888889,560581.3463888889
2023-10-21 03:00:00+00:00,491299.34027777775,461573.37244488293
2023-10-21 04:00:00+00:00,969646.0277777778,969646.0277777778
2023-10-21 05:00:00+00:00,813254.4777777778,754750.5034535511
2023-10-21 06:00:00+00:00,700104.5311111112,700104.5311111112
2023-10-21 07:00:00+00:00,811396.675,811396.675
2023-10-21 08:00:00+00:00,848072.5355555556,848072.5355555556
2023-10-21 09:00:00+00:00,905418.8086111112,905418.8086111112
2023-10-21 10:00:00+00:00,1122728.923888889,1122728.923888889
2023-10-21 11:00:00+00:00,1111394.67,1111394.67
2023-10-21 12:00:00+00:00,1052799.9044444445,1052799.9044444445
2023-10-21 13:00:00+00:00,1049420.9777777777,1049420.9777777777
2023-10-21 14:00:00+00:00,1133160.131111111,1133160.131111111
2023-10-21 15:00:00+00:00,1931811.418055556,1931811.418055556
2023-10-21 16:00:00+00:00,1503830.1597222222,1503830.1597222222
2023-10-21 17:00:00+00:00,1528278.506388889,1528278.506388889
2023-10-21 18:00:00+00:00,1909150.1719444443,1909150.1719444443
2023-10-21 19:00:00+00:00,1823617.602222222,1823617.602222222
2023-10-21 20:00:00+00:00,720883.8808333334,720883.8808333334
2023-10-21 21:00:00+00:00,478804.0308333333,478804.0308333333
2023-10-21 22:00:00+00:00,463993.08777777775,463993.08777777775
2023-10-21 23:00:00+00:00,483361.78444444446,483361.78444444446
2023-10-22 00:00:00+00:00,713353.3147222223,713353.3147222223
2023-10-22 01:00:00+00:00,782923.7016666667,782923.7016666667
2023-10-22 02:00:00+00:00,1054353.8280555557,1054353.8280555557
2023-10-22 03:00:00+00:00,1200991.2838888888,1200991.2838888888
2023-10-22 04:00:00+00:00,963017.3947222222,963017.3947222222
2023-10-22 05:00:00+00:00,1320297.7922222223,1320297.7922222223
2023-10-22 06:00:00+00:00,1354354.8316666668,1354354.8316666668
2023-10-22 07:00:00+00:00,1315558.3794444446,1315558.3794444446
2023-10-22 08:00:00+00:00,1601497.6358333332,1601497.6358333332
2023-10-22 09:00:00+00:00,1849021.3738888889,1849021.3738888889
2023-10-22 10:00:00+00:00,1751876.9027777778,1751876.9027777778
2023-10-22 11:00:00+00:00,1696260.8727777775,1696260.8727777775
2023-10-22 12:00:00+00:00,1208834.7936111111,1208834.7936111111
2023-10-22 13:00:00+00:00,1127850.7902777777,1127850.7902777777
2023-10-22 14:00:00+00:00,1415166.8938888889,1415166.8938888889
2023-10-22 15:00:00+00:00,2010090.0227777776,2010090.0227777776
2023-10-22 16:00:00+00:00,1310789.8936111112,1310789.8936111112
2023-10-22 17:00:00+00:00,1519248.8741666668,1519248.8741666668
2023-10-22 18:00:00+00:00,1289469.601388889,1289469.601388889
2023-10-22 19:00:00+00:00,838633.8822222222,838633.8822222222
2023-10-22 20:00:00+00:00,964785.5469444444,964785.5469444444
2023-10-22 21:00:00+00:00,706668.5611111111,706668.5611111111
2023-10-22 22:00:00+00:00,464627.15444444446,464627.15444444446
2023-10-22 23:00:00+00:00,410504.1286111111,410504.1286111111
2023-10-23 00:00:00+00:00,394064.6830555556,588652.7307963772
2023-10-23 01:00:00+00:00,589849.3633333333,589849.3633333333
2023-10-23 02:00:00+00:00,994548.9625,567475.5815593378
2023-10-23 03:00:00+00:00,1239584.3255555555,1239584.3255555555
2023-10-23 04:00:00+00:00,1333383.788333333,1333383.788333333
2023-10-23 05:00:00+00:00,1153648.4708333334,1153648.4708333334
2023-10-23 06:00:00+00:00,1754273.2805555556,1754273.2805555556
2023-10-23 07:00:00+00:00,1530003.9425,1530003.9425
2023-10-23 08:00:00+00:00,1490635.7444444443,1490635.7444444443
2023-10-23 09:00:00+00:00,1111351.9022222222,1111351.9022222222
2023-10-23 10:00:00+00:00,856724.6963888889,856724.6963888889
2023-10-23 11:00:00+00:00,672654.4555555555,672654.4555555555
2023-10-23 12:00:00+00:00,888280.1472222222,888280.1472222222
2023-10-23 13:00:00+00:00,687769.635,909943.2588919929
2023-10-23 14:00:00+00:00,949842.1911111112,949842.1911111112
2023-10-23 15:00:00+00:00,1032515.0822222222,1032515.0822222222
2023-10-23 16:00:00+00:00,1100163.715833333,1100163.715833333
2023-10-23 17:00:00+00:00,1430555.283611111,1430555.283611111
2023-10-23 18:00:00+00:00,1175139.9825,1175139.9825
2023-10-23 19:00:00+00:00,782705.3091666667,782705.3091666667
2023-10-23 20:00:00+00:00,883551.2180555556,883551.2180555556
2023-10-23 21:00:00+00:00,508089.9947222222,508089.9947222222
2023-10-23 22:00:00+00:00,387630.1113888889,387630.1113888889
2023-10-23 23:00:00+00:00,373581.9786111111,373581.9786111111
2023-10-24 00:00:00+00:00,294870.4613888889,294870.4613888889
2023-10-24 01:00:00+00:00,738606.5761111111,738606.5761111111
2023-10-24 02:00:00+00:00,1175071.3669444444,1175071.3669444444
2023-10-24 03:00:00+00:00,1347373.4205555555,821215.0017847437
2023-10-24 04:00:00+00:00,1667549.355277778,1667549.355277778
2023-10-24 05:00:00+00:00,1956163.861111111,1956163.861111111
2023-10-24 06:00:00+00:00,1555927.3477777778,1555927.3477777778
2023-10-24 07:00:00+00:00,1916969.9522222225,1916969.9522222225
2023-10-24 08:00:00+00:00,1620259.745833333,1620259.745833333
2023-10-24 09:00:00+00:00,1559388.838888889,1559388.838888889
2023-10-24 10:00:00+00:00,2148327.886111111,2148327.886111111
2023-10-24 11:00:00+00:00,1194270.8916666666,1194270.8916666666
2023-10-24 12:00:00+00:00,1104903.1105555557,1104903.1105555557
2023-10-24 13:00:00+00:00,1079637.4852777778,1079637.4852777778
2023-10-24 14:00:00+00:00,1995545.288611111,1995545.288611111
2023-10-24 15:00:00+00:00,1221278.915,1221278.915
2023-10-24 16:00:00+00:00,1949671.65,1949671.65
2023-10-24 17:00:00+00:00,1549919.3372222222,1549919.3372222222
2023-10-24 18:00:00+00:00,1145865.7344444443,1145865.7344444443
2023-10-24 19:00:00+00:00,901954.1494444445,901954.1494444445
2023-10-24 20:00:00+00:00,657535.9472222222,657535.9472222222
2023-10-24 21:00:00+00:00,530153.9194444445,530153.9194444445
2023-10-24 22:00:00+00:00,454931.58444444445,454931.58444444445
2023-10-24 23:00:00+00:00,359181.3105555556,359181.3105555556
2023-10-25 00:00:00+00:00,252700.32916666663,252700.32916666663
2023-10-25 01:00:00+00:00,383665.5002777778,383665.5002777778
2023-10-25 02:00:00+00:00,1180729.3205555556,1180729.3205555556
2023-10-25 03:00:00+00:00,1522380.1561111112,1522380.1561111112
2023-10-25 04:00:00+00:00,1220889.7322222225,1220889.7322222225
2023-10-25 05:00:00+00:00,1159904.9330555554,1159904.9330555554
2023-10-25 06:00:00+00:00,2809550.7519444446,2809550.7519444446
2023-10-25 07:00:00+00:00,1433328.1327777775,1433328.1327777775
2023-10-25 08:00:00+00:00,1361290.1269444444,1361290.1269444444
2023-10-25 09:00:00+00:00,1400306.0477777778,1400306.0477777778
2023-10-25 10:00:00+00:00,1404824.4944444443,1480721.6496388467
2023-10-25 11:00:00+00:00,917428.6894444444,917428.6894444444
2023-10-25 12:00:00+00:00,1119243.8183333334,1119243.8183333334
2023-10-25 13:00:00+00:00,1679585.4102777778,1679585.4102777778
2023-10-25 14:00:00+00:00,1221791.556111111,1221791.556111111
2023-10-25 15:00:00+00:00,1309065.6191666666,1309065.6191666666
2023-10-25 16:00:00+00:00,2209857.055833333,2209857.055833333
2023-10-25 17:00:00+00:00,1986486.8977777776,1986486.8977777776
2023-10-25 18:00:00+00:00,1999235.2333333332,1999235.2333333332
2023-10-25 19:00:00+00:00,1424458.4497222223,1424458.4497222223
2023-10-25 20:00:00+00:00,1601815.013888889,1601815.013888889
2023-10-25 21:00:00+00:00,1061909.503888889,1061909.503888889
2023-10-25 22:00:00+00:00,494504.5411111111,494504.5411111111
2023-10-25 23:00:00+00:00,411168.2019444445,411168.2019444445
2023-10-26 00:00:00+00:00,472378.0644444444,472378.0644444444
2023-10-26 01:00:00+00:00,824979.3311111111,824979.3311111111
2023-10-26 02:00:00+00:00,1529083.5133333334,1529083.5133333334
2023-10-26 03:00:00+00:00,1547087.1619444443,1547087.1619444443
2023-10-26 04:00:00+00:00,1484503.5641666667,1272815.6903222238
2023-10-26 05:00:00+00:00,2098627.586388889,2098627.586388889
2023-10-26 06:00:00+00:00,1693620.3541666667,1763235.321264273
2023-10-26 07:00:00+00:00,1994225.1966666668,1994225.1966666668
2023-10-26 08:00:00+00:00,1826473.7069444444,1826473.7069444444
2023-10-26 09:00:00+00:00,1732588.7869444443,1732588.7869444443
2023-10-26 10:00:00+00:00,1574742.6230555556,1574742.6230555556
2023-10-26 11:00:00+00:00,1161393.7858333334,1161393.7858333334
2023-10-26 12:00:00+00:00,1486741.0022222225,1486741.0022222225
2023-10-26 13:00:00+00:00,984871.7330555556,1480851.794950853
2023-10-26 14:00:00+00:00,1625489.773888889,1558797.4509451904
2023-10-26 15:00:00+00:00,1529039.7027777778,1678592.8341036972
2023-10-26 16:00:00+00:00,2187317.1847222224,2187317.1847222224
2023-10-26 17:00:00+00:00,2255031.4122222224,2255031.4122222224
2023-10-26 18:00:00+00:00,1533138.9288888888,1533138.9288888888
2023-10-26 19:00:00+00:00,1017413.4052777778,1017413.4052777778
2023-10-26 20:00:00+00:00,1685059.461111111,1494278.7044010037
2023-10-26 21:00:00+00:00,841718.3936111111,841718.3936111111
2023-10-26 22:00:00+00:00,747706.4130555555,747706.4130555555
2023-10-26 23:00:00+00:00,629599.2425,629599.2425
2023-10-27 00:00:00+00:00,549338.87,549338.87
2023-10-27 01:00:00+00:00,543798.4833333333,543798.4833333333
2023-10-27 02:00:00+00:00,1616873.7913888888,629185.5839281578
2023-10-27 03:00:00+00:00,1754604.9988888889,1754604.9988888889
2023-10-27 04:00:00+00:00,1784163.1536111112,1784163.1536111112
2023-10-27 05:00:00+00:00,2206295.4141666666,2206295.4141666666
2023-10-27 06:00:00+00:00,1755167.0875,1755167.0875
2023-10-27 07:00:00+00:00,1706580.401111111,1706580.401111111
2023-10-27 08:00:00+00:00,1629253.524166667,1629253.524166667
2023-10-27 09:00:00+00:00,1636701.8919444445,1636701.8919444445
2023-10-27 10:00:00+00:00,1457092.6997222223,1457092.6997222223
2023-10-27 11:00:00+00:00,1700286.5294444445,1700286.5294444445
2023-10-27 12:00:00+00:00,1641676.4366666668,1641676.4366666668
2023-10-27 13:00:00+00:00,1449721.1469444444,1449721.1469444444
2023-10-27 14:00:00+00:00,1317544.316111111,1317544.316111111
2023-10-27 15:00:00+00:00,1345431.1588888888,1345431.1588888888
2023-10-27 16:00:00+00:00,1829114.7411111111,1406721.1923437251
2023-10-27 17:00:00+00:00,1540232.3333333333,1540232.3333333333
2023-10-27 18:00:00+00:00,1446941.828611111,1473059.2493253897
2023-10-27 19:00:00+00:00,1174441.6525,1174441.6525
2023-10-27 20:00:00+00:00,1424063.855277778,1424063.855277778
2023-10-27 21:00:00+00:00,736343.7075,736343.7075
2023-10-27 22:00:00+00:00,720151.84,1092955.0866302666
2023-10-27 23:00:00+00:00,566934.4875,566934.4875
2023-10-28 00:00:00+00:00,268033.61666666664,268033.61666666664
2023-10-28 01:00:00+00:00,319100.85555555555,319100.85555555555
2023-10-28 02:00:00+00:00,755703.0638888889,755703.0638888889
2023-10-28 03:00:00+00:00,967624.6877777778,967624.6877777778
2023-10-28 04:00:00+00:00,1412372.1308333334,1412372.1308333334
2023-10-28 05:00:00+00:00,1330810.8955555556,1330810.8955555556
2023-10-28 06:00:00+00:00,1691988.273611111,1691988.273611111
2023-10-28 07:00:00+00:00,1481056.2227777778,1481056.2227777778
2023-10-28 08:00:00+00:00,1497382.298888889,1497382.298888889
2023-10-28 09:00:00+00:00,1511353.3666666667,1511353.3666666667
2023-10-28 10:00:00+00:00,2507557.9683333333,2507557.9683333333
2023-10-28 11:00:00+00:00,1484019.4441666666,1484019.4441666666
2023-10-28 12:00:00+00:00,2316708.1566666667,2316708.1566666667
2023-10-28 13:00:00+00:00,1736191.512777778,1736191.512777778
2023-10-28 14:00:00+00:00,1695180.5791666666,1695180.5791666666
2023-10-28 15:00:00+00:00,1668187.2144444445,1668187.2144444445
2023-10-28 16:00:00+00:00,2639911.049722222,2639911.049722222
2023-10-28 17:00:00+00:00,3499620.8419444445,3499620.8419444445
2023-10-28 18:00:00+00:00,2450236.302222222,2450236.302222222
2023-10-28 19:00:00+00:00,1957275.226111111,1957275.226111111
2023-10-28 20:00:00+00:00,1322823.435,1322823.435
2023-10-28 21:00:00+00:00,1133683.5991666666,1133683.5991666666
2023-10-28 22:00:00+00:00,713498.9844444444,713498.9844444444
2023-10-28 23:00:00+00:00,851477.6927777778,851477.6927777778
2023-10-29 01:00:00+00:00,545842.0016666667,545842.0016666667
2023-10-29 02:00:00+00:00,715480.5286111111,715480.5286111111
2023-10-29 03:00:00+00:00,796351.6397222222,796351.6397222222
2023-10-29 04:00:00+00:00,1151468.9775,1151468.9775
2023-10-29 05:00:00+00:00,1189319.8336111112,944659.139909433
2023-10-29 06:00:00+00:00,1181500.8080555554,1181500.8080555554
2023-10-29 07:00:00+00:00,1584181.9966666666,1584181.9966666666
2023-10-29 08:00:00+00:00,1845200.0369444443,1845200.0369444443
2023-10-29 09:00:00+00:00,1867578.6436111112,1867578.6436111112
2023-10-29 10:00:00+00:00,1889852.6472222223,1889852.6472222223
2023-10-29 11:00:00+00:00,1939624.213611111,1939624.213611111
2023-10-29 12:00:00+00:00,1730889.2594444444,1730889.2594444444
2023-10-29 13:00:00+00:00,1924416.5702777775,1924416.5702777775
2023-10-29 14:00:00+00:00,1846272.961666667,1846272.961666667
2023-10-29 15:00:00+00:00,1564245.4713888888,1564245.4713888888
2023-10-29 16:00:00+00:00,1801368.045,1801368.045
2023-10-29 17:00:00+00:00,1795519.8805555557,1795519.8805555557
2023-10-29 18:00:00+00:00,1877410.2041666664,1877410.2041666664
2023-10-29 19:00:00+00:00,2263735.0175,2263735.0175
2023-10-29 20:00:00+00:00,1267286.3669444444,1267286.3669444444
2023-10-29 21:00:00+00:00,869430.7247222222,869430.7247222222
2023-10-29 22:00:00+00:00,687418.2755555556,687418.2755555556
2023-10-29 23:00:00+00:00,1156935.7291666667,1156935.7291666667
2023-10-30 00:00:00+00:00,472611.1236111112,472611.1236111112
2023-10-30 01:00:00+00:00,326252.2341666667,326252.2341666667
2023-10-30 02:00:00+00:00,497122.5,497122.5
2023-10-30 03:00:00+00:00,1103613.336388889,1103613.336388889
2023-10-30 04:00:00+00:00,1581236.3922222222,1581236.3922222222
2023-10-30 05:00:00+00:00,3433581.9966666666,3433581.9966666666
2023-10-30 06:00:00+00:00,1780652.4194444444,1780652.4194444444
2023-10-30 07:00:00+00:00,1835126.6983333328,1976233.1426889328
2023-10-30 08:00:00+00:00,1592671.2805555556,1592671.2805555556
2023-10-30 09:00:00+00:00,1533307.870833333,1740090.2619419717
2023-10-30 10:00:00+00:00,2254110.345277778,2254110.345277778
2023-10-30 11:00:00+00:00,1846152.2833333332,1846152.2833333332
2023-10-30 12:00:00+00:00,1983301.2502777777,1983301.2502777777
2023-10-30 13:00:00+00:00,1488956.1416666666,1488956.1416666666
2023-10-30 14:00:00+00:00,1258939.2602777777,1258939.2602777777
2023-10-30 15:00:00+00:00,1356090.681111111,1541737.1152302444
2023-10-30 16:00:00+00:00,1307188.9875,1307188.9875
2023-10-30 17:00:00+00:00,1806415.4541666664,1806415.4541666664
2023-10-30 18:00:00+00:00,1665629.9130555557,1665629.9130555557
2023-10-30 19:00:00+00:00,1166025.5022222225,1166025.5022222225
2023-10-30 20:00:00+00:00,1360945.8783333334,1360945.8783333334
2023-10-30 21:00:00+00:00,1686632.1405555557,1686632.1405555557
2023-10-30 22:00:00+00:00,965413.6875,965413.6875
2023-10-30 23:00:00+00:00,1039920.6616666666,1039920.6616666666
2023-10-31 00:00:00+00:00,1101686.2266666666,1101686.2266666666
2023-10-31 01:00:00+00:00,697110.8052777778,697110.8052777778
2023-10-31 02:00:00+00:00,524623.1541666667,524623.1541666667
2023-10-31 03:00:00+00:00,659111.7561111111,659111.7561111111
2023-10-31 04:00:00+00:00,1258786.6433333333,1258786.6433333333
2023-10-31 05:00:00+00:00,2088312.27,2088312.27
2023-10-31 06:00:00+00:00,2039266.733611111,2039266.733611111
2023-10-31 07:00:00+00:00,1833026.4466666668,1698927.771975328
2023-10-31 08:00:00+00:00,1736609.3275,1736609.3275
2023-10-31 09:00:00+00:00,2036150.931111111,2036150.931111111
2023-10-31 10:00:00+00:00,1965821.1275,1965821.1275
2023-10-31 11:00:00+00:00,1918650.2847222225,1918650.2847222225
2023-10-31 12:00:00+00:00,1661853.4633333334,1661853.4633333334
2023-10-31 13:00:00+00:00,1710247.7680555556,1710247.7680555556
2023-10-31 14:00:00+00:00,1318822.2275,1318822.2275
2023-10-31 15:00:00+00:00,1582828.9241666666,1582828.9241666666
2023-10-31 16:00:00+00:00,2028607.1219444445,2028607.1219444445
2023-10-31 17:00:00+00:00,1719119.7244444443,1719119.7244444443
2023-10-31 18:00:00+00:00,2572943.319166667,2572943.319166667
2023-10-31 19:00:00+00:00,2185206.2333333334,2185206.2333333334
2023-10-31 20:00:00+00:00,1160585.5694444445,2138837.392595942
2023-10-31 21:00:00+00:00,1251306.6883333332,1251306.6883333332
2023-10-31 22:00:00+00:00,933593.0675,933593.0675
2023-10-31 23:00:00+00:00,1002954.6069444444,1002954.6069444444
2023-11-01 00:00:00+00:00,337305.8597222222,337305.8597222222
2023-11-01 01:00:00+00:00,352336.6408333333,352336.6408333333
2023-11-01 02:00:00+00:00,438071.3772222222,438071.3772222222
2023-11-01 03:00:00+00:00,544107.6644444445,543103.1783610889
2023-11-01 04:00:00+00:00,851567.7258333333,851567.7258333333
2023-11-01 05:00:00+00:00,1276915.399166667,1276915.399166667
2023-11-01 06:00:00+00:00,1320562.1422222222,1320562.1422222222
2023-11-01 07:00:00+00:00,1813881.1605555555,1813881.1605555555
2023-11-01 08:00:00+00:00,2179366.420555556,2179366.420555556
2023-11-01 09:00:00+00:00,1579018.4730555555,1742650.0869810458
2023-11-01 10:00:00+00:00,2215598.817222222,2215598.817222222
2023-11-01 11:00:00+00:00,1766095.8069444443,1766095.8069444443
2023-11-01 12:00:00+00:00,1315689.1408333334,1315689.1408333334
2023-11-01 13:00:00+00:00,1065710.4597222223,1065710.4597222223
2023-11-01 14:00:00+00:00,1228573.5147222222,1228573.5147222222
2023-11-01 15:00:00+00:00,1190348.6175,1190348.6175
2023-11-01 16:00:00+00:00,1404997.0525,1270286.9680610981
2023-11-01 17:00:00+00:00,2024450.2958333332,2024450.2958333332
2023-11-01 18:00:00+00:00,1641714.3394444445,1641714.3394444445
2023-11-01 19:00:00+00:00,1949173.4269444444,1949173.4269444444
2023-11-01 20:00:00+00:00,1170334.424722222,1170334.424722222
2023-11-01 21:00:00+00:00,864904.1891666667,864904.1891666667
2023-11-01 22:00:00+00:00,909215.5013888888,909215.5013888888
2023-11-01 23:00:00+00:00,640688.845,640688.845
2023-11-02 00:00:00+00:00,447165.71944444446,447165.71944444446
2023-11-02 01:00:00+00:00,390302.9666666667,390302.9666666667
2023-11-02 02:00:00+00:00,370080.85777777777,370080.85777777777
2023-11-02 03:00:00+00:00,809896.9863888889,809896.9863888889
2023-11-02 04:00:00+00:00,1504921.996388889,1504921.996388889
2023-11-02 05:00:00+00:00,1426338.7180555556,1426338.7180555556
2023-11-02 06:00:00+00:00,1683451.6880555556,1683451.6880555556
2023-11-02 07:00:00+00:00,1571724.0572222222,1571724.0572222222
2023-11-02 08:00:00+00:00,1648472.7952777778,1648472.7952777778
2023-11-02 09:00:00+00:00,1800760.223611111,1800760.223611111
2023-11-02 10:00:00+00:00,2637419.096388889,2637419.096388889
2023-11-02 11:00:00+00:00,1422456.7269444445,1422456.7269444445
2023-11-02 12:00:00+00:00,1232980.6383333334,1232980.6383333334
2023-11-02 13:00:00+00:00,1193263.2269444445,1193263.2269444445
2023-11-02 14:00:00+00:00,1005461.7891666668,1398617.7729342268
2023-11-02 15:00:00+00:00,1094868.2608333332,1094868.2608333332
2023-11-02 16:00:00+00:00,1129370.4325,1129370.4325
2023-11-02 17:00:00+00:00,1247489.887777778,1247489.887777778
2023-11-02 18:00:00+00:00,1860631.788888889,1860631.788888889
2023-11-02 19:00:00+00:00,1224718.9063888888,1487225.8169911588
2023-11-02 20:00:00+00:00,922782.9177777778,922782.9177777778
2023-11-02 21:00:00+00:00,711823.6808333333,711823.6808333333
2023-11-02 22:00:00+00:00,1779096.1230555556,1779096.1230555556
2023-11-02 23:00:00+00:00,851134.1358333334,851134.1358333334
2023-11-03 00:00:00+00:00,381946.2052777778,381946.2052777778
2023-11-03 01:00:00+00:00,507129.8538888889,507129.8538888889
2023-11-03 02:00:00+00:00,230933.2538888889,230933.2538888889
2023-11-03 03:00:00+00:00,646169.0913888889,646169.0913888889
2023-11-03 04:00:00+00:00,3156970.533611112,3156970.533611112
2023-11-03 05:00:00+00:00,1722245.4652777778,1722245.4652777778
2023-11-03 06:00:00+00:00,1849976.4797222223,1849976.4797222223
2023-11-03 07:00:00+00:00,2031641.0013888888,2031641.0013888888
2023-11-03 08:00:00+00:00,1830187.9152777777,1830187.9152777777
2023-11-03 09:00:00+00:00,1504667.183333333,1504667.183333333
2023-11-03 10:00:00+00:00,1577217.9175,1577217.9175
2023-11-03 11:00:00+00:00,1993671.5394444445,1993671.5394444445
2023-11-03 12:00:00+00:00,1542143.586666667,1542143.586666667
2023-11-03 13:00:00+00:00,1384523.3894444443,1384523.3894444443
2023-11-03 14:00:00+00:00,986280.6405555556,986280.6405555556
2023-11-03 15:00:00+00:00,1298325.352222222,1298325.352222222
2023-11-03 16:00:00+00:00,1246732.0630555556,1246732.0630555556
2023-11-03 17:00:00+00:00,1194437.5597222222,1194437.5597222222
2023-11-03 18:00:00+00:00,1118742.8844444444,1118742.8844444444
2023-11-03 19:00:00+00:00,1361831.3002777777,1361831.3002777777
2023-11-03 20:00:00+00:00,1502015.2269444445,1263817.7717432189
2023-11-03 21:00:00+00:00,1168879.5255555557,1168879.5255555557
2023-11-03 22:00:00+00:00,1371985.611388889,1371985.611388889
2023-11-03 23:00:00+00:00,752394.4886111111,752394.4886111111
2023-11-04 00:00:00+00:00,430941.65444444446,430941.65444444446
2023-11-04 01:00:00+00:00,527545.3036111111,527545.3036111111
2023-11-04 02:00:00+00:00,316285.28805555555,316285.28805555555
2023-11-04 03:00:00+00:00,622570.4016666666,622570.4016666666
2023-11-04 04:00:00+00:00,783184.3913888889,564653.5454231832
2023-11-04 05:00:00+00:00,866942.9636111112,866942.9636111112
2023-11-04 06:00:00+00:00,687346.77,687346.77
2023-11-04 07:00:00+00:00,573180.7005555555,573180.7005555555
2023-11-04 08:00:00+00:00,930646.535,930646.535
2023-11-04 09:00:00+00:00,826252.9427777778,773641.9877866899
2023-11-04 10:00:00+00:00,1161936.8205555556,1161936.8205555556
2023-11-04 11:00:00+00:00,986350.401388889,1007673.8899208643
2023-11-04 12:00:00+00:00,1155175.5280555557,1155175.5280555557
2023-11-04 13:00:00+00:00,1481010.7352777778,1481010.7352777778
2023-11-04 14:00:00+00:00,1507691.5441666667,1507691.5441666667
2023-11-04 15:00:00+00:00,1498975.263611111,1498975.263611111
2023-11-04 16:00:00+00:00,1657586.5566666666,1657586.5566666666
2023-11-04 17:00:00+00:00,1741009.3872222223,1741009.3872222223
2023-11-04 18:00:00+00:00,2394232.6244444447,2394232.6244444447
2023-11-04 19:00:00+00:00,1867111.0808333333,1952530.2474581457
2023-11-04 20:00:00+00:00,2463497.4177777776,2463497.4177777776
2023-11-04 21:00:00+00:00,1351800.7491666668,1351800.7491666668
2023-11-04 22:00:00+00:00,1081237.2555555557,1081237.2555555557
2023-11-04 23:00:00+00:00,551986.0630555556,1539308.5684178388
2023-11-05 00:00:00+00:00,647304.2655555556,647304.2655555556
2023-11-05 01:00:00+00:00,445206.68111111113,445206.68111111113
2023-11-05 02:00:00+00:00,347024.41222222225,755287.4124000547
2023-11-05 03:00:00+00:00,456974.24833333335,456974.24833333335
2023-11-05 04:00:00+00:00,759304.7594444444,759304.7594444444
2023-11-05 05:00:00+00:00,788700.0427777778,788700.0427777778
2023-11-05 06:00:00+00:00,1326601.2411111111,1326601.2411111111
2023-11-05 07:00:00+00:00,1114412.8308333333,1114412.8308333333
2023-11-05 08:00:00+00:00,1277361.340833333,1277361.340833333
2023-11-05 09:00:00+00:00,1078466.9677777777,1078466.9677777777
2023-11-05 10:00:00+00:00,1135629.2725,1135629.2725
2023-11-05 11:00:00+00:00,1613518.9741666666,1613518.9741666666
2023-11-05 12:00:00+00:00,1542219.6977777777,1542219.6977777777
2023-11-05 13:00:00+00:00,1513300.4316666666,1513300.4316666666
2023-11-05 14:00:00+00:00,1643351.128611111,1643351.128611111
2023-11-05 15:00:00+00:00,2209104.617222222,2209104.617222222
2023-11-05 16:00:00+00:00,1542242.8936111112,1828212.6829479113
2023-11-05 17:00:00+00:00,1887389.2183333333,1887389.2183333333
2023-11-05 18:00:00+00:00,1573742.8055555555,1573742.8055555555
2023-11-05 19:00:00+00:00,1372672.6038888888,1372672.6038888888
2023-11-05 20:00:00+00:00,1352128.5880555557,1352128.5880555557
2023-11-05 21:00:00+00:00,923237.5022222224,923237.5022222224
2023-11-05 22:00:00+00:00,689207.5158333334,689207.5158333334
2023-11-05 23:00:00+00:00,431742.6230555556,431742.6230555556
2023-11-06 00:00:00+00:00,385461.71555555554,385461.71555555554
2023-11-06 01:00:00+00:00,340895.08,340895.08
2023-11-06 02:00:00+00:00,572135.5077777777,572135.5077777777
2023-11-06 03:00:00+00:00,852349.4761111111,852349.4761111111
2023-11-06 04:00:00+00:00,1438021.8561111111,1438021.8561111111
2023-11-06 05:00:00+00:00,2193599.2055555554,2193599.2055555554
2023-11-06 06:00:00+00:00,2391688.244166666,2391688.244166666
2023-11-06 07:00:00+00:00,1735134.815,1735134.815
2023-11-06 08:00:00+00:00,1683046.8983333334,1683046.8983333334
2023-11-06 09:00:00+00:00,2856992.574722222,1763315.0237276661
2023-11-06 10:00:00+00:00,2544509.871388889,2544509.871388889
2023-11-06 11:00:00+00:00,2257128.2969444445,2185592.1155988513
2023-11-06 12:00:00+00:00,1370380.203611111,1370380.203611111
2023-11-06 13:00:00+00:00,1127603.269722222,1127603.269722222
2023-11-06 14:00:00+00:00,1131560.5422222223,1131560.5422222223
2023-11-06 15:00:00+00:00,1086083.674722222,1086083.674722222
2023-11-06 16:00:00+00:00,1166521.259722222,1166521.259722222
2023-11-06 17:00:00+00:00,1642600.0655555555,1642600.0655555555
2023-11-06 18:00:00+00:00,1537758.285,1537758.285
2023-11-06 19:00:00+00:00,1676640.346111111,1676640.346111111
2023-11-06 20:00:00+00:00,1566220.8933333333,1566220.8933333333
2023-11-06 21:00:00+00:00,1123049.0880555557,1123049.0880555557
2023-11-06 22:00:00+00:00,1052778.8463888888,1052778.8463888888
2023-11-06 23:00:00+00:00,600996.845,600996.845
2023-11-07 00:00:00+00:00,389333.1111111111,389333.1111111111
2023-11-07 01:00:00+00:00,332604.3591666667,332604.3591666667
2023-11-07 02:00:00+00:00,437844.5372222223,437844.5372222223
2023-11-07 03:00:00+00:00,727044.4522222222,727044.4522222222
2023-11-07 04:00:00+00:00,1224764.413333333,1224764.413333333
2023-11-07 05:00:00+00:00,1843181.0902777775,1843181.0902777775
2023-11-07 06:00:00+00:00,1936955.8119444444,1936955.8119444444
2023-11-07 07:00:00+00:00,1729374.7925,1729374.7925
2023-11-07 08:00:00+00:00,2140234.404722222,2140234.404722222
2023-11-07 09:00:00+00:00,1814457.635,1814457.635
2023-11-07 10:00:00+00:00,1655917.200277778,1655917.200277778
2023-11-07 11:00:00+00:00,1325722.4688888888,1325722.4688888888
2023-11-07 12:00:00+00:00,1003731.4611111112,1003731.4611111112
2023-11-07 13:00:00+00:00,1140031.5194444444,1140031.5194444444
2023-11-07 14:00:00+00:00,1093599.631388889,1093599.631388889
2023-11-07 15:00:00+00:00,1222188.6455555556,1222188.6455555556
2023-11-07 16:00:00+00:00,1158439.3605555557,1158439.3605555557
2023-11-07 17:00:00+00:00,1346806.2705555556,1346806.2705555556
2023-11-07 18:00:00+00:00,2591261.821666667,2591261.821666667
2023-11-07 19:00:00+00:00,1577069.7377777777,1577069.7377777777
2023-11-07 20:00:00+00:00,1306656.4344444445,1306656.4344444445
2023-11-07 21:00:00+00:00,755304.2694444444,755304.2694444444
2023-11-07 22:00:00+00:00,749403.6691666667,749403.6691666667
2023-11-07 23:00:00+00:00,577301.2758333334,577301.2758333334
2023-11-08 00:00:00+00:00,446314.1622222223,446314.1622222223
2023-11-08 01:00:00+00:00,568704.6844444445,568704.6844444445
2023-11-08 02:00:00+00:00,759259.2144444444,759259.2144444444
2023-11-08 03:00:00+00:00,1043384.7852777778,680532.0155086119
2023-11-08 04:00:00+00:00,1379684.282777778,1379684.282777778
2023-11-08 05:00:00+00:00,1544483.842222222,1544483.842222222
2023-11-08 06:00:00+00:00,1843179.8416666663,1278233.3365630493
2023-11-08 07:00:00+00:00,2998585.760833333,2998585.760833333
2023-11-08 08:00:00+00:00,1437136.476388889,2262483.8093647067
2023-11-08 09:00:00+00:00,1532187.7027777778,1532187.7027777778
2023-11-08 10:00:00+00:00,1483131.33,1483131.33
2023-11-08 11:00:00+00:00,1448044.7386111112,1448044.7386111112
2023-11-08 12:00:00+00:00,1727824.9447222222,1619009.9424880613
2023-11-08 13:00:00+00:00,1161252.9252777777,1161252.9252777777
2023-11-08 14:00:00+00:00,2050590.2322222225,2050590.2322222225
2023-11-08 15:00:00+00:00,1910044.743611111,1648709.8349568702
2023-11-08 16:00:00+00:00,1432104.7205555555,1432104.7205555555
2023-11-08 17:00:00+00:00,1029616.9647222222,1029616.9647222222
2023-11-08 18:00:00+00:00,1106020.6558333333,1106020.6558333333
2023-11-08 19:00:00+00:00,1138014.6036111112,1138014.6036111112
2023-11-08 20:00:00+00:00,1256203.9944444443,1256203.9944444443
2023-11-08 21:00:00+00:00,896811.9308333333,1222097.1673063792
2023-11-08 22:00:00+00:00,817766.026388889,817766.026388889
2023-11-08 23:00:00+00:00,600412.5316666666,600412.5316666666
2023-11-09 00:00:00+00:00,667281.1575,829447.2841221129
2023-11-09 01:00:00+00:00,337672.3105555556,337672.3105555556
2023-11-09 02:00:00+00:00,484178.7611111111,484178.7611111111
2023-11-09 03:00:00+00:00,918591.3069444444,918591.3069444444
2023-11-09 04:00:00+00:00,1573076.8880555555,1573076.8880555555
2023-11-09 05:00:00+00:00,1967261.105555556,1967261.105555556
2023-11-09 06:00:00+00:00,1700958.0380555557,1700958.0380555557
2023-11-09 07:00:00+00:00,1830921.611111111,1830921.611111111
2023-11-09 08:00:00+00:00,1541883.023611111,1541883.023611111
2023-11-09 09:00:00+00:00,1219682.7694444444,1219682.7694444444
2023-11-09 10:00:00+00:00,1289392.0747222223,1289392.0747222223
2023-11-09 11:00:00+00:00,1313578.6519444445,1313578.6519444445
2023-11-09 12:00:00+00:00,1683217.2088888888,1683217.2088888888
2023-11-09 13:00:00+00:00,1057302.8480555555,1057302.8480555555
2023-11-09 14:00:00+00:00,1270834.0438888888,1270834.0438888888
2023-11-09 15:00:00+00:00,1231460.8702777778,1290843.6593682473
2023-11-09 16:00:00+00:00,1808377.5477777775,1808377.5477777775
2023-11-09 17:00:00+00:00,1250098.7055555556,1250098.7055555556
2023-11-09 18:00:00+00:00,1737032.134722222,1737032.134722222
2023-11-09 19:00:00+00:00,1288671.953888889,1564996.9156029618
2023-11-09 20:00:00+00:00,1636734.1902777778,1636734.1902777778
2023-11-09 21:00:00+00:00,968469.4652777778,968469.4652777778
2023-11-09 22:00:00+00:00,846701.7002777777,1342761.5879707972
2023-11-09 23:00:00+00:00,830089.6819444444,830089.6819444444
2023-11-10 00:00:00+00:00,23500.386666666665,1013293.5682758273
2023-11-10 01:00:00+00:00,137038.2747222222,137038.2747222222
2023-11-10 02:00:00+00:00,301986.9866666667,301986.9866666667
2023-11-10 03:00:00+00:00,626702.9086111111,626702.9086111111
2023-11-10 04:00:00+00:00,1540480.167777778,1540480.167777778
2023-11-10 05:00:00+00:00,1764616.7480555556,1764616.7480555556
2023-11-10 06:00:00+00:00,2121672.6897222223,2121672.6897222223
2023-11-10 07:00:00+00:00,1738188.9405555555,1655025.4298150023
2023-11-10 08:00:00+00:00,1395397.7033333334,1395397.7033333334
2023-11-10 09:00:00+00:00,1449442.3202777775,1449442.3202777775
2023-11-10 10:00:00+00:00,1365805.1994444444,1365805.1994444444
2023-11-10 11:00:00+00:00,1952805.427777778,1952805.427777778
2023-11-10 12:00:00+00:00,1498556.5433333332,1498556.5433333332
2023-11-10 13:00:00+00:00,1110197.1297222222,1110197.1297222222
2023-11-10 14:00:00+00:00,1270409.3819444445,1270409.3819444445
2023-11-10 15:00:00+00:00,1221827.3747222223,1221827.3747222223
2023-11-10 16:00:00+00:00,1182718.3830555556,1182718.3830555556
2023-11-10 17:00:00+00:00,1717269.6344444444,1717269.6344444444
2023-11-10 18:00:00+00:00,1705507.3683333334,1705507.3683333334
2023-11-10 19:00:00+00:00,1651863.6066666667,1651863.6066666667
2023-11-10 20:00:00+00:00,1047510.6144444444,1047510.6144444444
2023-11-10 21:00:00+00:00,1650624.7772222222,1650624.7772222222
2023-11-10 22:00:00+00:00,962007.1766666666,962007.1766666666
2023-11-10 23:00:00+00:00,749872.1980555556,749872.1980555556
2023-11-11 00:00:00+00:00,795418.6333333333,795418.6333333333
2023-11-11 01:00:00+00:00,720517.5877777778,720517.5877777778
2023-11-11 02:00:00+00:00,430904.915,842650.3120143826
2023-11-11 03:00:00+00:00,714458.4225,784445.3315239608
2023-11-11 04:00:00+00:00,681362.5522222222,681362.5522222222
2023-11-11 05:00:00+00:00,830187.8066666666,717988.3707073687
2023-11-11 06:00:00+00:00,1085823.2719444444,1085823.2719444444
2023-11-11 07:00:00+00:00,1317850.4913888888,1317850.4913888888
2023-11-11 08:00:00+00:00,1116039.0647222225,1116039.0647222225
2023-11-11 09:00:00+00:00,1503176.3725,1503176.3725
2023-11-11 10:00:00+00:00,1743016.6425,1743016.6425
2023-11-11 11:00:00+00:00,1622691.6194444443,1622691.6194444443
2023-11-11 12:00:00+00:00,1421854.213611111,1421854.213611111
2023-11-11 13:00:00+00:00,1436318.5625,1436318.5625
2023-11-11 14:00:00+00:00,1132941.2969444443,1132941.2969444443
2023-11-11 15:00:00+00:00,1240007.961388889,1240007.961388889
2023-11-11 16:00:00+00:00,1449878.2077777777,1449878.2077777777
2023-11-11 17:00:00+00:00,1347614.6466666667,1347614.6466666667
2023-11-11 18:00:00+00:00,1125147.8255555555,1125147.8255555555
2023-11-11 19:00:00+00:00,2047655.6175,1254928.8913214407
2023-11-11 20:00:00+00:00,1186981.9483333332,1260979.6793366866
2023-11-11 21:00:00+00:00,1556650.9286111111,1556650.9286111111
2023-11-11 22:00:00+00:00,959719.7788888888,959719.7788888888
2023-11-11 23:00:00+00:00,733663.2986111111,733663.2986111111
2023-11-12 00:00:00+00:00,401946.1847222222,401946.1847222222
2023-11-12 01:00:00+00:00,272596.7961111111,272596.7961111111
2023-11-12 02:00:00+00:00,244575.89055555555,244575.89055555555
2023-11-12 03:00:00+00:00,802120.9855555556,802120.9855555556
2023-11-12 04:00:00+00:00,772470.2322222223,772470.2322222223
2023-11-12 05:00:00+00:00,1624489.8327777777,663950.3928516834
2023-11-12 06:00:00+00:00,1222495.7316666667,1222495.7316666667
2023-11-12 07:00:00+00:00,1290755.7913888888,1290755.7913888888
2023-11-12 08:00:00+00:00,1819763.4252777777,1819763.4252777777
2023-11-12 09:00:00+00:00,1678224.8213888889,1678224.8213888889
2023-11-12 10:00:00+00:00,1651755.8625,1531052.2245034885
2023-11-12 11:00:00+00:00,1673658.0083333333,1673658.0083333333
2023-11-12 12:00:00+00:00,1757242.7911111112,1757242.7911111112
2023-11-12 13:00:00+00:00,2155471.4719444443,2155471.4719444443
2023-11-12 14:00:00+00:00,1525851.7469444445,1525851.7469444445
2023-11-12 15:00:00+00:00,1588723.585277778,1588723.585277778
2023-11-12 16:00:00+00:00,1871921.441666667,1871921.441666667
2023-11-12 17:00:00+00:00,1480470.6344444444,1480470.6344444444
2023-11-12 18:00:00+00:00,1606799.6297222222,1606799.6297222222
2023-11-12 19:00:00+00:00,1666506.7419444444,1666506.7419444444
2023-11-12 20:00:00+00:00,1738792.59,1738792.59
2023-11-12 21:00:00+00:00,1350632.637777778,1350632.637777778
2023-11-12 22:00:00+00:00,1170184.986111111,1170184.986111111
2023-11-12 23:00:00+00:00,792696.6322222222,792696.6322222222
2023-11-13 00:00:00+00:00,1011546.5247222222,1011546.5247222222
2023-11-13 01:00:00+00:00,410732.2266666667,1077702.2964662754
2023-11-13 02:00:00+00:00,487827.7613888889,487827.7613888889
2023-11-13 03:00:00+00:00,835942.6613888888,835942.6613888888
2023-11-13 04:00:00+00:00,1015871.2902777778,1015871.2902777778
2023-11-13 05:00:00+00:00,1666767.026111111,883373.4644427075
2023-11-13 06:00:00+00:00,2060776.2366666663,2060776.2366666663
2023-11-13 07:00:00+00:00,1632636.1661111112,1632636.1661111112
2023-11-13 08:00:00+00:00,1852249.026388889,1852249.026388889
2023-11-13 09:00:00+00:00,2920228.873333333,2920228.873333333
2023-11-13 10:00:00+00:00,1979621.3394444445,1979621.3394444445
2023-11-13 11:00:00+00:00,1385031.3025,1385031.3025
2023-11-13 12:00:00+00:00,1417796.201111111,1417796.201111111
2023-11-13 13:00:00+00:00,1195158.2169444445,1195158.2169444445
2023-11-13 14:00:00+00:00,881842.6291666667,881842.6291666667
2023-11-13 15:00:00+00:00,1115784.5625,1115784.5625
2023-11-13 16:00:00+00:00,1443464.3441666667,1443464.3441666667
2023-11-13 17:00:00+00:00,1535595.8816666666,1535595.8816666666
2023-11-13 18:00:00+00:00,1400974.7527777778,1400974.7527777778
2023-11-13 19:00:00+00:00,1185997.8883333334,1185997.8883333334
2023-11-13 20:00:00+00:00,1332158.9891666668,1332158.9891666668
2023-11-13 21:00:00+00:00,990374.3072222222,990374.3072222222
2023-11-13 22:00:00+00:00,909663.9677777778,909663.9677777778
2023-11-13 23:00:00+00:00,670214.9727777778,670214.9727777778
2023-11-14 00:00:00+00:00,364529.57916666666,364529.57916666666
2023-11-14 01:00:00+00:00,435875.3486111111,435875.3486111111
2023-11-14 02:00:00+00:00,252057.4622222222,252057.4622222222
2023-11-14 03:00:00+00:00,997198.0130555556,997198.0130555556
2023-11-14 04:00:00+00:00,1409332.6991666667,1409332.6991666667
2023-11-14 05:00:00+00:00,1829515.6905555555,991112.4830078969
2023-11-14 06:00:00+00:00,1514114.585277778,1514114.585277778
2023-11-14 07:00:00+00:00,2110863.785,2110863.785
2023-11-14 08:00:00+00:00,2029054.0075,1667165.1316516972
2023-11-14 09:00:00+00:00,2003438.9822222225,2003438.9822222225
2023-11-14 10:00:00+00:00,1727692.4105555555,1727692.4105555555
2023-11-14 11:00:00+00:00,1514206.2558333334,1514206.2558333334
2023-11-14 12:00:00+00:00,1457223.9394444444,1457223.9394444444
2023-11-14 13:00:00+00:00,1318115.8202777775,1318115.8202777775
2023-11-14 14:00:00+00:00,1080710.340833333,1080710.340833333
2023-11-14 15:00:00+00:00,1210408.4261111112,1210408.4261111112
2023-11-14 16:00:00+00:00,1530897.5452777778,1530897.5452777778
2023-11-14 17:00:00+00:00,1096084.4825,1096084.4825
2023-11-14 18:00:00+00:00,1105907.5655555555,1105907.5655555555
2023-11-14 19:00:00+00:00,1312664.1366666667,1312664.1366666667
2023-11-14 20:00:00+00:00,1173981.903333333,1173981.903333333
2023-11-14 21:00:00+00:00,684849.6975,684849.6975
2023-11-14 22:00:00+00:00,674154.7527777777,674154.7527777777
2023-11-14 23:00:00+00:00,704062.9419444444,704062.9419444444
2023-11-15 00:00:00+00:00,492763.40305555554,492763.40305555554
2023-11-15 01:00:00+00:00,410952.8222222222,410952.8222222222
2023-11-15 02:00:00+00:00,380829.6083333333,380829.6083333333
2023-11-15 03:00:00+00:00,483931.4716666667,483931.4716666667
2023-11-15 04:00:00+00:00,1460867.5330555555,1460867.5330555555
2023-11-15 05:00:00+00:00,1537195.6855555556,1537195.6855555556
2023-11-15 06:00:00+00:00,1793898.1788888888,1176048.3146442496
2023-11-15 07:00:00+00:00,2003990.4577777777,2003990.4577777777
2023-11-15 08:00:00+00:00,1758365.701666667,1758365.701666667
2023-11-15 09:00:00+00:00,2195862.6344444444,2195862.6344444444
2023-11-15 10:00:00+00:00,1875583.9583333333,1875583.9583333333
2023-11-15 11:00:00+00:00,1300163.3727777775,1300163.3727777775
2023-11-15 12:00:00+00:00,1640476.221666667,1640476.221666667
2023-11-15 13:00:00+00:00,1311885.0008333332,1311885.0008333332
2023-11-15 14:00:00+00:00,901255.505,901255.505
2023-11-15 15:00:00+00:00,1261755.542777778,1242004.6856554535
2023-11-15 16:00:00+00:00,1085949.365277778,1085949.365277778
2023-11-15 17:00:00+00:00,1422189.2811111112,1422189.2811111112
2023-11-15 18:00:00+00:00,1502446.3011111112,1502446.3011111112
2023-11-15 19:00:00+00:00,1363955.286111111,1363955.286111111
2023-11-15 20:00:00+00:00,1167548.0347222222,1167548.0347222222
2023-11-15 21:00:00+00:00,852330.5305555556,852330.5305555556
2023-11-15 22:00:00+00:00,1096780.5133333334,1096780.5133333334
2023-11-15 23:00:00+00:00,774960.2058333333,774960.2058333333
2023-11-16 00:00:00+00:00,456866.75333333336,456866.75333333336
2023-11-16 01:00:00+00:00,371115.4994444444,371115.4994444444
2023-11-16 02:00:00+00:00,466775.99583333335,466775.99583333335
2023-11-16 03:00:00+00:00,760611.1988888889,760611.1988888889
2023-11-16 04:00:00+00:00,988278.6163888888,988278.6163888888
2023-11-16 05:00:00+00:00,1559971.042777778,784676.6820408644
2023-11-16 06:00:00+00:00,2048672.328888889,2048672.328888889
2023-11-16 07:00:00+00:00,1457333.2022222222,1457333.2022222222
2023-11-16 08:00:00+00:00,1929875.524166667,1929875.524166667
2023-11-16 09:00:00+00:00,1477625.036111111,1677484.1952650356
2023-11-16 10:00:00+00:00,1833940.648888889,1833940.648888889
2023-11-16 11:00:00+00:00,1548870.641111111,1548870.641111111
2023-11-16 12:00:00+00:00,1669490.8436111112,1669490.8436111112
2023-11-16 13:00:00+00:00,1516841.7552777778,1516841.7552777778
2023-11-16 14:00:00+00:00,2443402.7722222223,2443402.7722222223
2023-11-16 15:00:00+00:00,1424013.6794444444,1424013.6794444444
2023-11-16 16:00:00+00:00,1218463.7911111112,1218463.7911111112
2023-11-16 17:00:00+00:00,1527997.3777777778,1527997.3777777778
2023-11-16 18:00:00+00:00,1361464.023888889,1361464.023888889
2023-11-16 19:00:00+00:00,1287242.2166666666,1287242.2166666666
2023-11-16 20:00:00+00:00,1088242.128888889,1088242.128888889
2023-11-16 21:00:00+00:00,1410135.5175,1410135.5175
2023-11-16 22:00:00+00:00,1334783.013611111,1334783.013611111
2023-11-16 23:00:00+00:00,991203.6002777778,991203.6002777778
2023-11-17 00:00:00+00:00,771526.7013888889,771526.7013888889
2023-11-17 01:00:00+00:00,761330.2477777777,761330.2477777777
2023-11-17 02:00:00+00:00,1061697.3930555556,1061697.3930555556
2023-11-17 03:00:00+00:00,849207.1630555555,849207.1630555555
2023-11-17 04:00:00+00:00,1206912.6580555555,1206912.6580555555
2023-11-17 05:00:00+00:00,1367880.6719444443,1367880.6719444443
2023-11-17 06:00:00+00:00,1356131.05,1356131.05
2023-11-17 07:00:00+00:00,2501711.677777778,2501711.677777778
2023-11-17 08:00:00+00:00,1876959.6244444444,1876959.6244444444
2023-11-17 09:00:00+00:00,1485385.2916666667,1485385.2916666667
2023-11-17 10:00:00+00:00,1664001.0005555556,1664001.0005555556
2023-11-17 11:00:00+00:00,1904518.6933333331,1904518.6933333331
2023-11-17 12:00:00+00:00,1776550.129166667,1776550.129166667
2023-11-17 13:00:00+00:00,1779023.6361111111,1779023.6361111111
2023-11-17 14:00:00+00:00,2524270.6216666666,2524270.6216666666
2023-11-17 15:00:00+00:00,1745268.6322222222,1745268.6322222222
2023-11-17 16:00:00+00:00,2057004.3794444448,2057004.3794444448
2023-11-17 17:00:00+00:00,2281770.5452777776,2281770.5452777776
2023-11-17 18:00:00+00:00,1688545.6794444444,1688545.6794444444
2023-11-17 19:00:00+00:00,1444904.82,1444904.82
2023-11-17 20:00:00+00:00,1912660.9627777776,1912660.9627777776
2023-11-17 21:00:00+00:00,1371284.433611111,1371284.433611111
2023-11-17 22:00:00+00:00,1326690.1019444445,1326690.1019444445
2023-11-17 23:00:00+00:00,1255955.7494444444,1255955.7494444444
2023-11-18 00:00:00+00:00,906321.9425,906321.9425
2023-11-18 01:00:00+00:00,1035347.725,1035347.725
2023-11-18 02:00:00+00:00,632770.4438888889,632770.4438888889
2023-11-18 03:00:00+00:00,1307133.108611111,1307133.108611111
2023-11-18 04:00:00+00:00,1006825.0630555556,1006825.0630555556
2023-11-18 05:00:00+00:00,1236455.8375,1236455.8375
2023-11-18 06:00:00+00:00,2050016.1766666668,2050016.1766666668
2023-11-18 07:00:00+00:00,2221788.0227777776,2221788.0227777776
2023-11-18 08:00:00+00:00,1772538.9852777778,1772538.9852777778
2023-11-18 09:00:00+00:00,2150649.2697222224,2150649.2697222224
2023-11-18 10:00:00+00:00,1608258.253888889,1608258.253888889
2023-11-18 11:00:00+00:00,1795435.1469444444,1795435.1469444444
2023-11-18 12:00:00+00:00,2587782.095833333,1800481.7219020384
2023-11-18 13:00:00+00:00,2095905.256388889,2095905.256388889
2023-11-18 14:00:00+00:00,1894895.063055556,1894895.063055556
2023-11-18 15:00:00+00:00,2055944.1986111111,2055944.1986111111
2023-11-18 16:00:00+00:00,2022423.9525,2022423.9525
2023-11-18 17:00:00+00:00,2065455.6772222223,2065455.6772222223
2023-11-18 18:00:00+00:00,1896834.2713888888,1896834.2713888888
2023-11-18 19:00:00+00:00,2965313.751388889,2965313.751388889
2023-11-18 20:00:00+00:00,2345572.799166667,2345572.799166667
2023-11-18 21:00:00+00:00,1915170.063055556,1915170.063055556
2023-11-18 22:00:00+00:00,997838.8986111112,997838.8986111112
2023-11-18 23:00:00+00:00,1163303.6205555554,1163303.6205555554
2023-11-19 00:00:00+00:00,1169195.1138888889,1169195.1138888889
2023-11-19 01:00:00+00:00,1188889.4202777778,1188889.4202777778
2023-11-19 02:00:00+00:00,485568.825,485568.825
2023-11-19 03:00:00+00:00,1007009.4702777778,1007009.4702777778
2023-11-19 04:00:00+00:00,1240463.0133333334,964209.6346506772
2023-11-19 05:00:00+00:00,1241886.52,1241886.52
2023-11-19 06:00:00+00:00,1517381.6158333332,1517381.6158333332
2023-11-19 07:00:00+00:00,1669540.6566666667,1669540.6566666667
2023-11-19 08:00:00+00:00,1830987.4163888888,1830987.4163888888
2023-11-19 09:00:00+00:00,1794689.1472222223,1794689.1472222223
2023-11-19 10:00:00+00:00,1723839.3752777777,1723839.3752777777
2023-11-19 11:00:00+00:00,1284757.8519444445,1284757.8519444445
2023-11-19 12:00:00+00:00,1706627.2322222225,1706627.2322222225
2023-11-19 13:00:00+00:00,2059766.06,2059766.06
2023-11-19 14:00:00+00:00,2002346.7133333331,1799758.5355331367
2023-11-19 15:00:00+00:00,1547179.5738888888,1547179.5738888888
2023-11-19 16:00:00+00:00,1124146.9258333333,1124146.9258333333
2023-11-19 17:00:00+00:00,1501948.2119444443,1447459.0248197543
2023-11-19 18:00:00+00:00,1574697.618888889,1574697.618888889
2023-11-19 19:00:00+00:00,2166737.4352777777,2166737.4352777777
2023-11-19 20:00:00+00:00,2453806.813611111,2453806.813611111
2023-11-19 21:00:00+00:00,1781190.1605555555,1781190.1605555555
2023-11-19 22:00:00+00:00,1350320.3152777778,1350320.3152777778
2023-11-19 23:00:00+00:00,1545841.909166667,1545841.909166667
2023-11-20 00:00:00+00:00,1018476.0580555556,1018476.0580555556
2023-11-20 01:00:00+00:00,629273.2933333333,629273.2933333333
2023-11-20 02:00:00+00:00,853131.5541666667,853131.5541666667
2023-11-20 03:00:00+00:00,760075.9394444445,760075.9394444445
2023-11-20 04:00:00+00:00,1666175.2277777777,1666175.2277777777
2023-11-20 05:00:00+00:00,2091109.605,2091109.605
2023-11-20 06:00:00+00:00,1653620.1966666668,1653620.1966666668
2023-11-20 07:00:00+00:00,1265082.5347222222,1265082.5347222222
2023-11-20 08:00:00+00:00,1514374.0311111112,1514374.0311111112
2023-11-20 09:00:00+00:00,1212785.779722222,1212785.779722222
2023-11-20 10:00:00+00:00,1530771.8477777778,1530771.8477777778
2023-11-20 11:00:00+00:00,1380593.9452777775,1438684.8781902753
2023-11-20 12:00:00+00:00,1132439.8283333334,1132439.8283333334
2023-11-20 13:00:00+00:00,831102.3475,831102.3475
2023-11-20 14:00:00+00:00,996688.9011111112,996688.9011111112
2023-11-20 15:00:00+00:00,1034551.3791666668,1034551.3791666668
2023-11-20 16:00:00+00:00,1333457.2488888889,1333457.2488888889
2023-11-20 17:00:00+00:00,1206352.9241666666,1206352.9241666666
2023-11-20 18:00:00+00:00,1378436.3961111112,1378436.3961111112
2023-11-20 19:00:00+00:00,1341621.4202777778,1341621.4202777778
2023-11-20 20:00:00+00:00,1366951.7327777778,1366951.7327777778
2023-11-20 21:00:00+00:00,1010317.9308333332,1010317.9308333332
2023-11-20 22:00:00+00:00,790346.6947222222,790346.6947222222
2023-11-20 23:00:00+00:00,423366.72527777776,423366.72527777776
2023-11-21 00:00:00+00:00,650823.5272222222,650823.5272222222
2023-11-21 01:00:00+00:00,671134.24,671134.24
2023-11-21 02:00:00+00:00,596483.6147222222,596483.6147222222
2023-11-21 03:00:00+00:00,764258.1730555556,764258.1730555556
2023-11-21 04:00:00+00:00,1890951.226388889,1890951.226388889
2023-11-21 05:00:00+00:00,1672692.4327777778,1672692.4327777778
2023-11-21 06:00:00+00:00,1700008.221666667,1700008.221666667
2023-11-21 07:00:00+00:00,2068336.7577777775,2068336.7577777775
2023-11-21 08:00:00+00:00,2718532.3455555555,2718532.3455555555
2023-11-21 09:00:00+00:00,1836630.4816666667,2175502.4507038044
2023-11-21 10:00:00+00:00,1528385.1966666668,1528385.1966666668
2023-11-21 11:00:00+00:00,1847839.028888889,1847839.028888889
2023-11-21 12:00:00+00:00,1679329.8213888889,1679329.8213888889
2023-11-21 13:00:00+00:00,2865053.181111112,1787050.1863996466
2023-11-21 14:00:00+00:00,1527082.5213888888,1527082.5213888888
2023-11-21 15:00:00+00:00,1488789.9569444444,1488789.9569444444
2023-11-21 16:00:00+00:00,1677530.8141666667,1677530.8141666667
2023-11-21 17:00:00+00:00,1742657.3916666666,1742657.3916666666
2023-11-21 18:00:00+00:00,1447059.211666667,1447059.211666667
2023-11-21 19:00:00+00:00,1308046.1758333333,1308046.1758333333
2023-11-21 20:00:00+00:00,1234056.9455555556,1234056.9455555556
2023-11-21 21:00:00+00:00,1089913.1986111111,1089913.1986111111
2023-11-21 22:00:00+00:00,1214879.51,1214879.51
2023-11-21 23:00:00+00:00,706801.0747222222,706801.0747222222
2023-11-22 00:00:00+00:00,690204.4888888889,690204.4888888889
2023-11-22 01:00:00+00:00,535734.4072222222,535734.4072222222
2023-11-22 02:00:00+00:00,440379.0763888889,440379.0763888889
2023-11-22 03:00:00+00:00,609347.9597222222,609347.9597222222
2023-11-22 04:00:00+00:00,1369215.056388889,1369215.056388889
2023-11-22 05:00:00+00:00,1866460.7063888889,1866460.7063888889
2023-11-22 06:00:00+00:00,1675460.605,1675460.605
2023-11-22 07:00:00+00:00,1624467.8238888888,1624467.8238888888
2023-11-22 08:00:00+00:00,1798443.191666667,1798443.191666667
2023-11-22 09:00:00+00:00,2229146.410833333,2229146.410833333
2023-11-22 10:00:00+00:00,1674728.2183333333,1674728.2183333333
2023-11-22 11:00:00+00:00,1616942.9405555555,1616942.9405555555
2023-11-22 12:00:00+00:00,2176894.45,2176894.45
2023-11-22 13:00:00+00:00,1242330.621111111,1918585.1441339916
2023-11-22 14:00:00+00:00,1602790.3733333333,1602790.3733333333
2023-11-22 15:00:00+00:00,1390327.7419444444,1390327.7419444444
2023-11-22 16:00:00+00:00,885818.6952777777,885818.6952777777
2023-11-22 17:00:00+00:00,1263885.5491666666,1263885.5491666666
2023-11-22 18:00:00+00:00,1430785.6233333333,1430785.6233333333
2023-11-22 19:00:00+00:00,1546111.7683333333,1546111.7683333333
2023-11-22 20:00:00+00:00,1635746.635,1635746.635
2023-11-22 21:00:00+00:00,1405517.2902777777,1405517.2902777777
2023-11-22 22:00:00+00:00,1915600.6983333328,1915600.6983333328
2023-11-22 23:00:00+00:00,877840.8594444444,877840.8594444444
2023-11-23 00:00:00+00:00,566874.1658333334,566874.1658333334
2023-11-23 01:00:00+00:00,428072.80861111113,428072.80861111113
2023-11-23 02:00:00+00:00,612658.0961111111,612658.0961111111
2023-11-23 03:00:00+00:00,607959.9822222223,607959.9822222223
2023-11-23 04:00:00+00:00,1559952.2805555556,1559952.2805555556
2023-11-23 05:00:00+00:00,2946879.4816666665,2946879.4816666665
2023-11-23 06:00:00+00:00,1368512.8208333333,1368512.8208333333
2023-11-23 07:00:00+00:00,1556732.9083333334,1556732.9083333334
2023-11-23 08:00:00+00:00,1509444.0597222222,1509444.0597222222
2023-11-23 09:00:00+00:00,1551152.240277778,1551152.240277778
2023-11-23 10:00:00+00:00,2110377.8997222222,2110377.8997222222
2023-11-23 11:00:00+00:00,1855243.5072222224,1855243.5072222224
2023-11-23 12:00:00+00:00,1682780.4055555556,1682780.4055555556
2023-11-23 13:00:00+00:00,1134552.076666667,1134552.076666667
2023-11-23 14:00:00+00:00,1095873.1994444444,1095873.1994444444
2023-11-23 15:00:00+00:00,2589387.6847222224,2589387.6847222224
2023-11-23 16:00:00+00:00,1498117.6808333334,1498117.6808333334
2023-11-23 17:00:00+00:00,1915789.7383333333,1915789.7383333333
2023-11-23 18:00:00+00:00,1795028.6661111112,1795028.6661111112
2023-11-23 19:00:00+00:00,1561605.6077777778,1561605.6077777778
2023-11-23 20:00:00+00:00,1743443.3258333334,1743443.3258333334
2023-11-23 21:00:00+00:00,1382803.8533333333,1716076.5315671004
2023-11-23 22:00:00+00:00,930056.7994444444,930056.7994444444
2023-11-23 23:00:00+00:00,1013987.6813888889,1013987.6813888889
2023-11-24 00:00:00+00:00,1588672.3194444445,1588672.3194444445
2023-11-24 01:00:00+00:00,915171.9122222222,915171.9122222222
2023-11-24 02:00:00+00:00,621196.7288888888,621196.7288888888
2023-11-24 03:00:00+00:00,656400.1336111111,656400.1336111111
2023-11-24 04:00:00+00:00,1303774.8158333334,1303774.8158333334
2023-11-24 05:00:00+00:00,1739703.0172222222,1739703.0172222222
2023-11-24 06:00:00+00:00,2169303.0,2169303.0
2023-11-24 07:00:00+00:00,1561638.6575,1561638.6575
2023-11-24 08:00:00+00:00,1630938.8677777778,1630938.8677777778
2023-11-24 09:00:00+00:00,2141385.955833333,2141385.955833333
2023-11-24 10:00:00+00:00,1880332.6933333331,1880332.6933333331
2023-11-24 11:00:00+00:00,1573025.4527777778,1573025.4527777778
2023-11-24 12:00:00+00:00,1275348.4986111112,1738962.5279906
2023-11-24 13:00:00+00:00,1457341.0711111112,1457341.0711111112
2023-11-24 14:00:00+00:00,1559752.470277778,1559752.470277778
2023-11-24 15:00:00+00:00,1167049.183333333,1167049.183333333
2023-11-24 16:00:00+00:00,1458111.1336111112,1458111.1336111112
2023-11-24 17:00:00+00:00,1607288.4552777775,1607288.4552777775
2023-11-24 18:00:00+00:00,1788636.8463888888,1788636.8463888888
2023-11-24 19:00:00+00:00,2444600.763333333,2444600.763333333
2023-11-24 20:00:00+00:00,1837065.1902777776,1837065.1902777776
2023-11-24 21:00:00+00:00,1255505.7466666666,1255505.7466666666
2023-11-24 22:00:00+00:00,1050553.5972222222,1050553.5972222222
2023-11-24 23:00:00+00:00,575525.4655555555,575525.4655555555
2023-11-25 00:00:00+00:00,653932.7433333333,653932.7433333333
2023-11-25 01:00:00+00:00,558212.6711111111,558212.6711111111
2023-11-25 02:00:00+00:00,506303.7263888889,506303.7263888889
2023-11-25 03:00:00+00:00,563204.0011111111,563204.0011111111
2023-11-25 04:00:00+00:00,812409.38,812409.38
2023-11-25 05:00:00+00:00,977270.1680555556,694496.3396575502
2023-11-25 06:00:00+00:00,1587110.8019444444,1587110.8019444444
2023-11-25 07:00:00+00:00,1732952.6975,1732952.6975
2023-11-25 08:00:00+00:00,1492818.475833333,1492818.475833333
2023-11-25 09:00:00+00:00,1353857.756388889,1353857.756388889
2023-11-25 10:00:00+00:00,1470671.7283333333,1470671.7283333333
2023-11-25 11:00:00+00:00,1582064.3961111112,1437799.2202304816
2023-11-25 12:00:00+00:00,1782652.4580555556,1782652.4580555556
2023-11-25 13:00:00+00:00,1681103.5091666668,1681103.5091666668
2023-11-25 14:00:00+00:00,1635671.9980555556,1635671.9980555556
2023-11-25 15:00:00+00:00,1351276.473611111,1351276.473611111
2023-11-25 16:00:00+00:00,1799788.7333333334,1799788.7333333334
2023-11-25 17:00:00+00:00,1985174.860833333,1985174.860833333
2023-11-25 18:00:00+00:00,1693899.6369444444,1693899.6369444444
2023-11-25 19:00:00+00:00,2008768.3541666667,2008768.3541666667
2023-11-25 20:00:00+00:00,1825782.603055556,1825782.603055556
2023-11-25 21:00:00+00:00,1194430.9527777778,1194430.9527777778
2023-11-25 22:00:00+00:00,968813.6102777778,968813.6102777778
2023-11-25 23:00:00+00:00,861165.3886111111,861165.3886111111
2023-11-26 00:00:00+00:00,1141854.9955555554,1141854.9955555554
2023-11-26 01:00:00+00:00,691390.1583333333,1127027.6137218347
2023-11-26 02:00:00+00:00,416476.4061111111,416476.4061111111
2023-11-26 03:00:00+00:00,562878.9202777778,562878.9202777778
2023-11-26 04:00:00+00:00,923015.0183333332,661349.7723437111
2023-11-26 05:00:00+00:00,582902.6013888889,616600.2053562483
2023-11-26 06:00:00+00:00,536056.3325,588766.0381003995
2023-11-26 07:00:00+00:00,541028.5933333334,541028.5933333334
2023-11-26 08:00:00+00:00,757049.6638888889,757049.6638888889
2023-11-26 09:00:00+00:00,615281.7322222223,643615.8691638939
2023-11-26 10:00:00+00:00,730702.651388889,730702.651388889
2023-11-26 11:00:00+00:00,996752.0980555556,996752.0980555556
2023-11-26 12:00:00+00:00,796551.1344444444,796551.1344444444
2023-11-26 13:00:00+00:00,959924.0977777778,959924.0977777778
2023-11-26 14:00:00+00:00,752685.3986111111,752685.3986111111
2023-11-26 15:00:00+00:00,819257.4136111111,819257.4136111111
2023-11-26 16:00:00+00:00,864862.1011111111,864862.1011111111
2023-11-26 17:00:00+00:00,894047.4097222222,894047.4097222222
2023-11-26 18:00:00+00:00,831722.2441666666,863531.259867061
2023-11-26 19:00:00+00:00,976601.7686111112,976601.7686111112
2023-11-26 20:00:00+00:00,523242.6413888889,523242.6413888889
2023-11-26 21:00:00+00:00,335666.26472222223,335666.26472222223
2023-11-26 22:00:00+00:00,307253.2261111111,307253.2261111111
2023-11-26 23:00:00+00:00,369669.6138888889,369669.6138888889
2023-11-27 00:00:00+00:00,193641.93722222224,193641.93722222224
2023-11-27 01:00:00+00:00,354714.57444444444,354714.57444444444
2023-11-27 02:00:00+00:00,97811.89694444444,97811.89694444444
2023-11-27 03:00:00+00:00,344985.9352777778,344985.9352777778
2023-11-27 04:00:00+00:00,497994.6227777778,497994.6227777778
2023-11-27 05:00:00+00:00,857247.8322222222,857247.8322222222
2023-11-27 06:00:00+00:00,1002105.8322222222,1002105.8322222222
2023-11-27 07:00:00+00:00,1569870.8672222225,763182.5846919208
2023-11-27 08:00:00+00:00,2265256.245833333,2265256.245833333
2023-11-27 09:00:00+00:00,1588274.2083333333,1588274.2083333333
2023-11-27 10:00:00+00:00,1678691.2947222225,1678691.2947222225
2023-11-27 11:00:00+00:00,1556821.7077777777,1556821.7077777777
2023-11-27 12:00:00+00:00,1133715.335,1133715.335
2023-11-27 13:00:00+00:00,1270320.9705555555,1270320.9705555555
2023-11-27 14:00:00+00:00,953282.9580555556,953282.9580555556
2023-11-27 15:00:00+00:00,1672983.8113888889,1672983.8113888889
2023-11-27 16:00:00+00:00,1457471.0808333333,1457471.0808333333
2023-11-27 17:00:00+00:00,1307681.3825,1307681.3825
2023-11-27 18:00:00+00:00,1226244.8955555556,1226244.8955555556
2023-11-27 19:00:00+00:00,1354684.9208333334,1354684.9208333334
2023-11-27 20:00:00+00:00,1041219.6775,1041219.6775
2023-11-27 21:00:00+00:00,1205957.7505555556,1205957.7505555556
2023-11-27 22:00:00+00:00,762419.4997222222,762419.4997222222
2023-11-27 23:00:00+00:00,500054.9944444444,500054.9944444444
2023-11-28 00:00:00+00:00,411328.5597222222,411328.5597222222
2023-11-28 01:00:00+00:00,215563.98416666663,215563.98416666663
2023-11-28 02:00:00+00:00,320229.46805555554,320229.46805555554
2023-11-28 03:00:00+00:00,578536.6583333333,578536.6583333333
2023-11-28 04:00:00+00:00,1041816.0319444444,1041816.0319444444
2023-11-28 05:00:00+00:00,983130.7438888889,718360.9943258435
2023-11-28 06:00:00+00:00,1346416.8922222222,917165.9902305154
2023-11-28 07:00:00+00:00,1456658.9069444444,1456658.9069444444
2023-11-28 08:00:00+00:00,1185823.5775,1185823.5775
2023-11-28 09:00:00+00:00,1627097.098611111,1627097.098611111
2023-11-28 10:00:00+00:00,1456530.7344444443,1456530.7344444443
2023-11-28 11:00:00+00:00,1031383.6591666668,1031383.6591666668
2023-11-28 12:00:00+00:00,1039892.9938888889,1039892.9938888889
2023-11-28 13:00:00+00:00,844528.2427777778,844528.2427777778
2023-11-28 14:00:00+00:00,1084296.95,1084296.95
2023-11-28 15:00:00+00:00,1003645.0922222222,1003645.0922222222
2023-11-28 16:00:00+00:00,1311863.7255555557,1311863.7255555557
2023-11-28 17:00:00+00:00,978169.0569444444,978169.0569444444
2023-11-28 18:00:00+00:00,1379126.433888889,1379126.433888889
2023-11-28 19:00:00+00:00,926457.8088888888,926457.8088888888
2023-11-28 20:00:00+00:00,1064162.6116666666,1086230.567533359
2023-11-28 21:00:00+00:00,875757.0816666667,1067716.8045521423
2023-11-28 22:00:00+00:00,1276778.2583333333,1276778.2583333333
2023-11-28 23:00:00+00:00,807167.8769444445,807167.8769444445
2023-11-29 00:00:00+00:00,750967.7383333333,750967.7383333333
2023-11-29 01:00:00+00:00,510247.8111111112,510247.8111111112
2023-11-29 02:00:00+00:00,659672.69,659672.69
2023-11-29 03:00:00+00:00,644088.0252777778,644088.0252777778
2023-11-29 04:00:00+00:00,1454322.2713888888,1454322.2713888888
2023-11-29 05:00:00+00:00,1721593.730277778,1721593.730277778
2023-11-29 06:00:00+00:00,1849255.2347222224,1317411.2092726957
2023-11-29 07:00:00+00:00,1561246.0669444446,1561246.0669444446
2023-11-29 08:00:00+00:00,1875739.0894444445,1875739.0894444445
2023-11-29 09:00:00+00:00,1666010.2744444443,1666010.2744444443
2023-11-29 10:00:00+00:00,1673908.6355555556,1673908.6355555556
2023-11-29 11:00:00+00:00,1527968.6047222223,1527968.6047222223
2023-11-29 12:00:00+00:00,1431560.9169444444,1607923.2317886713
2023-11-29 13:00:00+00:00,1431859.56,1431859.56
2023-11-29 14:00:00+00:00,2255702.384166667,2255702.384166667
2023-11-29 15:00:00+00:00,1494206.566111111,1494206.566111111
2023-11-29 16:00:00+00:00,1627747.6544444445,1627747.6544444445
2023-11-29 17:00:00+00:00,1893946.723888889,1893946.723888889
2023-11-29 18:00:00+00:00,2363186.737222222,2363186.737222222
2023-11-29 19:00:00+00:00,1737095.596666667,1737095.596666667
2023-11-29 20:00:00+00:00,1453243.0391666666,1898119.354555091
2023-11-29 21:00:00+00:00,945632.7977777778,945632.7977777778
2023-11-29 22:00:00+00:00,1128922.8883333334,1128922.8883333334
2023-11-29 23:00:00+00:00,826882.8163888889,826882.8163888889
2023-11-30 00:00:00+00:00,509947.66777777777,509947.66777777777
2023-11-30 01:00:00+00:00,401239.7925,401239.7925
2023-11-30 02:00:00+00:00,534030.3472222222,534030.3472222222
2023-11-30 03:00:00+00:00,844212.6530555555,597270.9728728955
2023-11-30 04:00:00+00:00,1270640.45,1270640.45
2023-11-30 05:00:00+00:00,1421421.3097222222,1421421.3097222222
2023-11-30 06:00:00+00:00,1838337.023888889,1838337.023888889
2023-11-30 07:00:00+00:00,1669192.8344444444,1669192.8344444444
2023-11-30 08:00:00+00:00,2438952.221388889,2438952.221388889
2023-11-30 09:00:00+00:00,1537703.2894444445,1537703.2894444445
2023-11-30 10:00:00+00:00,1881444.275,1881444.275
2023-11-30 11:00:00+00:00,1890128.8827777775,1890128.8827777775
2023-11-30 12:00:00+00:00,1376159.8219444444,1376159.8219444444
2023-11-30 13:00:00+00:00,1124516.3730555556,1643814.3791455238
2023-11-30 14:00:00+00:00,1347826.7891666666,1347826.7891666666
2023-11-30 15:00:00+00:00,1467140.778888889,1467140.778888889
2023-11-30 16:00:00+00:00,1156884.7591666668,1156884.7591666668
2023-11-30 17:00:00+00:00,1352756.0577777778,1352756.0577777778
2023-11-30 18:00:00+00:00,1110080.0933333333,1110080.0933333333
2023-11-30 19:00:00+00:00,1260474.9688888888,1260474.9688888888
2023-11-30 20:00:00+00:00,1072989.8927777775,1072989.8927777775
2023-11-30 21:00:00+00:00,1249847.5372222222,1249847.5372222222
2023-11-30 22:00:00+00:00,601053.0430555556,601053.0430555556
2023-11-30 23:00:00+00:00,645710.54,645710.54
2023-12-01 00:00:00+00:00,685728.2019444444,685728.2019444444
2023-12-01 01:00:00+00:00,561093.7391666666,561093.7391666666
2023-12-01 02:00:00+00:00,277852.13333333336,277852.13333333336
2023-12-01 03:00:00+00:00,819326.7566666667,819326.7566666667
2023-12-01 04:00:00+00:00,1980935.808888889,1980935.808888889
2023-12-01 05:00:00+00:00,2917031.626388889,2917031.626388889
2023-12-01 06:00:00+00:00,1811439.3055555555,1811439.3055555555
2023-12-01 07:00:00+00:00,1396669.4780555556,1396669.4780555556
2023-12-01 08:00:00+00:00,1953874.5222222223,1953874.5222222223
2023-12-01 09:00:00+00:00,1960564.2025,1960564.2025
2023-12-01 10:00:00+00:00,2056058.0416666667,2056058.0416666667
2023-12-01 11:00:00+00:00,1459606.5016666667,1459606.5016666667
2023-12-01 12:00:00+00:00,1322624.125,1322624.125
2023-12-01 13:00:00+00:00,1900365.54,1900365.54
2023-12-01 14:00:00+00:00,1125258.534166667,1125258.534166667
2023-12-01 15:00:00+00:00,1461740.5941666667,1461740.5941666667
2023-12-01 16:00:00+00:00,1972377.2291666667,1972377.2291666667
2023-12-01 17:00:00+00:00,1280539.6036111112,1280539.6036111112
2023-12-01 18:00:00+00:00,1475102.0994444443,1475102.0994444443
2023-12-01 19:00:00+00:00,1213608.9341666666,1213608.9341666666
2023-12-01 20:00:00+00:00,1589458.112222222,1589458.112222222
2023-12-01 21:00:00+00:00,1174937.8572222225,1174937.8572222225
2023-12-01 22:00:00+00:00,841461.5980555556,841461.5980555556
2023-12-01 23:00:00+00:00,862596.9219444444,862596.9219444444
2023-12-02 00:00:00+00:00,744470.1616666666,744470.1616666666
2023-12-02 01:00:00+00:00,350200.3063888889,897091.4733069739
2023-12-02 02:00:00+00:00,615365.2452777778,615365.2452777778
2023-12-02 03:00:00+00:00,616188.8002777778,616188.8002777778
2023-12-02 04:00:00+00:00,667971.8822222222,667971.8822222222
2023-12-02 05:00:00+00:00,845692.8966666666,845692.8966666666
2023-12-02 06:00:00+00:00,839331.1755555555,839331.1755555555
2023-12-02 07:00:00+00:00,1504823.9327777778,1504823.9327777778
2023-12-02 08:00:00+00:00,1596390.401388889,1596390.401388889
2023-12-02 09:00:00+00:00,1177643.8805555557,1177643.8805555557
2023-12-02 10:00:00+00:00,1381564.1866666668,1381564.1866666668
2023-12-02 11:00:00+00:00,1559521.171111111,1559521.171111111
2023-12-02 12:00:00+00:00,1059410.9066666667,1059410.9066666667
2023-12-02 13:00:00+00:00,1696495.7025,1262906.7265915095
2023-12-02 14:00:00+00:00,1439969.8344444444,1439969.8344444444
2023-12-02 15:00:00+00:00,1242268.9372222223,1242268.9372222223
2023-12-02 16:00:00+00:00,478229.8438888889,478229.8438888889
2023-12-02 17:00:00+00:00,1450339.7758333334,1450339.7758333334
2023-12-02 18:00:00+00:00,1250688.193888889,1161819.5210127898
2023-12-02 19:00:00+00:00,1330220.6433333333,1228029.7006717375
2023-12-02 20:00:00+00:00,1046109.8211111112,1046109.8211111112
2023-12-02 21:00:00+00:00,713835.6313888889,713835.6313888889
2023-12-02 22:00:00+00:00,626644.5833333334,955449.0786992644
2023-12-02 23:00:00+00:00,661068.7863888888,661068.7863888888
2023-12-03 00:00:00+00:00,367500.9122222223,367500.9122222223
2023-12-03 01:00:00+00:00,767135.9538888889,767135.9538888889
2023-12-03 02:00:00+00:00,334352.0761111111,334352.0761111111
2023-12-03 03:00:00+00:00,477104.6491666666,524236.9968236335
2023-12-03 04:00:00+00:00,399693.2411111111,399693.2411111111
2023-12-03 05:00:00+00:00,831623.2094444444,831623.2094444444
2023-12-03 06:00:00+00:00,1028637.0183333332,1028637.0183333332
2023-12-03 07:00:00+00:00,1003952.6072222224,1003952.6072222224
2023-12-03 08:00:00+00:00,1330240.870833333,1330240.870833333
2023-12-03 09:00:00+00:00,1278077.1383333334,1278077.1383333334
2023-12-03 10:00:00+00:00,1561504.9841666666,1561504.9841666666
2023-12-03 11:00:00+00:00,1462358.2513888888,1462358.2513888888
2023-12-03 12:00:00+00:00,1467980.795,1467980.795
2023-12-03 13:00:00+00:00,1605286.381111111,1605286.381111111
2023-12-03 14:00:00+00:00,1892595.8766666667,1892595.8766666667
2023-12-03 15:00:00+00:00,1756119.6719444443,1756119.6719444443
2023-12-03 16:00:00+00:00,345970.9402777778,345970.9402777778
2023-12-03 17:00:00+00:00,1355671.4913888888,1355671.4913888888
2023-12-03 18:00:00+00:00,1594018.1905555555,1594018.1905555555
2023-12-03 19:00:00+00:00,1634644.705,1634644.705
2023-12-03 20:00:00+00:00,1516139.3213888889,1516139.3213888889
2023-12-03 21:00:00+00:00,1336626.2313888888,1336626.2313888888
2023-12-03 22:00:00+00:00,790547.1730555556,790547.1730555556
2023-12-03 23:00:00+00:00,851736.0358333334,851736.0358333334
2023-12-04 00:00:00+00:00,546366.4108333334,546366.4108333334
2023-12-04 01:00:00+00:00,819062.5055555556,819062.5055555556
2023-12-04 02:00:00+00:00,680782.7941666667,680782.7941666667
2023-12-04 03:00:00+00:00,672672.2041666667,672672.2041666667
2023-12-04 04:00:00+00:00,1317138.846111111,1317138.846111111
2023-12-04 05:00:00+00:00,1338916.8280555557,1338916.8280555557
2023-12-04 06:00:00+00:00,1256580.223888889,1256580.223888889
2023-12-04 07:00:00+00:00,1634989.8758333332,1634989.8758333332
2023-12-04 08:00:00+00:00,1750313.852222222,1750313.852222222
2023-12-04 09:00:00+00:00,1492621.7755555557,1492621.7755555557
2023-12-04 10:00:00+00:00,1723445.3125,1723445.3125
2023-12-04 11:00:00+00:00,1055991.0094444444,1055991.0094444444
2023-12-04 12:00:00+00:00,379588.4447222222,1369823.6809965048
2023-12-04 13:00:00+00:00,818779.0311111112,818779.0311111112
2023-12-04 14:00:00+00:00,860916.81,860916.81
2023-12-04 15:00:00+00:00,659781.1455555556,659781.1455555556
2023-12-04 16:00:00+00:00,1266352.378611111,1266352.378611111
2023-12-04 17:00:00+00:00,1034029.7119444445,1034029.7119444445
2023-12-04 18:00:00+00:00,1484530.0166666666,1484530.0166666666
2023-12-04 19:00:00+00:00,1278802.8297222222,1278802.8297222222
2023-12-04 20:00:00+00:00,973889.2622222222,1246681.1981127306
2023-12-04 21:00:00+00:00,1265313.36,1265313.36
2023-12-04 22:00:00+00:00,823518.0452777778,823518.0452777778
2023-12-04 23:00:00+00:00,621543.7019444444,621543.7019444444
2023-12-05 00:00:00+00:00,290788.41833333333,290788.41833333333
2023-12-05 01:00:00+00:00,381984.8063888889,381984.8063888889
2023-12-05 02:00:00+00:00,279686.68,279686.68
2023-12-05 03:00:00+00:00,476682.4788888889,416867.26603864995
2023-12-05 04:00:00+00:00,866458.59,866458.59
2023-12-05 05:00:00+00:00,1464524.7427777778,1464524.7427777778
2023-12-05 06:00:00+00:00,2033897.0277777775,2033897.0277777775
2023-12-05 07:00:00+00:00,986195.8105555556,986195.8105555556
2023-12-05 08:00:00+00:00,990719.7455555556,1247540.4742798668
2023-12-05 09:00:00+00:00,670301.7008333333,670301.7008333333
2023-12-05 10:00:00+00:00,1230192.3961111112,1230192.3961111112
2023-12-05 11:00:00+00:00,1174207.2766666666,1174207.2766666666
2023-12-05 12:00:00+00:00,984181.1711111112,984181.1711111112
2023-12-05 13:00:00+00:00,1297368.0797222222,1297368.0797222222
2023-12-05 14:00:00+00:00,1147440.4252777777,1155865.1169716308
2023-12-05 15:00:00+00:00,1427152.0680555557,1427152.0680555557
2023-12-05 16:00:00+00:00,929371.8919444444,929371.8919444444
2023-12-05 17:00:00+00:00,1502690.4452777775,1502690.4452777775
2023-12-05 18:00:00+00:00,1303428.9330555554,1303947.3362728115
2023-12-05 19:00:00+00:00,1976772.4888888889,1976772.4888888889
2023-12-05 20:00:00+00:00,1279545.5541666667,1279545.5541666667
2023-12-05 21:00:00+00:00,1384535.0311111112,1384535.0311111112
2023-12-05 22:00:00+00:00,1041498.5533333332,1461244.0330069927
2023-12-05 23:00:00+00:00,499571.4783333333,499571.4783333333
2023-12-06 00:00:00+00:00,505749.8222222222,505749.8222222222
2023-12-06 01:00:00+00:00,597382.0769444444,597382.0769444444
2023-12-06 02:00:00+00:00,717239.5047222222,679493.6565744528
2023-12-06 03:00:00+00:00,640767.0075,640767.0075
2023-12-06 04:00:00+00:00,1273097.659166667,1273097.659166667
2023-12-06 05:00:00+00:00,1776291.2377777777,1776291.2377777777
2023-12-06 06:00:00+00:00,1546427.4116666666,1546427.4116666666
2023-12-06 07:00:00+00:00,1303257.0602777775,1303257.0602777775
2023-12-06 08:00:00+00:00,1585426.5433333332,1585426.5433333332
2023-12-06 09:00:00+00:00,1576895.8427777777,1576895.8427777777
2023-12-06 10:00:00+00:00,1706298.3727777775,1507886.0833220482
2023-12-06 11:00:00+00:00,1309598.4475,1309598.4475
2023-12-06 12:00:00+00:00,1868223.2713888888,1868223.2713888888
2023-12-06 13:00:00+00:00,1311985.8336111112,1311985.8336111112
2023-12-06 14:00:00+00:00,1382756.322222222,1382756.322222222
2023-12-06 15:00:00+00:00,1630868.8569444444,1630868.8569444444
2023-12-06 16:00:00+00:00,1172059.7522222225,1520812.3479418117
2023-12-06 17:00:00+00:00,1458579.175,1458579.175
2023-12-06 18:00:00+00:00,1033372.4775,1033372.4775
2023-12-06 19:00:00+00:00,1226289.62,1226289.62
2023-12-06 20:00:00+00:00,1484599.1133333333,1484599.1133333333
2023-12-06 21:00:00+00:00,981913.1908333332,981913.1908333332
2023-12-06 22:00:00+00:00,898414.3272222222,898414.3272222222
2023-12-06 23:00:00+00:00,751559.9597222222,751559.9597222222
2023-12-07 00:00:00+00:00,398967.5175,398967.5175
2023-12-07 01:00:00+00:00,391716.1147222222,391716.1147222222
2023-12-07 02:00:00+00:00,225521.41361111111,225521.41361111111
2023-12-07 03:00:00+00:00,366728.32,366728.32
2023-12-07 04:00:00+00:00,976742.5511111112,976742.5511111112
2023-12-07 05:00:00+00:00,1496764.6238888889,1496764.6238888889
2023-12-07 06:00:00+00:00,1269740.1144444444,1269740.1144444444
2023-12-07 07:00:00+00:00,1516510.9575,1516510.9575
2023-12-07 08:00:00+00:00,1444813.003888889,1444813.003888889
2023-12-07 09:00:00+00:00,1508125.2908333333,1508125.2908333333
2023-12-07 10:00:00+00:00,1460866.4894444444,1460866.4894444444
2023-12-07 11:00:00+00:00,1226999.0069444445,1439159.0209147222
2023-12-07 12:00:00+00:00,1489011.2488888889,1400739.3958986194
2023-12-07 13:00:00+00:00,1128048.7413888888,1128048.7413888888
2023-12-07 14:00:00+00:00,807414.0894444444,807414.0894444444
2023-12-07 15:00:00+00:00,1330980.3561111111,1330980.3561111111
2023-12-07 16:00:00+00:00,1140704.6355555556,1140704.6355555556
2023-12-07 17:00:00+00:00,1772022.121111111,1159836.6370112768
2023-12-07 18:00:00+00:00,1528713.2208333334,1528713.2208333334
2023-12-07 19:00:00+00:00,1906741.1405555557,1906741.1405555557
2023-12-07 20:00:00+00:00,1441869.0469444443,1441869.0469444443
2023-12-07 21:00:00+00:00,989407.6458333334,989407.6458333334
2023-12-07 22:00:00+00:00,755444.5486111111,755444.5486111111
2023-12-07 23:00:00+00:00,746784.5647222223,746784.5647222223
2023-12-08 00:00:00+00:00,526047.3469444445,526047.3469444445
2023-12-08 01:00:00+00:00,489611.4072222223,489611.4072222223
2023-12-08 02:00:00+00:00,276500.78722222225,640490.872204268
2023-12-08 03:00:00+00:00,843526.9227777778,843526.9227777778
2023-12-08 04:00:00+00:00,1070578.0772222222,734303.8756654852
2023-12-08 05:00:00+00:00,1486658.0608333333,1486658.0608333333
2023-12-08 06:00:00+00:00,1719199.578611111,1719199.578611111
2023-12-08 07:00:00+00:00,1863039.653333333,1863039.653333333
2023-12-08 08:00:00+00:00,2033400.9819444444,2033400.9819444444
2023-12-08 09:00:00+00:00,1611816.3,1611816.3
2023-12-08 10:00:00+00:00,1874819.3872222223,1874819.3872222223
2023-12-08 11:00:00+00:00,2100062.8269444443,2100062.8269444443
2023-12-08 12:00:00+00:00,1556264.9375,1556264.9375
2023-12-08 13:00:00+00:00,1070496.4577777777,1070496.4577777777
2023-12-08 14:00:00+00:00,1258032.5602777775,1258032.5602777775
2023-12-08 15:00:00+00:00,1290978.0225,1290978.0225
2023-12-08 16:00:00+00:00,1319399.348888889,1339232.7580737027
2023-12-08 17:00:00+00:00,1546211.8563888888,1546211.8563888888
2023-12-08 18:00:00+00:00,2488167.601944444,2488167.601944444
2023-12-08 19:00:00+00:00,1519996.5919444445,1519996.5919444445
2023-12-08 20:00:00+00:00,1223337.713611111,1223337.713611111
2023-12-08 21:00:00+00:00,1399793.9811111111,1399793.9811111111
2023-12-08 22:00:00+00:00,1051626.3172222222,1051626.3172222222
2023-12-08 23:00:00+00:00,631165.1033333334,631165.1033333334
2023-12-09 00:00:00+00:00,506107.0811111111,506107.0811111111
2023-12-09 01:00:00+00:00,399690.1661111111,399690.1661111111
2023-12-09 02:00:00+00:00,252325.3575,252325.3575
2023-12-09 03:00:00+00:00,554510.2472222223,554510.2472222223
2023-12-09 04:00:00+00:00,686196.0352777778,686196.0352777778
2023-12-09 05:00:00+00:00,1099557.8230555556,1099557.8230555556
2023-12-09 06:00:00+00:00,1178745.5477777778,1178745.5477777778
2023-12-09 07:00:00+00:00,1144157.1541666666,1144157.1541666666
2023-12-09 08:00:00+00:00,1181373.6716666666,1181373.6716666666
2023-12-09 09:00:00+00:00,1269318.9141666666,1269318.9141666666
2023-12-09 10:00:00+00:00,1164823.0266666666,1164823.0266666666
2023-12-09 11:00:00+00:00,1300801.4580555556,1300801.4580555556
2023-12-09 12:00:00+00:00,1355957.9752777778,1355957.9752777778
2023-12-09 13:00:00+00:00,1649060.5222222223,1649060.5222222223
2023-12-09 14:00:00+00:00,1435636.0883333334,1435636.0883333334
2023-12-09 15:00:00+00:00,1494517.4627777778,1494517.4627777778
2023-12-09 16:00:00+00:00,1031938.7355555556,1031938.7355555556
2023-12-09 17:00:00+00:00,1873119.8680555555,1873119.8680555555
2023-12-09 18:00:00+00:00,1338793.735,1533716.618413068
2023-12-09 19:00:00+00:00,1344472.1863888889,1344472.1863888889
2023-12-09 20:00:00+00:00,1408753.6230555556,1408753.6230555556
2023-12-09 21:00:00+00:00,1232953.8625,1232953.8625
2023-12-09 22:00:00+00:00,1044569.2525,1353129.799105951
2023-12-09 23:00:00+00:00,542895.8152777777,542895.8152777777
2023-12-10 00:00:00+00:00,570359.2711111112,570359.2711111112
2023-12-10 01:00:00+00:00,394436.6797222222,394436.6797222222
2023-12-10 02:00:00+00:00,380541.74583333335,380541.74583333335
2023-12-10 03:00:00+00:00,767885.2902777778,504560.22207278846
2023-12-10 04:00:00+00:00,615303.7797222222,615303.7797222222
2023-12-10 05:00:00+00:00,809326.4680555556,809326.4680555556
2023-12-10 06:00:00+00:00,1089899.5816666668,1089899.5816666668
2023-12-10 07:00:00+00:00,1603440.9977777775,1603440.9977777775
2023-12-10 08:00:00+00:00,2092769.570555556,2092769.570555556
2023-12-10 09:00:00+00:00,1487156.5230555555,1487156.5230555555
2023-12-10 10:00:00+00:00,1604935.0841666667,1604935.0841666667
2023-12-10 11:00:00+00:00,1872965.1963888889,1872965.1963888889
2023-12-10 12:00:00+00:00,1474566.899166667,1474566.899166667
2023-12-10 13:00:00+00:00,1382343.2427777778,1382343.2427777778
2023-12-10 14:00:00+00:00,1678308.765,1678308.765
2023-12-10 15:00:00+00:00,2011637.8438888888,2011637.8438888888
2023-12-10 16:00:00+00:00,1639462.0316666667,1639462.0316666667
2023-12-10 17:00:00+00:00,1697768.615,1697768.615
2023-12-10 18:00:00+00:00,1223350.2744444443,1223350.2744444443
2023-12-10 19:00:00+00:00,2244387.313888889,2244387.313888889
2023-12-10 20:00:00+00:00,1250549.7330555555,1250549.7330555555
2023-12-10 21:00:00+00:00,1164637.9816666667,1164637.9816666667
2023-12-10 22:00:00+00:00,1092395.3519444445,1092395.3519444445
2023-12-10 23:00:00+00:00,1086188.451666667,1086188.451666667
2023-12-11 00:00:00+00:00,674023.9561111111,674023.9561111111
2023-12-11 01:00:00+00:00,607431.1580555555,607431.1580555555
2023-12-11 02:00:00+00:00,407933.6402777778,407933.6402777778
2023-12-11 03:00:00+00:00,649446.6766666666,649446.6766666666
2023-12-11 04:00:00+00:00,850939.3358333333,850939.3358333333
2023-12-11 05:00:00+00:00,1833155.848888889,1833155.848888889
2023-12-11 06:00:00+00:00,1346183.7247222222,1346183.7247222222
2023-12-11 07:00:00+00:00,1233145.2433333334,1233145.2433333334
2023-12-11 08:00:00+00:00,1094079.931388889,1094079.931388889
2023-12-11 09:00:00+00:00,1167297.477222222,1167297.477222222
2023-12-11 10:00:00+00:00,1564138.4519444443,1564138.4519444443
2023-12-11 11:00:00+00:00,2074779.335,2074779.335
2023-12-11 12:00:00+00:00,1089905.415,1089905.415
2023-12-11 13:00:00+00:00,940764.6041666666,940764.6041666666
2023-12-11 14:00:00+00:00,942757.465,942757.465
2023-12-11 15:00:00+00:00,1038423.7563888888,1038423.7563888888
2023-12-11 16:00:00+00:00,1068714.3038888888,1068714.3038888888
2023-12-11 17:00:00+00:00,1739834.463888889,1739834.463888889
2023-12-11 18:00:00+00:00,1780355.725,1780355.725
2023-12-11 19:00:00+00:00,1274870.2719444444,1274870.2719444444
2023-12-11 20:00:00+00:00,1550376.7447222222,1550376.7447222222
2023-12-11 21:00:00+00:00,1015233.8233333334,1015233.8233333334
2023-12-11 22:00:00+00:00,825188.2944444445,825188.2944444445
2023-12-11 23:00:00+00:00,856514.9586111112,1083941.471356173
2023-12-12 00:00:00+00:00,1140146.0641666667,1140146.0641666667
2023-12-12 01:00:00+00:00,344521.3627777778,344521.3627777778
2023-12-12 02:00:00+00:00,491407.9969444444,491407.9969444444
2023-12-12 03:00:00+00:00,431137.65027777775,431137.65027777775
2023-12-12 04:00:00+00:00,1226552.8883333334,1226552.8883333334
2023-12-12 05:00:00+00:00,1649533.9197222225,1649533.9197222225
2023-12-12 06:00:00+00:00,1797885.5422222223,1797885.5422222223
2023-12-12 07:00:00+00:00,1286423.8816666666,1286423.8816666666
2023-12-12 08:00:00+00:00,992543.5397222224,992543.5397222224
2023-12-12 09:00:00+00:00,1520134.1336111112,1520134.1336111112
2023-12-12 10:00:00+00:00,1357947.2077777777,1357947.2077777777
2023-12-12 11:00:00+00:00,1188707.0516666668,1188707.0516666668
2023-12-12 12:00:00+00:00,1289897.4316666666,1289897.4316666666
2023-12-12 13:00:00+00:00,987477.5586111112,987477.5586111112
2023-12-12 14:00:00+00:00,1173902.4483333332,1173902.4483333332
2023-12-12 15:00:00+00:00,1390731.772777778,1390731.772777778
2023-12-12 16:00:00+00:00,1404255.8972222223,1404255.8972222223
2023-12-12 17:00:00+00:00,1682596.2452777778,1682596.2452777778
2023-12-12 18:00:00+00:00,1576252.6797222225,1576252.6797222225
2023-12-12 19:00:00+00:00,1625363.0366666666,1625363.0366666666
2023-12-12 20:00:00+00:00,1612900.8369444443,1612900.8369444443
2023-12-12 21:00:00+00:00,1093131.4575,1093131.4575
2023-12-12 22:00:00+00:00,1163015.0780555557,1163015.0780555557
2023-12-12 23:00:00+00:00,796148.3663888889,796148.3663888889
2023-12-13 00:00:00+00:00,797523.245,797523.245
2023-12-13 01:00:00+00:00,614814.1886111111,614814.1886111111
2023-12-13 02:00:00+00:00,595248.7855555556,595248.7855555556
2023-12-13 03:00:00+00:00,752869.6947222222,752869.6947222222
2023-12-13 04:00:00+00:00,1282781.0869444443,1282781.0869444443
2023-12-13 05:00:00+00:00,1971544.6177777776,1971544.6177777776
2023-12-13 06:00:00+00:00,1911737.3905555557,1911737.3905555557
2023-12-13 07:00:00+00:00,2071679.263611111,1620790.7514569128
2023-12-13 08:00:00+00:00,1948423.3905555557,1758472.49560818
2023-12-13 09:00:00+00:00,1998218.6961111112,1998218.6961111112
2023-12-13 10:00:00+00:00,1570709.0194444444,1570709.0194444444
2023-12-13 11:00:00+00:00,2230386.8105555554,2230386.8105555554
2023-12-13 12:00:00+00:00,1326510.5494444445,1326510.5494444445
2023-12-13 13:00:00+00:00,1509943.0847222223,1509943.0847222223
2023-12-13 14:00:00+00:00,1698624.8927777775,1698624.8927777775
2023-12-13 15:00:00+00:00,1685204.3125,1685204.3125
2023-12-13 16:00:00+00:00,1468286.2488888889,1468286.2488888889
2023-12-13 17:00:00+00:00,2057980.216388889,2057980.216388889
2023-12-13 18:00:00+00:00,3058062.6591666667,3058062.6591666667
2023-12-13 19:00:00+00:00,2754258.115,2754258.115
2023-12-13 20:00:00+00:00,1531140.3002777777,1531140.3002777777
2023-12-13 21:00:00+00:00,1600316.1455555556,1600316.1455555556
2023-12-13 22:00:00+00:00,808955.3525,808955.3525
2023-12-13 23:00:00+00:00,518418.8772222222,518418.8772222222
2023-12-14 00:00:00+00:00,603584.7197222222,603584.7197222222
2023-12-14 01:00:00+00:00,434769.5988888889,434769.5988888889
2023-12-14 02:00:00+00:00,644499.4625,644499.4625
2023-12-14 03:00:00+00:00,703700.8088888889,703700.8088888889
2023-12-14 04:00:00+00:00,1257324.3472222222,1257324.3472222222
2023-12-14 05:00:00+00:00,1266384.6002777778,1266384.6002777778
2023-12-14 06:00:00+00:00,2065985.2627777776,2065985.2627777776
2023-12-14 07:00:00+00:00,1704020.409166667,1704020.409166667
2023-12-14 08:00:00+00:00,2168720.870833333,1588282.279841906
2023-12-14 09:00:00+00:00,1699072.0202777777,1699072.0202777777
2023-12-14 10:00:00+00:00,1563895.3411111112,1563895.3411111112
2023-12-14 11:00:00+00:00,1313991.9102777778,1313991.9102777778
2023-12-14 12:00:00+00:00,1656138.5052777778,1656138.5052777778
2023-12-14 13:00:00+00:00,1610729.9897222223,1610729.9897222223
2023-12-14 14:00:00+00:00,1988554.3236111111,1988554.3236111111
2023-12-14 15:00:00+00:00,1366926.7466666666,1366926.7466666666
2023-12-14 16:00:00+00:00,1197137.7291666667,1197137.7291666667
2023-12-14 17:00:00+00:00,1655337.716388889,1655337.716388889
2023-12-14 18:00:00+00:00,1412547.5052777778,1412547.5052777778
2023-12-14 19:00:00+00:00,1512369.0647222225,1512369.0647222225
2023-12-14 20:00:00+00:00,1265391.5072222222,1265391.5072222222
2023-12-14 21:00:00+00:00,842094.5591666667,842094.5591666667
2023-12-14 22:00:00+00:00,1677761.9683333333,1677761.9683333333
2023-12-14 23:00:00+00:00,1000768.3305555556,1000768.3305555556
2023-12-15 00:00:00+00:00,481780.685,481780.685
2023-12-15 01:00:00+00:00,336145.54833333334,336145.54833333334
2023-12-15 02:00:00+00:00,338600.98583333334,338600.98583333334
2023-12-15 03:00:00+00:00,394054.78555555554,394054.78555555554
2023-12-15 04:00:00+00:00,913201.3336111112,913201.3336111112
2023-12-15 05:00:00+00:00,1423286.1002777778,1423286.1002777778
2023-12-15 06:00:00+00:00,1274909.7052777775,1274909.7052777775
2023-12-15 07:00:00+00:00,2524213.365,2524213.365
2023-12-15 08:00:00+00:00,1795891.0836111112,1795891.0836111112
2023-12-15 09:00:00+00:00,1227220.5244444443,1752507.1851226327
2023-12-15 10:00:00+00:00,2012084.655,2012084.655
2023-12-15 11:00:00+00:00,1464510.595277778,1464510.595277778
2023-12-15 12:00:00+00:00,1902394.4094444443,1713298.9694309062
2023-12-15 13:00:00+00:00,1526118.5838888888,1526118.5838888888
2023-12-15 14:00:00+00:00,1258530.457222222,1258530.457222222
2023-12-15 15:00:00+00:00,1272032.155,1272032.155
2023-12-15 16:00:00+00:00,1636433.8605555557,1368344.6887808265
2023-12-15 17:00:00+00:00,50946.40777777778,50946.40777777778
2023-12-15 18:00:00+00:00,8643.493055555555,8643.493055555555
2023-12-15 19:00:00+00:00,5952.067777777777,5952.067777777777
2023-12-15 20:00:00+00:00,605977.9544444444,605977.9544444444
2023-12-15 21:00:00+00:00,745799.7197222222,745799.7197222222
2023-12-15 22:00:00+00:00,880444.1769444444,880444.1769444444
2023-12-15 23:00:00+00:00,279927.9197222222,279927.9197222222
2023-12-16 00:00:00+00:00,693730.0908333333,693730.0908333333
2023-12-16 01:00:00+00:00,432057.96944444446,432057.96944444446
2023-12-16 02:00:00+00:00,394677.4016666667,394677.4016666667
2023-12-16 03:00:00+00:00,827134.57,827134.57
2023-12-16 04:00:00+00:00,867386.5672222222,867386.5672222222
2023-12-16 05:00:00+00:00,820873.52,820873.52
2023-12-16 06:00:00+00:00,735048.5747222222,735048.5747222222
2023-12-16 07:00:00+00:00,1034495.85,1034495.85
2023-12-16 08:00:00+00:00,1344879.197222222,1344879.197222222
2023-12-16 09:00:00+00:00,1348102.2477777775,1348102.2477777775
2023-12-16 10:00:00+00:00,1482332.7866666666,1193773.7269697394
2023-12-16 11:00:00+00:00,1633263.1594444443,1633263.1594444443
2023-12-16 12:00:00+00:00,1430399.693611111,1430399.693611111
2023-12-16 13:00:00+00:00,1349504.006111111,1349504.006111111
2023-12-16 14:00:00+00:00,1478406.4683333333,1478406.4683333333
2023-12-16 15:00:00+00:00,1053489.1372222223,1053489.1372222223
2023-12-16 16:00:00+00:00,1223120.1786111111,1223120.1786111111
2023-12-16 17:00:00+00:00,1717387.3344444444,1717387.3344444444
2023-12-16 18:00:00+00:00,1879394.9327777775,1879394.9327777775
2023-12-16 19:00:00+00:00,1873454.1602777776,1873454.1602777776
2023-12-16 20:00:00+00:00,2106282.140833333,2106282.140833333
2023-12-16 21:00:00+00:00,1255319.7647222222,1255319.7647222222
2023-12-16 22:00:00+00:00,829906.6147222222,829906.6147222222
2023-12-16 23:00:00+00:00,940712.1661111112,940712.1661111112
2023-12-17 00:00:00+00:00,604316.8852777778,604316.8852777778
2023-12-17 01:00:00+00:00,345788.2008333333,345788.2008333333
2023-12-17 02:00:00+00:00,313765.81361111114,313765.81361111114
2023-12-17 03:00:00+00:00,507258.9133333333,507258.9133333333
2023-12-17 04:00:00+00:00,513358.7611111111,510888.0521722606
2023-12-17 05:00:00+00:00,863774.9375,863774.9375
2023-12-17 06:00:00+00:00,1057431.772777778,1057431.772777778
2023-12-17 07:00:00+00:00,1325143.2244444443,1325143.2244444443
2023-12-17 08:00:00+00:00,1310734.134722222,1310734.134722222
2023-12-17 09:00:00+00:00,1452496.453888889,1452496.453888889
2023-12-17 10:00:00+00:00,1124693.358611111,1124693.358611111
2023-12-17 11:00:00+00:00,1387725.2483333333,1387725.2483333333
2023-12-17 12:00:00+00:00,1160968.8505555557,1160968.8505555557
2023-12-17 13:00:00+00:00,1481303.6966666668,1235329.3653786238
2023-12-17 14:00:00+00:00,1427906.7869444443,1427906.7869444443
2023-12-17 15:00:00+00:00,1117900.450277778,1117900.450277778
2023-12-17 16:00:00+00:00,1778093.1605555555,1778093.1605555555
2023-12-17 17:00:00+00:00,1545102.735833333,1545102.735833333
2023-12-17 18:00:00+00:00,1412746.4194444444,1412746.4194444444
2023-12-17 19:00:00+00:00,1805144.3036111111,1805144.3036111111
2023-12-17 20:00:00+00:00,1456439.965,1456439.965
2023-12-17 21:00:00+00:00,1345347.9322222222,1345347.9322222222
2023-12-17 22:00:00+00:00,789406.6283333333,789406.6283333333
2023-12-17 23:00:00+00:00,306296.6430555555,306296.6430555555
2023-12-18 00:00:00+00:00,690581.6822222222,690581.6822222222
2023-12-18 01:00:00+00:00,302459.0633333333,302459.0633333333
2023-12-18 02:00:00+00:00,192389.85111111111,192389.85111111111
2023-12-18 03:00:00+00:00,321621.08444444445,321621.08444444445
2023-12-18 04:00:00+00:00,1322064.175,1322064.175
2023-12-18 05:00:00+00:00,1595408.0233333334,1595408.0233333334
2023-12-18 06:00:00+00:00,1748557.6469444444,1748557.6469444444
2023-12-18 07:00:00+00:00,1453652.451111111,1453652.451111111
2023-12-18 08:00:00+00:00,1268250.4466666668,1268250.4466666668
2023-12-18 09:00:00+00:00,1326906.3077777778,1326906.3077777778
2023-12-18 10:00:00+00:00,1090595.101111111,1090595.101111111
2023-12-18 11:00:00+00:00,2397135.510555556,2397135.510555556
2023-12-18 12:00:00+00:00,1986169.648888889,1986169.648888889
2023-12-18 13:00:00+00:00,1384397.105,1384397.105
2023-12-18 14:00:00+00:00,1201098.4383333332,1201098.4383333332
2023-12-18 15:00:00+00:00,1343154.506111111,1343154.506111111
2023-12-18 16:00:00+00:00,1337200.3108333333,1337200.3108333333
2023-12-18 17:00:00+00:00,1122210.2725,1122210.2725
2023-12-18 18:00:00+00:00,1567323.4705555555,1567323.4705555555
2023-12-18 19:00:00+00:00,1688659.8125,1688659.8125
2023-12-18 20:00:00+00:00,1437377.2413888888,1437377.2413888888
2023-12-18 21:00:00+00:00,973625.7619444444,973625.7619444444
2023-12-18 22:00:00+00:00,1653621.1555555556,1653621.1555555556
2023-12-18 23:00:00+00:00,975132.0438888888,975132.0438888888
2023-12-19 00:00:00+00:00,672046.535,672046.535
2023-12-19 01:00:00+00:00,290660.5283333333,290660.5283333333
2023-12-19 02:00:00+00:00,297145.73305555555,297145.73305555555
2023-12-19 03:00:00+00:00,544144.3577777778,521170.4633980035
2023-12-19 04:00:00+00:00,1712386.8463888888,1712386.8463888888
2023-12-19 05:00:00+00:00,2058654.9397222225,2058654.9397222225
2023-12-19 06:00:00+00:00,1421431.4386111111,1421431.4386111111
2023-12-19 07:00:00+00:00,1753926.3902777778,1753926.3902777778
2023-12-19 08:00:00+00:00,1418544.5155555557,1418544.5155555557
2023-12-19 09:00:00+00:00,1944740.1338888889,1944740.1338888889
2023-12-19 10:00:00+00:00,1577435.8241666667,1577435.8241666667
2023-12-19 11:00:00+00:00,1710758.7252777778,1710758.7252777778
2023-12-19 12:00:00+00:00,1250570.3075,1250570.3075
2023-12-19 13:00:00+00:00,1165245.6708333334,1165245.6708333334
2023-12-19 14:00:00+00:00,1159631.3463888888,1159631.3463888888
2023-12-19 15:00:00+00:00,1119886.6963888889,1119886.6963888889
2023-12-19 16:00:00+00:00,1299749.703611111,1299749.703611111
2023-12-19 17:00:00+00:00,1581899.2077777777,1245713.0188921378
2023-12-19 18:00:00+00:00,1417057.7408333332,1417057.7408333332
2023-12-19 19:00:00+00:00,1927058.858888889,1927058.858888889
2023-12-19 20:00:00+00:00,2572818.6713888887,2572818.6713888887
2023-12-19 21:00:00+00:00,2185652.7922222223,2185652.7922222223
2023-12-19 22:00:00+00:00,984684.7705555556,2089640.0798370256
2023-12-19 23:00:00+00:00,845253.0155555556,845253.0155555556
2023-12-20 00:00:00+00:00,1337357.6858333333,1337357.6858333333
2023-12-20 01:00:00+00:00,856802.776388889,1380476.342385147
2023-12-20 02:00:00+00:00,821214.9494444445,821214.9494444445
2023-12-20 03:00:00+00:00,1079263.2169444445,1079263.2169444445
2023-12-20 04:00:00+00:00,1002560.4419444444,1071617.0125814597
2023-12-20 05:00:00+00:00,1668469.1544444445,1668469.1544444445
2023-12-20 06:00:00+00:00,1754667.5516666668,1754667.5516666668
2023-12-20 07:00:00+00:00,1853062.5611111112,1853062.5611111112
2023-12-20 08:00:00+00:00,1950879.2775,1950879.2775
2023-12-20 09:00:00+00:00,1510350.4108333334,1510350.4108333334
2023-12-20 10:00:00+00:00,1366048.7611111111,1366048.7611111111
2023-12-20 11:00:00+00:00,1677878.0430555556,1677878.0430555556
2023-12-20 12:00:00+00:00,1225218.6252777777,1225218.6252777777
2023-12-20 13:00:00+00:00,924505.2158333332,924505.2158333332
2023-12-20 14:00:00+00:00,1059282.644722222,1059282.644722222
2023-12-20 15:00:00+00:00,609808.5622222222,1149296.8988545286
2023-12-20 16:00:00+00:00,1078402.7344444443,1078402.7344444443
2023-12-20 17:00:00+00:00,836322.3341666666,836322.3341666666
2023-12-20 18:00:00+00:00,1505425.6319444445,1505425.6319444445
2023-12-20 19:00:00+00:00,1335046.5222222223,1335046.5222222223
2023-12-20 20:00:00+00:00,1980130.0747222223,1980130.0747222223
2023-12-20 21:00:00+00:00,1582286.798333333,1582286.798333333
2023-12-20 22:00:00+00:00,1350971.6730555557,1350971.6730555557
2023-12-20 23:00:00+00:00,618776.6025,618776.6025
2023-12-21 00:00:00+00:00,724827.7633333333,724827.7633333333
2023-12-21 01:00:00+00:00,297897.6361111111,297897.6361111111
2023-12-21 02:00:00+00:00,555775.8583333333,555775.8583333333
2023-12-21 03:00:00+00:00,536132.7816666666,536132.7816666666
2023-12-21 04:00:00+00:00,960043.645,960043.645
2023-12-21 05:00:00+00:00,1264325.2936111111,1264325.2936111111
2023-12-21 06:00:00+00:00,1932680.6752777777,1932680.6752777777
2023-12-21 07:00:00+00:00,1357058.806388889,1357058.806388889
2023-12-21 08:00:00+00:00,2491167.3575,2491167.3575
2023-12-21 09:00:00+00:00,1012717.1877777778,1012717.1877777778
2023-12-21 10:00:00+00:00,2005758.5372222224,2005758.5372222224
2023-12-21 11:00:00+00:00,1209052.8316666668,1209052.8316666668
2023-12-21 12:00:00+00:00,1518020.3647222223,1496069.5564838557
2023-12-21 13:00:00+00:00,777288.3891666667,777288.3891666667
2023-12-21 14:00:00+00:00,1249598.715833333,1063291.4289390952
2023-12-21 15:00:00+00:00,1231875.3625,1231875.3625
2023-12-21 16:00:00+00:00,1238078.89,1121482.6125488572
2023-12-21 17:00:00+00:00,1475708.5177777775,1475708.5177777775
2023-12-21 18:00:00+00:00,1171895.1269444444,1171895.1269444444
2023-12-21 19:00:00+00:00,1627037.3305555556,1627037.3305555556
2023-12-21 20:00:00+00:00,1423860.7008333334,1423860.7008333334
2023-12-21 21:00:00+00:00,903758.6444444444,903758.6444444444
2023-12-21 22:00:00+00:00,1407162.3419444445,1407162.3419444445
2023-12-21 23:00:00+00:00,547735.0091666667,547735.0091666667
2023-12-22 00:00:00+00:00,378741.59305555554,378741.59305555554
2023-12-22 01:00:00+00:00,455561.3391666667,455561.3391666667
2023-12-22 02:00:00+00:00,306185.8597222222,306185.8597222222
2023-12-22 03:00:00+00:00,473961.0763888889,473961.0763888889
2023-12-22 04:00:00+00:00,1214482.1730555557,1214482.1730555557
2023-12-22 05:00:00+00:00,1091952.95,1091952.95
2023-12-22 06:00:00+00:00,1342567.2513888888,1342567.2513888888
2023-12-22 07:00:00+00:00,1877094.8752777777,1877094.8752777777
2023-12-22 08:00:00+00:00,1190106.7219444443,1190106.7219444443
2023-12-22 09:00:00+00:00,1345646.3330555556,1345646.3330555556
2023-12-22 10:00:00+00:00,1868770.3852777777,1868770.3852777777
2023-12-22 11:00:00+00:00,1840019.2991666663,1840019.2991666663
2023-12-22 12:00:00+00:00,1015696.1016666668,1015696.1016666668
2023-12-22 13:00:00+00:00,1020330.2247222222,1020330.2247222222
2023-12-22 14:00:00+00:00,1172112.4780555556,1234373.5963154237
2023-12-22 15:00:00+00:00,1106890.32,1106890.32
2023-12-22 16:00:00+00:00,850696.6383333333,850696.6383333333
2023-12-22 17:00:00+00:00,899048.0827777778,899048.0827777778
2023-12-22 18:00:00+00:00,1605591.8894444443,1605591.8894444443
2023-12-22 19:00:00+00:00,1139107.7322222225,1139107.7322222225
2023-12-22 20:00:00+00:00,640596.3597222222,640596.3597222222
2023-12-22 21:00:00+00:00,701459.3297222222,701459.3297222222
2023-12-22 22:00:00+00:00,579926.4572222222,579926.4572222222
2023-12-22 23:00:00+00:00,503965.9063888889,503965.9063888889
2023-12-23 00:00:00+00:00,370779.7463888889,370779.7463888889
2023-12-23 01:00:00+00:00,219597.95944444445,219597.95944444445
2023-12-23 02:00:00+00:00,261687.9763888889,261687.9763888889
2023-12-23 03:00:00+00:00,353921.84722222225,353921.84722222225
2023-12-23 04:00:00+00:00,505502.1630555556,505502.1630555556
2023-12-23 05:00:00+00:00,1055893.631111111,1055893.631111111
2023-12-23 06:00:00+00:00,1437505.151111111,1437505.151111111
2023-12-23 07:00:00+00:00,1148230.3177777778,1011784.7136846213
2023-12-23 08:00:00+00:00,969632.0019444444,969632.0019444444
2023-12-23 09:00:00+00:00,903523.5683333334,903523.5683333334
2023-12-23 10:00:00+00:00,1050058.0083333333,981612.6433837182
2023-12-23 11:00:00+00:00,1194773.9166666667,1194773.9166666667
2023-12-23 12:00:00+00:00,1339011.1063888888,1339011.1063888888
2023-12-23 13:00:00+00:00,745435.8502777778,745435.8502777778
2023-12-23 14:00:00+00:00,1099273.4869444445,1099273.4869444445
2023-12-23 15:00:00+00:00,569839.0227777777,569839.0227777777
2023-12-23 16:00:00+00:00,697197.1375,697197.1375
2023-12-23 17:00:00+00:00,726248.7272222223,726248.7272222223
2023-12-23 18:00:00+00:00,1283048.578611111,1283048.578611111
2023-12-23 19:00:00+00:00,1407546.0369444443,1407546.0369444443
2023-12-23 20:00:00+00:00,1171267.2197222223,1171267.2197222223
2023-12-23 21:00:00+00:00,842392.4241666667,842392.4241666667
2023-12-23 22:00:00+00:00,907546.1536111112,907546.1536111112
2023-12-23 23:00:00+00:00,606939.3227777778,606939.3227777778
2023-12-24 00:00:00+00:00,743408.2038888889,743408.2038888889
2023-12-24 01:00:00+00:00,300784.97527777776,300784.97527777776
2023-12-24 02:00:00+00:00,369663.43,576739.6327175833
2023-12-24 03:00:00+00:00,266943.8055555556,266943.8055555556
2023-12-24 04:00:00+00:00,491447.52166666667,491447.52166666667
2023-12-24 05:00:00+00:00,866976.2544444444,866976.2544444444
2023-12-24 06:00:00+00:00,939911.1238888887,939911.1238888887
2023-12-24 07:00:00+00:00,1287985.1883333332,1287985.1883333332
2023-12-24 08:00:00+00:00,1134076.7244444443,1134076.7244444443
2023-12-24 09:00:00+00:00,795859.6475,795859.6475
2023-12-24 10:00:00+00:00,683903.8627777778,683903.8627777778
2023-12-24 11:00:00+00:00,767092.4536111112,767092.4536111112
2023-12-24 12:00:00+00:00,632097.1927777778,802714.5969188594
2023-12-24 13:00:00+00:00,657018.385,806651.9431047871
2023-12-24 14:00:00+00:00,901393.02,901393.02
2023-12-24 15:00:00+00:00,768445.2375,768445.2375
2023-12-24 16:00:00+00:00,1480202.316666667,1480202.316666667
2023-12-24 17:00:00+00:00,930710.3569444444,1104488.5162122832
2023-12-24 18:00:00+00:00,1163496.046111111,1163496.046111111
2023-12-24 19:00:00+00:00,1580333.7027777778,1580333.7027777778
2023-12-24 20:00:00+00:00,998459.1855555556,998459.1855555556
2023-12-24 21:00:00+00:00,917406.0575,917406.0575
2023-12-24 22:00:00+00:00,630096.2380555555,630096.2380555555
2023-12-24 23:00:00+00:00,439953.2375,439953.2375
2023-12-25 00:00:00+00:00,273485.8713888889,273485.8713888889
2023-12-25 01:00:00+00:00,265090.7702777778,265090.7702777778
2023-12-25 02:00:00+00:00,297408.41555555555,297408.41555555555
2023-12-25 03:00:00+00:00,792207.5261111112,792207.5261111112
2023-12-25 04:00:00+00:00,523065.59194444446,523065.59194444446
2023-12-25 05:00:00+00:00,708858.88,708858.88
2023-12-25 06:00:00+00:00,1113403.9027777778,1113403.9027777778
2023-12-25 07:00:00+00:00,924642.2591666668,924642.2591666668
2023-12-25 08:00:00+00:00,1007240.2811111112,1007240.2811111112
2023-12-25 09:00:00+00:00,906079.0388888888,906079.0388888888
2023-12-25 10:00:00+00:00,1860251.726388889,1860251.726388889
2023-12-25 11:00:00+00:00,2165587.844722222,2165587.844722222
2023-12-25 12:00:00+00:00,1311072.7094444444,1311072.7094444444
2023-12-25 13:00:00+00:00,1494911.5158333334,1494911.5158333334
2023-12-25 14:00:00+00:00,1005386.5647222224,1005386.5647222224
2023-12-25 15:00:00+00:00,1172945.0783333334,1172945.0783333334
2023-12-25 16:00:00+00:00,1145843.5380555557,1145843.5380555557
2023-12-25 17:00:00+00:00,1304701.8875,1304701.8875
2023-12-25 18:00:00+00:00,951403.2930555556,951403.2930555556
2023-12-25 19:00:00+00:00,1416312.3802777778,1416312.3802777778
2023-12-25 20:00:00+00:00,1156120.8425,1156120.8425
2023-12-25 21:00:00+00:00,1012094.7286111112,1012094.7286111112
2023-12-25 22:00:00+00:00,550273.8025,550273.8025
2023-12-25 23:00:00+00:00,684781.2102777777,684781.2102777777
2023-12-26 00:00:00+00:00,488032.2183333333,488032.2183333333
2023-12-26 01:00:00+00:00,358188.2158333333,358188.2158333333
2023-12-26 02:00:00+00:00,440126.6783333333,440126.6783333333
2023-12-26 03:00:00+00:00,457162.7966666667,457162.7966666667
2023-12-26 04:00:00+00:00,509709.88972222223,509709.88972222223
2023-12-26 05:00:00+00:00,1432938.0005555556,1432938.0005555556
2023-12-26 06:00:00+00:00,936086.3563888888,936086.3563888888
2023-12-26 07:00:00+00:00,1112958.1844444445,1112958.1844444445
2023-12-26 08:00:00+00:00,1591398.5872222222,1591398.5872222222
2023-12-26 09:00:00+00:00,1141417.9022222222,1141417.9022222222
2023-12-26 10:00:00+00:00,1810140.2366666663,1810140.2366666663
2023-12-26 11:00:00+00:00,1536628.3963888888,1536628.3963888888
2023-12-26 12:00:00+00:00,2389623.0125,2389623.0125
2023-12-26 13:00:00+00:00,1972080.5955555555,1972080.5955555555
2023-12-26 14:00:00+00:00,1914002.6605555555,1914002.6605555555
2023-12-26 15:00:00+00:00,1891862.9927777776,1891862.9927777776
2023-12-26 16:00:00+00:00,1347729.641388889,1347729.641388889
2023-12-26 17:00:00+00:00,1343851.137777778,1343851.137777778
2023-12-26 18:00:00+00:00,946887.0066666668,946887.0066666668
2023-12-26 19:00:00+00:00,1341029.6155555556,1341029.6155555556
2023-12-26 20:00:00+00:00,1589159.0066666666,1589159.0066666666
2023-12-26 21:00:00+00:00,1484706.1844444445,1484706.1844444445
2023-12-26 22:00:00+00:00,951039.2444444444,1451971.1621723105
2023-12-26 23:00:00+00:00,297772.50138888886,297772.50138888886
2023-12-27 00:00:00+00:00,407856.9083333333,407856.9083333333
2023-12-27 01:00:00+00:00,422629.1633333333,422629.1633333333
2023-12-27 02:00:00+00:00,350216.1247222222,350216.1247222222
2023-12-27 03:00:00+00:00,354771.47527777776,462308.09140756127
2023-12-27 04:00:00+00:00,563758.0794444444,452651.02441922587
2023-12-27 05:00:00+00:00,619204.7502777778,619204.7502777778
2023-12-27 06:00:00+00:00,774344.4975,543214.3273306595
2023-12-27 07:00:00+00:00,1321638.5405555556,1321638.5405555556
2023-12-27 08:00:00+00:00,1804051.7577777775,1804051.7577777775
2023-12-27 09:00:00+00:00,1368776.681111111,1368776.681111111
2023-12-27 10:00:00+00:00,1673907.1561111112,1673907.1561111112
2023-12-27 11:00:00+00:00,1623087.513888889,1623087.513888889
2023-12-27 12:00:00+00:00,1316406.8225,1547138.443477756
2023-12-27 13:00:00+00:00,1017073.6705555556,1017073.6705555556
2023-12-27 14:00:00+00:00,670440.6072222223,670440.6072222223
2023-12-27 15:00:00+00:00,1207301.651388889,1008006.7617294724
2023-12-27 16:00:00+00:00,911686.5955555557,911686.5955555557
2023-12-27 17:00:00+00:00,1135975.4869444445,1135975.4869444445
2023-12-27 18:00:00+00:00,1387531.9522222222,1387531.9522222222
2023-12-27 19:00:00+00:00,1479655.9405555555,1479655.9405555555
2023-12-27 20:00:00+00:00,1481234.3933333333,1481234.3933333333
2023-12-27 21:00:00+00:00,1348240.0794444445,1348240.0794444445
2023-12-27 22:00:00+00:00,1905563.1602777776,1905563.1602777776
2023-12-27 23:00:00+00:00,830519.7441666666,830519.7441666666
2023-12-28 00:00:00+00:00,348753.9563888889,348753.9563888889
2023-12-28 01:00:00+00:00,313266.15972222225,313266.15972222225
2023-12-28 02:00:00+00:00,392444.13416666666,392444.13416666666
2023-12-28 03:00:00+00:00,437087.6625,437087.6625
2023-12-28 04:00:00+00:00,620241.0430555556,620241.0430555556
2023-12-28 05:00:00+00:00,1144274.0619444444,1144274.0619444444
2023-12-28 06:00:00+00:00,1093251.7341666666,803375.0081656453
2023-12-28 07:00:00+00:00,1234040.246111111,1234040.246111111
2023-12-28 08:00:00+00:00,1584308.7908333333,1584308.7908333333
2023-12-28 09:00:00+00:00,1109690.3802777778,1299064.1141976272
2023-12-28 10:00:00+00:00,1196257.3797222222,1196257.3797222222
2023-12-28 11:00:00+00:00,1058013.358611111,1058013.358611111
2023-12-28 12:00:00+00:00,1201766.897777778,1201766.897777778
2023-12-28 13:00:00+00:00,1038410.1461111112,1038410.1461111112
2023-12-28 14:00:00+00:00,810523.2261111111,810523.2261111111
2023-12-28 15:00:00+00:00,1043905.3677777778,1043905.3677777778
2023-12-28 16:00:00+00:00,895752.8888888889,895752.8888888889
2023-12-28 17:00:00+00:00,1097134.5433333332,1097134.5433333332
2023-12-28 18:00:00+00:00,1358859.4825,1358859.4825
2023-12-28 19:00:00+00:00,1341562.1069444444,1341562.1069444444
2023-12-28 20:00:00+00:00,1329733.3416666666,1241695.524139297
2023-12-28 21:00:00+00:00,1304019.7186111112,1304019.7186111112
2023-12-28 22:00:00+00:00,1011832.9341666668,1011832.9341666668
2023-12-28 23:00:00+00:00,793182.9941666666,793182.9941666666
2023-12-29 00:00:00+00:00,513883.0675,513883.0675
2023-12-29 01:00:00+00:00,345413.20444444445,345413.20444444445
2023-12-29 02:00:00+00:00,321225.8727777778,321225.8727777778
2023-12-29 03:00:00+00:00,290581.0633333333,290581.0633333333
2023-12-29 04:00:00+00:00,739027.2938888889,739027.2938888889
2023-12-29 05:00:00+00:00,1295983.808333333,545328.511977081
2023-12-29 06:00:00+00:00,937055.7602777778,937055.7602777778
2023-12-29 07:00:00+00:00,1282768.9036111112,1282768.9036111112
2023-12-29 08:00:00+00:00,1346647.1925,999750.5926033367
2023-12-29 09:00:00+00:00,942913.9011111112,942913.9011111112
2023-12-29 10:00:00+00:00,1008797.0313888888,1008797.0313888888
2023-12-29 11:00:00+00:00,722361.6141666666,722361.6141666666
2023-12-29 12:00:00+00:00,890545.1097222222,890545.1097222222
2023-12-29 13:00:00+00:00,841923.5561111111,841923.5561111111
2023-12-29 14:00:00+00:00,910171.9383333334,867355.906552502
2023-12-29 15:00:00+00:00,1082363.1622222222,1082363.1622222222
2023-12-29 16:00:00+00:00,850920.1816666666,850920.1816666666
2023-12-29 17:00:00+00:00,816825.0775,816825.0775
2023-12-29 18:00:00+00:00,778922.3122222222,778922.3122222222
2023-12-29 19:00:00+00:00,1041733.4288888888,1041733.4288888888
2023-12-29 20:00:00+00:00,808830.8077777778,808830.8077777778
2023-12-29 21:00:00+00:00,814435.7458333333,814435.7458333333
2023-12-29 22:00:00+00:00,878896.0422222222,848773.7963633302
2023-12-29 23:00:00+00:00,568086.8461111111,568086.8461111111
2023-12-30 00:00:00+00:00,273334.2838888889,273334.2838888889
2023-12-30 01:00:00+00:00,345736.0983333333,345736.0983333333
2023-12-30 02:00:00+00:00,293580.4325,293580.4325
2023-12-30 03:00:00+00:00,273170.4963888889,273170.4963888889
2023-12-30 04:00:00+00:00,562118.2586111111,562118.2586111111
2023-12-30 05:00:00+00:00,801841.1286111111,801841.1286111111
2023-12-30 06:00:00+00:00,915658.3280555556,915658.3280555556
2023-12-30 07:00:00+00:00,1143172.1852777775,1143172.1852777775
2023-12-30 08:00:00+00:00,1527056.221111111,1527056.221111111
2023-12-30 09:00:00+00:00,1385275.3922222222,1385275.3922222222
2023-12-30 10:00:00+00:00,1252980.042777778,1252980.042777778
2023-12-30 11:00:00+00:00,1237153.352222222,1237153.352222222
2023-12-30 12:00:00+00:00,1173409.1530555557,1173409.1530555557
2023-12-30 13:00:00+00:00,1036007.5494444444,1036007.5494444444
2023-12-30 14:00:00+00:00,777930.5780555556,777930.5780555556
2023-12-30 15:00:00+00:00,1208770.361111111,1208770.361111111
2023-12-30 16:00:00+00:00,1777964.3983333334,1777964.3983333334
2023-12-30 17:00:00+00:00,2014457.2394444444,2014457.2394444444
2023-12-30 18:00:00+00:00,1121058.628888889,1121058.628888889
2023-12-30 19:00:00+00:00,1129434.358888889,1129434.358888889
2023-12-30 20:00:00+00:00,1268693.3861111111,1268693.3861111111
2023-12-30 21:00:00+00:00,607323.7386111111,607323.7386111111
2023-12-30 22:00:00+00:00,710654.0913888889,710654.0913888889
2023-12-30 23:00:00+00:00,861629.225,871564.5215134566
2023-12-31 00:00:00+00:00,913598.0388888888,913598.0388888888
2023-12-31 01:00:00+00:00,422689.5097222222,422689.5097222222
2023-12-31 02:00:00+00:00,420402.6227777778,680304.191828903
2023-12-31 03:00:00+00:00,613463.3816666667,613463.3816666667
2023-12-31 04:00:00+00:00,640979.7483333333,640979.7483333333
2023-12-31 05:00:00+00:00,784382.9891666666,784382.9891666666
2023-12-31 06:00:00+00:00,1171831.2105555555,1171831.2105555555
2023-12-31 07:00:00+00:00,739583.7058333333,739583.7058333333
2023-12-31 08:00:00+00:00,1071860.3441666667,1071860.3441666667
2023-12-31 09:00:00+00:00,1227145.5325,1227145.5325
2023-12-31 10:00:00+00:00,1289925.8775,1289925.8775
2023-12-31 11:00:00+00:00,1577669.4022222222,1577669.4022222222
2023-12-31 12:00:00+00:00,1278546.1808333334,1278546.1808333334
2023-12-31 13:00:00+00:00,1420196.955,1420196.955
2023-12-31 14:00:00+00:00,1642178.8525,1642178.8525
2023-12-31 15:00:00+00:00,822537.3061111111,822537.3061111111
2023-12-31 16:00:00+00:00,1185476.8555555556,1185476.8555555556
2023-12-31 17:00:00+00:00,1000749.8197222222,1000749.8197222222
2023-12-31 18:00:00+00:00,1134018.3233333332,1134018.3233333332
2023-12-31 19:00:00+00:00,856987.7697222222,1120256.9344066512
2023-12-31 20:00:00+00:00,1297746.0441666667,1297746.0441666667
2023-12-31 21:00:00+00:00,1651096.5402777777,1651096.5402777777
2023-12-31 22:00:00+00:00,1090965.6147222223,1090965.6147222223
2023-12-31 23:00:00+00:00,894473.4363888889,894473.4363888889
2024-01-01 00:00:00+00:00,563143.9763888889,563143.9763888889
2024-01-01 01:00:00+00:00,525028.0225,525028.0225
2024-01-01 02:00:00+00:00,288933.9552777778,723543.3540330078
2024-01-01 03:00:00+00:00,423833.3277777778,423833.3277777778
2024-01-01 04:00:00+00:00,431842.6861111112,431842.6861111112
2024-01-01 05:00:00+00:00,796997.9127777778,796997.9127777778
2024-01-01 06:00:00+00:00,1007207.7241666666,1007207.7241666666
2024-01-01 07:00:00+00:00,1282046.365,787856.4768208294
2024-01-01 08:00:00+00:00,1467428.5247222222,1467428.5247222222
2024-01-01 09:00:00+00:00,1635295.8872222223,1635295.8872222223
2024-01-01 10:00:00+00:00,998976.4502777776,998976.4502777776
2024-01-01 11:00:00+00:00,1147934.6991666667,1147934.6991666667
2024-01-01 12:00:00+00:00,923989.2480555556,923989.2480555556
2024-01-01 13:00:00+00:00,1177218.596666667,1177218.596666667
2024-01-01 14:00:00+00:00,1150452.7577777775,1150452.7577777775
2024-01-01 15:00:00+00:00,1342975.548611111,1132209.4112339835
2024-01-01 16:00:00+00:00,1042148.465,1042148.465
2024-01-01 17:00:00+00:00,1060873.907777778,1060873.907777778
2024-01-01 18:00:00+00:00,1042823.4933333332,1042823.4933333332
2024-01-01 19:00:00+00:00,1592064.8372222222,1592064.8372222222
2024-01-01 20:00:00+00:00,1054318.2936111111,1054318.2936111111
2024-01-01 21:00:00+00:00,916917.7194444444,916917.7194444444
2024-01-01 22:00:00+00:00,607543.4011111112,1071433.9275196968
2024-01-01 23:00:00+00:00,714027.3225,714027.3225
2024-01-02 00:00:00+00:00,198893.55166666667,198893.55166666667
2024-01-02 01:00:00+00:00,445714.3861111111,445714.3861111111
2024-01-02 02:00:00+00:00,168298.9113888889,168298.9113888889
2024-01-02 03:00:00+00:00,246967.7080555556,246967.7080555556
2024-01-02 04:00:00+00:00,922413.2936111112,922413.2936111112
2024-01-02 05:00:00+00:00,1678814.3594444443,1678814.3594444443
2024-01-02 06:00:00+00:00,1343906.6686111111,1051295.4967383354
2024-01-02 07:00:00+00:00,964461.9075,964461.9075
2024-01-02 08:00:00+00:00,1742043.409166667,1742043.409166667
2024-01-02 09:00:00+00:00,822124.8816666667,822124.8816666667
2024-01-02 10:00:00+00:00,1161376.5044444446,1161376.5044444446
2024-01-02 11:00:00+00:00,763728.0086111111,763728.0086111111
2024-01-02 12:00:00+00:00,1097241.3158333334,980428.4373078663
2024-01-02 13:00:00+00:00,723663.0205555556,723663.0205555556
2024-01-02 14:00:00+00:00,722703.9325,722703.9325
2024-01-02 15:00:00+00:00,840313.825,840313.825
2024-01-02 16:00:00+00:00,715462.5102777778,715462.5102777778
2024-01-02 17:00:00+00:00,647410.7872222222,647410.7872222222
2024-01-02 18:00:00+00:00,621456.5544444445,621456.5544444445
2024-01-02 19:00:00+00:00,737652.7338888888,737652.7338888888
2024-01-02 20:00:00+00:00,471911.0225,701592.2033691916
2024-01-02 21:00:00+00:00,862046.7144444444,862046.7144444444
2024-01-02 22:00:00+00:00,722668.3044444445,722668.3044444445
2024-01-02 23:00:00+00:00,480645.7336111111,480645.7336111111
2024-01-03 00:00:00+00:00,291015.4222222222,641842.311923176
2024-01-03 01:00:00+00:00,409224.4161111111,409224.4161111111
2024-01-03 02:00:00+00:00,278662.7811111111,278662.7811111111
2024-01-03 03:00:00+00:00,257416.925,257416.925
2024-01-03 04:00:00+00:00,876846.0661111111,876846.0661111111
2024-01-03 05:00:00+00:00,1012784.7388888889,1012784.7388888889
2024-01-03 06:00:00+00:00,1442270.316388889,1442270.316388889
2024-01-03 07:00:00+00:00,837031.2066666667,837031.2066666667
2024-01-03 08:00:00+00:00,1662245.753611111,1662245.753611111
2024-01-03 09:00:00+00:00,1683809.6205555554,1683809.6205555554
2024-01-03 10:00:00+00:00,971932.6958333332,971932.6958333332
2024-01-03 11:00:00+00:00,821508.8627777778,821508.8627777778
2024-01-03 12:00:00+00:00,1185278.326666667,1185278.326666667
2024-01-03 13:00:00+00:00,644939.2108333333,644939.2108333333
2024-01-03 14:00:00+00:00,985365.8277777778,985365.8277777778
2024-01-03 15:00:00+00:00,813291.4747222222,813291.4747222222
2024-01-03 16:00:00+00:00,1002690.2575,887517.6190237775
2024-01-03 17:00:00+00:00,1042478.7661111112,1042478.7661111112
2024-01-03 18:00:00+00:00,931344.3144444444,931344.3144444444
2024-01-03 19:00:00+00:00,786913.9502777777,786913.9502777777
2024-01-03 20:00:00+00:00,767119.9869444445,767119.9869444445
2024-01-03 21:00:00+00:00,657925.0027777777,657925.0027777777
2024-01-03 22:00:00+00:00,384141.8669444444,384141.8669444444
2024-01-03 23:00:00+00:00,193890.8080555556,193890.8080555556
2024-01-04 00:00:00+00:00,158476.2525,158476.2525
2024-01-04 01:00:00+00:00,335106.5338888889,335106.5338888889
2024-01-04 02:00:00+00:00,110177.5911111111,110177.5911111111
2024-01-04 03:00:00+00:00,196595.9138888889,196595.9138888889
2024-01-04 04:00:00+00:00,289613.03222222225,289613.03222222225
2024-01-04 05:00:00+00:00,608647.0841666666,608647.0841666666
2024-01-04 06:00:00+00:00,1103973.0758333334,1103973.0758333334
2024-01-04 07:00:00+00:00,1138651.8227777777,1138651.8227777777
2024-01-04 08:00:00+00:00,1617966.529722222,1617966.529722222
2024-01-04 09:00:00+00:00,1122029.716388889,1204338.4071485363
2024-01-04 10:00:00+00:00,1249812.3194444445,1249812.3194444445
2024-01-04 11:00:00+00:00,1311020.5994444443,1311020.5994444443
2024-01-04 12:00:00+00:00,1105269.503611111,1105269.503611111
2024-01-04 13:00:00+00:00,1032237.13,1032237.13
2024-01-04 14:00:00+00:00,973333.6341666668,973333.6341666668
2024-01-04 15:00:00+00:00,755132.2680555555,755132.2680555555
2024-01-04 16:00:00+00:00,1270635.0538888888,1270635.0538888888
2024-01-04 17:00:00+00:00,1016466.2477777776,1016466.2477777776
2024-01-04 18:00:00+00:00,796222.0761111111,796222.0761111111
2024-01-04 19:00:00+00:00,982869.5047222222,982869.5047222222
2024-01-04 20:00:00+00:00,885849.3466666667,885849.3466666667
2024-01-04 21:00:00+00:00,606032.0297222222,606032.0297222222
2024-01-04 22:00:00+00:00,636501.2883333333,636501.2883333333
2024-01-04 23:00:00+00:00,393810.59277777775,393810.59277777775
2024-01-05 00:00:00+00:00,362930.2030555556,362930.2030555556
2024-01-05 01:00:00+00:00,313973.3075,313973.3075
2024-01-05 02:00:00+00:00,402290.99833333335,402290.99833333335
2024-01-05 03:00:00+00:00,293004.1302777778,408236.22428032005
2024-01-05 04:00:00+00:00,1024320.1552777778,1024320.1552777778
2024-01-05 05:00:00+00:00,923406.7986111112,923406.7986111112
2024-01-05 06:00:00+00:00,936548.4847222222,823690.2975892564
2024-01-05 07:00:00+00:00,900566.8794444444,900566.8794444444
2024-01-05 08:00:00+00:00,1121063.3827777775,1121063.3827777775
2024-01-05 09:00:00+00:00,1091955.8716666666,1091955.8716666666
2024-01-05 10:00:00+00:00,1149336.076111111,1029856.8619190021
2024-01-05 11:00:00+00:00,1879884.2025,1879884.2025
2024-01-05 12:00:00+00:00,1024785.1402777778,1024785.1402777778
2024-01-05 13:00:00+00:00,712709.4469444444,712709.4469444444
2024-01-05 14:00:00+00:00,977048.9752777778,977048.9752777778
2024-01-05 15:00:00+00:00,914025.2558333334,914025.2558333334
2024-01-05 16:00:00+00:00,1216276.971111111,1216276.971111111
2024-01-05 17:00:00+00:00,661125.8736111111,1077514.5314694294
2024-01-05 18:00:00+00:00,972155.0166666668,1096457.7796379738
2024-01-05 19:00:00+00:00,931979.9905555556,931979.9905555556
2024-01-05 20:00:00+00:00,1117720.415,1117720.415
2024-01-05 21:00:00+00:00,882247.2847222222,882247.2847222222
2024-01-05 22:00:00+00:00,602294.4044444445,602294.4044444445
2024-01-05 23:00:00+00:00,465849.3797222222,465849.3797222222
2024-01-06 00:00:00+00:00,714730.9602777777,714730.9602777777
2024-01-06 01:00:00+00:00,351086.72583333333,351086.72583333333
2024-01-06 02:00:00+00:00,271690.2997222222,271690.2997222222
2024-01-06 03:00:00+00:00,403837.08305555553,403837.08305555553
2024-01-06 04:00:00+00:00,308303.2380555556,308303.2380555556
2024-01-06 05:00:00+00:00,400798.3594444444,400798.3594444444
2024-01-06 06:00:00+00:00,551847.5661111111,551847.5661111111
2024-01-06 07:00:00+00:00,585820.2577777777,585820.2577777777
2024-01-06 08:00:00+00:00,1003932.3055555556,1003932.3055555556
2024-01-06 09:00:00+00:00,607406.6363888889,607406.6363888889
2024-01-06 10:00:00+00:00,859092.5930555556,859092.5930555556
2024-01-06 11:00:00+00:00,920693.3727777776,753476.0875633374
2024-01-06 12:00:00+00:00,1470685.9591666667,1470685.9591666667
2024-01-06 13:00:00+00:00,779390.9811111111,779390.9811111111
2024-01-06 14:00:00+00:00,995192.8752777778,997917.2683496368
2024-01-06 15:00:00+00:00,889420.9230555556,889420.9230555556
2024-01-06 16:00:00+00:00,900397.7536111111,911113.7057828952
2024-01-06 17:00:00+00:00,910938.8536111112,910938.8536111112
2024-01-06 18:00:00+00:00,952544.3844444444,952544.3844444444
2024-01-06 19:00:00+00:00,947489.5125,947489.5125
2024-01-06 20:00:00+00:00,783370.3972222222,783370.3972222222
2024-01-06 21:00:00+00:00,606269.915,870306.531827322
2024-01-06 22:00:00+00:00,714433.3597222222,714433.3597222222
2024-01-06 23:00:00+00:00,311609.3802777778,311609.3802777778
2024-01-07 00:00:00+00:00,298445.3388888889,574587.4516228341
2024-01-07 01:00:00+00:00,295455.84694444446,295455.84694444446
2024-01-07 02:00:00+00:00,237186.2411111111,237186.2411111111
2024-01-07 03:00:00+00:00,190216.31444444443,190216.31444444443
2024-01-07 04:00:00+00:00,382190.9088888889,382190.9088888889
2024-01-07 05:00:00+00:00,1351160.105277778,1351160.105277778
2024-01-07 06:00:00+00:00,726342.6383333333,726342.6383333333
2024-01-07 07:00:00+00:00,553941.6025,553941.6025
2024-01-07 08:00:00+00:00,889809.5316666666,889809.5316666666
2024-01-07 09:00:00+00:00,763296.9844444444,763296.9844444444
2024-01-07 10:00:00+00:00,1586065.7602777777,1586065.7602777777
2024-01-07 11:00:00+00:00,1061698.1947222222,1061698.1947222222
2024-01-07 12:00:00+00:00,1229954.076666667,1229954.076666667
2024-01-07 13:00:00+00:00,1082011.8580555555,1082011.8580555555
2024-01-07 14:00:00+00:00,893323.1880555556,893323.1880555556
2024-01-07 15:00:00+00:00,635211.4494444445,635211.4494444445
2024-01-07 16:00:00+00:00,611181.5322222222,611181.5322222222
2024-01-07 17:00:00+00:00,939277.9394444444,939277.9394444444
2024-01-07 18:00:00+00:00,1313551.4880555556,1313551.4880555556
2024-01-07 19:00:00+00:00,1356507.8477777778,1356507.8477777778
2024-01-07 20:00:00+00:00,1194499.2813888888,1194499.2813888888
2024-01-07 21:00:00+00:00,972684.1555555556,972684.1555555556
2024-01-07 22:00:00+00:00,1262179.0838888888,1262179.0838888888
2024-01-07 23:00:00+00:00,367448.6919444445,367448.6919444445
2024-01-08 00:00:00+00:00,287509.1022222222,287509.1022222222
2024-01-08 01:00:00+00:00,233477.31166666668,233477.31166666668
2024-01-08 02:00:00+00:00,174732.00444444444,174732.00444444444
2024-01-08 03:00:00+00:00,332743.01416666666,332743.01416666666
2024-01-08 04:00:00+00:00,675486.8680555555,675486.8680555555
2024-01-08 05:00:00+00:00,1499756.4144444445,1499756.4144444445
2024-01-08 06:00:00+00:00,1956365.963611111,1956365.963611111
2024-01-08 07:00:00+00:00,1362695.0730555556,1362695.0730555556
2024-01-08 08:00:00+00:00,1002388.8327777778,1002388.8327777778
2024-01-08 09:00:00+00:00,1090324.9886111112,1090324.9886111112
2024-01-08 10:00:00+00:00,1477820.9522222222,1157493.56017191
2024-01-08 11:00:00+00:00,1744169.2825,1744169.2825
2024-01-08 12:00:00+00:00,788672.3041666667,788672.3041666667
2024-01-08 13:00:00+00:00,639241.7833333333,1178799.2402383203
2024-01-08 14:00:00+00:00,826985.9272222222,826985.9272222222
2024-01-08 15:00:00+00:00,940639.3141666668,940639.3141666668
2024-01-08 16:00:00+00:00,949154.1630555555,949154.1630555555
2024-01-08 17:00:00+00:00,873356.5502777778,873356.5502777778
2024-01-08 18:00:00+00:00,1181044.8969444444,1181044.8969444444
2024-01-08 19:00:00+00:00,1348688.7369444445,1348688.7369444445
2024-01-08 20:00:00+00:00,1562621.6719444443,1562621.6719444443
2024-01-08 21:00:00+00:00,442476.6166666666,442476.6166666666
2024-01-08 22:00:00+00:00,151616.62,151616.62
2024-01-08 23:00:00+00:00,120633.18833333334,120633.18833333334
2024-01-09 00:00:00+00:00,68918.37027777778,68918.37027777778
2024-01-09 01:00:00+00:00,298147.8725,298147.8725
2024-01-09 02:00:00+00:00,177252.0077777778,177252.0077777778
2024-01-09 03:00:00+00:00,176309.76333333334,176309.76333333334
2024-01-09 04:00:00+00:00,1041006.9169444444,1041006.9169444444
2024-01-09 05:00:00+00:00,1680144.1136111112,1680144.1136111112
2024-01-09 06:00:00+00:00,1120982.5802777775,1120982.5802777775
2024-01-09 07:00:00+00:00,1733220.0775,1733220.0775
2024-01-09 08:00:00+00:00,1133994.1280555555,1360331.047603148
2024-01-09 09:00:00+00:00,1585373.1572222223,1585373.1572222223
2024-01-09 10:00:00+00:00,1125699.255,1125699.255
2024-01-09 11:00:00+00:00,1179581.4777777777,1179581.4777777777
2024-01-09 12:00:00+00:00,964219.8822222222,964219.8822222222
2024-01-09 13:00:00+00:00,833797.7341666666,833797.7341666666
2024-01-09 14:00:00+00:00,1015972.9205555556,1015972.9205555556
2024-01-09 15:00:00+00:00,1023914.9194444444,1023914.9194444444
2024-01-09 16:00:00+00:00,1417175.6369444444,1417175.6369444444
2024-01-09 17:00:00+00:00,1399086.4430555557,1399086.4430555557
2024-01-09 18:00:00+00:00,1920552.99,1920552.99
2024-01-09 19:00:00+00:00,1641539.1305555557,1641539.1305555557
2024-01-09 20:00:00+00:00,1024166.0616666666,1592657.7997299214
2024-01-09 21:00:00+00:00,717028.1583333333,1465082.8618178281
2024-01-09 22:00:00+00:00,605994.8252777777,605994.8252777777
2024-01-09 23:00:00+00:00,307984.3175,307984.3175
2024-01-10 00:00:00+00:00,413247.095,413247.095
2024-01-10 01:00:00+00:00,386777.5125,567711.9029646696
2024-01-10 02:00:00+00:00,247878.0208333333,247878.0208333333
2024-01-10 03:00:00+00:00,376233.3072222222,376233.3072222222
2024-01-10 04:00:00+00:00,1200896.0905555557,1200896.0905555557
2024-01-10 05:00:00+00:00,1267605.7141666666,1267605.7141666666
2024-01-10 06:00:00+00:00,1579867.0619444444,1579867.0619444444
2024-01-10 07:00:00+00:00,1888003.7225,1888003.7225
2024-01-10 08:00:00+00:00,1519723.201666667,1519723.201666667
2024-01-10 09:00:00+00:00,1577038.0147222222,1577038.0147222222
2024-01-10 10:00:00+00:00,1381425.2611111111,1541894.485249226
2024-01-10 11:00:00+00:00,1284604.74,1284604.74
2024-01-10 12:00:00+00:00,1056091.9222222222,1056091.9222222222
2024-01-10 13:00:00+00:00,1032107.3613888888,1032107.3613888888
2024-01-10 14:00:00+00:00,1070264.6991666667,1070264.6991666667
2024-01-10 15:00:00+00:00,1070112.3177777778,1070112.3177777778
2024-01-10 16:00:00+00:00,917110.9836111112,917110.9836111112
2024-01-10 17:00:00+00:00,1062492.637777778,1062492.637777778
2024-01-10 18:00:00+00:00,991764.4869444444,991764.4869444444
2024-01-10 19:00:00+00:00,1180725.5919444445,1180725.5919444445
2024-01-10 20:00:00+00:00,1025783.6619444444,1025783.6619444444
2024-01-10 21:00:00+00:00,939805.93,939805.93
2024-01-10 22:00:00+00:00,694313.3230555556,694313.3230555556
2024-01-10 23:00:00+00:00,227813.47611111111,227813.47611111111
2024-01-11 00:00:00+00:00,410964.44083333336,410964.44083333336
2024-01-11 01:00:00+00:00,264787.095,264787.095
2024-01-11 02:00:00+00:00,143532.96055555556,143532.96055555556
2024-01-11 03:00:00+00:00,427674.7872222223,294056.0308123651
2024-01-11 04:00:00+00:00,822640.3991666667,822640.3991666667
2024-01-11 05:00:00+00:00,996143.7963888888,996143.7963888888
2024-01-11 06:00:00+00:00,960773.0941666666,960773.0941666666
2024-01-11 07:00:00+00:00,1610268.8405555557,1610268.8405555557
2024-01-11 08:00:00+00:00,1442778.3969444444,1172831.5113248173
2024-01-11 09:00:00+00:00,1101585.9316666666,1101585.9316666666
2024-01-11 10:00:00+00:00,1382654.716388889,1382654.716388889
2024-01-11 11:00:00+00:00,1078447.175,1078447.175
2024-01-11 12:00:00+00:00,999509.9341666668,999509.9341666668
2024-01-11 13:00:00+00:00,940915.1991666668,940915.1991666668
2024-01-11 14:00:00+00:00,741484.9447222222,741484.9447222222
2024-01-11 15:00:00+00:00,755565.9336111111,755565.9336111111
2024-01-11 16:00:00+00:00,1249611.634722222,1249611.634722222
2024-01-11 17:00:00+00:00,591644.8688888889,591644.8688888889
2024-01-11 18:00:00+00:00,1228162.7944444444,1228162.7944444444
2024-01-11 19:00:00+00:00,1845478.1805555555,1845478.1805555555
2024-01-11 20:00:00+00:00,1288922.601388889,1366281.3638326633
2024-01-11 21:00:00+00:00,1068011.7913888888,1068011.7913888888
2024-01-11 22:00:00+00:00,1000066.0597222224,1000066.0597222224
2024-01-11 23:00:00+00:00,1230073.3202777775,1230073.3202777775
2024-01-12 00:00:00+00:00,476174.0227777778,476174.0227777778
2024-01-12 01:00:00+00:00,652418.6897222223,652418.6897222223
2024-01-12 02:00:00+00:00,744702.2652777778,744702.2652777778
2024-01-12 03:00:00+00:00,940042.8972222222,940042.8972222222
2024-01-12 04:00:00+00:00,1123533.9063888888,1123533.9063888888
2024-01-12 05:00:00+00:00,1504842.470277778,1504842.470277778
2024-01-12 06:00:00+00:00,1222695.2488888889,1195998.5640636713
2024-01-12 07:00:00+00:00,1439859.865277778,1439859.865277778
2024-01-12 08:00:00+00:00,1296523.2916666667,1296523.2916666667
2024-01-12 09:00:00+00:00,1957791.75,1957791.75
2024-01-12 10:00:00+00:00,1690846.3797222222,1690846.3797222222
2024-01-12 11:00:00+00:00,1291858.7972222222,1291858.7972222222
2024-01-12 12:00:00+00:00,1102382.8375,1102382.8375
2024-01-12 13:00:00+00:00,1041061.795,1041061.795
2024-01-12 14:00:00+00:00,998147.4738888888,998147.4738888888
2024-01-12 15:00:00+00:00,1078773.5933333333,1078773.5933333333
2024-01-12 16:00:00+00:00,1196351.4955555554,1098973.3190617983
2024-01-12 17:00:00+00:00,1714274.6133333333,1714274.6133333333
2024-01-12 18:00:00+00:00,1640165.21,1436850.2986969212
2024-01-12 19:00:00+00:00,1593096.4741666666,1477924.0835617967
2024-01-12 20:00:00+00:00,1168190.3269444443,1168190.3269444443
2024-01-12 21:00:00+00:00,1150001.5833333333,1150001.5833333333
2024-01-12 22:00:00+00:00,689933.1336111111,689933.1336111111
2024-01-12 23:00:00+00:00,936431.9586111112,936431.9586111112
2024-01-13 00:00:00+00:00,357973.9766666667,357973.9766666667
2024-01-13 01:00:00+00:00,294743.6411111111,294743.6411111111
2024-01-13 02:00:00+00:00,302047.4013888889,302047.4013888889
2024-01-13 03:00:00+00:00,280189.1219444444,280189.1219444444
2024-01-13 04:00:00+00:00,760375.8291666667,760375.8291666667
2024-01-13 05:00:00+00:00,834928.1638888889,834928.1638888889
2024-01-13 06:00:00+00:00,1018137.5911111112,1018137.5911111112
2024-01-13 07:00:00+00:00,1417144.4994444444,1417144.4994444444
2024-01-13 08:00:00+00:00,1327682.6730555557,1075383.827328069
2024-01-13 09:00:00+00:00,1212797.6466666667,1212797.6466666667
2024-01-13 10:00:00+00:00,1789797.878611111,1789797.878611111
2024-01-13 11:00:00+00:00,1584435.5936111112,1584435.5936111112
2024-01-13 12:00:00+00:00,1569130.726111111,1569130.726111111
2024-01-13 13:00:00+00:00,1259659.3841666668,1259659.3841666668
2024-01-13 14:00:00+00:00,1184554.3694444443,1184554.3694444443
2024-01-13 15:00:00+00:00,1020037.5869444445,1020037.5869444445
2024-01-13 16:00:00+00:00,1074318.8308333333,1074318.8308333333
2024-01-13 17:00:00+00:00,1035901.1902777776,1139500.061770981
2024-01-13 18:00:00+00:00,1594616.3733333333,1198259.6848017601
2024-01-13 19:00:00+00:00,1679280.2991666666,1679280.2991666666
2024-01-13 20:00:00+00:00,1510802.6525,1473862.474518089
2024-01-13 21:00:00+00:00,1129112.9913888888,1129112.9913888888
2024-01-13 22:00:00+00:00,988922.5244444445,988922.5244444445
2024-01-13 23:00:00+00:00,967142.8711111112,967142.8711111112
2024-01-14 00:00:00+00:00,588789.9672222222,588789.9672222222
2024-01-14 01:00:00+00:00,888524.5066666667,888524.5066666667
2024-01-14 02:00:00+00:00,568000.9083333333,568000.9083333333
2024-01-14 03:00:00+00:00,753824.3313888889,753824.3313888889
2024-01-14 04:00:00+00:00,882983.7038888889,882983.7038888889
2024-01-14 05:00:00+00:00,824926.9552777777,824926.9552777777
2024-01-14 06:00:00+00:00,693002.8336111112,693002.8336111112
2024-01-14 07:00:00+00:00,884672.2622222222,884672.2622222222
2024-01-14 08:00:00+00:00,947790.8075,947790.8075
2024-01-14 09:00:00+00:00,718377.5213888889,718377.5213888889
2024-01-14 10:00:00+00:00,1034476.0122222222,1034476.0122222222
2024-01-14 11:00:00+00:00,1087764.3555555556,1087764.3555555556
2024-01-14 12:00:00+00:00,1223271.7911111112,983308.1444698808
2024-01-14 13:00:00+00:00,1102891.600833333,1102891.600833333
2024-01-14 14:00:00+00:00,989184.6919444444,1062260.7899584891
2024-01-14 15:00:00+00:00,1526173.0094444444,1526173.0094444444
2024-01-14 16:00:00+00:00,1185756.9533333334,1185756.9533333334
2024-01-14 17:00:00+00:00,1540298.556111111,1540298.556111111
2024-01-14 18:00:00+00:00,1585312.8,1383188.0476623185
2024-01-14 19:00:00+00:00,1821953.1947222224,1821953.1947222224
2024-01-14 20:00:00+00:00,1092847.5711111112,1092847.5711111112
2024-01-14 21:00:00+00:00,899936.105,1407351.038447219
2024-01-14 22:00:00+00:00,629851.1302777778,1216867.4730539385
2024-01-14 23:00:00+00:00,498161.2247222223,1053327.4994607475
2024-01-15 00:00:00+00:00,581225.4536111112,581225.4536111112
2024-01-15 01:00:00+00:00,574014.9091666667,574014.9091666667
2024-01-15 02:00:00+00:00,397490.6088888889,397490.6088888889
2024-01-15 03:00:00+00:00,541442.8055555555,541442.8055555555
2024-01-15 04:00:00+00:00,922490.0572222222,922490.0572222222
2024-01-15 05:00:00+00:00,887038.8838888889,887038.8838888889
2024-01-15 06:00:00+00:00,1593457.038888889,1593457.038888889
2024-01-15 07:00:00+00:00,914099.9480555556,914099.9480555556
2024-01-15 08:00:00+00:00,796655.3455555555,796655.3455555555
2024-01-15 09:00:00+00:00,1127894.745,1127894.745
2024-01-15 10:00:00+00:00,1796435.9144444445,1018015.6325927969
2024-01-15 11:00:00+00:00,1429952.1725,1429952.1725
2024-01-15 12:00:00+00:00,1391604.5619444444,1391604.5619444444
2024-01-15 13:00:00+00:00,1294444.6527777778,1294444.6527777778
2024-01-15 14:00:00+00:00,748325.6188888889,748325.6188888889
2024-01-15 15:00:00+00:00,727191.5305555556,727191.5305555556
2024-01-15 16:00:00+00:00,1657799.3066666666,1657799.3066666666
2024-01-15 17:00:00+00:00,1160532.8383333334,1160532.8383333334
2024-01-15 18:00:00+00:00,1146214.943611111,1146214.943611111
2024-01-15 19:00:00+00:00,1127397.987222222,1127397.987222222
2024-01-15 20:00:00+00:00,679995.0958333333,679995.0958333333
2024-01-15 21:00:00+00:00,608644.7258333333,608644.7258333333
2024-01-15 22:00:00+00:00,574244.8188888889,574244.8188888889
2024-01-15 23:00:00+00:00,686621.0177777777,686621.0177777777
2024-01-16 00:00:00+00:00,514766.6822222222,514766.6822222222
2024-01-16 01:00:00+00:00,351323.39166666666,351323.39166666666
2024-01-16 02:00:00+00:00,320702.19444444444,320702.19444444444
2024-01-16 03:00:00+00:00,215708.04277777777,215708.04277777777
2024-01-16 04:00:00+00:00,685757.1402777778,685757.1402777778
2024-01-16 05:00:00+00:00,1769843.578611111,1769843.578611111
2024-01-16 06:00:00+00:00,919785.7172222222,919785.7172222222
2024-01-16 07:00:00+00:00,1106272.3797222222,1106272.3797222222
2024-01-16 08:00:00+00:00,920160.7911111112,1038642.7012614831
2024-01-16 09:00:00+00:00,1496955.441666667,1125769.392490306
2024-01-16 10:00:00+00:00,1510453.5444444444,1510453.5444444444
2024-01-16 11:00:00+00:00,1233973.4708333334,1233973.4708333334
2024-01-16 12:00:00+00:00,1724620.2152777778,1301571.4130437425
2024-01-16 13:00:00+00:00,1096144.1966666668,1096144.1966666668
2024-01-16 14:00:00+00:00,967547.7605555556,1179652.8042906066
2024-01-16 15:00:00+00:00,1255649.0094444444,1255649.0094444444
2024-01-16 16:00:00+00:00,992198.98,992198.98
2024-01-16 17:00:00+00:00,810751.085,810751.085
2024-01-16 18:00:00+00:00,1634200.0016666667,985170.483033166
2024-01-16 19:00:00+00:00,1031102.411111111,1031102.411111111
2024-01-16 20:00:00+00:00,624077.0855555555,624077.0855555555
2024-01-16 21:00:00+00:00,891934.0386111111,891934.0386111111
2024-01-16 22:00:00+00:00,1158947.8097222222,1158947.8097222222
2024-01-16 23:00:00+00:00,720662.5994444444,720662.5994444444
2024-01-17 00:00:00+00:00,466607.96555555554,466607.96555555554
2024-01-17 01:00:00+00:00,507040.9113888889,507040.9113888889
2024-01-17 02:00:00+00:00,456335.8227777778,456335.8227777778
2024-01-17 03:00:00+00:00,491307.0316666667,491307.0316666667
2024-01-17 04:00:00+00:00,975640.4252777778,975640.4252777778
2024-01-17 05:00:00+00:00,1238767.7161111112,1238767.7161111112
2024-01-17 06:00:00+00:00,1609831.3677777778,1609831.3677777778
2024-01-17 07:00:00+00:00,1532894.076111111,1532894.076111111
2024-01-17 08:00:00+00:00,1386540.628611111,1386540.628611111
2024-01-17 09:00:00+00:00,1645436.235833333,1645436.235833333
2024-01-17 10:00:00+00:00,1506127.365277778,1506127.365277778
2024-01-17 11:00:00+00:00,1278205.2558333334,1278205.2558333334
2024-01-17 12:00:00+00:00,1185908.8325,1185908.8325
2024-01-17 13:00:00+00:00,1076916.951666667,1076916.951666667
2024-01-17 14:00:00+00:00,695610.6519444444,695610.6519444444
2024-01-17 15:00:00+00:00,810432.8411111111,810432.8411111111
2024-01-17 16:00:00+00:00,975386.5347222222,975386.5347222222
2024-01-17 17:00:00+00:00,993366.0466666666,993366.0466666666
2024-01-17 18:00:00+00:00,1461059.3483333334,1461059.3483333334
2024-01-17 19:00:00+00:00,1366958.201388889,1177127.9344167523
2024-01-17 20:00:00+00:00,1363007.4944444443,1363007.4944444443
2024-01-17 21:00:00+00:00,902146.8766666668,902146.8766666668
2024-01-17 22:00:00+00:00,1274892.1355555556,1274892.1355555556
2024-01-17 23:00:00+00:00,648271.5916666667,648271.5916666667
2024-01-18 00:00:00+00:00,374049.03944444447,960414.3121499044
2024-01-18 01:00:00+00:00,601725.8713888889,601725.8713888889
2024-01-18 02:00:00+00:00,252988.5133333333,252988.5133333333
2024-01-18 03:00:00+00:00,565577.2836111111,521053.8163651156
2024-01-18 04:00:00+00:00,751464.4366666666,751464.4366666666
2024-01-18 05:00:00+00:00,1363819.2188888888,1363819.2188888888
2024-01-18 06:00:00+00:00,1180950.59,1180950.59
2024-01-18 07:00:00+00:00,1042966.0719444444,1042966.0719444444
2024-01-18 08:00:00+00:00,1160500.8763888888,1160500.8763888888
2024-01-18 09:00:00+00:00,979792.5402777778,979792.5402777778
2024-01-18 10:00:00+00:00,1359685.756388889,1359685.756388889
2024-01-18 11:00:00+00:00,1255473.3013888889,1255473.3013888889
2024-01-18 12:00:00+00:00,890366.9572222222,890366.9572222222
2024-01-18 13:00:00+00:00,1265384.7647222222,1265384.7647222222
2024-01-18 14:00:00+00:00,1124485.756388889,1124485.756388889
2024-01-18 15:00:00+00:00,1228218.6030555556,1228218.6030555556
2024-01-18 16:00:00+00:00,1192949.6563888888,1192949.6563888888
2024-01-18 17:00:00+00:00,1721150.8275,1721150.8275
2024-01-18 18:00:00+00:00,1224124.9205555555,1224124.9205555555
2024-01-18 19:00:00+00:00,1492775.1308333334,1492775.1308333334
2024-01-18 20:00:00+00:00,1367435.409166667,1367435.409166667
2024-01-18 21:00:00+00:00,953679.3080555556,953679.3080555556
2024-01-18 22:00:00+00:00,532378.4516666667,532378.4516666667
2024-01-18 23:00:00+00:00,773689.1444444444,912834.2147819804
2024-01-19 00:00:00+00:00,468771.22277777776,468771.22277777776
2024-01-19 01:00:00+00:00,574456.6152777778,574456.6152777778
2024-01-19 02:00:00+00:00,308895.4452777778,308895.4452777778
2024-01-19 03:00:00+00:00,445433.94916666666,445433.94916666666
2024-01-19 04:00:00+00:00,930837.835,930837.835
2024-01-19 05:00:00+00:00,1472280.296111111,1472280.296111111
2024-01-19 06:00:00+00:00,1521240.0905555557,1521240.0905555557
2024-01-19 07:00:00+00:00,1516791.159166667,1516791.159166667
2024-01-19 08:00:00+00:00,1434434.7608333332,1434434.7608333332
2024-01-19 09:00:00+00:00,1201007.9022222222,1201007.9022222222
2024-01-19 10:00:00+00:00,741984.6966666667,741984.6966666667
2024-01-19 11:00:00+00:00,937634.1466666666,937634.1466666666
2024-01-19 12:00:00+00:00,789328.4083333333,789328.4083333333
2024-01-19 13:00:00+00:00,511386.20944444445,511386.20944444445
2024-01-19 14:00:00+00:00,670733.9530555556,670733.9530555556
2024-01-19 15:00:00+00:00,481584.96472222224,710818.4028191213
2024-01-19 16:00:00+00:00,503516.6869444444,503516.6869444444
2024-01-19 17:00:00+00:00,534652.5577777778,534652.5577777778
2024-01-19 18:00:00+00:00,656909.7838888889,656909.7838888889
2024-01-19 19:00:00+00:00,751349.4991666666,751349.4991666666
2024-01-19 20:00:00+00:00,650876.0688888889,650876.0688888889
2024-01-19 21:00:00+00:00,614933.6919444444,614933.6919444444
2024-01-19 22:00:00+00:00,667194.7997222223,667194.7997222223
2024-01-19 23:00:00+00:00,359871.33944444446,359871.33944444446
2024-01-20 00:00:00+00:00,222424.8711111111,222424.8711111111
2024-01-20 01:00:00+00:00,398996.79027777776,398996.79027777776
2024-01-20 02:00:00+00:00,232397.0183333333,232397.0183333333
2024-01-20 03:00:00+00:00,172267.9825,172267.9825
2024-01-20 04:00:00+00:00,150488.08,259888.39501816398
2024-01-20 05:00:00+00:00,453034.8069444444,453034.8069444444
2024-01-20 06:00:00+00:00,895975.7902777778,895975.7902777778
2024-01-20 07:00:00+00:00,477805.41444444447,477805.41444444447
2024-01-20 08:00:00+00:00,394989.06888888887,394989.06888888887
2024-01-20 09:00:00+00:00,608098.3811111111,608098.3811111111
2024-01-20 10:00:00+00:00,616915.1647222223,616915.1647222223
2024-01-20 11:00:00+00:00,677073.5061111111,677073.5061111111
2024-01-20 12:00:00+00:00,609209.0258333334,609209.0258333334
2024-01-20 13:00:00+00:00,709417.0591666667,709417.0591666667
2024-01-20 14:00:00+00:00,547744.5230555555,547744.5230555555
2024-01-20 15:00:00+00:00,611179.1036111111,611179.1036111111
2024-01-20 16:00:00+00:00,684570.1975,684570.1975
2024-01-20 17:00:00+00:00,654363.4408333333,654363.4408333333
2024-01-20 18:00:00+00:00,706495.5961111111,706495.5961111111
2024-01-20 19:00:00+00:00,819716.7986111111,819716.7986111111
2024-01-20 20:00:00+00:00,887719.4161111111,887719.4161111111
2024-01-20 21:00:00+00:00,728202.0455555556,801349.0463836762
2024-01-20 22:00:00+00:00,410400.3122222222,410400.3122222222
2024-01-20 23:00:00+00:00,263203.8797222222,263203.8797222222
2024-01-21 00:00:00+00:00,368713.8697222222,368713.8697222222
2024-01-21 01:00:00+00:00,47615.93444444444,47615.93444444444
2024-01-21 02:00:00+00:00,193949.3080555556,193949.3080555556
2024-01-21 03:00:00+00:00,297474.39,297474.39
2024-01-21 04:00:00+00:00,510273.7622222222,510273.7622222222
2024-01-21 05:00:00+00:00,434406.6538888889,367288.5151347688
2024-01-21 06:00:00+00:00,677275.56,677275.56
2024-01-21 07:00:00+00:00,652780.536111111,652780.536111111
2024-01-21 08:00:00+00:00,419845.77194444445,419845.77194444445
2024-01-21 09:00:00+00:00,686195.0136111111,686195.0136111111
2024-01-21 10:00:00+00:00,639587.035,592239.4563690934
2024-01-21 11:00:00+00:00,559846.7880555555,559846.7880555555
2024-01-21 12:00:00+00:00,518308.7102777778,518308.7102777778
2024-01-21 13:00:00+00:00,601302.5288888889,601302.5288888889
2024-01-21 14:00:00+00:00,279916.8522222222,279916.8522222222
2024-01-21 15:00:00+00:00,552929.3063888889,552929.3063888889
2024-01-21 16:00:00+00:00,541531.5355555556,541531.5355555556
2024-01-21 17:00:00+00:00,532746.3011111111,532746.3011111111
2024-01-21 18:00:00+00:00,531392.5408333334,522159.3064649901
2024-01-21 19:00:00+00:00,731298.4038888889,731298.4038888889
2024-01-21 20:00:00+00:00,737063.2375,737063.2375
2024-01-21 21:00:00+00:00,660511.4933333333,660511.4933333333
2024-01-21 22:00:00+00:00,232373.8380555556,232373.8380555556
2024-01-21 23:00:00+00:00,375107.3861111111,375107.3861111111
2024-01-22 00:00:00+00:00,61602.48861111111,61602.48861111111
2024-01-22 01:00:00+00:00,165991.78916666663,165991.78916666663
2024-01-22 02:00:00+00:00,96183.55027777776,96183.55027777776
2024-01-22 03:00:00+00:00,240308.47777777776,240308.47777777776
2024-01-22 04:00:00+00:00,485289.4025,485289.4025
2024-01-22 05:00:00+00:00,695407.7755555556,695407.7755555556
2024-01-22 06:00:00+00:00,693263.5019444445,693263.5019444445
2024-01-22 07:00:00+00:00,787828.4422222222,787828.4422222222
2024-01-22 08:00:00+00:00,997123.0427777778,997123.0427777778
2024-01-22 09:00:00+00:00,897527.2980555556,897527.2980555556
2024-01-22 10:00:00+00:00,1327394.2255555557,1327394.2255555557
2024-01-22 11:00:00+00:00,1311230.855277778,1311230.855277778
2024-01-22 12:00:00+00:00,1230983.45,1230983.45
2024-01-22 13:00:00+00:00,837708.0088888889,837708.0088888889
2024-01-22 14:00:00+00:00,950115.0558333332,1040134.9994923581
2024-01-22 15:00:00+00:00,2804288.486666667,2804288.486666667
2024-01-22 16:00:00+00:00,1256039.264166667,1256039.264166667
2024-01-22 17:00:00+00:00,1122546.6425,1122546.6425
2024-01-22 18:00:00+00:00,1866005.9388888888,1866005.9388888888
2024-01-22 19:00:00+00:00,1809044.2213888888,1621675.284311877
2024-01-22 20:00:00+00:00,1364349.236388889,1364349.236388889
2024-01-22 21:00:00+00:00,1078324.2791666666,1078324.2791666666
2024-01-22 22:00:00+00:00,604994.6244444444,604994.6244444444
2024-01-22 23:00:00+00:00,594535.2413888889,594535.2413888889
2024-01-23 00:00:00+00:00,584963.5555555555,584963.5555555555
2024-01-23 01:00:00+00:00,339091.7811111111,339091.7811111111
2024-01-23 02:00:00+00:00,619220.5363888888,619220.5363888888
2024-01-23 03:00:00+00:00,1155369.0736111111,1155369.0736111111
2024-01-23 04:00:00+00:00,747571.6538888889,747571.6538888889
2024-01-23 05:00:00+00:00,1589691.171111111,1589691.171111111
2024-01-23 06:00:00+00:00,1654232.8855555556,1654232.8855555556
2024-01-23 07:00:00+00:00,1407494.8213888889,1407494.8213888889
2024-01-23 08:00:00+00:00,2002823.4352777775,2002823.4352777775
2024-01-23 09:00:00+00:00,1951444.1708333332,1951444.1708333332
2024-01-23 10:00:00+00:00,1494451.3427777777,1494451.3427777777
2024-01-23 11:00:00+00:00,891318.0638888889,891318.0638888889
2024-01-23 12:00:00+00:00,1316131.4641666666,1316131.4641666666
2024-01-23 13:00:00+00:00,1048781.3769444444,1322312.0692235625
2024-01-23 14:00:00+00:00,900850.8986111112,900850.8986111112
2024-01-23 15:00:00+00:00,1574482.424722222,1574482.424722222
2024-01-23 16:00:00+00:00,1508442.4919444444,1297701.0328969522
2024-01-23 17:00:00+00:00,2003804.289722222,2003804.289722222
2024-01-23 18:00:00+00:00,1915944.471111111,1915944.471111111
2024-01-23 19:00:00+00:00,1686755.0122222223,1686755.0122222223
2024-01-23 20:00:00+00:00,1505604.1816666666,1505604.1816666666
2024-01-23 21:00:00+00:00,1039148.5291666668,1039148.5291666668
2024-01-23 22:00:00+00:00,1244089.7855555555,1244089.7855555555
2024-01-23 23:00:00+00:00,804597.4908333333,1324589.696408992
2024-01-24 00:00:00+00:00,432213.18666666665,1141458.6346901315
2024-01-24 01:00:00+00:00,209592.36138888888,209592.36138888888
2024-01-24 02:00:00+00:00,484794.6194444444,484794.6194444444
2024-01-24 03:00:00+00:00,1002172.1088888888,548294.0081607215
2024-01-24 04:00:00+00:00,799035.8377777778,799035.8377777778
2024-01-24 05:00:00+00:00,1131539.9019444445,1131539.9019444445
2024-01-24 06:00:00+00:00,1198912.71,1198912.71
2024-01-24 07:00:00+00:00,1878342.1863888889,1878342.1863888889
2024-01-24 08:00:00+00:00,1397448.6,1397448.6
2024-01-24 09:00:00+00:00,1144986.1166666667,1144986.1166666667
2024-01-24 10:00:00+00:00,1999017.7675,1999017.7675
2024-01-24 11:00:00+00:00,1460273.3116666668,1460273.3116666668
2024-01-24 12:00:00+00:00,1480897.9494444444,1480897.9494444444
2024-01-24 13:00:00+00:00,1391083.8566666667,1512017.4007503171
2024-01-24 14:00:00+00:00,1263943.0672222222,1263943.0672222222
2024-01-24 15:00:00+00:00,2312446.597222222,1370980.4483326983
2024-01-24 16:00:00+00:00,1760480.2391666668,1760480.2391666668
2024-01-24 17:00:00+00:00,1585790.4897222223,1573310.2265222832
2024-01-24 18:00:00+00:00,2151539.8316666665,2151539.8316666665
2024-01-24 19:00:00+00:00,1662904.5205555556,1662904.5205555556
2024-01-24 20:00:00+00:00,1027317.5713888888,1027317.5713888888
2024-01-24 21:00:00+00:00,661655.2205555555,661655.2205555555
2024-01-24 22:00:00+00:00,898393.5022222223,898393.5022222223
2024-01-24 23:00:00+00:00,491203.0838888889,491203.0838888889
2024-01-25 00:00:00+00:00,565999.835,565999.835
2024-01-25 01:00:00+00:00,657831.4022222222,657831.4022222222
2024-01-25 02:00:00+00:00,431962.49916666665,431962.49916666665
2024-01-25 03:00:00+00:00,451111.7025,451111.7025
2024-01-25 04:00:00+00:00,886608.0677777778,886608.0677777778
2024-01-25 05:00:00+00:00,1169864.7686111112,678220.2057224103
2024-01-25 06:00:00+00:00,1529640.7488888889,1529640.7488888889
2024-01-25 07:00:00+00:00,1153096.8661111111,1153096.8661111111
2024-01-25 08:00:00+00:00,915529.5702777776,915529.5702777776
2024-01-25 09:00:00+00:00,924771.4888888889,924771.4888888889
2024-01-25 10:00:00+00:00,1277344.9688888888,1277344.9688888888
2024-01-25 11:00:00+00:00,1060534.5244444443,1060534.5244444443
2024-01-25 12:00:00+00:00,826210.1686111111,826210.1686111111
2024-01-25 13:00:00+00:00,550888.5163888889,978835.2840961805
2024-01-25 14:00:00+00:00,655666.2502777778,655666.2502777778
2024-01-25 15:00:00+00:00,899606.9580555556,899606.9580555556
2024-01-25 16:00:00+00:00,1178521.336111111,1178521.336111111
2024-01-25 17:00:00+00:00,1280562.3305555556,1280562.3305555556
2024-01-25 18:00:00+00:00,1652217.211111111,1652217.211111111
2024-01-25 19:00:00+00:00,1379701.16,1379701.16
2024-01-25 20:00:00+00:00,1739875.523888889,1739875.523888889
2024-01-25 21:00:00+00:00,910999.2791666668,910999.2791666668
2024-01-25 22:00:00+00:00,686858.4141666667,686858.4141666667
2024-01-25 23:00:00+00:00,634461.1391666667,634461.1391666667
2024-01-26 00:00:00+00:00,478030.0783333333,478030.0783333333
2024-01-26 01:00:00+00:00,262368.38333333336,262368.38333333336
2024-01-26 02:00:00+00:00,303285.07666666666,303285.07666666666
2024-01-26 03:00:00+00:00,404614.25333333336,404614.25333333336
2024-01-26 04:00:00+00:00,968005.0636111113,968005.0636111113
2024-01-26 05:00:00+00:00,1230375.8247222223,1230375.8247222223
2024-01-26 06:00:00+00:00,1538672.0530555556,1538672.0530555556
2024-01-26 07:00:00+00:00,1121677.7619444444,1121677.7619444444
2024-01-26 08:00:00+00:00,1207716.77,1207716.77
2024-01-26 09:00:00+00:00,1220418.5811111112,1220418.5811111112
2024-01-26 10:00:00+00:00,1358171.4294444444,1358171.4294444444
2024-01-26 11:00:00+00:00,1408685.5838888888,1408685.5838888888
2024-01-26 12:00:00+00:00,915888.0286111112,915888.0286111112
2024-01-26 13:00:00+00:00,925322.9280555556,925322.9280555556
2024-01-26 14:00:00+00:00,1166956.1825,1166956.1825
2024-01-26 15:00:00+00:00,1380209.486111111,1102227.2343827586
2024-01-26 16:00:00+00:00,1165683.887777778,1165683.887777778
2024-01-26 17:00:00+00:00,1642490.58,1642490.58
2024-01-26 18:00:00+00:00,1900264.2083333333,1900264.2083333333
2024-01-26 19:00:00+00:00,1461349.8716666666,1461349.8716666666
2024-01-26 20:00:00+00:00,1721024.970277778,1721024.970277778
2024-01-26 21:00:00+00:00,1207493.5525,1207493.5525
2024-01-26 22:00:00+00:00,731627.0205555556,731627.0205555556
2024-01-26 23:00:00+00:00,649988.2525,649988.2525
2024-01-27 00:00:00+00:00,410232.06138888886,410232.06138888886
2024-01-27 01:00:00+00:00,480982.9147222222,480982.9147222222
2024-01-27 02:00:00+00:00,287875.8858333333,287875.8858333333
2024-01-27 03:00:00+00:00,467013.0988888889,467013.0988888889
2024-01-27 04:00:00+00:00,818721.8333333334,818721.8333333334
2024-01-27 05:00:00+00:00,1231793.1766666668,1231793.1766666668
2024-01-27 06:00:00+00:00,1019074.2680555556,1019074.2680555556
2024-01-27 07:00:00+00:00,1261407.776111111,1261407.776111111
2024-01-27 08:00:00+00:00,1450818.2572222222,1450818.2572222222
2024-01-27 09:00:00+00:00,1612999.7380555556,1612999.7380555556
2024-01-27 10:00:00+00:00,1428176.9347222222,1428176.9347222222
2024-01-27 11:00:00+00:00,1658004.3830555556,1658004.3830555556
2024-01-27 12:00:00+00:00,1271770.151111111,1271770.151111111
2024-01-27 13:00:00+00:00,1823477.556111111,1823477.556111111
2024-01-27 14:00:00+00:00,1547084.4627777778,1547084.4627777778
2024-01-27 15:00:00+00:00,1519875.37,1519875.37
2024-01-27 16:00:00+00:00,2361478.5022222223,2361478.5022222223
2024-01-27 17:00:00+00:00,3340579.9966666666,3340579.9966666666
2024-01-27 18:00:00+00:00,2429580.7533333334,2429580.7533333334
2024-01-27 19:00:00+00:00,2291407.6744444445,2291407.6744444445
2024-01-27 20:00:00+00:00,2608190.940555556,2608190.940555556
2024-01-27 21:00:00+00:00,1430372.6127777777,1430372.6127777777
2024-01-27 22:00:00+00:00,1848564.805,1848564.805
2024-01-27 23:00:00+00:00,1275375.8316666668,1275375.8316666668
2024-01-28 00:00:00+00:00,1234669.2622222223,1234669.2622222223
2024-01-28 01:00:00+00:00,597637.115,597637.115
2024-01-28 02:00:00+00:00,489450.9641666667,489450.9641666667
2024-01-28 03:00:00+00:00,490723.8672222222,490723.8672222222
2024-01-28 04:00:00+00:00,601001.8838888889,687605.0985417867
2024-01-28 05:00:00+00:00,1452405.6102777778,1452405.6102777778
2024-01-28 06:00:00+00:00,1696395.7908333333,1696395.7908333333
2024-01-28 07:00:00+00:00,1819770.336111111,1819770.336111111
2024-01-28 08:00:00+00:00,2297685.833888889,2297685.833888889
2024-01-28 09:00:00+00:00,2428030.186111111,2428030.186111111
2024-01-28 10:00:00+00:00,1476682.1922222222,1476682.1922222222
2024-01-28 11:00:00+00:00,1040691.0877777778,1040691.0877777778
2024-01-28 12:00:00+00:00,934570.2641666668,934570.2641666668
2024-01-28 13:00:00+00:00,1478437.549722222,1478437.549722222
2024-01-28 14:00:00+00:00,1000948.6838888888,1000948.6838888888
2024-01-28 15:00:00+00:00,1151723.6261111111,1151723.6261111111
2024-01-28 16:00:00+00:00,1031150.7308333332,1031150.7308333332
2024-01-28 17:00:00+00:00,915986.2469444444,915986.2469444444
2024-01-28 18:00:00+00:00,1230773.1508333334,1230773.1508333334
2024-01-28 19:00:00+00:00,1975516.0777777776,1975516.0777777776
2024-01-28 20:00:00+00:00,1749392.4566666668,1749392.4566666668
2024-01-28 21:00:00+00:00,1540950.072222222,1540950.072222222
2024-01-28 22:00:00+00:00,1446385.5077777775,1446385.5077777775
2024-01-28 23:00:00+00:00,681135.6891666667,681135.6891666667
2024-01-29 00:00:00+00:00,516520.49888888886,516520.49888888886
2024-01-29 01:00:00+00:00,288168.92583333334,288168.92583333334
2024-01-29 02:00:00+00:00,226665.7436111111,226665.7436111111
2024-01-29 03:00:00+00:00,425659.9375,425659.9375
2024-01-29 04:00:00+00:00,744596.2377777778,744596.2377777778
2024-01-29 05:00:00+00:00,825079.0697222222,825079.0697222222
2024-01-29 06:00:00+00:00,920478.9863888888,920478.9863888888
2024-01-29 07:00:00+00:00,1182119.7677777775,1182119.7677777775
2024-01-29 08:00:00+00:00,1500693.3122222223,1500693.3122222223
2024-01-29 09:00:00+00:00,1647386.5105555556,1647386.5105555556
2024-01-29 10:00:00+00:00,1837112.266111111,1387072.0735315538
2024-01-29 11:00:00+00:00,1575042.4922222225,1575042.4922222225
2024-01-29 12:00:00+00:00,1060559.9366666668,1060559.9366666668
2024-01-29 13:00:00+00:00,1071447.7483333333,1071447.7483333333
2024-01-29 14:00:00+00:00,1189486.365,1189486.365
2024-01-29 15:00:00+00:00,1057805.716388889,1057805.716388889
2024-01-29 16:00:00+00:00,1354409.1952777775,1354409.1952777775
2024-01-29 17:00:00+00:00,1135016.2486111112,1135016.2486111112
2024-01-29 18:00:00+00:00,1407840.9622222222,1407840.9622222222
2024-01-29 19:00:00+00:00,2093437.1788888888,2093437.1788888888
2024-01-29 20:00:00+00:00,2189646.6675,2189646.6675
2024-01-29 21:00:00+00:00,1194419.1222222222,1194419.1222222222
2024-01-29 22:00:00+00:00,984141.8852777778,984141.8852777778
2024-01-29 23:00:00+00:00,828215.9105555556,828215.9105555556
2024-01-30 00:00:00+00:00,485558.82972222223,485558.82972222223
2024-01-30 01:00:00+00:00,270615.07194444444,270615.07194444444
2024-01-30 02:00:00+00:00,337457.9322222222,337457.9322222222
2024-01-30 03:00:00+00:00,411247.1144444444,411247.1144444444
2024-01-30 04:00:00+00:00,978723.9347222224,978723.9347222224
2024-01-30 05:00:00+00:00,1167725.6172222225,1167725.6172222225
2024-01-30 06:00:00+00:00,1287865.7611111111,1287865.7611111111
2024-01-30 07:00:00+00:00,1454357.6183333334,1061082.4925393278
2024-01-30 08:00:00+00:00,1679667.5422222223,1679667.5422222223
2024-01-30 09:00:00+00:00,1440600.183611111,1440600.183611111
2024-01-30 10:00:00+00:00,1628064.6852777775,1628064.6852777775
2024-01-30 11:00:00+00:00,1210308.759722222,1210308.759722222
2024-01-30 12:00:00+00:00,1001483.5027777776,1001483.5027777776
2024-01-30 13:00:00+00:00,981106.9716666668,981106.9716666668
2024-01-30 14:00:00+00:00,830532.9563888889,830532.9563888889
2024-01-30 15:00:00+00:00,2798518.844722222,2798518.844722222
2024-01-30 16:00:00+00:00,1083021.6433333333,1083021.6433333333
2024-01-30 17:00:00+00:00,1601797.7558333334,1601797.7558333334
2024-01-30 18:00:00+00:00,1128701.6905555555,1128701.6905555555
2024-01-30 19:00:00+00:00,1600568.2669444445,1356888.111495198
2024-01-30 20:00:00+00:00,1463216.1952777775,1463216.1952777775
2024-01-30 21:00:00+00:00,1124747.6083333334,1124747.6083333334
2024-01-30 22:00:00+00:00,1015390.4802777778,1015390.4802777778
2024-01-30 23:00:00+00:00,927558.5594444444,927558.5594444444
2024-01-31 00:00:00+00:00,290624.75666666665,290624.75666666665
2024-01-31 01:00:00+00:00,431925.7888888889,431925.7888888889
2024-01-31 02:00:00+00:00,339450.775,339450.775
2024-01-31 03:00:00+00:00,395022.46472222224,395022.46472222224
2024-01-31 04:00:00+00:00,1116411.505,1116411.505
2024-01-31 05:00:00+00:00,1098282.725833333,735983.1187334287
2024-01-31 06:00:00+00:00,1564433.7947222225,1564433.7947222225
2024-01-31 07:00:00+00:00,1090385.8277777778,1090385.8277777778
2024-01-31 08:00:00+00:00,1181067.6988888888,1181067.6988888888
2024-01-31 09:00:00+00:00,1045888.9819444444,1045888.9819444444
2024-01-31 10:00:00+00:00,1399127.3808333334,1399127.3808333334
2024-01-31 11:00:00+00:00,1506014.59,1506014.59
2024-01-31 12:00:00+00:00,1167763.5772222222,1167763.5772222222
2024-01-31 13:00:00+00:00,997110.8136111113,997110.8136111113
2024-01-31 14:00:00+00:00,687702.6191666666,1155014.9666655199
2024-01-31 15:00:00+00:00,1325403.6761111112,1325403.6761111112
2024-01-31 16:00:00+00:00,1089584.413611111,1089584.413611111
2024-01-31 17:00:00+00:00,1834446.9425,1834446.9425
2024-01-31 18:00:00+00:00,1391875.4319444443,1455793.942817644
2024-01-31 19:00:00+00:00,1577662.47,1577662.47
2024-01-31 20:00:00+00:00,1287386.973888889,1287386.973888889
2024-01-31 21:00:00+00:00,547778.4305555555,547778.4305555555
2024-01-31 22:00:00+00:00,687883.1822222222,687883.1822222222
2024-01-31 23:00:00+00:00,589058.6261111111,589058.6261111111
2024-02-01 00:00:00+00:00,302010.72027777776,302010.72027777776
2024-02-01 01:00:00+00:00,302656.37444444443,302656.37444444443
2024-02-01 02:00:00+00:00,213708.5508333333,213708.5508333333
2024-02-01 03:00:00+00:00,418392.9013888889,418392.9013888889
2024-02-01 04:00:00+00:00,789482.16,789482.16
2024-02-01 05:00:00+00:00,1014596.7819444444,555943.5702559091
2024-02-01 06:00:00+00:00,913757.7725,913757.7725
2024-02-01 07:00:00+00:00,835500.6211111111,835500.6211111111
2024-02-01 08:00:00+00:00,1136478.2658333334,1136478.2658333334
2024-02-01 09:00:00+00:00,1117506.8177777778,1117506.8177777778
2024-02-01 10:00:00+00:00,1186887.2911111112,1186887.2911111112
2024-02-01 11:00:00+00:00,1804267.1072222225,1804267.1072222225
2024-02-01 12:00:00+00:00,1481498.6133333333,1481498.6133333333
2024-02-01 13:00:00+00:00,1273439.515,1273439.515
2024-02-01 14:00:00+00:00,1541833.3677777778,1365130.4466843605
2024-02-01 15:00:00+00:00,1352578.2325,1352578.2325
2024-02-01 16:00:00+00:00,1479150.3997222222,1479150.3997222222
2024-02-01 17:00:00+00:00,1588154.8561111111,1588154.8561111111
2024-02-01 18:00:00+00:00,1850670.2244444443,1850670.2244444443
2024-02-01 19:00:00+00:00,1495482.2494444444,1495482.2494444444
2024-02-01 20:00:00+00:00,1602200.450277778,1602200.450277778
2024-02-01 21:00:00+00:00,1100085.7805555556,1100085.7805555556
2024-02-01 22:00:00+00:00,1194730.4505555555,1194730.4505555555
2024-02-01 23:00:00+00:00,550591.2041666667,550591.2041666667
2024-02-02 00:00:00+00:00,717798.6458333334,717798.6458333334
2024-02-02 01:00:00+00:00,242250.81833333333,242250.81833333333
2024-02-02 02:00:00+00:00,347141.6430555555,347141.6430555555
2024-02-02 03:00:00+00:00,631942.1719444444,631942.1719444444
2024-02-02 04:00:00+00:00,681123.4597222222,681123.4597222222
2024-02-02 05:00:00+00:00,1625455.6641666666,1625455.6641666666
2024-02-02 06:00:00+00:00,1678491.0541666667,1678491.0541666667
2024-02-02 07:00:00+00:00,1054250.6558333333,1054250.6558333333
2024-02-02 08:00:00+00:00,925945.9413888888,1204449.895212444
2024-02-02 09:00:00+00:00,1264712.5033333334,1264712.5033333334
2024-02-02 10:00:00+00:00,1498518.4308333334,1498518.4308333334
2024-02-02 11:00:00+00:00,934583.2458333332,934583.2458333332
2024-02-02 12:00:00+00:00,1020560.4008333334,1020560.4008333334
2024-02-02 13:00:00+00:00,1435057.556111111,1435057.556111111
2024-02-02 14:00:00+00:00,1104278.5927777777,1104278.5927777777
2024-02-02 15:00:00+00:00,800990.1988888889,800990.1988888889
2024-02-02 16:00:00+00:00,906331.2761111112,906331.2761111112
2024-02-02 17:00:00+00:00,1002909.1205555556,1002909.1205555556
2024-02-02 18:00:00+00:00,1201314.9580555556,1201314.9580555556
2024-02-02 19:00:00+00:00,1026628.605,1077937.706268152
2024-02-02 20:00:00+00:00,1081565.4866666666,1081565.4866666666
2024-02-02 21:00:00+00:00,1143706.4194444444,1143706.4194444444
2024-02-02 22:00:00+00:00,1798152.4880555556,1798152.4880555556
2024-02-02 23:00:00+00:00,812023.8902777778,812023.8902777778
2024-02-03 00:00:00+00:00,551909.0772222222,551909.0772222222
2024-02-03 01:00:00+00:00,350653.90055555553,350653.90055555553
2024-02-03 02:00:00+00:00,275565.4244444444,275565.4244444444
2024-02-03 03:00:00+00:00,282305.02,494457.45151674177
2024-02-03 04:00:00+00:00,385802.98027777777,385802.98027777777
2024-02-03 05:00:00+00:00,469354.98027777777,469354.98027777777
2024-02-03 06:00:00+00:00,1672251.7994444445,434144.5649752677
2024-02-03 07:00:00+00:00,776162.6558333334,511577.6688113348
2024-02-03 08:00:00+00:00,903252.1977777778,903252.1977777778
2024-02-03 09:00:00+00:00,822305.4658333333,822305.4658333333
2024-02-03 10:00:00+00:00,1778625.014166667,1778625.014166667
2024-02-03 11:00:00+00:00,1122915.003888889,1122915.003888889
2024-02-03 12:00:00+00:00,1094322.8455555555,1094322.8455555555
2024-02-03 13:00:00+00:00,1042023.1622222222,1042023.1622222222
2024-02-03 14:00:00+00:00,1104139.903888889,1104139.903888889
2024-02-03 15:00:00+00:00,1364202.6127777777,1099913.2998441602
2024-02-03 16:00:00+00:00,1460920.6005555557,1460920.6005555557
2024-02-03 17:00:00+00:00,1285584.6886111111,1285584.6886111111
2024-02-03 18:00:00+00:00,1248084.203611111,1248084.203611111
2024-02-03 19:00:00+00:00,1270618.0119444444,1270618.0119444444
2024-02-03 20:00:00+00:00,1363155.6719444443,1363155.6719444443
2024-02-03 21:00:00+00:00,1221371.0558333334,1221371.0558333334
2024-02-03 22:00:00+00:00,1361920.3072222222,1361920.3072222222
2024-02-03 23:00:00+00:00,1184116.740277778,1184116.740277778
2024-02-04 00:00:00+00:00,760802.3872222222,760802.3872222222
2024-02-04 01:00:00+00:00,989109.4502777776,989109.4502777776
2024-02-04 02:00:00+00:00,449341.0152777778,449341.0152777778
2024-02-04 03:00:00+00:00,410321.2938888889,410321.2938888889
2024-02-04 04:00:00+00:00,356820.0522222222,356820.0522222222
2024-02-04 05:00:00+00:00,554864.0952777778,554864.0952777778
2024-02-04 06:00:00+00:00,619564.4447222222,619564.4447222222
2024-02-04 07:00:00+00:00,780067.3561111111,780067.3561111111
2024-02-04 08:00:00+00:00,710652.2083333334,658534.4726327609
2024-02-04 09:00:00+00:00,581415.6252777778,581415.6252777778
2024-02-04 10:00:00+00:00,995925.6105555556,995925.6105555556
2024-02-04 11:00:00+00:00,1086641.5638888888,1086641.5638888888
2024-02-04 12:00:00+00:00,1468740.22,1468740.22
2024-02-04 13:00:00+00:00,1072984.5508333333,1072984.5508333333
2024-02-04 14:00:00+00:00,1043354.9161111112,1043354.9161111112
2024-02-04 15:00:00+00:00,778472.4788888888,778472.4788888888
2024-02-04 16:00:00+00:00,1375627.0047222222,953932.9542920188
2024-02-04 17:00:00+00:00,1271791.4469444444,1271791.4469444444
2024-02-04 18:00:00+00:00,1479996.8047222225,1479996.8047222225
2024-02-04 19:00:00+00:00,1359885.4166666667,1359885.4166666667
2024-02-04 20:00:00+00:00,1224848.1766666668,1224848.1766666668
2024-02-04 21:00:00+00:00,796876.6302777778,796876.6302777778
2024-02-04 22:00:00+00:00,730610.0830555556,730610.0830555556
2024-02-04 23:00:00+00:00,872206.8375,872206.8375
2024-02-05 00:00:00+00:00,373433.2875,373433.2875
2024-02-05 01:00:00+00:00,313051.06138888886,313051.06138888886
2024-02-05 02:00:00+00:00,342093.8180555556,342093.8180555556
2024-02-05 03:00:00+00:00,406567.7463888889,406567.7463888889
2024-02-05 04:00:00+00:00,1102242.6461111112,1102242.6461111112
2024-02-05 05:00:00+00:00,1217680.8577777778,1217680.8577777778
2024-02-05 06:00:00+00:00,1536056.1944444445,1536056.1944444445
2024-02-05 07:00:00+00:00,1970038.49,1970038.49
2024-02-05 08:00:00+00:00,1536016.5358333334,1536016.5358333334
2024-02-05 09:00:00+00:00,1414663.993611111,1414663.993611111
2024-02-05 10:00:00+00:00,1223404.2269444445,1223404.2269444445
2024-02-05 11:00:00+00:00,1212615.6422222222,1212615.6422222222
2024-02-05 12:00:00+00:00,987614.8047222224,987614.8047222224
2024-02-05 13:00:00+00:00,977219.3436111112,977219.3436111112
2024-02-05 14:00:00+00:00,1063170.1072222225,1085171.3210371658
2024-02-05 15:00:00+00:00,904113.7536111112,904113.7536111112
2024-02-05 16:00:00+00:00,1240186.2469444445,1240186.2469444445
2024-02-05 17:00:00+00:00,1228750.9877777777,1087348.261886008
2024-02-05 18:00:00+00:00,1077115.7566666666,1077115.7566666666
2024-02-05 19:00:00+00:00,1274263.1788888888,1274263.1788888888
2024-02-05 20:00:00+00:00,1338476.808333333,1338476.808333333
2024-02-05 21:00:00+00:00,1173565.4830555555,1173565.4830555555
2024-02-05 22:00:00+00:00,992691.2086111112,992691.2086111112
2024-02-05 23:00:00+00:00,211384.1544444445,211384.1544444445
2024-02-06 00:00:00+00:00,133777.53916666663,728232.6462187548
2024-02-06 01:00:00+00:00,377034.06388888886,377034.06388888886
2024-02-06 02:00:00+00:00,158846.18722222222,470607.5729225114
2024-02-06 03:00:00+00:00,317212.7027777778,317212.7027777778
2024-02-06 04:00:00+00:00,901160.2158333332,901160.2158333332
2024-02-06 05:00:00+00:00,815249.1147222222,815249.1147222222
2024-02-06 06:00:00+00:00,816123.4063888888,816123.4063888888
2024-02-06 07:00:00+00:00,1123174.6016666666,746197.1362203715
2024-02-06 08:00:00+00:00,1115826.7466666666,1115826.7466666666
2024-02-06 09:00:00+00:00,1288440.2283333333,1288440.2283333333
2024-02-06 10:00:00+00:00,1458586.788333333,1458586.788333333
2024-02-06 11:00:00+00:00,2236985.591666667,2236985.591666667
2024-02-06 12:00:00+00:00,1268318.3105555556,1268318.3105555556
2024-02-06 13:00:00+00:00,1290595.2569444445,1290595.2569444445
2024-02-06 14:00:00+00:00,1137857.2644444443,1137857.2644444443
2024-02-06 15:00:00+00:00,1060540.5744444444,1060540.5744444444
2024-02-06 16:00:00+00:00,1221672.0377777778,1193034.1191176542
2024-02-06 17:00:00+00:00,1173192.6269444444,1173192.6269444444
2024-02-06 18:00:00+00:00,1008062.6188888889,1008062.6188888889
2024-02-06 19:00:00+00:00,1331906.1158333332,1331906.1158333332
2024-02-06 20:00:00+00:00,702808.4569444444,702808.4569444444
2024-02-06 21:00:00+00:00,852872.5763888889,852872.5763888889
2024-02-06 22:00:00+00:00,626744.9575,626744.9575
2024-02-06 23:00:00+00:00,626679.3811111111,626679.3811111111
2024-02-07 00:00:00+00:00,297874.625,297874.625
2024-02-07 01:00:00+00:00,299045.52472222224,299045.52472222224
2024-02-07 02:00:00+00:00,128708.9825,128708.9825
2024-02-07 03:00:00+00:00,411736.6261111112,411736.6261111112
2024-02-07 04:00:00+00:00,894048.7697222222,350441.34103030135
2024-02-07 05:00:00+00:00,1099577.3197222222,1099577.3197222222
2024-02-07 06:00:00+00:00,2398819.7533333334,2398819.7533333334
2024-02-07 07:00:00+00:00,1543099.8147222225,1543099.8147222225
2024-02-07 08:00:00+00:00,1013785.3513888888,1013785.3513888888
2024-02-07 09:00:00+00:00,1689588.9569444444,1689588.9569444444
2024-02-07 10:00:00+00:00,1700349.1805555555,1700349.1805555555
2024-02-07 11:00:00+00:00,1323473.0622222223,1323473.0622222223
2024-02-07 12:00:00+00:00,1002367.3358333332,1002367.3358333332
2024-02-07 13:00:00+00:00,768152.9955555556,768152.9955555556
2024-02-07 14:00:00+00:00,691392.2394444444,691392.2394444444
2024-02-07 15:00:00+00:00,1070685.0311111112,895780.0948920997
2024-02-07 16:00:00+00:00,1012322.8502777778,1012322.8502777778
2024-02-07 17:00:00+00:00,882583.64,882583.64
2024-02-07 18:00:00+00:00,922883.3108333332,912539.7457061784
2024-02-07 19:00:00+00:00,886626.3136111111,886626.3136111111
2024-02-07 20:00:00+00:00,1728600.2005555555,1728600.2005555555
2024-02-07 21:00:00+00:00,933160.9438888888,1253649.1423081178
2024-02-07 22:00:00+00:00,666369.7669444444,666369.7669444444
2024-02-07 23:00:00+00:00,723564.0725,723564.0725
2024-02-08 00:00:00+00:00,373243.9725,373243.9725
2024-02-08 01:00:00+00:00,151632.62277777778,151632.62277777778
2024-02-08 02:00:00+00:00,337585.15055555553,337585.15055555553
2024-02-08 03:00:00+00:00,623712.0052777778,623712.0052777778
2024-02-08 04:00:00+00:00,1131225.183333333,1131225.183333333
2024-02-08 05:00:00+00:00,944074.0355555556,944074.0355555556
2024-02-08 06:00:00+00:00,1667780.566666667,1667780.566666667
2024-02-08 07:00:00+00:00,1288261.0044444446,1288261.0044444446
2024-02-08 08:00:00+00:00,1584697.6630555557,1584697.6630555557
2024-02-08 09:00:00+00:00,1395649.5269444445,1395649.5269444445
2024-02-08 10:00:00+00:00,1487510.341388889,1390640.5220794512
2024-02-08 11:00:00+00:00,1663407.913333333,1663407.913333333
2024-02-08 12:00:00+00:00,1231189.3091666666,1542135.5582014252
2024-02-08 13:00:00+00:00,1166514.5652777778,1166514.5652777778
2024-02-08 14:00:00+00:00,1989667.1397222225,1989667.1397222225
2024-02-08 15:00:00+00:00,1198537.5736111111,1198537.5736111111
2024-02-08 16:00:00+00:00,1077245.9969444445,1077245.9969444445
2024-02-08 17:00:00+00:00,1575029.8975,1575029.8975
2024-02-08 18:00:00+00:00,1718355.691388889,1718355.691388889
2024-02-08 19:00:00+00:00,2173663.490277778,2173663.490277778
2024-02-08 20:00:00+00:00,1843493.2133333331,1843493.2133333331
2024-02-08 21:00:00+00:00,1558141.5472222222,1558141.5472222222
2024-02-08 22:00:00+00:00,1219698.2055555556,1219698.2055555556
2024-02-08 23:00:00+00:00,1080978.9463888889,1080978.9463888889
2024-02-09 00:00:00+00:00,819213.5025,819213.5025
2024-02-09 01:00:00+00:00,627166.9358333333,627166.9358333333
2024-02-09 02:00:00+00:00,344083.54027777776,344083.54027777776
2024-02-09 03:00:00+00:00,997276.3222222222,997276.3222222222
2024-02-09 04:00:00+00:00,1398276.2572222222,1398276.2572222222
2024-02-09 05:00:00+00:00,1754899.413888889,1754899.413888889
2024-02-09 06:00:00+00:00,1874373.1983333328,1359499.4327029889
2024-02-09 07:00:00+00:00,1153484.0802777775,1153484.0802777775
2024-02-09 08:00:00+00:00,1030021.2183333334,1030021.2183333334
2024-02-09 09:00:00+00:00,1011713.0702777776,1011713.0702777776
2024-02-09 10:00:00+00:00,963559.3277777778,963559.3277777778
2024-02-09 11:00:00+00:00,1459876.925,1459876.925
2024-02-09 12:00:00+00:00,779508.8772222223,779508.8772222223
2024-02-09 13:00:00+00:00,822609.7616666667,822609.7616666667
2024-02-09 14:00:00+00:00,824049.4275,824049.4275
2024-02-09 15:00:00+00:00,1109833.8727777775,1109833.8727777775
2024-02-09 16:00:00+00:00,1836023.9347222224,1836023.9347222224
2024-02-09 17:00:00+00:00,1289111.788333333,1289111.788333333
2024-02-09 18:00:00+00:00,1841544.4925,1841544.4925
2024-02-09 19:00:00+00:00,1665742.4747222222,1665742.4747222222
2024-02-09 20:00:00+00:00,2310456.193055556,2310456.193055556
2024-02-09 21:00:00+00:00,1069958.0516666668,1069958.0516666668
2024-02-09 22:00:00+00:00,697478.4469444444,697478.4469444444
2024-02-09 23:00:00+00:00,423452.0694444445,423452.0694444445
2024-02-10 00:00:00+00:00,555083.9361111111,555083.9361111111
2024-02-10 01:00:00+00:00,853700.8655555556,853700.8655555556
2024-02-10 02:00:00+00:00,240509.9044444445,240509.9044444445
2024-02-10 03:00:00+00:00,353802.6616666667,353802.6616666667
2024-02-10 04:00:00+00:00,477557.44333333336,477557.44333333336
2024-02-10 05:00:00+00:00,546961.5841666666,546961.5841666666
2024-02-10 06:00:00+00:00,793917.6494444445,793917.6494444445
2024-02-10 07:00:00+00:00,812693.9063888888,628367.6932985061
2024-02-10 08:00:00+00:00,717914.16,717914.16
2024-02-10 09:00:00+00:00,1245240.9986111112,698194.8337389875
2024-02-10 10:00:00+00:00,1109472.0244444443,1109472.0244444443
2024-02-10 11:00:00+00:00,1217816.6955555556,928109.739517998
2024-02-10 12:00:00+00:00,1424462.8555555556,1424462.8555555556
2024-02-10 13:00:00+00:00,1268442.0280555557,1268442.0280555557
2024-02-10 14:00:00+00:00,1979115.538611111,1979115.538611111
2024-02-10 15:00:00+00:00,1498843.288611111,1498843.288611111
2024-02-10 16:00:00+00:00,1700292.4916666667,1700292.4916666667
2024-02-10 17:00:00+00:00,1767609.5194444444,1767609.5194444444
2024-02-10 18:00:00+00:00,1978080.0833333333,1978080.0833333333
2024-02-10 19:00:00+00:00,1889978.0772222225,1889978.0772222225
2024-02-10 20:00:00+00:00,2158689.7988888887,2158689.7988888887
2024-02-10 21:00:00+00:00,1074052.227222222,1074052.227222222
2024-02-10 22:00:00+00:00,1402793.451111111,1402793.451111111
2024-02-10 23:00:00+00:00,826215.9841666666,826215.9841666666
2024-02-11 00:00:00+00:00,748800.0602777777,1214918.002627613
2024-02-11 01:00:00+00:00,234370.155,234370.155
2024-02-11 02:00:00+00:00,258487.23166666663,258487.23166666663
2024-02-11 03:00:00+00:00,349578.5733333333,349578.5733333333
2024-02-11 04:00:00+00:00,496867.4219444444,496867.4219444444
2024-02-11 05:00:00+00:00,675326.6805555555,451111.11090512946
2024-02-11 06:00:00+00:00,1034377.2527777776,1034377.2527777776
2024-02-11 07:00:00+00:00,1102960.6719444443,1102960.6719444443
2024-02-11 08:00:00+00:00,1189086.8641666668,1189086.8641666668
2024-02-11 09:00:00+00:00,1088312.0955555555,1035109.5878227396
2024-02-11 10:00:00+00:00,1516578.9694444444,1516578.9694444444
2024-02-11 11:00:00+00:00,2019895.2022222225,2019895.2022222225
2024-02-11 12:00:00+00:00,1543866.3447222223,1543866.3447222223
2024-02-11 13:00:00+00:00,2125319.4638888887,2125319.4638888887
2024-02-11 14:00:00+00:00,1598893.2169444445,1598893.2169444445
2024-02-11 15:00:00+00:00,809718.5711111111,809718.5711111111
2024-02-11 16:00:00+00:00,934548.6358333334,934548.6358333334
2024-02-11 17:00:00+00:00,1182895.6141666668,1182895.6141666668
2024-02-11 18:00:00+00:00,1184078.2972222222,1169903.764296327
2024-02-11 19:00:00+00:00,1168174.453888889,1168174.453888889
2024-02-11 20:00:00+00:00,1446572.786111111,1446572.786111111
2024-02-11 21:00:00+00:00,648633.6272222223,648633.6272222223
2024-02-11 22:00:00+00:00,811500.6194444444,811500.6194444444
2024-02-11 23:00:00+00:00,385068.2575,385068.2575
2024-02-12 00:00:00+00:00,550447.3077777778,550447.3077777778
2024-02-12 01:00:00+00:00,506708.4186111111,506708.4186111111
2024-02-12 02:00:00+00:00,112383.10305555556,112383.10305555556
2024-02-12 03:00:00+00:00,254170.41861111112,254170.41861111112
2024-02-12 04:00:00+00:00,616269.6375,616269.6375
2024-02-12 05:00:00+00:00,1085568.2775,1085568.2775
2024-02-12 06:00:00+00:00,838409.5294444445,838409.5294444445
2024-02-12 07:00:00+00:00,1039882.0747222222,1039882.0747222222
2024-02-12 08:00:00+00:00,1262699.9088888888,887956.1591318275
2024-02-12 09:00:00+00:00,1081460.5652777778,1081460.5652777778
2024-02-12 10:00:00+00:00,1121268.4833333334,1121268.4833333334
2024-02-12 11:00:00+00:00,1145428.9025,1145428.9025
2024-02-12 12:00:00+00:00,917370.0369444444,917370.0369444444
2024-02-12 13:00:00+00:00,1353216.5316666667,1353216.5316666667
2024-02-12 14:00:00+00:00,1007180.8361111112,1163198.6470666141
2024-02-12 15:00:00+00:00,658939.3725,658939.3725
2024-02-12 16:00:00+00:00,894501.7638888889,894501.7638888889
2024-02-12 17:00:00+00:00,699474.5911111111,699474.5911111111
2024-02-12 18:00:00+00:00,1096659.5019444444,1096659.5019444444
2024-02-12 19:00:00+00:00,883565.1833333333,883565.1833333333
2024-02-12 20:00:00+00:00,617771.2511111111,617771.2511111111
2024-02-12 21:00:00+00:00,794886.7169444445,794886.7169444445
2024-02-12 22:00:00+00:00,655858.9566666667,655858.9566666667
2024-02-12 23:00:00+00:00,329628.1025,329628.1025
2024-02-13 00:00:00+00:00,383113.2425,383113.2425
2024-02-13 01:00:00+00:00,345157.9688888889,345157.9688888889
2024-02-13 02:00:00+00:00,110719.47694444444,110719.47694444444
2024-02-13 03:00:00+00:00,296186.53527777776,296186.53527777776
2024-02-13 04:00:00+00:00,422933.75138888886,292082.04819040693
2024-02-13 05:00:00+00:00,680932.6838888889,680932.6838888889
2024-02-13 06:00:00+00:00,1193522.4022222222,1193522.4022222222
2024-02-13 07:00:00+00:00,795072.7938888889,795072.7938888889
2024-02-13 08:00:00+00:00,1501994.8725,1501994.8725
2024-02-13 09:00:00+00:00,841114.4880555555,841114.4880555555
2024-02-13 10:00:00+00:00,1187263.9908333332,1187263.9908333332
2024-02-13 11:00:00+00:00,1145754.933611111,1145754.933611111
2024-02-13 12:00:00+00:00,1130430.0077777775,1130430.0077777775
2024-02-13 13:00:00+00:00,1108453.6597222222,1108453.6597222222
2024-02-13 14:00:00+00:00,1279956.7241666666,1279956.7241666666
2024-02-13 15:00:00+00:00,1188513.7408333332,1188513.7408333332
2024-02-13 16:00:00+00:00,753072.3472222222,753072.3472222222
2024-02-13 17:00:00+00:00,1121315.2875,1121315.2875
2024-02-13 18:00:00+00:00,1350878.756111111,1350878.756111111
2024-02-13 19:00:00+00:00,717423.9022222222,717423.9022222222
2024-02-13 20:00:00+00:00,897539.8861111111,897539.8861111111
2024-02-13 21:00:00+00:00,852823.8675,852823.8675
2024-02-13 22:00:00+00:00,607361.1119444445,607361.1119444445
2024-02-13 23:00:00+00:00,467218.7536111111,777097.0416896616
2024-02-14 00:00:00+00:00,411906.02805555554,411906.02805555554
2024-02-14 01:00:00+00:00,366017.6058333333,366017.6058333333
2024-02-14 02:00:00+00:00,316723.13666666666,316723.13666666666
2024-02-14 03:00:00+00:00,477789.2263888889,477789.2263888889
2024-02-14 04:00:00+00:00,1037577.4580555556,1037577.4580555556
2024-02-14 05:00:00+00:00,1078229.595,1078229.595
2024-02-14 06:00:00+00:00,1265547.6394444443,1265547.6394444443
2024-02-14 07:00:00+00:00,1366770.8691666666,1366770.8691666666
2024-02-14 08:00:00+00:00,921464.1277777776,921464.1277777776
2024-02-14 09:00:00+00:00,985772.7894444444,985772.7894444444
2024-02-14 10:00:00+00:00,1396057.6394444443,1396057.6394444443
2024-02-14 11:00:00+00:00,1623455.245,1623455.245
2024-02-14 12:00:00+00:00,876843.5780555556,876843.5780555556
2024-02-14 13:00:00+00:00,1748201.5080555556,1748201.5080555556
2024-02-14 14:00:00+00:00,1281335.648611111,1281335.648611111
2024-02-14 15:00:00+00:00,1496057.8894444443,1496057.8894444443
2024-02-14 16:00:00+00:00,1595705.8455555555,1595705.8455555555
2024-02-14 17:00:00+00:00,2112883.9969444443,2112883.9969444443
2024-02-14 18:00:00+00:00,2223135.270833333,2223135.270833333
2024-02-14 19:00:00+00:00,1830094.5086111112,1830094.5086111112
2024-02-14 20:00:00+00:00,1754521.1161111111,1754521.1161111111
2024-02-14 21:00:00+00:00,1057284.4927777778,1057284.4927777778
2024-02-14 22:00:00+00:00,889022.1772222222,889022.1772222222
2024-02-14 23:00:00+00:00,718307.6036111111,718307.6036111111
2024-02-15 00:00:00+00:00,564336.3197222222,1014524.5769011677
2024-02-15 01:00:00+00:00,374470.93083333335,799975.7011543707
2024-02-15 02:00:00+00:00,112052.34611111112,112052.34611111112
2024-02-15 03:00:00+00:00,308734.57416666666,308734.57416666666
2024-02-15 04:00:00+00:00,825050.555,825050.555
2024-02-15 05:00:00+00:00,1157846.648611111,1157846.648611111
2024-02-15 06:00:00+00:00,1356127.9080555555,1356127.9080555555
2024-02-15 07:00:00+00:00,1103279.585277778,1103279.585277778
2024-02-15 08:00:00+00:00,1081690.6155555556,1081690.6155555556
2024-02-15 09:00:00+00:00,1575001.1361111111,1575001.1361111111
2024-02-15 10:00:00+00:00,1813330.4744444443,1813330.4744444443
2024-02-15 11:00:00+00:00,1344961.2311111111,1344961.2311111111
2024-02-15 12:00:00+00:00,1172194.661388889,1172194.661388889
2024-02-15 13:00:00+00:00,928439.0430555556,928439.0430555556
2024-02-15 14:00:00+00:00,1022821.7258333332,1022821.7258333332
2024-02-15 15:00:00+00:00,1051912.8369444443,1051912.8369444443
2024-02-15 16:00:00+00:00,875842.2866666666,875842.2866666666
2024-02-15 17:00:00+00:00,1163251.778333333,1163251.778333333
2024-02-15 18:00:00+00:00,2027600.8533333333,2027600.8533333333
2024-02-15 19:00:00+00:00,2037022.9927777776,2037022.9927777776
2024-02-15 20:00:00+00:00,1134577.3544444444,1134577.3544444444
2024-02-15 21:00:00+00:00,1431284.0802777775,1431284.0802777775
2024-02-15 22:00:00+00:00,1275453.3211111112,1275453.3211111112
2024-02-15 23:00:00+00:00,658576.0372222222,658576.0372222222
2024-02-16 00:00:00+00:00,776053.9677777778,776053.9677777778
2024-02-16 01:00:00+00:00,444824.3725,444824.3725
2024-02-16 02:00:00+00:00,380416.57416666666,380416.57416666666
2024-02-16 03:00:00+00:00,453523.19666666666,453523.19666666666
2024-02-16 04:00:00+00:00,753468.1566666666,753468.1566666666
2024-02-16 05:00:00+00:00,1173159.7108333334,1173159.7108333334
2024-02-16 06:00:00+00:00,1164694.3216666668,1164694.3216666668
2024-02-16 07:00:00+00:00,1062916.921388889,1062916.921388889
2024-02-16 08:00:00+00:00,902433.6077777778,902433.6077777778
2024-02-16 09:00:00+00:00,1103892.5419444444,1103892.5419444444
2024-02-16 10:00:00+00:00,1304506.6641666666,1304506.6641666666
2024-02-16 11:00:00+00:00,1088190.5677777778,1088190.5677777778
2024-02-16 12:00:00+00:00,855753.5083333333,855753.5083333333
2024-02-16 13:00:00+00:00,1143609.245833333,1007192.1418892258
2024-02-16 14:00:00+00:00,1112996.1922222222,1059333.6516876488
2024-02-16 15:00:00+00:00,1673374.3427777777,1673374.3427777777
2024-02-16 16:00:00+00:00,1325798.846111111,1325798.846111111
2024-02-16 17:00:00+00:00,1659467.058333333,1659467.058333333
2024-02-16 18:00:00+00:00,2017748.7569444445,1495937.2066380081
2024-02-16 19:00:00+00:00,2065196.855,2065196.855
2024-02-16 20:00:00+00:00,1294339.173611111,1294339.173611111
2024-02-16 21:00:00+00:00,2977205.495277778,2977205.495277778
2024-02-16 22:00:00+00:00,1010768.4297222224,1010768.4297222224
2024-02-16 23:00:00+00:00,780983.6572222222,780983.6572222222
2024-02-17 00:00:00+00:00,487139.8986111111,1295149.593968764
2024-02-17 01:00:00+00:00,395024.69333333336,395024.69333333336
2024-02-17 02:00:00+00:00,292075.69138888887,292075.69138888887
2024-02-17 03:00:00+00:00,162611.10194444444,162611.10194444444
2024-02-17 04:00:00+00:00,334706.4938888889,334706.4938888889
2024-02-17 05:00:00+00:00,611281.4119444444,611281.4119444444
2024-02-17 06:00:00+00:00,690557.2394444444,690557.2394444444
2024-02-17 07:00:00+00:00,841953.4005555556,564040.077507397
2024-02-17 08:00:00+00:00,930901.0952777778,930901.0952777778
2024-02-17 09:00:00+00:00,1025248.8933333332,1025248.8933333332
2024-02-17 10:00:00+00:00,964968.3269444444,964968.3269444444
2024-02-17 11:00:00+00:00,1502634.4127777778,1502634.4127777778
2024-02-17 12:00:00+00:00,1613416.3294444445,1613416.3294444445
2024-02-17 13:00:00+00:00,1248754.2408333332,1361592.321791294
2024-02-17 14:00:00+00:00,1160644.961388889,1403171.1350423107
2024-02-17 15:00:00+00:00,1147651.836111111,1147651.836111111
2024-02-17 16:00:00+00:00,1356832.3916666666,1356832.3916666666
2024-02-17 17:00:00+00:00,1131994.3783333334,1131994.3783333334
2024-02-17 18:00:00+00:00,1351795.3177777778,1351795.3177777778
2024-02-17 19:00:00+00:00,1066412.7508333332,1066412.7508333332
2024-02-17 20:00:00+00:00,889460.1208333333,889460.1208333333
2024-02-17 21:00:00+00:00,606490.2869444444,606490.2869444444
2024-02-17 22:00:00+00:00,831573.8938888889,831573.8938888889
2024-02-17 23:00:00+00:00,648076.1316666667,850631.1719174909
2024-02-18 00:00:00+00:00,436732.5347222223,436732.5347222223
2024-02-18 01:00:00+00:00,436649.1630555556,619347.3757057549
2024-02-18 02:00:00+00:00,380843.0341666667,380843.0341666667
2024-02-18 03:00:00+00:00,383448.77944444446,383448.77944444446
2024-02-18 04:00:00+00:00,528298.0775,528298.0775
2024-02-18 05:00:00+00:00,782688.4472222222,782688.4472222222
2024-02-18 06:00:00+00:00,707660.2041666667,707660.2041666667
2024-02-18 07:00:00+00:00,1250158.5538888888,1250158.5538888888
2024-02-18 08:00:00+00:00,762337.4158333334,908248.8674609403
2024-02-18 09:00:00+00:00,688114.8697222222,688114.8697222222
2024-02-18 10:00:00+00:00,1122564.5355555555,1122564.5355555555
2024-02-18 11:00:00+00:00,1525920.191111111,955053.3769573884
2024-02-18 12:00:00+00:00,1391340.3558333332,1391340.3558333332
2024-02-18 13:00:00+00:00,2103785.113611111,2103785.113611111
2024-02-18 14:00:00+00:00,1389876.8541666667,1389876.8541666667
2024-02-18 15:00:00+00:00,1564250.0088888889,1564250.0088888889
2024-02-18 16:00:00+00:00,1845888.539722222,1845888.539722222
2024-02-18 17:00:00+00:00,1356250.9005555557,1667541.0673334044
2024-02-18 18:00:00+00:00,1476379.4341666666,1700478.6622035014
2024-02-18 19:00:00+00:00,1540344.4775,1540344.4775
2024-02-18 20:00:00+00:00,1302105.9797222223,1302105.9797222223
2024-02-18 21:00:00+00:00,1094585.9822222225,1094585.9822222225
2024-02-18 22:00:00+00:00,855763.8344444444,855763.8344444444
2024-02-18 23:00:00+00:00,692975.2355555556,692975.2355555556
2024-02-19 00:00:00+00:00,409442.5983333333,934567.7967081541
2024-02-19 01:00:00+00:00,272082.9611111111,272082.9611111111
2024-02-19 02:00:00+00:00,300084.4877777778,300084.4877777778
2024-02-19 03:00:00+00:00,662161.9675,662161.9675
2024-02-19 04:00:00+00:00,792025.8175,792025.8175
2024-02-19 05:00:00+00:00,1406661.423888889,1406661.423888889
2024-02-19 06:00:00+00:00,1403370.230277778,972764.759339781
2024-02-19 07:00:00+00:00,1013820.6788888888,1013820.6788888888
2024-02-19 08:00:00+00:00,1409883.052777778,1409883.052777778
2024-02-19 09:00:00+00:00,1570003.5522222223,1570003.5522222223
2024-02-19 10:00:00+00:00,1568306.4569444444,1568306.4569444444
2024-02-19 11:00:00+00:00,1662234.493888889,1662234.493888889
2024-02-19 12:00:00+00:00,1114295.7994444445,1114295.7994444445
2024-02-19 13:00:00+00:00,1057414.779722222,1057414.779722222
2024-02-19 14:00:00+00:00,762933.7252777778,762933.7252777778
2024-02-19 15:00:00+00:00,956623.2886111112,1027996.2621121653
2024-02-19 16:00:00+00:00,1172356.8766666667,988185.4247256956
2024-02-19 17:00:00+00:00,1280732.4819444444,1280732.4819444444
2024-02-19 18:00:00+00:00,1196336.2602777777,1143552.9407480196
2024-02-19 19:00:00+00:00,1543293.1222222222,1543293.1222222222
2024-02-19 20:00:00+00:00,1210613.7913888888,1210613.7913888888
2024-02-19 21:00:00+00:00,1250387.8377777778,1250387.8377777778
2024-02-19 22:00:00+00:00,837244.2066666667,837244.2066666667
2024-02-19 23:00:00+00:00,531046.9461111111,531046.9461111111
2024-02-20 00:00:00+00:00,427811.09222222224,427811.09222222224
2024-02-20 01:00:00+00:00,155301.2066666667,155301.2066666667
2024-02-20 02:00:00+00:00,87893.92527777777,447378.1398795346
2024-02-20 03:00:00+00:00,442140.13666666666,442140.13666666666
2024-02-20 04:00:00+00:00,985632.2147222222,985632.2147222222
2024-02-20 05:00:00+00:00,1173944.308333333,1173944.308333333
2024-02-20 06:00:00+00:00,1221372.785,1221372.785
2024-02-20 07:00:00+00:00,1100785.0458333334,1100785.0458333334
2024-02-20 08:00:00+00:00,1191952.2558333334,1191952.2558333334
2024-02-20 09:00:00+00:00,1467682.3438888888,1467682.3438888888
2024-02-20 10:00:00+00:00,1451846.578611111,1451846.578611111
2024-02-20 11:00:00+00:00,2062446.6294444448,2062446.6294444448
2024-02-20 12:00:00+00:00,1149112.3436111112,1149112.3436111112
2024-02-20 13:00:00+00:00,870013.9375,870013.9375
2024-02-20 14:00:00+00:00,661485.0863888889,661485.0863888889
2024-02-20 15:00:00+00:00,913264.1130555556,913264.1130555556
2024-02-20 16:00:00+00:00,987151.2625,987151.2625
2024-02-20 17:00:00+00:00,789210.4616666667,789210.4616666667
2024-02-20 18:00:00+00:00,1294674.648611111,887359.8865439167
2024-02-20 19:00:00+00:00,1123075.773888889,1123075.773888889
2024-02-20 20:00:00+00:00,1082110.4577777777,1082110.4577777777
2024-02-20 21:00:00+00:00,892435.4608333333,892435.4608333333
2024-02-20 22:00:00+00:00,787974.3416666667,787974.3416666667
2024-02-20 23:00:00+00:00,405847.7197222223,405847.7197222223
2024-02-21 00:00:00+00:00,591797.84,591797.84
2024-02-21 01:00:00+00:00,519001.8858333333,519001.8858333333
2024-02-21 02:00:00+00:00,188961.74777777775,188961.74777777775
2024-02-21 03:00:00+00:00,384371.0719444445,384371.0719444445
2024-02-21 04:00:00+00:00,795753.4561111111,795753.4561111111
2024-02-21 05:00:00+00:00,1281925.0133333334,1281925.0133333334
2024-02-21 06:00:00+00:00,1208833.6497222222,1208833.6497222222
2024-02-21 07:00:00+00:00,1408428.556111111,1408428.556111111
2024-02-21 08:00:00+00:00,1303679.9261111112,1303679.9261111112
2024-02-21 09:00:00+00:00,969504.7347222222,969504.7347222222
2024-02-21 10:00:00+00:00,1227463.8597222222,1227463.8597222222
2024-02-21 11:00:00+00:00,1378854.8136111111,1378854.8136111111
2024-02-21 12:00:00+00:00,1655012.6536111112,1655012.6536111112
2024-02-21 13:00:00+00:00,742612.1816666666,742612.1816666666
2024-02-21 14:00:00+00:00,930075.7933333332,930075.7933333332
2024-02-21 15:00:00+00:00,777270.1533333333,1045964.8965570601
2024-02-21 16:00:00+00:00,1017576.1055555556,1017576.1055555556
2024-02-21 17:00:00+00:00,895921.2944444445,895921.2944444445
2024-02-21 18:00:00+00:00,1925027.415555556,1925027.415555556
2024-02-21 19:00:00+00:00,1786396.4780555556,1786396.4780555556
2024-02-21 20:00:00+00:00,1628201.3358333334,1553820.851540187
2024-02-21 21:00:00+00:00,897264.1627777778,1528182.0174973537
2024-02-21 22:00:00+00:00,910026.6144444444,910026.6144444444
2024-02-21 23:00:00+00:00,526131.2527777777,1182093.175378376
2024-02-22 00:00:00+00:00,562864.8775,562864.8775
2024-02-22 01:00:00+00:00,196824.4686111111,196824.4686111111
2024-02-22 02:00:00+00:00,314962.5738888889,314962.5738888889
2024-02-22 03:00:00+00:00,263042.78944444447,263042.78944444447
2024-02-22 04:00:00+00:00,754871.1497222222,754871.1497222222
2024-02-22 05:00:00+00:00,1204486.592222222,1204486.592222222
2024-02-22 06:00:00+00:00,1121881.3438888888,1121881.3438888888
2024-02-22 07:00:00+00:00,1150545.3141666667,1150545.3141666667
2024-02-22 08:00:00+00:00,1367317.0319444444,1367317.0319444444
2024-02-22 09:00:00+00:00,1190296.4791666667,1190296.4791666667
2024-02-22 10:00:00+00:00,1004730.401388889,1004730.401388889
2024-02-22 11:00:00+00:00,1338746.4088888888,1338746.4088888888
2024-02-22 12:00:00+00:00,1711499.5836111112,1711499.5836111112
2024-02-22 13:00:00+00:00,1008581.4075,1008581.4075
2024-02-22 14:00:00+00:00,939994.07,939994.07
2024-02-22 15:00:00+00:00,1447520.8880555555,1447520.8880555555
2024-02-22 16:00:00+00:00,1218222.3305555556,1218222.3305555556
2024-02-22 17:00:00+00:00,1611956.5502777777,1611956.5502777777
2024-02-22 18:00:00+00:00,1704147.5344444443,1400474.6259718258
2024-02-22 19:00:00+00:00,1772147.4102777778,1772147.4102777778
2024-02-22 20:00:00+00:00,1255953.2911111112,1631990.3890886006
2024-02-22 21:00:00+00:00,995471.2305555556,995471.2305555556
2024-02-22 22:00:00+00:00,950940.8272222222,950940.8272222222
2024-02-22 23:00:00+00:00,702241.4063888888,702241.4063888888
2024-02-23 00:00:00+00:00,380722.6122222222,380722.6122222222
2024-02-23 01:00:00+00:00,415925.2613888889,708366.3490806837
2024-02-23 02:00:00+00:00,433770.9811111111,433770.9811111111
2024-02-23 03:00:00+00:00,418970.0425,418970.0425
2024-02-23 04:00:00+00:00,794585.1625,794585.1625
2024-02-23 05:00:00+00:00,1373748.8419444445,1373748.8419444445
2024-02-23 06:00:00+00:00,1128252.0169444445,1128252.0169444445
2024-02-23 07:00:00+00:00,1444337.634722222,1444337.634722222
2024-02-23 08:00:00+00:00,1338832.898611111,1338832.898611111
2024-02-23 09:00:00+00:00,1424123.615,1424123.615
2024-02-23 10:00:00+00:00,1127208.3894444443,1127208.3894444443
2024-02-23 11:00:00+00:00,1413112.0902777778,1413112.0902777778
2024-02-23 12:00:00+00:00,1076353.6855555556,1316590.495696516
2024-02-23 13:00:00+00:00,1423319.2833333334,1423319.2833333334
2024-02-23 14:00:00+00:00,1534736.691388889,1534736.691388889
2024-02-23 15:00:00+00:00,2397169.4758333336,2397169.4758333336
2024-02-23 16:00:00+00:00,2329879.0597222224,2329879.0597222224
2024-02-23 17:00:00+00:00,2000360.0783333331,2000360.0783333331
2024-02-23 18:00:00+00:00,2240288.650555556,2035089.2541075444
2024-02-23 19:00:00+00:00,2573936.661388889,1921676.0542258355
2024-02-23 20:00:00+00:00,1679252.7552777778,1758633.8182351924
2024-02-23 21:00:00+00:00,1085642.1569444444,1085642.1569444444
2024-02-23 22:00:00+00:00,932628.6352777778,1359935.005000072
2024-02-23 23:00:00+00:00,1084452.5827777777,1084452.5827777777
2024-02-24 00:00:00+00:00,910996.4608333332,910996.4608333332
2024-02-24 01:00:00+00:00,959382.105,959382.105
2024-02-24 02:00:00+00:00,659752.9152777778,659752.9152777778
2024-02-24 03:00:00+00:00,727977.4738888888,727977.4738888888
2024-02-24 04:00:00+00:00,932954.3847222222,804997.7961624692
2024-02-24 05:00:00+00:00,926917.9375,926917.9375
2024-02-24 06:00:00+00:00,2108490.853611111,2108490.853611111
2024-02-24 07:00:00+00:00,1672561.3994444443,1399256.0848486624
2024-02-24 08:00:00+00:00,1739533.556111111,1739533.556111111
2024-02-24 09:00:00+00:00,1060297.3038888888,1674424.6054297478
2024-02-24 10:00:00+00:00,2466198.572222222,2466198.572222222
2024-02-24 11:00:00+00:00,1409215.8525,1409215.8525
2024-02-24 12:00:00+00:00,1159372.1302777778,1159372.1302777778
2024-02-24 13:00:00+00:00,1474823.1847222222,1474823.1847222222
2024-02-24 14:00:00+00:00,1130773.6141666668,1130773.6141666668
2024-02-24 15:00:00+00:00,1330923.3769444444,1330923.3769444444
2024-02-24 16:00:00+00:00,1528555.095277778,1528555.095277778
2024-02-24 17:00:00+00:00,1812918.9733333332,1812918.9733333332
2024-02-24 18:00:00+00:00,1750724.8219444444,1750724.8219444444
2024-02-24 19:00:00+00:00,2576332.783888889,2576332.783888889
2024-02-24 20:00:00+00:00,1157536.5947222223,1157536.5947222223
2024-02-24 21:00:00+00:00,1197399.961388889,1667984.4794444053
2024-02-24 22:00:00+00:00,1355358.0277777778,1355358.0277777778
2024-02-24 23:00:00+00:00,806120.0652777777,806120.0652777777
2024-02-25 00:00:00+00:00,672151.7552777778,672151.7552777778
2024-02-25 01:00:00+00:00,638007.9208333333,638007.9208333333
2024-02-25 02:00:00+00:00,460489.39666666667,460489.39666666667
2024-02-25 03:00:00+00:00,426645.8236111111,426645.8236111111
2024-02-25 04:00:00+00:00,820458.3136111111,820458.3136111111
2024-02-25 05:00:00+00:00,1221092.5372222222,1221092.5372222222
2024-02-25 06:00:00+00:00,1676934.235833333,1676934.235833333
2024-02-25 07:00:00+00:00,1660071.6561111112,1660071.6561111112
2024-02-25 08:00:00+00:00,1210479.6516666666,1210479.6516666666
2024-02-25 09:00:00+00:00,1175095.5513888889,1175095.5513888889
2024-02-25 10:00:00+00:00,1326506.4072222223,1326506.4072222223
2024-02-25 11:00:00+00:00,1306854.746111111,1306854.746111111
2024-02-25 12:00:00+00:00,1318459.9258333333,1318459.9258333333
2024-02-25 13:00:00+00:00,1377397.7616666667,1377397.7616666667
2024-02-25 14:00:00+00:00,1437857.4986111112,1437857.4986111112
2024-02-25 15:00:00+00:00,1539439.4530555557,1380462.5423507544
2024-02-25 16:00:00+00:00,1978914.9808333328,1978914.9808333328
2024-02-25 17:00:00+00:00,1967021.8547222223,1718531.852840791
2024-02-25 18:00:00+00:00,1655926.15,1655926.15
2024-02-25 19:00:00+00:00,2345536.737222222,2345536.737222222
2024-02-25 20:00:00+00:00,1632833.1658333333,1632833.1658333333
2024-02-25 21:00:00+00:00,1207696.0658333334,1207696.0658333334
2024-02-25 22:00:00+00:00,1335441.0541666667,1335441.0541666667
2024-02-25 23:00:00+00:00,903782.38,903782.38
2024-02-26 00:00:00+00:00,644235.5883333334,644235.5883333334
2024-02-26 01:00:00+00:00,812198.3336111112,812198.3336111112
2024-02-26 02:00:00+00:00,492897.7669444445,492897.7669444445
2024-02-26 03:00:00+00:00,698703.5941666666,698703.5941666666
2024-02-26 04:00:00+00:00,915734.9233333332,915734.9233333332
2024-02-26 05:00:00+00:00,1553115.2477777775,1553115.2477777775
2024-02-26 06:00:00+00:00,1847450.276388889,1847450.276388889
2024-02-26 07:00:00+00:00,1532422.8430555556,1532422.8430555556
2024-02-26 08:00:00+00:00,1223838.7008333334,1223838.7008333334
2024-02-26 09:00:00+00:00,1456244.6161111111,1456244.6161111111
2024-02-26 10:00:00+00:00,1859432.8336111112,1859432.8336111112
2024-02-26 11:00:00+00:00,1539327.2825,1539327.2825
2024-02-26 12:00:00+00:00,1149287.528888889,1574635.2648818276
2024-02-26 13:00:00+00:00,1253439.901111111,1253439.901111111
2024-02-26 14:00:00+00:00,765150.0897222222,765150.0897222222
2024-02-26 15:00:00+00:00,923899.7947222224,923899.7947222224
2024-02-26 16:00:00+00:00,881746.7494444444,881746.7494444444
2024-02-26 17:00:00+00:00,1164886.16,970138.1588517771
2024-02-26 18:00:00+00:00,1490688.6791666667,1490688.6791666667
2024-02-26 19:00:00+00:00,2268878.111666667,2268878.111666667
2024-02-26 20:00:00+00:00,1219164.6002777778,1219164.6002777778
2024-02-26 21:00:00+00:00,1107516.7383333333,1107516.7383333333
2024-02-26 22:00:00+00:00,1004226.7208333332,1004226.7208333332
2024-02-26 23:00:00+00:00,993637.3088888888,993637.3088888888
2024-02-27 00:00:00+00:00,608077.1738888889,608077.1738888889
2024-02-27 01:00:00+00:00,686211.4422222222,686211.4422222222
2024-02-27 02:00:00+00:00,399025.5416666667,399025.5416666667
2024-02-27 03:00:00+00:00,817256.63,817256.63
2024-02-27 04:00:00+00:00,1162530.4105555555,1162530.4105555555
2024-02-27 05:00:00+00:00,1260498.1366666667,1260498.1366666667
2024-02-27 06:00:00+00:00,1481814.9,1481814.9
2024-02-27 07:00:00+00:00,1073042.2405555556,1073042.2405555556
2024-02-27 08:00:00+00:00,1309880.1091666666,1309880.1091666666
2024-02-27 09:00:00+00:00,1108394.6369444444,1108394.6369444444
2024-02-27 10:00:00+00:00,1237853.6563888888,1177239.0397275293
2024-02-27 11:00:00+00:00,1086832.7683333333,1086832.7683333333
2024-02-27 12:00:00+00:00,1380491.1233333333,1380491.1233333333
2024-02-27 13:00:00+00:00,802755.3002777778,1231468.7676555605
2024-02-27 14:00:00+00:00,926097.6086111112,926097.6086111112
2024-02-27 15:00:00+00:00,928878.2872222222,928878.2872222222
2024-02-27 16:00:00+00:00,1564229.6144444444,1564229.6144444444
2024-02-27 17:00:00+00:00,1816741.865277778,1251704.5127651568
2024-02-27 18:00:00+00:00,1567319.763611111,1567319.763611111
2024-02-27 19:00:00+00:00,1333433.1183333334,1333433.1183333334
2024-02-27 20:00:00+00:00,1145629.7816666667,1145629.7816666667
2024-02-27 21:00:00+00:00,1747895.5094444444,1747895.5094444444
2024-02-27 22:00:00+00:00,1084816.159166667,1084816.159166667
2024-02-27 23:00:00+00:00,741024.2883333333,741024.2883333333
2024-02-28 00:00:00+00:00,557005.8725,557005.8725
2024-02-28 01:00:00+00:00,395451.3002777778,395451.3002777778
2024-02-28 02:00:00+00:00,287695.81444444443,287695.81444444443
2024-02-28 03:00:00+00:00,751253.5816666667,751253.5816666667
2024-02-28 04:00:00+00:00,1146743.1541666666,1146743.1541666666
2024-02-28 05:00:00+00:00,1405572.0972222222,1405572.0972222222
2024-02-28 06:00:00+00:00,2126501.692222222,1082779.3274079578
2024-02-28 07:00:00+00:00,1098357.66,1098357.66
2024-02-28 08:00:00+00:00,1382822.947222222,1382822.947222222
2024-02-28 09:00:00+00:00,1316205.095,1316205.095
2024-02-28 10:00:00+00:00,1271373.9988888889,1271373.9988888889
2024-02-28 11:00:00+00:00,1080987.028888889,1271999.6723816448
2024-02-28 12:00:00+00:00,1224557.045,1224557.045
2024-02-28 13:00:00+00:00,844388.7188888888,844388.7188888888
2024-02-28 14:00:00+00:00,710853.7405555556,710853.7405555556
2024-02-28 15:00:00+00:00,750329.7566666667,750329.7566666667
2024-02-28 16:00:00+00:00,1065073.730277778,1065073.730277778
2024-02-28 17:00:00+00:00,904160.7847222222,904160.7847222222
2024-02-28 18:00:00+00:00,1274340.2386111112,1274340.2386111112
2024-02-28 19:00:00+00:00,1095650.201666667,1075132.9074745988
2024-02-28 20:00:00+00:00,1123132.7608333332,1123132.7608333332
2024-02-28 21:00:00+00:00,1049241.336388889,1049241.336388889
2024-02-28 22:00:00+00:00,1217760.173333333,1217760.173333333
2024-02-28 23:00:00+00:00,874693.77,874693.77
2024-02-29 00:00:00+00:00,582441.9527777778,582441.9527777778
2024-02-29 01:00:00+00:00,552617.0722222222,552617.0722222222
2024-02-29 02:00:00+00:00,571930.8430555556,571930.8430555556
2024-02-29 03:00:00+00:00,679987.3736111111,653170.2572250823
2024-02-29 04:00:00+00:00,496004.5411111111,496004.5411111111
2024-02-29 05:00:00+00:00,1096232.9241666666,1096232.9241666666
2024-02-29 06:00:00+00:00,1141232.7608333332,1141232.7608333332
2024-02-29 07:00:00+00:00,1331735.0641666667,940520.2348755609
2024-02-29 08:00:00+00:00,1896342.552777778,1896342.552777778
2024-02-29 09:00:00+00:00,1365690.2952777778,1365690.2952777778
2024-02-29 10:00:00+00:00,946896.7936111112,946896.7936111112
2024-02-29 11:00:00+00:00,1587382.1883333332,1226927.8798677973
2024-02-29 12:00:00+00:00,1895605.7472222224,1895605.7472222224
2024-02-29 13:00:00+00:00,1023104.6105555556,1023104.6105555556
2024-02-29 14:00:00+00:00,1214740.9366666668,1214740.9366666668
2024-02-29 15:00:00+00:00,1094314.3325,1094314.3325
2024-02-29 16:00:00+00:00,1184896.908611111,1184896.908611111
2024-02-29 17:00:00+00:00,1278002.038888889,1278002.038888889
2024-02-29 18:00:00+00:00,1497561.1461111112,1497561.1461111112
2024-02-29 19:00:00+00:00,1343814.1105555557,1343814.1105555557
2024-02-29 20:00:00+00:00,1385596.3766666667,1385596.3766666667
2024-02-29 21:00:00+00:00,939664.5744444444,1362252.3431108927
2024-02-29 22:00:00+00:00,843954.0208333334,1235142.1135617986
2024-02-29 23:00:00+00:00,429901.8986111111,429901.8986111111
2024-03-01 00:00:00+00:00,551563.2894444445,551563.2894444445
2024-03-01 01:00:00+00:00,375723.5169444445,375723.5169444445
2024-03-01 02:00:00+00:00,457324.0913888889,457324.0913888889
2024-03-01 03:00:00+00:00,793599.735,508046.2210468572
2024-03-01 04:00:00+00:00,1404947.4227777778,1404947.4227777778
2024-03-01 05:00:00+00:00,1850826.5436111111,1850826.5436111111
2024-03-01 06:00:00+00:00,1902732.968055556,1902732.968055556
2024-03-01 07:00:00+00:00,1153188.1191666666,1596619.2802200778
2024-03-01 08:00:00+00:00,1218780.5144444443,1218780.5144444443
2024-03-01 09:00:00+00:00,1546520.15,1546520.15
2024-03-01 10:00:00+00:00,1391542.3722222222,1391542.3722222222
2024-03-01 11:00:00+00:00,1166542.6627777778,1166542.6627777778
2024-03-01 12:00:00+00:00,990764.2333333332,990764.2333333332
2024-03-01 13:00:00+00:00,1092274.411388889,1092274.411388889
2024-03-01 14:00:00+00:00,896225.5055555556,896225.5055555556
2024-03-01 15:00:00+00:00,854321.3416666667,854321.3416666667
2024-03-01 16:00:00+00:00,917405.5144444444,917405.5144444444
2024-03-01 17:00:00+00:00,1002163.9541666668,1002163.9541666668
2024-03-01 18:00:00+00:00,1125822.8975,1125822.8975
2024-03-01 19:00:00+00:00,948233.4022222222,948233.4022222222
2024-03-01 20:00:00+00:00,928368.4277777778,928368.4277777778
2024-03-01 21:00:00+00:00,599023.4836111111,599023.4836111111
2024-03-01 22:00:00+00:00,811929.5872222222,811929.5872222222
2024-03-01 23:00:00+00:00,882630.6322222222,882630.6322222222
2024-03-02 00:00:00+00:00,661253.3786111111,661253.3786111111
2024-03-02 01:00:00+00:00,575911.1452777778,575911.1452777778
2024-03-02 02:00:00+00:00,454060.5630555556,454060.5630555556
2024-03-02 03:00:00+00:00,314587.14222222223,314587.14222222223
2024-03-02 04:00:00+00:00,429556.93833333335,429556.93833333335
2024-03-02 05:00:00+00:00,524895.7652777778,524895.7652777778
2024-03-02 06:00:00+00:00,738976.4730555556,738976.4730555556
2024-03-02 07:00:00+00:00,964661.4772222224,964661.4772222224
2024-03-02 08:00:00+00:00,738447.9102777778,738447.9102777778
2024-03-02 09:00:00+00:00,779015.2083333334,779015.2083333334
2024-03-02 10:00:00+00:00,827006.8086111111,827006.8086111111
2024-03-02 11:00:00+00:00,1232093.5472222222,1232093.5472222222
2024-03-02 12:00:00+00:00,806417.2916666666,979918.5558730909
2024-03-02 13:00:00+00:00,833549.4319444444,833549.4319444444
2024-03-02 14:00:00+00:00,795309.6808333333,795309.6808333333
2024-03-02 15:00:00+00:00,867449.2213888889,867449.2213888889
2024-03-02 16:00:00+00:00,953228.1586111112,953228.1586111112
2024-03-02 17:00:00+00:00,807799.2297222222,807799.2297222222
2024-03-02 18:00:00+00:00,850836.5811111111,850836.5811111111
2024-03-02 19:00:00+00:00,985266.6341666668,985266.6341666668
2024-03-02 20:00:00+00:00,1753229.7611111111,1753229.7611111111
2024-03-02 21:00:00+00:00,1317291.5547222225,1317291.5547222225
2024-03-02 22:00:00+00:00,952554.6911111112,952554.6911111112
2024-03-02 23:00:00+00:00,642462.1447222222,1146436.945117824
2024-03-03 00:00:00+00:00,586462.8866666667,586462.8866666667
2024-03-03 01:00:00+00:00,549480.8761111111,549480.8761111111
2024-03-03 02:00:00+00:00,825096.6347222222,825096.6347222222
2024-03-03 03:00:00+00:00,552613.2980555556,552613.2980555556
2024-03-03 04:00:00+00:00,788420.6327777777,788420.6327777777
2024-03-03 05:00:00+00:00,750723.0966666667,750723.0966666667
2024-03-03 06:00:00+00:00,920475.4319444444,920475.4319444444
2024-03-03 07:00:00+00:00,980377.2847222222,980377.2847222222
2024-03-03 08:00:00+00:00,1252786.9291666667,1252786.9291666667
2024-03-03 09:00:00+00:00,1402451.2291666667,1402451.2291666667
2024-03-03 10:00:00+00:00,1320529.1575,1320529.1575
2024-03-03 11:00:00+00:00,902444.6475,902444.6475
2024-03-03 12:00:00+00:00,1563989.5408333333,1563989.5408333333
2024-03-03 13:00:00+00:00,1210467.9244444445,1210467.9244444445
2024-03-03 14:00:00+00:00,1357118.0377777778,1357118.0377777778
2024-03-03 15:00:00+00:00,1178182.7455555554,1178182.7455555554
2024-03-03 16:00:00+00:00,979473.7775,979473.7775
2024-03-03 17:00:00+00:00,1088317.923888889,1088317.923888889
2024-03-03 18:00:00+00:00,1054368.9880555556,1054368.9880555556
2024-03-03 19:00:00+00:00,1658309.55,1658309.55
2024-03-03 20:00:00+00:00,1577389.8197222222,1577389.8197222222
2024-03-03 21:00:00+00:00,1184551.947222222,1184551.947222222
2024-03-03 22:00:00+00:00,1051836.6202777778,1051836.6202777778
2024-03-03 23:00:00+00:00,754761.9377777778,754761.9377777778
2024-03-04 00:00:00+00:00,543068.6966666667,543068.6966666667
2024-03-04 01:00:00+00:00,353768.6766666667,353768.6766666667
2024-03-04 02:00:00+00:00,328142.675,328142.675
2024-03-04 03:00:00+00:00,559209.5188888889,491050.8403750814
2024-03-04 04:00:00+00:00,987615.9966666668,635423.5009460237
2024-03-04 05:00:00+00:00,1822808.5044444448,1822808.5044444448
2024-03-04 06:00:00+00:00,1160272.3316666668,1160272.3316666668
2024-03-04 07:00:00+00:00,1509979.9041666666,1509979.9041666666
2024-03-04 08:00:00+00:00,1682404.7127777778,1682404.7127777778
2024-03-04 09:00:00+00:00,2510970.9116666666,2510970.9116666666
2024-03-04 10:00:00+00:00,1847860.9441666664,1847860.9441666664
2024-03-04 11:00:00+00:00,1757179.8402777778,1757179.8402777778
2024-03-04 12:00:00+00:00,1837582.7183333333,1837582.7183333333
2024-03-04 13:00:00+00:00,1093227.18,1093227.18
2024-03-04 14:00:00+00:00,809625.9386111111,809625.9386111111
2024-03-04 15:00:00+00:00,961304.7647222222,961304.7647222222
2024-03-04 16:00:00+00:00,975238.5802777776,975238.5802777776
2024-03-04 17:00:00+00:00,1568502.9405555555,1568502.9405555555
2024-03-04 18:00:00+00:00,1842627.7,1842627.7
2024-03-04 19:00:00+00:00,1592825.993888889,1592825.993888889
2024-03-04 20:00:00+00:00,1648320.674722222,1648320.674722222
2024-03-04 21:00:00+00:00,869980.9572222222,869980.9572222222
2024-03-04 22:00:00+00:00,582678.2636111111,582678.2636111111
2024-03-04 23:00:00+00:00,354388.3641666667,354388.3641666667
2024-03-05 00:00:00+00:00,319896.6661111111,319896.6661111111
2024-03-05 01:00:00+00:00,158847.52388888889,158847.52388888889
2024-03-05 02:00:00+00:00,480275.63972222223,480275.63972222223
2024-03-05 03:00:00+00:00,450941.9280555556,450941.9280555556
2024-03-05 04:00:00+00:00,1209307.7516666667,1209307.7516666667
2024-03-05 05:00:00+00:00,1465399.740277778,1465399.740277778
2024-03-05 06:00:00+00:00,1434696.798611111,1434696.798611111
2024-03-05 07:00:00+00:00,1539711.2408333332,1539711.2408333332
2024-03-05 08:00:00+00:00,1830829.725833333,1830829.725833333
2024-03-05 09:00:00+00:00,1126826.0094444444,1126826.0094444444
2024-03-05 10:00:00+00:00,1058272.2380555556,1058272.2380555556
2024-03-05 11:00:00+00:00,1123263.2447222222,1123263.2447222222
2024-03-05 12:00:00+00:00,839009.4122222222,839009.4122222222
2024-03-05 13:00:00+00:00,1024565.8794444444,1024565.8794444444
2024-03-05 14:00:00+00:00,881942.315,881942.315
2024-03-05 15:00:00+00:00,728964.7008333333,728964.7008333333
2024-03-05 16:00:00+00:00,871688.3363888889,871688.3363888889
2024-03-05 17:00:00+00:00,1199588.381111111,1199588.381111111
2024-03-05 18:00:00+00:00,1411391.7247222222,1411391.7247222222
2024-03-05 19:00:00+00:00,1112429.108611111,1112429.108611111
2024-03-05 20:00:00+00:00,923332.5302777778,923332.5302777778
2024-03-05 21:00:00+00:00,1120151.534166667,1120151.534166667
2024-03-05 22:00:00+00:00,846619.5238888889,846619.5238888889
2024-03-05 23:00:00+00:00,655374.8802777778,655374.8802777778
2024-03-06 00:00:00+00:00,360145.4711111111,360145.4711111111
2024-03-06 01:00:00+00:00,501584.3027777778,501584.3027777778
2024-03-06 02:00:00+00:00,249770.25,249770.25
2024-03-06 03:00:00+00:00,255143.0352777778,255143.0352777778
2024-03-06 04:00:00+00:00,1103301.5769444443,358154.6199377392
2024-03-06 05:00:00+00:00,1092777.025,1092777.025
2024-03-06 06:00:00+00:00,1334301.3994444443,1334301.3994444443
2024-03-06 07:00:00+00:00,1284035.3597222222,1284035.3597222222
2024-03-06 08:00:00+00:00,1227116.7080555556,1227116.7080555556
2024-03-06 09:00:00+00:00,1029854.5394444444,1029854.5394444444
2024-03-06 10:00:00+00:00,1195077.9163888888,1195077.9163888888
2024-03-06 11:00:00+00:00,1484022.4461111112,1484022.4461111112
2024-03-06 12:00:00+00:00,2054464.090555556,2054464.090555556
2024-03-06 13:00:00+00:00,1273460.9766666666,1273460.9766666666
2024-03-06 14:00:00+00:00,1464042.705,1464042.705
2024-03-06 15:00:00+00:00,1380914.8319444444,1380914.8319444444
2024-03-06 16:00:00+00:00,1382434.006388889,1382434.006388889
2024-03-06 17:00:00+00:00,1635352.1725,1635352.1725
2024-03-06 18:00:00+00:00,1542977.3980555555,1506896.202673894
2024-03-06 19:00:00+00:00,1483402.9388888888,1563734.580293121
2024-03-06 20:00:00+00:00,1646015.4308333334,1646015.4308333334
2024-03-06 21:00:00+00:00,1010912.9338888888,1010912.9338888888
2024-03-06 22:00:00+00:00,822177.5194444444,822177.5194444444
2024-03-06 23:00:00+00:00,671639.3772222223,671639.3772222223
2024-03-07 00:00:00+00:00,372005.1005555556,372005.1005555556
2024-03-07 01:00:00+00:00,446881.705,446881.705
2024-03-07 02:00:00+00:00,345697.27555555553,345697.27555555553
2024-03-07 03:00:00+00:00,613388.2758333334,613388.2758333334
2024-03-07 04:00:00+00:00,1184741.191111111,1184741.191111111
2024-03-07 05:00:00+00:00,1520012.5475,1520012.5475
2024-03-07 06:00:00+00:00,1815617.5594444445,1119605.0190294401
2024-03-07 07:00:00+00:00,1019031.7975,1019031.7975
2024-03-07 08:00:00+00:00,1223127.5977777778,1223127.5977777778
2024-03-07 09:00:00+00:00,1240546.933333333,1240546.933333333
2024-03-07 10:00:00+00:00,1307625.358611111,1307625.358611111
2024-03-07 11:00:00+00:00,1106780.612222222,1106780.612222222
2024-03-07 12:00:00+00:00,973746.4916666668,973746.4916666668
2024-03-07 13:00:00+00:00,784399.5363888888,784399.5363888888
2024-03-07 14:00:00+00:00,1048575.2413888888,1048575.2413888888
2024-03-07 15:00:00+00:00,1315182.8530555556,1315182.8530555556
2024-03-07 16:00:00+00:00,1622061.8575,1622061.8575
2024-03-07 17:00:00+00:00,1764333.933888889,1764333.933888889
2024-03-07 18:00:00+00:00,1708266.1155555556,1708266.1155555556
2024-03-07 19:00:00+00:00,2089431.8275,2089431.8275
2024-03-07 20:00:00+00:00,1641572.2052777775,1641572.2052777775
2024-03-07 21:00:00+00:00,1359522.3447222223,1359522.3447222223
2024-03-07 22:00:00+00:00,742267.3113888889,742267.3113888889
2024-03-07 23:00:00+00:00,587010.525,587010.525
2024-03-08 00:00:00+00:00,716592.2858333334,716592.2858333334
2024-03-08 01:00:00+00:00,524924.4808333333,524924.4808333333
2024-03-08 02:00:00+00:00,944927.8113888887,944927.8113888887
2024-03-08 03:00:00+00:00,437981.33166666667,437981.33166666667
2024-03-08 04:00:00+00:00,1392063.4202777778,1392063.4202777778
2024-03-08 05:00:00+00:00,1682597.7019444443,1682597.7019444443
2024-03-08 06:00:00+00:00,1075595.7075,1075595.7075
2024-03-08 07:00:00+00:00,1542148.1744444445,1542148.1744444445
2024-03-08 08:00:00+00:00,1440411.8247222223,1440411.8247222223
2024-03-08 09:00:00+00:00,1309529.7572222222,1309529.7572222222
2024-03-08 10:00:00+00:00,1202484.891388889,1202484.891388889
2024-03-08 11:00:00+00:00,1170283.7605555556,1170283.7605555556
2024-03-08 12:00:00+00:00,1116162.1822222222,1237111.0216838615
2024-03-08 13:00:00+00:00,894623.5544444445,894623.5544444445
2024-03-08 14:00:00+00:00,947340.365,947340.365
2024-03-08 15:00:00+00:00,844322.96,844322.96
2024-03-08 16:00:00+00:00,601668.9213888888,601668.9213888888
2024-03-08 17:00:00+00:00,1188886.4897222223,1188886.4897222223
2024-03-08 18:00:00+00:00,877329.6175,961893.9613022332
2024-03-08 19:00:00+00:00,1784573.8963888888,1784573.8963888888
2024-03-08 20:00:00+00:00,1305290.4119444443,1305290.4119444443
2024-03-08 21:00:00+00:00,770021.4458333333,1384724.3811799434
2024-03-08 22:00:00+00:00,782664.6575,782664.6575
2024-03-08 23:00:00+00:00,789716.1338888889,789716.1338888889
2024-03-09 00:00:00+00:00,588214.526388889,588214.526388889
2024-03-09 01:00:00+00:00,599401.0247222222,599401.0247222222
2024-03-09 02:00:00+00:00,219156.94083333333,219156.94083333333
2024-03-09 03:00:00+00:00,392370.9894444444,392370.9894444444
2024-03-09 04:00:00+00:00,819687.035,819687.035
2024-03-09 05:00:00+00:00,891376.0033333333,891376.0033333333
2024-03-09 06:00:00+00:00,952128.2102777776,952128.2102777776
2024-03-09 07:00:00+00:00,1114009.629166667,1114009.629166667
2024-03-09 08:00:00+00:00,744224.2616666667,950152.3181961026
2024-03-09 09:00:00+00:00,842791.9475,842791.9475
2024-03-09 10:00:00+00:00,1237935.1494444443,1237935.1494444443
2024-03-09 11:00:00+00:00,1359015.8738888889,1359015.8738888889
2024-03-09 12:00:00+00:00,1702374.2733333334,1184007.3744829276
2024-03-09 13:00:00+00:00,1476644.4525,1476644.4525
2024-03-09 14:00:00+00:00,1650213.6380555555,1650213.6380555555
2024-03-09 15:00:00+00:00,1666289.8425,1666289.8425
2024-03-09 16:00:00+00:00,2150280.4372222223,2150280.4372222223
2024-03-09 17:00:00+00:00,1955988.1888888888,1955988.1888888888
2024-03-09 18:00:00+00:00,2049414.863055556,2049414.863055556
2024-03-09 19:00:00+00:00,2253626.2127777776,2253626.2127777776
2024-03-09 20:00:00+00:00,1742176.9294444444,1742176.9294444444
2024-03-09 21:00:00+00:00,1788815.6869444444,1788815.6869444444
2024-03-09 22:00:00+00:00,1036109.5286111112,1036109.5286111112
2024-03-09 23:00:00+00:00,845616.6,845616.6
2024-03-10 00:00:00+00:00,411830.3033333333,411830.3033333333
2024-03-10 01:00:00+00:00,332737.5175,332737.5175
2024-03-10 02:00:00+00:00,252524.5586111111,252524.5586111111
2024-03-10 03:00:00+00:00,333004.48027777777,333004.48027777777
2024-03-10 04:00:00+00:00,594972.9722222222,594972.9722222222
2024-03-10 05:00:00+00:00,547388.3291666667,547388.3291666667
2024-03-10 06:00:00+00:00,625784.7180555556,625784.7180555556
2024-03-10 07:00:00+00:00,1070667.6602777778,1070667.6602777778
2024-03-10 08:00:00+00:00,878924.5108333334,781598.3337345226
2024-03-10 09:00:00+00:00,943081.0941666666,943081.0941666666
2024-03-10 10:00:00+00:00,968470.6313888888,968470.6313888888
2024-03-10 11:00:00+00:00,1805304.6297222225,1805304.6297222225
2024-03-10 12:00:00+00:00,1732324.6866666668,1732324.6866666668
2024-03-10 13:00:00+00:00,1477466.3675,1477466.3675
2024-03-10 14:00:00+00:00,1812160.5147222225,1485207.1983355926
2024-03-10 15:00:00+00:00,1568691.2694444444,1568691.2694444444
2024-03-10 16:00:00+00:00,1201669.7522222225,1201669.7522222225
2024-03-10 17:00:00+00:00,1692613.6325,1692613.6325
2024-03-10 18:00:00+00:00,1595962.5858333334,1595962.5858333334
2024-03-10 19:00:00+00:00,1630063.4888888889,1552511.3267219649
2024-03-10 20:00:00+00:00,1356316.174722222,1356316.174722222
2024-03-10 21:00:00+00:00,1300969.3619444445,1449312.8388080637
2024-03-10 22:00:00+00:00,753215.0147222222,753215.0147222222
2024-03-10 23:00:00+00:00,659551.4030555555,659551.4030555555
2024-03-11 00:00:00+00:00,643865.0227777777,643865.0227777777
2024-03-11 01:00:00+00:00,295527.5886111111,295527.5886111111
2024-03-11 02:00:00+00:00,288925.16583333333,571596.2096247585
2024-03-11 03:00:00+00:00,320602.7213888889,528896.8346085047
2024-03-11 04:00:00+00:00,826218.2152777778,826218.2152777778
2024-03-11 05:00:00+00:00,1088799.907777778,1088799.907777778
2024-03-11 06:00:00+00:00,1195164.9991666668,1195164.9991666668
2024-03-11 07:00:00+00:00,1124447.7516666667,1124447.7516666667
2024-03-11 08:00:00+00:00,1783106.4275,1783106.4275
2024-03-11 09:00:00+00:00,1725853.6697222225,1369023.784200456
2024-03-11 10:00:00+00:00,1779056.3052777778,1779056.3052777778
2024-03-11 11:00:00+00:00,1744104.1233333333,1744104.1233333333
2024-03-11 12:00:00+00:00,1521942.8644444444,1521942.8644444444
2024-03-11 13:00:00+00:00,1753507.2872222222,1753507.2872222222
2024-03-11 14:00:00+00:00,1242468.1025,1242468.1025
2024-03-11 15:00:00+00:00,1219822.515,1219822.515
2024-03-11 16:00:00+00:00,1128441.7319444444,1128441.7319444444
2024-03-11 17:00:00+00:00,1446225.8733333333,1446225.8733333333
2024-03-11 18:00:00+00:00,1667349.7033333334,1667349.7033333334
2024-03-11 19:00:00+00:00,1808918.375555556,1808918.375555556
2024-03-11 20:00:00+00:00,1321851.4075,1321851.4075
2024-03-11 21:00:00+00:00,1034937.2322222224,1034937.2322222224
2024-03-11 22:00:00+00:00,951680.7675,951680.7675
2024-03-11 23:00:00+00:00,794248.0494444445,794248.0494444445
2024-03-12 00:00:00+00:00,445691.0577777778,445691.0577777778
2024-03-12 01:00:00+00:00,356821.6541666667,356821.6541666667
2024-03-12 02:00:00+00:00,389634.53277777776,389634.53277777776
2024-03-12 03:00:00+00:00,324183.9161111111,324183.9161111111
2024-03-12 04:00:00+00:00,772566.9188888889,772566.9188888889
2024-03-12 05:00:00+00:00,1113605.5458333334,1113605.5458333334
2024-03-12 06:00:00+00:00,1091849.1419444445,1091849.1419444445
2024-03-12 07:00:00+00:00,723278.9747222222,723278.9747222222
2024-03-12 08:00:00+00:00,873879.7127777778,873879.7127777778
2024-03-12 09:00:00+00:00,1538837.2925,1538837.2925
2024-03-12 10:00:00+00:00,1476837.2930555556,1476837.2930555556
2024-03-12 11:00:00+00:00,1844884.7033333331,1844884.7033333331
2024-03-12 12:00:00+00:00,1848243.2655555557,1848243.2655555557
2024-03-12 13:00:00+00:00,1329300.9258333333,1329300.9258333333
2024-03-12 14:00:00+00:00,665188.0119444445,665188.0119444445
2024-03-12 15:00:00+00:00,970896.7113888888,970896.7113888888
2024-03-12 16:00:00+00:00,1197500.0436111111,1197500.0436111111
2024-03-12 17:00:00+00:00,1470896.2588888889,1470896.2588888889
2024-03-12 18:00:00+00:00,1456392.7852777778,1456392.7852777778
2024-03-12 19:00:00+00:00,2128542.797222222,2128542.797222222
2024-03-12 20:00:00+00:00,1496025.3244444444,1496025.3244444444
2024-03-12 21:00:00+00:00,1313892.6236111112,1313892.6236111112
2024-03-12 22:00:00+00:00,1394675.2675,1394675.2675
2024-03-12 23:00:00+00:00,1113863.5347222222,1113863.5347222222
2024-03-13 00:00:00+00:00,655950.9355555555,655950.9355555555
2024-03-13 01:00:00+00:00,821254.4897222222,1023434.4016917723
2024-03-13 02:00:00+00:00,325622.3288888889,325622.3288888889
2024-03-13 03:00:00+00:00,596923.7463888889,596923.7463888889
2024-03-13 04:00:00+00:00,1335231.3822222222,1335231.3822222222
2024-03-13 05:00:00+00:00,1999510.7675,1999510.7675
2024-03-13 06:00:00+00:00,1326308.9452777775,1326308.9452777775
2024-03-13 07:00:00+00:00,1097511.7313888888,1357452.9786221865
2024-03-13 08:00:00+00:00,1893564.845,1893564.845
2024-03-13 09:00:00+00:00,1835393.4525,1835393.4525
2024-03-13 10:00:00+00:00,2096396.4802777776,2096396.4802777776
2024-03-13 11:00:00+00:00,2101205.548611111,2101205.548611111
2024-03-13 12:00:00+00:00,1551910.996388889,1551910.996388889
2024-03-13 13:00:00+00:00,2035345.1666666667,2035345.1666666667
2024-03-13 14:00:00+00:00,975625.8516666668,975625.8516666668
2024-03-13 15:00:00+00:00,881012.1452777778,881012.1452777778
2024-03-13 16:00:00+00:00,2350139.8305555554,2350139.8305555554
2024-03-13 17:00:00+00:00,1633258.638611111,1633258.638611111
2024-03-13 18:00:00+00:00,2133680.0241666664,2133680.0241666664
2024-03-13 19:00:00+00:00,1935019.441388889,1875125.9734456693
2024-03-13 20:00:00+00:00,1011461.0863888888,1011461.0863888888
2024-03-13 21:00:00+00:00,884139.5258333334,1429086.5681428667
2024-03-13 22:00:00+00:00,596924.7902777778,596924.7902777778
2024-03-13 23:00:00+00:00,543249.01,543249.01
2024-03-14 00:00:00+00:00,1019654.5208333334,1019654.5208333334
2024-03-14 01:00:00+00:00,710205.8533333334,710205.8533333334
2024-03-14 02:00:00+00:00,478648.7891666667,478648.7891666667
2024-03-14 03:00:00+00:00,1033322.2963888888,1033322.2963888888
2024-03-14 04:00:00+00:00,1258879.2675,1258879.2675
2024-03-14 05:00:00+00:00,1909745.9944444443,1909745.9944444443
2024-03-14 06:00:00+00:00,1552640.7666666666,1552640.7666666666
2024-03-14 07:00:00+00:00,1747065.5466666666,1747065.5466666666
2024-03-14 08:00:00+00:00,2499879.835555556,2499879.835555556
2024-03-14 09:00:00+00:00,2662596.8072222224,2662596.8072222224
2024-03-14 10:00:00+00:00,2018976.9016666664,2273613.1420212197
2024-03-14 11:00:00+00:00,1616928.8433333333,1616928.8433333333
2024-03-14 12:00:00+00:00,2438641.230833333,2438641.230833333
2024-03-14 13:00:00+00:00,1348274.2891666666,2164975.618712109
2024-03-14 14:00:00+00:00,1144067.4161111112,1144067.4161111112
2024-03-14 15:00:00+00:00,1062707.8311111112,1062707.8311111112
2024-03-14 16:00:00+00:00,912664.9033333332,912664.9033333332
2024-03-14 17:00:00+00:00,1241793.0177777775,1241793.0177777775
2024-03-14 18:00:00+00:00,1001061.5463888888,1001061.5463888888
2024-03-14 19:00:00+00:00,1219828.8755555556,1219828.8755555556
2024-03-14 20:00:00+00:00,759025.545,759025.545
2024-03-14 21:00:00+00:00,931097.6180555556,931097.6180555556
2024-03-14 22:00:00+00:00,1603859.1877777777,1603859.1877777777
2024-03-14 23:00:00+00:00,790791.5886111112,790791.5886111112
2024-03-15 00:00:00+00:00,923507.5102777778,923507.5102777778
2024-03-15 01:00:00+00:00,756812.9975,993422.5398050697
2024-03-15 02:00:00+00:00,379458.8663888889,379458.8663888889
2024-03-15 03:00:00+00:00,304435.7522222222,304435.7522222222
2024-03-15 04:00:00+00:00,792505.5436111111,792505.5436111111
2024-03-15 05:00:00+00:00,1206390.5213888888,1206390.5213888888
2024-03-15 06:00:00+00:00,1054011.0275,1054011.0275
2024-03-15 07:00:00+00:00,1284279.3925,1284279.3925
2024-03-15 08:00:00+00:00,1140456.908611111,1140456.908611111
2024-03-15 09:00:00+00:00,1738287.365,1114702.9279198113
2024-03-15 10:00:00+00:00,1078836.1280555555,1078836.1280555555
2024-03-15 11:00:00+00:00,1927275.371111111,1927275.371111111
2024-03-15 12:00:00+00:00,1526616.7313888888,1526616.7313888888
2024-03-15 13:00:00+00:00,1327041.2891666666,1485871.9198693363
2024-03-15 14:00:00+00:00,1779878.5211111112,1779878.5211111112
2024-03-15 15:00:00+00:00,1465095.6961111112,1465095.6961111112
2024-03-15 16:00:00+00:00,1694154.6977777777,1694154.6977777777
2024-03-15 17:00:00+00:00,1986774.1375,1986774.1375
2024-03-15 18:00:00+00:00,1702942.0258333334,1702942.0258333334
2024-03-15 19:00:00+00:00,1793841.3594444443,1793841.3594444443
2024-03-15 20:00:00+00:00,1411973.0205555556,1411973.0205555556
2024-03-15 21:00:00+00:00,1808610.7508333328,1808610.7508333328
2024-03-15 22:00:00+00:00,1390304.201111111,1697961.8218061412
2024-03-15 23:00:00+00:00,927685.2816666666,927685.2816666666
2024-03-16 00:00:00+00:00,480279.0088888889,480279.0088888889
2024-03-16 01:00:00+00:00,486719.9233333333,486719.9233333333
2024-03-16 02:00:00+00:00,357831.1433333333,357831.1433333333
2024-03-16 03:00:00+00:00,434888.5788888889,434888.5788888889
2024-03-16 04:00:00+00:00,834402.8505555555,834402.8505555555
2024-03-16 05:00:00+00:00,604612.7447222222,604612.7447222222
2024-03-16 06:00:00+00:00,653040.6116666667,653040.6116666667
2024-03-16 07:00:00+00:00,900183.9675,900183.9675
2024-03-16 08:00:00+00:00,1016821.8333333334,752727.5777878345
2024-03-16 09:00:00+00:00,1096546.2527777778,1096546.2527777778
2024-03-16 10:00:00+00:00,908087.4180555556,908087.4180555556
2024-03-16 11:00:00+00:00,1282126.1,1282126.1
2024-03-16 12:00:00+00:00,1774068.9708333334,1774068.9708333334
2024-03-16 13:00:00+00:00,2004138.568888889,2004138.568888889
2024-03-16 14:00:00+00:00,2176614.0038888888,2176614.0038888888
2024-03-16 15:00:00+00:00,1652957.1877777777,1652957.1877777777
2024-03-16 16:00:00+00:00,1601673.5133333334,1601673.5133333334
2024-03-16 17:00:00+00:00,1775782.826388889,1775782.826388889
2024-03-16 18:00:00+00:00,1216805.4225,1216805.4225
2024-03-16 19:00:00+00:00,1833149.7186111112,1833149.7186111112
2024-03-16 20:00:00+00:00,1956881.908611111,1956881.908611111
2024-03-16 21:00:00+00:00,1243997.9369444444,1243997.9369444444
2024-03-16 22:00:00+00:00,1308016.5883333334,1550458.277107771
2024-03-16 23:00:00+00:00,2942496.88,2942496.88
2024-03-17 00:00:00+00:00,1332869.5325,1332869.5325
2024-03-17 01:00:00+00:00,982984.7794444443,982984.7794444443
2024-03-17 02:00:00+00:00,497158.33944444446,497158.33944444446
2024-03-17 03:00:00+00:00,632751.3344444444,632751.3344444444
2024-03-17 04:00:00+00:00,581521.3097222223,581521.3097222223
2024-03-17 05:00:00+00:00,545172.8247222222,545172.8247222222
2024-03-17 06:00:00+00:00,887394.2880555555,887394.2880555555
2024-03-17 07:00:00+00:00,1280521.9558333333,1280521.9558333333
2024-03-17 08:00:00+00:00,789531.8663888889,789531.8663888889
2024-03-17 09:00:00+00:00,1181353.1819444443,1181353.1819444443
2024-03-17 10:00:00+00:00,1226737.4727777778,1226737.4727777778
2024-03-17 11:00:00+00:00,1101625.1966666668,1101625.1966666668
2024-03-17 12:00:00+00:00,1999353.3447222223,1999353.3447222223
2024-03-17 13:00:00+00:00,1993258.134722222,1993258.134722222
2024-03-17 14:00:00+00:00,2106073.754444445,2106073.754444445
2024-03-17 15:00:00+00:00,1523638.5355555555,1523638.5355555555
2024-03-17 16:00:00+00:00,1910610.5552777776,1910610.5552777776
2024-03-17 17:00:00+00:00,1739894.99,1739894.99
2024-03-17 18:00:00+00:00,2158650.583888889,2158650.583888889
2024-03-17 19:00:00+00:00,1754448.441388889,1754448.441388889
2024-03-17 20:00:00+00:00,1774407.6583333334,1860934.9805933717
2024-03-17 21:00:00+00:00,2102310.1197222224,2102310.1197222224
2024-03-17 22:00:00+00:00,1238914.4969444445,1981397.2952975135
2024-03-17 23:00:00+00:00,601571.6275,601571.6275
2024-03-18 00:00:00+00:00,862836.66,862836.66
2024-03-18 01:00:00+00:00,668523.3044444445,668523.3044444445
2024-03-18 02:00:00+00:00,1003252.7030555556,1003252.7030555556
2024-03-18 03:00:00+00:00,1280414.9405555555,1280414.9405555555
2024-03-18 04:00:00+00:00,742252.1966666667,742252.1966666667
2024-03-18 05:00:00+00:00,1571037.8125,1571037.8125
2024-03-18 06:00:00+00:00,1227175.5994444443,1227175.5994444443
2024-03-18 07:00:00+00:00,1083158.4458333333,1083158.4458333333
2024-03-18 08:00:00+00:00,1421310.9325,1421310.9325
2024-03-18 09:00:00+00:00,1015842.3458333332,1015842.3458333332
2024-03-18 10:00:00+00:00,1057330.052777778,1057330.052777778
2024-03-18 11:00:00+00:00,1589151.788888889,1589151.788888889
2024-03-18 12:00:00+00:00,1959773.4883333333,1959773.4883333333
2024-03-18 13:00:00+00:00,1597746.0266666666,1595608.6455815774
2024-03-18 14:00:00+00:00,1073602.2930555556,1073602.2930555556
2024-03-18 15:00:00+00:00,1215319.6280555555,1351504.0136993888
2024-03-18 16:00:00+00:00,1676499.0830555556,1676499.0830555556
2024-03-18 17:00:00+00:00,1891715.2852777776,1891715.2852777776
2024-03-18 18:00:00+00:00,1742659.2377777777,1742659.2377777777
2024-03-18 19:00:00+00:00,2384399.0827777777,2384399.0827777777
2024-03-18 20:00:00+00:00,1588424.5025,1588424.5025
2024-03-18 21:00:00+00:00,1874227.475555556,1874227.475555556
2024-03-18 22:00:00+00:00,1045519.8708333332,1843140.0097266596
2024-03-18 23:00:00+00:00,572166.2994444445,572166.2994444445
2024-03-19 00:00:00+00:00,404081.4208333333,404081.4208333333
2024-03-19 01:00:00+00:00,314304.3677777778,314304.3677777778
2024-03-19 02:00:00+00:00,374001.21,374001.21
2024-03-19 03:00:00+00:00,740458.835,740458.835
2024-03-19 04:00:00+00:00,1252077.6963888889,1252077.6963888889
2024-03-19 05:00:00+00:00,1625187.3697222222,1625187.3697222222
2024-03-19 06:00:00+00:00,1839411.1819444443,1839411.1819444443
2024-03-19 07:00:00+00:00,2144102.5580555554,2144102.5580555554
2024-03-19 08:00:00+00:00,1805139.9447222224,1805139.9447222224
2024-03-19 09:00:00+00:00,1486456.975833333,1486456.975833333
2024-03-19 10:00:00+00:00,1847497.74,1847497.74
2024-03-19 11:00:00+00:00,1599762.275,1599762.275
2024-03-19 12:00:00+00:00,1786900.7088888888,1786900.7088888888
2024-03-19 13:00:00+00:00,1070626.4027777778,1070626.4027777778
2024-03-19 14:00:00+00:00,952674.2594444444,952674.2594444444
2024-03-19 15:00:00+00:00,1277478.9588888888,1277478.9588888888
2024-03-19 16:00:00+00:00,1635618.711666667,1635618.711666667
2024-03-19 17:00:00+00:00,1555316.51,1555316.51
2024-03-19 18:00:00+00:00,1711794.7838888888,1711794.7838888888
2024-03-19 19:00:00+00:00,2006002.5516666668,2006002.5516666668
2024-03-19 20:00:00+00:00,1585333.6330555556,1585333.6330555556
2024-03-19 21:00:00+00:00,1235757.2755555557,1235757.2755555557
2024-03-19 22:00:00+00:00,1361131.796111111,1361131.796111111
2024-03-19 23:00:00+00:00,330191.1641666667,330191.1641666667
2024-03-20 00:00:00+00:00,362589.0916666667,362589.0916666667
2024-03-20 01:00:00+00:00,240915.19722222225,240915.19722222225
2024-03-20 02:00:00+00:00,437845.4016666667,437845.4016666667
2024-03-20 03:00:00+00:00,780111.6011111111,780111.6011111111
2024-03-20 04:00:00+00:00,1183280.9619444443,1183280.9619444443
2024-03-20 05:00:00+00:00,1313814.292777778,1313814.292777778
2024-03-20 06:00:00+00:00,1217713.1255555556,1217713.1255555556
2024-03-20 07:00:00+00:00,1415499.108888889,1415499.108888889
2024-03-20 08:00:00+00:00,1543983.5438888888,1543983.5438888888
2024-03-20 09:00:00+00:00,1544016.4341666666,1544016.4341666666
2024-03-20 10:00:00+00:00,1617795.4919444444,1617795.4919444444
2024-03-20 11:00:00+00:00,1561305.756111111,1561305.756111111
2024-03-20 12:00:00+00:00,1520162.3472222222,1520162.3472222222
2024-03-20 13:00:00+00:00,991025.1002777778,991025.1002777778
2024-03-20 14:00:00+00:00,1073015.3425,1073015.3425
2024-03-20 15:00:00+00:00,1478962.2758333334,1478962.2758333334
2024-03-20 16:00:00+00:00,1557579.235,1557579.235
2024-03-20 17:00:00+00:00,2064115.865277778,2064115.865277778
2024-03-20 18:00:00+00:00,1783083.6783333332,1783083.6783333332
2024-03-20 19:00:00+00:00,1634277.9283333332,1634277.9283333332
2024-03-20 20:00:00+00:00,1674246.528333333,1674246.528333333
2024-03-20 21:00:00+00:00,1488549.0905555557,1488549.0905555557
2024-03-20 22:00:00+00:00,1068376.4877777777,1599958.6987619128
2024-03-20 23:00:00+00:00,718260.8008333333,718260.8008333333
2024-03-21 00:00:00+00:00,496189.6794444444,496189.6794444444
2024-03-21 01:00:00+00:00,462942.7788888889,462942.7788888889
2024-03-21 02:00:00+00:00,243815.22833333333,243815.22833333333
2024-03-21 03:00:00+00:00,358340.04555555555,358340.04555555555
2024-03-21 04:00:00+00:00,920683.4325,433658.73637158505
2024-03-21 05:00:00+00:00,1287192.2091666667,507146.6466770271
2024-03-21 06:00:00+00:00,1096335.7672222222,1096335.7672222222
2024-03-21 07:00:00+00:00,1305007.88,1305007.88
2024-03-21 08:00:00+00:00,1347427.308611111,1347427.308611111
2024-03-21 09:00:00+00:00,1426483.947222222,1426483.947222222
2024-03-21 10:00:00+00:00,1134001.9561111112,1134001.9561111112
2024-03-21 11:00:00+00:00,1849736.3744444444,1849736.3744444444
2024-03-21 12:00:00+00:00,1440071.8869444444,1490407.0299184318
2024-03-21 13:00:00+00:00,1121811.6744444445,1121811.6744444445
2024-03-21 14:00:00+00:00,1436516.7713888888,1436516.7713888888
2024-03-21 15:00:00+00:00,1466196.4541666666,1466196.4541666666
2024-03-21 16:00:00+00:00,1336245.94,1336245.94
2024-03-21 17:00:00+00:00,1662549.3783333334,1662549.3783333334
2024-03-21 18:00:00+00:00,1900830.4183333328,1900830.4183333328
2024-03-21 19:00:00+00:00,2197517.9,1673866.634612541
2024-03-21 20:00:00+00:00,2219946.743333333,2219946.743333333
2024-03-21 21:00:00+00:00,1822279.8172222225,1822279.8172222225
2024-03-21 22:00:00+00:00,1286650.5733333332,1286650.5733333332
2024-03-21 23:00:00+00:00,852336.71,852336.71
2024-03-22 00:00:00+00:00,730513.8408333333,730513.8408333333
2024-03-22 01:00:00+00:00,532086.5138888889,532086.5138888889
2024-03-22 02:00:00+00:00,305193.0469444444,305193.0469444444
2024-03-22 03:00:00+00:00,786953.8116666666,786953.8116666666
2024-03-22 04:00:00+00:00,1065004.2619444444,1065004.2619444444
2024-03-22 05:00:00+00:00,2557675.806666666,2557675.806666666
2024-03-22 06:00:00+00:00,1604609.0902777778,1583958.9880413366
2024-03-22 07:00:00+00:00,1990549.0716666668,1990549.0716666668
2024-03-22 08:00:00+00:00,2220777.164444444,2220777.164444444
2024-03-22 09:00:00+00:00,1873474.664722222,1873474.664722222
2024-03-22 10:00:00+00:00,1781749.0941666667,1781749.0941666667
2024-03-22 11:00:00+00:00,1290512.158611111,1290512.158611111
2024-03-22 12:00:00+00:00,1226214.0525,1226214.0525
2024-03-22 13:00:00+00:00,1217823.754166667,1217823.754166667
2024-03-22 14:00:00+00:00,1127803.9127777778,1127803.9127777778
2024-03-22 15:00:00+00:00,1282536.8194444445,1256962.9638912093
2024-03-22 16:00:00+00:00,1395095.2822222223,1395095.2822222223
2024-03-22 17:00:00+00:00,1076920.0658333334,1317537.2227329742
2024-03-22 18:00:00+00:00,1809980.8636111112,1809980.8636111112
2024-03-22 19:00:00+00:00,1464845.8483333334,1464845.8483333334
2024-03-22 20:00:00+00:00,1721545.9519444443,1721545.9519444443
2024-03-22 21:00:00+00:00,935923.7844444443,1619014.278695085
2024-03-22 22:00:00+00:00,494085.8286111111,494085.8286111111
2024-03-22 23:00:00+00:00,540440.4219444444,540440.4219444444
2024-03-23 00:00:00+00:00,344364.17083333334,344364.17083333334
2024-03-23 01:00:00+00:00,268771.065,268771.065
2024-03-23 02:00:00+00:00,67535.35972222222,461976.4445689159
2024-03-23 03:00:00+00:00,181939.33833333332,181939.33833333332
2024-03-23 04:00:00+00:00,509843.2613888889,509843.2613888889
2024-03-23 05:00:00+00:00,631756.4991666666,631756.4991666666
2024-03-23 06:00:00+00:00,626639.2402777778,626639.2402777778
2024-03-23 07:00:00+00:00,770308.0369444444,770308.0369444444
2024-03-23 08:00:00+00:00,1025643.0088888888,1025643.0088888888
2024-03-23 09:00:00+00:00,919177.5066666668,808226.1464116385
2024-03-23 10:00:00+00:00,907172.7255555555,907172.7255555555
2024-03-23 11:00:00+00:00,1295239.766111111,1295239.766111111
2024-03-23 12:00:00+00:00,1290889.4727777778,1064258.6233339838
2024-03-23 13:00:00+00:00,1305586.58,1144077.2803042028
2024-03-23 14:00:00+00:00,1158446.552777778,1158446.552777778
2024-03-23 15:00:00+00:00,1407651.927777778,1407651.927777778
2024-03-23 16:00:00+00:00,1245820.9386111111,1245820.9386111111
2024-03-23 17:00:00+00:00,1754330.9308333334,1754330.9308333334
2024-03-23 18:00:00+00:00,1006768.0272222222,1006768.0272222222
2024-03-23 19:00:00+00:00,953347.0447222224,953347.0447222224
2024-03-23 20:00:00+00:00,746564.5852777777,746564.5852777777
2024-03-23 21:00:00+00:00,898794.4180555556,898794.4180555556
2024-03-23 22:00:00+00:00,559231.7108333333,559231.7108333333
2024-03-23 23:00:00+00:00,271541.72694444447,271541.72694444447
2024-03-24 00:00:00+00:00,172439.92472222223,172439.92472222223
2024-03-24 01:00:00+00:00,469701.43583333335,469701.43583333335
2024-03-24 02:00:00+00:00,361651.6919444445,361651.6919444445
2024-03-24 03:00:00+00:00,481005.21277777775,481005.21277777775
2024-03-24 04:00:00+00:00,666901.1661111111,666901.1661111111
2024-03-24 05:00:00+00:00,796036.5547222223,796036.5547222223
2024-03-24 06:00:00+00:00,1252111.6588888888,646898.7117492249
2024-03-24 07:00:00+00:00,1050621.4708333334,1050621.4708333334
2024-03-24 08:00:00+00:00,1299506.1919444446,1299506.1919444446
2024-03-24 09:00:00+00:00,979615.2108333332,979615.2108333332
2024-03-24 10:00:00+00:00,758494.12,758494.12
2024-03-24 11:00:00+00:00,984764.9608333332,912246.4816295225
2024-03-24 12:00:00+00:00,918066.6455555556,918066.6455555556
2024-03-24 13:00:00+00:00,736436.2513888889,736436.2513888889
2024-03-24 14:00:00+00:00,990869.7619444444,990869.7619444444
2024-03-24 15:00:00+00:00,540328.9738888888,540328.9738888888
2024-03-24 16:00:00+00:00,660546.3191666667,660546.3191666667
2024-03-24 17:00:00+00:00,1182183.9544444445,1182183.9544444445
2024-03-24 18:00:00+00:00,958552.9397222224,958552.9397222224
2024-03-24 19:00:00+00:00,1225429.595,1225429.595
2024-03-24 20:00:00+00:00,835313.1216666667,835313.1216666667
2024-03-24 21:00:00+00:00,769503.6522222222,769503.6522222222
2024-03-24 22:00:00+00:00,539948.5208333334,539948.5208333334
2024-03-24 23:00:00+00:00,340548.64694444445,340548.64694444445
2024-03-25 00:00:00+00:00,243712.4261111111,243712.4261111111
2024-03-25 01:00:00+00:00,230522.83277777777,230522.83277777777
2024-03-25 02:00:00+00:00,372118.0630555556,372118.0630555556
2024-03-25 03:00:00+00:00,666261.6191666666,666261.6191666666
2024-03-25 04:00:00+00:00,745141.9380555556,745141.9380555556
2024-03-25 05:00:00+00:00,939123.2844444443,939123.2844444443
2024-03-25 06:00:00+00:00,1111613.316388889,1111613.316388889
2024-03-25 07:00:00+00:00,1194768.413333333,1194768.413333333
2024-03-25 08:00:00+00:00,1555172.3969444444,1555172.3969444444
2024-03-25 09:00:00+00:00,818371.765,818371.765
2024-03-25 10:00:00+00:00,1089137.7286111112,1089137.7286111112
2024-03-25 11:00:00+00:00,1083870.3077777778,1083870.3077777778
2024-03-25 12:00:00+00:00,783087.3738888889,783087.3738888889
2024-03-25 13:00:00+00:00,671776.1602777778,671776.1602777778
2024-03-25 14:00:00+00:00,625180.7622222222,625180.7622222222
2024-03-25 15:00:00+00:00,990618.3616666668,990618.3616666668
2024-03-25 16:00:00+00:00,1283578.2083333333,1283578.2083333333
2024-03-25 17:00:00+00:00,1721338.3130555556,1721338.3130555556
2024-03-25 18:00:00+00:00,1289094.2375,1289094.2375
2024-03-25 19:00:00+00:00,1562279.7633333334,1562279.7633333334
2024-03-25 20:00:00+00:00,1209954.173888889,1209954.173888889
2024-03-25 21:00:00+00:00,621408.8363888889,621408.8363888889
2024-03-25 22:00:00+00:00,1289163.7108333334,1289163.7108333334
2024-03-25 23:00:00+00:00,600943.095,600943.095
2024-03-26 00:00:00+00:00,368142.8077777778,368142.8077777778
2024-03-26 01:00:00+00:00,244506.31666666668,244506.31666666668
2024-03-26 02:00:00+00:00,331034.6116666667,331034.6116666667
2024-03-26 03:00:00+00:00,532781.1888888889,532781.1888888889
2024-03-26 04:00:00+00:00,1379790.2125,1379790.2125
2024-03-26 05:00:00+00:00,2097810.0675,2097810.0675
2024-03-26 06:00:00+00:00,1366758.026388889,1366758.026388889
2024-03-26 07:00:00+00:00,1517939.3338888888,1517939.3338888888
2024-03-26 08:00:00+00:00,1992885.163333333,1992885.163333333
2024-03-26 09:00:00+00:00,1272164.6769444444,1272164.6769444444
2024-03-26 10:00:00+00:00,1993594.596666667,1993594.596666667
2024-03-26 11:00:00+00:00,1458137.2188888888,1458137.2188888888
2024-03-26 12:00:00+00:00,1749895.576666667,1749895.576666667
2024-03-26 13:00:00+00:00,1455238.5933333333,1455238.5933333333
2024-03-26 14:00:00+00:00,1563436.605,1563436.605
2024-03-26 15:00:00+00:00,974929.5230555556,974929.5230555556
2024-03-26 16:00:00+00:00,1438148.9847222222,1438148.9847222222
2024-03-26 17:00:00+00:00,1819729.2994444445,1819729.2994444445
2024-03-26 18:00:00+00:00,2081188.8038888888,2081188.8038888888
2024-03-26 19:00:00+00:00,2204982.1422222224,1785655.7354876162
2024-03-26 20:00:00+00:00,1877826.7383333333,1877826.7383333333
2024-03-26 21:00:00+00:00,1526111.8697222222,1526111.8697222222
2024-03-26 22:00:00+00:00,1173846.4891666668,1173846.4891666668
2024-03-26 23:00:00+00:00,887791.2788888889,887791.2788888889
2024-03-27 00:00:00+00:00,706885.8661111111,706885.8661111111
2024-03-27 01:00:00+00:00,563478.2361111111,563478.2361111111
2024-03-27 02:00:00+00:00,389697.6733333333,389697.6733333333
2024-03-27 03:00:00+00:00,870576.3591666666,870576.3591666666
2024-03-27 04:00:00+00:00,1322903.4527777778,1322903.4527777778
2024-03-27 05:00:00+00:00,1853878.4502777776,1853878.4502777776
2024-03-27 06:00:00+00:00,1666846.8113888889,1666846.8113888889
2024-03-27 07:00:00+00:00,2052480.721111111,2052480.721111111
2024-03-27 08:00:00+00:00,1636607.3066666666,1636607.3066666666
2024-03-27 09:00:00+00:00,1762770.316111111,1691848.7916999953
2024-03-27 10:00:00+00:00,1665693.211388889,1665693.211388889
2024-03-27 11:00:00+00:00,2407388.657222222,2407388.657222222
2024-03-27 12:00:00+00:00,1623213.7866666666,1623213.7866666666
2024-03-27 13:00:00+00:00,1600239.065,1600239.065
2024-03-27 14:00:00+00:00,1717444.3861111111,1717444.3861111111
2024-03-27 15:00:00+00:00,1894813.145555556,1894813.145555556
2024-03-27 16:00:00+00:00,1863420.2213888888,1863420.2213888888
2024-03-27 17:00:00+00:00,1451313.5683333334,1451313.5683333334
2024-03-27 18:00:00+00:00,1428392.5111111111,1428392.5111111111
2024-03-27 19:00:00+00:00,2063267.0955555555,2063267.0955555555
2024-03-27 20:00:00+00:00,1806980.9691666667,1806980.9691666667
2024-03-27 21:00:00+00:00,882446.9969444445,882446.9969444445
2024-03-27 22:00:00+00:00,753300.1486111111,753300.1486111111
2024-03-27 23:00:00+00:00,909549.6188888889,909549.6188888889
2024-03-28 00:00:00+00:00,619675.4944444444,619675.4944444444
2024-03-28 01:00:00+00:00,375563.5805555555,375563.5805555555
2024-03-28 02:00:00+00:00,642969.7141666666,647676.483509734
2024-03-28 03:00:00+00:00,797353.0847222222,797353.0847222222
2024-03-28 04:00:00+00:00,1529723.4797222223,1529723.4797222223
2024-03-28 05:00:00+00:00,2016111.1394444443,2016111.1394444443
2024-03-28 06:00:00+00:00,1657455.1572222223,1657455.1572222223
2024-03-28 07:00:00+00:00,1597221.1419444445,1597221.1419444445
2024-03-28 08:00:00+00:00,1952221.2002777776,1952221.2002777776
2024-03-28 09:00:00+00:00,1800433.7725,1800433.7725
2024-03-28 10:00:00+00:00,1751008.6966666668,1751008.6966666668
2024-03-28 11:00:00+00:00,1455737.4158333333,1455737.4158333333
2024-03-28 12:00:00+00:00,1373128.6825,1373128.6825
2024-03-28 13:00:00+00:00,1225503.2894444445,1225503.2894444445
2024-03-28 14:00:00+00:00,967567.8427777778,967567.8427777778
2024-03-28 15:00:00+00:00,1398285.3369444443,1398285.3369444443
2024-03-28 16:00:00+00:00,1674699.701666667,1674699.701666667
2024-03-28 17:00:00+00:00,2052149.108611111,2052149.108611111
2024-03-28 18:00:00+00:00,1451312.8497222222,1451312.8497222222
2024-03-28 19:00:00+00:00,1445252.1536111112,1445252.1536111112
2024-03-28 20:00:00+00:00,1479536.6536111112,1479536.6536111112
2024-03-28 21:00:00+00:00,1188577.1238888889,1188577.1238888889
2024-03-28 22:00:00+00:00,739394.3330555556,739394.3330555556
2024-03-28 23:00:00+00:00,878863.2688888889,878863.2688888889
2024-03-29 00:00:00+00:00,533886.7027777778,533886.7027777778
2024-03-29 01:00:00+00:00,439201.2380555556,439201.2380555556
2024-03-29 02:00:00+00:00,463687.1788888889,463687.1788888889
2024-03-29 03:00:00+00:00,263628.34,263628.34
2024-03-29 04:00:00+00:00,1174826.6030555556,1174826.6030555556
2024-03-29 05:00:00+00:00,998100.605,998100.605
2024-03-29 06:00:00+00:00,1111766.703888889,1111766.703888889
2024-03-29 07:00:00+00:00,1118524.046388889,1118524.046388889
2024-03-29 08:00:00+00:00,1602738.8258333334,1032826.5704763776
2024-03-29 09:00:00+00:00,1663960.0905555557,1663960.0905555557
2024-03-29 10:00:00+00:00,1593664.2769444445,1593664.2769444445
2024-03-29 11:00:00+00:00,1233386.4991666668,1233386.4991666668
2024-03-29 12:00:00+00:00,1259863.7344444443,1259863.7344444443
2024-03-29 13:00:00+00:00,1268843.6625,1268843.6625
2024-03-29 14:00:00+00:00,1627809.891111111,1627809.891111111
2024-03-29 15:00:00+00:00,1332206.5019444444,1441433.0471881595
2024-03-29 16:00:00+00:00,1500104.3744444444,1500104.3744444444
2024-03-29 17:00:00+00:00,1497847.336388889,1497847.336388889
2024-03-29 18:00:00+00:00,1586719.725833333,1586719.725833333
2024-03-29 19:00:00+00:00,1628647.2080555556,1535751.4639499534
2024-03-29 20:00:00+00:00,936283.3102777776,936283.3102777776
2024-03-29 21:00:00+00:00,597970.9297222223,597970.9297222223
2024-03-29 22:00:00+00:00,514485.3052777778,514485.3052777778
2024-03-29 23:00:00+00:00,294943.73055555555,294943.73055555555
2024-03-30 00:00:00+00:00,341455.6205555556,341455.6205555556
2024-03-30 01:00:00+00:00,240152.86444444445,240152.86444444445
2024-03-30 02:00:00+00:00,134607.10527777777,134607.10527777777
2024-03-30 03:00:00+00:00,299369.1430555555,299369.1430555555
2024-03-30 04:00:00+00:00,477358.3933333333,281468.00351084187
2024-03-30 05:00:00+00:00,1450955.0347222222,1450955.0347222222
2024-03-30 06:00:00+00:00,753187.8905555556,930562.9716256742
2024-03-30 07:00:00+00:00,473511.4891666667,473511.4891666667
2024-03-30 08:00:00+00:00,538633.0427777778,538633.0427777778
2024-03-30 09:00:00+00:00,832934.6675,832934.6675
2024-03-30 10:00:00+00:00,775538.8927777777,775538.8927777777
2024-03-30 11:00:00+00:00,648158.2655555556,648158.2655555556
2024-03-30 12:00:00+00:00,799558.8827777777,799558.8827777777
2024-03-30 13:00:00+00:00,1198648.8497222222,1198648.8497222222
2024-03-30 14:00:00+00:00,544576.1652777778,544576.1652777778
2024-03-30 15:00:00+00:00,501322.7786111111,770401.2122705119
2024-03-30 16:00:00+00:00,900607.0847222222,900607.0847222222
2024-03-30 17:00:00+00:00,1059902.8294444445,1059902.8294444445
2024-03-30 18:00:00+00:00,855297.0691666667,855297.0691666667
2024-03-30 19:00:00+00:00,880539.9191666667,880539.9191666667
2024-03-30 20:00:00+00:00,1390986.9880555556,1390986.9880555556
2024-03-30 21:00:00+00:00,1017212.6102777778,1017212.6102777778
2024-03-30 22:00:00+00:00,833619.7941666667,833619.7941666667
2024-03-30 23:00:00+00:00,322419.53055555554,322419.53055555554
2024-03-31 00:00:00+00:00,445717.2044444445,445717.2044444445
2024-03-31 01:00:00+00:00,314170.34444444446,314170.34444444446
2024-03-31 02:00:00+00:00,318522.54277777777,318522.54277777777
2024-03-31 03:00:00+00:00,392512.5225,392512.5225
2024-03-31 04:00:00+00:00,614228.5311111112,614228.5311111112
2024-03-31 05:00:00+00:00,510604.7577777778,510604.7577777778
2024-03-31 06:00:00+00:00,742251.3469444445,742251.3469444445
2024-03-31 07:00:00+00:00,762394.6755555555,762394.6755555555
2024-03-31 08:00:00+00:00,757432.7772222222,757432.7772222222
2024-03-31 09:00:00+00:00,984192.8047222224,984192.8047222224
2024-03-31 10:00:00+00:00,1015600.0847222222,1015600.0847222222
2024-03-31 11:00:00+00:00,1233997.2725,1233997.2725
2024-03-31 12:00:00+00:00,1745512.4308333334,1745512.4308333334
2024-03-31 13:00:00+00:00,1294409.164722222,1348677.6894070501
2024-03-31 14:00:00+00:00,1201521.773888889,1201521.773888889
2024-03-31 15:00:00+00:00,1198336.663611111,1315926.142123219
2024-03-31 16:00:00+00:00,1818826.5675,1818826.5675
2024-03-31 17:00:00+00:00,1364519.066111111,1364519.066111111
2024-03-31 18:00:00+00:00,1378946.399166667,1378946.399166667
2024-03-31 19:00:00+00:00,1589536.9619444443,1589536.9619444443
2024-03-31 20:00:00+00:00,862203.9563888889,862203.9563888889
2024-03-31 21:00:00+00:00,463184.2391666667,463184.2391666667
2024-03-31 22:00:00+00:00,512759.81333333335,512759.81333333335
2024-03-31 23:00:00+00:00,206956.0986111111,206956.0986111111
2024-04-01 00:00:00+00:00,157296.64916666667,157296.64916666667
2024-04-01 01:00:00+00:00,372112.3961111111,372112.3961111111
2024-04-01 02:00:00+00:00,823369.0061111111,823369.0061111111
2024-04-01 03:00:00+00:00,618825.4402777777,618825.4402777777
2024-04-01 04:00:00+00:00,1241475.056111111,1241475.056111111
2024-04-01 05:00:00+00:00,1113299.4191666667,1113299.4191666667
2024-04-01 06:00:00+00:00,1348340.76,1348340.76
2024-04-01 07:00:00+00:00,1068626.3680555555,1068626.3680555555
2024-04-01 08:00:00+00:00,1770965.8880555555,1106439.0131390651
2024-04-01 09:00:00+00:00,1641561.840833333,1641561.840833333
2024-04-01 10:00:00+00:00,845454.9525,845454.9525
2024-04-01 11:00:00+00:00,1146234.7936111111,1146234.7936111111
2024-04-01 12:00:00+00:00,1279787.0055555557,1279787.0055555557
2024-04-01 13:00:00+00:00,1714798.0175,1714798.0175
2024-04-01 14:00:00+00:00,1323125.941111111,1323125.941111111
2024-04-01 15:00:00+00:00,1710379.1097222222,1710379.1097222222
2024-04-01 16:00:00+00:00,1570787.1569444444,1570787.1569444444
2024-04-01 17:00:00+00:00,1158156.7452777778,1158156.7452777778
2024-04-01 18:00:00+00:00,1356150.2488888889,1377734.2468027761
2024-04-01 19:00:00+00:00,1109784.3305555556,1109784.3305555556
2024-04-01 20:00:00+00:00,1167574.3505555557,1167574.3505555557
2024-04-01 21:00:00+00:00,775650.1152777778,775650.1152777778
2024-04-01 22:00:00+00:00,408160.1572222223,1010185.0669411225
2024-04-01 23:00:00+00:00,546917.475,546917.475
2024-04-02 00:00:00+00:00,608349.2263888889,608349.2263888889
2024-04-02 01:00:00+00:00,514619.8755555556,514619.8755555556
2024-04-02 02:00:00+00:00,1171945.7936111111,1171945.7936111111
2024-04-02 03:00:00+00:00,1565936.5833333333,1565936.5833333333
2024-04-02 04:00:00+00:00,1648980.0355555555,1648980.0355555555
2024-04-02 05:00:00+00:00,1620438.5372222222,1620438.5372222222
2024-04-02 06:00:00+00:00,1265866.5975,1265866.5975
2024-04-02 07:00:00+00:00,1192613.6888888888,1192613.6888888888
2024-04-02 08:00:00+00:00,1661928.5130555555,1302949.5507904827
2024-04-02 09:00:00+00:00,1357481.421388889,1357481.421388889
2024-04-02 10:00:00+00:00,1382250.0088888889,1382250.0088888889
2024-04-02 11:00:00+00:00,953728.1997222222,1346567.6498401174
2024-04-02 12:00:00+00:00,1310065.0697222222,1310065.0697222222
2024-04-02 13:00:00+00:00,756286.2633333333,756286.2633333333
2024-04-02 14:00:00+00:00,979609.5636111113,979609.5636111113
2024-04-02 15:00:00+00:00,1026122.8108333332,1026122.8108333332
2024-04-02 16:00:00+00:00,1394723.526111111,1394723.526111111
2024-04-02 17:00:00+00:00,936620.7991666668,936620.7991666668
2024-04-02 18:00:00+00:00,1425077.3544444444,1425077.3544444444
2024-04-02 19:00:00+00:00,1344307.9525,1344307.9525
2024-04-02 20:00:00+00:00,828323.875,828323.875
2024-04-02 21:00:00+00:00,558722.1502777778,558722.1502777778
2024-04-02 22:00:00+00:00,391084.3691666666,391084.3691666666
2024-04-02 23:00:00+00:00,218657.855,218657.855
2024-04-03 00:00:00+00:00,454672.5069444445,468318.35199572303
2024-04-03 01:00:00+00:00,730726.7744444445,730726.7744444445
2024-04-03 02:00:00+00:00,1108364.8258333334,1108364.8258333334
2024-04-03 03:00:00+00:00,1184072.765,1184072.765
2024-04-03 04:00:00+00:00,1509016.0977777778,1509016.0977777778
2024-04-03 05:00:00+00:00,1572982.7777777778,1572982.7777777778
2024-04-03 06:00:00+00:00,1502274.6358333332,1502274.6358333332
2024-04-03 07:00:00+00:00,2058918.5402777777,2058918.5402777777
2024-04-03 08:00:00+00:00,1581904.6822222222,1696443.5523978835
2024-04-03 09:00:00+00:00,1852320.105555556,1779398.879972407
2024-04-03 10:00:00+00:00,1549499.0833333333,1549499.0833333333
2024-04-03 11:00:00+00:00,1497075.6752777777,1497075.6752777777
2024-04-03 12:00:00+00:00,1262469.5511111112,1262469.5511111112
2024-04-03 13:00:00+00:00,2079580.838888889,2079580.838888889
2024-04-03 14:00:00+00:00,1383460.3230555556,1383460.3230555556
2024-04-03 15:00:00+00:00,1476509.5825,1476509.5825
2024-04-03 16:00:00+00:00,1915848.2827777776,1915848.2827777776
2024-04-03 17:00:00+00:00,1642608.3480555555,1642608.3480555555
2024-04-03 18:00:00+00:00,1212205.825,1212205.825
2024-04-03 19:00:00+00:00,1135019.4894444444,1135019.4894444444
2024-04-03 20:00:00+00:00,890249.5905555555,890249.5905555555
2024-04-03 21:00:00+00:00,714824.8608333333,714824.8608333333
2024-04-03 22:00:00+00:00,482426.3572222222,482426.3572222222
2024-04-03 23:00:00+00:00,589967.0605555555,589967.0605555555
2024-04-04 00:00:00+00:00,372713.2166666667,372713.2166666667
2024-04-04 01:00:00+00:00,702910.7580555555,702910.7580555555
2024-04-04 02:00:00+00:00,1153249.0244444443,1153249.0244444443
2024-04-04 03:00:00+00:00,1482974.7602777777,1482974.7602777777
2024-04-04 04:00:00+00:00,2327923.6069444446,1120799.5930318993
2024-04-04 05:00:00+00:00,1873391.205,1873391.205
2024-04-04 06:00:00+00:00,2013641.730555556,2013641.730555556
2024-04-04 07:00:00+00:00,2418426.2358333333,2418426.2358333333
2024-04-04 08:00:00+00:00,1779333.7269444445,1779333.7269444445
2024-04-04 09:00:00+00:00,1263298.9661111112,1932207.165701898
2024-04-04 10:00:00+00:00,2273380.391388889,2273380.391388889
2024-04-04 11:00:00+00:00,1298701.019722222,1298701.019722222
2024-04-04 12:00:00+00:00,1425710.14,1425710.14
2024-04-04 13:00:00+00:00,1368342.763888889,1368342.763888889
2024-04-04 14:00:00+00:00,1293251.9913888888,1293251.9913888888
2024-04-04 15:00:00+00:00,1935469.5011111111,1935469.5011111111
2024-04-04 16:00:00+00:00,1754283.2483333333,1754283.2483333333
2024-04-04 17:00:00+00:00,1916443.868611111,1916443.868611111
2024-04-04 18:00:00+00:00,1723149.7711111112,1723149.7711111112
2024-04-04 19:00:00+00:00,1302916.836666667,1759434.8880583402
2024-04-04 20:00:00+00:00,876969.7788888889,1601946.1224945106
2024-04-04 21:00:00+00:00,689109.8036111111,1370399.8513439351
2024-04-04 22:00:00+00:00,405183.50583333336,405183.50583333336
2024-04-04 23:00:00+00:00,480278.81583333336,480278.81583333336
2024-04-05 00:00:00+00:00,454365.8869444445,454365.8869444445
2024-04-05 01:00:00+00:00,692370.5572222222,692370.5572222222
2024-04-05 02:00:00+00:00,1007451.2222222222,1007451.2222222222
2024-04-05 03:00:00+00:00,2977482.220833333,2977482.220833333
2024-04-05 04:00:00+00:00,2614664.4777777777,2614664.4777777777
2024-04-05 05:00:00+00:00,2282077.04,2282077.04
2024-04-05 06:00:00+00:00,2373361.895555556,2373361.895555556
2024-04-05 07:00:00+00:00,1960345.1536111112,1960345.1536111112
2024-04-05 08:00:00+00:00,1940076.8916666664,1940076.8916666664
2024-04-05 09:00:00+00:00,1724101.9275,2050771.3370677342
2024-04-05 10:00:00+00:00,2374223.2480555554,2374223.2480555554
2024-04-05 11:00:00+00:00,1440021.078888889,1440021.078888889
2024-04-05 12:00:00+00:00,1508662.6830555554,1508662.6830555554
2024-04-05 13:00:00+00:00,1479028.5694444445,1479028.5694444445
2024-04-05 14:00:00+00:00,1562551.716388889,1562551.716388889
2024-04-05 15:00:00+00:00,1560412.2494444444,1560412.2494444444
2024-04-05 16:00:00+00:00,1517033.6077777778,1517033.6077777778
2024-04-05 17:00:00+00:00,1619707.6888888888,1619707.6888888888
2024-04-05 18:00:00+00:00,1260400.7283333333,1260400.7283333333
2024-04-05 19:00:00+00:00,1053176.1119444445,1443203.019213012
2024-04-05 20:00:00+00:00,844358.3538888888,844358.3538888888
2024-04-05 21:00:00+00:00,642884.1894444445,642884.1894444445
2024-04-05 22:00:00+00:00,700074.2680555555,700074.2680555555
2024-04-05 23:00:00+00:00,535891.8133333334,535891.8133333334
2024-04-06 00:00:00+00:00,557352.02,557352.02
2024-04-06 01:00:00+00:00,494723.2077777778,494723.2077777778
2024-04-06 02:00:00+00:00,922224.7808333334,922224.7808333334
2024-04-06 03:00:00+00:00,1155372.8305555556,1155372.8305555556
2024-04-06 04:00:00+00:00,1902341.6830555557,909846.5493373176
2024-04-06 05:00:00+00:00,1221652.8761111111,1221652.8761111111
2024-04-06 06:00:00+00:00,1442139.7969444443,1442139.7969444443
2024-04-06 07:00:00+00:00,1133690.5086111112,1254384.5218146064
2024-04-06 08:00:00+00:00,1630562.7088888888,1630562.7088888888
2024-04-06 09:00:00+00:00,1449656.2891666666,1449656.2891666666
2024-04-06 10:00:00+00:00,1326502.3558333332,1326502.3558333332
2024-04-06 11:00:00+00:00,1323881.3730555556,1323881.3730555556
2024-04-06 12:00:00+00:00,1153018.740277778,1153018.740277778
2024-04-06 13:00:00+00:00,1754506.274166667,1277671.885231045
2024-04-06 14:00:00+00:00,2120049.7883333336,2120049.7883333336
2024-04-06 15:00:00+00:00,2298562.6666666665,2298562.6666666665
2024-04-06 16:00:00+00:00,2466001.563888889,1973861.3824742269
2024-04-06 17:00:00+00:00,1795317.0105555556,1880241.8632317255
2024-04-06 18:00:00+00:00,1503439.2794444445,1593508.287311311
2024-04-06 19:00:00+00:00,130010.73583333334,130010.73583333334
2024-04-06 20:00:00+00:00,513240.0983333333,513240.0983333333
2024-04-06 21:00:00+00:00,321707.1613888889,321707.1613888889
2024-04-06 22:00:00+00:00,501432.7138888889,501432.7138888889
2024-04-06 23:00:00+00:00,472314.8230555556,472314.8230555556
2024-04-07 00:00:00+00:00,335308.28222222225,335308.28222222225
2024-04-07 01:00:00+00:00,597132.6577777778,597132.6577777778
2024-04-07 02:00:00+00:00,702021.9952777778,702021.9952777778
2024-04-07 03:00:00+00:00,1130432.274166667,1130432.274166667
2024-04-07 04:00:00+00:00,1065929.7169444445,1065929.7169444445
2024-04-07 05:00:00+00:00,1087939.1580555555,1087939.1580555555
2024-04-07 06:00:00+00:00,1201187.076111111,1201187.076111111
2024-04-07 07:00:00+00:00,1138695.2794444445,1138695.2794444445
2024-04-07 08:00:00+00:00,1454345.6827777778,1107671.9279694897
2024-04-07 09:00:00+00:00,923524.5819444444,923524.5819444444
2024-04-07 10:00:00+00:00,648051.2822222222,1009614.1456777821
2024-04-07 11:00:00+00:00,647279.2119444445,647279.2119444445
2024-04-07 12:00:00+00:00,1254586.2591666668,1254586.2591666668
2024-04-07 13:00:00+00:00,939968.1913888888,939968.1913888888
2024-04-07 14:00:00+00:00,1004755.4097222222,1004755.4097222222
2024-04-07 15:00:00+00:00,1387796.2425,1387796.2425
2024-04-07 16:00:00+00:00,1213698.1041666667,1213698.1041666667
2024-04-07 17:00:00+00:00,1140518.401111111,1140518.401111111
2024-04-07 18:00:00+00:00,944768.175,944768.175
2024-04-07 19:00:00+00:00,1341418.536111111,1341418.536111111
2024-04-07 20:00:00+00:00,652258.0097222222,652258.0097222222
2024-04-07 21:00:00+00:00,578383.1147222222,578383.1147222222
2024-04-07 22:00:00+00:00,410084.1686111111,410084.1686111111
2024-04-07 23:00:00+00:00,384063.77444444445,384063.77444444445
2024-04-08 00:00:00+00:00,206186.32722222223,206186.32722222223
2024-04-08 01:00:00+00:00,683263.6775,683263.6775
2024-04-08 02:00:00+00:00,1397187.7144444445,1397187.7144444445
2024-04-08 03:00:00+00:00,956329.3608333332,956329.3608333332
2024-04-08 04:00:00+00:00,1062133.792777778,1062133.792777778
2024-04-08 05:00:00+00:00,947506.9738888888,947506.9738888888
2024-04-08 06:00:00+00:00,1116563.6463888888,1116563.6463888888
2024-04-08 07:00:00+00:00,1056545.9988888889,1056545.9988888889
2024-04-08 08:00:00+00:00,778736.8488888888,778736.8488888888
2024-04-08 09:00:00+00:00,1016935.1527777778,1016935.1527777778
2024-04-08 10:00:00+00:00,865518.9336111111,865518.9336111111
2024-04-08 11:00:00+00:00,621387.7891666667,621387.7891666667
2024-04-08 12:00:00+00:00,613339.6855555555,793228.1644185348
2024-04-08 13:00:00+00:00,718608.59,718608.59
2024-04-08 14:00:00+00:00,836867.1119444445,836867.1119444445
2024-04-08 15:00:00+00:00,795572.4166666666,795572.4166666666
2024-04-08 16:00:00+00:00,1148009.7530555555,1148009.7530555555
2024-04-08 17:00:00+00:00,1105540.1466666667,1105540.1466666667
2024-04-08 18:00:00+00:00,846349.3341666666,846349.3341666666
2024-04-08 19:00:00+00:00,604136.1522222222,604136.1522222222
2024-04-08 20:00:00+00:00,743317.2661111112,743317.2661111112
2024-04-08 21:00:00+00:00,408499.3491666667,408499.3491666667
2024-04-08 22:00:00+00:00,490344.50416666665,490344.50416666665
2024-04-08 23:00:00+00:00,351876.6880555556,351876.6880555556
2024-04-09 00:00:00+00:00,451838.57166666666,451838.57166666666
2024-04-09 01:00:00+00:00,993633.8808333334,993633.8808333334
2024-04-09 02:00:00+00:00,893915.7738888889,893915.7738888889
2024-04-09 03:00:00+00:00,1586139.8761111111,1586139.8761111111
2024-04-09 04:00:00+00:00,1624594.7466666666,1624594.7466666666
2024-04-09 05:00:00+00:00,1450309.9316666666,1450309.9316666666
2024-04-09 06:00:00+00:00,1494802.6102777778,1494802.6102777778
2024-04-09 07:00:00+00:00,1338425.0552777778,1338425.0552777778
2024-04-09 08:00:00+00:00,1296513.1572222223,1296513.1572222223
2024-04-09 09:00:00+00:00,1659517.6552777777,1659517.6552777777
2024-04-09 10:00:00+00:00,1103772.911388889,1103772.911388889
2024-04-09 11:00:00+00:00,1071624.1322222222,1320313.3936276822
2024-04-09 12:00:00+00:00,1005360.4808333332,1005360.4808333332
2024-04-09 13:00:00+00:00,1154874.2780555557,1154874.2780555557
2024-04-09 14:00:00+00:00,1242841.8666666667,1242841.8666666667
2024-04-09 15:00:00+00:00,1271423.1383333334,1271423.1383333334
2024-04-09 16:00:00+00:00,1317745.8594444443,1317745.8594444443
2024-04-09 17:00:00+00:00,882674.585,882674.585
2024-04-09 18:00:00+00:00,910196.1791666668,910196.1791666668
2024-04-09 19:00:00+00:00,632193.0522222222,632193.0522222222
2024-04-09 20:00:00+00:00,1059657.1438888889,851642.9944076965
2024-04-09 21:00:00+00:00,380091.5177777778,380091.5177777778
2024-04-09 22:00:00+00:00,198104.6205555556,198104.6205555556
2024-04-09 23:00:00+00:00,267559.4513888889,267559.4513888889
2024-04-10 00:00:00+00:00,242440.5725,242440.5725
2024-04-10 01:00:00+00:00,423766.5261111111,423766.5261111111
2024-04-10 02:00:00+00:00,809344.2433333333,354294.82385499036
2024-04-10 03:00:00+00:00,1246059.1083333334,468223.95536111505
2024-04-10 04:00:00+00:00,1009172.23,1009172.23
2024-04-10 05:00:00+00:00,780415.9322222222,780415.9322222222
2024-04-10 06:00:00+00:00,1608122.8616666666,1608122.8616666666
2024-04-10 07:00:00+00:00,1277249.0094444444,1277249.0094444444
2024-04-10 08:00:00+00:00,1158121.2877777778,1158121.2877777778
2024-04-10 09:00:00+00:00,2350459.9544444443,2350459.9544444443
2024-04-10 10:00:00+00:00,950173.6205555556,950173.6205555556
2024-04-10 11:00:00+00:00,790721.6388888889,790721.6388888889
2024-04-10 12:00:00+00:00,630827.5716666667,630827.5716666667
2024-04-10 13:00:00+00:00,985850.7586111112,985850.7586111112
2024-04-10 14:00:00+00:00,1271091.3955555556,942189.6155508677
2024-04-10 15:00:00+00:00,1534794.6930555557,1534794.6930555557
2024-04-10 16:00:00+00:00,1507429.3097222222,1507429.3097222222
2024-04-10 17:00:00+00:00,1438064.4425,1438064.4425
2024-04-10 18:00:00+00:00,1241619.8516666666,1241619.8516666666
2024-04-10 19:00:00+00:00,1027302.1702777778,1027302.1702777778
2024-04-10 20:00:00+00:00,525420.8586111111,525420.8586111111
2024-04-10 21:00:00+00:00,507547.71055555553,507547.71055555553
2024-04-10 22:00:00+00:00,374107.34444444446,374107.34444444446
2024-04-10 23:00:00+00:00,227884.72861111112,227884.72861111112
2024-04-11 00:00:00+00:00,481426.2055555555,481426.2055555555
2024-04-11 01:00:00+00:00,963642.7983333332,451459.3430904718
2024-04-11 02:00:00+00:00,1172225.8411111112,1172225.8411111112
2024-04-11 03:00:00+00:00,1796119.3294444445,1796119.3294444445
2024-04-11 04:00:00+00:00,1510576.0858333334,1510576.0858333334
2024-04-11 05:00:00+00:00,2697353.879166667,2697353.879166667
2024-04-11 06:00:00+00:00,1502314.6155555556,1502314.6155555556
2024-04-11 07:00:00+00:00,1834430.034166667,1834430.034166667
2024-04-11 08:00:00+00:00,1952149.3747222223,1952149.3747222223
2024-04-11 09:00:00+00:00,1268940.2922222223,1268940.2922222223
2024-04-11 10:00:00+00:00,1812425.0694444445,1604527.5596425757
2024-04-11 11:00:00+00:00,920650.4827777778,920650.4827777778
2024-04-11 12:00:00+00:00,1055920.7225,1055920.7225
2024-04-11 13:00:00+00:00,1427405.6780555556,1427405.6780555556
2024-04-11 14:00:00+00:00,957289.8977777776,957289.8977777776
2024-04-11 15:00:00+00:00,993735.0247222222,993735.0247222222
2024-04-11 16:00:00+00:00,1078984.4,1078984.4
2024-04-11 17:00:00+00:00,1198492.4733333334,1198492.4733333334
2024-04-11 18:00:00+00:00,661688.8063888889,661688.8063888889
2024-04-11 19:00:00+00:00,768582.18,927031.439688655
2024-04-11 20:00:00+00:00,620624.2472222223,620624.2472222223
2024-04-11 21:00:00+00:00,537393.8866666667,537393.8866666667
2024-04-11 22:00:00+00:00,415432.45,415432.45
2024-04-11 23:00:00+00:00,440419.2622222222,440419.2622222222
2024-04-12 00:00:00+00:00,331628.4038888889,331628.4038888889
2024-04-12 01:00:00+00:00,592278.5691666667,592278.5691666667
2024-04-12 02:00:00+00:00,777158.2919444444,777158.2919444444
2024-04-12 03:00:00+00:00,1241520.0941666667,1241520.0941666667
2024-04-12 04:00:00+00:00,2151877.0869444446,2151877.0869444446
2024-04-12 05:00:00+00:00,891237.0491666667,891237.0491666667
2024-04-12 06:00:00+00:00,1229557.2580555556,1229557.2580555556
2024-04-12 07:00:00+00:00,1549624.4941666666,1549624.4941666666
2024-04-12 08:00:00+00:00,1640119.6352777777,1640119.6352777777
2024-04-12 09:00:00+00:00,1227898.0958333334,1227898.0958333334
2024-04-12 10:00:00+00:00,1220418.3852777777,1370962.712864867
2024-04-12 11:00:00+00:00,1044222.3572222224,1044222.3572222224
2024-04-12 12:00:00+00:00,880399.1480555555,880399.1480555555
2024-04-12 13:00:00+00:00,1473461.6722222222,1473461.6722222222
2024-04-12 14:00:00+00:00,1019514.8519444444,1019514.8519444444
2024-04-12 15:00:00+00:00,946657.1069444444,946657.1069444444
2024-04-12 16:00:00+00:00,1669657.1033333333,1669657.1033333333
2024-04-12 17:00:00+00:00,1233092.1255555556,1233092.1255555556
2024-04-12 18:00:00+00:00,1118560.6036111112,1118560.6036111112
2024-04-12 19:00:00+00:00,585007.3472222222,585007.3472222222
2024-04-12 20:00:00+00:00,887197.3255555555,887197.3255555555
2024-04-12 21:00:00+00:00,966638.8147222224,966638.8147222224
2024-04-12 22:00:00+00:00,492886.34694444446,492886.34694444446
2024-04-12 23:00:00+00:00,484305.3902777778,484305.3902777778
2024-04-13 00:00:00+00:00,346509.82666666666,346509.82666666666
2024-04-13 01:00:00+00:00,324134.68861111114,324134.68861111114
2024-04-13 02:00:00+00:00,755318.6786111111,755318.6786111111
2024-04-13 03:00:00+00:00,1433291.901111111,1433291.901111111
2024-04-13 04:00:00+00:00,1834826.1563888888,1834826.1563888888
2024-04-13 05:00:00+00:00,1024097.0013888888,1024097.0013888888
2024-04-13 06:00:00+00:00,1089332.4722222222,1089332.4722222222
2024-04-13 07:00:00+00:00,1166557.6361111111,1166557.6361111111
2024-04-13 08:00:00+00:00,1104390.1094444443,1104390.1094444443
2024-04-13 09:00:00+00:00,1120769.91,1120769.91
2024-04-13 10:00:00+00:00,1304862.4522222222,1304862.4522222222
2024-04-13 11:00:00+00:00,1258927.9458333333,1258927.9458333333
2024-04-13 12:00:00+00:00,1649584.5580555554,1649584.5580555554
2024-04-13 13:00:00+00:00,1619664.6627777778,1409472.810126631
2024-04-13 14:00:00+00:00,1068385.135,1068385.135
2024-04-13 15:00:00+00:00,1371891.1902777778,1371891.1902777778
2024-04-13 16:00:00+00:00,971117.9155555556,971117.9155555556
2024-04-13 17:00:00+00:00,3044603.612777778,3044603.612777778
2024-04-13 18:00:00+00:00,1235689.2169444445,1235689.2169444445
2024-04-13 19:00:00+00:00,988410.0369444444,988410.0369444444
2024-04-13 20:00:00+00:00,783610.213888889,783610.213888889
2024-04-13 21:00:00+00:00,914096.0852777776,914096.0852777776
2024-04-13 22:00:00+00:00,559141.9913888889,559141.9913888889
2024-04-13 23:00:00+00:00,578074.3119444444,578074.3119444444
2024-04-14 00:00:00+00:00,301919.78722222225,301919.78722222225
2024-04-14 01:00:00+00:00,787112.1544444445,787112.1544444445
2024-04-14 02:00:00+00:00,1008522.2052777776,1008522.2052777776
2024-04-14 03:00:00+00:00,1584564.1830555554,1584564.1830555554
2024-04-14 04:00:00+00:00,1749043.4561111112,1749043.4561111112
2024-04-14 05:00:00+00:00,1601527.4319444443,1601527.4319444443
2024-04-14 06:00:00+00:00,1406434.3825,1406434.3825
2024-04-14 07:00:00+00:00,1376288.5169444445,1376288.5169444445
2024-04-14 08:00:00+00:00,1299095.495833333,1299095.495833333
2024-04-14 09:00:00+00:00,1403599.2205555555,1367841.0326819438
2024-04-14 10:00:00+00:00,1601707.6297222222,1601707.6297222222
2024-04-14 11:00:00+00:00,2330352.15,2330352.15
2024-04-14 12:00:00+00:00,1978069.2711111112,1978069.2711111112
2024-04-14 13:00:00+00:00,1858836.343055556,1858836.343055556
2024-04-14 14:00:00+00:00,1368826.5669444446,1368826.5669444446
2024-04-14 15:00:00+00:00,1632841.2330555555,1632841.2330555555
2024-04-14 16:00:00+00:00,1678012.11,1678012.11
2024-04-14 17:00:00+00:00,1903492.1761111112,1903492.1761111112
2024-04-14 18:00:00+00:00,1195886.1380555555,1195886.1380555555
2024-04-14 19:00:00+00:00,1346638.0955555555,1346638.0955555555
2024-04-14 20:00:00+00:00,765778.9722222222,765778.9722222222
2024-04-14 21:00:00+00:00,683594.5694444445,683594.5694444445
2024-04-14 22:00:00+00:00,202623.58111111115,202623.58111111115
2024-04-14 23:00:00+00:00,220982.01388888888,220982.01388888888
2024-04-15 00:00:00+00:00,301198.8713888889,453151.5624103954
2024-04-15 01:00:00+00:00,371485.7727777778,371485.7727777778
2024-04-15 02:00:00+00:00,936639.3713888888,936639.3713888888
2024-04-15 03:00:00+00:00,1615277.953611111,1615277.953611111
2024-04-15 04:00:00+00:00,1613828.6275,1613828.6275
2024-04-15 05:00:00+00:00,1416759.0422222223,1291725.7237028647
2024-04-15 06:00:00+00:00,2126197.696388889,1401487.4951602467
2024-04-15 07:00:00+00:00,1412303.9291666667,1412303.9291666667
2024-04-15 08:00:00+00:00,1493411.6202777778,1493411.6202777778
2024-04-15 09:00:00+00:00,1273452.8597222222,1273452.8597222222
2024-04-15 10:00:00+00:00,1190760.95,1190760.95
2024-04-15 11:00:00+00:00,916816.8708333332,916816.8708333332
2024-04-15 12:00:00+00:00,1043744.515,1043744.515
2024-04-15 13:00:00+00:00,2063616.7955555555,2063616.7955555555
2024-04-15 14:00:00+00:00,889559.7169444445,889559.7169444445
2024-04-15 15:00:00+00:00,987047.2,1243903.756826417
2024-04-15 16:00:00+00:00,1108399.2386111112,1108399.2386111112
2024-04-15 17:00:00+00:00,1314969.6991666667,1125510.8854270193
2024-04-15 18:00:00+00:00,1028648.3194444444,1028648.3194444444
2024-04-15 19:00:00+00:00,1332821.9358333333,1332821.9358333333
2024-04-15 20:00:00+00:00,831680.5380555555,831680.5380555555
2024-04-15 21:00:00+00:00,392838.3658333333,392838.3658333333
2024-04-15 22:00:00+00:00,287223.70722222223,287223.70722222223
2024-04-15 23:00:00+00:00,256811.3705555556,554547.3366046802
2024-04-16 00:00:00+00:00,356132.05916666664,356132.05916666664
2024-04-16 01:00:00+00:00,556164.5391666667,556164.5391666667
2024-04-16 02:00:00+00:00,1026200.3688888889,1026200.3688888889
2024-04-16 03:00:00+00:00,1281600.7391666668,1281600.7391666668
2024-04-16 04:00:00+00:00,1548888.92,1548888.92
2024-04-16 05:00:00+00:00,1326069.785,1326069.785
2024-04-16 06:00:00+00:00,1415016.9275,1415016.9275
2024-04-16 07:00:00+00:00,1435985.9561111112,1435985.9561111112
2024-04-16 08:00:00+00:00,1430980.3041666667,1374125.7879876604
2024-04-16 09:00:00+00:00,1574704.2875,1574704.2875
2024-04-16 10:00:00+00:00,1529085.524166667,1529085.524166667
2024-04-16 11:00:00+00:00,1036935.9361111112,1036935.9361111112
2024-04-16 12:00:00+00:00,791269.3891666667,791269.3891666667
2024-04-16 13:00:00+00:00,942536.8308333332,942536.8308333332
2024-04-16 14:00:00+00:00,1380692.9202777778,1380692.9202777778
2024-04-16 15:00:00+00:00,1286350.3963888888,1286350.3963888888
2024-04-16 16:00:00+00:00,1351675.3577777778,1351675.3577777778
2024-04-16 17:00:00+00:00,1416980.0255555557,1416980.0255555557
2024-04-16 18:00:00+00:00,1199697.9127777778,1338431.6276054806
2024-04-16 19:00:00+00:00,934530.8194444444,934530.8194444444
2024-04-16 20:00:00+00:00,738672.1944444445,1124643.5053247414
2024-04-16 21:00:00+00:00,367346.8933333333,367346.8933333333
2024-04-16 22:00:00+00:00,384520.8625,384520.8625
2024-04-16 23:00:00+00:00,361793.0430555556,361793.0430555556
2024-04-17 00:00:00+00:00,335734.0313888889,335734.0313888889
2024-04-17 01:00:00+00:00,581404.6875,581404.6875
2024-04-17 02:00:00+00:00,1086152.5594444445,1086152.5594444445
2024-04-17 03:00:00+00:00,2052426.360833333,2052426.360833333
2024-04-17 04:00:00+00:00,2423386.8808333334,2423386.8808333334
2024-04-17 05:00:00+00:00,1404142.808333333,1404142.808333333
2024-04-17 06:00:00+00:00,2150244.2525,2150244.2525
2024-04-17 07:00:00+00:00,1595192.095,1595192.095
2024-04-17 08:00:00+00:00,1435227.5808333333,1435227.5808333333
2024-04-17 09:00:00+00:00,2064342.5219444444,2064342.5219444444
2024-04-17 10:00:00+00:00,1794508.1866666668,1794508.1866666668
2024-04-17 11:00:00+00:00,1266116.9341666666,1266116.9341666666
2024-04-17 12:00:00+00:00,1527728.3625,1527728.3625
2024-04-17 13:00:00+00:00,1187745.1977777777,1187745.1977777777
2024-04-17 14:00:00+00:00,1302152.139166667,1302152.139166667
2024-04-17 15:00:00+00:00,1420365.8744444444,1420365.8744444444
2024-04-17 16:00:00+00:00,1248182.6416666666,1248182.6416666666
2024-04-17 17:00:00+00:00,2124647.233611111,2124647.233611111
2024-04-17 18:00:00+00:00,1485003.6327777775,1485003.6327777775
2024-04-17 19:00:00+00:00,871440.5286111111,871440.5286111111
2024-04-17 20:00:00+00:00,586634.5841666666,586634.5841666666
2024-04-17 21:00:00+00:00,737282.1027777778,737282.1027777778
2024-04-17 22:00:00+00:00,214573.08,214573.08
2024-04-17 23:00:00+00:00,188475.76,188475.76
2024-04-18 00:00:00+00:00,265801.5055555556,265801.5055555556
2024-04-18 01:00:00+00:00,632275.2705555556,632275.2705555556
2024-04-18 02:00:00+00:00,964485.2794444443,964485.2794444443
2024-04-18 03:00:00+00:00,1742785.177777778,1742785.177777778
2024-04-18 04:00:00+00:00,1735332.638611111,1735332.638611111
2024-04-18 05:00:00+00:00,1592378.2688888889,1592378.2688888889
2024-04-18 06:00:00+00:00,1745546.495833333,1745546.495833333
2024-04-18 07:00:00+00:00,1410840.1755555556,1410840.1755555556
2024-04-18 08:00:00+00:00,1702221.0258333334,1702221.0258333334
2024-04-18 09:00:00+00:00,1738790.8358333334,1738790.8358333334
2024-04-18 10:00:00+00:00,1365998.755,1365998.755
2024-04-18 11:00:00+00:00,1134655.4130555557,1134655.4130555557
2024-04-18 12:00:00+00:00,1134767.2577777775,1134767.2577777775
2024-04-18 13:00:00+00:00,973814.1563888888,973814.1563888888
2024-04-18 14:00:00+00:00,897863.81,897863.81
2024-04-18 15:00:00+00:00,1159382.602222222,1159382.602222222
2024-04-18 16:00:00+00:00,1497863.6541666666,1497863.6541666666
2024-04-18 17:00:00+00:00,1549031.0911111112,1549031.0911111112
2024-04-18 18:00:00+00:00,1134059.2044444445,1134059.2044444445
2024-04-18 19:00:00+00:00,1033111.2813888888,1033111.2813888888
2024-04-18 20:00:00+00:00,969995.8986111112,969995.8986111112
2024-04-18 21:00:00+00:00,822046.3611111111,822046.3611111111
2024-04-18 22:00:00+00:00,615642.1097222222,615642.1097222222
2024-04-18 23:00:00+00:00,362353.3872222222,362353.3872222222
2024-04-19 00:00:00+00:00,258569.69472222225,258569.69472222225
2024-04-19 01:00:00+00:00,672018.8119444444,672018.8119444444
2024-04-19 02:00:00+00:00,1619614.9991666668,1619614.9991666668
2024-04-19 03:00:00+00:00,1887947.9583333333,1887947.9583333333
2024-04-19 04:00:00+00:00,2003290.3352777776,1389764.833148688
2024-04-19 05:00:00+00:00,3018083.215,3018083.215
2024-04-19 06:00:00+00:00,1613242.9308333334,1613242.9308333334
2024-04-19 07:00:00+00:00,1947441.3908333331,1947441.3908333331
2024-04-19 08:00:00+00:00,1364885.8036111111,1364885.8036111111
2024-04-19 09:00:00+00:00,1339589.4461111112,1339589.4461111112
2024-04-19 10:00:00+00:00,1440917.4913888888,1558814.6627908219
2024-04-19 11:00:00+00:00,1325249.2930555556,1325249.2930555556
2024-04-19 12:00:00+00:00,1045860.3638888889,1402743.6237256825
2024-04-19 13:00:00+00:00,1150613.1772222223,1150613.1772222223
2024-04-19 14:00:00+00:00,1049953.8658333332,1049953.8658333332
2024-04-19 15:00:00+00:00,1501565.9444444445,1501565.9444444445
2024-04-19 16:00:00+00:00,1432240.2752777778,1432240.2752777778
2024-04-19 17:00:00+00:00,1268807.3055555555,1268807.3055555555
2024-04-19 18:00:00+00:00,1266304.1716666666,1266304.1716666666
2024-04-19 19:00:00+00:00,539762.6458333334,539762.6458333334
2024-04-19 20:00:00+00:00,539647.3847222222,539647.3847222222
2024-04-19 21:00:00+00:00,522553.4941666666,522553.4941666666
2024-04-19 22:00:00+00:00,321479.9525,321479.9525
2024-04-19 23:00:00+00:00,427016.2569444445,427016.2569444445
2024-04-20 00:00:00+00:00,493543.2472222222,493543.2472222222
2024-04-20 01:00:00+00:00,539292.8325,539292.8325
2024-04-20 02:00:00+00:00,1029612.6230555556,1029612.6230555556
2024-04-20 03:00:00+00:00,1449529.6430555556,1449529.6430555556
2024-04-20 04:00:00+00:00,1300053.2297222223,1300053.2297222223
2024-04-20 05:00:00+00:00,1727246.3644444444,1727246.3644444444
2024-04-20 06:00:00+00:00,1433930.1191666666,1433930.1191666666
2024-04-20 07:00:00+00:00,1731606.2555555557,1731606.2555555557
2024-04-20 08:00:00+00:00,1386072.6083333334,1551155.610088938
2024-04-20 09:00:00+00:00,1573179.246388889,1573179.246388889
2024-04-20 10:00:00+00:00,1455953.0494444445,1455953.0494444445
2024-04-20 11:00:00+00:00,1619957.217222222,1619957.217222222
2024-04-20 12:00:00+00:00,1246953.183888889,1246953.183888889
2024-04-20 13:00:00+00:00,1458803.1341666668,1458803.1341666668
2024-04-20 14:00:00+00:00,514379.3580555556,514379.3580555556
2024-04-20 18:00:00+00:00,3984.67,3984.67
2024-04-20 19:00:00+00:00,1498571.403888889,1498571.403888889
2024-04-20 20:00:00+00:00,813987.5630555556,984362.0391154574
2024-04-20 21:00:00+00:00,529810.8694444444,529810.8694444444
2024-04-20 22:00:00+00:00,234579.7736111111,234579.7736111111
2024-04-20 23:00:00+00:00,284923.35055555555,284923.35055555555
2024-04-21 00:00:00+00:00,266647.8933333333,266647.8933333333
2024-04-21 01:00:00+00:00,443878.7841666667,443878.7841666667
2024-04-21 02:00:00+00:00,909726.8719444444,398613.84450353956
2024-04-21 03:00:00+00:00,1168543.516388889,1168543.516388889
2024-04-21 04:00:00+00:00,1958960.9791666667,1958960.9791666667
2024-04-21 05:00:00+00:00,1691310.110833333,1316112.977222185
2024-04-21 06:00:00+00:00,2163711.2644444443,2163711.2644444443
2024-04-21 07:00:00+00:00,1882150.8411111112,1882150.8411111112
2024-04-21 08:00:00+00:00,1167837.174722222,1167837.174722222
2024-04-21 09:00:00+00:00,1032681.9766666668,1032681.9766666668
2024-04-21 10:00:00+00:00,1336820.1666666667,1336820.1666666667
2024-04-21 11:00:00+00:00,1707752.6358333332,1707752.6358333332
2024-04-21 12:00:00+00:00,1583391.2936111111,1583391.2936111111
2024-04-21 13:00:00+00:00,1308564.361111111,1308564.361111111
2024-04-21 14:00:00+00:00,1798080.4686111112,1798080.4686111112
2024-04-21 15:00:00+00:00,1526405.6608333334,1526405.6608333334
2024-04-21 16:00:00+00:00,1193223.0302777777,1193223.0302777777
2024-04-21 17:00:00+00:00,1367021.3519444445,1367021.3519444445
2024-04-21 18:00:00+00:00,1354513.2169444445,1354513.2169444445
2024-04-21 19:00:00+00:00,1487268.9555555556,1487268.9555555556
2024-04-21 20:00:00+00:00,752850.1144444444,752850.1144444444
2024-04-21 21:00:00+00:00,756923.5188888889,756923.5188888889
2024-04-21 22:00:00+00:00,326751.3055555556,326751.3055555556
2024-04-21 23:00:00+00:00,198474.78833333333,198474.78833333333
2024-04-22 00:00:00+00:00,201756.98388888888,201756.98388888888
2024-04-22 01:00:00+00:00,486728.3336111111,486728.3336111111
2024-04-22 02:00:00+00:00,1415418.5775,1415418.5775
2024-04-22 03:00:00+00:00,1724506.1308333334,1724506.1308333334
2024-04-22 04:00:00+00:00,1720931.0044444446,1720931.0044444446
2024-04-22 05:00:00+00:00,1387350.6925,1387350.6925
2024-04-22 06:00:00+00:00,1518677.3438888888,1416191.1018824598
2024-04-22 07:00:00+00:00,1533112.9791666667,1533112.9791666667
2024-04-22 08:00:00+00:00,2045527.175555556,2045527.175555556
2024-04-22 09:00:00+00:00,1517685.5991666666,1517685.5991666666
2024-04-22 10:00:00+00:00,1846607.9102777776,1846607.9102777776
2024-04-22 11:00:00+00:00,1133041.3880555555,1133041.3880555555
2024-04-22 12:00:00+00:00,997409.3511111112,997409.3511111112
2024-04-22 13:00:00+00:00,1563206.019722222,1563206.019722222
2024-04-22 14:00:00+00:00,1670461.565,1670461.565
2024-04-22 15:00:00+00:00,1040684.2361111112,1040684.2361111112
2024-04-22 16:00:00+00:00,1297039.035,1297039.035
2024-04-22 17:00:00+00:00,1553628.653888889,1553628.653888889
2024-04-22 18:00:00+00:00,1190106.8238888888,1190106.8238888888
2024-04-22 19:00:00+00:00,1088569.1961111112,1088569.1961111112
2024-04-22 20:00:00+00:00,1190821.5047222222,1190821.5047222222
2024-04-22 21:00:00+00:00,4303742.685833333,4303742.685833333
2024-04-22 22:00:00+00:00,408940.7575,408940.7575
2024-04-22 23:00:00+00:00,625988.8469444445,625988.8469444445
2024-04-23 00:00:00+00:00,538052.7552777778,1193416.8866946362
2024-04-23 01:00:00+00:00,511397.90777777776,511397.90777777776
2024-04-23 02:00:00+00:00,901138.5897222222,901138.5897222222
2024-04-23 03:00:00+00:00,1433806.620833333,1433806.620833333
2024-04-23 04:00:00+00:00,2111592.7841666667,2111592.7841666667
2024-04-23 05:00:00+00:00,2008291.1608333332,2008291.1608333332
2024-04-23 06:00:00+00:00,1431426.0225,1431426.0225
2024-04-23 07:00:00+00:00,2183145.0894444445,2183145.0894444445
2024-04-23 08:00:00+00:00,1564909.651388889,1564909.651388889
2024-04-23 09:00:00+00:00,1299087.683333333,1299087.683333333
2024-04-23 10:00:00+00:00,1220159.898611111,1220159.898611111
2024-04-23 11:00:00+00:00,1197946.8725,1197946.8725
2024-04-23 12:00:00+00:00,928391.5666666668,928391.5666666668
2024-04-23 13:00:00+00:00,1078533.9933333334,1148850.4148798464
2024-04-23 14:00:00+00:00,1024952.0102777778,1024952.0102777778
2024-04-23 15:00:00+00:00,1613564.275,1613564.275
2024-04-23 16:00:00+00:00,1458661.8169444446,1458661.8169444446
2024-04-23 17:00:00+00:00,1657429.0213888888,1657429.0213888888
2024-04-23 18:00:00+00:00,1541910.2633333334,1541910.2633333334
2024-04-23 19:00:00+00:00,927776.6222222224,927776.6222222224
2024-04-23 20:00:00+00:00,687961.3952777778,1260986.7279652178
2024-04-23 21:00:00+00:00,850872.1111111111,1089099.7120163878
2024-04-23 22:00:00+00:00,729754.6047222222,729754.6047222222
2024-04-23 23:00:00+00:00,216272.39055555555,216272.39055555555
2024-04-24 00:00:00+00:00,282726.14694444445,282726.14694444445
2024-04-24 01:00:00+00:00,648754.8511111111,648754.8511111111
2024-04-24 02:00:00+00:00,1218700.3922222222,1218700.3922222222
2024-04-24 03:00:00+00:00,1750913.4352777775,1750913.4352777775
2024-04-24 04:00:00+00:00,2032110.1136111112,2032110.1136111112
2024-04-24 05:00:00+00:00,2446643.9619444446,2446643.9619444446
2024-04-24 06:00:00+00:00,2378004.847222222,2378004.847222222
2024-04-24 07:00:00+00:00,2021032.4291666667,2021032.4291666667
2024-04-24 08:00:00+00:00,1808387.548611111,1808387.548611111
2024-04-24 09:00:00+00:00,1927469.4397222225,1927469.4397222225
2024-04-24 10:00:00+00:00,1220358.6583333334,1949478.6681235826
2024-04-24 11:00:00+00:00,1487505.7605555556,1487505.7605555556
2024-04-24 12:00:00+00:00,1209767.3058333334,1209767.3058333334
2024-04-24 13:00:00+00:00,1413005.1275,1413005.1275
2024-04-24 14:00:00+00:00,1324435.216388889,1324435.216388889
2024-04-24 15:00:00+00:00,1364391.8955555556,1364391.8955555556
2024-04-24 16:00:00+00:00,1682792.9088888888,1682792.9088888888
2024-04-24 17:00:00+00:00,1614738.67,1614738.67
2024-04-24 18:00:00+00:00,1556498.045,1556498.045
2024-04-24 19:00:00+00:00,1628052.634722222,1628052.634722222
2024-04-24 20:00:00+00:00,1311803.471666667,1311803.471666667
2024-04-24 21:00:00+00:00,1042065.0608333332,1042065.0608333332
2024-04-24 22:00:00+00:00,536935.4952777778,536935.4952777778
2024-04-24 23:00:00+00:00,450724.93361111113,450724.93361111113
2024-04-25 00:00:00+00:00,413452.1683333333,742383.2701612945
2024-04-25 01:00:00+00:00,623650.1516666666,623650.1516666666
2024-04-25 02:00:00+00:00,1422468.5438888888,640952.0602328571
2024-04-25 03:00:00+00:00,1724967.62,895247.2757007695
2024-04-25 04:00:00+00:00,2447401.51,2447401.51
2024-04-25 05:00:00+00:00,1782568.2658333334,1795048.8530199614
2024-04-25 06:00:00+00:00,1872482.3402777775,1872482.3402777775
2024-04-25 07:00:00+00:00,1848141.32,1848141.32
2024-04-25 08:00:00+00:00,1853425.4144444445,1853425.4144444445
2024-04-25 09:00:00+00:00,1775464.3116666668,1775464.3116666668
2024-04-25 10:00:00+00:00,1852058.3477777776,1852058.3477777776
2024-04-25 11:00:00+00:00,1385189.4291666667,1385189.4291666667
2024-04-25 12:00:00+00:00,1185388.425,1185388.425
2024-04-25 13:00:00+00:00,1971254.5836111112,1971254.5836111112
2024-04-25 14:00:00+00:00,1165244.2966666666,1165244.2966666666
2024-04-25 15:00:00+00:00,1804452.8452777776,1804452.8452777776
2024-04-25 16:00:00+00:00,1596804.5941666667,1596804.5941666667
2024-04-25 17:00:00+00:00,1429508.5066666666,1429508.5066666666
2024-04-25 18:00:00+00:00,1738643.1561111112,1738643.1561111112
2024-04-25 19:00:00+00:00,1537334.9841666666,1618362.4369227223
2024-04-25 20:00:00+00:00,1544984.7325,1544984.7325
2024-04-25 21:00:00+00:00,818560.1625,818560.1625
2024-04-25 22:00:00+00:00,981936.7788888888,981936.7788888888
2024-04-25 23:00:00+00:00,688153.3244444445,688153.3244444445
2024-04-26 00:00:00+00:00,592766.7258333333,592766.7258333333
2024-04-26 01:00:00+00:00,588280.2222222222,588280.2222222222
2024-04-26 02:00:00+00:00,1209997.0669444446,1209997.0669444446
2024-04-26 03:00:00+00:00,1867402.0841666667,1867402.0841666667
2024-04-26 04:00:00+00:00,1956730.3694444443,1956730.3694444443
2024-04-26 05:00:00+00:00,1893950.985833333,1893950.985833333
2024-04-26 06:00:00+00:00,1667696.9022222222,1726265.8024893575
2024-04-26 07:00:00+00:00,1472068.6983333332,1472068.6983333332
2024-04-26 08:00:00+00:00,2663053.450277778,2663053.450277778
2024-04-26 09:00:00+00:00,1669693.806111111,1669693.806111111
2024-04-26 10:00:00+00:00,1192462.5616666668,1192462.5616666668
2024-04-26 11:00:00+00:00,1042324.3975,1042324.3975
2024-04-26 12:00:00+00:00,1175974.4163888888,1175974.4163888888
2024-04-26 13:00:00+00:00,1157435.965833333,1157435.965833333
2024-04-26 14:00:00+00:00,1205595.7352777778,1205595.7352777778
2024-04-26 15:00:00+00:00,1324287.3127777777,1324287.3127777777
2024-04-26 16:00:00+00:00,1453783.806111111,1453783.806111111
2024-04-26 17:00:00+00:00,2111856.0622222223,2111856.0622222223
2024-04-26 18:00:00+00:00,1440120.5366666666,1440120.5366666666
2024-04-26 19:00:00+00:00,1020296.4469444444,1574076.374509595
2024-04-26 20:00:00+00:00,821033.8655555556,821033.8655555556
2024-04-26 21:00:00+00:00,617218.3972222222,617218.3972222222
2024-04-26 22:00:00+00:00,424830.4072222223,424830.4072222223
2024-04-26 23:00:00+00:00,357065.63444444444,357065.63444444444
2024-04-27 00:00:00+00:00,328053.2344444444,328053.2344444444
2024-04-27 01:00:00+00:00,523674.89666666667,523674.89666666667
2024-04-27 02:00:00+00:00,894238.4897222222,894238.4897222222
2024-04-27 03:00:00+00:00,944633.0072222222,944633.0072222222
2024-04-27 04:00:00+00:00,954304.7341666666,954304.7341666666
2024-04-27 05:00:00+00:00,974651.3161111112,974651.3161111112
2024-04-27 06:00:00+00:00,1337712.1669444444,1337712.1669444444
2024-04-27 07:00:00+00:00,766072.39,766072.39
2024-04-27 08:00:00+00:00,1063502.5333333334,1063502.5333333334
2024-04-27 09:00:00+00:00,838013.7583333333,838013.7583333333
2024-04-27 10:00:00+00:00,887216.1852777777,887216.1852777777
2024-04-27 11:00:00+00:00,1547758.691388889,1547758.691388889
2024-04-27 12:00:00+00:00,1178075.7311111111,1178075.7311111111
2024-04-27 13:00:00+00:00,1770046.3902777778,1770046.3902777778
2024-04-27 14:00:00+00:00,1139544.98,1139544.98
2024-04-27 15:00:00+00:00,1270219.352222222,1270219.352222222
2024-04-27 16:00:00+00:00,1359342.5608333333,1291739.9979480004
2024-04-27 17:00:00+00:00,2796222.2538888888,1326024.7442587542
2024-04-27 18:00:00+00:00,1573666.1536111112,1573666.1536111112
2024-04-27 19:00:00+00:00,1432514.8697222222,1432514.8697222222
2024-04-27 20:00:00+00:00,1093008.7213888888,1093008.7213888888
2024-04-27 21:00:00+00:00,714963.1888888889,714963.1888888889
2024-04-27 22:00:00+00:00,603461.4991666666,603461.4991666666
2024-04-27 23:00:00+00:00,357990.245,357990.245
2024-04-28 00:00:00+00:00,636991.1197222222,636991.1197222222
2024-04-28 01:00:00+00:00,609423.4252777778,609423.4252777778
2024-04-28 02:00:00+00:00,867139.5327777778,867139.5327777778
2024-04-28 03:00:00+00:00,1067827.004166667,1067827.004166667
2024-04-28 04:00:00+00:00,1198454.1458333333,1198454.1458333333
2024-04-28 05:00:00+00:00,998569.365,998569.365
2024-04-28 06:00:00+00:00,1637695.911111111,1637695.911111111
2024-04-28 07:00:00+00:00,1107661.7938888888,1107661.7938888888
2024-04-28 08:00:00+00:00,1532959.9272222223,1532959.9272222223
2024-04-28 09:00:00+00:00,1376204.5841666667,1376204.5841666667
2024-04-28 10:00:00+00:00,1593572.8116666668,1359186.1698477855
2024-04-28 11:00:00+00:00,1798383.350833333,1798383.350833333
2024-04-28 12:00:00+00:00,1571910.17,1571910.17
2024-04-28 13:00:00+00:00,1636854.1797222225,1636854.1797222225
2024-04-28 14:00:00+00:00,1894904.490277778,1610347.3242111993
2024-04-28 15:00:00+00:00,1689090.2794444445,1689090.2794444445
2024-04-28 16:00:00+00:00,1879878.207222222,1879878.207222222
2024-04-28 17:00:00+00:00,2098332.2025,2098332.2025
2024-04-28 18:00:00+00:00,2177311.074722222,2177311.074722222
2024-04-28 19:00:00+00:00,1090513.6233333333,1090513.6233333333
2024-04-28 20:00:00+00:00,1052548.835,1052548.835
2024-04-28 21:00:00+00:00,651400.3963888889,651400.3963888889
2024-04-28 22:00:00+00:00,363583.4275,363583.4275
2024-04-28 23:00:00+00:00,635931.2952777778,635931.2952777778
2024-04-29 00:00:00+00:00,297307.0572222222,297307.0572222222
2024-04-29 01:00:00+00:00,784512.4172222222,784512.4172222222
2024-04-29 02:00:00+00:00,1319078.4722222222,1319078.4722222222
2024-04-29 03:00:00+00:00,1651811.4066666667,1651811.4066666667
2024-04-29 04:00:00+00:00,2064631.3883333332,2064631.3883333332
2024-04-29 05:00:00+00:00,1489348.3280555557,1489348.3280555557
2024-04-29 06:00:00+00:00,1844378.1694444444,1844378.1694444444
2024-04-29 07:00:00+00:00,1851547.428055556,1851547.428055556
2024-04-29 08:00:00+00:00,1793484.5958333334,1793484.5958333334
2024-04-29 09:00:00+00:00,1826227.828611111,1826227.828611111
2024-04-29 10:00:00+00:00,1877592.1266666667,1877592.1266666667
2024-04-29 11:00:00+00:00,1128597.058333333,1128597.058333333
2024-04-29 12:00:00+00:00,855584.6852777777,855584.6852777777
2024-04-29 13:00:00+00:00,1626684.3311111112,1626684.3311111112
2024-04-29 14:00:00+00:00,1707608.1558333333,1707608.1558333333
2024-04-29 15:00:00+00:00,1454955.090833333,1454955.090833333
2024-04-29 16:00:00+00:00,1584012.0955555555,1584012.0955555555
2024-04-29 17:00:00+00:00,1581814.3133333332,1581814.3133333332
2024-04-29 18:00:00+00:00,1624898.7605555556,1624898.7605555556
2024-04-29 19:00:00+00:00,1752737.0791666666,1752737.0791666666
2024-04-29 20:00:00+00:00,836446.1630555555,836446.1630555555
2024-04-29 21:00:00+00:00,755751.0611111111,755751.0611111111
2024-04-29 22:00:00+00:00,161892.03472222222,161892.03472222222
2024-04-29 23:00:00+00:00,279792.0805555555,279792.0805555555
2024-04-30 00:00:00+00:00,469009.1597222223,469009.1597222223
2024-04-30 01:00:00+00:00,746335.1888888889,746335.1888888889
2024-04-30 02:00:00+00:00,1235078.5413888888,1235078.5413888888
2024-04-30 03:00:00+00:00,1498767.3483333334,1498767.3483333334
2024-04-30 04:00:00+00:00,1469294.8008333333,1469294.8008333333
2024-04-30 05:00:00+00:00,1798319.891111111,1798319.891111111
2024-04-30 06:00:00+00:00,1455019.756388889,1455019.756388889
2024-04-30 07:00:00+00:00,2394762.6591666667,2394762.6591666667
2024-04-30 08:00:00+00:00,1562325.483888889,1562325.483888889
2024-04-30 09:00:00+00:00,1640332.6044444444,1640332.6044444444
2024-04-30 10:00:00+00:00,1526953.1552777777,1526953.1552777777
2024-04-30 11:00:00+00:00,883730.205,883730.205
2024-04-30 12:00:00+00:00,1824054.3058333332,1824054.3058333332
2024-04-30 13:00:00+00:00,739379.3763888889,739379.3763888889
2024-04-30 14:00:00+00:00,1084894.4647222222,1084894.4647222222
2024-04-30 15:00:00+00:00,1153670.3208333333,1153670.3208333333
2024-04-30 16:00:00+00:00,1485197.4122222222,1485197.4122222222
2024-04-30 17:00:00+00:00,1249126.1105555557,1249126.1105555557
2024-04-30 18:00:00+00:00,1627127.973611111,1627127.973611111
2024-04-30 19:00:00+00:00,840643.0969444445,840643.0969444445
2024-04-30 20:00:00+00:00,560255.2155555555,560255.2155555555
2024-04-30 21:00:00+00:00,334741.0752777778,334741.0752777778
2024-04-30 22:00:00+00:00,345888.16444444447,345888.16444444447
2024-04-30 23:00:00+00:00,332669.58722222224,332669.58722222224
2024-05-01 00:00:00+00:00,306481.1744444444,306481.1744444444
2024-05-01 01:00:00+00:00,677069.9555555555,677069.9555555555
2024-05-01 02:00:00+00:00,898631.5191666667,898631.5191666667
2024-05-01 03:00:00+00:00,687149.8783333333,687149.8783333333
2024-05-01 04:00:00+00:00,1009349.4375,1009349.4375
2024-05-01 05:00:00+00:00,1513386.8930555556,1513386.8930555556
2024-05-01 06:00:00+00:00,954712.8683333332,954712.8683333332
2024-05-01 07:00:00+00:00,1157587.83,1157587.83
2024-05-01 08:00:00+00:00,1442063.8202777775,1442063.8202777775
2024-05-01 09:00:00+00:00,1664279.6788888888,1664279.6788888888
2024-05-01 10:00:00+00:00,1189643.4152777777,1189643.4152777777
2024-05-01 11:00:00+00:00,1079449.0186111112,1079449.0186111112
2024-05-01 12:00:00+00:00,1111724.3730555556,1111724.3730555556
2024-05-01 13:00:00+00:00,1243624.7327777778,1243624.7327777778
2024-05-01 14:00:00+00:00,1192054.6669444444,1192054.6669444444
2024-05-01 15:00:00+00:00,1503284.215,1503284.215
2024-05-01 16:00:00+00:00,1380347.9811111111,1380347.9811111111
2024-05-01 17:00:00+00:00,1834936.2241666664,1834936.2241666664
2024-05-01 18:00:00+00:00,1800654.1005555557,1800654.1005555557
2024-05-01 19:00:00+00:00,1026779.2686111112,1026779.2686111112
2024-05-01 20:00:00+00:00,722681.1030555556,722681.1030555556
2024-05-01 21:00:00+00:00,638416.0466666666,638416.0466666666
2024-05-01 22:00:00+00:00,314579.3855555556,314579.3855555556
2024-05-01 23:00:00+00:00,373421.22944444447,373421.22944444447
2024-05-02 00:00:00+00:00,214310.33638888889,214310.33638888889
2024-05-02 01:00:00+00:00,726341.7838888889,394403.6778688913
2024-05-02 02:00:00+00:00,1389965.0302777777,1389965.0302777777
2024-05-02 03:00:00+00:00,1447384.3216666668,1447384.3216666668
2024-05-02 04:00:00+00:00,1655684.887777778,1655684.887777778
2024-05-02 05:00:00+00:00,1397662.524166667,1397662.524166667
2024-05-02 06:00:00+00:00,1397949.8841666668,1397949.8841666668
2024-05-02 07:00:00+00:00,1767440.2222222222,1767440.2222222222
2024-05-02 08:00:00+00:00,1784707.5741666667,1784707.5741666667
2024-05-02 09:00:00+00:00,1773979.8277777778,1773979.8277777778
2024-05-02 10:00:00+00:00,2085598.289722222,2085598.289722222
2024-05-02 11:00:00+00:00,1410257.0536111111,1410257.0536111111
2024-05-02 12:00:00+00:00,1355494.8644444444,1355494.8644444444
2024-05-02 13:00:00+00:00,1784595.7294444444,1784595.7294444444
2024-05-02 14:00:00+00:00,1646123.2572222222,1646123.2572222222
2024-05-02 15:00:00+00:00,1850825.5147222225,1850825.5147222225
2024-05-02 16:00:00+00:00,2595618.501388889,2595618.501388889
2024-05-02 17:00:00+00:00,2236895.2075,2236895.2075
2024-05-02 18:00:00+00:00,1729503.651388889,1729503.651388889
2024-05-02 19:00:00+00:00,1544372.961111111,1544372.961111111
2024-05-02 20:00:00+00:00,1256860.4975,1256860.4975
2024-05-02 21:00:00+00:00,849251.3069444444,849251.3069444444
2024-05-02 22:00:00+00:00,654975.9586111112,654975.9586111112
2024-05-02 23:00:00+00:00,303613.12166666664,303613.12166666664
2024-05-03 00:00:00+00:00,446247.2425,446247.2425
2024-05-03 01:00:00+00:00,1205676.9741666666,589603.8800571637
2024-05-03 02:00:00+00:00,1600427.7133333334,1600427.7133333334
2024-05-03 03:00:00+00:00,2328190.2258333336,2328190.2258333336
2024-05-03 04:00:00+00:00,3133323.1344444444,1646556.630306546
2024-05-03 05:00:00+00:00,2909486.0644444446,2909486.0644444446
2024-05-03 06:00:00+00:00,2107681.003055556,2107681.003055556
2024-05-03 07:00:00+00:00,1938510.6908333332,2290485.2211995143
2024-05-03 08:00:00+00:00,2408144.551388889,2408144.551388889
2024-05-03 09:00:00+00:00,1961423.645,1961423.645
2024-05-03 10:00:00+00:00,1913642.381111111,1913642.381111111
2024-05-03 11:00:00+00:00,1669883.223611111,1669883.223611111
2024-05-03 12:00:00+00:00,1264763.233611111,1264763.233611111
2024-05-03 13:00:00+00:00,1559582.246388889,1559582.246388889
2024-05-03 14:00:00+00:00,1621626.8094444445,1621626.8094444445
2024-05-03 15:00:00+00:00,1696549.778333333,1696549.778333333
2024-05-03 16:00:00+00:00,1888482.8283333331,1888482.8283333331
2024-05-03 17:00:00+00:00,2082378.6266666667,2082378.6266666667
2024-05-03 18:00:00+00:00,2034840.123055556,2034840.123055556
2024-05-03 19:00:00+00:00,2092058.0719444444,2092058.0719444444
2024-05-03 20:00:00+00:00,1707341.441111111,1707341.441111111
2024-05-03 21:00:00+00:00,981879.0302777778,981879.0302777778
2024-05-03 22:00:00+00:00,1753851.6125,1753851.6125
2024-05-03 23:00:00+00:00,652169.5766666667,652169.5766666667
2024-05-04 00:00:00+00:00,310146.0725,310146.0725
2024-05-04 01:00:00+00:00,1027510.9319444444,1027510.9319444444
2024-05-04 02:00:00+00:00,1273838.2483333333,906049.1333392729
2024-05-04 03:00:00+00:00,2169613.2552777776,2169613.2552777776
2024-05-04 04:00:00+00:00,1683151.191111111,1683151.191111111
2024-05-04 05:00:00+00:00,1870767.526111111,1870767.526111111
2024-05-04 06:00:00+00:00,1560050.7177777777,1560050.7177777777
2024-05-04 07:00:00+00:00,1659488.8077777778,1659488.8077777778
2024-05-04 08:00:00+00:00,1849912.4533333331,1849912.4533333331
2024-05-04 09:00:00+00:00,1547987.1269444444,1547987.1269444444
2024-05-04 10:00:00+00:00,1700163.826388889,1700163.826388889
2024-05-04 11:00:00+00:00,2109737.5366666666,2109737.5366666666
2024-05-04 12:00:00+00:00,1297990.717222222,1297990.717222222
2024-05-04 13:00:00+00:00,1459151.3444444444,1459151.3444444444
2024-05-04 14:00:00+00:00,1466013.8219444444,1466013.8219444444
2024-05-04 15:00:00+00:00,1643599.629166667,1643599.629166667
2024-05-04 16:00:00+00:00,1983056.9363888889,1569920.347662294
2024-05-04 17:00:00+00:00,1398423.226388889,1398423.226388889
2024-05-04 18:00:00+00:00,1847908.3080555557,1847908.3080555557
2024-05-04 19:00:00+00:00,1480275.9191666667,1480275.9191666667
2024-05-04 20:00:00+00:00,1322975.0255555557,1322975.0255555557
2024-05-04 21:00:00+00:00,849842.3622222223,849842.3622222223
2024-05-04 22:00:00+00:00,602329.1147222222,602329.1147222222
2024-05-04 23:00:00+00:00,706176.5372222222,706176.5372222222
2024-05-05 00:00:00+00:00,657136.9144444445,657136.9144444445
2024-05-05 01:00:00+00:00,827123.151388889,827123.151388889
2024-05-05 02:00:00+00:00,1258933.6366666667,1258933.6366666667
2024-05-05 03:00:00+00:00,1239781.7252777778,1239781.7252777778
2024-05-05 04:00:00+00:00,1563871.5936111112,1563871.5936111112
2024-05-05 05:00:00+00:00,1966262.3744444444,1966262.3744444444
2024-05-05 06:00:00+00:00,1898338.1927777776,1898338.1927777776
2024-05-05 07:00:00+00:00,1957380.415555556,1957380.415555556
2024-05-05 08:00:00+00:00,2016470.663333333,2016470.663333333
2024-05-05 09:00:00+00:00,1769594.6861111112,1769594.6861111112
2024-05-05 10:00:00+00:00,1680959.086111111,1680959.086111111
2024-05-05 11:00:00+00:00,2236216.838611111,2236216.838611111
2024-05-05 12:00:00+00:00,2331494.988055556,2331494.988055556
2024-05-05 13:00:00+00:00,1862415.7508333328,1862415.7508333328
2024-05-05 14:00:00+00:00,2142244.0177777777,2142244.0177777777
2024-05-05 15:00:00+00:00,2086802.6741666663,2086802.6741666663
2024-05-05 16:00:00+00:00,1942922.7486111112,1942922.7486111112
2024-05-05 17:00:00+00:00,2172603.938055556,2019076.6929687513
2024-05-05 18:00:00+00:00,2059498.1922222225,1946261.8337162498
2024-05-05 19:00:00+00:00,1664034.5313888888,1664034.5313888888
2024-05-05 20:00:00+00:00,1572479.9383333332,1778342.559407275
2024-05-05 21:00:00+00:00,1629974.4030555557,1629974.4030555557
2024-05-05 22:00:00+00:00,847255.7341666666,847255.7341666666
2024-05-05 23:00:00+00:00,766261.2633333333,766261.2633333333
2024-05-06 00:00:00+00:00,1426835.6766666668,1426835.6766666668
2024-05-06 01:00:00+00:00,1210246.6994444444,1210246.6994444444
2024-05-06 02:00:00+00:00,1706096.4466666668,1706096.4466666668
2024-05-06 03:00:00+00:00,1746996.3575,1746996.3575
2024-05-06 04:00:00+00:00,1873497.188055556,1873497.188055556
2024-05-06 05:00:00+00:00,2314263.984166667,2314263.984166667
2024-05-06 06:00:00+00:00,2785652.367777778,2785652.367777778
2024-05-06 07:00:00+00:00,2566811.6633333336,2566811.6633333336
2024-05-06 08:00:00+00:00,1892793.5738888888,1892793.5738888888
2024-05-06 09:00:00+00:00,2188162.5991666666,2188162.5991666666
2024-05-06 10:00:00+00:00,1882728.4597222223,1882728.4597222223
2024-05-06 11:00:00+00:00,1091479.4933333334,1091479.4933333334
2024-05-06 12:00:00+00:00,1444424.6763888889,1444424.6763888889
2024-05-06 13:00:00+00:00,1614154.1105555557,1614154.1105555557
2024-05-06 14:00:00+00:00,1624083.659166667,1624083.659166667
2024-05-06 15:00:00+00:00,1483762.5052777778,1483762.5052777778
2024-05-06 16:00:00+00:00,2722220.5725,2722220.5725
2024-05-06 17:00:00+00:00,1946571.477222222,1946571.477222222
2024-05-06 18:00:00+00:00,3458673.0316666667,3458673.0316666667
2024-05-06 19:00:00+00:00,1382496.4641666666,1382496.4641666666
2024-05-06 20:00:00+00:00,1716720.0291666666,1716720.0291666666
2024-05-06 21:00:00+00:00,793608.26,793608.26
2024-05-06 22:00:00+00:00,553386.2088888889,553386.2088888889
2024-05-06 23:00:00+00:00,481931.72305555554,1059245.877957349
2024-05-07 00:00:00+00:00,384810.7347222222,384810.7347222222
2024-05-07 01:00:00+00:00,933285.35,933285.35
2024-05-07 02:00:00+00:00,1657182.44,1657182.44
2024-05-07 03:00:00+00:00,2078427.423888889,2078427.423888889
2024-05-07 04:00:00+00:00,1803008.163333333,1803008.163333333
2024-05-07 05:00:00+00:00,2109951.3508333336,2109951.3508333336
2024-05-07 06:00:00+00:00,2359582.242777778,2359582.242777778
2024-05-07 07:00:00+00:00,1592405.7702777777,1592405.7702777777
2024-05-07 08:00:00+00:00,1687951.7966666666,1687951.7966666666
2024-05-07 09:00:00+00:00,1435074.4452777775,1435074.4452777775
2024-05-07 10:00:00+00:00,1463966.7925,1463966.7925
2024-05-07 11:00:00+00:00,1427251.3597222222,1427251.3597222222
2024-05-07 12:00:00+00:00,1168050.2586111112,1168050.2586111112
2024-05-07 13:00:00+00:00,880922.7755555556,880922.7755555556
2024-05-07 14:00:00+00:00,1395926.3683333334,1395926.3683333334
2024-05-07 15:00:00+00:00,1087331.9255555556,1087331.9255555556
2024-05-07 16:00:00+00:00,1432076.2880555557,1432076.2880555557
2024-05-07 17:00:00+00:00,1723021.9683333333,1723021.9683333333
2024-05-07 18:00:00+00:00,1362984.154722222,1362984.154722222
2024-05-07 19:00:00+00:00,1624759.637777778,1624759.637777778
2024-05-07 20:00:00+00:00,970215.3016666666,970215.3016666666
2024-05-07 21:00:00+00:00,951861.1586111112,951861.1586111112
2024-05-07 22:00:00+00:00,488857.45972222224,488857.45972222224
2024-05-07 23:00:00+00:00,360770.6894444444,858626.3020344017
2024-05-08 00:00:00+00:00,298877.4375,298877.4375
2024-05-08 01:00:00+00:00,648178.4961111111,648178.4961111111
2024-05-08 02:00:00+00:00,759369.1061111111,759369.1061111111
2024-05-08 03:00:00+00:00,1321258.8247222223,1321258.8247222223
2024-05-08 04:00:00+00:00,1217619.8766666667,1217619.8766666667
2024-05-08 05:00:00+00:00,1568212.159166667,1568212.159166667
2024-05-08 06:00:00+00:00,1746804.1225,1746804.1225
2024-05-08 07:00:00+00:00,1601556.2513888888,1601556.2513888888
2024-05-08 08:00:00+00:00,1501331.3069444443,1501331.3069444443
2024-05-08 09:00:00+00:00,1242718.628888889,1242718.628888889
2024-05-08 10:00:00+00:00,1414464.7569444445,1414464.7569444445
2024-05-08 11:00:00+00:00,1734687.3055555555,1734687.3055555555
2024-05-08 12:00:00+00:00,1643340.1019444445,1643340.1019444445
2024-05-08 13:00:00+00:00,1783421.904722222,1783421.904722222
2024-05-08 14:00:00+00:00,1670213.163888889,1670213.163888889
2024-05-08 15:00:00+00:00,1112402.7652777778,1112402.7652777778
2024-05-08 16:00:00+00:00,1450625.3463888888,1450625.3463888888
2024-05-08 17:00:00+00:00,2021407.8725,2021407.8725
2024-05-08 18:00:00+00:00,1566832.034166667,1689960.902817796
2024-05-08 19:00:00+00:00,1396198.1458333333,1396198.1458333333
2024-05-08 20:00:00+00:00,937948.0394444444,937948.0394444444
2024-05-08 21:00:00+00:00,1069042.3772222225,1069042.3772222225
2024-05-08 22:00:00+00:00,443137.9294444444,443137.9294444444
2024-05-08 23:00:00+00:00,496002.8822222222,496002.8822222222
2024-05-09 00:00:00+00:00,251541.61138888888,251541.61138888888
2024-05-09 01:00:00+00:00,636968.1169444445,636968.1169444445
2024-05-09 02:00:00+00:00,1473340.05,1473340.05
2024-05-09 03:00:00+00:00,1453319.0333333334,1453319.0333333334
2024-05-09 04:00:00+00:00,2046645.796388889,2046645.796388889
2024-05-09 05:00:00+00:00,2141070.860277778,2141070.860277778
2024-05-09 06:00:00+00:00,1911270.045,1911270.045
2024-05-09 07:00:00+00:00,1528475.2733333334,1528475.2733333334
2024-05-09 08:00:00+00:00,1564884.933333333,1564884.933333333
2024-05-09 09:00:00+00:00,1682862.7427777778,1682862.7427777778
2024-05-09 10:00:00+00:00,2006701.5472222224,1663199.3993554427
2024-05-09 11:00:00+00:00,1406866.2830555555,1406866.2830555555
2024-05-09 12:00:00+00:00,1461775.5016666667,1461775.5016666667
2024-05-09 13:00:00+00:00,1524049.6155555556,1524049.6155555556
2024-05-09 14:00:00+00:00,1336633.477222222,1336633.477222222
2024-05-09 15:00:00+00:00,1499091.6233333333,1499091.6233333333
2024-05-09 16:00:00+00:00,1775467.3938888889,1775467.3938888889
2024-05-09 17:00:00+00:00,3066502.368611112,1597181.887384478
2024-05-09 18:00:00+00:00,1907925.3355555555,1907925.3355555555
2024-05-09 19:00:00+00:00,1474985.2936111111,1474985.2936111111
2024-05-09 20:00:00+00:00,1151989.6161111111,1151989.6161111111
2024-05-09 21:00:00+00:00,1027525.6369444444,1027525.6369444444
2024-05-09 22:00:00+00:00,935193.9725,935193.9725
2024-05-09 23:00:00+00:00,755359.7944444445,755359.7944444445
2024-05-10 00:00:00+00:00,683476.4325,683476.4325
2024-05-10 01:00:00+00:00,709842.9022222222,709842.9022222222
2024-05-10 02:00:00+00:00,1481767.4316666666,1481767.4316666666
2024-05-10 03:00:00+00:00,1726990.8630555556,1726990.8630555556
2024-05-10 04:00:00+00:00,1618772.538611111,1361626.5770200626
2024-05-10 05:00:00+00:00,1850592.7913888888,1538634.138077575
2024-05-10 06:00:00+00:00,1864228.6180555555,1864228.6180555555
2024-05-10 07:00:00+00:00,1639960.1402777778,1639960.1402777778
2024-05-10 08:00:00+00:00,1955892.9694444444,1955892.9694444444
2024-05-10 09:00:00+00:00,2024152.8036111111,2024152.8036111111
2024-05-10 10:00:00+00:00,1344175.072222222,1344175.072222222
2024-05-10 11:00:00+00:00,1439594.6155555556,1439594.6155555556
2024-05-10 12:00:00+00:00,1619306.3538888888,1619306.3538888888
2024-05-10 13:00:00+00:00,1687374.2669444445,1687374.2669444445
2024-05-10 14:00:00+00:00,2025954.6658333333,2025954.6658333333
2024-05-10 15:00:00+00:00,1743365.015,1743365.015
2024-05-10 16:00:00+00:00,2239296.2855555555,2239296.2855555555
2024-05-10 17:00:00+00:00,2014831.9105555555,2014831.9105555555
2024-05-10 18:00:00+00:00,2077391.0094444444,2077391.0094444444
2024-05-10 19:00:00+00:00,1421697.888611111,2029072.1982987763
2024-05-10 20:00:00+00:00,1520567.6822222222,1520567.6822222222
2024-05-10 21:00:00+00:00,621908.2730555555,621908.2730555555
2024-05-10 22:00:00+00:00,721201.9011111112,1266405.4727104753
2024-05-10 23:00:00+00:00,552396.4266666666,1018781.0597196124
2024-05-11 00:00:00+00:00,830034.2025,830034.2025
2024-05-11 01:00:00+00:00,765446.1475,765446.1475
2024-05-11 02:00:00+00:00,1049546.9272222223,1049546.9272222223
2024-05-11 03:00:00+00:00,1264197.3358333334,1264197.3358333334
2024-05-11 04:00:00+00:00,1675133.095,1675133.095
2024-05-11 05:00:00+00:00,1837072.634722222,1837072.634722222
2024-05-11 06:00:00+00:00,1934901.0416666667,1934901.0416666667
2024-05-11 07:00:00+00:00,1729207.285,1729207.285
2024-05-11 08:00:00+00:00,1658882.707222222,1658882.707222222
2024-05-11 09:00:00+00:00,1970879.6986111111,1970879.6986111111
2024-05-11 10:00:00+00:00,1933058.7188888888,1933058.7188888888
2024-05-11 11:00:00+00:00,1804825.1891666667,1804825.1891666667
2024-05-11 12:00:00+00:00,1983749.828611111,1983749.828611111
2024-05-11 13:00:00+00:00,1893779.121388889,1893779.121388889
2024-05-11 14:00:00+00:00,2105007.9547222224,2105007.9547222224
2024-05-11 15:00:00+00:00,1374749.9608333334,1374749.9608333334
2024-05-11 16:00:00+00:00,2451968.5569444443,2451968.5569444443
2024-05-11 17:00:00+00:00,2261485.117777778,2037144.7665714482
2024-05-11 18:00:00+00:00,1991230.9669444445,1991230.9669444445
2024-05-11 19:00:00+00:00,1194311.4677777777,2062600.446192735
2024-05-11 20:00:00+00:00,1197679.006111111,1197679.006111111
2024-05-11 21:00:00+00:00,856354.4180555556,1575420.9727817941
2024-05-11 22:00:00+00:00,373376.9519444445,373376.9519444445
2024-05-11 23:00:00+00:00,411343.9841666667,411343.9841666667
2024-05-12 00:00:00+00:00,375855.2686111111,375855.2686111111
2024-05-12 01:00:00+00:00,598680.7186111112,598680.7186111112
2024-05-12 02:00:00+00:00,709121.1758333333,566922.3368889686
2024-05-12 03:00:00+00:00,1185306.1430555556,1185306.1430555556
2024-05-12 04:00:00+00:00,1251462.1147222223,912873.898893198
2024-05-12 05:00:00+00:00,1794250.3291666666,1794250.3291666666
2024-05-12 06:00:00+00:00,1968130.5222222223,1433803.522632689
2024-05-12 07:00:00+00:00,1570128.0541666667,1570128.0541666667
2024-05-12 08:00:00+00:00,1862513.185555556,1862513.185555556
2024-05-12 09:00:00+00:00,1704401.3072222222,1704401.3072222222
2024-05-12 10:00:00+00:00,2680309.2722222223,2680309.2722222223
2024-05-12 11:00:00+00:00,1905262.431388889,1905262.431388889
2024-05-12 12:00:00+00:00,1737154.1652777777,1737154.1652777777
2024-05-12 13:00:00+00:00,1785676.7930555556,1785676.7930555556
2024-05-12 14:00:00+00:00,1865088.67,1865088.67
2024-05-12 15:00:00+00:00,2077103.9522222225,2077103.9522222225
2024-05-12 16:00:00+00:00,1690840.9041666666,1690840.9041666666
2024-05-12 17:00:00+00:00,1814491.850833333,1814491.850833333
2024-05-12 18:00:00+00:00,1530168.8347222223,1530168.8347222223
2024-05-12 19:00:00+00:00,1600257.4144444445,1600257.4144444445
2024-05-12 20:00:00+00:00,1683499.9822222225,1683499.9822222225
2024-05-12 21:00:00+00:00,1018457.7741666668,1018457.7741666668
2024-05-12 22:00:00+00:00,885174.4763888889,885174.4763888889
2024-05-12 23:00:00+00:00,685332.7791666667,685332.7791666667
2024-05-13 00:00:00+00:00,493122.4455555556,493122.4455555556
2024-05-13 01:00:00+00:00,574316.0427777778,760336.9628453953
2024-05-13 02:00:00+00:00,1486946.8152777778,766097.1610744337
2024-05-13 03:00:00+00:00,1334901.1688888888,1334901.1688888888
2024-05-13 04:00:00+00:00,1534613.3438888888,1081664.3887869022
2024-05-13 05:00:00+00:00,3177728.62,1311280.7349335386
2024-05-13 06:00:00+00:00,2175082.196388889,2175082.196388889
2024-05-13 07:00:00+00:00,1689744.18,1689744.18
2024-05-13 08:00:00+00:00,2052977.7872222224,2052977.7872222224
2024-05-13 09:00:00+00:00,2267647.328888889,2267647.328888889
2024-05-13 10:00:00+00:00,2072344.465833333,2072344.465833333
2024-05-13 11:00:00+00:00,1257125.19,1257125.19
2024-05-13 12:00:00+00:00,1225971.44,1225971.44
2024-05-13 13:00:00+00:00,1285010.701388889,1504455.0980453389
2024-05-13 14:00:00+00:00,1541760.6575,1541760.6575
2024-05-13 15:00:00+00:00,1640206.1433333333,1640206.1433333333
2024-05-13 16:00:00+00:00,1623270.2352777778,1623270.2352777778
2024-05-13 17:00:00+00:00,1981556.4866666663,1981556.4866666663
2024-05-13 18:00:00+00:00,2254526.7338888887,1755466.064937991
2024-05-13 19:00:00+00:00,1741285.173333333,1741285.173333333
2024-05-13 20:00:00+00:00,1606615.3219444444,1606615.3219444444
2024-05-13 21:00:00+00:00,1105857.933611111,1105857.933611111
2024-05-13 22:00:00+00:00,422938.8072222222,422938.8072222222
2024-05-13 23:00:00+00:00,475144.3258333333,1005351.2694049939
2024-05-14 00:00:00+00:00,440292.94166666665,440292.94166666665
2024-05-14 01:00:00+00:00,842488.4941666666,842488.4941666666
2024-05-14 02:00:00+00:00,1139404.7130555557,1139404.7130555557
2024-05-14 03:00:00+00:00,2331889.6605555555,2331889.6605555555
2024-05-14 04:00:00+00:00,1691453.6233333333,1691453.6233333333
2024-05-14 05:00:00+00:00,3274917.7725,3274917.7725
2024-05-14 06:00:00+00:00,2739008.758611111,2739008.758611111
2024-05-14 07:00:00+00:00,2082290.903055556,2082290.903055556
2024-05-14 08:00:00+00:00,2235878.976944444,2235878.976944444
2024-05-14 09:00:00+00:00,1987304.308333333,1987304.308333333
2024-05-14 10:00:00+00:00,1908057.5325,1908057.5325
2024-05-14 11:00:00+00:00,2062691.548611111,2062691.548611111
2024-05-14 12:00:00+00:00,1503595.6816666666,1503595.6816666666
2024-05-14 13:00:00+00:00,1079882.8544444444,1079882.8544444444
2024-05-14 14:00:00+00:00,1689658.023611111,1689658.023611111
2024-05-14 15:00:00+00:00,1560590.4677777777,1560590.4677777777
2024-05-14 16:00:00+00:00,2021308.7188888888,2021308.7188888888
2024-05-14 17:00:00+00:00,2285115.925,2285115.925
2024-05-14 18:00:00+00:00,2199168.0227777776,2199168.0227777776
2024-05-14 19:00:00+00:00,1296846.665,1296846.665
2024-05-14 20:00:00+00:00,814195.1483333333,814195.1483333333
2024-05-14 21:00:00+00:00,828311.135,828311.135
2024-05-14 22:00:00+00:00,814788.5438888889,814788.5438888889
2024-05-14 23:00:00+00:00,448007.8036111111,989346.939975085
2024-05-15 00:00:00+00:00,320197.5361111111,320197.5361111111
2024-05-15 01:00:00+00:00,808893.3175,808893.3175
2024-05-15 02:00:00+00:00,1503765.8597222222,1503765.8597222222
2024-05-15 03:00:00+00:00,2348660.345,2348660.345
2024-05-15 04:00:00+00:00,2670584.1469444446,2670584.1469444446
2024-05-15 05:00:00+00:00,1590523.3661111111,1590523.3661111111
2024-05-15 06:00:00+00:00,1858326.578888889,1858326.578888889
2024-05-15 07:00:00+00:00,1835971.5977777776,1835971.5977777776
2024-05-15 08:00:00+00:00,2095241.86,2095241.86
2024-05-15 09:00:00+00:00,2434613.7872222224,2434613.7872222224
2024-05-15 10:00:00+00:00,1911403.9122222224,1911403.9122222224
2024-05-15 11:00:00+00:00,1081091.3872222223,1081091.3872222223
2024-05-15 12:00:00+00:00,1658419.8683333334,1658419.8683333334
2024-05-15 13:00:00+00:00,2001770.9722222225,1645091.2135926527
2024-05-15 14:00:00+00:00,1785237.735,1785237.735
2024-05-15 15:00:00+00:00,1485693.4297222225,1485693.4297222225
2024-05-15 16:00:00+00:00,1795357.8525,1795357.8525
2024-05-15 17:00:00+00:00,1567044.1102777778,1567044.1102777778
2024-05-15 18:00:00+00:00,1940266.6575,1940266.6575
2024-05-15 19:00:00+00:00,1154712.6686111111,1154712.6686111111
2024-05-15 20:00:00+00:00,1128171.8572222225,1128171.8572222225
2024-05-15 21:00:00+00:00,802998.2794444445,802998.2794444445
2024-05-15 22:00:00+00:00,513946.06,513946.06
2024-05-15 23:00:00+00:00,324861.93861111114,324861.93861111114
2024-05-16 00:00:00+00:00,450933.6841666666,450933.6841666666
2024-05-16 01:00:00+00:00,743425.8241666667,743425.8241666667
2024-05-16 02:00:00+00:00,1767619.441111111,1767619.441111111
2024-05-16 03:00:00+00:00,2102413.0866666664,2102413.0866666664
2024-05-16 04:00:00+00:00,2074876.576388889,2074876.576388889
2024-05-16 05:00:00+00:00,1968243.548055556,1968243.548055556
2024-05-16 06:00:00+00:00,1941395.217222222,1941395.217222222
2024-05-16 07:00:00+00:00,1904297.6861111112,1904297.6861111112
2024-05-16 08:00:00+00:00,3096705.980555556,3096705.980555556
2024-05-16 09:00:00+00:00,2005106.3925,2005106.3925
2024-05-16 10:00:00+00:00,1440285.3922222222,1440285.3922222222
2024-05-16 11:00:00+00:00,1405120.088888889,1405120.088888889
2024-05-16 12:00:00+00:00,1404494.9263888889,1404494.9263888889
2024-05-16 13:00:00+00:00,1140885.2902777777,1140885.2902777777
2024-05-16 14:00:00+00:00,1342219.6263888888,1342219.6263888888
2024-05-16 15:00:00+00:00,1760548.2991666666,1760548.2991666666
2024-05-16 16:00:00+00:00,1718822.6602777778,1718822.6602777778
2024-05-16 17:00:00+00:00,2013816.1725,2013816.1725
2024-05-16 18:00:00+00:00,1708860.0333333334,1708860.0333333334
2024-05-16 19:00:00+00:00,1116385.9441666666,1116385.9441666666
2024-05-16 20:00:00+00:00,961486.9394444444,961486.9394444444
2024-05-16 21:00:00+00:00,769330.5927777778,769330.5927777778
2024-05-16 22:00:00+00:00,395967.6713888889,395967.6713888889
2024-05-16 23:00:00+00:00,524563.0286111111,766416.6864136425
2024-05-17 00:00:00+00:00,317006.7080555556,317006.7080555556
2024-05-17 01:00:00+00:00,961012.0266666666,961012.0266666666
2024-05-17 02:00:00+00:00,1559275.6669444444,1559275.6669444444
2024-05-17 03:00:00+00:00,1836107.340833333,1836107.340833333
2024-05-17 04:00:00+00:00,1828382.863055556,1394255.352299041
2024-05-17 05:00:00+00:00,2087258.8236111111,2087258.8236111111
2024-05-17 06:00:00+00:00,2000826.0308333333,2000826.0308333333
2024-05-17 07:00:00+00:00,2464062.450277778,2464062.450277778
2024-05-17 08:00:00+00:00,2664781.5719444444,2664781.5719444444
2024-05-17 09:00:00+00:00,2468266.7102777776,2468266.7102777776
2024-05-17 10:00:00+00:00,2196072.1411111117,2196072.1411111117
2024-05-17 11:00:00+00:00,1551349.8908333334,1551349.8908333334
2024-05-17 12:00:00+00:00,1694807.3844444444,1694807.3844444444
2024-05-17 13:00:00+00:00,2146717.771388889,2146717.771388889
2024-05-17 14:00:00+00:00,2026650.163055556,2026650.163055556
2024-05-17 15:00:00+00:00,1987832.7713888888,1987832.7713888888
2024-05-17 16:00:00+00:00,2053815.6341666668,1996298.61388945
2024-05-17 17:00:00+00:00,3663775.868333333,3663775.868333333
2024-05-17 18:00:00+00:00,2835050.1002777778,2835050.1002777778
2024-05-17 19:00:00+00:00,2154417.4075,2154417.4075
2024-05-17 20:00:00+00:00,1457211.9197222225,2568772.5605653026
2024-05-17 21:00:00+00:00,1702239.1863888889,1702239.1863888889
2024-05-17 22:00:00+00:00,1464035.538888889,1464035.538888889
2024-05-17 23:00:00+00:00,1059161.6480555555,1791247.0064973885
2024-05-18 00:00:00+00:00,645328.2011111111,645328.2011111111
2024-05-18 01:00:00+00:00,560294.4688888888,560294.4688888888
2024-05-18 02:00:00+00:00,705980.6161111111,705980.6161111111
2024-05-18 03:00:00+00:00,1833144.243888889,1833144.243888889
2024-05-18 04:00:00+00:00,2113524.539444444,2113524.539444444
2024-05-18 05:00:00+00:00,1387777.5475,1387777.5475
2024-05-18 06:00:00+00:00,2532884.328888889,2532884.328888889
2024-05-18 07:00:00+00:00,2081182.7730555555,2081182.7730555555
2024-05-18 08:00:00+00:00,1829527.8136111111,1829527.8136111111
2024-05-18 09:00:00+00:00,1702477.4488888888,1702477.4488888888
2024-05-18 10:00:00+00:00,1593727.3005555556,1593727.3005555556
2024-05-18 11:00:00+00:00,2294529.5675,2294529.5675
2024-05-18 12:00:00+00:00,2415355.8413888887,2415355.8413888887
2024-05-18 13:00:00+00:00,2035254.8969444444,2035254.8969444444
2024-05-18 14:00:00+00:00,2283695.630555556,2283695.630555556
2024-05-18 15:00:00+00:00,2272177.5925,2272177.5925
2024-05-18 16:00:00+00:00,2922583.1333333333,2922583.1333333333
2024-05-18 17:00:00+00:00,2647521.5019444446,2523566.869888443
2024-05-18 18:00:00+00:00,2962149.883611111,2962149.883611111
2024-05-18 19:00:00+00:00,3219909.925277778,3219909.925277778
2024-05-18 20:00:00+00:00,2587452.83,2587452.83
2024-05-18 21:00:00+00:00,796958.9066666666,2816329.462126925
2024-05-18 22:00:00+00:00,394088.0241666666,394088.0241666666
2024-05-18 23:00:00+00:00,257753.21,257753.21
2024-05-19 00:00:00+00:00,405773.0569444444,405773.0569444444
2024-05-19 01:00:00+00:00,430137.47305555554,430137.47305555554
2024-05-19 02:00:00+00:00,1051100.2666666666,1051100.2666666666
2024-05-19 03:00:00+00:00,1282383.5216666667,1282383.5216666667
2024-05-19 04:00:00+00:00,1701928.165,1701928.165
2024-05-19 05:00:00+00:00,1944074.1569444444,1944074.1569444444
2024-05-19 06:00:00+00:00,1607681.6105555557,1607681.6105555557
2024-05-19 07:00:00+00:00,2315458.5572222224,2315458.5572222224
2024-05-19 08:00:00+00:00,1964143.0736111111,1964143.0736111111
2024-05-19 09:00:00+00:00,2173844.8069444443,2173844.8069444443
2024-05-19 10:00:00+00:00,1989288.7672222224,1989288.7672222224
2024-05-19 11:00:00+00:00,1715297.153888889,1715297.153888889
2024-05-19 12:00:00+00:00,1610996.1688888888,1610996.1688888888
2024-05-19 13:00:00+00:00,1324087.5011111111,1767604.6903367196
2024-05-19 14:00:00+00:00,1816453.56,1816453.56
2024-05-19 15:00:00+00:00,2067734.1772222223,2067734.1772222223
2024-05-19 16:00:00+00:00,1845970.5008333328,1845970.5008333328
2024-05-19 17:00:00+00:00,2463854.608055556,2463854.608055556
2024-05-19 18:00:00+00:00,2299866.0319444444,2299866.0319444444
2024-05-19 19:00:00+00:00,1218965.0455555555,1218965.0455555555
2024-05-19 20:00:00+00:00,1283893.3669444444,1283893.3669444444
2024-05-19 21:00:00+00:00,815929.2075,815929.2075
2024-05-19 22:00:00+00:00,640268.5547222223,640268.5547222223
2024-05-19 23:00:00+00:00,609971.9619444445,609971.9619444445
2024-05-20 00:00:00+00:00,386557.6744444444,822690.4045651054
2024-05-20 01:00:00+00:00,561348.6347222222,561348.6347222222
2024-05-20 02:00:00+00:00,1368139.4852777778,1368139.4852777778
2024-05-20 03:00:00+00:00,1665951.076666667,1665951.076666667
2024-05-20 04:00:00+00:00,2046526.933611111,2046526.933611111
2024-05-20 05:00:00+00:00,1722892.2394444444,1722892.2394444444
2024-05-20 06:00:00+00:00,2627463.5033333334,2627463.5033333334
2024-05-20 07:00:00+00:00,1897123.8733333333,1897123.8733333333
2024-05-20 08:00:00+00:00,1566173.21,1566173.21
2024-05-20 09:00:00+00:00,2155579.6994444444,2155579.6994444444
2024-05-20 10:00:00+00:00,1358867.9877777777,1358867.9877777777
2024-05-20 11:00:00+00:00,1223747.118888889,1223747.118888889
2024-05-20 12:00:00+00:00,1154526.227222222,1154526.227222222
2024-05-20 13:00:00+00:00,1173337.9141666666,1173337.9141666666
2024-05-20 14:00:00+00:00,1361452.755,1273197.257065933
2024-05-20 15:00:00+00:00,1352768.6727777778,1352768.6727777778
2024-05-20 16:00:00+00:00,1612133.5797222222,1612133.5797222222
2024-05-20 17:00:00+00:00,1331803.0413888888,1331803.0413888888
2024-05-20 18:00:00+00:00,1875182.4430555557,1875182.4430555557
2024-05-20 19:00:00+00:00,1228956.9422222222,1228956.9422222222
2024-05-20 20:00:00+00:00,1385996.2333333334,1385996.2333333334
2024-05-20 21:00:00+00:00,1004979.7655555556,1004979.7655555556
2024-05-20 22:00:00+00:00,742934.0769444444,742934.0769444444
2024-05-20 23:00:00+00:00,391424.9569444445,391424.9569444445
2024-05-21 00:00:00+00:00,372738.4916666666,372738.4916666666
2024-05-21 01:00:00+00:00,683919.4141666667,683919.4141666667
2024-05-21 02:00:00+00:00,1110574.185,1110574.185
2024-05-21 03:00:00+00:00,1612683.2858333334,836858.9052432633
2024-05-21 04:00:00+00:00,1843404.4375,1843404.4375
2024-05-21 05:00:00+00:00,1943609.101388889,1943609.101388889
2024-05-21 06:00:00+00:00,1499782.9408333334,1499782.9408333334
2024-05-21 07:00:00+00:00,1679070.7283333333,1679070.7283333333
2024-05-21 08:00:00+00:00,1743623.211388889,1743623.211388889
2024-05-21 09:00:00+00:00,2650032.3930555554,2650032.3930555554
2024-05-21 10:00:00+00:00,1960415.8736111112,1960415.8736111112
2024-05-21 11:00:00+00:00,1414193.120833333,1414193.120833333
2024-05-21 12:00:00+00:00,1476200.6383333334,1476200.6383333334
2024-05-21 13:00:00+00:00,1241915.6205555554,1241915.6205555554
2024-05-21 14:00:00+00:00,899550.3372222222,899550.3372222222
2024-05-21 15:00:00+00:00,596104.0344444445,596104.0344444445
2024-05-21 16:00:00+00:00,1043276.2947222224,1043276.2947222224
2024-05-21 17:00:00+00:00,834539.8986111111,834539.8986111111
2024-05-21 18:00:00+00:00,1147074.9944444443,1147074.9944444443
2024-05-21 19:00:00+00:00,441130.1111111111,441130.1111111111
2024-05-21 20:00:00+00:00,837510.7905555556,770932.5631862737
2024-05-21 21:00:00+00:00,709889.2625,709889.2625
2024-05-21 22:00:00+00:00,330319.4111111111,330319.4111111111
2024-05-21 23:00:00+00:00,236825.8113888889,236825.8113888889
2024-05-22 00:00:00+00:00,267516.4116666667,267516.4116666667
2024-05-22 01:00:00+00:00,380610.13166666665,380610.13166666665
2024-05-22 02:00:00+00:00,642881.1947222222,642881.1947222222
2024-05-22 03:00:00+00:00,987276.3794444444,482963.9935263909
2024-05-22 04:00:00+00:00,1330019.7061111112,1330019.7061111112
2024-05-22 05:00:00+00:00,1186651.014166667,1186651.014166667
2024-05-22 06:00:00+00:00,1347435.8219444444,1347435.8219444444
2024-05-22 07:00:00+00:00,1494988.9116666666,1494988.9116666666
2024-05-22 08:00:00+00:00,1324218.365277778,1324218.365277778
2024-05-22 09:00:00+00:00,1487742.69,1487742.69
2024-05-22 10:00:00+00:00,1202763.8147222225,1202763.8147222225
2024-05-22 11:00:00+00:00,511194.6977777778,511194.6977777778
2024-05-22 12:00:00+00:00,730161.565,730161.565
2024-05-22 13:00:00+00:00,746448.185,746448.185
2024-05-22 14:00:00+00:00,1239095.0980555555,1239095.0980555555
2024-05-22 15:00:00+00:00,850327.7783333333,996951.8108622924
2024-05-22 16:00:00+00:00,1583324.2019444443,1583324.2019444443
2024-05-22 17:00:00+00:00,1273382.4808333332,1273382.4808333332
2024-05-22 18:00:00+00:00,1336408.7688888889,1336408.7688888889
2024-05-22 19:00:00+00:00,952504.1827777778,952504.1827777778
2024-05-22 20:00:00+00:00,633121.58,633121.58
2024-05-22 21:00:00+00:00,659895.8944444444,659895.8944444444
2024-05-22 22:00:00+00:00,418348.4563888889,418348.4563888889
2024-05-22 23:00:00+00:00,274367.81638888887,274367.81638888887
2024-05-23 00:00:00+00:00,253954.15166666667,253954.15166666667
2024-05-23 01:00:00+00:00,436046.2627777778,436046.2627777778
2024-05-23 02:00:00+00:00,870410.0522222222,870410.0522222222
2024-05-23 03:00:00+00:00,1047284.6102777778,1047284.6102777778
2024-05-23 04:00:00+00:00,482139.9688888889,482139.9688888889
2024-05-23 05:00:00+00:00,238052.6886111111,238052.6886111111
2024-05-23 06:00:00+00:00,443451.0011111112,478967.0983179459
2024-05-23 07:00:00+00:00,427203.4141666667,427203.4141666667
2024-05-23 08:00:00+00:00,763280.8836111111,763280.8836111111
2024-05-23 09:00:00+00:00,1476796.4625,1476796.4625
2024-05-23 10:00:00+00:00,960877.6208333332,960877.6208333332
2024-05-23 11:00:00+00:00,906995.2633333332,906995.2633333332
2024-05-23 12:00:00+00:00,1123440.1027777777,1123440.1027777777
2024-05-23 13:00:00+00:00,887856.7425,887856.7425
2024-05-23 14:00:00+00:00,892246.6572222222,892246.6572222222
2024-05-23 15:00:00+00:00,1279479.2091666667,931750.8930303822
2024-05-23 16:00:00+00:00,1398291.9830555555,1398291.9830555555
2024-05-23 17:00:00+00:00,1488167.0494444445,1488167.0494444445
2024-05-23 18:00:00+00:00,1404288.306111111,1404288.306111111
2024-05-23 19:00:00+00:00,741138.1552777778,741138.1552777778
2024-05-23 20:00:00+00:00,557528.1238888889,1089977.3620087388
2024-05-23 21:00:00+00:00,491849.6608333333,491849.6608333333
2024-05-23 22:00:00+00:00,228122.91944444444,228122.91944444444
2024-05-23 23:00:00+00:00,180948.56277777776,180948.56277777776
2024-05-24 00:00:00+00:00,183086.6638888889,183086.6638888889
2024-05-24 01:00:00+00:00,375610.2494444444,287317.873843482
2024-05-24 02:00:00+00:00,892056.0833333334,892056.0833333334
2024-05-24 03:00:00+00:00,1438090.5019444444,609050.5560109863
2024-05-24 04:00:00+00:00,1353027.7344444443,1353027.7344444443
2024-05-24 05:00:00+00:00,1305633.608611111,1305633.608611111
2024-05-24 06:00:00+00:00,1313838.191666667,1313838.191666667
2024-05-24 07:00:00+00:00,1341472.753888889,1341472.753888889
2024-05-24 08:00:00+00:00,1397137.516111111,1397137.516111111
2024-05-24 09:00:00+00:00,1059478.2352777778,1059478.2352777778
2024-05-24 10:00:00+00:00,947195.0972222222,947195.0972222222
2024-05-24 11:00:00+00:00,955847.5244444445,955847.5244444445
2024-05-24 12:00:00+00:00,808107.2619444445,1037029.7228875789
2024-05-24 13:00:00+00:00,390586.9380555556,972674.7516029897
2024-05-24 14:00:00+00:00,750989.7933333333,750989.7933333333
2024-05-24 15:00:00+00:00,563074.4161111111,563074.4161111111
2024-05-24 16:00:00+00:00,578233.08,578233.08
2024-05-24 17:00:00+00:00,559285.1247222222,559285.1247222222
2024-05-24 18:00:00+00:00,356808.24416666664,356808.24416666664
2024-05-24 19:00:00+00:00,437639.4469444445,437639.4469444445
2024-05-24 20:00:00+00:00,331097.52972222224,331097.52972222224
2024-05-24 21:00:00+00:00,171358.31972222222,171358.31972222222
2024-05-24 22:00:00+00:00,215997.10916666663,215997.10916666663
2024-05-24 23:00:00+00:00,154363.6172222222,154363.6172222222
2024-05-25 00:00:00+00:00,72482.20833333333,72482.20833333333
2024-05-25 01:00:00+00:00,255177.4808333333,255177.4808333333
2024-05-25 02:00:00+00:00,289236.82166666666,289236.82166666666
2024-05-25 03:00:00+00:00,479479.87888888887,479479.87888888887
2024-05-25 04:00:00+00:00,430547.7,430547.7
2024-05-25 05:00:00+00:00,303248.6127777778,303248.6127777778
2024-05-25 06:00:00+00:00,611790.4775,346975.7253737382
2024-05-25 07:00:00+00:00,475463.8038888889,475463.8038888889
2024-05-25 08:00:00+00:00,1306743.4083333334,1306743.4083333334
2024-05-25 09:00:00+00:00,633198.3330555556,633198.3330555556
2024-05-25 10:00:00+00:00,1095550.5202777777,1095550.5202777777
2024-05-25 11:00:00+00:00,598500.0275,598500.0275
2024-05-25 12:00:00+00:00,749237.8511111111,749237.8511111111
2024-05-25 13:00:00+00:00,472284.5788888889,472284.5788888889
2024-05-25 14:00:00+00:00,530434.5208333334,530434.5208333334
2024-05-25 15:00:00+00:00,711297.4336111111,711297.4336111111
2024-05-25 16:00:00+00:00,974708.2166666668,974708.2166666668
2024-05-25 17:00:00+00:00,505880.9469444445,505880.9469444445
2024-05-25 18:00:00+00:00,446942.3177777778,446942.3177777778
2024-05-25 19:00:00+00:00,406401.9602777778,406401.9602777778
2024-05-25 20:00:00+00:00,365562.83222222223,365562.83222222223
2024-05-25 21:00:00+00:00,245676.7188888889,245676.7188888889
2024-05-25 22:00:00+00:00,116288.23333333334,116288.23333333334
2024-05-25 23:00:00+00:00,108758.47083333334,108758.47083333334
2024-05-26 00:00:00+00:00,94425.19694444444,94425.19694444444
2024-05-26 01:00:00+00:00,131109.1575,131109.1575
2024-05-26 02:00:00+00:00,304033.17,304033.17
2024-05-26 03:00:00+00:00,231627.60305555555,231627.60305555555
2024-05-26 04:00:00+00:00,355353.0258333333,355353.0258333333
2024-05-26 05:00:00+00:00,702954.4147222223,702954.4147222223
2024-05-26 06:00:00+00:00,358402.365,358402.365
2024-05-26 07:00:00+00:00,567530.9608333333,567530.9608333333
2024-05-26 08:00:00+00:00,742398.9138888889,742398.9138888889
2024-05-26 09:00:00+00:00,634963.0969444445,634963.0969444445
2024-05-26 10:00:00+00:00,732069.2597222222,732069.2597222222
2024-05-26 11:00:00+00:00,1317620.9805555556,1317620.9805555556
2024-05-26 12:00:00+00:00,1010173.1827777778,1010173.1827777778
2024-05-26 13:00:00+00:00,900790.565,900790.565
2024-05-26 14:00:00+00:00,860162.7541666667,860162.7541666667
2024-05-26 15:00:00+00:00,854878.9602777777,854878.9602777777
2024-05-26 16:00:00+00:00,1607807.519722222,1607807.519722222
2024-05-26 17:00:00+00:00,1413197.898611111,1413197.898611111
2024-05-26 18:00:00+00:00,1511899.8836111112,1511899.8836111112
2024-05-26 19:00:00+00:00,1294346.5177777775,1294346.5177777775
2024-05-26 20:00:00+00:00,494925.9058333333,494925.9058333333
2024-05-26 21:00:00+00:00,582355.1744444445,582355.1744444445
2024-05-26 22:00:00+00:00,227742.97472222225,227742.97472222225
2024-05-26 23:00:00+00:00,137077.10166666663,558490.4400257324
2024-05-27 00:00:00+00:00,131469.275,131469.275
2024-05-27 01:00:00+00:00,341956.79027777776,341956.79027777776
2024-05-27 02:00:00+00:00,739427.9838888888,739427.9838888888
2024-05-27 03:00:00+00:00,1378585.8030555556,1378585.8030555556
2024-05-27 04:00:00+00:00,1283748.7055555556,1283748.7055555556
2024-05-27 05:00:00+00:00,1551608.7577777775,1551608.7577777775
2024-05-27 06:00:00+00:00,1377883.5919444445,1377883.5919444445
2024-05-27 07:00:00+00:00,965929.3325,965929.3325
2024-05-27 08:00:00+00:00,1290728.3380555557,1290728.3380555557
2024-05-27 09:00:00+00:00,1212097.06,1212097.06
2024-05-27 10:00:00+00:00,981989.5005555556,981989.5005555556
2024-05-27 11:00:00+00:00,945418.6152777778,1115186.7855888286
2024-05-27 12:00:00+00:00,788921.6005555555,788921.6005555555
2024-05-27 13:00:00+00:00,642393.6977777778,642393.6977777778
2024-05-27 14:00:00+00:00,563033.9872222223,563033.9872222223
2024-05-27 15:00:00+00:00,657202.6994444445,657202.6994444445
2024-05-27 16:00:00+00:00,992091.085,992091.085
2024-05-27 17:00:00+00:00,924570.1266666668,924570.1266666668
2024-05-27 18:00:00+00:00,933683.3480555556,933683.3480555556
2024-05-27 19:00:00+00:00,723966.3972222222,723966.3972222222
2024-05-27 20:00:00+00:00,409590.2602777778,409590.2602777778
2024-05-27 21:00:00+00:00,339227.5983333333,339227.5983333333
2024-05-27 22:00:00+00:00,310521.6769444444,310521.6769444444
2024-05-27 23:00:00+00:00,144672.1363888889,144672.1363888889
2024-05-28 00:00:00+00:00,277730.4927777778,277730.4927777778
2024-05-28 01:00:00+00:00,407133.7208333333,407133.7208333333
2024-05-28 02:00:00+00:00,825281.5283333333,825281.5283333333
2024-05-28 03:00:00+00:00,1073682.716388889,1073682.716388889
2024-05-28 04:00:00+00:00,1284520.4052777777,1284520.4052777777
2024-05-28 05:00:00+00:00,939839.0713888888,939839.0713888888
2024-05-28 06:00:00+00:00,1241564.3119444444,1241564.3119444444
2024-05-28 07:00:00+00:00,1149214.6725,1087540.8338073883
2024-05-28 08:00:00+00:00,1164544.2711111112,1164544.2711111112
2024-05-28 09:00:00+00:00,1428446.3225,1428446.3225
2024-05-28 10:00:00+00:00,908194.7869444444,908194.7869444444
2024-05-28 11:00:00+00:00,618953.5136111111,618953.5136111111
2024-05-28 12:00:00+00:00,623345.3877777777,623345.3877777777
2024-05-28 13:00:00+00:00,526318.1563888888,526318.1563888888
2024-05-28 14:00:00+00:00,753185.8452777778,753185.8452777778
2024-05-28 15:00:00+00:00,977142.1125,977142.1125
2024-05-28 16:00:00+00:00,708187.0402777778,708187.0402777778
2024-05-28 17:00:00+00:00,807671.5838888889,807671.5838888889
2024-05-28 18:00:00+00:00,996546.7508333334,996546.7508333334
2024-05-28 19:00:00+00:00,657435.3175,657435.3175
2024-05-28 20:00:00+00:00,421244.13416666666,421244.13416666666
2024-05-28 21:00:00+00:00,401059.4480555556,401059.4480555556
2024-05-28 22:00:00+00:00,528440.9936111111,528440.9936111111
2024-05-28 23:00:00+00:00,170749.8186111111,170749.8186111111
2024-05-29 00:00:00+00:00,103321.6061111111,103321.6061111111
2024-05-29 01:00:00+00:00,474008.0075,474008.0075
2024-05-29 02:00:00+00:00,790796.8147222223,790796.8147222223
2024-05-29 03:00:00+00:00,961612.4911111112,961612.4911111112
2024-05-29 04:00:00+00:00,1578311.7955555555,1578311.7955555555
2024-05-29 05:00:00+00:00,1265600.3230555556,1090539.1113441857
2024-05-29 06:00:00+00:00,1149654.84,1149654.84
2024-05-29 07:00:00+00:00,1038294.4352777776,1038294.4352777776
2024-05-29 08:00:00+00:00,1200308.7066666668,1200308.7066666668
2024-05-29 09:00:00+00:00,1336503.6663888888,1336503.6663888888
2024-05-29 10:00:00+00:00,724399.1627777778,724399.1627777778
2024-05-29 11:00:00+00:00,846959.3680555555,846959.3680555555
2024-05-29 12:00:00+00:00,877993.9188888889,877993.9188888889
2024-05-29 13:00:00+00:00,625317.3105555555,914517.7986763095
2024-05-29 14:00:00+00:00,643280.4505555555,643280.4505555555
2024-05-29 15:00:00+00:00,715353.9708333333,715353.9708333333
2024-05-29 16:00:00+00:00,950745.8113888887,950745.8113888887
2024-05-29 17:00:00+00:00,940420.8708333332,940420.8708333332
2024-05-29 18:00:00+00:00,1061951.1494444443,878216.5151188216
2024-05-29 19:00:00+00:00,764858.9680555556,764858.9680555556
2024-05-29 20:00:00+00:00,888571.8352777777,888571.8352777777
2024-05-29 21:00:00+00:00,266925.1975,266925.1975
2024-05-29 22:00:00+00:00,273495.8280555556,599698.1793809466
2024-05-29 23:00:00+00:00,200767.32194444444,200767.32194444444
2024-05-30 00:00:00+00:00,131350.78444444443,131350.78444444443
2024-05-30 01:00:00+00:00,511927.8127777778,511927.8127777778
2024-05-30 02:00:00+00:00,859010.2580555555,859010.2580555555
2024-05-30 03:00:00+00:00,1061572.644722222,1061572.644722222
2024-05-30 04:00:00+00:00,1117305.316666667,1117305.316666667
2024-05-30 05:00:00+00:00,1965916.0780555557,1965916.0780555557
2024-05-30 06:00:00+00:00,1328690.4647222222,1328690.4647222222
2024-05-30 07:00:00+00:00,1139706.3502777778,1355050.1596617266
2024-05-30 08:00:00+00:00,1797525.05,1797525.05
2024-05-30 09:00:00+00:00,1483193.808333333,1483193.808333333
2024-05-30 10:00:00+00:00,1116709.019722222,1116709.019722222
2024-05-30 11:00:00+00:00,1012984.7194444444,1012984.7194444444
2024-05-30 12:00:00+00:00,1082756.6105555557,1211821.8731845343
2024-05-30 13:00:00+00:00,1047247.4994444444,1047247.4994444444
2024-05-30 14:00:00+00:00,1380223.3727777775,1380223.3727777775
2024-05-30 15:00:00+00:00,968976.3475,968976.3475
2024-05-30 16:00:00+00:00,873080.6616666666,1111127.8013549924
2024-05-30 17:00:00+00:00,1090390.275,1090390.275
2024-05-30 18:00:00+00:00,1200655.6619444443,1200655.6619444443
2024-05-30 19:00:00+00:00,793208.6886111111,793208.6886111111
2024-05-30 20:00:00+00:00,1010730.5980555556,1010730.5980555556
2024-05-30 21:00:00+00:00,308654.4230555556,997117.5664341379
2024-05-30 22:00:00+00:00,282768.16555555555,282768.16555555555
2024-05-30 23:00:00+00:00,315014.6094444444,315014.6094444444
2024-05-31 00:00:00+00:00,308217.9505555556,308217.9505555556
2024-05-31 01:00:00+00:00,483278.0097222222,483278.0097222222
2024-05-31 02:00:00+00:00,758132.4741666666,439090.618489131
2024-05-31 03:00:00+00:00,1165434.3855555556,1165434.3855555556
2024-05-31 04:00:00+00:00,856736.4030555555,856736.4030555555
2024-05-31 05:00:00+00:00,1538449.4869444445,1538449.4869444445
2024-05-31 06:00:00+00:00,1050888.4625,1050888.4625
2024-05-31 07:00:00+00:00,1308993.058611111,1308993.058611111
2024-05-31 08:00:00+00:00,1682000.413888889,1682000.413888889
2024-05-31 09:00:00+00:00,1124852.8158333334,1124852.8158333334
2024-05-31 10:00:00+00:00,895183.1791666667,895183.1791666667
2024-05-31 11:00:00+00:00,587828.7530555555,1116361.0220960237
2024-05-31 12:00:00+00:00,629914.5372222222,629914.5372222222
2024-05-31 13:00:00+00:00,682061.2616666667,682061.2616666667
2024-05-31 14:00:00+00:00,600893.8216666667,600893.8216666667
2024-05-31 15:00:00+00:00,1232362.8541666667,1232362.8541666667
2024-05-31 16:00:00+00:00,738191.6183333333,738191.6183333333
2024-05-31 17:00:00+00:00,1011548.3916666668,1011548.3916666668
2024-05-31 18:00:00+00:00,893913.0294444445,893913.0294444445
2024-05-31 19:00:00+00:00,445505.5933333333,445505.5933333333
2024-05-31 20:00:00+00:00,590242.0005555556,590242.0005555556
2024-05-31 21:00:00+00:00,467812.8169444445,467812.8169444445
2024-05-31 22:00:00+00:00,365498.9822222222,365498.9822222222
2024-05-31 23:00:00+00:00,185368.465,185368.465
2024-06-01 00:00:00+00:00,241682.11472222224,241682.11472222224
2024-06-01 01:00:00+00:00,215601.18083333332,306846.9727256958
2024-06-01 02:00:00+00:00,359492.5313888889,359492.5313888889
2024-06-01 03:00:00+00:00,432666.4616666666,432666.4616666666
2024-06-01 04:00:00+00:00,616247.651388889,616247.651388889
2024-06-01 05:00:00+00:00,695643.6327777777,695643.6327777777
2024-06-01 06:00:00+00:00,760052.4125,760052.4125
2024-06-01 07:00:00+00:00,841300.0752777777,841300.0752777777
2024-06-01 08:00:00+00:00,1209567.8761111111,1209567.8761111111
2024-06-01 09:00:00+00:00,823056.1877777778,823056.1877777778
2024-06-01 10:00:00+00:00,983552.3594444444,983552.3594444444
2024-06-01 11:00:00+00:00,891916.8847222222,891916.8847222222
2024-06-01 12:00:00+00:00,915376.5788888888,915376.5788888888
2024-06-01 13:00:00+00:00,1594372.6033333333,1594372.6033333333
2024-06-01 14:00:00+00:00,885777.6908333333,885777.6908333333
2024-06-01 15:00:00+00:00,1302211.9591666667,1302211.9591666667
2024-06-01 16:00:00+00:00,1019045.5447222224,1019045.5447222224
2024-06-01 17:00:00+00:00,1273595.6494444443,1273595.6494444443
2024-06-01 18:00:00+00:00,1214513.003611111,1214513.003611111
2024-06-01 19:00:00+00:00,1009910.5377777778,1009910.5377777778
2024-06-01 20:00:00+00:00,785439.6530555555,785439.6530555555
2024-06-01 21:00:00+00:00,438660.1133333333,438660.1133333333
2024-06-01 22:00:00+00:00,506925.7466666666,506925.7466666666
2024-06-01 23:00:00+00:00,524715.6875,524715.6875
2024-06-02 00:00:00+00:00,208410.5261111111,208410.5261111111
2024-06-02 01:00:00+00:00,279218.0286111111,426310.6142399919
2024-06-02 02:00:00+00:00,373491.7725,391823.74296286533
2024-06-02 03:00:00+00:00,621817.5858333333,621817.5858333333
2024-06-02 04:00:00+00:00,592139.6555555556,592139.6555555556
2024-06-02 05:00:00+00:00,948170.8502777778,948170.8502777778
2024-06-02 06:00:00+00:00,615480.6866666666,615480.6866666666
2024-06-02 07:00:00+00:00,1146834.855277778,1146834.855277778
2024-06-02 08:00:00+00:00,887356.5294444445,887356.5294444445
2024-06-02 09:00:00+00:00,728392.5019444445,728392.5019444445
2024-06-02 10:00:00+00:00,1012930.1197222222,1012930.1197222222
2024-06-02 11:00:00+00:00,835939.3241666667,835939.3241666667
2024-06-02 12:00:00+00:00,694940.3277777778,694940.3277777778
2024-06-02 13:00:00+00:00,895181.1761111111,895181.1761111111
2024-06-02 14:00:00+00:00,1056847.6958333333,1056847.6958333333
2024-06-02 15:00:00+00:00,803642.4238888889,932706.9366193609
2024-06-02 16:00:00+00:00,939886.8608333332,939886.8608333332
2024-06-02 17:00:00+00:00,1019470.57,951896.7997984953
2024-06-02 18:00:00+00:00,637372.2433333333,922923.2193036868
2024-06-02 19:00:00+00:00,774038.2744444445,774038.2744444445
2024-06-02 20:00:00+00:00,771981.2036111112,771981.2036111112
2024-06-02 21:00:00+00:00,492747.8594444444,492747.8594444444
2024-06-02 22:00:00+00:00,153785.48527777777,153785.48527777777
2024-06-02 23:00:00+00:00,241929.74416666667,241929.74416666667
2024-06-03 00:00:00+00:00,341186.13,359926.9885737605
2024-06-03 01:00:00+00:00,419539.7083333333,419539.7083333333
2024-06-03 02:00:00+00:00,846432.0922222222,846432.0922222222
2024-06-03 03:00:00+00:00,1561898.0755555555,1561898.0755555555
2024-06-03 04:00:00+00:00,2392495.050555556,2392495.050555556
2024-06-03 05:00:00+00:00,1115750.8927777775,1115750.8927777775
2024-06-03 06:00:00+00:00,1062840.3836111112,1062840.3836111112
2024-06-03 07:00:00+00:00,1073182.2297222223,1073182.2297222223
2024-06-03 08:00:00+00:00,1503073.8808333334,1503073.8808333334
2024-06-03 09:00:00+00:00,1184369.2444444443,1184369.2444444443
2024-06-03 10:00:00+00:00,1313562.8116666668,1259168.9721025743
2024-06-03 11:00:00+00:00,916810.0208333334,916810.0208333334
2024-06-03 12:00:00+00:00,1304222.2730555555,1304222.2730555555
2024-06-03 13:00:00+00:00,563194.3897222222,1165507.5654297916
2024-06-03 14:00:00+00:00,722194.3333333334,1140695.7154860243
2024-06-03 15:00:00+00:00,715197.32,715197.32
2024-06-03 16:00:00+00:00,1375686.6708333334,1375686.6708333334
2024-06-03 17:00:00+00:00,580886.0219444444,580886.0219444444
2024-06-03 18:00:00+00:00,772403.6886111111,772403.6886111111
2024-06-03 19:00:00+00:00,994434.4611111112,994434.4611111112
2024-06-03 20:00:00+00:00,833963.0169444444,833963.0169444444
2024-06-03 21:00:00+00:00,328094.8858333333,328094.8858333333
2024-06-03 22:00:00+00:00,222397.76861111115,222397.76861111115
2024-06-03 23:00:00+00:00,197790.4463888889,197790.4463888889
2024-06-04 00:00:00+00:00,185608.8380555556,185608.8380555556
2024-06-04 01:00:00+00:00,328089.4436111111,328089.4436111111
2024-06-04 02:00:00+00:00,603341.9327777778,603341.9327777778
2024-06-04 03:00:00+00:00,874820.6141666666,874820.6141666666
2024-06-04 04:00:00+00:00,933651.3077777778,933651.3077777778
2024-06-04 05:00:00+00:00,1287843.072222222,1287843.072222222
2024-06-04 06:00:00+00:00,1744720.5705555556,1744720.5705555556
2024-06-04 07:00:00+00:00,1101413.2480555556,1101413.2480555556
2024-06-04 08:00:00+00:00,853889.3591666666,853889.3591666666
2024-06-04 09:00:00+00:00,1635524.0772222222,1635524.0772222222
2024-06-04 10:00:00+00:00,2052248.2922222223,2052248.2922222223
2024-06-04 11:00:00+00:00,1822241.833055556,1822241.833055556
2024-06-04 12:00:00+00:00,1087928.0727777777,1087928.0727777777
2024-06-04 13:00:00+00:00,784056.4725,1443528.4654312455
2024-06-04 14:00:00+00:00,988276.0958333332,988276.0958333332
2024-06-04 15:00:00+00:00,674217.8016666666,674217.8016666666
2024-06-04 16:00:00+00:00,1053474.1466666667,1053474.1466666667
2024-06-04 17:00:00+00:00,1210236.4988888889,1210236.4988888889
2024-06-04 18:00:00+00:00,1294880.0291666666,1085495.076230431
2024-06-04 19:00:00+00:00,1171469.076388889,1171469.076388889
2024-06-04 20:00:00+00:00,1050132.549722222,1050132.549722222
2024-06-04 21:00:00+00:00,410598.2822222223,410598.2822222223
2024-06-04 22:00:00+00:00,353714.94388888887,806620.8128172443
2024-06-04 23:00:00+00:00,432684.39972222224,432684.39972222224
2024-06-05 00:00:00+00:00,349032.1961111111,349032.1961111111
2024-06-05 01:00:00+00:00,452488.1158333333,452488.1158333333
2024-06-05 02:00:00+00:00,1150505.8502777778,1150505.8502777778
2024-06-05 03:00:00+00:00,1174346.1133333333,756815.1542829646
2024-06-05 04:00:00+00:00,1720559.216388889,1010477.5868660386
2024-06-05 05:00:00+00:00,1736870.371388889,1736870.371388889
2024-06-05 06:00:00+00:00,1611241.4563888889,1611241.4563888889
2024-06-05 07:00:00+00:00,1755201.2558333334,1755201.2558333334
2024-06-05 08:00:00+00:00,2158046.9755555554,2158046.9755555554
2024-06-05 09:00:00+00:00,1870035.8458333332,1870035.8458333332
2024-06-05 10:00:00+00:00,1310640.5708333333,1310640.5708333333
2024-06-05 11:00:00+00:00,807325.3166666667,807325.3166666667
2024-06-05 12:00:00+00:00,786989.4425,786989.4425
2024-06-05 13:00:00+00:00,1316298.7344444443,1316298.7344444443
2024-06-05 14:00:00+00:00,1160718.299722222,1160718.299722222
2024-06-05 15:00:00+00:00,995352.0855555556,995352.0855555556
2024-06-05 16:00:00+00:00,1267473.3075,1267473.3075
2024-06-05 17:00:00+00:00,1168888.6686111111,1168888.6686111111
2024-06-05 18:00:00+00:00,1790569.8316666668,1790569.8316666668
2024-06-05 19:00:00+00:00,975992.1261111113,1436355.7379730933
2024-06-05 20:00:00+00:00,780544.9227777778,780544.9227777778
2024-06-05 21:00:00+00:00,360699.67027777777,360699.67027777777
2024-06-05 22:00:00+00:00,208426.79972222223,208426.79972222223
2024-06-05 23:00:00+00:00,192618.42666666667,540382.2365067932
2024-06-06 00:00:00+00:00,378868.3988888889,378868.3988888889
2024-06-06 01:00:00+00:00,679076.9433333334,679076.9433333334
2024-06-06 02:00:00+00:00,1312298.9455555556,1312298.9455555556
2024-06-06 03:00:00+00:00,1064545.575277778,1064545.575277778
2024-06-06 04:00:00+00:00,1589852.9925,1589852.9925
2024-06-06 05:00:00+00:00,1690031.8858333332,1690031.8858333332
2024-06-06 06:00:00+00:00,1458707.8597222222,1458707.8597222222
2024-06-06 07:00:00+00:00,1110914.237222222,1110914.237222222
2024-06-06 08:00:00+00:00,936667.3394444444,936667.3394444444
2024-06-06 09:00:00+00:00,1373166.483611111,1373166.483611111
2024-06-06 10:00:00+00:00,1004988.1358333334,1004988.1358333334
2024-06-06 11:00:00+00:00,879348.1583333333,879348.1583333333
2024-06-06 12:00:00+00:00,842515.4508333333,842515.4508333333
2024-06-06 13:00:00+00:00,944976.4788888888,944976.4788888888
2024-06-06 14:00:00+00:00,1116766.795,1116766.795
2024-06-06 15:00:00+00:00,828898.3327777778,828898.3327777778
2024-06-06 16:00:00+00:00,2156113.092222222,2156113.092222222
2024-06-06 17:00:00+00:00,1307529.852222222,1307529.852222222
2024-06-06 18:00:00+00:00,1168933.167777778,1168933.167777778
2024-06-06 19:00:00+00:00,954027.25,954027.25
2024-06-06 20:00:00+00:00,755787.2330555556,755787.2330555556
2024-06-06 21:00:00+00:00,838520.8030555556,838520.8030555556
2024-06-06 22:00:00+00:00,323781.41222222225,323781.41222222225
2024-06-06 23:00:00+00:00,344278.47694444447,344278.47694444447
2024-06-07 00:00:00+00:00,295422.4475,295422.4475
2024-06-07 01:00:00+00:00,526622.5725,526622.5725
2024-06-07 02:00:00+00:00,1594254.7069444444,1594254.7069444444
2024-06-07 03:00:00+00:00,1068019.379166667,1068019.379166667
2024-06-07 04:00:00+00:00,1502734.6283333334,1003006.5369495918
2024-06-07 05:00:00+00:00,1627527.648611111,1627527.648611111
2024-06-07 06:00:00+00:00,1595120.4169444444,1595120.4169444444
2024-06-07 07:00:00+00:00,1917465.6552777777,1459200.2757636423
2024-06-07 08:00:00+00:00,1879433.3658333328,1879433.3658333328
2024-06-07 09:00:00+00:00,1787894.7522222225,1787894.7522222225
2024-06-07 10:00:00+00:00,2713936.1205555554,2713936.1205555554
2024-06-07 11:00:00+00:00,2136850.8588888887,2136850.8588888887
2024-06-07 12:00:00+00:00,1717668.1044444444,1717668.1044444444
2024-06-07 13:00:00+00:00,1776176.1480555555,1776176.1480555555
2024-06-07 14:00:00+00:00,1929361.4044444445,1929361.4044444445
2024-06-07 15:00:00+00:00,1464823.157777778,1464823.157777778
2024-06-07 16:00:00+00:00,1645415.5338888888,1645415.5338888888
2024-06-07 17:00:00+00:00,2268289.1844444443,2268289.1844444443
2024-06-07 18:00:00+00:00,1728608.5638888888,1728608.5638888888
2024-06-07 19:00:00+00:00,1783739.0102777777,1783739.0102777777
2024-06-07 20:00:00+00:00,1027670.7205555557,1027670.7205555557
2024-06-07 21:00:00+00:00,747470.2488888889,747470.2488888889
2024-06-07 22:00:00+00:00,703394.52,703394.52
2024-06-07 23:00:00+00:00,493996.23277777777,493996.23277777777
2024-06-08 00:00:00+00:00,377353.62833333336,377353.62833333336
2024-06-08 01:00:00+00:00,522663.9108333333,522663.9108333333
2024-06-08 02:00:00+00:00,1055839.1344444444,1055839.1344444444
2024-06-08 03:00:00+00:00,1307155.2630555555,1307155.2630555555
2024-06-08 04:00:00+00:00,1648219.068888889,1648219.068888889
2024-06-08 05:00:00+00:00,2013292.3438888888,2013292.3438888888
2024-06-08 06:00:00+00:00,1910411.5408333333,1910411.5408333333
2024-06-08 07:00:00+00:00,2038674.0411111112,1731815.474442537
2024-06-08 08:00:00+00:00,1672832.1991666667,1672832.1991666667
2024-06-08 09:00:00+00:00,2134826.701111112,2134826.701111112
2024-06-08 10:00:00+00:00,1930992.5869444443,1930992.5869444443
2024-06-08 11:00:00+00:00,2074077.4088888888,2074077.4088888888
2024-06-08 12:00:00+00:00,1881565.1772222223,1881565.1772222223
2024-06-08 13:00:00+00:00,2041772.3355555555,2041772.3355555555
2024-06-08 14:00:00+00:00,1650926.0813888889,1650926.0813888889
2024-06-08 15:00:00+00:00,1647093.759722222,1647093.759722222
2024-06-08 16:00:00+00:00,2039191.0366666664,2039191.0366666664
2024-06-08 17:00:00+00:00,2052782.0269444445,2052782.0269444445
2024-06-08 18:00:00+00:00,1878307.4361111112,1878307.4361111112
2024-06-08 19:00:00+00:00,1336974.5655555555,1336974.5655555555
2024-06-08 20:00:00+00:00,986402.2344444444,986402.2344444444
2024-06-08 21:00:00+00:00,739844.9361111111,739844.9361111111
2024-06-08 22:00:00+00:00,526695.3475,526695.3475
2024-06-08 23:00:00+00:00,669880.8666666667,669880.8666666667
2024-06-09 00:00:00+00:00,333975.5213888889,774826.2792194393
2024-06-09 01:00:00+00:00,586234.2841666667,586234.2841666667
2024-06-09 02:00:00+00:00,941068.8844444444,657641.6645592914
2024-06-09 03:00:00+00:00,774726.9075,774726.9075
2024-06-09 04:00:00+00:00,1178312.7383333333,1178312.7383333333
2024-06-09 05:00:00+00:00,1743693.3869444444,1743693.3869444444
2024-06-09 06:00:00+00:00,2147796.9894444444,2147796.9894444444
2024-06-09 07:00:00+00:00,1378013.2872222222,1378013.2872222222
2024-06-09 08:00:00+00:00,1634615.0977777778,1634615.0977777778
2024-06-09 09:00:00+00:00,1926093.759722222,1576221.9414115103
2024-06-09 10:00:00+00:00,1532191.8294444445,1532191.8294444445
2024-06-09 11:00:00+00:00,1610134.5319444444,1610134.5319444444
2024-06-09 12:00:00+00:00,1496517.1697222225,1496517.1697222225
2024-06-09 13:00:00+00:00,1656103.5791666666,1656103.5791666666
2024-06-09 14:00:00+00:00,1506441.9591666667,1506441.9591666667
2024-06-09 15:00:00+00:00,1766726.1397222222,1766726.1397222222
2024-06-09 16:00:00+00:00,1621233.2941666667,1621233.2941666667
2024-06-09 17:00:00+00:00,2025751.9630555557,2025751.9630555557
2024-06-09 18:00:00+00:00,1517978.9402777778,1517978.9402777778
2024-06-09 19:00:00+00:00,1285868.033611111,1285868.033611111
2024-06-09 20:00:00+00:00,1092548.2291666667,1092548.2291666667
2024-06-09 21:00:00+00:00,718750.2111111111,718750.2111111111
2024-06-09 22:00:00+00:00,349350.95944444445,349350.95944444445
2024-06-09 23:00:00+00:00,348141.8063888889,348141.8063888889
2024-06-10 00:00:00+00:00,213666.14055555555,213666.14055555555
2024-06-10 01:00:00+00:00,679057.2108333333,679057.2108333333
2024-06-10 02:00:00+00:00,964094.4175,964094.4175
2024-06-10 03:00:00+00:00,1753018.8883333334,1753018.8883333334
2024-06-10 04:00:00+00:00,1908017.671388889,1908017.671388889
2024-06-10 05:00:00+00:00,2071490.996111111,2071490.996111111
2024-06-10 06:00:00+00:00,2620147.3825,2620147.3825
2024-06-10 07:00:00+00:00,2060363.338888889,2060363.338888889
2024-06-10 08:00:00+00:00,2005320.0369444443,2005320.0369444443
2024-06-10 09:00:00+00:00,2345561.196111111,2055142.3171980067
2024-06-10 10:00:00+00:00,1589814.2380555556,1589814.2380555556
2024-06-10 11:00:00+00:00,1705366.8447222223,1705366.8447222223
2024-06-10 12:00:00+00:00,1727909.039722222,1727909.039722222
2024-06-10 13:00:00+00:00,1247661.1322222222,1743047.372258484
2024-06-10 14:00:00+00:00,1179071.4927777778,1179071.4927777778
2024-06-10 15:00:00+00:00,1690229.2344444443,1690229.2344444443
2024-06-10 16:00:00+00:00,1343355.977222222,1343355.977222222
2024-06-10 17:00:00+00:00,1488132.379166667,1488132.379166667
2024-06-10 18:00:00+00:00,1504377.7030555557,1469975.583924746
2024-06-10 19:00:00+00:00,965438.0752777776,965438.0752777776
2024-06-10 20:00:00+00:00,1001265.4819444444,1001265.4819444444
2024-06-10 21:00:00+00:00,474392.9191666667,474392.9191666667
2024-06-10 22:00:00+00:00,463558.9344444444,463558.9344444444
2024-06-10 23:00:00+00:00,343833.6180555556,675997.9864316522
2024-06-11 00:00:00+00:00,352867.4008333333,352867.4008333333
2024-06-11 01:00:00+00:00,1096358.7375,471215.9545971825
2024-06-11 02:00:00+00:00,1830444.1202777775,1830444.1202777775
2024-06-11 03:00:00+00:00,2100732.241111111,2100732.241111111
2024-06-11 04:00:00+00:00,2233246.9494444444,2233246.9494444444
2024-06-11 05:00:00+00:00,2643575.9961111112,2643575.9961111112
2024-06-11 06:00:00+00:00,2917614.881666667,2917614.881666667
2024-06-11 07:00:00+00:00,2784079.286388889,2784079.286388889
2024-06-11 08:00:00+00:00,2140620.291111111,2140620.291111111
2024-06-11 09:00:00+00:00,2139884.883611111,2139884.883611111
2024-06-11 10:00:00+00:00,2159626.186111111,2159626.186111111
2024-06-11 11:00:00+00:00,1658719.351111111,1658719.351111111
2024-06-11 12:00:00+00:00,1656674.461111111,1656674.461111111
2024-06-11 13:00:00+00:00,1440090.1719444443,1440090.1719444443
2024-06-11 14:00:00+00:00,1910038.7294444444,1910038.7294444444
2024-06-11 15:00:00+00:00,1627292.1986111111,1627292.1986111111
2024-06-11 16:00:00+00:00,1691997.451111111,1691997.451111111
2024-06-11 17:00:00+00:00,1296482.0847222223,1296482.0847222223
2024-06-11 18:00:00+00:00,1675939.7147222222,1675939.7147222222
2024-06-11 19:00:00+00:00,1009653.9452777776,1009653.9452777776
2024-06-11 20:00:00+00:00,809145.6422222222,809145.6422222222
2024-06-11 21:00:00+00:00,776931.8144444445,1112023.4079478339
2024-06-11 22:00:00+00:00,744327.6075,744327.6075
2024-06-11 23:00:00+00:00,414009.50833333336,414009.50833333336
2024-06-12 00:00:00+00:00,402280.8308333333,402280.8308333333
2024-06-12 01:00:00+00:00,687075.7825,687075.7825
2024-06-12 02:00:00+00:00,1248776.558333333,1248776.558333333
2024-06-12 03:00:00+00:00,2135799.569166667,2135799.569166667
2024-06-12 04:00:00+00:00,2487662.7391666668,2487662.7391666668
2024-06-12 05:00:00+00:00,1908699.203888889,1882308.4141769386
2024-06-12 06:00:00+00:00,1741479.4258333333,1741479.4258333333
2024-06-12 07:00:00+00:00,1561640.1036111112,1561640.1036111112
2024-06-12 08:00:00+00:00,1487143.5080555556,1487143.5080555556
2024-06-12 09:00:00+00:00,1903229.788611111,1903229.788611111
2024-06-12 10:00:00+00:00,1630035.4941666666,1630035.4941666666
2024-06-12 11:00:00+00:00,1577276.9597222223,1577276.9597222223
2024-06-12 12:00:00+00:00,1314318.4722222222,1314318.4722222222
2024-06-12 13:00:00+00:00,1276014.217222222,1276014.217222222
2024-06-12 14:00:00+00:00,1520289.0652777778,1520289.0652777778
2024-06-12 15:00:00+00:00,2450720.327777778,2450720.327777778
2024-06-12 16:00:00+00:00,2980796.2036111117,2980796.2036111117
2024-06-12 17:00:00+00:00,1995255.0769444443,1995255.0769444443
2024-06-12 18:00:00+00:00,1967807.0738888888,1967807.0738888888
2024-06-12 19:00:00+00:00,1157136.441666667,1157136.441666667
2024-06-12 20:00:00+00:00,704482.6236111111,1694279.8895447296
2024-06-12 21:00:00+00:00,551434.1891666667,551434.1891666667
2024-06-12 22:00:00+00:00,386224.8975,996268.1312154876
2024-06-12 23:00:00+00:00,533579.0136111111,533579.0136111111
2024-06-13 00:00:00+00:00,393702.52777777775,393702.52777777775
2024-06-13 01:00:00+00:00,726745.6616666666,726745.6616666666
2024-06-13 02:00:00+00:00,1266653.9230555557,1266653.9230555557
2024-06-13 03:00:00+00:00,1800502.6783333332,1800502.6783333332
2024-06-13 04:00:00+00:00,1877327.226111111,1877327.226111111
2024-06-13 05:00:00+00:00,2010918.0091666668,1543251.5097011551
2024-06-13 06:00:00+00:00,2011095.2327777776,2011095.2327777776
2024-06-13 07:00:00+00:00,2297369.1047222223,2297369.1047222223
2024-06-13 08:00:00+00:00,1841077.3625,1841077.3625
2024-06-13 09:00:00+00:00,2472668.152777778,1953571.1878058084
2024-06-13 10:00:00+00:00,1810172.601388889,1810172.601388889
2024-06-13 11:00:00+00:00,1309109.0619444444,1309109.0619444444
2024-06-13 12:00:00+00:00,1658736.4105555555,1623070.351419666
2024-06-13 13:00:00+00:00,1584463.485833333,1584463.485833333
2024-06-13 14:00:00+00:00,1236358.0416666667,1236358.0416666667
2024-06-13 15:00:00+00:00,1392644.6902777778,1392644.6902777778
2024-06-13 16:00:00+00:00,1386923.9444444445,1386923.9444444445
2024-06-13 17:00:00+00:00,1966879.888611111,1966879.888611111
2024-06-13 18:00:00+00:00,1368590.7366666666,1368590.7366666666
2024-06-13 19:00:00+00:00,1146985.7305555556,1146985.7305555556
2024-06-13 20:00:00+00:00,1177042.933888889,1177042.933888889
2024-06-13 21:00:00+00:00,635345.3902777778,635345.3902777778
2024-06-13 22:00:00+00:00,689603.0741666667,689603.0741666667
2024-06-13 23:00:00+00:00,394577.82083333336,868599.052885864
2024-06-14 00:00:00+00:00,149912.2263888889,149912.2263888889
2024-06-14 01:00:00+00:00,529125.7927777778,529125.7927777778
2024-06-14 02:00:00+00:00,798408.7497222222,798408.7497222222
2024-06-14 03:00:00+00:00,1935135.0322222223,1935135.0322222223
2024-06-14 04:00:00+00:00,1642089.6102777778,1642089.6102777778
2024-06-14 05:00:00+00:00,1701612.9102777778,1701612.9102777778
2024-06-14 06:00:00+00:00,1565711.0813888889,1565711.0813888889
2024-06-14 07:00:00+00:00,1846917.2611111111,1846917.2611111111
2024-06-14 08:00:00+00:00,1799142.17,1799142.17
2024-06-14 09:00:00+00:00,2464437.202777778,2464437.202777778
2024-06-14 10:00:00+00:00,2240324.2947222223,2240324.2947222223
2024-06-14 11:00:00+00:00,1409787.904722222,1409787.904722222
2024-06-14 12:00:00+00:00,1508109.1863888889,1508109.1863888889
2024-06-14 13:00:00+00:00,1581565.8938888889,1581565.8938888889
2024-06-14 14:00:00+00:00,1196133.9230555557,1640603.1259699115
2024-06-14 15:00:00+00:00,1546548.336111111,1546548.336111111
2024-06-14 16:00:00+00:00,1376299.9594444444,1376299.9594444444
2024-06-14 17:00:00+00:00,2311123.010833333,2311123.010833333
2024-06-14 18:00:00+00:00,1613783.5269444445,1613783.5269444445
2024-06-14 19:00:00+00:00,1520074.558888889,1520074.558888889
2024-06-14 20:00:00+00:00,1078007.6341666668,1078007.6341666668
2024-06-14 21:00:00+00:00,663685.5636111111,663685.5636111111
2024-06-14 22:00:00+00:00,383998.9244444444,383998.9244444444
2024-06-14 23:00:00+00:00,366061.6144444444,366061.6144444444
2024-06-15 00:00:00+00:00,308777.95166666666,308777.95166666666
2024-06-15 01:00:00+00:00,635939.2216666667,635939.2216666667
2024-06-15 02:00:00+00:00,1125774.4202777778,1125774.4202777778
2024-06-15 03:00:00+00:00,1363583.0025,1363583.0025
2024-06-15 04:00:00+00:00,1505038.5286111112,1505038.5286111112
2024-06-15 05:00:00+00:00,1551283.03,1551283.03
2024-06-15 06:00:00+00:00,2083445.889166667,2083445.889166667
2024-06-15 07:00:00+00:00,1709097.6708333334,1709097.6708333334
2024-06-15 08:00:00+00:00,2004038.941666667,1692260.5178002948
2024-06-15 09:00:00+00:00,1817348.538611111,1817348.538611111
2024-06-15 10:00:00+00:00,1798986.8841666668,1798986.8841666668
2024-06-15 11:00:00+00:00,1877590.0086111112,1877590.0086111112
2024-06-15 12:00:00+00:00,2086923.3177777776,2086923.3177777776
2024-06-15 13:00:00+00:00,1839611.6622222224,1839611.6622222224
2024-06-15 14:00:00+00:00,1760657.4986111112,1760657.4986111112
2024-06-15 15:00:00+00:00,2318955.422777778,2318955.422777778
2024-06-15 16:00:00+00:00,2216594.220833333,2044379.400315136
2024-06-15 17:00:00+00:00,1808685.276111111,1808685.276111111
2024-06-15 18:00:00+00:00,1421220.9588888888,1421220.9588888888
2024-06-15 19:00:00+00:00,1319855.595277778,1720999.5779871466
2024-06-15 20:00:00+00:00,745608.1813888889,745608.1813888889
2024-06-15 21:00:00+00:00,1213070.6691666667,1213070.6691666667
2024-06-15 22:00:00+00:00,1054085.878611111,1054085.878611111
2024-06-15 23:00:00+00:00,431798.7486111112,431798.7486111112
2024-06-16 00:00:00+00:00,817705.0391666667,817705.0391666667
2024-06-16 01:00:00+00:00,667554.5591666667,667554.5591666667
2024-06-16 02:00:00+00:00,990701.0427777778,990701.0427777778
2024-06-16 03:00:00+00:00,1511463.3838888889,1511463.3838888889
2024-06-16 04:00:00+00:00,1858307.8494444443,1858307.8494444443
2024-06-16 05:00:00+00:00,2054329.28,2054329.28
2024-06-16 06:00:00+00:00,1750222.8377777778,1750222.8377777778
2024-06-16 07:00:00+00:00,1769744.4052777777,1769744.4052777777
2024-06-16 08:00:00+00:00,2003700.3463888888,2003700.3463888888
2024-06-16 09:00:00+00:00,1881826.5658333332,1881826.5658333332
2024-06-16 10:00:00+00:00,1814601.3116666668,1814601.3116666668
2024-06-16 11:00:00+00:00,2188263.696388889,2188263.696388889
2024-06-16 12:00:00+00:00,2383574.1072222223,2383574.1072222223
2024-06-16 13:00:00+00:00,1831418.5911111112,2160952.344960031
2024-06-16 14:00:00+00:00,2296610.291388889,2296610.291388889
2024-06-16 15:00:00+00:00,2156351.1447222224,2156351.1447222224
2024-06-16 16:00:00+00:00,2418795.803611111,2418795.803611111
2024-06-16 17:00:00+00:00,2394439.973333333,2394439.973333333
2024-06-16 18:00:00+00:00,1575027.1772222223,1575027.1772222223
2024-06-16 19:00:00+00:00,1140487.2972222222,1140487.2972222222
2024-06-16 20:00:00+00:00,778280.3605555556,778280.3605555556
2024-06-16 21:00:00+00:00,628340.5833333334,1267236.1293562842
2024-06-16 22:00:00+00:00,456089.7836111111,456089.7836111111
2024-06-16 23:00:00+00:00,364585.6491666666,364585.6491666666
2024-06-17 00:00:00+00:00,231100.1277777778,231100.1277777778
2024-06-17 01:00:00+00:00,732638.1538888889,732638.1538888889
2024-06-17 02:00:00+00:00,1302197.1994444444,1302197.1994444444
2024-06-17 03:00:00+00:00,1342436.131388889,881315.6107747763
2024-06-17 04:00:00+00:00,1403286.41,1403286.41
2024-06-17 05:00:00+00:00,1388015.990277778,1388015.990277778
2024-06-17 06:00:00+00:00,2154697.818611111,2154697.818611111
2024-06-17 07:00:00+00:00,2800869.6897222223,2800869.6897222223
2024-06-17 08:00:00+00:00,2707235.620833333,2707235.620833333
2024-06-17 09:00:00+00:00,2164744.9602777776,2164744.9602777776
2024-06-17 10:00:00+00:00,2355221.0816666665,2294133.4992594607
2024-06-17 11:00:00+00:00,1682465.701666667,2196301.9466028167
2024-06-17 12:00:00+00:00,1871252.414722222,1871252.414722222
2024-06-17 13:00:00+00:00,1510588.0072222222,1510588.0072222222
2024-06-17 14:00:00+00:00,1783541.7966666666,1783541.7966666666
2024-06-17 15:00:00+00:00,1565492.1497222222,1565492.1497222222
2024-06-17 16:00:00+00:00,2087604.3069444443,2087604.3069444443
2024-06-17 17:00:00+00:00,2487505.9505555555,2487505.9505555555
2024-06-17 18:00:00+00:00,1338456.1072222225,1338456.1072222225
2024-06-17 19:00:00+00:00,1309919.4980555556,1309919.4980555556
2024-06-17 20:00:00+00:00,1171108.298611111,1171108.298611111
2024-06-17 21:00:00+00:00,814651.365,814651.365
2024-06-17 22:00:00+00:00,1071913.8,1071913.8
2024-06-17 23:00:00+00:00,606204.5152777778,606204.5152777778
2024-06-18 00:00:00+00:00,623694.9136111111,623694.9136111111
2024-06-18 01:00:00+00:00,941205.4652777778,941205.4652777778
2024-06-18 02:00:00+00:00,1420462.3044444444,1420462.3044444444
2024-06-18 03:00:00+00:00,2137205.4413888888,1095087.827108046
2024-06-18 04:00:00+00:00,1647121.0216666667,1365424.0083976057
2024-06-18 05:00:00+00:00,2327952.692222222,2327952.692222222
2024-06-18 06:00:00+00:00,1568385.8591666666,1568385.8591666666
2024-06-18 07:00:00+00:00,2065014.1719444443,2065014.1719444443
2024-06-18 08:00:00+00:00,1662586.3533333333,1662586.3533333333
2024-06-18 09:00:00+00:00,1453806.2269444445,1453806.2269444445
2024-06-18 10:00:00+00:00,1156159.3230555556,1650734.616253376
2024-06-18 11:00:00+00:00,662638.2558333334,662638.2558333334
2024-06-18 12:00:00+00:00,699294.4452777777,699294.4452777777
2024-06-18 13:00:00+00:00,792635.3625,916099.9314733128
2024-06-18 14:00:00+00:00,822089.8827777777,822089.8827777777
2024-06-18 15:00:00+00:00,762415.1225,837520.3995198521
2024-06-18 16:00:00+00:00,1556606.5044444446,977571.3757629625
2024-06-18 17:00:00+00:00,1844210.6877777777,1844210.6877777777
2024-06-18 18:00:00+00:00,1242608.3108333333,1242608.3108333333
2024-06-18 19:00:00+00:00,580569.3386111112,580569.3386111112
2024-06-18 20:00:00+00:00,636717.8836111111,636717.8836111111
2024-06-18 21:00:00+00:00,445790.1013888889,445790.1013888889
2024-06-18 22:00:00+00:00,1393984.211111111,683474.1085511047
2024-06-18 23:00:00+00:00,248543.71277777775,248543.71277777775
2024-06-19 00:00:00+00:00,139690.40416666667,139690.40416666667
2024-06-19 01:00:00+00:00,264898.47583333333,264898.47583333333
2024-06-19 02:00:00+00:00,698995.6716666666,698995.6716666666
2024-06-19 03:00:00+00:00,909608.3644444444,909608.3644444444
2024-06-19 04:00:00+00:00,1072884.1783333332,654613.2063966632
2024-06-19 05:00:00+00:00,880678.9666666667,880678.9666666667
2024-06-19 06:00:00+00:00,1803714.6505555557,1803714.6505555557
2024-06-19 07:00:00+00:00,1614611.6230555556,1614611.6230555556
2024-06-19 08:00:00+00:00,1442061.0680555557,1442061.0680555557
2024-06-19 09:00:00+00:00,1438830.955,1438830.955
2024-06-19 10:00:00+00:00,1040535.3080555556,1040535.3080555556
2024-06-19 11:00:00+00:00,997233.4105555556,997233.4105555556
2024-06-19 12:00:00+00:00,937133.8002777778,937133.8002777778
2024-06-19 13:00:00+00:00,581481.1738888889,581481.1738888889
2024-06-19 14:00:00+00:00,731334.3688888889,731334.3688888889
2024-06-19 15:00:00+00:00,662252.2338888888,662252.2338888888
2024-06-19 16:00:00+00:00,996328.1783333332,996328.1783333332
2024-06-19 17:00:00+00:00,1078714.6961111112,1078714.6961111112
2024-06-19 18:00:00+00:00,1371145.4355555556,948930.3044034953
2024-06-19 19:00:00+00:00,966335.9733333334,966335.9733333334
2024-06-19 20:00:00+00:00,1082699.0491666666,1082699.0491666666
2024-06-19 21:00:00+00:00,738700.1483333333,738700.1483333333
2024-06-19 22:00:00+00:00,441733.4472222222,441733.4472222222
2024-06-19 23:00:00+00:00,345615.1125,345615.1125
2024-06-20 00:00:00+00:00,483844.6747222222,483844.6747222222
2024-06-20 01:00:00+00:00,753609.5444444445,753609.5444444445
2024-06-20 02:00:00+00:00,1321051.3397222222,1321051.3397222222
2024-06-20 03:00:00+00:00,1774740.3558333332,922443.320112841
2024-06-20 04:00:00+00:00,2401856.8297222224,1155410.653290273
2024-06-20 05:00:00+00:00,1748467.2269444445,1748467.2269444445
2024-06-20 06:00:00+00:00,1856577.1238888889,1856577.1238888889
2024-06-20 07:00:00+00:00,1718912.9752777778,1718912.9752777778
2024-06-20 08:00:00+00:00,2037354.161111111,1688564.277024613
2024-06-20 09:00:00+00:00,1906168.411111111,1906168.411111111
2024-06-20 10:00:00+00:00,1328653.275,1328653.275
2024-06-20 11:00:00+00:00,1410677.1675,1604261.6718777358
2024-06-20 12:00:00+00:00,1485967.055,1485967.055
2024-06-20 13:00:00+00:00,1610918.1169444444,1610918.1169444444
2024-06-20 14:00:00+00:00,1314106.5088888889,1314106.5088888889
2024-06-20 15:00:00+00:00,1506063.2713888888,1506063.2713888888
2024-06-20 16:00:00+00:00,1264268.236388889,1264268.236388889
2024-06-20 17:00:00+00:00,1108704.3241666667,1108704.3241666667
2024-06-20 18:00:00+00:00,1891371.2858333332,1891371.2858333332
2024-06-20 19:00:00+00:00,1115318.096111111,1115318.096111111
2024-06-20 20:00:00+00:00,908952.6586111112,908952.6586111112
2024-06-20 21:00:00+00:00,920758.1041666666,920758.1041666666
2024-06-20 22:00:00+00:00,405004.9166666667,405004.9166666667
2024-06-20 23:00:00+00:00,357211.3830555556,357211.3830555556
2024-06-21 00:00:00+00:00,501216.9230555556,501216.9230555556
2024-06-21 01:00:00+00:00,842524.2258333333,842524.2258333333
2024-06-21 02:00:00+00:00,1614056.513611111,679001.4682430053
2024-06-21 03:00:00+00:00,1997054.9166666667,1997054.9166666667
2024-06-21 04:00:00+00:00,2094514.8844444444,2094514.8844444444
2024-06-21 05:00:00+00:00,2043380.55,2043380.55
2024-06-21 06:00:00+00:00,2003691.5033333332,2003691.5033333332
2024-06-21 07:00:00+00:00,1592568.5977777778,1592568.5977777778
2024-06-21 08:00:00+00:00,1995185.4569444444,1995185.4569444444
2024-06-21 09:00:00+00:00,2227295.663888889,2227295.663888889
2024-06-21 10:00:00+00:00,1923097.1672222223,1923097.1672222223
2024-06-21 11:00:00+00:00,2205428.811388889,2205428.811388889
2024-06-21 12:00:00+00:00,1549064.0452777778,1549064.0452777778
2024-06-21 13:00:00+00:00,1429085.6688888888,1429085.6688888888
2024-06-21 14:00:00+00:00,1914609.968055556,1914609.968055556
2024-06-21 15:00:00+00:00,1295189.3108333333,1774648.8690447619
2024-06-21 16:00:00+00:00,1667796.2811111112,1667796.2811111112
2024-06-21 17:00:00+00:00,1577238.746388889,1732701.1718223267
2024-06-21 18:00:00+00:00,1406719.4533333334,1628680.8739058378
2024-06-21 19:00:00+00:00,1137731.6441666668,1137731.6441666668
2024-06-21 20:00:00+00:00,981621.1047222222,981621.1047222222
2024-06-21 21:00:00+00:00,1010460.7422222224,1010460.7422222224
2024-06-21 22:00:00+00:00,868077.8433333334,868077.8433333334
2024-06-21 23:00:00+00:00,580454.4580555556,580454.4580555556
2024-06-22 00:00:00+00:00,565791.8058333333,565791.8058333333
2024-06-22 01:00:00+00:00,569512.7055555555,569512.7055555555
2024-06-22 02:00:00+00:00,863869.5938888888,863869.5938888888
2024-06-22 03:00:00+00:00,1336568.216388889,1336568.216388889
2024-06-22 04:00:00+00:00,2035686.924722222,2035686.924722222
2024-06-22 05:00:00+00:00,2321337.4080555555,2321337.4080555555
2024-06-22 06:00:00+00:00,2521134.6775,2521134.6775
2024-06-22 07:00:00+00:00,1657713.9102777778,1657713.9102777778
2024-06-22 08:00:00+00:00,1354316.0652777778,1354316.0652777778
2024-06-22 09:00:00+00:00,2066758.1686111111,2066758.1686111111
2024-06-22 10:00:00+00:00,2058771.401111111,2058771.401111111
2024-06-22 11:00:00+00:00,2039626.4830555555,2039626.4830555555
2024-06-22 12:00:00+00:00,2454860.8927777777,2454860.8927777777
2024-06-22 13:00:00+00:00,2124901.2775,2124901.2775
2024-06-22 14:00:00+00:00,2897857.922222222,2897857.922222222
2024-06-22 15:00:00+00:00,2202775.830833333,2202775.830833333
2024-06-22 16:00:00+00:00,2565909.695277778,2359080.285616543
2024-06-22 17:00:00+00:00,2267710.980555556,2267710.980555556
2024-06-22 18:00:00+00:00,1970899.388611111,1970899.388611111
2024-06-22 19:00:00+00:00,1937273.320555556,1937273.320555556
2024-06-22 20:00:00+00:00,1089139.7025,1089139.7025
2024-06-22 21:00:00+00:00,787025.9666666667,787025.9666666667
2024-06-22 22:00:00+00:00,378445.6169444444,378445.6169444444
2024-06-22 23:00:00+00:00,437845.9305555556,437845.9305555556
2024-06-23 00:00:00+00:00,509396.35277777776,509396.35277777776
2024-06-23 01:00:00+00:00,971698.2369444444,971698.2369444444
2024-06-23 02:00:00+00:00,1096988.8391666666,1096988.8391666666
2024-06-23 03:00:00+00:00,1451899.1930555557,1451899.1930555557
2024-06-23 04:00:00+00:00,2280935.7280555554,2280935.7280555554
2024-06-23 05:00:00+00:00,1817907.515,1817907.515
2024-06-23 06:00:00+00:00,1935991.256111111,1712667.764154577
2024-06-23 07:00:00+00:00,2022027.7713888888,2022027.7713888888
2024-06-23 08:00:00+00:00,2461835.512777778,2461835.512777778
2024-06-23 09:00:00+00:00,2057381.6047222223,2057381.6047222223
2024-06-23 10:00:00+00:00,2471402.2725,2471402.2725
2024-06-23 11:00:00+00:00,2429774.237222222,2429774.237222222
2024-06-23 12:00:00+00:00,1776077.7772222222,1776077.7772222222
2024-06-23 13:00:00+00:00,1852706.0147222225,1852706.0147222225
2024-06-23 14:00:00+00:00,1940550.3780555555,1940550.3780555555
2024-06-23 15:00:00+00:00,2008833.8391666664,2008833.8391666664
2024-06-23 16:00:00+00:00,2243872.61,2243872.61
2024-06-23 17:00:00+00:00,2421079.1691666665,2421079.1691666665
2024-06-23 18:00:00+00:00,2440701.5822222224,2440701.5822222224
2024-06-23 19:00:00+00:00,1665619.4494444444,1665619.4494444444
2024-06-23 20:00:00+00:00,1147033.8369444443,2040787.7262753015
2024-06-23 21:00:00+00:00,728914.5069444445,728914.5069444445
2024-06-23 22:00:00+00:00,743222.9711111111,1269134.9588168312
2024-06-23 23:00:00+00:00,251713.54111111112,251713.54111111112
2024-06-24 00:00:00+00:00,156950.46194444445,156950.46194444445
2024-06-24 01:00:00+00:00,788098.4502777777,788098.4502777777
2024-06-24 02:00:00+00:00,1500138.887777778,1500138.887777778
2024-06-24 03:00:00+00:00,2047621.2388888889,2047621.2388888889
2024-06-24 04:00:00+00:00,2392759.671666667,2392759.671666667
2024-06-24 05:00:00+00:00,2194188.050555556,2194188.050555556
2024-06-24 06:00:00+00:00,2699159.597222222,2699159.597222222
2024-06-24 07:00:00+00:00,2105972.126388889,2105972.126388889
2024-06-24 08:00:00+00:00,2275448.6166666667,2275448.6166666667
2024-06-24 09:00:00+00:00,2224350.896111111,2224350.896111111
2024-06-24 10:00:00+00:00,2422737.9394444446,2422737.9394444446
2024-06-24 11:00:00+00:00,1463584.8319444444,1463584.8319444444
2024-06-24 12:00:00+00:00,1450259.9630555557,1450259.9630555557
2024-06-24 13:00:00+00:00,1605344.5255555557,1605344.5255555557
2024-06-24 14:00:00+00:00,1512191.0619444444,1512191.0619444444
2024-06-24 15:00:00+00:00,1631581.0330555555,1631581.0330555555
2024-06-24 16:00:00+00:00,2364150.5572222224,2364150.5572222224
2024-06-24 17:00:00+00:00,1830133.3963888888,1830133.3963888888
2024-06-24 18:00:00+00:00,2301222.658333333,2301222.658333333
2024-06-24 19:00:00+00:00,1527255.4922222225,1527255.4922222225
2024-06-24 20:00:00+00:00,716052.1655555556,716052.1655555556
2024-06-24 21:00:00+00:00,866690.0736111111,866690.0736111111
2024-06-24 22:00:00+00:00,617094.0744444445,617094.0744444445
2024-06-24 23:00:00+00:00,532736.3863888889,917050.5481212402
2024-06-25 00:00:00+00:00,384067.5647222222,384067.5647222222
2024-06-25 01:00:00+00:00,748943.3847222222,748943.3847222222
2024-06-25 02:00:00+00:00,1455179.2711111112,1455179.2711111112
2024-06-25 03:00:00+00:00,2076256.8147222225,2076256.8147222225
2024-06-25 04:00:00+00:00,3415441.406388889,3415441.406388889
2024-06-25 05:00:00+00:00,2209581.718055556,2209581.718055556
2024-06-25 06:00:00+00:00,2688343.6405555555,2263273.021149077
2024-06-25 07:00:00+00:00,2924257.360277778,2924257.360277778
2024-06-25 08:00:00+00:00,2639971.743888889,2639971.743888889
2024-06-25 09:00:00+00:00,2577327.257777778,2629916.617849982
2024-06-25 10:00:00+00:00,2430513.846388889,2430513.846388889
2024-06-25 11:00:00+00:00,1895710.5375,1895710.5375
2024-06-25 12:00:00+00:00,1732800.5072222222,1732800.5072222222
2024-06-25 13:00:00+00:00,1851016.8427777777,1851016.8427777777
2024-06-25 14:00:00+00:00,1509176.3866666667,1509176.3866666667
2024-06-25 15:00:00+00:00,2131331.132777778,2131331.132777778
2024-06-25 16:00:00+00:00,2320912.041388889,2320912.041388889
2024-06-25 17:00:00+00:00,2143855.426111111,2143855.426111111
2024-06-25 18:00:00+00:00,2283990.590555556,2283990.590555556
2024-06-25 19:00:00+00:00,1919711.648611111,1919711.648611111
2024-06-25 20:00:00+00:00,1193361.7,1193361.7
2024-06-25 21:00:00+00:00,1055042.6955555556,1055042.6955555556
2024-06-25 22:00:00+00:00,579384.5658333333,579384.5658333333
2024-06-25 23:00:00+00:00,452648.24888888886,452648.24888888886
2024-06-26 00:00:00+00:00,527565.661111111,527565.661111111
2024-06-26 01:00:00+00:00,975674.3327777778,975674.3327777778
2024-06-26 02:00:00+00:00,1455769.5441666667,807874.8479687925
2024-06-26 03:00:00+00:00,2317130.442222222,2317130.442222222
2024-06-26 04:00:00+00:00,3568020.4825,3568020.4825
2024-06-26 05:00:00+00:00,3166058.988611111,3166058.988611111
2024-06-26 06:00:00+00:00,2809635.0888888887,2777319.6378615946
2024-06-26 07:00:00+00:00,2764842.3408333333,2764842.3408333333
2024-06-26 08:00:00+00:00,2463634.005555556,2818073.016399705
2024-06-26 09:00:00+00:00,2613859.3994444446,2749857.5039688298
2024-06-26 10:00:00+00:00,2449231.0569444443,2449231.0569444443
2024-06-26 11:00:00+00:00,2164284.8508333336,2164284.8508333336
2024-06-26 12:00:00+00:00,1956866.7533333332,1956866.7533333332
2024-06-26 13:00:00+00:00,2000752.5836111112,2207349.714150948
2024-06-26 14:00:00+00:00,1732760.8955555556,2139560.740303741
2024-06-26 15:00:00+00:00,2235984.306111112,2235984.306111112
2024-06-26 16:00:00+00:00,2023781.193611111,2023781.193611111
2024-06-26 17:00:00+00:00,1670560.6091666666,1670560.6091666666
2024-06-26 18:00:00+00:00,1987989.7775,1987989.7775
2024-06-26 19:00:00+00:00,1518642.8675,1950966.4225070456
2024-06-26 20:00:00+00:00,1072670.9675,1072670.9675
2024-06-26 21:00:00+00:00,741689.7544444444,741689.7544444444
2024-06-26 22:00:00+00:00,800679.0363888888,800679.0363888888
2024-06-26 23:00:00+00:00,405659.5061111111,1003146.7755472984
2024-06-27 00:00:00+00:00,340429.7688888889,340429.7688888889
2024-06-27 01:00:00+00:00,960556.1438888888,960556.1438888888
2024-06-27 02:00:00+00:00,1299482.5580555554,1299482.5580555554
2024-06-27 03:00:00+00:00,2328532.4547222224,2328532.4547222224
2024-06-27 04:00:00+00:00,2057342.0277777775,2057342.0277777775
2024-06-27 05:00:00+00:00,2253869.381666667,2253869.381666667
2024-06-27 06:00:00+00:00,2865886.5647222223,2865886.5647222223
2024-06-27 07:00:00+00:00,2570628.043611111,2570628.043611111
2024-06-27 08:00:00+00:00,2328907.5488888887,2328907.5488888887
2024-06-27 09:00:00+00:00,2702370.7052777777,2702370.7052777777
2024-06-27 10:00:00+00:00,2330769.3527777777,2330769.3527777777
2024-06-27 11:00:00+00:00,1564314.4988888889,1564314.4988888889
2024-06-27 12:00:00+00:00,1985909.1869444444,1985909.1869444444
2024-06-27 13:00:00+00:00,1895524.8036111111,1895524.8036111111
2024-06-27 14:00:00+00:00,1321509.7411111111,1321509.7411111111
2024-06-27 15:00:00+00:00,1572563.1205555554,1572563.1205555554
2024-06-27 16:00:00+00:00,1832285.538333333,1832285.538333333
2024-06-27 17:00:00+00:00,2082089.5433333328,2082089.5433333328
2024-06-27 18:00:00+00:00,1738764.2066666668,1738764.2066666668
2024-06-27 19:00:00+00:00,1532198.87,1532198.87
2024-06-27 20:00:00+00:00,1630656.273611111,1630656.273611111
2024-06-27 21:00:00+00:00,797343.4186111111,1667233.6636983275
2024-06-27 22:00:00+00:00,723506.4913888889,723506.4913888889
2024-06-27 23:00:00+00:00,575165.1338888889,575165.1338888889
2024-06-28 00:00:00+00:00,292788.3938888889,292788.3938888889
2024-06-28 01:00:00+00:00,747249.9463888889,747249.9463888889
2024-06-28 02:00:00+00:00,1531971.8019444444,1531971.8019444444
2024-06-28 03:00:00+00:00,2364220.84,2364220.84
2024-06-28 04:00:00+00:00,2296839.453333333,2296839.453333333
2024-06-28 05:00:00+00:00,3669755.83,3669755.83
2024-06-28 06:00:00+00:00,2328277.248888889,2328277.248888889
2024-06-28 07:00:00+00:00,1524953.486388889,1524953.486388889
2024-06-28 08:00:00+00:00,1693257.8102777775,1693257.8102777775
2024-06-28 09:00:00+00:00,1693286.9944444443,1693286.9944444443
2024-06-28 10:00:00+00:00,1637614.1136111112,1637614.1136111112
2024-06-28 11:00:00+00:00,1444040.1980555556,1444040.1980555556
2024-06-28 12:00:00+00:00,1388961.298611111,1388961.298611111
2024-06-28 13:00:00+00:00,1130317.799722222,1130317.799722222
2024-06-28 14:00:00+00:00,1085399.8569444444,1085399.8569444444
2024-06-28 15:00:00+00:00,1726947.8836111112,1726947.8836111112
2024-06-28 16:00:00+00:00,1330462.336388889,1330462.336388889
2024-06-28 17:00:00+00:00,1307167.7952777778,1307167.7952777778
2024-06-28 18:00:00+00:00,1243007.2052777775,1243007.2052777775
2024-06-28 19:00:00+00:00,1664764.7513888888,1664764.7513888888
2024-06-28 20:00:00+00:00,543803.7008333333,543803.7008333333
2024-06-28 21:00:00+00:00,464880.0447222222,464880.0447222222
2024-06-28 22:00:00+00:00,430701.8255555556,430701.8255555556
2024-06-28 23:00:00+00:00,540252.8286111112,540252.8286111112
2024-06-29 00:00:00+00:00,284191.00583333336,284191.00583333336
2024-06-29 01:00:00+00:00,444312.3408333333,444312.3408333333
2024-06-29 02:00:00+00:00,1462529.161388889,1462529.161388889
2024-06-29 03:00:00+00:00,828260.3258333333,828260.3258333333
2024-06-29 04:00:00+00:00,1587462.326666667,1587462.326666667
2024-06-29 05:00:00+00:00,1753477.0925,1753477.0925
2024-06-29 06:00:00+00:00,1895770.5319444444,1895770.5319444444
2024-06-29 07:00:00+00:00,2044769.391111111,2044769.391111111
2024-06-29 08:00:00+00:00,1562320.933611111,1562320.933611111
2024-06-29 09:00:00+00:00,2472689.535277778,2472689.535277778
2024-06-29 10:00:00+00:00,2290720.0483333333,2290720.0483333333
2024-06-29 11:00:00+00:00,1715188.5636111111,1715188.5636111111
2024-06-29 12:00:00+00:00,1850123.6019444445,1850123.6019444445
2024-06-29 13:00:00+00:00,1917451.840833333,1917451.840833333
2024-06-29 14:00:00+00:00,1603920.651111111,1603920.651111111
2024-06-29 15:00:00+00:00,1798282.6244444444,1798282.6244444444
2024-06-29 16:00:00+00:00,2201822.0252777776,2201822.0252777776
2024-06-29 17:00:00+00:00,2518288.3183333334,2518288.3183333334
2024-06-29 18:00:00+00:00,627159.0180555555,627159.0180555555
2024-06-29 19:00:00+00:00,2.937222222222222,2.937222222222222
2024-06-29 20:00:00+00:00,258078.86194444445,258078.86194444445
2024-06-29 21:00:00+00:00,668108.4077777778,668108.4077777778
2024-06-29 22:00:00+00:00,672396.0883333334,672396.0883333334
2024-06-29 23:00:00+00:00,267679.0316666667,267679.0316666667
2024-06-30 00:00:00+00:00,356785.1905555556,356785.1905555556
2024-06-30 01:00:00+00:00,536563.2202777778,536563.2202777778
2024-06-30 02:00:00+00:00,1065557.346666667,1065557.346666667
2024-06-30 03:00:00+00:00,1180652.6761111112,1180652.6761111112
2024-06-30 04:00:00+00:00,2284974.031111111,2284974.031111111
2024-06-30 05:00:00+00:00,1639093.3663888888,1639093.3663888888
2024-06-30 06:00:00+00:00,1587398.1869444444,1587398.1869444444
2024-06-30 07:00:00+00:00,1683148.2319444444,1683148.2319444444
2024-06-30 08:00:00+00:00,1848329.798611111,1848329.798611111
2024-06-30 09:00:00+00:00,2562907.4575,2562907.4575
2024-06-30 10:00:00+00:00,1593063.5419444444,1593063.5419444444
2024-06-30 11:00:00+00:00,2083942.2786111112,2083942.2786111112
2024-06-30 12:00:00+00:00,1788036.965,1788036.965
2024-06-30 13:00:00+00:00,1759733.683888889,1759733.683888889
2024-06-30 14:00:00+00:00,1413374.9608333334,1413374.9608333334
2024-06-30 15:00:00+00:00,1419527.2955555555,1652109.6898502077
2024-06-30 16:00:00+00:00,2852200.0355555555,2852200.0355555555
2024-06-30 17:00:00+00:00,2019797.131111111,2019797.131111111
2024-06-30 18:00:00+00:00,2126165.4797222223,2126165.4797222223
2024-06-30 19:00:00+00:00,968280.8827777776,968280.8827777776
2024-06-30 20:00:00+00:00,879860.3938888889,879860.3938888889
2024-06-30 21:00:00+00:00,838746.7272222223,838746.7272222223
2024-06-30 22:00:00+00:00,807206.7536111111,807206.7536111111
2024-06-30 23:00:00+00:00,744613.2261111111,744613.2261111111
2024-07-01 00:00:00+00:00,386047.4505555556,386047.4505555556
2024-07-01 01:00:00+00:00,761704.0725,761704.0725
2024-07-01 02:00:00+00:00,1216992.3694444443,1216992.3694444443
2024-07-01 03:00:00+00:00,2363347.8752777777,2363347.8752777777
2024-07-01 04:00:00+00:00,1982548.9269444444,1982548.9269444444
2024-07-01 05:00:00+00:00,2357382.193611111,2357382.193611111
2024-07-01 06:00:00+00:00,2178599.1477777776,2178599.1477777776
2024-07-01 07:00:00+00:00,2829258.246388889,2829258.246388889
2024-07-01 08:00:00+00:00,2540762.3844444444,2540762.3844444444
2024-07-01 09:00:00+00:00,2264665.493888889,2264665.493888889
2024-07-01 10:00:00+00:00,2190605.211388889,2190605.211388889
2024-07-01 11:00:00+00:00,1927257.0022222225,1927257.0022222225
2024-07-01 12:00:00+00:00,1850345.438055556,1850345.438055556
2024-07-01 13:00:00+00:00,1950743.4791666667,1950743.4791666667
2024-07-01 14:00:00+00:00,2320334.921666667,2320334.921666667
2024-07-01 15:00:00+00:00,1544877.6222222222,1544877.6222222222
2024-07-01 16:00:00+00:00,1954453.1702777776,1954453.1702777776
2024-07-01 17:00:00+00:00,1788902.6552777777,1788902.6552777777
2024-07-01 18:00:00+00:00,2519082.7958333334,2519082.7958333334
2024-07-01 19:00:00+00:00,1564954.1177777778,1564954.1177777778
2024-07-01 20:00:00+00:00,1345500.7280555556,1345500.7280555556
2024-07-01 21:00:00+00:00,733473.0316666666,733473.0316666666
2024-07-01 22:00:00+00:00,869279.3175,1259863.7552877124
2024-07-01 23:00:00+00:00,371492.84055555554,371492.84055555554
2024-07-02 00:00:00+00:00,530104.9355555555,530104.9355555555
2024-07-02 01:00:00+00:00,764440.9966666667,764440.9966666667
2024-07-02 02:00:00+00:00,1607078.0113888888,1607078.0113888888
2024-07-02 03:00:00+00:00,2107619.8294444443,2107619.8294444443
2024-07-02 04:00:00+00:00,1830480.2083333333,1830480.2083333333
2024-07-02 05:00:00+00:00,2578645.065,2578645.065
2024-07-02 06:00:00+00:00,2188838.9825,2053347.9999509559
2024-07-02 07:00:00+00:00,2277754.575833333,2277754.575833333
2024-07-02 08:00:00+00:00,1924143.7686111112,1924143.7686111112
2024-07-02 09:00:00+00:00,2237908.5038888888,2237908.5038888888
2024-07-02 10:00:00+00:00,1876277.9625,1876277.9625
2024-07-02 11:00:00+00:00,1809059.447222222,1809059.447222222
2024-07-02 12:00:00+00:00,1438638.3783333334,1438638.3783333334
2024-07-02 13:00:00+00:00,1843072.1902777776,1843072.1902777776
2024-07-02 14:00:00+00:00,1536128.9072222223,1536128.9072222223
2024-07-02 15:00:00+00:00,1632616.1294444446,1632616.1294444446
2024-07-02 16:00:00+00:00,2013891.355,2013891.355
2024-07-02 17:00:00+00:00,1669100.2275,1669100.2275
2024-07-02 18:00:00+00:00,1700969.8969444444,1700969.8969444444
2024-07-02 19:00:00+00:00,1425194.441666667,1425194.441666667
2024-07-02 20:00:00+00:00,1028976.7072222222,1597853.015890054
2024-07-02 21:00:00+00:00,772090.0116666667,1411103.3255079233
2024-07-02 22:00:00+00:00,641959.5902777778,641959.5902777778
2024-07-02 23:00:00+00:00,474157.8619444444,474157.8619444444
2024-07-03 00:00:00+00:00,548011.7091666666,548011.7091666666
2024-07-03 01:00:00+00:00,805308.8025,805308.8025
2024-07-03 02:00:00+00:00,1400464.513888889,1400464.513888889
2024-07-03 03:00:00+00:00,2228893.484166667,2228893.484166667
2024-07-03 04:00:00+00:00,2060553.7758333331,2060553.7758333331
2024-07-03 05:00:00+00:00,2240103.2988888887,2240103.2988888887
2024-07-03 06:00:00+00:00,1946867.3552777776,1946867.3552777776
2024-07-03 07:00:00+00:00,2331304.193611111,2331304.193611111
2024-07-03 08:00:00+00:00,2125543.478888889,2125543.478888889
2024-07-03 09:00:00+00:00,2670038.416111111,2670038.416111111
2024-07-03 10:00:00+00:00,2573372.109166667,2573372.109166667
2024-07-03 11:00:00+00:00,1763606.4494444444,1763606.4494444444
2024-07-03 12:00:00+00:00,1786932.0402777777,1786932.0402777777
2024-07-03 13:00:00+00:00,1065325.2947222225,1065325.2947222225
2024-07-03 14:00:00+00:00,2079943.9469444444,2079943.9469444444
2024-07-03 15:00:00+00:00,1869120.8597222224,1869120.8597222224
2024-07-03 16:00:00+00:00,2069078.405555556,2069078.405555556
2024-07-03 17:00:00+00:00,1790236.8925,1790236.8925
2024-07-03 18:00:00+00:00,1748875.6094444443,1748875.6094444443
2024-07-03 19:00:00+00:00,1421173.088611111,1421173.088611111
2024-07-03 20:00:00+00:00,843450.5913888889,843450.5913888889
2024-07-03 21:00:00+00:00,1070608.1363888888,1070608.1363888888
2024-07-03 22:00:00+00:00,573056.0061111111,573056.0061111111
2024-07-03 23:00:00+00:00,362248.1163888889,362248.1163888889
2024-07-04 00:00:00+00:00,315499.83444444445,315499.83444444445
2024-07-04 01:00:00+00:00,836677.4419444444,836677.4419444444
2024-07-04 02:00:00+00:00,1188962.0180555556,1188962.0180555556
2024-07-04 03:00:00+00:00,1794052.2266666666,1794052.2266666666
2024-07-04 04:00:00+00:00,1648790.1875,1648790.1875
2024-07-04 05:00:00+00:00,1689089.4275,1689089.4275
2024-07-04 06:00:00+00:00,1916920.3308333333,1916920.3308333333
2024-07-04 07:00:00+00:00,1820476.4933333332,1820476.4933333332
2024-07-04 08:00:00+00:00,2140743.7533333334,2140743.7533333334
2024-07-04 09:00:00+00:00,2071370.0469444443,2071370.0469444443
2024-07-04 10:00:00+00:00,2015457.6422222224,2015457.6422222224
2024-07-04 11:00:00+00:00,1486157.5625,1486157.5625
2024-07-04 12:00:00+00:00,1557103.473611111,1557103.473611111
2024-07-04 13:00:00+00:00,1599471.3280555557,1599471.3280555557
2024-07-04 14:00:00+00:00,1425221.9730555555,1425221.9730555555
2024-07-04 15:00:00+00:00,1812159.8980555555,1812159.8980555555
2024-07-04 16:00:00+00:00,1433265.3208333333,1433265.3208333333
2024-07-04 17:00:00+00:00,1483591.0422222223,1483591.0422222223
2024-07-04 18:00:00+00:00,1593373.637777778,1593373.637777778
2024-07-04 19:00:00+00:00,1172669.8619444445,1172669.8619444445
2024-07-04 20:00:00+00:00,790350.2525,790350.2525
2024-07-04 21:00:00+00:00,691093.175,691093.175
2024-07-04 22:00:00+00:00,421056.3961111111,421056.3961111111
2024-07-04 23:00:00+00:00,502364.6338888889,718026.5415190329
2024-07-05 00:00:00+00:00,191025.0158333333,191025.0158333333
2024-07-05 01:00:00+00:00,467584.8036111111,467584.8036111111
2024-07-05 02:00:00+00:00,723203.5377777778,723203.5377777778
2024-07-05 03:00:00+00:00,1086037.3033333332,1086037.3033333332
2024-07-05 04:00:00+00:00,1708191.9494444444,1708191.9494444444
2024-07-05 05:00:00+00:00,1648503.8694444443,1648503.8694444443
2024-07-05 06:00:00+00:00,1687486.931111111,1687486.931111111
2024-07-05 07:00:00+00:00,1525806.996388889,1525806.996388889
2024-07-05 08:00:00+00:00,1807727.5983333332,1807727.5983333332
2024-07-05 09:00:00+00:00,1813502.8519444445,1813502.8519444445
2024-07-05 10:00:00+00:00,1684352.7719444444,1684352.7719444444
2024-07-05 11:00:00+00:00,1792939.0169444445,1792939.0169444445
2024-07-05 12:00:00+00:00,1442010.5338888888,1741548.046552725
2024-07-05 13:00:00+00:00,1883132.8183333331,1883132.8183333331
2024-07-05 14:00:00+00:00,1647062.720277778,1647062.720277778
2024-07-05 15:00:00+00:00,2191385.757222222,2191385.757222222
2024-07-05 16:00:00+00:00,2205746.8502777778,2205746.8502777778
2024-07-05 17:00:00+00:00,3384816.686388889,3384816.686388889
2024-07-05 18:00:00+00:00,2576351.7616666667,2576351.7616666667
2024-07-05 19:00:00+00:00,1713129.0344444443,2605235.1057604747
2024-07-05 20:00:00+00:00,1222977.9377777777,1222977.9377777777
2024-07-05 21:00:00+00:00,954343.8758333334,954343.8758333334
2024-07-05 22:00:00+00:00,517381.0572222222,517381.0572222222
2024-07-05 23:00:00+00:00,173830.28027777778,173830.28027777778
2024-07-06 00:00:00+00:00,520751.8655555556,520751.8655555556
2024-07-06 01:00:00+00:00,812910.0472222222,812910.0472222222
2024-07-06 02:00:00+00:00,1195539.9183333332,1195539.9183333332
2024-07-06 03:00:00+00:00,1214282.417777778,1214282.417777778
2024-07-06 04:00:00+00:00,1280941.923611111,1280941.923611111
2024-07-06 05:00:00+00:00,1668666.496111111,1144719.5316951007
2024-07-06 06:00:00+00:00,1548078.9272222223,1548078.9272222223
2024-07-06 07:00:00+00:00,1664377.8530555556,1384536.716040057
2024-07-06 08:00:00+00:00,2337242.0841666665,2337242.0841666665
2024-07-06 09:00:00+00:00,2300143.6775,2300143.6775
2024-07-06 10:00:00+00:00,2290474.631111111,2290474.631111111
2024-07-06 11:00:00+00:00,2319644.148611111,2319644.148611111
2024-07-06 12:00:00+00:00,2019783.6744444445,2019783.6744444445
2024-07-06 13:00:00+00:00,2024718.0511111112,2024718.0511111112
2024-07-06 14:00:00+00:00,1813687.977222222,1813687.977222222
2024-07-06 15:00:00+00:00,2030725.4588888888,2030725.4588888888
2024-07-06 16:00:00+00:00,1497390.3211111112,1497390.3211111112
2024-07-06 17:00:00+00:00,2529771.4341666666,2529771.4341666666
2024-07-06 18:00:00+00:00,1982377.215555556,1982377.215555556
2024-07-06 19:00:00+00:00,1299839.2283333333,1299839.2283333333
2024-07-06 20:00:00+00:00,1007046.9525,1007046.9525
2024-07-06 21:00:00+00:00,525617.4702777778,525617.4702777778
2024-07-06 22:00:00+00:00,277927.3752777778,1033531.3724778518
2024-07-06 23:00:00+00:00,519967.84277777775,519967.84277777775
2024-07-07 00:00:00+00:00,351174.38138888887,351174.38138888887
2024-07-07 01:00:00+00:00,415082.4305555556,415082.4305555556
2024-07-07 02:00:00+00:00,552226.8972222222,552226.8972222222
2024-07-07 03:00:00+00:00,692430.5205555556,515452.85588476714
2024-07-07 04:00:00+00:00,822397.5752777777,822397.5752777777
2024-07-07 05:00:00+00:00,1064119.1269444444,689747.089218841
2024-07-07 06:00:00+00:00,1200026.493611111,1200026.493611111
2024-07-07 07:00:00+00:00,999527.0694444444,999527.0694444444
2024-07-07 08:00:00+00:00,991010.9669444443,991010.9669444443
2024-07-07 09:00:00+00:00,1217878.2327777778,992209.8399969604
2024-07-07 10:00:00+00:00,1835876.03,1835876.03
2024-07-07 11:00:00+00:00,1163718.201111111,1163718.201111111
2024-07-07 12:00:00+00:00,1501562.7502777777,1501562.7502777777
2024-07-07 13:00:00+00:00,1082929.36,1082929.36
2024-07-07 14:00:00+00:00,1344636.73,1344636.73
2024-07-07 15:00:00+00:00,1338910.3783333334,1338910.3783333334
2024-07-07 16:00:00+00:00,1490246.316111111,1490246.316111111
2024-07-07 17:00:00+00:00,1391831.2980555557,1391831.2980555557
2024-07-07 18:00:00+00:00,1281839.1494444443,1281839.1494444443
2024-07-07 19:00:00+00:00,980319.1511111112,980319.1511111112
2024-07-07 20:00:00+00:00,827864.0441666667,827864.0441666667
2024-07-07 21:00:00+00:00,592349.2519444445,592349.2519444445
2024-07-07 22:00:00+00:00,540125.5713888889,843113.6683987359
2024-07-07 23:00:00+00:00,622680.1033333334,622680.1033333334
2024-07-08 00:00:00+00:00,520192.2213888889,520192.2213888889
2024-07-08 01:00:00+00:00,479407.6394444445,479407.6394444445
2024-07-08 02:00:00+00:00,1041240.1277777776,1041240.1277777776
2024-07-08 03:00:00+00:00,1560744.5897222222,1560744.5897222222
2024-07-08 04:00:00+00:00,1720145.5669444446,1720145.5669444446
2024-07-08 05:00:00+00:00,1498466.3775,1371661.3317753973
2024-07-08 06:00:00+00:00,2006598.1052777776,2006598.1052777776
2024-07-08 07:00:00+00:00,1865248.5708333333,1865248.5708333333
2024-07-08 08:00:00+00:00,1997592.998055556,1997592.998055556
2024-07-08 09:00:00+00:00,1970251.9419444448,1970251.9419444448
2024-07-08 10:00:00+00:00,1442033.9072222223,1442033.9072222223
2024-07-08 11:00:00+00:00,1023243.7544444444,1023243.7544444444
2024-07-08 12:00:00+00:00,1537290.0222222223,1537290.0222222223
2024-07-08 13:00:00+00:00,1070869.6383333334,1070869.6383333334
2024-07-08 14:00:00+00:00,1145789.0905555557,1145789.0905555557
2024-07-08 15:00:00+00:00,1130791.0002777777,1130791.0002777777
2024-07-08 16:00:00+00:00,1477306.970277778,1477306.970277778
2024-07-08 17:00:00+00:00,1680086.6216666666,1680086.6216666666
2024-07-08 18:00:00+00:00,2366104.025,2366104.025
2024-07-08 19:00:00+00:00,1103581.0319444444,1103581.0319444444
2024-07-08 20:00:00+00:00,1012569.0977777778,1012569.0977777778
2024-07-08 21:00:00+00:00,870929.1988888889,870929.1988888889
2024-07-08 22:00:00+00:00,560024.8808333334,560024.8808333334
2024-07-08 23:00:00+00:00,261583.9261111111,261583.9261111111
2024-07-09 00:00:00+00:00,413068.86833333335,413068.86833333335
2024-07-09 01:00:00+00:00,660157.2136111112,660157.2136111112
2024-07-09 02:00:00+00:00,1096798.9388888888,1096798.9388888888
2024-07-09 03:00:00+00:00,2760506.830833333,2760506.830833333
2024-07-09 04:00:00+00:00,1688367.6258333332,1688367.6258333332
2024-07-09 05:00:00+00:00,3016093.3625,3016093.3625
2024-07-09 06:00:00+00:00,1699688.5566666666,1699688.5566666666
2024-07-09 07:00:00+00:00,1753289.2169444445,1753289.2169444445
2024-07-09 08:00:00+00:00,1679515.5858333334,1679515.5858333334
2024-07-09 09:00:00+00:00,1980830.3116666668,1980830.3116666668
2024-07-09 10:00:00+00:00,1936743.8533333333,1936743.8533333333
2024-07-09 11:00:00+00:00,2086524.6038888888,2086524.6038888888
2024-07-09 12:00:00+00:00,1405819.0647222225,1405819.0647222225
2024-07-09 13:00:00+00:00,1271973.2294444444,1271973.2294444444
2024-07-09 14:00:00+00:00,1326545.066111111,1535376.3513921765
2024-07-09 15:00:00+00:00,1101456.2430555555,1101456.2430555555
2024-07-09 16:00:00+00:00,1238286.1219444445,1238286.1219444445
2024-07-09 17:00:00+00:00,1378391.6505555557,1378391.6505555557
2024-07-09 18:00:00+00:00,1304351.3997222222,1304351.3997222222
2024-07-09 19:00:00+00:00,1500988.756388889,1500988.756388889
2024-07-09 20:00:00+00:00,1076181.0183333333,1076181.0183333333
2024-07-09 21:00:00+00:00,1266425.5613888889,1266425.5613888889
2024-07-09 22:00:00+00:00,861968.9133333333,861968.9133333333
2024-07-09 23:00:00+00:00,531378.9377777778,531378.9377777778
2024-07-10 00:00:00+00:00,297431.5805555555,297431.5805555555
2024-07-10 01:00:00+00:00,1014618.9147222224,1014618.9147222224
2024-07-10 02:00:00+00:00,1359237.8141666667,784954.2212845136
2024-07-10 03:00:00+00:00,1674937.216388889,1674937.216388889
2024-07-10 04:00:00+00:00,2216786.395833333,1305401.7242660832
2024-07-10 05:00:00+00:00,2191650.0944444444,2191650.0944444444
2024-07-10 06:00:00+00:00,1769212.6661111112,1769212.6661111112
2024-07-10 07:00:00+00:00,2308122.408333333,2308122.408333333
2024-07-10 08:00:00+00:00,2004968.8491666664,2004968.8491666664
2024-07-10 09:00:00+00:00,1820072.5355555555,1820072.5355555555
2024-07-10 10:00:00+00:00,1703033.3672222225,1703033.3672222225
2024-07-10 11:00:00+00:00,1619083.5233333334,1619083.5233333334
2024-07-10 12:00:00+00:00,1252250.6583333334,1252250.6583333334
2024-07-10 13:00:00+00:00,1395478.5402777777,1530583.3304897654
2024-07-10 14:00:00+00:00,1848551.5411111112,1848551.5411111112
2024-07-10 15:00:00+00:00,1370530.2972222222,1370530.2972222222
2024-07-10 16:00:00+00:00,1804974.9272222223,1804974.9272222223
2024-07-10 17:00:00+00:00,1888985.4363888889,1888985.4363888889
2024-07-10 18:00:00+00:00,2174934.093611111,2174934.093611111
2024-07-10 19:00:00+00:00,870548.8155555555,870548.8155555555
2024-07-10 20:00:00+00:00,1199956.4675,1199956.4675
2024-07-10 21:00:00+00:00,965572.8083333332,965572.8083333332
2024-07-10 22:00:00+00:00,382702.6277777778,382702.6277777778
2024-07-10 23:00:00+00:00,352025.8547222222,352025.8547222222
2024-07-11 00:00:00+00:00,275482.4955555556,275482.4955555556
2024-07-11 01:00:00+00:00,594333.2847222222,594333.2847222222
2024-07-11 02:00:00+00:00,1243054.7852777778,528033.2322261402
2024-07-11 03:00:00+00:00,1696619.6352777777,1696619.6352777777
2024-07-11 04:00:00+00:00,2110102.168888889,1182563.1948836935
2024-07-11 05:00:00+00:00,1959716.4291666667,1959716.4291666667
2024-07-11 06:00:00+00:00,1936561.898611111,1936561.898611111
2024-07-11 07:00:00+00:00,1645759.1769444444,1645759.1769444444
2024-07-11 08:00:00+00:00,1678352.3,1678352.3
2024-07-11 09:00:00+00:00,2369634.928888889,2369634.928888889
2024-07-11 10:00:00+00:00,1459963.788611111,1459963.788611111
2024-07-11 11:00:00+00:00,1331850.3547222223,1762735.6192680052
2024-07-11 12:00:00+00:00,1694292.2525,1694292.2525
2024-07-11 13:00:00+00:00,1883756.9588888888,1883756.9588888888
2024-07-11 14:00:00+00:00,2022156.211111111,2022156.211111111
2024-07-11 15:00:00+00:00,1445802.506388889,1445802.506388889
2024-07-11 16:00:00+00:00,1521170.3725,1521170.3725
2024-07-11 17:00:00+00:00,1812463.5186111112,1812463.5186111112
2024-07-11 18:00:00+00:00,1283180.098611111,1283180.098611111
2024-07-11 19:00:00+00:00,1303283.9880555556,1303283.9880555556
2024-07-11 20:00:00+00:00,1194088.1891666667,1427736.076601091
2024-07-11 21:00:00+00:00,1211192.6358333332,1211192.6358333332
2024-07-11 22:00:00+00:00,970481.5122222222,970481.5122222222
2024-07-11 23:00:00+00:00,565365.0938888888,565365.0938888888
2024-07-12 00:00:00+00:00,437199.8227777778,437199.8227777778
2024-07-12 01:00:00+00:00,759168.2311111111,701042.8771976987
2024-07-12 02:00:00+00:00,1553081.2655555557,713673.3307737831
2024-07-12 03:00:00+00:00,2283730.7108333334,847096.305687201
2024-07-12 04:00:00+00:00,1609911.8494444443,1609911.8494444443
2024-07-12 05:00:00+00:00,2849597.191944445,2849597.191944445
2024-07-12 06:00:00+00:00,1514286.7469444445,1514286.7469444445
2024-07-12 07:00:00+00:00,2639232.070277778,2639232.070277778
2024-07-12 08:00:00+00:00,2228269.3183333334,2228269.3183333334
2024-07-12 09:00:00+00:00,2365117.7872222224,2365117.7872222224
2024-07-12 10:00:00+00:00,1580416.0186111112,1580416.0186111112
2024-07-12 11:00:00+00:00,1478117.5436111111,1478117.5436111111
2024-07-12 12:00:00+00:00,1297048.0972222222,1297048.0972222222
2024-07-12 13:00:00+00:00,1746996.0738888888,1746996.0738888888
2024-07-12 14:00:00+00:00,1319504.4286111111,1319504.4286111111
2024-07-12 15:00:00+00:00,1389667.2155555557,1389667.2155555557
2024-07-12 16:00:00+00:00,1349165.651111111,1349165.651111111
2024-07-12 17:00:00+00:00,1740384.235833333,1740384.235833333
2024-07-12 18:00:00+00:00,1377223.1902777778,1377223.1902777778
2024-07-12 19:00:00+00:00,1442480.1038888888,1442480.1038888888
2024-07-12 20:00:00+00:00,1058301.4483333332,1058301.4483333332
2024-07-12 21:00:00+00:00,722802.2586111111,722802.2586111111
2024-07-12 22:00:00+00:00,588071.8275,588071.8275
2024-07-12 23:00:00+00:00,566724.1744444445,566724.1744444445
2024-07-13 00:00:00+00:00,299405.78833333333,299405.78833333333
2024-07-13 01:00:00+00:00,530021.2325,530021.2325
2024-07-13 02:00:00+00:00,964859.8288888888,964859.8288888888
2024-07-13 03:00:00+00:00,1393883.4722222222,1393883.4722222222
2024-07-13 04:00:00+00:00,1968441.3102777775,1968441.3102777775
2024-07-13 05:00:00+00:00,1406093.7544444446,1406093.7544444446
2024-07-13 06:00:00+00:00,1320260.5402777777,1320260.5402777777
2024-07-13 07:00:00+00:00,1423845.4841666666,1423845.4841666666
2024-07-13 08:00:00+00:00,1721526.9486111111,1721526.9486111111
2024-07-13 09:00:00+00:00,2169681.9869444445,2169681.9869444445
2024-07-13 10:00:00+00:00,1843313.413611111,1808880.6656242267
2024-07-13 11:00:00+00:00,2017566.3880555555,2017566.3880555555
2024-07-13 12:00:00+00:00,1450126.0058333334,1450126.0058333334
2024-07-13 13:00:00+00:00,1599454.5691666666,1599454.5691666666
2024-07-13 14:00:00+00:00,1785409.7213888888,1785409.7213888888
2024-07-13 15:00:00+00:00,1407110.6225,1407110.6225
2024-07-13 16:00:00+00:00,1735023.6919444446,1735023.6919444446
2024-07-13 17:00:00+00:00,1406368.110833333,1406368.110833333
2024-07-13 18:00:00+00:00,1613215.3075,1613215.3075
2024-07-13 19:00:00+00:00,1408589.2222222222,1408589.2222222222
2024-07-13 20:00:00+00:00,928623.1413888888,928623.1413888888
2024-07-13 21:00:00+00:00,1167549.8380555557,1167549.8380555557
2024-07-13 22:00:00+00:00,858651.3430555556,858651.3430555556
2024-07-13 23:00:00+00:00,496781.3258333333,1063204.7918813587
2024-07-14 00:00:00+00:00,439726.0311111111,439726.0311111111
2024-07-14 01:00:00+00:00,551735.2752777778,551735.2752777778
2024-07-14 02:00:00+00:00,713756.6413888889,713756.6413888889
2024-07-14 03:00:00+00:00,1032362.6466666666,1032362.6466666666
2024-07-14 04:00:00+00:00,1234080.7811111112,1234080.7811111112
2024-07-14 05:00:00+00:00,1558781.7327777778,1558781.7327777778
2024-07-14 06:00:00+00:00,1675735.1775,1675735.1775
2024-07-14 07:00:00+00:00,1609879.6566666667,1609879.6566666667
2024-07-14 08:00:00+00:00,1738921.1480555555,1738921.1480555555
2024-07-14 09:00:00+00:00,1611119.8133333332,1611119.8133333332
2024-07-14 10:00:00+00:00,1785260.639166667,1785260.639166667
2024-07-14 11:00:00+00:00,1877876.6658333333,1877876.6658333333
2024-07-14 12:00:00+00:00,2003986.0208333333,2003986.0208333333
2024-07-14 13:00:00+00:00,1742630.076111111,1742630.076111111
2024-07-14 14:00:00+00:00,1596275.0794444445,1596275.0794444445
2024-07-14 15:00:00+00:00,1900384.6416666664,1900384.6416666664
2024-07-14 16:00:00+00:00,2971812.943611111,2971812.943611111
2024-07-14 17:00:00+00:00,1896694.961666667,1896694.961666667
2024-07-14 18:00:00+00:00,2032943.0122222223,2032943.0122222223
2024-07-14 19:00:00+00:00,1347700.93,1347700.93
2024-07-14 20:00:00+00:00,986529.1302777778,986529.1302777778
2024-07-14 21:00:00+00:00,742379.3169444444,742379.3169444444
