time,original,imputed
2023-10-09 00:00:00+00:00,737.0244444444445,737.0244444444445
2023-10-09 01:00:00+00:00,1089.2294444444444,1089.2294444444444
2023-10-09 02:00:00+00:00,43384.18611111112,43384.18611111112
2023-10-09 03:00:00+00:00,406721.0180555555,406721.0180555555
2023-10-09 04:00:00+00:00,339800.4313888889,0.0
2023-10-09 05:00:00+00:00,350318.47555555555,350318.47555555555
2023-10-09 06:00:00+00:00,765598.8138888889,765598.8138888889
2023-10-09 07:00:00+00:00,242876.64277777777,242876.64277777777
2023-10-09 08:00:00+00:00,252093.86833333332,0.0
2023-10-09 09:00:00+00:00,189183.94055555557,189183.94055555557
2023-10-09 10:00:00+00:00,130193.69805555556,130193.69805555556
2023-10-09 11:00:00+00:00,163718.31027777778,163718.31027777778
2023-10-09 12:00:00+00:00,7200.2508333333335,7200.2508333333335
2023-10-09 13:00:00+00:00,6557.121111111112,6557.121111111112
2023-10-09 14:00:00+00:00,2177.0583333333334,2177.0583333333334
2023-10-09 15:00:00+00:00,366.84777777777776,366.84777777777776
2023-10-09 16:00:00+00:00,792.6063888888889,792.6063888888889
2023-10-09 17:00:00+00:00,5579.448611111111,0.0
2023-10-09 18:00:00+00:00,1162.9783333333332,1162.9783333333332
2023-10-09 19:00:00+00:00,1029.53,1029.53
2023-10-09 20:00:00+00:00,693.1108333333333,693.1108333333333
2023-10-09 21:00:00+00:00,1687.8955555555556,1687.8955555555556
2023-10-09 22:00:00+00:00,291.11583333333334,291.11583333333334
2023-10-09 23:00:00+00:00,3096.3102777777776,3096.3102777777776
2023-10-10 00:00:00+00:00,362.7291666666667,362.7291666666667
2023-10-10 01:00:00+00:00,2484.7425,0.0
2023-10-10 02:00:00+00:00,40105.51583333333,40105.51583333333
2023-10-10 03:00:00+00:00,154055.4661111111,0.0
2023-10-10 04:00:00+00:00,195318.09166666667,0.0
2023-10-10 05:00:00+00:00,211206.45722222223,211206.45722222223
2023-10-10 06:00:00+00:00,241074.97416666665,241074.97416666665
2023-10-10 07:00:00+00:00,263666.7405555556,263666.7405555556
2023-10-10 08:00:00+00:00,210418.11,210418.11
2023-10-10 09:00:00+00:00,280046.2272222222,280046.2272222222
2023-10-10 10:00:00+00:00,193204.0038888889,193204.0038888889
2023-10-10 11:00:00+00:00,61685.896944444445,0.0
2023-10-10 12:00:00+00:00,16990.65,0.0
2023-10-10 13:00:00+00:00,17834.06861111111,17834.06861111111
2023-10-10 14:00:00+00:00,6379.428333333333,6379.428333333333
2023-10-10 15:00:00+00:00,849.3897222222222,849.3897222222222
2023-10-10 16:00:00+00:00,2709.23,2709.23
2023-10-10 17:00:00+00:00,756.585,756.585
2023-10-10 18:00:00+00:00,693.6375,693.6375
2023-10-10 19:00:00+00:00,3154.895,3154.895
2023-10-10 20:00:00+00:00,1429.7088888888889,1429.7088888888889
2023-10-10 21:00:00+00:00,1685.421388888889,1685.421388888889
2023-10-10 22:00:00+00:00,870.3733333333333,870.3733333333333
2023-10-10 23:00:00+00:00,5677.775555555556,5677.775555555556
2023-10-11 00:00:00+00:00,13512.630833333333,13512.630833333333
2023-10-11 01:00:00+00:00,20631.51111111111,0.0
2023-10-11 02:00:00+00:00,199110.31277777776,0.0
2023-10-11 03:00:00+00:00,373993.49583333335,0.0
2023-10-11 04:00:00+00:00,463880.9583333333,463880.9583333333
2023-10-11 05:00:00+00:00,315820.7833333333,315820.7833333333
2023-10-11 06:00:00+00:00,327835.7388888889,327835.7388888889
2023-10-11 07:00:00+00:00,222898.31166666668,222898.31166666668
2023-10-11 08:00:00+00:00,238241.5586111111,238241.5586111111
2023-10-11 09:00:00+00:00,177444.41777777777,177444.41777777777
2023-10-11 10:00:00+00:00,140176.45611111113,0.0
2023-10-11 11:00:00+00:00,145086.86416666667,0.0
2023-10-11 12:00:00+00:00,8597.555833333334,8597.555833333334
2023-10-11 13:00:00+00:00,7792.4447222222225,7792.4447222222225
2023-10-11 14:00:00+00:00,1001.2758333333334,1001.2758333333334
2023-10-11 15:00:00+00:00,1183.006388888889,1183.006388888889
2023-10-11 16:00:00+00:00,938.7497222222222,938.7497222222222
2023-10-11 17:00:00+00:00,604.2152777777778,604.2152777777778
2023-10-11 18:00:00+00:00,808.0113888888889,808.0113888888889
2023-10-11 19:00:00+00:00,1026.8397222222222,1026.8397222222222
2023-10-11 20:00:00+00:00,6696.984444444444,0.0
2023-10-11 21:00:00+00:00,545.7263888888889,545.7263888888889
2023-10-11 22:00:00+00:00,6304.593055555555,6304.593055555555
2023-10-11 23:00:00+00:00,8843.559722222222,8843.559722222222
2023-10-12 00:00:00+00:00,5900.792777777778,5900.792777777778
2023-10-12 01:00:00+00:00,5610.318611111111,5610.318611111111
2023-10-12 02:00:00+00:00,68109.13416666667,0.0
2023-10-12 03:00:00+00:00,309503.9052777777,309503.9052777777
2023-10-12 04:00:00+00:00,283508.6766666667,283508.6766666667
2023-10-12 05:00:00+00:00,302896.10833333334,302896.10833333334
2023-10-12 06:00:00+00:00,445979.39694444445,445979.39694444445
2023-10-12 07:00:00+00:00,233793.8036111111,233793.8036111111
2023-10-12 08:00:00+00:00,265595.26166666666,265595.26166666666
2023-10-12 09:00:00+00:00,171577.3138888889,171577.3138888889
2023-10-12 10:00:00+00:00,85437.2011111111,85437.2011111111
2023-10-12 11:00:00+00:00,50619.47416666667,0.0
2023-10-12 12:00:00+00:00,36647.18722222222,0.0
2023-10-12 13:00:00+00:00,10405.331944444444,0.0
2023-10-12 14:00:00+00:00,1739.675277777778,1739.675277777778
2023-10-12 15:00:00+00:00,11931.330277777775,11931.330277777775
2023-10-12 16:00:00+00:00,14817.298888888889,0.0
2023-10-12 17:00:00+00:00,732.3719444444445,732.3719444444445
2023-10-12 18:00:00+00:00,389.5077777777778,0.0
2023-10-12 19:00:00+00:00,1636.881111111111,1636.881111111111
2023-10-12 20:00:00+00:00,504.9605555555556,504.9605555555556
2023-10-12 21:00:00+00:00,3286.016666666667,3286.016666666667
2023-10-12 22:00:00+00:00,643.3613888888889,643.3613888888889
2023-10-12 23:00:00+00:00,4733.473055555555,4733.473055555555
2023-10-13 00:00:00+00:00,24981.838888888888,24981.838888888888
2023-10-13 01:00:00+00:00,2450.515,0.0
2023-10-13 02:00:00+00:00,63821.215,0.0
2023-10-13 03:00:00+00:00,348132.15694444446,348132.15694444446
2023-10-13 04:00:00+00:00,405902.64166666666,405902.64166666666
2023-10-13 05:00:00+00:00,354736.9486111111,354736.9486111111
2023-10-13 06:00:00+00:00,329833.73583333334,329833.73583333334
2023-10-13 07:00:00+00:00,310873.41277777776,310873.41277777776
2023-10-13 08:00:00+00:00,184900.95416666663,184900.95416666663
2023-10-13 09:00:00+00:00,340807.1,340807.1
2023-10-13 10:00:00+00:00,121282.64083333334,121282.64083333334
2023-10-13 11:00:00+00:00,230142.02388888889,230142.02388888889
2023-10-13 12:00:00+00:00,18684.44138888889,0.0
2023-10-13 13:00:00+00:00,2563.961388888889,2563.961388888889
2023-10-13 14:00:00+00:00,407.8408333333333,407.8408333333333
2023-10-13 15:00:00+00:00,917.915,917.915
2023-10-13 16:00:00+00:00,630.0861111111111,630.0861111111111
2023-10-13 17:00:00+00:00,280.4786111111111,280.4786111111111
2023-10-13 18:00:00+00:00,410.09583333333336,0.0
2023-10-13 19:00:00+00:00,632.7244444444444,632.7244444444444
2023-10-13 20:00:00+00:00,21664.855,21664.855
2023-10-13 21:00:00+00:00,488.8436111111111,488.8436111111111
2023-10-13 22:00:00+00:00,585.8075,585.8075
2023-10-13 23:00:00+00:00,862.8236111111111,862.8236111111111
2023-10-14 00:00:00+00:00,1307.1441666666667,1307.1441666666667
2023-10-14 01:00:00+00:00,340.56166666666667,340.56166666666667
2023-10-14 02:00:00+00:00,602.2166666666667,0.0
2023-10-14 03:00:00+00:00,19951.09333333333,19951.09333333333
2023-10-14 04:00:00+00:00,14835.5625,0.0
2023-10-14 05:00:00+00:00,7682.926944444444,7682.926944444444
2023-10-14 06:00:00+00:00,10082.172777777778,10082.172777777778
2023-10-14 07:00:00+00:00,14012.781111111111,0.0
2023-10-14 08:00:00+00:00,1534.7680555555555,0.0
2023-10-14 09:00:00+00:00,525.6805555555555,525.6805555555555
2023-10-14 10:00:00+00:00,502.7013888888889,0.0
2023-10-14 11:00:00+00:00,439.1477777777778,439.1477777777778
2023-10-14 12:00:00+00:00,1931.5483333333332,1931.5483333333332
2023-10-14 13:00:00+00:00,436.4908333333333,436.4908333333333
2023-10-14 14:00:00+00:00,573.7530555555555,573.7530555555555
2023-10-14 15:00:00+00:00,832.5558333333333,0.0
2023-10-14 16:00:00+00:00,887.9041666666667,887.9041666666667
2023-10-14 17:00:00+00:00,665.0141666666667,665.0141666666667
2023-10-14 18:00:00+00:00,595.9563888888889,595.9563888888889
2023-10-14 19:00:00+00:00,1369.5233333333333,0.0
2023-10-14 20:00:00+00:00,487.18888888888887,487.18888888888887
2023-10-14 21:00:00+00:00,7332.830833333333,7332.830833333333
2023-10-14 22:00:00+00:00,728.4002777777778,728.4002777777778
2023-10-14 23:00:00+00:00,1170.5580555555557,1170.5580555555557
2023-10-15 00:00:00+00:00,1264.5266666666666,1264.5266666666666
2023-10-15 01:00:00+00:00,510.61694444444447,510.61694444444447
2023-10-15 02:00:00+00:00,859.9083333333333,859.9083333333333
2023-10-15 03:00:00+00:00,876.4447222222223,876.4447222222223
2023-10-15 04:00:00+00:00,452.2694444444445,452.2694444444445
2023-10-15 05:00:00+00:00,6433.934444444444,0.0
2023-10-15 06:00:00+00:00,32115.83916666667,32115.83916666667
2023-10-15 07:00:00+00:00,882.9272222222222,882.9272222222222
2023-10-15 08:00:00+00:00,570.0966666666667,0.0
2023-10-15 09:00:00+00:00,997.4972222222224,997.4972222222224
2023-10-15 10:00:00+00:00,924.5361111111112,0.0
2023-10-15 11:00:00+00:00,755.6052777777778,755.6052777777778
2023-10-15 12:00:00+00:00,10929.195,10929.195
2023-10-15 13:00:00+00:00,1126.8877777777775,1126.8877777777775
2023-10-15 14:00:00+00:00,1107.171111111111,1107.171111111111
2023-10-15 15:00:00+00:00,1253.2683333333334,1253.2683333333334
2023-10-15 16:00:00+00:00,1122.1147222222223,0.0
2023-10-15 17:00:00+00:00,1346.7997222222225,1346.7997222222225
2023-10-15 18:00:00+00:00,960.1933333333334,960.1933333333334
2023-10-15 19:00:00+00:00,1550.4708333333333,0.0
2023-10-15 20:00:00+00:00,17895.790555555555,17895.790555555555
2023-10-15 21:00:00+00:00,1732.8697222222222,1732.8697222222222
2023-10-15 22:00:00+00:00,1241.4058333333332,1241.4058333333332
2023-10-15 23:00:00+00:00,795.0136111111111,795.0136111111111
2023-10-16 00:00:00+00:00,760.4480555555556,760.4480555555556
2023-10-16 01:00:00+00:00,2529.799722222222,2529.799722222222
2023-10-16 02:00:00+00:00,50181.04166666666,50181.04166666666
2023-10-16 03:00:00+00:00,332485.75111111114,332485.75111111114
2023-10-16 04:00:00+00:00,444758.34222222224,444758.34222222224
2023-10-16 05:00:00+00:00,545838.1202777778,545838.1202777778
2023-10-16 06:00:00+00:00,376312.27444444445,0.0
2023-10-16 07:00:00+00:00,255590.205,0.0
2023-10-16 08:00:00+00:00,279624.2627777778,279624.2627777778
2023-10-16 09:00:00+00:00,194063.4963888889,194063.4963888889
2023-10-16 10:00:00+00:00,205058.37666666668,205058.37666666668
2023-10-16 11:00:00+00:00,100080.60944444445,100080.60944444445
2023-10-16 12:00:00+00:00,28696.86333333333,28696.86333333333
2023-10-16 13:00:00+00:00,10849.896944444445,10849.896944444445
2023-10-16 14:00:00+00:00,15876.253611111111,15876.253611111111
2023-10-16 15:00:00+00:00,1793.5072222222225,1793.5072222222225
2023-10-16 16:00:00+00:00,920.5505555555555,920.5505555555555
2023-10-16 17:00:00+00:00,1068.6922222222222,1068.6922222222222
2023-10-16 18:00:00+00:00,3496.310555555556,3496.310555555556
2023-10-16 19:00:00+00:00,560.9072222222222,0.0
2023-10-16 20:00:00+00:00,2939.0519444444444,2939.0519444444444
2023-10-16 21:00:00+00:00,15654.705,15654.705
2023-10-16 22:00:00+00:00,4678.642777777778,4678.642777777778
2023-10-16 23:00:00+00:00,683.1038888888888,683.1038888888888
2023-10-17 00:00:00+00:00,12268.110277777778,0.0
2023-10-17 01:00:00+00:00,13449.322222222225,13449.322222222225
2023-10-17 02:00:00+00:00,35490.175833333335,0.0
2023-10-17 03:00:00+00:00,554600.4555555555,0.0
2023-10-17 04:00:00+00:00,476586.71722222224,476586.71722222224
2023-10-17 05:00:00+00:00,436133.9213888889,436133.9213888889
2023-10-17 06:00:00+00:00,405470.9252777778,0.0
2023-10-17 07:00:00+00:00,462645.66194444447,462645.66194444447
2023-10-17 08:00:00+00:00,259691.11277777777,259691.11277777777
2023-10-17 09:00:00+00:00,249812.97916666663,249812.97916666663
2023-10-17 10:00:00+00:00,163869.62055555556,163869.62055555556
2023-10-17 11:00:00+00:00,135571.8488888889,0.0
2023-10-17 12:00:00+00:00,136384.20972222224,0.0
2023-10-17 13:00:00+00:00,13492.3825,13492.3825
2023-10-17 14:00:00+00:00,394.2255555555556,0.0
2023-10-17 15:00:00+00:00,426.54027777777776,426.54027777777776
2023-10-17 16:00:00+00:00,175.32472222222222,0.0
2023-10-17 17:00:00+00:00,793.5752777777777,793.5752777777777
2023-10-17 18:00:00+00:00,51225.0975,51225.0975
2023-10-17 19:00:00+00:00,3341.7319444444443,3341.7319444444443
2023-10-17 20:00:00+00:00,234.07861111111112,0.0
2023-10-17 21:00:00+00:00,940.4680555555556,940.4680555555556
2023-10-17 22:00:00+00:00,575.7611111111111,575.7611111111111
2023-10-17 23:00:00+00:00,2873.0491666666667,2873.0491666666667
2023-10-18 00:00:00+00:00,364.7341666666667,0.0
2023-10-18 01:00:00+00:00,853.4341666666667,0.0
2023-10-18 02:00:00+00:00,31275.03305555556,31275.03305555556
2023-10-18 03:00:00+00:00,169838.69583333333,169838.69583333333
2023-10-18 04:00:00+00:00,279909.8591666667,279909.8591666667
2023-10-18 05:00:00+00:00,316159.41277777776,316159.41277777776
2023-10-18 06:00:00+00:00,218972.81027777775,218972.81027777775
2023-10-18 07:00:00+00:00,246572.95138888888,246572.95138888888
2023-10-18 08:00:00+00:00,150198.0288888889,150198.0288888889
2023-10-18 09:00:00+00:00,133735.07222222222,133735.07222222222
2023-10-18 10:00:00+00:00,86402.75361111111,0.0
2023-10-18 11:00:00+00:00,32411.559166666662,32411.559166666662
2023-10-18 12:00:00+00:00,4845.179722222222,4845.179722222222
2023-10-18 13:00:00+00:00,6993.862222222222,0.0
2023-10-18 14:00:00+00:00,3188.7516666666666,0.0
2023-10-18 15:00:00+00:00,409.97,409.97
2023-10-18 16:00:00+00:00,267.55,267.55
2023-10-18 17:00:00+00:00,293.8311111111111,293.8311111111111
2023-10-18 18:00:00+00:00,382.05555555555554,382.05555555555554
2023-10-18 19:00:00+00:00,643.6597222222222,643.6597222222222
2023-10-18 20:00:00+00:00,1634.1483333333333,1634.1483333333333
2023-10-18 21:00:00+00:00,551.9211111111111,551.9211111111111
2023-10-18 22:00:00+00:00,503.6066666666667,0.0
2023-10-18 23:00:00+00:00,476.4644444444445,0.0
2023-10-19 00:00:00+00:00,309.5802777777778,309.5802777777778
2023-10-19 01:00:00+00:00,914.3352777777778,914.3352777777778
2023-10-19 02:00:00+00:00,33903.53527777778,33903.53527777778
2023-10-19 03:00:00+00:00,174996.43194444446,174996.43194444446
2023-10-19 04:00:00+00:00,217689.94083333333,217689.94083333333
2023-10-19 05:00:00+00:00,249365.24027777775,249365.24027777775
2023-10-19 06:00:00+00:00,196497.62666666668,196497.62666666668
2023-10-19 07:00:00+00:00,141562.82277777776,141562.82277777776
2023-10-19 08:00:00+00:00,131472.475,131472.475
2023-10-19 09:00:00+00:00,93489.5013888889,93489.5013888889
2023-10-19 10:00:00+00:00,101672.22666666668,101672.22666666668
2023-10-19 11:00:00+00:00,54902.45583333333,54902.45583333333
2023-10-19 12:00:00+00:00,19977.687777777777,19977.687777777777
2023-10-19 13:00:00+00:00,2692.2438888888887,2692.2438888888887
2023-10-19 14:00:00+00:00,732.3713888888889,732.3713888888889
2023-10-19 15:00:00+00:00,538.9711111111111,538.9711111111111
2023-10-19 16:00:00+00:00,6114.538333333333,6114.538333333333
2023-10-19 17:00:00+00:00,890.0511111111111,0.0
2023-10-19 18:00:00+00:00,464.6491666666666,0.0
2023-10-19 19:00:00+00:00,525.2675,525.2675
2023-10-19 20:00:00+00:00,470.39222222222224,0.0
2023-10-19 21:00:00+00:00,1006.5222222222222,1006.5222222222222
2023-10-19 22:00:00+00:00,793.8363888888889,793.8363888888889
2023-10-19 23:00:00+00:00,773.0952777777778,0.0
2023-10-20 00:00:00+00:00,332.7861111111111,332.7861111111111
2023-10-20 01:00:00+00:00,4637.895,0.0
2023-10-20 02:00:00+00:00,38115.78833333333,38115.78833333333
2023-10-20 03:00:00+00:00,202537.62027777775,0.0
2023-10-20 04:00:00+00:00,207066.8188888889,0.0
2023-10-20 05:00:00+00:00,248389.1861111111,0.0
2023-10-20 06:00:00+00:00,165114.3372222222,0.0
2023-10-20 07:00:00+00:00,156807.41527777776,0.0
2023-10-20 08:00:00+00:00,116866.875,0.0
2023-10-20 09:00:00+00:00,53777.81222222222,53777.81222222222
2023-10-20 10:00:00+00:00,8805.533333333333,8805.533333333333
2023-10-20 11:00:00+00:00,4050.7283333333335,4050.7283333333335
2023-10-20 12:00:00+00:00,805.7827777777778,805.7827777777778
2023-10-20 13:00:00+00:00,254.5438888888889,254.5438888888889
2023-10-20 14:00:00+00:00,357.13944444444445,357.13944444444445
2023-10-20 15:00:00+00:00,965.6461111111112,965.6461111111112
2023-10-20 16:00:00+00:00,5247.761388888889,0.0
2023-10-20 17:00:00+00:00,1092.278611111111,0.0
2023-10-20 18:00:00+00:00,846.6197222222222,846.6197222222222
2023-10-20 19:00:00+00:00,1635.7936111111112,1635.7936111111112
2023-10-20 20:00:00+00:00,190.2163888888889,190.2163888888889
2023-10-20 21:00:00+00:00,887.6711111111111,887.6711111111111
2023-10-20 22:00:00+00:00,1221.4355555555555,0.0
2023-10-20 23:00:00+00:00,617.7325,617.7325
2023-10-21 00:00:00+00:00,1553.79,1553.79
2023-10-21 01:00:00+00:00,661.2083333333334,0.0
2023-10-21 02:00:00+00:00,717.01,717.01
2023-10-21 03:00:00+00:00,202.30944444444444,0.0
2023-10-21 04:00:00+00:00,129.54888888888888,129.54888888888888
2023-10-21 05:00:00+00:00,1188.4786111111111,0.0
2023-10-21 06:00:00+00:00,228.25277777777777,228.25277777777777
2023-10-21 07:00:00+00:00,734.6177777777777,734.6177777777777
2023-10-21 08:00:00+00:00,641.1275,641.1275
2023-10-21 09:00:00+00:00,292.12944444444446,292.12944444444446
2023-10-21 10:00:00+00:00,13463.670555555556,13463.670555555556
2023-10-21 11:00:00+00:00,310.69638888888886,310.69638888888886
2023-10-21 12:00:00+00:00,405.5130555555556,405.5130555555556
2023-10-21 13:00:00+00:00,140.43527777777777,0.0
2023-10-21 14:00:00+00:00,470.21472222222224,470.21472222222224
2023-10-21 15:00:00+00:00,1776.9563888888888,1776.9563888888888
2023-10-21 16:00:00+00:00,978.9758333333332,978.9758333333332
2023-10-21 17:00:00+00:00,1033.7869444444443,1033.7869444444443
2023-10-21 18:00:00+00:00,729.7202777777778,729.7202777777778
2023-10-21 19:00:00+00:00,1209.618611111111,1209.618611111111
2023-10-21 20:00:00+00:00,577.1936111111111,577.1936111111111
2023-10-21 21:00:00+00:00,1303.986111111111,0.0
2023-10-21 22:00:00+00:00,770.9236111111111,770.9236111111111
2023-10-21 23:00:00+00:00,793.7997222222223,793.7997222222223
2023-10-22 00:00:00+00:00,1311.3227777777777,1311.3227777777777
2023-10-22 01:00:00+00:00,2939.4197222222224,2939.4197222222224
2023-10-22 02:00:00+00:00,467.30944444444447,467.30944444444447
2023-10-22 03:00:00+00:00,198.3325,198.3325
2023-10-22 04:00:00+00:00,463.265,463.265
2023-10-22 05:00:00+00:00,1419.5044444444443,1419.5044444444443
2023-10-22 06:00:00+00:00,347.24805555555554,347.24805555555554
2023-10-22 07:00:00+00:00,234.3830555555556,234.3830555555556
2023-10-22 08:00:00+00:00,430.13138888888886,430.13138888888886
2023-10-22 09:00:00+00:00,2596.055277777778,2596.055277777778
2023-10-22 10:00:00+00:00,680.8588888888889,680.8588888888889
2023-10-22 11:00:00+00:00,570.8608333333333,570.8608333333333
2023-10-22 12:00:00+00:00,9821.089166666668,9821.089166666668
2023-10-22 13:00:00+00:00,173.78722222222223,173.78722222222223
2023-10-22 14:00:00+00:00,2723.097777777778,2723.097777777778
2023-10-22 15:00:00+00:00,192.17416666666668,192.17416666666668
2023-10-22 16:00:00+00:00,682.6238888888889,682.6238888888889
2023-10-22 17:00:00+00:00,668.4388888888889,668.4388888888889
2023-10-22 18:00:00+00:00,420.9705555555556,420.9705555555556
2023-10-22 19:00:00+00:00,939.75,939.75
2023-10-22 20:00:00+00:00,259.2661111111111,259.2661111111111
2023-10-22 21:00:00+00:00,603.6322222222223,603.6322222222223
2023-10-22 22:00:00+00:00,4217.538333333333,0.0
2023-10-22 23:00:00+00:00,707.9958333333333,707.9958333333333
2023-10-23 00:00:00+00:00,634.0452777777778,0.0
2023-10-23 01:00:00+00:00,986.845,986.845
2023-10-23 02:00:00+00:00,106981.1075,0.0
2023-10-23 03:00:00+00:00,227166.12472222224,227166.12472222224
2023-10-23 04:00:00+00:00,462689.4347222222,0.0
2023-10-23 05:00:00+00:00,305470.4586111111,305470.4586111111
2023-10-23 06:00:00+00:00,184624.1408333333,184624.1408333333
2023-10-23 07:00:00+00:00,299164.58,299164.58
2023-10-23 08:00:00+00:00,203060.73444444445,203060.73444444445
2023-10-23 09:00:00+00:00,186614.15027777775,186614.15027777775
2023-10-23 10:00:00+00:00,129765.70611111113,129765.70611111113
2023-10-23 11:00:00+00:00,53778.51388888889,53778.51388888889
2023-10-23 12:00:00+00:00,59604.51888888889,59604.51888888889
2023-10-23 13:00:00+00:00,7690.6530555555555,0.0
2023-10-23 14:00:00+00:00,784.1066666666667,784.1066666666667
2023-10-23 15:00:00+00:00,513.7077777777778,0.0
2023-10-23 16:00:00+00:00,197.035,197.035
2023-10-23 17:00:00+00:00,4311.257222222223,4311.257222222223
2023-10-23 18:00:00+00:00,955.6616666666666,955.6616666666666
2023-10-23 19:00:00+00:00,510.6580555555556,510.6580555555556
2023-10-23 20:00:00+00:00,2456.449722222222,2456.449722222222
2023-10-23 21:00:00+00:00,4958.906111111111,4958.906111111111
2023-10-23 22:00:00+00:00,822.5205555555556,822.5205555555556
2023-10-23 23:00:00+00:00,341.20722222222224,341.20722222222224
2023-10-24 00:00:00+00:00,662.5322222222222,662.5322222222222
2023-10-24 01:00:00+00:00,765.6336111111111,0.0
2023-10-24 02:00:00+00:00,36630.6,0.0
2023-10-24 03:00:00+00:00,242037.38722222223,0.0
2023-10-24 04:00:00+00:00,304246.8775,304246.8775
2023-10-24 05:00:00+00:00,409095.47777777776,409095.47777777776
2023-10-24 06:00:00+00:00,495703.5333333333,495703.5333333333
2023-10-24 07:00:00+00:00,329966.91194444447,329966.91194444447
2023-10-24 08:00:00+00:00,506054.9997222222,506054.9997222222
2023-10-24 09:00:00+00:00,212937.94,212937.94
2023-10-24 10:00:00+00:00,153127.20722222223,153127.20722222223
2023-10-24 11:00:00+00:00,38501.12,38501.12
2023-10-24 12:00:00+00:00,10213.795277777775,10213.795277777775
2023-10-24 13:00:00+00:00,4127.272777777778,4127.272777777778
2023-10-24 14:00:00+00:00,104041.51583333334,0.0
2023-10-24 15:00:00+00:00,2862.994722222222,0.0
2023-10-24 16:00:00+00:00,591.4027777777778,591.4027777777778
2023-10-24 17:00:00+00:00,1298.8766666666668,1298.8766666666668
2023-10-24 18:00:00+00:00,675.8091666666667,675.8091666666667
2023-10-24 19:00:00+00:00,390.6697222222222,390.6697222222222
2023-10-24 20:00:00+00:00,379.2633333333333,379.2633333333333
2023-10-24 21:00:00+00:00,3480.8386111111117,3480.8386111111117
2023-10-24 22:00:00+00:00,380.2388888888889,380.2388888888889
2023-10-24 23:00:00+00:00,694.9030555555555,694.9030555555555
2023-10-25 00:00:00+00:00,266.9938888888889,266.9938888888889
2023-10-25 01:00:00+00:00,1171.8083333333334,1171.8083333333334
2023-10-25 02:00:00+00:00,66307.45138888889,66307.45138888889
2023-10-25 03:00:00+00:00,132478.34805555554,132478.34805555554
2023-10-25 04:00:00+00:00,434406.4880555556,0.0
2023-10-25 05:00:00+00:00,269070.95222222223,269070.95222222223
2023-10-25 06:00:00+00:00,159810.44722222222,159810.44722222222
2023-10-25 07:00:00+00:00,257957.50666666665,0.0
2023-10-25 08:00:00+00:00,152692.4525,152692.4525
2023-10-25 09:00:00+00:00,131731.0663888889,131731.0663888889
2023-10-25 10:00:00+00:00,20849.536111111112,0.0
2023-10-25 11:00:00+00:00,1394.9463888888888,1394.9463888888888
2023-10-25 12:00:00+00:00,2786.612222222222,2786.612222222222
2023-10-25 13:00:00+00:00,2599.4,2599.4
2023-10-25 14:00:00+00:00,223.20111111111112,223.20111111111112
2023-10-25 15:00:00+00:00,883.7991666666667,883.7991666666667
2023-10-25 16:00:00+00:00,509.8252777777778,509.8252777777778
2023-10-25 17:00:00+00:00,1132.44,1132.44
2023-10-25 18:00:00+00:00,833.9197222222223,833.9197222222223
2023-10-25 19:00:00+00:00,675.4338888888889,0.0
2023-10-25 20:00:00+00:00,1036.0622222222223,1036.0622222222223
2023-10-25 21:00:00+00:00,1143.9172222222223,1143.9172222222223
2023-10-25 22:00:00+00:00,218.39694444444444,218.39694444444444
2023-10-25 23:00:00+00:00,240.72583333333333,240.72583333333333
2023-10-26 00:00:00+00:00,380567.7077777778,0.0
2023-10-26 01:00:00+00:00,1285.049166666667,1285.049166666667
2023-10-26 02:00:00+00:00,1692.878611111111,1692.878611111111
2023-10-26 03:00:00+00:00,976.9302777777776,976.9302777777776
2023-10-26 04:00:00+00:00,1243.8236111111112,0.0
2023-10-26 05:00:00+00:00,1888.1566666666668,1888.1566666666668
2023-10-26 06:00:00+00:00,3186.2297222222223,0.0
2023-10-26 07:00:00+00:00,2185.11,2185.11
2023-10-26 08:00:00+00:00,276.14666666666665,0.0
2023-10-26 09:00:00+00:00,1.323611111111111,1.323611111111111
2023-10-26 10:00:00+00:00,0.9380555555555556,0.0
2023-10-26 11:00:00+00:00,27.42222222222222,27.42222222222222
2023-10-26 12:00:00+00:00,217.8636111111111,217.8636111111111
2023-10-26 13:00:00+00:00,321.7341666666667,0.0
2023-10-26 14:00:00+00:00,864.9380555555556,0.0
2023-10-26 15:00:00+00:00,4811.452222222222,0.0
2023-10-26 16:00:00+00:00,2152.7652777777776,2152.7652777777776
2023-10-26 17:00:00+00:00,1156.1894444444445,1156.1894444444445
2023-10-26 18:00:00+00:00,1648.8477777777778,1648.8477777777778
2023-10-26 19:00:00+00:00,281.7947222222222,281.7947222222222
2023-10-26 20:00:00+00:00,945.5661111111112,0.0
2023-10-26 21:00:00+00:00,398.8386111111111,398.8386111111111
2023-10-26 22:00:00+00:00,565.2211111111111,565.2211111111111
2023-10-26 23:00:00+00:00,246.4030555555556,246.4030555555556
2023-10-27 00:00:00+00:00,711.6052777777778,711.6052777777778
2023-10-27 01:00:00+00:00,1872.7713888888889,1872.7713888888889
2023-10-27 02:00:00+00:00,16917.426111111112,0.0
2023-10-27 03:00:00+00:00,2050.3675,2050.3675
2023-10-27 04:00:00+00:00,2724.0261111111117,0.0
2023-10-27 05:00:00+00:00,239.29777777777775,239.29777777777775
2023-10-27 06:00:00+00:00,878.0466666666666,878.0466666666666
2023-10-27 07:00:00+00:00,3710.1902777777777,3710.1902777777777
2023-10-27 08:00:00+00:00,1018.3497222222222,1018.3497222222222
2023-10-27 09:00:00+00:00,192.2761111111111,0.0
2023-10-27 10:00:00+00:00,606.1902777777777,606.1902777777777
2023-10-27 11:00:00+00:00,239.08027777777775,0.0
2023-10-27 12:00:00+00:00,1013.1125,1013.1125
2023-10-27 13:00:00+00:00,319.6955555555556,319.6955555555556
2023-10-27 14:00:00+00:00,1245.8241666666668,1245.8241666666668
2023-10-27 15:00:00+00:00,286.53333333333336,286.53333333333336
2023-10-27 16:00:00+00:00,270.83416666666665,0.0
2023-10-27 17:00:00+00:00,225.4608333333333,225.4608333333333
2023-10-27 18:00:00+00:00,230.91027777777776,0.0
2023-10-27 19:00:00+00:00,172.4488888888889,172.4488888888889
2023-10-27 20:00:00+00:00,448.7763888888889,448.7763888888889
2023-10-27 21:00:00+00:00,6675.605833333333,0.0
2023-10-27 22:00:00+00:00,377.88444444444445,0.0
2023-10-27 23:00:00+00:00,382.9213888888889,0.0
2023-10-28 00:00:00+00:00,421.5602777777778,421.5602777777778
2023-10-28 01:00:00+00:00,428.6927777777778,428.6927777777778
2023-10-28 02:00:00+00:00,646.8794444444444,646.8794444444444
2023-10-28 03:00:00+00:00,600.4358333333333,600.4358333333333
2023-10-28 04:00:00+00:00,206.8438888888889,206.8438888888889
2023-10-28 05:00:00+00:00,343.9691666666667,0.0
2023-10-28 06:00:00+00:00,488.29277777777776,488.29277777777776
2023-10-28 07:00:00+00:00,19074.20472222222,19074.20472222222
2023-10-28 08:00:00+00:00,600.0613888888889,600.0613888888889
2023-10-28 09:00:00+00:00,353.08222222222224,353.08222222222224
2023-10-28 10:00:00+00:00,977.0027777777776,977.0027777777776
2023-10-28 11:00:00+00:00,684.8325,684.8325
2023-10-28 12:00:00+00:00,261.65194444444444,0.0
2023-10-28 13:00:00+00:00,597.6027777777778,597.6027777777778
2023-10-28 14:00:00+00:00,348.0786111111111,348.0786111111111
2023-10-28 15:00:00+00:00,323.3072222222222,323.3072222222222
2023-10-28 16:00:00+00:00,187.46416666666667,0.0
2023-10-28 17:00:00+00:00,225.2736111111111,0.0
2023-10-28 18:00:00+00:00,216.25611111111112,216.25611111111112
2023-10-28 19:00:00+00:00,537.9425,537.9425
2023-10-28 20:00:00+00:00,1348.397222222222,1348.397222222222
2023-10-28 21:00:00+00:00,541.8502777777778,541.8502777777778
2023-10-28 22:00:00+00:00,580.8833333333333,580.8833333333333
2023-10-28 23:00:00+00:00,377.0777777777778,377.0777777777778
2023-10-29 01:00:00+00:00,687.0677777777778,687.0677777777778
2023-10-29 02:00:00+00:00,1652.1952777777778,1652.1952777777778
2023-10-29 03:00:00+00:00,452.19666666666666,452.19666666666666
2023-10-29 04:00:00+00:00,1534.7080555555556,1534.7080555555556
2023-10-29 05:00:00+00:00,498.955,0.0
2023-10-29 06:00:00+00:00,793.7180555555556,793.7180555555556
2023-10-29 07:00:00+00:00,413.6763888888889,413.6763888888889
2023-10-29 08:00:00+00:00,196.33388888888888,196.33388888888888
2023-10-29 09:00:00+00:00,688.4622222222222,688.4622222222222
2023-10-29 10:00:00+00:00,330.1711111111111,330.1711111111111
2023-10-29 11:00:00+00:00,175.07194444444443,175.07194444444443
2023-10-29 12:00:00+00:00,249.5630555555556,249.5630555555556
2023-10-29 13:00:00+00:00,342.5238888888889,342.5238888888889
2023-10-29 14:00:00+00:00,573.1408333333334,573.1408333333334
2023-10-29 15:00:00+00:00,1422.4016666666666,1422.4016666666666
2023-10-29 16:00:00+00:00,308.5830555555556,308.5830555555556
2023-10-29 17:00:00+00:00,906.5138888888888,906.5138888888888
2023-10-29 18:00:00+00:00,379.3952777777778,379.3952777777778
2023-10-29 19:00:00+00:00,733.5711111111111,733.5711111111111
2023-10-29 20:00:00+00:00,632.1494444444445,632.1494444444445
2023-10-29 21:00:00+00:00,885.3166666666667,885.3166666666667
2023-10-29 22:00:00+00:00,1160.925277777778,1160.925277777778
2023-10-29 23:00:00+00:00,239.3755555555556,239.3755555555556
2023-10-30 00:00:00+00:00,379.0888888888889,379.0888888888889
2023-10-30 01:00:00+00:00,238.04111111111112,238.04111111111112
2023-10-30 02:00:00+00:00,509.6555555555556,509.6555555555556
2023-10-30 03:00:00+00:00,494.6516666666666,494.6516666666666
2023-10-30 04:00:00+00:00,63141.40777777778,63141.40777777778
2023-10-30 05:00:00+00:00,453535.5533333333,453535.5533333333
2023-10-30 06:00:00+00:00,940876.0733333334,0.0
2023-10-30 07:00:00+00:00,483539.7630555556,0.0
2023-10-30 08:00:00+00:00,298680.10555555555,298680.10555555555
2023-10-30 09:00:00+00:00,283159.8425,0.0
2023-10-30 10:00:00+00:00,245250.44694444444,245250.44694444444
2023-10-30 11:00:00+00:00,229309.2813888889,229309.2813888889
2023-10-30 12:00:00+00:00,209311.9358333333,0.0
2023-10-30 13:00:00+00:00,152557.83083333334,152557.83083333334
2023-10-30 14:00:00+00:00,8051.623333333333,8051.623333333333
2023-10-30 15:00:00+00:00,4534.905555555555,0.0
2023-10-30 16:00:00+00:00,58626.68111111111,58626.68111111111
2023-10-30 17:00:00+00:00,40428.00777777778,40428.00777777778
2023-10-30 18:00:00+00:00,1332.2291666666667,1332.2291666666667
2023-10-30 19:00:00+00:00,5410.388611111112,0.0
2023-10-30 20:00:00+00:00,989.9905555555556,989.9905555555556
2023-10-30 21:00:00+00:00,513.3208333333333,0.0
2023-10-30 22:00:00+00:00,1042.4216666666666,1042.4216666666666
2023-10-30 23:00:00+00:00,1120.595,1120.595
2023-10-31 00:00:00+00:00,858.1530555555555,858.1530555555555
2023-10-31 01:00:00+00:00,1103.2016666666666,1103.2016666666666
2023-10-31 02:00:00+00:00,252.5994444444445,252.5994444444445
2023-10-31 03:00:00+00:00,1236.5327777777777,1236.5327777777777
2023-10-31 04:00:00+00:00,50248.86611111112,50248.86611111112
2023-10-31 05:00:00+00:00,249422.20166666663,249422.20166666663
2023-10-31 06:00:00+00:00,422337.8961111111,422337.8961111111
2023-10-31 07:00:00+00:00,485419.5941666667,0.0
2023-10-31 08:00:00+00:00,467290.01472222223,467290.01472222223
2023-10-31 09:00:00+00:00,360646.6886111112,360646.6886111112
2023-10-31 10:00:00+00:00,291100.5805555555,0.0
2023-10-31 11:00:00+00:00,279553.85083333333,0.0
2023-10-31 12:00:00+00:00,159424.07694444444,159424.07694444444
2023-10-31 13:00:00+00:00,92731.57527777778,92731.57527777778
2023-10-31 14:00:00+00:00,38910.800833333335,38910.800833333335
2023-10-31 15:00:00+00:00,230410.10083333333,230410.10083333333
2023-10-31 16:00:00+00:00,58997.89805555555,58997.89805555555
2023-10-31 17:00:00+00:00,533.9925,0.0
2023-10-31 18:00:00+00:00,593.8830555555555,593.8830555555555
2023-10-31 19:00:00+00:00,535.8116666666666,535.8116666666666
2023-10-31 20:00:00+00:00,540.5866666666667,0.0
2023-10-31 21:00:00+00:00,689.3502777777778,689.3502777777778
2023-10-31 22:00:00+00:00,2400.152777777778,2400.152777777778
2023-10-31 23:00:00+00:00,431.4475,431.4475
2023-11-01 00:00:00+00:00,183.57777777777775,0.0
2023-11-01 01:00:00+00:00,374.5469444444444,0.0
2023-11-01 02:00:00+00:00,503.4577777777778,503.4577777777778
2023-11-01 03:00:00+00:00,8050.278611111111,0.0
2023-11-01 04:00:00+00:00,50604.79861111111,50604.79861111111
2023-11-01 05:00:00+00:00,363718.37,363718.37
2023-11-01 06:00:00+00:00,316696.10527777777,316696.10527777777
2023-11-01 07:00:00+00:00,336628.8963888889,336628.8963888889
2023-11-01 08:00:00+00:00,357129.62388888886,357129.62388888886
2023-11-01 09:00:00+00:00,334614.42083333334,0.0
2023-11-01 10:00:00+00:00,326700.3261111111,326700.3261111111
2023-11-01 11:00:00+00:00,253735.89944444445,253735.89944444445
2023-11-01 12:00:00+00:00,350110.7086111111,350110.7086111111
2023-11-01 13:00:00+00:00,51167.18777777778,51167.18777777778
2023-11-01 14:00:00+00:00,34750.27333333333,34750.27333333333
2023-11-01 15:00:00+00:00,4021.975555555556,4021.975555555556
2023-11-01 16:00:00+00:00,18282.12444444445,0.0
2023-11-01 17:00:00+00:00,4465.668333333333,4465.668333333333
2023-11-01 18:00:00+00:00,1618.5441666666666,1618.5441666666666
2023-11-01 19:00:00+00:00,1142.516388888889,1142.516388888889
2023-11-01 20:00:00+00:00,1744.8444444444444,1744.8444444444444
2023-11-01 21:00:00+00:00,865.7194444444444,865.7194444444444
2023-11-01 22:00:00+00:00,41777.38722222222,41777.38722222222
2023-11-01 23:00:00+00:00,6926.435277777778,6926.435277777778
2023-11-02 00:00:00+00:00,1137.371111111111,1137.371111111111
2023-11-02 01:00:00+00:00,68465.06833333333,68465.06833333333
2023-11-02 02:00:00+00:00,1314.1047222222223,1314.1047222222223
2023-11-02 03:00:00+00:00,4243.909722222223,4243.909722222223
2023-11-02 04:00:00+00:00,100398.3375,100398.3375
2023-11-02 05:00:00+00:00,220462.62722222225,220462.62722222225
2023-11-02 06:00:00+00:00,385313.9158333333,385313.9158333333
2023-11-02 07:00:00+00:00,307266.70944444445,0.0
2023-11-02 08:00:00+00:00,268224.4041666667,268224.4041666667
2023-11-02 09:00:00+00:00,342078.6586111111,342078.6586111111
2023-11-02 10:00:00+00:00,364744.9558333333,364744.9558333333
2023-11-02 11:00:00+00:00,187342.8711111111,0.0
2023-11-02 12:00:00+00:00,198750.3380555556,198750.3380555556
2023-11-02 13:00:00+00:00,106062.90583333334,0.0
2023-11-02 14:00:00+00:00,25224.004166666666,0.0
2023-11-02 15:00:00+00:00,10057.53611111111,10057.53611111111
2023-11-02 16:00:00+00:00,2113.825,2113.825
2023-11-02 17:00:00+00:00,2858.9880555555555,2858.9880555555555
2023-11-02 18:00:00+00:00,3020.7097222222224,3020.7097222222224
2023-11-02 19:00:00+00:00,389.31,0.0
2023-11-02 20:00:00+00:00,386.8655555555556,386.8655555555556
2023-11-02 21:00:00+00:00,7560.666388888889,7560.666388888889
2023-11-02 22:00:00+00:00,1102.606388888889,1102.606388888889
2023-11-02 23:00:00+00:00,1148.8905555555557,1148.8905555555557
2023-11-03 00:00:00+00:00,6392.370277777778,6392.370277777778
2023-11-03 01:00:00+00:00,364.4830555555556,364.4830555555556
2023-11-03 02:00:00+00:00,749.2447222222222,749.2447222222222
2023-11-03 03:00:00+00:00,8731.538333333334,8731.538333333334
2023-11-03 04:00:00+00:00,81908.84861111111,81908.84861111111
2023-11-03 05:00:00+00:00,330048.82916666666,330048.82916666666
2023-11-03 06:00:00+00:00,273044.7030555556,273044.7030555556
2023-11-03 07:00:00+00:00,372049.2786111111,372049.2786111111
2023-11-03 08:00:00+00:00,285654.33972222224,0.0
2023-11-03 09:00:00+00:00,223564.9922222222,223564.9922222222
2023-11-03 10:00:00+00:00,210292.04027777776,210292.04027777776
2023-11-03 11:00:00+00:00,91740.47166666666,91740.47166666666
2023-11-03 12:00:00+00:00,12196.295277777775,12196.295277777775
2023-11-03 13:00:00+00:00,15391.754166666668,15391.754166666668
2023-11-03 14:00:00+00:00,2857.383611111111,2857.383611111111
2023-11-03 15:00:00+00:00,2444.3805555555555,2444.3805555555555
2023-11-03 16:00:00+00:00,155.65944444444443,155.65944444444443
2023-11-03 17:00:00+00:00,745.8141666666667,745.8141666666667
2023-11-03 18:00:00+00:00,311.8636111111111,311.8636111111111
2023-11-03 19:00:00+00:00,339.43694444444446,0.0
2023-11-03 20:00:00+00:00,93039.16777777778,0.0
2023-11-03 21:00:00+00:00,12033.191111111111,12033.191111111111
2023-11-03 22:00:00+00:00,585.5947222222222,585.5947222222222
2023-11-03 23:00:00+00:00,264.36805555555554,264.36805555555554
2023-11-04 00:00:00+00:00,408.81888888888886,408.81888888888886
2023-11-04 01:00:00+00:00,4819.703055555556,4819.703055555556
2023-11-04 02:00:00+00:00,3615.1213888888888,3615.1213888888888
2023-11-04 03:00:00+00:00,667.6075,667.6075
2023-11-04 04:00:00+00:00,408.3666666666667,0.0
2023-11-04 05:00:00+00:00,1798.2716666666668,1798.2716666666668
2023-11-04 06:00:00+00:00,541.3969444444444,541.3969444444444
2023-11-04 07:00:00+00:00,468.46972222222223,468.46972222222223
2023-11-04 08:00:00+00:00,139.4825,139.4825
2023-11-04 09:00:00+00:00,223.35972222222225,0.0
2023-11-04 10:00:00+00:00,222.00611111111112,222.00611111111112
2023-11-04 11:00:00+00:00,988.4477777777778,0.0
2023-11-04 12:00:00+00:00,1415.6522222222222,0.0
2023-11-04 13:00:00+00:00,231.07805555555555,231.07805555555555
2023-11-04 14:00:00+00:00,414.5158333333333,414.5158333333333
2023-11-04 15:00:00+00:00,429.6258333333333,429.6258333333333
2023-11-04 16:00:00+00:00,265.68638888888887,265.68638888888887
2023-11-04 17:00:00+00:00,193.64666666666668,193.64666666666668
2023-11-04 18:00:00+00:00,2787.7433333333333,2787.7433333333333
2023-11-04 19:00:00+00:00,200.0261111111111,0.0
2023-11-04 20:00:00+00:00,464.51972222222224,464.51972222222224
2023-11-04 21:00:00+00:00,297.43888888888887,297.43888888888887
2023-11-04 22:00:00+00:00,1168.8927777777778,1168.8927777777778
2023-11-04 23:00:00+00:00,147.24138888888888,0.0
2023-11-05 00:00:00+00:00,439.56305555555554,439.56305555555554
2023-11-05 01:00:00+00:00,229.56,229.56
2023-11-05 02:00:00+00:00,296.97777777777776,0.0
2023-11-05 03:00:00+00:00,492.5311111111111,492.5311111111111
2023-11-05 04:00:00+00:00,193.99916666666667,193.99916666666667
2023-11-05 05:00:00+00:00,587.4911111111111,587.4911111111111
2023-11-05 06:00:00+00:00,936.5405555555556,936.5405555555556
2023-11-05 07:00:00+00:00,950.7288888888888,950.7288888888888
2023-11-05 08:00:00+00:00,677.2105555555555,677.2105555555555
2023-11-05 09:00:00+00:00,541.7419444444445,541.7419444444445
2023-11-05 10:00:00+00:00,447.45916666666665,447.45916666666665
2023-11-05 11:00:00+00:00,718.3041666666667,718.3041666666667
2023-11-05 12:00:00+00:00,469.9636111111111,469.9636111111111
2023-11-05 13:00:00+00:00,649.6002777777778,649.6002777777778
2023-11-05 14:00:00+00:00,374.69138888888887,374.69138888888887
2023-11-05 15:00:00+00:00,304.0986111111111,0.0
2023-11-05 16:00:00+00:00,219.4983333333333,0.0
2023-11-05 17:00:00+00:00,455.39972222222224,455.39972222222224
2023-11-05 18:00:00+00:00,428.31111111111113,428.31111111111113
2023-11-05 19:00:00+00:00,256.45944444444444,256.45944444444444
2023-11-05 20:00:00+00:00,227.5311111111111,227.5311111111111
2023-11-05 21:00:00+00:00,455.5908333333333,455.5908333333333
2023-11-05 22:00:00+00:00,1143.8983333333333,1143.8983333333333
2023-11-05 23:00:00+00:00,14198.657777777778,0.0
2023-11-06 00:00:00+00:00,1193.1238888888888,1193.1238888888888
2023-11-06 01:00:00+00:00,1606.846388888889,1606.846388888889
2023-11-06 02:00:00+00:00,532.8013888888889,532.8013888888889
2023-11-06 03:00:00+00:00,2624.275,2624.275
2023-11-06 04:00:00+00:00,72175.51055555555,72175.51055555555
2023-11-06 05:00:00+00:00,402045.5188888889,402045.5188888889
2023-11-06 06:00:00+00:00,398364.9147222222,398364.9147222222
2023-11-06 07:00:00+00:00,397031.3705555556,0.0
2023-11-06 08:00:00+00:00,294108.8275,294108.8275
2023-11-06 09:00:00+00:00,309584.91305555555,0.0
2023-11-06 10:00:00+00:00,364697.1852777778,364697.1852777778
2023-11-06 11:00:00+00:00,189722.81666666668,0.0
2023-11-06 12:00:00+00:00,175881.54472222223,175881.54472222223
2023-11-06 13:00:00+00:00,199581.16972222223,199581.16972222223
2023-11-06 14:00:00+00:00,47773.94666666666,47773.94666666666
2023-11-06 15:00:00+00:00,8825.3,8825.3
2023-11-06 16:00:00+00:00,18749.061388888887,18749.061388888887
2023-11-06 17:00:00+00:00,16078.341944444444,16078.341944444444
2023-11-06 18:00:00+00:00,1581.6327777777778,1581.6327777777778
2023-11-06 19:00:00+00:00,8960.201111111111,8960.201111111111
2023-11-06 20:00:00+00:00,799.1494444444445,799.1494444444445
2023-11-06 21:00:00+00:00,778.2705555555556,778.2705555555556
2023-11-06 22:00:00+00:00,1850.9586111111112,1850.9586111111112
2023-11-06 23:00:00+00:00,391.0761111111111,391.0761111111111
2023-11-07 00:00:00+00:00,1112.305833333333,1112.305833333333
2023-11-07 01:00:00+00:00,741.5116666666667,741.5116666666667
2023-11-07 02:00:00+00:00,115828.80805555556,115828.80805555556
2023-11-07 03:00:00+00:00,25855.077777777777,25855.077777777777
2023-11-07 04:00:00+00:00,29116.334166666667,29116.334166666667
2023-11-07 05:00:00+00:00,293375.0830555556,293375.0830555556
2023-11-07 06:00:00+00:00,270052.51972222223,270052.51972222223
2023-11-07 07:00:00+00:00,395152.0313888889,0.0
2023-11-07 08:00:00+00:00,622167.4980555555,622167.4980555555
2023-11-07 09:00:00+00:00,279883.1377777778,279883.1377777778
2023-11-07 10:00:00+00:00,201167.47805555555,201167.47805555555
2023-11-07 11:00:00+00:00,301129.5580555556,301129.5580555556
2023-11-07 12:00:00+00:00,131841.42166666666,131841.42166666666
2023-11-07 13:00:00+00:00,181665.11583333332,181665.11583333332
2023-11-07 14:00:00+00:00,39257.35,39257.35
2023-11-07 15:00:00+00:00,8239.493055555555,8239.493055555555
2023-11-07 16:00:00+00:00,7971.769722222222,7971.769722222222
2023-11-07 17:00:00+00:00,753.6722222222222,753.6722222222222
2023-11-07 18:00:00+00:00,2688.071111111111,2688.071111111111
2023-11-07 19:00:00+00:00,773.8419444444445,773.8419444444445
2023-11-07 20:00:00+00:00,471.8977777777778,0.0
2023-11-07 21:00:00+00:00,1977.7283333333328,1977.7283333333328
2023-11-07 22:00:00+00:00,1004.6375,0.0
2023-11-07 23:00:00+00:00,355.7311111111111,355.7311111111111
2023-11-08 00:00:00+00:00,585.7194444444444,585.7194444444444
2023-11-08 01:00:00+00:00,6276.865,6276.865
2023-11-08 02:00:00+00:00,1798.731388888889,1798.731388888889
2023-11-08 03:00:00+00:00,4441.970833333334,0.0
2023-11-08 04:00:00+00:00,37755.8775,37755.8775
2023-11-08 05:00:00+00:00,350014.63444444444,0.0
2023-11-08 06:00:00+00:00,356611.12388888886,0.0
2023-11-08 07:00:00+00:00,435983.0866666666,435983.0866666666
2023-11-08 08:00:00+00:00,331807.3780555556,0.0
2023-11-08 09:00:00+00:00,287632.7680555555,287632.7680555555
2023-11-08 10:00:00+00:00,332770.4552777778,332770.4552777778
2023-11-08 11:00:00+00:00,241197.9972222222,241197.9972222222
2023-11-08 12:00:00+00:00,165542.66888888887,0.0
2023-11-08 13:00:00+00:00,91107.93388888887,0.0
2023-11-08 14:00:00+00:00,30940.54527777778,30940.54527777778
2023-11-08 15:00:00+00:00,35558.02555555556,0.0
2023-11-08 16:00:00+00:00,18882.660555555554,18882.660555555554
2023-11-08 17:00:00+00:00,7888.151111111111,7888.151111111111
2023-11-08 18:00:00+00:00,3471.1669444444447,3471.1669444444447
2023-11-08 19:00:00+00:00,415.53833333333336,415.53833333333336
2023-11-08 20:00:00+00:00,8759.066944444445,8759.066944444445
2023-11-08 21:00:00+00:00,898.8730555555555,0.0
2023-11-08 22:00:00+00:00,698.8202777777777,0.0
2023-11-08 23:00:00+00:00,1151.5008333333333,1151.5008333333333
2023-11-09 00:00:00+00:00,1246.7116666666666,0.0
2023-11-09 01:00:00+00:00,684.0891666666666,684.0891666666666
2023-11-09 02:00:00+00:00,20150.38,20150.38
2023-11-09 03:00:00+00:00,724.4308333333333,724.4308333333333
2023-11-09 04:00:00+00:00,79480.54555555555,79480.54555555555
2023-11-09 05:00:00+00:00,305051.64916666667,305051.64916666667
2023-11-09 06:00:00+00:00,286278.1041666667,286278.1041666667
2023-11-09 07:00:00+00:00,407049.6636111111,407049.6636111111
2023-11-09 08:00:00+00:00,189025.5977777778,189025.5977777778
2023-11-09 09:00:00+00:00,269724.33694444445,269724.33694444445
2023-11-09 10:00:00+00:00,381618.6030555556,381618.6030555556
2023-11-09 11:00:00+00:00,222935.73166666663,222935.73166666663
2023-11-09 12:00:00+00:00,186583.23444444445,186583.23444444445
2023-11-09 13:00:00+00:00,77295.49666666667,77295.49666666667
2023-11-09 14:00:00+00:00,7688.544444444445,7688.544444444445
2023-11-09 15:00:00+00:00,9320.175833333333,0.0
2023-11-09 16:00:00+00:00,303.8636111111111,303.8636111111111
2023-11-09 17:00:00+00:00,390.7561111111111,390.7561111111111
2023-11-09 18:00:00+00:00,961.3380555555556,0.0
2023-11-09 19:00:00+00:00,670.4741666666666,0.0
2023-11-09 20:00:00+00:00,287.7361111111111,0.0
2023-11-09 21:00:00+00:00,555.4419444444444,555.4419444444444
2023-11-09 22:00:00+00:00,2357.056111111111,0.0
2023-11-09 23:00:00+00:00,428.50305555555553,0.0
2023-11-10 00:00:00+00:00,64804.62055555556,0.0
2023-11-10 01:00:00+00:00,1299.1441666666667,0.0
2023-11-10 02:00:00+00:00,941.5941666666666,941.5941666666666
2023-11-10 03:00:00+00:00,1324.9375,1324.9375
2023-11-10 04:00:00+00:00,73239.32333333333,73239.32333333333
2023-11-10 05:00:00+00:00,710903.6097222222,710903.6097222222
2023-11-10 06:00:00+00:00,347227.50166666665,347227.50166666665
2023-11-10 07:00:00+00:00,424347.3744444444,0.0
2023-11-10 08:00:00+00:00,322789.04027777776,322789.04027777776
2023-11-10 09:00:00+00:00,269463.83222222223,269463.83222222223
2023-11-10 10:00:00+00:00,305367.1852777778,0.0
2023-11-10 11:00:00+00:00,63160.458333333336,63160.458333333336
2023-11-10 12:00:00+00:00,11272.621944444443,11272.621944444443
2023-11-10 13:00:00+00:00,35464.055,35464.055
2023-11-10 14:00:00+00:00,12119.346111111112,12119.346111111112
2023-11-10 15:00:00+00:00,4434.703333333333,4434.703333333333
2023-11-10 16:00:00+00:00,1180.0891666666666,1180.0891666666666
2023-11-10 17:00:00+00:00,709.9058333333334,709.9058333333334
2023-11-10 18:00:00+00:00,19917.961666666662,19917.961666666662
2023-11-10 19:00:00+00:00,771.8208333333333,771.8208333333333
2023-11-10 20:00:00+00:00,275.4461111111111,275.4461111111111
2023-11-10 21:00:00+00:00,422.905,422.905
2023-11-10 22:00:00+00:00,651.0297222222222,651.0297222222222
2023-11-10 23:00:00+00:00,536.9147222222222,536.9147222222222
2023-11-11 00:00:00+00:00,402.0805555555556,402.0805555555556
2023-11-11 01:00:00+00:00,5510.433055555555,5510.433055555555
2023-11-11 02:00:00+00:00,1034.3766666666668,0.0
2023-11-11 03:00:00+00:00,329.02666666666664,0.0
2023-11-11 04:00:00+00:00,537.0480555555556,537.0480555555556
2023-11-11 05:00:00+00:00,2058.3225,0.0
2023-11-11 06:00:00+00:00,355.7586111111111,0.0
2023-11-11 07:00:00+00:00,1261.0616666666667,1261.0616666666667
2023-11-11 08:00:00+00:00,429.0108333333333,429.0108333333333
2023-11-11 09:00:00+00:00,446.61944444444447,446.61944444444447
2023-11-11 10:00:00+00:00,561.3666666666667,561.3666666666667
2023-11-11 11:00:00+00:00,961.4425,961.4425
2023-11-11 12:00:00+00:00,492.4605555555556,492.4605555555556
2023-11-11 13:00:00+00:00,267.8961111111111,0.0
2023-11-11 14:00:00+00:00,442.3591666666667,0.0
2023-11-11 15:00:00+00:00,155.49194444444444,155.49194444444444
2023-11-11 16:00:00+00:00,297.48305555555555,0.0
2023-11-11 17:00:00+00:00,346.34472222222223,346.34472222222223
2023-11-11 18:00:00+00:00,435.1436111111111,435.1436111111111
2023-11-11 19:00:00+00:00,1008.3369444444444,0.0
2023-11-11 20:00:00+00:00,214.05194444444444,0.0
2023-11-11 21:00:00+00:00,180.14305555555555,180.14305555555555
2023-11-11 22:00:00+00:00,411.3030555555556,411.3030555555556
2023-11-11 23:00:00+00:00,367.25638888888886,0.0
2023-11-12 00:00:00+00:00,218.19972222222225,218.19972222222225
2023-11-12 01:00:00+00:00,322.9386111111112,322.9386111111112
2023-11-12 02:00:00+00:00,304.5622222222222,304.5622222222222
2023-11-12 03:00:00+00:00,344.50166666666667,344.50166666666667
2023-11-12 04:00:00+00:00,506.8555555555556,506.8555555555556
2023-11-12 05:00:00+00:00,323.5697222222222,0.0
2023-11-12 06:00:00+00:00,1019.135,1019.135
2023-11-12 07:00:00+00:00,656.5005555555556,656.5005555555556
2023-11-12 08:00:00+00:00,666.5269444444444,666.5269444444444
2023-11-12 09:00:00+00:00,677.0130555555555,677.0130555555555
2023-11-12 10:00:00+00:00,280.8836111111111,0.0
2023-11-12 11:00:00+00:00,312.3436111111111,312.3436111111111
2023-11-12 12:00:00+00:00,936.0011111111112,936.0011111111112
2023-11-12 13:00:00+00:00,2314.6866666666665,2314.6866666666665
2023-11-12 14:00:00+00:00,625.7186111111112,625.7186111111112
2023-11-12 15:00:00+00:00,399.12694444444446,399.12694444444446
2023-11-12 16:00:00+00:00,345.4213888888889,345.4213888888889
2023-11-12 17:00:00+00:00,841.1027777777778,841.1027777777778
2023-11-12 18:00:00+00:00,253.14638888888888,253.14638888888888
2023-11-12 19:00:00+00:00,460.6622222222222,460.6622222222222
2023-11-12 20:00:00+00:00,186.09833333333333,186.09833333333333
2023-11-12 21:00:00+00:00,485.62666666666667,485.62666666666667
2023-11-12 22:00:00+00:00,966.4116666666666,966.4116666666666
2023-11-12 23:00:00+00:00,871.5544444444445,871.5544444444445
2023-11-13 00:00:00+00:00,892.5308333333334,892.5308333333334
2023-11-13 01:00:00+00:00,397.9619444444445,0.0
2023-11-13 02:00:00+00:00,495.57916666666665,495.57916666666665
2023-11-13 03:00:00+00:00,5782.249444444445,5782.249444444445
2023-11-13 04:00:00+00:00,40629.41138888889,40629.41138888889
2023-11-13 05:00:00+00:00,255355.13861111112,0.0
2023-11-13 06:00:00+00:00,386619.1491666666,386619.1491666666
2023-11-13 07:00:00+00:00,438385.7477777778,438385.7477777778
2023-11-13 08:00:00+00:00,198317.67361111112,198317.67361111112
2023-11-13 09:00:00+00:00,291485.2216666667,0.0
2023-11-13 10:00:00+00:00,230310.0830555556,230310.0830555556
2023-11-13 11:00:00+00:00,264303.6125,0.0
2023-11-13 12:00:00+00:00,186649.81694444444,0.0
2023-11-13 13:00:00+00:00,124298.60972222222,124298.60972222222
2023-11-13 14:00:00+00:00,37159.47138888889,37159.47138888889
2023-11-13 15:00:00+00:00,3606.176111111111,3606.176111111111
2023-11-13 16:00:00+00:00,38703.76805555556,38703.76805555556
2023-11-13 17:00:00+00:00,18171.319444444445,18171.319444444445
2023-11-13 18:00:00+00:00,1693.618888888889,1693.618888888889
2023-11-13 19:00:00+00:00,76303.66888888889,76303.66888888889
2023-11-13 20:00:00+00:00,615.2586111111111,615.2586111111111
2023-11-13 21:00:00+00:00,207.2863888888889,207.2863888888889
2023-11-13 22:00:00+00:00,1221.8722222222225,1221.8722222222225
2023-11-13 23:00:00+00:00,487.2275,487.2275
2023-11-14 00:00:00+00:00,289.4813888888889,289.4813888888889
2023-11-14 01:00:00+00:00,259.1716666666667,0.0
2023-11-14 02:00:00+00:00,222.1125,222.1125
2023-11-14 03:00:00+00:00,2860.714166666666,2860.714166666666
2023-11-14 04:00:00+00:00,46231.31888888889,46231.31888888889
2023-11-14 05:00:00+00:00,224822.69472222225,0.0
2023-11-14 06:00:00+00:00,307985.8675,307985.8675
2023-11-14 07:00:00+00:00,627132.2783333333,627132.2783333333
2023-11-14 08:00:00+00:00,377706.32,0.0
2023-11-14 09:00:00+00:00,268178.70722222223,268178.70722222223
2023-11-14 10:00:00+00:00,240084.04305555555,240084.04305555555
2023-11-14 11:00:00+00:00,249994.54638888888,249994.54638888888
2023-11-14 12:00:00+00:00,198366.08,198366.08
2023-11-14 13:00:00+00:00,115784.43055555556,115784.43055555556
2023-11-14 14:00:00+00:00,39119.13361111111,39119.13361111111
2023-11-14 15:00:00+00:00,15949.116944444444,15949.116944444444
2023-11-14 16:00:00+00:00,12464.743888888888,12464.743888888888
2023-11-14 17:00:00+00:00,6743.3975,6743.3975
2023-11-14 18:00:00+00:00,20070.930555555555,20070.930555555555
2023-11-14 19:00:00+00:00,14971.650555555556,14971.650555555556
2023-11-14 20:00:00+00:00,11602.021111111111,11602.021111111111
2023-11-14 21:00:00+00:00,7158.448888888889,0.0
2023-11-14 22:00:00+00:00,376.2052777777778,376.2052777777778
2023-11-14 23:00:00+00:00,681.3936111111111,681.3936111111111
2023-11-15 00:00:00+00:00,510.1011111111111,0.0
2023-11-15 01:00:00+00:00,1176.1641666666667,0.0
2023-11-15 02:00:00+00:00,281.76194444444445,281.76194444444445
2023-11-15 03:00:00+00:00,1713.0933333333332,1713.0933333333332
2023-11-15 04:00:00+00:00,146911.34972222222,146911.34972222222
2023-11-15 05:00:00+00:00,525381.9847222222,525381.9847222222
2023-11-15 06:00:00+00:00,674220.5694444445,0.0
2023-11-15 07:00:00+00:00,525892.6386111111,525892.6386111111
2023-11-15 08:00:00+00:00,422035.37888888887,422035.37888888887
2023-11-15 09:00:00+00:00,227618.01,227618.01
2023-11-15 10:00:00+00:00,288932.5580555556,288932.5580555556
2023-11-15 11:00:00+00:00,319635.3438888889,0.0
2023-11-15 12:00:00+00:00,100158.45472222222,100158.45472222222
2023-11-15 13:00:00+00:00,121171.7038888889,121171.7038888889
2023-11-15 14:00:00+00:00,47502.08416666667,47502.08416666667
2023-11-15 15:00:00+00:00,27990.799444444445,0.0
2023-11-15 16:00:00+00:00,2443.460833333333,2443.460833333333
2023-11-15 17:00:00+00:00,3104.4533333333334,3104.4533333333334
2023-11-15 18:00:00+00:00,925.7238888888888,925.7238888888888
2023-11-15 19:00:00+00:00,622.92,622.92
2023-11-15 20:00:00+00:00,1071.7219444444445,0.0
2023-11-15 21:00:00+00:00,23138.543611111112,23138.543611111112
2023-11-15 22:00:00+00:00,12774.048055555557,12774.048055555557
2023-11-15 23:00:00+00:00,1049.1330555555555,1049.1330555555555
2023-11-16 00:00:00+00:00,7639.9025,7639.9025
2023-11-16 01:00:00+00:00,889.5825,889.5825
2023-11-16 02:00:00+00:00,1470.6975,1470.6975
2023-11-16 03:00:00+00:00,8348.696944444444,8348.696944444444
2023-11-16 04:00:00+00:00,113470.06138888888,113470.06138888888
2023-11-16 05:00:00+00:00,532063.8311111111,0.0
2023-11-16 06:00:00+00:00,555877.2819444444,0.0
2023-11-16 07:00:00+00:00,537819.8127777778,537819.8127777778
2023-11-16 08:00:00+00:00,425654.8986111111,425654.8986111111
2023-11-16 09:00:00+00:00,621496.545,0.0
2023-11-16 10:00:00+00:00,722842.6472222222,722842.6472222222
2023-11-16 11:00:00+00:00,328051.7375,328051.7375
2023-11-16 12:00:00+00:00,83772.22111111111,83772.22111111111
2023-11-16 13:00:00+00:00,100274.71777777778,0.0
2023-11-16 14:00:00+00:00,133529.4725,133529.4725
2023-11-16 15:00:00+00:00,214062.22055555557,0.0
2023-11-16 16:00:00+00:00,10854.524166666666,10854.524166666666
2023-11-16 17:00:00+00:00,12015.465,12015.465
2023-11-16 18:00:00+00:00,2423.3580555555554,2423.3580555555554
2023-11-16 19:00:00+00:00,2200.777777777778,2200.777777777778
2023-11-16 20:00:00+00:00,586.1005555555555,586.1005555555555
2023-11-16 21:00:00+00:00,846.7083333333334,846.7083333333334
2023-11-16 22:00:00+00:00,1727.1516666666666,1727.1516666666666
2023-11-16 23:00:00+00:00,985.7266666666668,985.7266666666668
2023-11-17 00:00:00+00:00,36474.97472222222,36474.97472222222
2023-11-17 01:00:00+00:00,1090.1066666666666,1090.1066666666666
2023-11-17 02:00:00+00:00,1174.7955555555557,0.0
2023-11-17 03:00:00+00:00,996.9894444444444,996.9894444444444
2023-11-17 04:00:00+00:00,6502.987222222222,0.0
2023-11-17 05:00:00+00:00,798.5919444444445,798.5919444444445
2023-11-17 06:00:00+00:00,1319.1625,1319.1625
2023-11-17 07:00:00+00:00,4803.298055555556,0.0
2023-11-17 08:00:00+00:00,263097.485,263097.485
2023-11-17 09:00:00+00:00,6488.856388888889,6488.856388888889
2023-11-17 10:00:00+00:00,2584.7477777777776,2584.7477777777776
2023-11-17 11:00:00+00:00,987.3480555555556,987.3480555555556
2023-11-17 12:00:00+00:00,1510.6763888888888,1510.6763888888888
2023-11-17 13:00:00+00:00,1430.3408333333334,1430.3408333333334
2023-11-17 14:00:00+00:00,20069.05583333333,20069.05583333333
2023-11-17 15:00:00+00:00,9439.11,9439.11
2023-11-17 16:00:00+00:00,1500.168888888889,1500.168888888889
2023-11-17 17:00:00+00:00,2370.583888888889,2370.583888888889
2023-11-17 18:00:00+00:00,1610.1638888888888,0.0
2023-11-17 19:00:00+00:00,1662.2958333333331,1662.2958333333331
2023-11-17 20:00:00+00:00,5475.786111111112,5475.786111111112
2023-11-17 21:00:00+00:00,1398.8719444444444,1398.8719444444444
2023-11-17 22:00:00+00:00,2407.915,2407.915
2023-11-17 23:00:00+00:00,1283.4705555555556,1283.4705555555556
2023-11-18 00:00:00+00:00,730.7930555555556,730.7930555555556
2023-11-18 01:00:00+00:00,1797.831111111111,1797.831111111111
2023-11-18 02:00:00+00:00,936.4202777777778,936.4202777777778
2023-11-18 03:00:00+00:00,1605.808611111111,0.0
2023-11-18 04:00:00+00:00,897.0536111111111,0.0
2023-11-18 05:00:00+00:00,919.7255555555556,919.7255555555556
2023-11-18 06:00:00+00:00,19954.545833333334,19954.545833333334
2023-11-18 07:00:00+00:00,1634.9255555555555,1634.9255555555555
2023-11-18 08:00:00+00:00,2780.9408333333336,0.0
2023-11-18 09:00:00+00:00,1866.371111111111,1866.371111111111
2023-11-18 10:00:00+00:00,2373.6169444444445,2373.6169444444445
2023-11-18 11:00:00+00:00,1838.5141666666664,1838.5141666666664
2023-11-18 12:00:00+00:00,1290.028611111111,0.0
2023-11-18 13:00:00+00:00,1236.4022222222222,0.0
2023-11-18 14:00:00+00:00,874.655,874.655
2023-11-18 15:00:00+00:00,547.4269444444444,547.4269444444444
2023-11-18 16:00:00+00:00,537.3966666666666,537.3966666666666
2023-11-18 17:00:00+00:00,757.6722222222222,757.6722222222222
2023-11-18 18:00:00+00:00,1231.2825,1231.2825
2023-11-18 19:00:00+00:00,1339.7333333333331,1339.7333333333331
2023-11-18 20:00:00+00:00,1241.4969444444444,0.0
2023-11-18 21:00:00+00:00,4817.511111111111,4817.511111111111
2023-11-18 22:00:00+00:00,69305.2486111111,69305.2486111111
2023-11-18 23:00:00+00:00,1224.4769444444444,1224.4769444444444
2023-11-19 00:00:00+00:00,79445.69805555555,79445.69805555555
2023-11-19 01:00:00+00:00,957.7133333333334,0.0
2023-11-19 02:00:00+00:00,625.2663888888889,625.2663888888889
2023-11-19 03:00:00+00:00,782.0408333333334,782.0408333333334
2023-11-19 04:00:00+00:00,1154.6355555555556,0.0
2023-11-19 05:00:00+00:00,1086.5052777777778,1086.5052777777778
2023-11-19 06:00:00+00:00,2003.0905555555555,2003.0905555555555
2023-11-19 07:00:00+00:00,1376.33,1376.33
2023-11-19 08:00:00+00:00,5390.92,5390.92
2023-11-19 09:00:00+00:00,3836.6525,3836.6525
2023-11-19 10:00:00+00:00,1183.0755555555556,1183.0755555555556
2023-11-19 11:00:00+00:00,1050.753333333333,1050.753333333333
2023-11-19 12:00:00+00:00,955.6738888888888,955.6738888888888
2023-11-19 13:00:00+00:00,1135.2183333333332,1135.2183333333332
2023-11-19 14:00:00+00:00,489.2605555555556,0.0
2023-11-19 15:00:00+00:00,658.8944444444444,658.8944444444444
2023-11-19 16:00:00+00:00,463.71527777777777,463.71527777777777
2023-11-19 17:00:00+00:00,904.4783333333334,0.0
2023-11-19 18:00:00+00:00,758.4608333333333,758.4608333333333
2023-11-19 19:00:00+00:00,850.4422222222222,0.0
2023-11-19 20:00:00+00:00,588.1902777777777,0.0
2023-11-19 21:00:00+00:00,633.1438888888889,633.1438888888889
2023-11-19 22:00:00+00:00,5237.5888888888885,5237.5888888888885
2023-11-19 23:00:00+00:00,668.5636111111111,668.5636111111111
2023-11-20 00:00:00+00:00,4068.631666666666,4068.631666666666
2023-11-20 01:00:00+00:00,2437.552222222222,2437.552222222222
2023-11-20 02:00:00+00:00,711.5494444444445,711.5494444444445
2023-11-20 03:00:00+00:00,6237.698888888889,6237.698888888889
2023-11-20 04:00:00+00:00,169112.73722222223,169112.73722222223
2023-11-20 05:00:00+00:00,528693.6905555555,528693.6905555555
2023-11-20 06:00:00+00:00,657168.6425,657168.6425
2023-11-20 07:00:00+00:00,643412.1163888889,643412.1163888889
2023-11-20 08:00:00+00:00,358532.035,0.0
2023-11-20 09:00:00+00:00,342991.34055555554,342991.34055555554
2023-11-20 10:00:00+00:00,209939.3336111111,209939.3336111111
2023-11-20 11:00:00+00:00,347579.395,0.0
2023-11-20 12:00:00+00:00,389740.1147222222,389740.1147222222
2023-11-20 13:00:00+00:00,117588.57083333332,117588.57083333332
2023-11-20 14:00:00+00:00,29041.50305555556,29041.50305555556
2023-11-20 15:00:00+00:00,44840.30972222222,44840.30972222222
2023-11-20 16:00:00+00:00,10296.43638888889,10296.43638888889
2023-11-20 17:00:00+00:00,19147.72888888889,19147.72888888889
2023-11-20 18:00:00+00:00,16039.863611111112,16039.863611111112
2023-11-20 19:00:00+00:00,25324.234166666665,25324.234166666665
2023-11-20 20:00:00+00:00,463.8147222222222,463.8147222222222
2023-11-20 21:00:00+00:00,609.6841666666667,609.6841666666667
2023-11-20 22:00:00+00:00,537.8197222222223,537.8197222222223
2023-11-20 23:00:00+00:00,791.74,791.74
2023-11-21 00:00:00+00:00,439.0597222222222,439.0597222222222
2023-11-21 01:00:00+00:00,576.7988888888889,576.7988888888889
2023-11-21 02:00:00+00:00,1413.2283333333332,1413.2283333333332
2023-11-21 03:00:00+00:00,756.1502777777778,756.1502777777778
2023-11-21 04:00:00+00:00,80519.45805555556,80519.45805555556
2023-11-21 05:00:00+00:00,750247.4175,750247.4175
2023-11-21 06:00:00+00:00,551609.2608333334,551609.2608333334
2023-11-21 07:00:00+00:00,592464.1066666667,592464.1066666667
2023-11-21 08:00:00+00:00,397974.3269444445,0.0
2023-11-21 09:00:00+00:00,432568.53305555554,0.0
2023-11-21 10:00:00+00:00,674876.7244444444,674876.7244444444
2023-11-21 11:00:00+00:00,400748.9197222222,400748.9197222222
2023-11-21 12:00:00+00:00,196475.01,196475.01
2023-11-21 13:00:00+00:00,130200.19361111111,0.0
2023-11-21 14:00:00+00:00,14273.968333333334,14273.968333333334
2023-11-21 15:00:00+00:00,110985.93,0.0
2023-11-21 16:00:00+00:00,61220.52777777778,61220.52777777778
2023-11-21 17:00:00+00:00,364.1047222222222,364.1047222222222
2023-11-21 18:00:00+00:00,381.84277777777777,381.84277777777777
2023-11-21 19:00:00+00:00,529.7652777777778,529.7652777777778
2023-11-21 20:00:00+00:00,868.9097222222222,0.0
2023-11-21 21:00:00+00:00,1730.532222222222,1730.532222222222
2023-11-21 22:00:00+00:00,1113.0538888888889,0.0
2023-11-21 23:00:00+00:00,432.8544444444444,432.8544444444444
2023-11-22 00:00:00+00:00,4429.606666666667,4429.606666666667
2023-11-22 01:00:00+00:00,851.6997222222222,851.6997222222222
2023-11-22 02:00:00+00:00,906.7058333333332,906.7058333333332
2023-11-22 03:00:00+00:00,4576.645,4576.645
2023-11-22 04:00:00+00:00,133603.0377777778,133603.0377777778
2023-11-22 05:00:00+00:00,579265.1230555555,579265.1230555555
2023-11-22 06:00:00+00:00,741007.7686111111,741007.7686111111
2023-11-22 07:00:00+00:00,680371.9880555555,680371.9880555555
2023-11-22 08:00:00+00:00,605516.2766666666,605516.2766666666
2023-11-22 09:00:00+00:00,416006.9136111111,416006.9136111111
2023-11-22 10:00:00+00:00,480968.8386111111,480968.8386111111
2023-11-22 11:00:00+00:00,595008.5547222223,595008.5547222223
2023-11-22 12:00:00+00:00,297423.54555555555,297423.54555555555
2023-11-22 13:00:00+00:00,144866.32944444445,0.0
2023-11-22 14:00:00+00:00,98095.51388888888,98095.51388888888
2023-11-22 15:00:00+00:00,48291.54388888889,48291.54388888889
2023-11-22 16:00:00+00:00,7378.356666666667,7378.356666666667
2023-11-22 17:00:00+00:00,359.7391666666667,359.7391666666667
2023-11-22 18:00:00+00:00,35296.26138888889,35296.26138888889
2023-11-22 19:00:00+00:00,565.3116666666666,565.3116666666666
2023-11-22 20:00:00+00:00,391.82194444444445,391.82194444444445
2023-11-22 21:00:00+00:00,583878.0144444444,583878.0144444444
2023-11-22 22:00:00+00:00,833025.9677777778,833025.9677777778
2023-11-22 23:00:00+00:00,640089.1508333334,640089.1508333334
2023-11-23 00:00:00+00:00,57055.255,57055.255
2023-11-23 01:00:00+00:00,241837.9,241837.9
2023-11-23 02:00:00+00:00,500.9005555555556,500.9005555555556
2023-11-23 03:00:00+00:00,9498.578611111112,9498.578611111112
2023-11-23 04:00:00+00:00,128888.02833333334,128888.02833333334
2023-11-23 05:00:00+00:00,898059.7472222223,898059.7472222223
2023-11-23 06:00:00+00:00,441781.6944444445,441781.6944444445
2023-11-23 07:00:00+00:00,443385.1163888889,443385.1163888889
2023-11-23 08:00:00+00:00,616733.7866666666,616733.7866666666
2023-11-23 09:00:00+00:00,312432.0752777778,312432.0752777778
2023-11-23 10:00:00+00:00,746168.3011111111,746168.3011111111
2023-11-23 11:00:00+00:00,619324.9072222222,619324.9072222222
2023-11-23 12:00:00+00:00,372585.7116666666,372585.7116666666
2023-11-23 13:00:00+00:00,283631.26416666666,283631.26416666666
2023-11-23 14:00:00+00:00,28342.40555555556,28342.40555555556
2023-11-23 15:00:00+00:00,17902.61611111111,17902.61611111111
2023-11-23 16:00:00+00:00,5076.731666666667,5076.731666666667
2023-11-23 17:00:00+00:00,47740.16583333333,47740.16583333333
2023-11-23 18:00:00+00:00,1492.0333333333333,1492.0333333333333
2023-11-23 19:00:00+00:00,359.4825,359.4825
2023-11-23 20:00:00+00:00,256.0466666666667,0.0
2023-11-23 21:00:00+00:00,3765.58,0.0
2023-11-23 22:00:00+00:00,481.5938888888889,481.5938888888889
2023-11-23 23:00:00+00:00,844.7027777777778,844.7027777777778
2023-11-24 00:00:00+00:00,3476.663888888889,3476.663888888889
2023-11-24 01:00:00+00:00,485.315,0.0
2023-11-24 02:00:00+00:00,541.2763888888888,541.2763888888888
2023-11-24 03:00:00+00:00,493.2686111111111,0.0
2023-11-24 04:00:00+00:00,142619.175,142619.175
2023-11-24 05:00:00+00:00,465418.9911111111,465418.9911111111
2023-11-24 06:00:00+00:00,527853.8491666666,0.0
2023-11-24 07:00:00+00:00,553483.0191666667,0.0
2023-11-24 08:00:00+00:00,489943.6361111111,489943.6361111111
2023-11-24 09:00:00+00:00,563670.6361111111,563670.6361111111
2023-11-24 10:00:00+00:00,458751.2108333333,458751.2108333333
2023-11-24 11:00:00+00:00,84187.06333333334,84187.06333333334
2023-11-24 12:00:00+00:00,61326.008055555554,0.0
2023-11-24 13:00:00+00:00,4173.976388888889,0.0
2023-11-24 14:00:00+00:00,1485.0505555555555,1485.0505555555555
2023-11-24 15:00:00+00:00,268.1591666666667,268.1591666666667
2023-11-24 16:00:00+00:00,2817.4630555555555,2817.4630555555555
2023-11-24 17:00:00+00:00,1114.2619444444445,1114.2619444444445
2023-11-24 18:00:00+00:00,74214.33388888888,0.0
2023-11-24 19:00:00+00:00,732.3927777777777,732.3927777777777
2023-11-24 20:00:00+00:00,274.42583333333334,0.0
2023-11-24 21:00:00+00:00,315.7713888888889,315.7713888888889
2023-11-24 22:00:00+00:00,875.8013888888889,875.8013888888889
2023-11-24 23:00:00+00:00,514.5333333333333,514.5333333333333
2023-11-25 00:00:00+00:00,431.6897222222222,431.6897222222222
2023-11-25 01:00:00+00:00,624.3194444444445,624.3194444444445
2023-11-25 02:00:00+00:00,876.9691666666666,876.9691666666666
2023-11-25 03:00:00+00:00,1499.6291666666666,1499.6291666666666
2023-11-25 04:00:00+00:00,427.49611111111113,427.49611111111113
2023-11-25 05:00:00+00:00,550.4236111111111,0.0
2023-11-25 06:00:00+00:00,514.7505555555556,514.7505555555556
2023-11-25 07:00:00+00:00,983.4758333333332,983.4758333333332
2023-11-25 08:00:00+00:00,19096.56111111111,19096.56111111111
2023-11-25 09:00:00+00:00,501.3413888888889,501.3413888888889
2023-11-25 10:00:00+00:00,289.8225,289.8225
2023-11-25 11:00:00+00:00,235.805,0.0
2023-11-25 12:00:00+00:00,235.57194444444443,235.57194444444443
2023-11-25 13:00:00+00:00,1280.09,1280.09
2023-11-25 14:00:00+00:00,244.3205555555556,244.3205555555556
2023-11-25 15:00:00+00:00,705.1683333333333,705.1683333333333
2023-11-25 16:00:00+00:00,2361.6525,2361.6525
2023-11-25 17:00:00+00:00,156.32083333333333,156.32083333333333
2023-11-25 18:00:00+00:00,346.49694444444447,346.49694444444447
2023-11-25 19:00:00+00:00,532.2311111111111,532.2311111111111
2023-11-25 20:00:00+00:00,262.2966666666667,262.2966666666667
2023-11-25 21:00:00+00:00,611.4902777777778,611.4902777777778
2023-11-25 22:00:00+00:00,968.0663888888888,968.0663888888888
2023-11-25 23:00:00+00:00,363.56555555555553,0.0
2023-11-26 00:00:00+00:00,486.6494444444445,486.6494444444445
2023-11-26 01:00:00+00:00,522.3025,0.0
2023-11-26 02:00:00+00:00,1114.6658333333332,0.0
2023-11-26 03:00:00+00:00,563.5491666666667,563.5491666666667
2023-11-26 04:00:00+00:00,229.20055555555555,0.0
2023-11-26 05:00:00+00:00,244.78166666666667,0.0
2023-11-26 06:00:00+00:00,367.6666666666667,0.0
2023-11-26 07:00:00+00:00,180.26416666666665,180.26416666666665
2023-11-26 08:00:00+00:00,497.90472222222223,497.90472222222223
2023-11-26 09:00:00+00:00,363.7108333333333,0.0
2023-11-26 10:00:00+00:00,228.04111111111112,228.04111111111112
2023-11-26 11:00:00+00:00,501.1872222222222,501.1872222222222
2023-11-26 12:00:00+00:00,319.1802777777778,0.0
2023-11-26 13:00:00+00:00,821.8455555555555,0.0
2023-11-26 14:00:00+00:00,226.29555555555555,226.29555555555555
2023-11-26 15:00:00+00:00,156.66833333333332,156.66833333333332
2023-11-26 16:00:00+00:00,122.20833333333331,122.20833333333331
2023-11-26 17:00:00+00:00,196.605,196.605
2023-11-26 18:00:00+00:00,178.39833333333334,0.0
2023-11-26 19:00:00+00:00,224.20333333333332,224.20333333333332
2023-11-26 20:00:00+00:00,180.5688888888889,180.5688888888889
2023-11-26 21:00:00+00:00,208.8725,208.8725
2023-11-26 22:00:00+00:00,323.8675,323.8675
2023-11-26 23:00:00+00:00,151.92555555555555,151.92555555555555
2023-11-27 00:00:00+00:00,94.55305555555556,94.55305555555556
2023-11-27 01:00:00+00:00,813.85,813.85
2023-11-27 02:00:00+00:00,138.32833333333335,138.32833333333335
2023-11-27 03:00:00+00:00,107.53166666666668,107.53166666666668
2023-11-27 04:00:00+00:00,334.1613888888889,334.1613888888889
2023-11-27 05:00:00+00:00,17199.269166666665,17199.269166666665
2023-11-27 06:00:00+00:00,7295.2625,0.0
2023-11-27 07:00:00+00:00,15373.0775,0.0
2023-11-27 08:00:00+00:00,43912.975277777776,0.0
2023-11-27 09:00:00+00:00,15359.208611111111,0.0
2023-11-27 10:00:00+00:00,3017.6475,3017.6475
2023-11-27 11:00:00+00:00,6066.166666666667,6066.166666666667
2023-11-27 12:00:00+00:00,420.3541666666667,420.3541666666667
2023-11-27 13:00:00+00:00,332.96694444444444,0.0
2023-11-27 14:00:00+00:00,315.76194444444445,315.76194444444445
2023-11-27 15:00:00+00:00,367.98333333333335,367.98333333333335
2023-11-27 16:00:00+00:00,239.4080555555556,239.4080555555556
2023-11-27 17:00:00+00:00,3387.053888888889,3387.053888888889
2023-11-27 18:00:00+00:00,243.44666666666663,243.44666666666663
2023-11-27 19:00:00+00:00,775.4411111111111,775.4411111111111
2023-11-27 20:00:00+00:00,258.38666666666666,0.0
2023-11-27 21:00:00+00:00,2079.8166666666666,2079.8166666666666
2023-11-27 22:00:00+00:00,299.44444444444446,299.44444444444446
2023-11-27 23:00:00+00:00,897.6883333333334,897.6883333333334
2023-11-28 00:00:00+00:00,332.3122222222222,332.3122222222222
2023-11-28 01:00:00+00:00,84388.45916666667,84388.45916666667
2023-11-28 02:00:00+00:00,190.03333333333333,190.03333333333333
2023-11-28 03:00:00+00:00,2815.5583333333334,2815.5583333333334
2023-11-28 04:00:00+00:00,94165.97083333334,94165.97083333334
2023-11-28 05:00:00+00:00,390727.1297222222,0.0
2023-11-28 06:00:00+00:00,403396.7447222222,0.0
2023-11-28 07:00:00+00:00,507493.6269444444,507493.6269444444
2023-11-28 08:00:00+00:00,313926.3283333333,313926.3283333333
2023-11-28 09:00:00+00:00,328562.21472222224,328562.21472222224
2023-11-28 10:00:00+00:00,190251.08638888889,190251.08638888889
2023-11-28 11:00:00+00:00,353643.47555555555,353643.47555555555
2023-11-28 12:00:00+00:00,245866.7633333333,245866.7633333333
2023-11-28 13:00:00+00:00,178014.83916666667,178014.83916666667
2023-11-28 14:00:00+00:00,37636.77416666667,37636.77416666667
2023-11-28 15:00:00+00:00,13783.714444444444,13783.714444444444
2023-11-28 16:00:00+00:00,1561.943888888889,1561.943888888889
2023-11-28 17:00:00+00:00,45888.04111111111,45888.04111111111
2023-11-28 18:00:00+00:00,265.6138888888889,265.6138888888889
2023-11-28 19:00:00+00:00,601.5688888888889,601.5688888888889
2023-11-28 20:00:00+00:00,2543.545,0.0
2023-11-28 21:00:00+00:00,505.4266666666667,0.0
2023-11-28 22:00:00+00:00,397.9602777777778,397.9602777777778
2023-11-28 23:00:00+00:00,485.2363888888889,485.2363888888889
2023-11-29 00:00:00+00:00,383.9841666666667,383.9841666666667
2023-11-29 01:00:00+00:00,355.5611111111112,0.0
2023-11-29 02:00:00+00:00,1638.216111111111,1638.216111111111
2023-11-29 03:00:00+00:00,2585.855,2585.855
2023-11-29 04:00:00+00:00,101292.44027777776,101292.44027777776
2023-11-29 05:00:00+00:00,400035.4602777778,400035.4602777778
2023-11-29 06:00:00+00:00,1189204.4166666667,0.0
2023-11-29 07:00:00+00:00,911270.915,911270.915
2023-11-29 08:00:00+00:00,515777.1488888889,515777.1488888889
2023-11-29 09:00:00+00:00,581543.6277777777,0.0
2023-11-29 10:00:00+00:00,625931.0077777777,625931.0077777777
2023-11-29 11:00:00+00:00,414518.25333333336,414518.25333333336
2023-11-29 12:00:00+00:00,341353.43083333335,0.0
2023-11-29 13:00:00+00:00,130635.31222222222,130635.31222222222
2023-11-29 14:00:00+00:00,35699.32083333333,35699.32083333333
2023-11-29 15:00:00+00:00,12862.035833333332,0.0
2023-11-29 16:00:00+00:00,11445.402777777776,0.0
2023-11-29 17:00:00+00:00,2005.8127777777777,2005.8127777777777
2023-11-29 18:00:00+00:00,493.5916666666666,493.5916666666666
2023-11-29 19:00:00+00:00,1922.858611111111,1922.858611111111
2023-11-29 20:00:00+00:00,1043.4805555555556,0.0
2023-11-29 21:00:00+00:00,454.8077777777778,454.8077777777778
2023-11-29 22:00:00+00:00,7802.178888888889,7802.178888888889
2023-11-29 23:00:00+00:00,1038.598888888889,1038.598888888889
2023-11-30 00:00:00+00:00,536.8813888888889,536.8813888888889
2023-11-30 01:00:00+00:00,7196.558055555555,7196.558055555555
2023-11-30 02:00:00+00:00,793.0916666666667,793.0916666666667
2023-11-30 03:00:00+00:00,12780.863333333333,0.0
2023-11-30 04:00:00+00:00,175451.64944444445,0.0
2023-11-30 05:00:00+00:00,530904.0080555555,0.0
2023-11-30 06:00:00+00:00,660072.9077777778,660072.9077777778
2023-11-30 07:00:00+00:00,683093.5633333334,0.0
2023-11-30 08:00:00+00:00,453331.0502777778,453331.0502777778
2023-11-30 09:00:00+00:00,500241.99333333335,500241.99333333335
2023-11-30 10:00:00+00:00,545365.1094444444,545365.1094444444
2023-11-30 11:00:00+00:00,354001.13944444444,354001.13944444444
2023-11-30 12:00:00+00:00,479637.8905555556,479637.8905555556
2023-11-30 13:00:00+00:00,145005.21333333335,0.0
2023-11-30 14:00:00+00:00,12866.666388888889,12866.666388888889
2023-11-30 15:00:00+00:00,3207.7252777777776,3207.7252777777776
2023-11-30 16:00:00+00:00,4587.98,4587.98
2023-11-30 17:00:00+00:00,783.1658333333334,783.1658333333334
2023-11-30 18:00:00+00:00,2989.310555555556,2989.310555555556
2023-11-30 19:00:00+00:00,1823.6361111111112,0.0
2023-11-30 20:00:00+00:00,195326.2163888889,195326.2163888889
2023-11-30 21:00:00+00:00,2215.196388888889,2215.196388888889
2023-11-30 22:00:00+00:00,618.3705555555556,618.3705555555556
2023-11-30 23:00:00+00:00,1655.7697222222223,1655.7697222222223
2023-12-01 00:00:00+00:00,1188.2483333333332,1188.2483333333332
2023-12-01 01:00:00+00:00,52750.826944444445,52750.826944444445
2023-12-01 02:00:00+00:00,2564.131388888889,2564.131388888889
2023-12-01 03:00:00+00:00,2511.8380555555555,0.0
2023-12-01 04:00:00+00:00,135826.8461111111,135826.8461111111
2023-12-01 05:00:00+00:00,683400.2388888889,0.0
2023-12-01 06:00:00+00:00,490723.8883333333,0.0
2023-12-01 07:00:00+00:00,859813.3302777777,859813.3302777777
2023-12-01 08:00:00+00:00,564811.4105555556,564811.4105555556
2023-12-01 09:00:00+00:00,935967.8902777778,935967.8902777778
2023-12-01 10:00:00+00:00,606241.6361111111,606241.6361111111
2023-12-01 11:00:00+00:00,172088.65027777778,172088.65027777778
2023-12-01 12:00:00+00:00,10065.93972222222,10065.93972222222
2023-12-01 13:00:00+00:00,1316.898888888889,1316.898888888889
2023-12-01 14:00:00+00:00,2766.051388888889,2766.051388888889
2023-12-01 15:00:00+00:00,1680.9063888888888,1680.9063888888888
2023-12-01 16:00:00+00:00,1688.5025,1688.5025
2023-12-01 17:00:00+00:00,1058.6794444444445,1058.6794444444445
2023-12-01 18:00:00+00:00,739.4219444444444,739.4219444444444
2023-12-01 19:00:00+00:00,1264.2075,1264.2075
2023-12-01 20:00:00+00:00,756.2519444444445,756.2519444444445
2023-12-01 21:00:00+00:00,569.4,569.4
2023-12-01 22:00:00+00:00,6218.332777777778,6218.332777777778
2023-12-01 23:00:00+00:00,1218.2997222222225,1218.2997222222225
2023-12-02 00:00:00+00:00,605.9097222222222,605.9097222222222
2023-12-02 01:00:00+00:00,305.9005555555556,0.0
2023-12-02 02:00:00+00:00,1567.5941666666668,0.0
2023-12-02 03:00:00+00:00,570.3222222222222,570.3222222222222
2023-12-02 04:00:00+00:00,1159.450833333333,1159.450833333333
2023-12-02 05:00:00+00:00,656.985,656.985
2023-12-02 06:00:00+00:00,927.6069444444444,927.6069444444444
2023-12-02 07:00:00+00:00,1764.278611111111,1764.278611111111
2023-12-02 08:00:00+00:00,1132.9161111111111,1132.9161111111111
2023-12-02 09:00:00+00:00,593.3283333333334,593.3283333333334
2023-12-02 10:00:00+00:00,386.6947222222222,386.6947222222222
2023-12-02 11:00:00+00:00,797.9,797.9
2023-12-02 12:00:00+00:00,1413.643611111111,1413.643611111111
2023-12-02 13:00:00+00:00,998.0119444444445,0.0
2023-12-02 14:00:00+00:00,524.1580555555555,524.1580555555555
2023-12-02 15:00:00+00:00,1206.0641666666668,1206.0641666666668
2023-12-02 16:00:00+00:00,280.7475,280.7475
2023-12-02 17:00:00+00:00,1081.0391666666667,1081.0391666666667
2023-12-02 18:00:00+00:00,408.49444444444447,0.0
2023-12-02 19:00:00+00:00,636.9027777777778,0.0
2023-12-02 20:00:00+00:00,740.2041666666667,740.2041666666667
2023-12-02 21:00:00+00:00,349.25055555555554,349.25055555555554
2023-12-02 22:00:00+00:00,851.5102777777778,0.0
2023-12-02 23:00:00+00:00,469.4625,469.4625
2023-12-03 00:00:00+00:00,1016.4505555555556,1016.4505555555556
2023-12-03 01:00:00+00:00,576.6927777777778,576.6927777777778
2023-12-03 02:00:00+00:00,2304.9869444444444,2304.9869444444444
2023-12-03 03:00:00+00:00,678.8016666666666,0.0
2023-12-03 04:00:00+00:00,498.5397222222222,498.5397222222222
2023-12-03 05:00:00+00:00,536.0427777777778,536.0427777777778
2023-12-03 06:00:00+00:00,633.0094444444444,633.0094444444444
2023-12-03 07:00:00+00:00,302.88388888888886,302.88388888888886
2023-12-03 08:00:00+00:00,1063.0808333333334,1063.0808333333334
2023-12-03 09:00:00+00:00,834.5136111111111,834.5136111111111
2023-12-03 10:00:00+00:00,754.3088888888889,0.0
2023-12-03 11:00:00+00:00,740.04,740.04
2023-12-03 12:00:00+00:00,549.3505555555555,549.3505555555555
2023-12-03 13:00:00+00:00,2094.448888888889,2094.448888888889
2023-12-03 14:00:00+00:00,8607.8275,8607.8275
2023-12-03 15:00:00+00:00,2232.464722222222,2232.464722222222
2023-12-03 16:00:00+00:00,187.54555555555555,187.54555555555555
2023-12-03 17:00:00+00:00,432.00666666666666,0.0
2023-12-03 18:00:00+00:00,873.7969444444444,873.7969444444444
2023-12-03 19:00:00+00:00,1268.9125,1268.9125
2023-12-03 20:00:00+00:00,2635.035277777778,2635.035277777778
2023-12-03 21:00:00+00:00,921.8969444444444,0.0
2023-12-03 22:00:00+00:00,1757.074722222222,1757.074722222222
2023-12-03 23:00:00+00:00,1211.1708333333331,1211.1708333333331
2023-12-04 00:00:00+00:00,344.91805555555555,344.91805555555555
2023-12-04 01:00:00+00:00,1125.4177777777777,1125.4177777777777
2023-12-04 02:00:00+00:00,3559.202222222222,3559.202222222222
2023-12-04 03:00:00+00:00,3252.853333333333,3252.853333333333
2023-12-04 04:00:00+00:00,89790.24111111111,89790.24111111111
2023-12-04 05:00:00+00:00,297572.1533333333,297572.1533333333
2023-12-04 06:00:00+00:00,645079.3683333333,0.0
2023-12-04 07:00:00+00:00,604159.6169444445,604159.6169444445
2023-12-04 08:00:00+00:00,334764.3088888889,334764.3088888889
2023-12-04 09:00:00+00:00,467144.2322222222,467144.2322222222
2023-12-04 10:00:00+00:00,634426.9422222222,634426.9422222222
2023-12-04 11:00:00+00:00,561001.3261111111,561001.3261111111
2023-12-04 12:00:00+00:00,119249.22166666666,0.0
2023-12-04 13:00:00+00:00,116844.63333333332,116844.63333333332
2023-12-04 14:00:00+00:00,33500.70805555556,33500.70805555556
2023-12-04 15:00:00+00:00,11854.486666666666,11854.486666666666
2023-12-04 16:00:00+00:00,3666.4011111111113,0.0
2023-12-04 17:00:00+00:00,2165.7761111111117,2165.7761111111117
2023-12-04 18:00:00+00:00,17020.604166666668,17020.604166666668
2023-12-04 19:00:00+00:00,6431.317222222222,6431.317222222222
2023-12-04 20:00:00+00:00,3101.53,0.0
2023-12-04 21:00:00+00:00,102790.54916666666,102790.54916666666
2023-12-04 22:00:00+00:00,5001.083333333333,5001.083333333333
2023-12-04 23:00:00+00:00,36059.86805555556,36059.86805555556
2023-12-05 00:00:00+00:00,332.8797222222222,0.0
2023-12-05 01:00:00+00:00,1361.793888888889,0.0
2023-12-05 02:00:00+00:00,973.3205555555556,973.3205555555556
2023-12-05 03:00:00+00:00,868.1847222222223,0.0
2023-12-05 04:00:00+00:00,83697.97666666667,83697.97666666667
2023-12-05 05:00:00+00:00,376527.6675,376527.6675
2023-12-05 06:00:00+00:00,350849.5633333333,350849.5633333333
2023-12-05 07:00:00+00:00,518744.2088888889,518744.2088888889
2023-12-05 08:00:00+00:00,314247.2966666667,0.0
2023-12-05 09:00:00+00:00,312117.4825,312117.4825
2023-12-05 10:00:00+00:00,342306.3619444444,342306.3619444444
2023-12-05 11:00:00+00:00,422976.3755555556,422976.3755555556
2023-12-05 12:00:00+00:00,235263.67638888888,235263.67638888888
2023-12-05 13:00:00+00:00,144555.11638888888,144555.11638888888
2023-12-05 14:00:00+00:00,53627.68444444444,0.0
2023-12-05 15:00:00+00:00,17690.071944444444,17690.071944444444
2023-12-05 16:00:00+00:00,2673.5025,2673.5025
2023-12-05 17:00:00+00:00,1102.485,1102.485
2023-12-05 18:00:00+00:00,488.95722222222224,0.0
2023-12-05 19:00:00+00:00,415.5833333333333,415.5833333333333
2023-12-05 20:00:00+00:00,443.8530555555556,443.8530555555556
2023-12-05 21:00:00+00:00,676.9466666666667,676.9466666666667
2023-12-05 22:00:00+00:00,532.7044444444444,0.0
2023-12-05 23:00:00+00:00,254.08638888888888,254.08638888888888
2023-12-06 00:00:00+00:00,744.3944444444444,744.3944444444444
2023-12-06 01:00:00+00:00,415.70722222222224,0.0
2023-12-06 02:00:00+00:00,788.6136111111111,0.0
2023-12-06 03:00:00+00:00,447.83222222222224,447.83222222222224
2023-12-06 04:00:00+00:00,118752.02722222224,0.0
2023-12-06 05:00:00+00:00,495738.00166666665,495738.00166666665
2023-12-06 06:00:00+00:00,460395.0963888889,460395.0963888889
2023-12-06 07:00:00+00:00,540974.2527777777,540974.2527777777
2023-12-06 08:00:00+00:00,572034.1908333333,572034.1908333333
2023-12-06 09:00:00+00:00,444582.6275,444582.6275
2023-12-06 10:00:00+00:00,530069.5744444445,0.0
2023-12-06 11:00:00+00:00,320437.2319444445,320437.2319444445
2023-12-06 12:00:00+00:00,410135.64944444445,410135.64944444445
2023-12-06 13:00:00+00:00,125476.65166666669,0.0
2023-12-06 14:00:00+00:00,56550.35694444445,56550.35694444445
2023-12-06 15:00:00+00:00,7241.6577777777775,7241.6577777777775
2023-12-06 16:00:00+00:00,1715.1025,0.0
2023-12-06 17:00:00+00:00,2909.8127777777777,2909.8127777777777
2023-12-06 18:00:00+00:00,366.85083333333336,366.85083333333336
2023-12-06 19:00:00+00:00,343.70916666666665,343.70916666666665
2023-12-06 20:00:00+00:00,336.3761111111112,336.3761111111112
2023-12-06 21:00:00+00:00,239.4475,239.4475
2023-12-06 22:00:00+00:00,3895.972777777778,3895.972777777778
2023-12-06 23:00:00+00:00,636.8919444444444,0.0
2023-12-07 00:00:00+00:00,324.9080555555556,324.9080555555556
2023-12-07 01:00:00+00:00,636.0552777777777,636.0552777777777
2023-12-07 02:00:00+00:00,667.1630555555555,667.1630555555555
2023-12-07 03:00:00+00:00,2803.2175,2803.2175
2023-12-07 04:00:00+00:00,79454.24722222223,79454.24722222223
2023-12-07 05:00:00+00:00,371216.4613888889,371216.4613888889
2023-12-07 06:00:00+00:00,351743.50138888886,351743.50138888886
2023-12-07 07:00:00+00:00,434897.4969444444,434897.4969444444
2023-12-07 08:00:00+00:00,322105.30583333335,322105.30583333335
2023-12-07 09:00:00+00:00,327889.70416666666,327889.70416666666
2023-12-07 10:00:00+00:00,385308.67027777777,385308.67027777777
2023-12-07 11:00:00+00:00,323125.3525,0.0
2023-12-07 12:00:00+00:00,235443.8711111111,0.0
2023-12-07 13:00:00+00:00,98670.11222222222,98670.11222222222
2023-12-07 14:00:00+00:00,38594.491944444446,38594.491944444446
2023-12-07 15:00:00+00:00,20258.033333333333,20258.033333333333
2023-12-07 16:00:00+00:00,3941.347222222222,3941.347222222222
2023-12-07 17:00:00+00:00,1070.0791666666669,0.0
2023-12-07 18:00:00+00:00,1535.8494444444443,0.0
2023-12-07 19:00:00+00:00,3770.883333333333,3770.883333333333
2023-12-07 20:00:00+00:00,1467.3761111111112,1467.3761111111112
2023-12-07 21:00:00+00:00,12321.867777777778,12321.867777777778
2023-12-07 22:00:00+00:00,1032.9672222222223,1032.9672222222223
2023-12-07 23:00:00+00:00,713.0680555555556,713.0680555555556
2023-12-08 00:00:00+00:00,1629.7241666666666,1629.7241666666666
2023-12-08 01:00:00+00:00,66699.83777777778,66699.83777777778
2023-12-08 02:00:00+00:00,8892.764444444445,0.0
2023-12-08 03:00:00+00:00,2804.013055555556,0.0
2023-12-08 04:00:00+00:00,137214.79361111112,0.0
2023-12-08 05:00:00+00:00,565380.6444444444,0.0
2023-12-08 06:00:00+00:00,755101.4502777777,755101.4502777777
2023-12-08 07:00:00+00:00,556296.5255555556,556296.5255555556
2023-12-08 08:00:00+00:00,446514.08777777775,446514.08777777775
2023-12-08 09:00:00+00:00,520272.8508333333,520272.8508333333
2023-12-08 10:00:00+00:00,402488.5308333333,402488.5308333333
2023-12-08 11:00:00+00:00,101273.83083333333,101273.83083333333
2023-12-08 12:00:00+00:00,111619.83694444444,111619.83694444444
2023-12-08 13:00:00+00:00,34094.21888888889,34094.21888888889
2023-12-08 14:00:00+00:00,32534.160555555554,32534.160555555554
2023-12-08 15:00:00+00:00,23322.775833333333,23322.775833333333
2023-12-08 16:00:00+00:00,1381.165277777778,0.0
2023-12-08 17:00:00+00:00,383.94944444444445,383.94944444444445
2023-12-08 18:00:00+00:00,251.11694444444444,251.11694444444444
2023-12-08 19:00:00+00:00,721.2961111111111,721.2961111111111
2023-12-08 20:00:00+00:00,856.8733333333333,856.8733333333333
2023-12-08 21:00:00+00:00,319.75694444444446,319.75694444444446
2023-12-08 22:00:00+00:00,2263.558611111111,2263.558611111111
2023-12-08 23:00:00+00:00,198.69333333333333,0.0
2023-12-09 00:00:00+00:00,67734.9625,67734.9625
2023-12-09 01:00:00+00:00,434.97333333333336,434.97333333333336
2023-12-09 02:00:00+00:00,509.0111111111111,509.0111111111111
2023-12-09 03:00:00+00:00,697.2763888888888,697.2763888888888
2023-12-09 04:00:00+00:00,282.09166666666664,282.09166666666664
2023-12-09 05:00:00+00:00,406.2225,406.2225
2023-12-09 06:00:00+00:00,221.11805555555557,0.0
2023-12-09 07:00:00+00:00,47180.16388888889,47180.16388888889
2023-12-09 08:00:00+00:00,5063.929166666667,0.0
2023-12-09 09:00:00+00:00,4637.768055555555,0.0
2023-12-09 10:00:00+00:00,8521.948611111111,8521.948611111111
2023-12-09 11:00:00+00:00,11031.961388888889,11031.961388888889
2023-12-09 12:00:00+00:00,6800.246111111112,6800.246111111112
2023-12-09 13:00:00+00:00,3666.2038888888887,3666.2038888888887
2023-12-09 14:00:00+00:00,3284.9475,3284.9475
2023-12-09 15:00:00+00:00,7547.089444444445,7547.089444444445
2023-12-09 16:00:00+00:00,15846.072777777776,15846.072777777776
2023-12-09 17:00:00+00:00,482.89472222222224,482.89472222222224
2023-12-09 18:00:00+00:00,376.6586111111111,0.0
2023-12-09 19:00:00+00:00,682.0586111111111,682.0586111111111
2023-12-09 20:00:00+00:00,837.5936111111112,837.5936111111112
2023-12-09 21:00:00+00:00,224.5263888888889,224.5263888888889
2023-12-09 22:00:00+00:00,3790.6472222222224,0.0
2023-12-09 23:00:00+00:00,692.1905555555555,692.1905555555555
2023-12-10 00:00:00+00:00,413.79,413.79
2023-12-10 01:00:00+00:00,364.1283333333333,364.1283333333333
2023-12-10 02:00:00+00:00,1381.3569444444445,1381.3569444444445
2023-12-10 03:00:00+00:00,350.0627777777778,0.0
2023-12-10 04:00:00+00:00,895.5297222222222,895.5297222222222
2023-12-10 05:00:00+00:00,473.6005555555556,473.6005555555556
2023-12-10 06:00:00+00:00,857.3769444444445,857.3769444444445
2023-12-10 07:00:00+00:00,407.8208333333333,407.8208333333333
2023-12-10 08:00:00+00:00,630.265,630.265
2023-12-10 09:00:00+00:00,557.2430555555555,557.2430555555555
2023-12-10 10:00:00+00:00,672.4897222222222,672.4897222222222
2023-12-10 11:00:00+00:00,132865.15972222222,132865.15972222222
2023-12-10 12:00:00+00:00,52456.22055555556,52456.22055555556
2023-12-10 13:00:00+00:00,1221.2475,1221.2475
2023-12-10 14:00:00+00:00,6540.651111111111,6540.651111111111
2023-12-10 15:00:00+00:00,2780.560555555556,2780.560555555556
2023-12-10 16:00:00+00:00,6224.195833333333,6224.195833333333
2023-12-10 17:00:00+00:00,12884.50222222222,12884.50222222222
2023-12-10 18:00:00+00:00,8870.471666666666,8870.471666666666
2023-12-10 19:00:00+00:00,266.7836111111111,266.7836111111111
2023-12-10 20:00:00+00:00,392.9819444444444,392.9819444444444
2023-12-10 21:00:00+00:00,613.4486111111111,613.4486111111111
2023-12-10 22:00:00+00:00,678.0663888888889,678.0663888888889
2023-12-10 23:00:00+00:00,237.8997222222222,0.0
2023-12-11 00:00:00+00:00,274.55861111111113,0.0
2023-12-11 01:00:00+00:00,478.1227777777778,478.1227777777778
2023-12-11 02:00:00+00:00,322.0422222222222,322.0422222222222
2023-12-11 03:00:00+00:00,7407.114444444444,7407.114444444444
2023-12-11 04:00:00+00:00,128970.04638888888,128970.04638888888
2023-12-11 05:00:00+00:00,520442.4341666666,0.0
2023-12-11 06:00:00+00:00,475724.8055555556,475724.8055555556
2023-12-11 07:00:00+00:00,867793.3580555556,0.0
2023-12-11 08:00:00+00:00,241955.08694444445,0.0
2023-12-11 09:00:00+00:00,261243.8213888889,261243.8213888889
2023-12-11 10:00:00+00:00,191761.16333333333,191761.16333333333
2023-12-11 11:00:00+00:00,274277.7752777777,274277.7752777777
2023-12-11 12:00:00+00:00,133436.18444444446,133436.18444444446
2023-12-11 13:00:00+00:00,116170.21222222222,116170.21222222222
2023-12-11 14:00:00+00:00,15502.76972222222,0.0
2023-12-11 15:00:00+00:00,15242.445277777775,15242.445277777775
2023-12-11 16:00:00+00:00,14697.225,14697.225
2023-12-11 17:00:00+00:00,4989.736666666667,0.0
2023-12-11 18:00:00+00:00,1108.2452777777778,1108.2452777777778
2023-12-11 19:00:00+00:00,984.6286111111112,984.6286111111112
2023-12-11 20:00:00+00:00,800.5422222222222,0.0
2023-12-11 21:00:00+00:00,493.8541666666667,493.8541666666667
2023-12-11 22:00:00+00:00,794.5938888888888,794.5938888888888
2023-12-11 23:00:00+00:00,466.58972222222224,0.0
2023-12-12 00:00:00+00:00,1240.2830555555556,1240.2830555555556
2023-12-12 01:00:00+00:00,334.3480555555556,334.3480555555556
2023-12-12 02:00:00+00:00,569.0613888888889,569.0613888888889
2023-12-12 03:00:00+00:00,922.1583333333332,922.1583333333332
2023-12-12 04:00:00+00:00,242495.41944444444,242495.41944444444
2023-12-12 05:00:00+00:00,203657.4972222222,203657.4972222222
2023-12-12 06:00:00+00:00,197808.0063888889,197808.0063888889
2023-12-12 07:00:00+00:00,401427.6036111111,401427.6036111111
2023-12-12 08:00:00+00:00,208533.54611111112,0.0
2023-12-12 09:00:00+00:00,247414.66611111112,247414.66611111112
2023-12-12 10:00:00+00:00,257539.48972222224,257539.48972222224
2023-12-12 11:00:00+00:00,218062.8419444445,218062.8419444445
2023-12-12 12:00:00+00:00,165924.14027777777,165924.14027777777
2023-12-12 13:00:00+00:00,82307.63111111111,82307.63111111111
2023-12-12 14:00:00+00:00,26561.324166666665,26561.324166666665
2023-12-12 15:00:00+00:00,21173.791944444445,0.0
2023-12-12 16:00:00+00:00,9006.786666666667,9006.786666666667
2023-12-12 17:00:00+00:00,5474.850833333333,5474.850833333333
2023-12-12 18:00:00+00:00,1214.3297222222222,1214.3297222222222
2023-12-12 19:00:00+00:00,17067.05972222222,17067.05972222222
2023-12-12 20:00:00+00:00,4069.6002777777776,4069.6002777777776
2023-12-12 21:00:00+00:00,14525.762222222222,14525.762222222222
2023-12-12 22:00:00+00:00,13497.03,13497.03
2023-12-12 23:00:00+00:00,10691.60861111111,10691.60861111111
2023-12-13 00:00:00+00:00,999.8977777777778,999.8977777777778
2023-12-13 01:00:00+00:00,422.60833333333335,422.60833333333335
2023-12-13 02:00:00+00:00,15794.586666666666,15794.586666666666
2023-12-13 03:00:00+00:00,5853.200833333333,5853.200833333333
2023-12-13 04:00:00+00:00,131821.38666666666,131821.38666666666
2023-12-13 05:00:00+00:00,568935.6194444444,568935.6194444444
2023-12-13 06:00:00+00:00,929296.0936111112,929296.0936111112
2023-12-13 07:00:00+00:00,657349.525,0.0
2023-12-13 08:00:00+00:00,489126.4008333333,0.0
2023-12-13 09:00:00+00:00,934442.9058333334,934442.9058333334
2023-12-13 10:00:00+00:00,412677.3858333333,412677.3858333333
2023-12-13 11:00:00+00:00,544097.8830555555,544097.8830555555
2023-12-13 12:00:00+00:00,266017.71166666667,266017.71166666667
2023-12-13 13:00:00+00:00,58750.568333333336,58750.568333333336
2023-12-13 14:00:00+00:00,14529.384722222225,14529.384722222225
2023-12-13 15:00:00+00:00,3182.639722222222,0.0
2023-12-13 16:00:00+00:00,1320.2163888888888,1320.2163888888888
2023-12-13 17:00:00+00:00,5072.456111111111,5072.456111111111
2023-12-13 18:00:00+00:00,846.3461111111111,846.3461111111111
2023-12-13 19:00:00+00:00,837.4702777777778,837.4702777777778
2023-12-13 20:00:00+00:00,492.2866666666667,492.2866666666667
2023-12-13 21:00:00+00:00,8378.024444444445,8378.024444444445
2023-12-13 22:00:00+00:00,1662.8030555555556,1662.8030555555556
2023-12-13 23:00:00+00:00,1566.4361111111111,1566.4361111111111
2023-12-14 00:00:00+00:00,1539.6983333333333,1539.6983333333333
2023-12-14 01:00:00+00:00,232956.20055555555,232956.20055555555
2023-12-14 02:00:00+00:00,1890.2813888888888,1890.2813888888888
2023-12-14 03:00:00+00:00,6827.221666666666,6827.221666666666
2023-12-14 04:00:00+00:00,91704.81027777778,91704.81027777778
2023-12-14 05:00:00+00:00,493248.39972222224,493248.39972222224
2023-12-14 06:00:00+00:00,428936.98527777777,0.0
2023-12-14 07:00:00+00:00,493102.5438888889,0.0
2023-12-14 08:00:00+00:00,359320.9711111111,0.0
2023-12-14 09:00:00+00:00,400842.5011111112,400842.5011111112
2023-12-14 10:00:00+00:00,496302.50166666665,496302.50166666665
2023-12-14 11:00:00+00:00,368125.6975,368125.6975
2023-12-14 12:00:00+00:00,254513.9005555556,254513.9005555556
2023-12-14 13:00:00+00:00,84084.86555555556,0.0
2023-12-14 14:00:00+00:00,46169.23972222222,0.0
2023-12-14 15:00:00+00:00,23472.87638888889,23472.87638888889
2023-12-14 16:00:00+00:00,1041.881111111111,1041.881111111111
2023-12-14 17:00:00+00:00,442.8875,442.8875
2023-12-14 18:00:00+00:00,225.78444444444443,0.0
2023-12-14 19:00:00+00:00,938.67,938.67
2023-12-14 20:00:00+00:00,228.82555555555555,228.82555555555555
2023-12-14 21:00:00+00:00,696.21,696.21
2023-12-14 22:00:00+00:00,967.2002777777776,967.2002777777776
2023-12-14 23:00:00+00:00,164.52388888888888,164.52388888888888
2023-12-15 00:00:00+00:00,494.35583333333335,494.35583333333335
2023-12-15 01:00:00+00:00,497.9527777777778,497.9527777777778
2023-12-15 02:00:00+00:00,944.6063888888888,944.6063888888888
2023-12-15 03:00:00+00:00,5336.748611111111,5336.748611111111
2023-12-15 04:00:00+00:00,152115.46194444445,152115.46194444445
2023-12-15 05:00:00+00:00,413728.5113888889,413728.5113888889
2023-12-15 06:00:00+00:00,371401.3619444444,371401.3619444444
2023-12-15 07:00:00+00:00,454936.18,454936.18
2023-12-15 08:00:00+00:00,451594.465,451594.465
2023-12-15 09:00:00+00:00,369329.14472222223,0.0
2023-12-15 10:00:00+00:00,326772.5705555556,326772.5705555556
2023-12-15 11:00:00+00:00,162768.625,162768.625
2023-12-15 12:00:00+00:00,297391.115,0.0
2023-12-15 13:00:00+00:00,24868.403055555555,24868.403055555555
2023-12-15 14:00:00+00:00,1555.4077777777777,1555.4077777777777
2023-12-15 15:00:00+00:00,756.5852777777778,756.5852777777778
2023-12-15 16:00:00+00:00,800.1958333333333,0.0
2023-12-15 17:00:00+00:00,227.3936111111111,227.3936111111111
2023-12-15 18:00:00+00:00,351.02944444444444,351.02944444444444
2023-12-15 19:00:00+00:00,239.26361111111112,239.26361111111112
2023-12-15 20:00:00+00:00,556.2058333333333,0.0
2023-12-15 21:00:00+00:00,304.00638888888886,0.0
2023-12-15 22:00:00+00:00,1616.939722222222,1616.939722222222
2023-12-15 23:00:00+00:00,277.695,277.695
2023-12-16 00:00:00+00:00,696.4725,696.4725
2023-12-16 01:00:00+00:00,270.0027777777778,270.0027777777778
2023-12-16 02:00:00+00:00,725.3088888888889,725.3088888888889
2023-12-16 03:00:00+00:00,122.00361111111113,122.00361111111113
2023-12-16 04:00:00+00:00,517.4008333333334,517.4008333333334
2023-12-16 05:00:00+00:00,419.9486111111111,419.9486111111111
2023-12-16 06:00:00+00:00,385.6672222222222,385.6672222222222
2023-12-16 07:00:00+00:00,208.64944444444444,208.64944444444444
2023-12-16 08:00:00+00:00,359.55083333333334,359.55083333333334
2023-12-16 09:00:00+00:00,368.5138888888889,368.5138888888889
2023-12-16 10:00:00+00:00,502.9447222222222,0.0
2023-12-16 11:00:00+00:00,387.87416666666667,387.87416666666667
2023-12-16 12:00:00+00:00,155.34472222222223,155.34472222222223
2023-12-16 13:00:00+00:00,214.71833333333333,0.0
2023-12-16 14:00:00+00:00,392.36805555555554,392.36805555555554
2023-12-16 15:00:00+00:00,245.8075,245.8075
2023-12-16 16:00:00+00:00,1291.1988888888889,1291.1988888888889
2023-12-16 17:00:00+00:00,1383.3983333333333,1383.3983333333333
2023-12-16 18:00:00+00:00,361.34277777777777,361.34277777777777
2023-12-16 19:00:00+00:00,310.6005555555556,310.6005555555556
2023-12-16 20:00:00+00:00,235.69444444444449,235.69444444444449
2023-12-16 21:00:00+00:00,254.71722222222223,254.71722222222223
2023-12-16 22:00:00+00:00,497.8561111111111,0.0
2023-12-16 23:00:00+00:00,846.7641666666667,846.7641666666667
2023-12-17 00:00:00+00:00,867.2177777777778,867.2177777777778
2023-12-17 01:00:00+00:00,302.6058333333333,302.6058333333333
2023-12-17 02:00:00+00:00,341.6036111111111,341.6036111111111
2023-12-17 03:00:00+00:00,679.3213888888889,679.3213888888889
2023-12-17 04:00:00+00:00,124.81222222222222,0.0
2023-12-17 05:00:00+00:00,472.72277777777776,0.0
2023-12-17 06:00:00+00:00,312.8125,312.8125
2023-12-17 07:00:00+00:00,437.2483333333333,437.2483333333333
2023-12-17 08:00:00+00:00,180.9011111111111,180.9011111111111
2023-12-17 09:00:00+00:00,2169.6827777777776,2169.6827777777776
2023-12-17 10:00:00+00:00,440.3486111111111,440.3486111111111
2023-12-17 11:00:00+00:00,546.2677777777777,546.2677777777777
2023-12-17 12:00:00+00:00,67912.0963888889,67912.0963888889
2023-12-17 13:00:00+00:00,776.3822222222223,0.0
2023-12-17 14:00:00+00:00,257.9013888888889,257.9013888888889
2023-12-17 15:00:00+00:00,411.7452777777778,411.7452777777778
2023-12-17 16:00:00+00:00,243.0611111111111,243.0611111111111
2023-12-17 17:00:00+00:00,181.3155555555556,181.3155555555556
2023-12-17 18:00:00+00:00,108.61861111111112,0.0
2023-12-17 19:00:00+00:00,431.5241666666666,431.5241666666666
2023-12-17 20:00:00+00:00,290.3988888888889,290.3988888888889
2023-12-17 21:00:00+00:00,623.8463888888889,623.8463888888889
2023-12-17 22:00:00+00:00,1520.9133333333334,1520.9133333333334
2023-12-17 23:00:00+00:00,124.87611111111111,124.87611111111111
2023-12-18 00:00:00+00:00,509.54027777777776,509.54027777777776
2023-12-18 01:00:00+00:00,230.52444444444444,230.52444444444444
2023-12-18 02:00:00+00:00,532.6463888888889,532.6463888888889
2023-12-18 03:00:00+00:00,1634.645,1634.645
2023-12-18 04:00:00+00:00,43075.68972222223,43075.68972222223
2023-12-18 05:00:00+00:00,724810.7005555555,0.0
2023-12-18 06:00:00+00:00,816682.901388889,816682.901388889
2023-12-18 07:00:00+00:00,590319.9030555555,590319.9030555555
2023-12-18 08:00:00+00:00,674103.805,674103.805
2023-12-18 09:00:00+00:00,329668.7586111111,329668.7586111111
2023-12-18 10:00:00+00:00,338682.31583333336,338682.31583333336
2023-12-18 11:00:00+00:00,465322.96694444446,465322.96694444446
2023-12-18 12:00:00+00:00,300720.1722222222,300720.1722222222
2023-12-18 13:00:00+00:00,243324.5208333333,243324.5208333333
2023-12-18 14:00:00+00:00,40215.258055555554,40215.258055555554
2023-12-18 15:00:00+00:00,33469.535833333335,33469.535833333335
2023-12-18 16:00:00+00:00,3676.806666666667,3676.806666666667
2023-12-18 17:00:00+00:00,1218.2108333333333,0.0
2023-12-18 18:00:00+00:00,958.2530555555556,958.2530555555556
2023-12-18 19:00:00+00:00,1623.2305555555556,1623.2305555555556
2023-12-18 20:00:00+00:00,3095.369166666667,3095.369166666667
2023-12-18 21:00:00+00:00,634.6291666666667,634.6291666666667
2023-12-18 22:00:00+00:00,1894.0288888888888,1894.0288888888888
2023-12-18 23:00:00+00:00,588.7180555555556,588.7180555555556
2023-12-19 00:00:00+00:00,927.4075,927.4075
2023-12-19 01:00:00+00:00,227.5211111111111,227.5211111111111
2023-12-19 02:00:00+00:00,343.60555555555555,343.60555555555555
2023-12-19 03:00:00+00:00,904.0075,0.0
2023-12-19 04:00:00+00:00,53340.74833333334,53340.74833333334
2023-12-19 05:00:00+00:00,360030.8638888889,360030.8638888889
2023-12-19 06:00:00+00:00,517079.1180555556,517079.1180555556
2023-12-19 07:00:00+00:00,828922.6341666667,828922.6341666667
2023-12-19 08:00:00+00:00,353993.4261111111,353993.4261111111
2023-12-19 09:00:00+00:00,542603.6019444445,542603.6019444445
2023-12-19 10:00:00+00:00,524208.5513888889,524208.5513888889
2023-12-19 11:00:00+00:00,510811.7619444445,510811.7619444445
2023-12-19 12:00:00+00:00,353401.84194444446,353401.84194444446
2023-12-19 13:00:00+00:00,252981.0361111111,252981.0361111111
2023-12-19 14:00:00+00:00,11715.33888888889,11715.33888888889
2023-12-19 15:00:00+00:00,67597.44583333333,67597.44583333333
2023-12-19 16:00:00+00:00,756.7325,756.7325
2023-12-19 17:00:00+00:00,656.1108333333333,0.0
2023-12-19 18:00:00+00:00,1002.1369444444445,1002.1369444444445
2023-12-19 19:00:00+00:00,1660.522222222222,1660.522222222222
2023-12-19 20:00:00+00:00,2423.9375,2423.9375
2023-12-19 21:00:00+00:00,10567.402777777776,10567.402777777776
2023-12-19 22:00:00+00:00,746.8933333333333,0.0
2023-12-19 23:00:00+00:00,1011.2013888888888,1011.2013888888888
2023-12-20 00:00:00+00:00,537.7427777777777,537.7427777777777
2023-12-20 01:00:00+00:00,995.0525,0.0
2023-12-20 02:00:00+00:00,618.1019444444445,618.1019444444445
2023-12-20 03:00:00+00:00,817.7647222222222,817.7647222222222
2023-12-20 04:00:00+00:00,187588.66472222225,0.0
2023-12-20 05:00:00+00:00,419964.9583333333,419964.9583333333
2023-12-20 06:00:00+00:00,560906.6455555556,560906.6455555556
2023-12-20 07:00:00+00:00,454501.1011111111,454501.1011111111
2023-12-20 08:00:00+00:00,502329.2663888889,502329.2663888889
2023-12-20 09:00:00+00:00,342773.54583333334,342773.54583333334
2023-12-20 10:00:00+00:00,654513.9902777778,654513.9902777778
2023-12-20 11:00:00+00:00,260892.7577777778,260892.7577777778
2023-12-20 12:00:00+00:00,275518.25638888887,275518.25638888887
2023-12-20 13:00:00+00:00,152662.34194444446,152662.34194444446
2023-12-20 14:00:00+00:00,314287.98305555555,314287.98305555555
2023-12-20 15:00:00+00:00,122455.4125,0.0
2023-12-20 16:00:00+00:00,55020.76194444444,55020.76194444444
2023-12-20 17:00:00+00:00,23224.174166666668,23224.174166666668
2023-12-20 18:00:00+00:00,32029.41277777778,32029.41277777778
2023-12-20 19:00:00+00:00,90568.78638888888,90568.78638888888
2023-12-20 20:00:00+00:00,33757.65555555555,33757.65555555555
2023-12-20 21:00:00+00:00,8840.032222222222,8840.032222222222
2023-12-20 22:00:00+00:00,59873.07472222222,59873.07472222222
2023-12-20 23:00:00+00:00,2200.597777777778,2200.597777777778
2023-12-21 00:00:00+00:00,5095.483888888889,5095.483888888889
2023-12-21 01:00:00+00:00,3185.843333333333,3185.843333333333
2023-12-21 02:00:00+00:00,1891.7741666666664,1891.7741666666664
2023-12-21 03:00:00+00:00,1174.516388888889,1174.516388888889
2023-12-21 04:00:00+00:00,174802.2122222222,174802.2122222222
2023-12-21 05:00:00+00:00,525947.7733333333,0.0
2023-12-21 06:00:00+00:00,1284073.9877777777,1284073.9877777777
2023-12-21 07:00:00+00:00,555934.8825,555934.8825
2023-12-21 08:00:00+00:00,1041300.1625,1041300.1625
2023-12-21 09:00:00+00:00,199452.35805555555,199452.35805555555
2023-12-21 10:00:00+00:00,21592.459722222226,0.0
2023-12-21 11:00:00+00:00,16528.391111111112,16528.391111111112
2023-12-21 12:00:00+00:00,9067.685833333331,0.0
2023-12-21 13:00:00+00:00,14844.7575,0.0
2023-12-21 14:00:00+00:00,2639.032777777778,0.0
2023-12-21 15:00:00+00:00,1717.5216666666668,1717.5216666666668
2023-12-21 16:00:00+00:00,2768.2725,0.0
2023-12-21 17:00:00+00:00,696.6544444444445,0.0
2023-12-21 18:00:00+00:00,385.6508333333333,385.6508333333333
2023-12-21 19:00:00+00:00,205.73611111111111,205.73611111111111
2023-12-21 20:00:00+00:00,9408.665833333333,9408.665833333333
2023-12-21 21:00:00+00:00,359.48055555555555,359.48055555555555
2023-12-21 22:00:00+00:00,427.4288888888889,427.4288888888889
2023-12-21 23:00:00+00:00,8590.887222222222,8590.887222222222
2023-12-22 00:00:00+00:00,369.4680555555556,369.4680555555556
2023-12-22 01:00:00+00:00,144.1761111111111,144.1761111111111
2023-12-22 02:00:00+00:00,124.04305555555555,124.04305555555555
2023-12-22 03:00:00+00:00,327.45222222222225,327.45222222222225
2023-12-22 04:00:00+00:00,13825.014166666666,13825.014166666666
2023-12-22 05:00:00+00:00,20442.49555555556,0.0
2023-12-22 06:00:00+00:00,5724.801944444444,5724.801944444444
2023-12-22 07:00:00+00:00,5529.461944444444,5529.461944444444
2023-12-22 08:00:00+00:00,5069.236666666667,0.0
2023-12-22 09:00:00+00:00,3549.6016666666665,3549.6016666666665
2023-12-22 10:00:00+00:00,223.2825,223.2825
2023-12-22 11:00:00+00:00,228.07666666666665,228.07666666666665
2023-12-22 12:00:00+00:00,342.16277777777776,342.16277777777776
2023-12-22 13:00:00+00:00,348.0177777777778,348.0177777777778
2023-12-22 14:00:00+00:00,123.58027777777778,0.0
2023-12-22 15:00:00+00:00,496.2425,496.2425
2023-12-22 16:00:00+00:00,151.01527777777778,151.01527777777778
2023-12-22 17:00:00+00:00,135.26638888888888,135.26638888888888
2023-12-22 18:00:00+00:00,413.9616666666666,413.9616666666666
2023-12-22 19:00:00+00:00,414.1158333333333,414.1158333333333
2023-12-22 20:00:00+00:00,948.8852777777778,948.8852777777778
2023-12-22 21:00:00+00:00,304.7205555555556,304.7205555555556
2023-12-22 22:00:00+00:00,3684.9202777777778,3684.9202777777778
2023-12-22 23:00:00+00:00,442.2330555555556,442.2330555555556
2023-12-23 00:00:00+00:00,384.3272222222223,384.3272222222223
2023-12-23 01:00:00+00:00,167.28194444444443,167.28194444444443
2023-12-23 02:00:00+00:00,329.9791666666667,329.9791666666667
2023-12-23 03:00:00+00:00,140.09333333333333,0.0
2023-12-23 04:00:00+00:00,434.3544444444444,434.3544444444444
2023-12-23 05:00:00+00:00,309.4088888888889,309.4088888888889
2023-12-23 06:00:00+00:00,298.7113888888889,298.7113888888889
2023-12-23 07:00:00+00:00,327.6119444444444,0.0
2023-12-23 08:00:00+00:00,719.4563888888889,719.4563888888889
2023-12-23 09:00:00+00:00,404.1625,404.1625
2023-12-23 10:00:00+00:00,233.14777777777775,0.0
2023-12-23 11:00:00+00:00,207.98055555555555,207.98055555555555
2023-12-23 12:00:00+00:00,159.12222222222223,159.12222222222223
2023-12-23 13:00:00+00:00,239.20166666666665,239.20166666666665
2023-12-23 14:00:00+00:00,13397.041388888889,13397.041388888889
2023-12-23 15:00:00+00:00,528.625,528.625
2023-12-23 16:00:00+00:00,206.28583333333333,206.28583333333333
2023-12-23 17:00:00+00:00,229.12972222222223,229.12972222222223
2023-12-23 18:00:00+00:00,171.4127777777778,171.4127777777778
2023-12-23 19:00:00+00:00,519.4533333333334,519.4533333333334
2023-12-23 20:00:00+00:00,1536.375,1536.375
2023-12-23 21:00:00+00:00,1839.5077777777776,1839.5077777777776
2023-12-23 22:00:00+00:00,662.7444444444444,662.7444444444444
2023-12-23 23:00:00+00:00,264.19638888888886,264.19638888888886
2023-12-24 00:00:00+00:00,992.8766666666668,992.8766666666668
2023-12-24 01:00:00+00:00,556.1916666666667,556.1916666666667
2023-12-24 02:00:00+00:00,3396.088333333333,0.0
2023-12-24 03:00:00+00:00,126.11805555555556,126.11805555555556
2023-12-24 04:00:00+00:00,540.1402777777778,540.1402777777778
2023-12-24 05:00:00+00:00,616.6722222222222,616.6722222222222
2023-12-24 06:00:00+00:00,890.1627777777778,890.1627777777778
2023-12-24 07:00:00+00:00,1016.3147222222224,1016.3147222222224
2023-12-24 08:00:00+00:00,1197.225,1197.225
2023-12-24 09:00:00+00:00,102.91333333333333,102.91333333333333
2023-12-24 10:00:00+00:00,576.6716666666666,0.0
2023-12-24 11:00:00+00:00,319.01444444444445,319.01444444444445
2023-12-24 12:00:00+00:00,275.29527777777776,0.0
2023-12-24 13:00:00+00:00,283.0697222222222,0.0
2023-12-24 14:00:00+00:00,125.61083333333332,125.61083333333332
2023-12-24 15:00:00+00:00,363.5430555555556,363.5430555555556
2023-12-24 16:00:00+00:00,554.0019444444445,554.0019444444445
2023-12-24 17:00:00+00:00,272.4,0.0
2023-12-24 18:00:00+00:00,303.4475,303.4475
2023-12-24 19:00:00+00:00,234.7633333333333,0.0
2023-12-24 20:00:00+00:00,468.3547222222222,468.3547222222222
2023-12-24 21:00:00+00:00,544.4,0.0
2023-12-24 22:00:00+00:00,473.06,473.06
2023-12-24 23:00:00+00:00,548.4911111111111,548.4911111111111
2023-12-25 00:00:00+00:00,546.4561111111111,546.4561111111111
2023-12-25 01:00:00+00:00,324.05444444444447,324.05444444444447
2023-12-25 02:00:00+00:00,342.93,342.93
2023-12-25 03:00:00+00:00,264.2502777777778,264.2502777777778
2023-12-25 04:00:00+00:00,261.95694444444445,261.95694444444445
2023-12-25 05:00:00+00:00,263.68694444444446,263.68694444444446
2023-12-25 06:00:00+00:00,655.7133333333334,655.7133333333334
2023-12-25 07:00:00+00:00,777.055,777.055
2023-12-25 08:00:00+00:00,804.1138888888889,804.1138888888889
2023-12-25 09:00:00+00:00,153.90277777777777,153.90277777777777
2023-12-25 10:00:00+00:00,221.89666666666668,221.89666666666668
2023-12-25 11:00:00+00:00,262.86333333333334,262.86333333333334
2023-12-25 12:00:00+00:00,210.1063888888889,210.1063888888889
2023-12-25 13:00:00+00:00,190.93138888888888,190.93138888888888
2023-12-25 14:00:00+00:00,163.905,163.905
2023-12-25 15:00:00+00:00,710.8833333333333,710.8833333333333
2023-12-25 16:00:00+00:00,726.3069444444444,726.3069444444444
2023-12-25 17:00:00+00:00,1374.6119444444444,1374.6119444444444
2023-12-25 18:00:00+00:00,253.92305555555555,253.92305555555555
2023-12-25 19:00:00+00:00,289.7602777777778,289.7602777777778
2023-12-25 20:00:00+00:00,223.61,223.61
2023-12-25 21:00:00+00:00,416.9063888888889,416.9063888888889
2023-12-25 22:00:00+00:00,229.94944444444445,229.94944444444445
2023-12-25 23:00:00+00:00,697.8552777777778,697.8552777777778
2023-12-26 00:00:00+00:00,1416.5497222222225,1416.5497222222225
2023-12-26 01:00:00+00:00,496.49916666666667,496.49916666666667
2023-12-26 02:00:00+00:00,349.77666666666664,349.77666666666664
2023-12-26 03:00:00+00:00,136.71666666666667,136.71666666666667
2023-12-26 04:00:00+00:00,335.0011111111112,335.0011111111112
2023-12-26 05:00:00+00:00,127.98444444444443,127.98444444444443
2023-12-26 06:00:00+00:00,284.3619444444444,284.3619444444444
2023-12-26 07:00:00+00:00,16092.480555555556,16092.480555555556
2023-12-26 08:00:00+00:00,5480.666388888889,5480.666388888889
2023-12-26 09:00:00+00:00,5764.350833333333,5764.350833333333
2023-12-26 10:00:00+00:00,425.3375,425.3375
2023-12-26 11:00:00+00:00,132.90722222222223,132.90722222222223
2023-12-26 12:00:00+00:00,677.7361111111111,677.7361111111111
2023-12-26 13:00:00+00:00,245.50444444444443,245.50444444444443
2023-12-26 14:00:00+00:00,301.9916666666667,301.9916666666667
2023-12-26 15:00:00+00:00,297.7908333333333,0.0
2023-12-26 16:00:00+00:00,642.8875,0.0
2023-12-26 17:00:00+00:00,224.20277777777775,224.20277777777775
2023-12-26 18:00:00+00:00,648.0111111111111,648.0111111111111
2023-12-26 19:00:00+00:00,853.0094444444444,853.0094444444444
2023-12-26 20:00:00+00:00,422.8183333333333,422.8183333333333
2023-12-26 21:00:00+00:00,230.9988888888889,230.9988888888889
2023-12-26 22:00:00+00:00,897.9147222222222,0.0
2023-12-26 23:00:00+00:00,254.11444444444444,254.11444444444444
2023-12-27 00:00:00+00:00,183.9411111111111,0.0
2023-12-27 01:00:00+00:00,145.44472222222225,145.44472222222225
2023-12-27 02:00:00+00:00,538.1369444444445,538.1369444444445
2023-12-27 03:00:00+00:00,524.0944444444444,0.0
2023-12-27 04:00:00+00:00,94.45805555555556,0.0
2023-12-27 05:00:00+00:00,2548.333888888889,2548.333888888889
2023-12-27 06:00:00+00:00,673.14,0.0
2023-12-27 07:00:00+00:00,499.4005555555556,499.4005555555556
2023-12-27 08:00:00+00:00,6018.275,0.0
2023-12-27 09:00:00+00:00,441.2727777777778,441.2727777777778
2023-12-27 10:00:00+00:00,2447.0144444444445,2447.0144444444445
2023-12-27 11:00:00+00:00,461.9655555555556,461.9655555555556
2023-12-27 12:00:00+00:00,194.655,0.0
2023-12-27 13:00:00+00:00,138.58444444444444,138.58444444444444
2023-12-27 14:00:00+00:00,201.63694444444445,201.63694444444445
2023-12-27 15:00:00+00:00,354.7038888888889,0.0
2023-12-27 16:00:00+00:00,277.7705555555556,0.0
2023-12-27 17:00:00+00:00,136.94083333333333,136.94083333333333
2023-12-27 18:00:00+00:00,317.81666666666666,317.81666666666666
2023-12-27 19:00:00+00:00,216.01388888888889,0.0
2023-12-27 20:00:00+00:00,345.2555555555556,345.2555555555556
2023-12-27 21:00:00+00:00,159.7525,159.7525
2023-12-27 22:00:00+00:00,276.37388888888887,276.37388888888887
2023-12-27 23:00:00+00:00,359.8930555555556,359.8930555555556
2023-12-28 00:00:00+00:00,119.91583333333334,119.91583333333334
2023-12-28 01:00:00+00:00,245.16444444444448,245.16444444444448
2023-12-28 02:00:00+00:00,247.4875,247.4875
2023-12-28 03:00:00+00:00,86.79916666666666,86.79916666666666
2023-12-28 04:00:00+00:00,532.1661111111111,532.1661111111111
2023-12-28 05:00:00+00:00,162.47055555555556,162.47055555555556
2023-12-28 06:00:00+00:00,2683.0375,0.0
2023-12-28 07:00:00+00:00,914.5872222222222,914.5872222222222
2023-12-28 08:00:00+00:00,335.2386111111111,335.2386111111111
2023-12-28 09:00:00+00:00,483.4788888888889,0.0
2023-12-28 10:00:00+00:00,178.42277777777778,178.42277777777778
2023-12-28 11:00:00+00:00,177.0413888888889,177.0413888888889
2023-12-28 12:00:00+00:00,495.66333333333336,495.66333333333336
2023-12-28 13:00:00+00:00,178.0811111111111,178.0811111111111
2023-12-28 14:00:00+00:00,353.3519444444444,353.3519444444444
2023-12-28 15:00:00+00:00,1902.4675,1902.4675
2023-12-28 16:00:00+00:00,2970.768888888889,0.0
2023-12-28 17:00:00+00:00,379.4013888888889,379.4013888888889
2023-12-28 18:00:00+00:00,204.85805555555555,204.85805555555555
2023-12-28 19:00:00+00:00,597.1105555555556,597.1105555555556
2023-12-28 20:00:00+00:00,155.52666666666667,0.0
2023-12-28 21:00:00+00:00,406.7738888888889,406.7738888888889
2023-12-28 22:00:00+00:00,1133.4469444444444,1133.4469444444444
2023-12-28 23:00:00+00:00,555.8680555555555,555.8680555555555
2023-12-29 00:00:00+00:00,199.54861111111111,0.0
2023-12-29 01:00:00+00:00,99.89416666666666,99.89416666666666
2023-12-29 02:00:00+00:00,464.7238888888889,464.7238888888889
2023-12-29 03:00:00+00:00,227.9025,227.9025
2023-12-29 04:00:00+00:00,373.48,373.48
2023-12-29 05:00:00+00:00,247.17944444444444,0.0
2023-12-29 06:00:00+00:00,512.4466666666667,512.4466666666667
2023-12-29 07:00:00+00:00,367.50055555555554,367.50055555555554
2023-12-29 08:00:00+00:00,175.2463888888889,0.0
2023-12-29 09:00:00+00:00,184.0858333333333,184.0858333333333
2023-12-29 10:00:00+00:00,539.2977777777778,539.2977777777778
2023-12-29 11:00:00+00:00,927.2975,927.2975
2023-12-29 12:00:00+00:00,561.8083333333333,561.8083333333333
2023-12-29 13:00:00+00:00,232.15833333333333,232.15833333333333
2023-12-29 14:00:00+00:00,565.8152777777777,0.0
2023-12-29 15:00:00+00:00,99.82611111111112,99.82611111111112
2023-12-29 16:00:00+00:00,323.01222222222225,323.01222222222225
2023-12-29 17:00:00+00:00,380.375,380.375
2023-12-29 18:00:00+00:00,216.49527777777777,216.49527777777777
2023-12-29 19:00:00+00:00,456.44416666666666,456.44416666666666
2023-12-29 20:00:00+00:00,347.99555555555554,0.0
2023-12-29 21:00:00+00:00,371.2263888888889,371.2263888888889
2023-12-29 22:00:00+00:00,3628.6691666666666,0.0
2023-12-29 23:00:00+00:00,143.13833333333332,143.13833333333332
2023-12-30 00:00:00+00:00,331.02416666666664,331.02416666666664
2023-12-30 01:00:00+00:00,485.6827777777778,485.6827777777778
2023-12-30 02:00:00+00:00,492.5255555555556,492.5255555555556
2023-12-30 03:00:00+00:00,415.9938888888889,415.9938888888889
2023-12-30 04:00:00+00:00,150.33305555555555,150.33305555555555
2023-12-30 05:00:00+00:00,1067.9391666666668,1067.9391666666668
2023-12-30 06:00:00+00:00,390.1311111111111,390.1311111111111
2023-12-30 07:00:00+00:00,387.19944444444445,0.0
2023-12-30 08:00:00+00:00,481.8269444444445,481.8269444444445
2023-12-30 09:00:00+00:00,306.42583333333334,306.42583333333334
2023-12-30 10:00:00+00:00,230.58,230.58
2023-12-30 11:00:00+00:00,280.4913888888889,280.4913888888889
2023-12-30 12:00:00+00:00,2268.751111111111,2268.751111111111
2023-12-30 13:00:00+00:00,232.1925,232.1925
2023-12-30 14:00:00+00:00,76.56277777777778,76.56277777777778
2023-12-30 15:00:00+00:00,248.59333333333333,248.59333333333333
2023-12-30 16:00:00+00:00,227.4113888888889,227.4113888888889
2023-12-30 17:00:00+00:00,700.3236111111111,700.3236111111111
2023-12-30 18:00:00+00:00,1019.8491666666666,1019.8491666666666
2023-12-30 19:00:00+00:00,395.8405555555556,395.8405555555556
2023-12-30 20:00:00+00:00,598.8761111111111,598.8761111111111
2023-12-30 21:00:00+00:00,515.5516666666666,515.5516666666666
2023-12-30 22:00:00+00:00,359.94055555555553,0.0
2023-12-30 23:00:00+00:00,688.0780555555556,0.0
2023-12-31 00:00:00+00:00,174.08944444444444,174.08944444444444
2023-12-31 01:00:00+00:00,295.7938888888889,295.7938888888889
2023-12-31 02:00:00+00:00,370.6438888888889,0.0
2023-12-31 03:00:00+00:00,627.1863888888889,627.1863888888889
2023-12-31 04:00:00+00:00,106.03,106.03
2023-12-31 05:00:00+00:00,1271.7641666666666,1271.7641666666666
2023-12-31 06:00:00+00:00,388.1286111111111,388.1286111111111
2023-12-31 07:00:00+00:00,135.39916666666667,135.39916666666667
2023-12-31 08:00:00+00:00,293.1591666666667,293.1591666666667
2023-12-31 09:00:00+00:00,96.67555555555556,96.67555555555556
2023-12-31 10:00:00+00:00,150.73583333333335,150.73583333333335
2023-12-31 11:00:00+00:00,97.55222222222224,97.55222222222224
2023-12-31 12:00:00+00:00,359.87638888888887,359.87638888888887
2023-12-31 13:00:00+00:00,402.7755555555556,0.0
2023-12-31 14:00:00+00:00,619.2541666666667,619.2541666666667
2023-12-31 15:00:00+00:00,259.8383333333333,259.8383333333333
2023-12-31 16:00:00+00:00,365.4194444444444,0.0
2023-12-31 17:00:00+00:00,178.09222222222223,0.0
2023-12-31 18:00:00+00:00,388.50388888888887,388.50388888888887
2023-12-31 19:00:00+00:00,555.9266666666666,0.0
2023-12-31 20:00:00+00:00,274.3627777777777,274.3627777777777
2023-12-31 21:00:00+00:00,370.2413888888889,0.0
2023-12-31 22:00:00+00:00,3459.978611111111,3459.978611111111
2023-12-31 23:00:00+00:00,238.39805555555557,238.39805555555557
2024-01-01 00:00:00+00:00,404.96,404.96
2024-01-01 01:00:00+00:00,246.54472222222225,246.54472222222225
2024-01-01 02:00:00+00:00,311.0522222222222,0.0
2024-01-01 03:00:00+00:00,234.12,234.12
2024-01-01 04:00:00+00:00,147.2447222222222,147.2447222222222
2024-01-01 05:00:00+00:00,352.195,352.195
2024-01-01 06:00:00+00:00,292.3911111111111,0.0
2024-01-01 07:00:00+00:00,278.0458333333333,0.0
2024-01-01 08:00:00+00:00,810.8305555555555,810.8305555555555
2024-01-01 09:00:00+00:00,595.6302777777778,595.6302777777778
2024-01-01 10:00:00+00:00,115.21666666666668,115.21666666666668
2024-01-01 11:00:00+00:00,125.54222222222222,125.54222222222222
2024-01-01 12:00:00+00:00,89.0886111111111,89.0886111111111
2024-01-01 13:00:00+00:00,160.11555555555557,160.11555555555557
2024-01-01 14:00:00+00:00,242.7255555555556,242.7255555555556
2024-01-01 15:00:00+00:00,235.445,0.0
2024-01-01 16:00:00+00:00,383.56305555555554,383.56305555555554
2024-01-01 17:00:00+00:00,486.8525,486.8525
2024-01-01 18:00:00+00:00,689.6219444444445,689.6219444444445
2024-01-01 19:00:00+00:00,557.3813888888889,0.0
2024-01-01 20:00:00+00:00,242.4272222222222,242.4272222222222
2024-01-01 21:00:00+00:00,385.0411111111111,385.0411111111111
2024-01-01 22:00:00+00:00,216.68777777777777,0.0
2024-01-01 23:00:00+00:00,183.2488888888889,183.2488888888889
2024-01-02 00:00:00+00:00,103.545,103.545
2024-01-02 01:00:00+00:00,112.69638888888888,112.69638888888888
2024-01-02 02:00:00+00:00,344.27166666666665,344.27166666666665
2024-01-02 03:00:00+00:00,68.35416666666667,68.35416666666667
2024-01-02 04:00:00+00:00,3584.9180555555554,3584.9180555555554
2024-01-02 05:00:00+00:00,4529.038611111111,4529.038611111111
2024-01-02 06:00:00+00:00,3123.058055555556,0.0
2024-01-02 07:00:00+00:00,2032.5702777777776,2032.5702777777776
2024-01-02 08:00:00+00:00,4436.645277777778,4436.645277777778
2024-01-02 09:00:00+00:00,6770.028333333334,0.0
2024-01-02 10:00:00+00:00,2539.7825,2539.7825
2024-01-02 11:00:00+00:00,4601.520833333333,4601.520833333333
2024-01-02 12:00:00+00:00,1242.2047222222222,0.0
2024-01-02 13:00:00+00:00,654.7677777777777,654.7677777777777
2024-01-02 14:00:00+00:00,304.5702777777778,304.5702777777778
2024-01-02 15:00:00+00:00,345.62833333333333,345.62833333333333
2024-01-02 16:00:00+00:00,274.32694444444445,274.32694444444445
2024-01-02 17:00:00+00:00,151.2861111111111,151.2861111111111
2024-01-02 18:00:00+00:00,516.3302777777777,516.3302777777777
2024-01-02 19:00:00+00:00,402.6908333333333,0.0
2024-01-02 20:00:00+00:00,77.55611111111111,0.0
2024-01-02 21:00:00+00:00,193.68777777777777,193.68777777777777
2024-01-02 22:00:00+00:00,90.6211111111111,90.6211111111111
2024-01-02 23:00:00+00:00,152.4463888888889,152.4463888888889
2024-01-03 00:00:00+00:00,295.0461111111111,0.0
2024-01-03 01:00:00+00:00,103.89444444444445,103.89444444444445
2024-01-03 02:00:00+00:00,292.5527777777778,292.5527777777778
2024-01-03 03:00:00+00:00,1212.1166666666666,1212.1166666666666
2024-01-03 04:00:00+00:00,160081.42444444445,160081.42444444445
2024-01-03 05:00:00+00:00,410365.25583333336,410365.25583333336
2024-01-03 06:00:00+00:00,364992.96472222224,364992.96472222224
2024-01-03 07:00:00+00:00,563662.6058333333,563662.6058333333
2024-01-03 08:00:00+00:00,303566.1797222222,303566.1797222222
2024-01-03 09:00:00+00:00,308704.7036111111,308704.7036111111
2024-01-03 10:00:00+00:00,3408597.713055556,3408597.713055556
2024-01-03 11:00:00+00:00,221614.6963888889,221614.6963888889
2024-01-03 12:00:00+00:00,186870.88555555555,186870.88555555555
2024-01-03 13:00:00+00:00,21416.165,21416.165
2024-01-03 14:00:00+00:00,28195.23222222222,0.0
2024-01-03 15:00:00+00:00,498.57166666666666,498.57166666666666
2024-01-03 16:00:00+00:00,5865.852222222222,0.0
2024-01-03 17:00:00+00:00,861.7861111111112,861.7861111111112
2024-01-03 18:00:00+00:00,437.7752777777778,437.7752777777778
2024-01-03 19:00:00+00:00,286.34,286.34
2024-01-03 20:00:00+00:00,200.14888888888888,0.0
2024-01-03 21:00:00+00:00,346.2438888888889,346.2438888888889
2024-01-03 22:00:00+00:00,1006.7825,1006.7825
2024-01-03 23:00:00+00:00,344.25194444444446,344.25194444444446
2024-01-04 00:00:00+00:00,576.3261111111111,576.3261111111111
2024-01-04 01:00:00+00:00,260.4705555555556,260.4705555555556
2024-01-04 02:00:00+00:00,167.27333333333334,167.27333333333334
2024-01-04 03:00:00+00:00,1177.6894444444445,1177.6894444444445
2024-01-04 04:00:00+00:00,48790.434166666666,48790.434166666666
2024-01-04 05:00:00+00:00,219410.61277777777,219410.61277777777
2024-01-04 06:00:00+00:00,342036.75,342036.75
2024-01-04 07:00:00+00:00,406224.3663888889,406224.3663888889
2024-01-04 08:00:00+00:00,314428.4813888889,314428.4813888889
2024-01-04 09:00:00+00:00,290572.2597222222,0.0
2024-01-04 10:00:00+00:00,405250.3786111111,405250.3786111111
2024-01-04 11:00:00+00:00,261672.17777777775,0.0
2024-01-04 12:00:00+00:00,237631.95,237631.95
2024-01-04 13:00:00+00:00,182199.35416666663,182199.35416666663
2024-01-04 14:00:00+00:00,50588.33888888889,0.0
2024-01-04 15:00:00+00:00,16612.178888888888,16612.178888888888
2024-01-04 16:00:00+00:00,376.6477777777778,376.6477777777778
2024-01-04 17:00:00+00:00,1380.8469444444445,1380.8469444444445
2024-01-04 18:00:00+00:00,793.98,793.98
2024-01-04 19:00:00+00:00,336.0813888888889,336.0813888888889
2024-01-04 20:00:00+00:00,231.89222222222224,231.89222222222224
2024-01-04 21:00:00+00:00,332.8205555555556,332.8205555555556
2024-01-04 22:00:00+00:00,1062.7105555555556,0.0
2024-01-04 23:00:00+00:00,180.64527777777775,180.64527777777775
2024-01-05 00:00:00+00:00,1271.361388888889,1271.361388888889
2024-01-05 01:00:00+00:00,732.3547222222222,0.0
2024-01-05 02:00:00+00:00,107263.54194444444,107263.54194444444
2024-01-05 03:00:00+00:00,2506.353611111111,0.0
2024-01-05 04:00:00+00:00,77504.55805555555,77504.55805555555
2024-01-05 05:00:00+00:00,290243.8311111111,290243.8311111111
2024-01-05 06:00:00+00:00,382931.1838888889,0.0
2024-01-05 07:00:00+00:00,356336.0758333333,0.0
2024-01-05 08:00:00+00:00,374780.0913888889,374780.0913888889
2024-01-05 09:00:00+00:00,314066.5594444444,314066.5594444444
2024-01-05 10:00:00+00:00,255599.42666666667,0.0
2024-01-05 11:00:00+00:00,96743.43777777778,96743.43777777778
2024-01-05 12:00:00+00:00,51923.83472222222,0.0
2024-01-05 13:00:00+00:00,634.4622222222222,634.4622222222222
2024-01-05 14:00:00+00:00,186.3494444444445,186.3494444444445
2024-01-05 15:00:00+00:00,225.43833333333333,225.43833333333333
2024-01-05 16:00:00+00:00,739.595,739.595
2024-01-05 17:00:00+00:00,192.54305555555555,0.0
2024-01-05 18:00:00+00:00,884.9927777777777,0.0
2024-01-05 19:00:00+00:00,379.2105555555556,379.2105555555556
2024-01-05 20:00:00+00:00,410.1766666666667,410.1766666666667
2024-01-05 21:00:00+00:00,204.94916666666663,204.94916666666663
2024-01-05 22:00:00+00:00,473.9130555555556,473.9130555555556
2024-01-05 23:00:00+00:00,319.21694444444444,319.21694444444444
2024-01-06 00:00:00+00:00,263.6016666666667,263.6016666666667
2024-01-06 01:00:00+00:00,138.10861111111112,138.10861111111112
2024-01-06 02:00:00+00:00,121.56944444444444,121.56944444444444
2024-01-06 03:00:00+00:00,341.2191666666667,341.2191666666667
2024-01-06 04:00:00+00:00,192929.91055555557,192929.91055555557
2024-01-06 05:00:00+00:00,62.12638888888889,62.12638888888889
2024-01-06 06:00:00+00:00,81.97722222222222,81.97722222222222
2024-01-06 07:00:00+00:00,231.54472222222225,231.54472222222225
2024-01-06 08:00:00+00:00,786.3102777777777,786.3102777777777
2024-01-06 09:00:00+00:00,125.29555555555557,125.29555555555557
2024-01-06 10:00:00+00:00,167.70333333333335,167.70333333333335
2024-01-06 11:00:00+00:00,139.44194444444443,0.0
2024-01-06 12:00:00+00:00,244.6266666666667,244.6266666666667
2024-01-06 13:00:00+00:00,166.87833333333333,166.87833333333333
2024-01-06 14:00:00+00:00,105.7238888888889,0.0
2024-01-06 15:00:00+00:00,941.6861111111112,941.6861111111112
2024-01-06 16:00:00+00:00,339.1722222222222,0.0
2024-01-06 17:00:00+00:00,219.09166666666667,219.09166666666667
2024-01-06 18:00:00+00:00,261.8538888888889,261.8538888888889
2024-01-06 19:00:00+00:00,377.8088888888889,377.8088888888889
2024-01-06 20:00:00+00:00,465.1491666666666,465.1491666666666
2024-01-06 21:00:00+00:00,186.68027777777775,0.0
2024-01-06 22:00:00+00:00,203.99027777777775,203.99027777777775
2024-01-06 23:00:00+00:00,183.5613888888889,183.5613888888889
2024-01-07 00:00:00+00:00,100.88388888888888,0.0
2024-01-07 01:00:00+00:00,753.1338888888889,753.1338888888889
2024-01-07 02:00:00+00:00,129.42388888888888,129.42388888888888
2024-01-07 03:00:00+00:00,74.32111111111111,74.32111111111111
2024-01-07 04:00:00+00:00,134.69333333333333,134.69333333333333
2024-01-07 05:00:00+00:00,175.2913888888889,175.2913888888889
2024-01-07 06:00:00+00:00,245.23916666666668,245.23916666666668
2024-01-07 07:00:00+00:00,1217.0272222222222,1217.0272222222222
2024-01-07 08:00:00+00:00,496.9258333333333,496.9258333333333
2024-01-07 09:00:00+00:00,323.42805555555555,323.42805555555555
2024-01-07 10:00:00+00:00,86.90722222222222,86.90722222222222
2024-01-07 11:00:00+00:00,262.7275,262.7275
2024-01-07 12:00:00+00:00,188.00916666666663,188.00916666666663
2024-01-07 13:00:00+00:00,116.69611111111112,116.69611111111112
2024-01-07 14:00:00+00:00,150.83555555555554,0.0
2024-01-07 15:00:00+00:00,179.40694444444443,179.40694444444443
2024-01-07 16:00:00+00:00,246.285,246.285
2024-01-07 17:00:00+00:00,482.11027777777775,482.11027777777775
2024-01-07 18:00:00+00:00,1768.2602777777777,1768.2602777777777
2024-01-07 19:00:00+00:00,347.6605555555556,347.6605555555556
2024-01-07 20:00:00+00:00,345.72333333333336,345.72333333333336
2024-01-07 21:00:00+00:00,257.7555555555556,257.7555555555556
2024-01-07 22:00:00+00:00,253.4413888888889,253.4413888888889
2024-01-07 23:00:00+00:00,331.8308333333333,331.8308333333333
2024-01-08 00:00:00+00:00,565.8686111111111,0.0
2024-01-08 01:00:00+00:00,186.1808333333333,186.1808333333333
2024-01-08 02:00:00+00:00,122.30666666666669,0.0
2024-01-08 03:00:00+00:00,5419.980833333333,5419.980833333333
2024-01-08 04:00:00+00:00,40876.67361111111,40876.67361111111
2024-01-08 05:00:00+00:00,307896.3930555555,307896.3930555555
2024-01-08 06:00:00+00:00,409522.465,409522.465
2024-01-08 07:00:00+00:00,261909.54944444445,0.0
2024-01-08 08:00:00+00:00,314703.5958333333,314703.5958333333
2024-01-08 09:00:00+00:00,281177.09972222225,281177.09972222225
2024-01-08 10:00:00+00:00,247844.82194444444,0.0
2024-01-08 11:00:00+00:00,229410.4905555556,229410.4905555556
2024-01-08 12:00:00+00:00,188380.17194444445,188380.17194444445
2024-01-08 13:00:00+00:00,112194.33194444444,0.0
2024-01-08 14:00:00+00:00,27269.58611111111,27269.58611111111
2024-01-08 15:00:00+00:00,20041.34138888889,20041.34138888889
2024-01-08 16:00:00+00:00,3001.9827777777778,3001.9827777777778
2024-01-08 17:00:00+00:00,1525.092777777778,0.0
2024-01-08 18:00:00+00:00,26460.216666666667,26460.216666666667
2024-01-08 19:00:00+00:00,680.0394444444445,680.0394444444445
2024-01-08 20:00:00+00:00,487.5086111111111,0.0
2024-01-08 21:00:00+00:00,65656.26722222222,65656.26722222222
2024-01-08 22:00:00+00:00,73.06694444444445,73.06694444444445
2024-01-08 23:00:00+00:00,38.66111111111111,38.66111111111111
2024-01-09 00:00:00+00:00,99.03861111111112,99.03861111111112
2024-01-09 01:00:00+00:00,29.052222222222223,0.0
2024-01-09 02:00:00+00:00,280.8111111111112,0.0
2024-01-09 03:00:00+00:00,1812.3827777777776,1812.3827777777776
2024-01-09 04:00:00+00:00,23405.16388888889,23405.16388888889
2024-01-09 05:00:00+00:00,272607.40222222224,272607.40222222224
2024-01-09 06:00:00+00:00,924742.5175,924742.5175
2024-01-09 07:00:00+00:00,294858.5938888889,294858.5938888889
2024-01-09 08:00:00+00:00,225819.9833333333,0.0
2024-01-09 09:00:00+00:00,261984.50833333333,0.0
2024-01-09 10:00:00+00:00,281420.3377777777,281420.3377777777
2024-01-09 11:00:00+00:00,306853.31888888887,306853.31888888887
2024-01-09 12:00:00+00:00,172003.28166666668,172003.28166666668
2024-01-09 13:00:00+00:00,104144.6875,104144.6875
2024-01-09 14:00:00+00:00,55625.68055555556,55625.68055555556
2024-01-09 15:00:00+00:00,25966.823333333334,25966.823333333334
2024-01-09 16:00:00+00:00,15802.726388888888,0.0
2024-01-09 17:00:00+00:00,5875.815833333333,5875.815833333333
2024-01-09 18:00:00+00:00,15534.47,15534.47
2024-01-09 19:00:00+00:00,7938.951388888889,7938.951388888889
2024-01-09 20:00:00+00:00,231.38583333333327,0.0
2024-01-09 21:00:00+00:00,3527.5094444444444,0.0
2024-01-09 22:00:00+00:00,7736.298888888888,7736.298888888888
2024-01-09 23:00:00+00:00,358.8313888888889,358.8313888888889
2024-01-10 00:00:00+00:00,385.81416666666667,385.81416666666667
2024-01-10 01:00:00+00:00,267.2963888888889,0.0
2024-01-10 02:00:00+00:00,524.3247222222222,524.3247222222222
2024-01-10 03:00:00+00:00,15818.425555555556,15818.425555555556
2024-01-10 04:00:00+00:00,217619.88777777777,217619.88777777777
2024-01-10 05:00:00+00:00,396107.44138888887,0.0
2024-01-10 06:00:00+00:00,404412.6841666666,404412.6841666666
2024-01-10 07:00:00+00:00,350727.7377777778,350727.7377777778
2024-01-10 08:00:00+00:00,383677.21055555553,383677.21055555553
2024-01-10 09:00:00+00:00,361165.4330555556,361165.4330555556
2024-01-10 10:00:00+00:00,255977.51666666663,0.0
2024-01-10 11:00:00+00:00,334603.76194444444,334603.76194444444
2024-01-10 12:00:00+00:00,199758.0933333333,199758.0933333333
2024-01-10 13:00:00+00:00,58790.28194444445,58790.28194444445
2024-01-10 14:00:00+00:00,4882.029722222223,0.0
2024-01-10 15:00:00+00:00,2650.473055555556,2650.473055555556
2024-01-10 16:00:00+00:00,2767.967222222222,2767.967222222222
2024-01-10 17:00:00+00:00,916.5730555555556,916.5730555555556
2024-01-10 18:00:00+00:00,582.8955555555556,582.8955555555556
2024-01-10 19:00:00+00:00,721.7025,721.7025
2024-01-10 20:00:00+00:00,201.0511111111111,201.0511111111111
2024-01-10 21:00:00+00:00,670.5105555555556,670.5105555555556
2024-01-10 22:00:00+00:00,477.53,477.53
2024-01-10 23:00:00+00:00,319.755,319.755
2024-01-11 00:00:00+00:00,823.5644444444445,823.5644444444445
2024-01-11 01:00:00+00:00,40898.700833333336,40898.700833333336
2024-01-11 02:00:00+00:00,402.0444444444444,402.0444444444444
2024-01-11 03:00:00+00:00,1467.5930555555556,0.0
2024-01-11 04:00:00+00:00,49953.34333333333,49953.34333333333
2024-01-11 05:00:00+00:00,290400.0516666667,290400.0516666667
2024-01-11 06:00:00+00:00,296398.9136111111,296398.9136111111
2024-01-11 07:00:00+00:00,292072.53555555554,292072.53555555554
2024-01-11 08:00:00+00:00,304858.45916666667,0.0
2024-01-11 09:00:00+00:00,301424.86916666664,301424.86916666664
2024-01-11 10:00:00+00:00,254213.8113888889,0.0
2024-01-11 11:00:00+00:00,318484.5225,318484.5225
2024-01-11 12:00:00+00:00,426984.5602777778,426984.5602777778
2024-01-11 13:00:00+00:00,81846.03111111111,81846.03111111111
2024-01-11 14:00:00+00:00,16893.580555555556,16893.580555555556
2024-01-11 15:00:00+00:00,11230.924444444445,11230.924444444445
2024-01-11 16:00:00+00:00,3268.9836111111117,3268.9836111111117
2024-01-11 17:00:00+00:00,451.12694444444446,451.12694444444446
2024-01-11 18:00:00+00:00,850.1025,850.1025
2024-01-11 19:00:00+00:00,754.1777777777778,754.1777777777778
2024-01-11 20:00:00+00:00,1034.5611111111111,0.0
2024-01-11 21:00:00+00:00,1354.0866666666666,1354.0866666666666
2024-01-11 22:00:00+00:00,9527.546666666669,9527.546666666669
2024-01-11 23:00:00+00:00,720.2638888888889,720.2638888888889
2024-01-12 00:00:00+00:00,3075.1705555555554,3075.1705555555554
2024-01-12 01:00:00+00:00,1711.5569444444443,1711.5569444444443
2024-01-12 02:00:00+00:00,2280.344722222222,0.0
2024-01-12 03:00:00+00:00,1159.683888888889,1159.683888888889
2024-01-12 04:00:00+00:00,131137.45583333334,131137.45583333334
2024-01-12 05:00:00+00:00,324367.5813888889,324367.5813888889
2024-01-12 06:00:00+00:00,369465.4977777778,0.0
2024-01-12 07:00:00+00:00,398685.45416666666,398685.45416666666
2024-01-12 08:00:00+00:00,365760.1744444444,365760.1744444444
2024-01-12 09:00:00+00:00,370979.0286111111,0.0
2024-01-12 10:00:00+00:00,310729.0530555556,310729.0530555556
2024-01-12 11:00:00+00:00,127690.09472222222,127690.09472222222
2024-01-12 12:00:00+00:00,55654.89944444445,55654.89944444445
2024-01-12 13:00:00+00:00,41106.18138888889,41106.18138888889
2024-01-12 14:00:00+00:00,25649.616388888888,25649.616388888888
2024-01-12 15:00:00+00:00,4514.981111111111,4514.981111111111
2024-01-12 16:00:00+00:00,357.62388888888887,0.0
2024-01-12 17:00:00+00:00,161.23916666666668,161.23916666666668
2024-01-12 18:00:00+00:00,1054.003888888889,0.0
2024-01-12 19:00:00+00:00,982.2769444444444,0.0
2024-01-12 20:00:00+00:00,451.6672222222222,451.6672222222222
2024-01-12 21:00:00+00:00,550.9875,550.9875
2024-01-12 22:00:00+00:00,1012.4363888888888,1012.4363888888888
2024-01-12 23:00:00+00:00,317.96,317.96
2024-01-13 00:00:00+00:00,593.7052777777777,593.7052777777777
2024-01-13 01:00:00+00:00,286.3358333333333,286.3358333333333
2024-01-13 02:00:00+00:00,779.0536111111111,779.0536111111111
2024-01-13 03:00:00+00:00,180.32777777777775,180.32777777777775
2024-01-13 04:00:00+00:00,279.7525,279.7525
2024-01-13 05:00:00+00:00,1671.6927777777778,1671.6927777777778
2024-01-13 06:00:00+00:00,549.1786111111111,549.1786111111111
2024-01-13 07:00:00+00:00,817.2236111111112,817.2236111111112
2024-01-13 08:00:00+00:00,531.2302777777778,0.0
2024-01-13 09:00:00+00:00,188.82416666666663,188.82416666666663
2024-01-13 10:00:00+00:00,793.3316666666667,0.0
2024-01-13 11:00:00+00:00,443.63444444444445,443.63444444444445
2024-01-13 12:00:00+00:00,546.5747222222222,546.5747222222222
2024-01-13 13:00:00+00:00,429.2830555555556,0.0
2024-01-13 14:00:00+00:00,2646.5475,2646.5475
2024-01-13 15:00:00+00:00,162.75833333333333,162.75833333333333
2024-01-13 16:00:00+00:00,612.5197222222222,612.5197222222222
2024-01-13 17:00:00+00:00,459.9905555555556,0.0
2024-01-13 18:00:00+00:00,441.60777777777776,0.0
2024-01-13 19:00:00+00:00,580.2855555555556,580.2855555555556
2024-01-13 20:00:00+00:00,426.93361111111113,0.0
2024-01-13 21:00:00+00:00,573.5466666666666,573.5466666666666
2024-01-13 22:00:00+00:00,3797.425833333333,3797.425833333333
2024-01-13 23:00:00+00:00,396.4497222222223,396.4497222222223
2024-01-14 00:00:00+00:00,407.69416666666666,0.0
2024-01-14 01:00:00+00:00,343.0761111111111,343.0761111111111
2024-01-14 02:00:00+00:00,632.5997222222222,632.5997222222222
2024-01-14 03:00:00+00:00,360.9322222222222,360.9322222222222
2024-01-14 04:00:00+00:00,598.4344444444445,598.4344444444445
2024-01-14 05:00:00+00:00,321.3072222222222,321.3072222222222
2024-01-14 06:00:00+00:00,475.75,0.0
2024-01-14 07:00:00+00:00,647.9552777777777,647.9552777777777
2024-01-14 08:00:00+00:00,183.08194444444445,183.08194444444445
2024-01-14 09:00:00+00:00,558.3552777777778,558.3552777777778
2024-01-14 10:00:00+00:00,850.1258333333334,850.1258333333334
2024-01-14 11:00:00+00:00,361.4255555555556,361.4255555555556
2024-01-14 12:00:00+00:00,230.95472222222224,0.0
2024-01-14 13:00:00+00:00,418.1694444444444,0.0
2024-01-14 14:00:00+00:00,260.54,0.0
2024-01-14 15:00:00+00:00,1422.5258333333334,1422.5258333333334
2024-01-14 16:00:00+00:00,394.95916666666665,394.95916666666665
2024-01-14 17:00:00+00:00,340.68333333333334,340.68333333333334
2024-01-14 18:00:00+00:00,592.5891666666666,0.0
2024-01-14 19:00:00+00:00,724.1355555555556,724.1355555555556
2024-01-14 20:00:00+00:00,437.8572222222222,437.8572222222222
2024-01-14 21:00:00+00:00,34200.36138888889,0.0
2024-01-14 22:00:00+00:00,2277.7208333333333,0.0
2024-01-14 23:00:00+00:00,453.89722222222224,0.0
2024-01-15 00:00:00+00:00,277.03,277.03
2024-01-15 01:00:00+00:00,284.2597222222222,284.2597222222222
2024-01-15 02:00:00+00:00,475.0188888888889,475.0188888888889
2024-01-15 03:00:00+00:00,9766.156388888889,9766.156388888889
2024-01-15 04:00:00+00:00,106511.39861111112,106511.39861111112
2024-01-15 05:00:00+00:00,311971.1377777778,311971.1377777778
2024-01-15 06:00:00+00:00,288785.80333333334,288785.80333333334
2024-01-15 07:00:00+00:00,215177.5433333333,215177.5433333333
2024-01-15 08:00:00+00:00,207737.4086111111,0.0
2024-01-15 09:00:00+00:00,240529.00166666668,240529.00166666668
2024-01-15 10:00:00+00:00,139670.195,0.0
2024-01-15 11:00:00+00:00,209111.6577777778,209111.6577777778
2024-01-15 12:00:00+00:00,188833.5305555556,188833.5305555556
2024-01-15 13:00:00+00:00,93044.01277777778,93044.01277777778
2024-01-15 14:00:00+00:00,19849.762777777774,19849.762777777774
2024-01-15 15:00:00+00:00,3826.143333333333,3826.143333333333
2024-01-15 16:00:00+00:00,608.1602777777778,608.1602777777778
2024-01-15 17:00:00+00:00,799.615,799.615
2024-01-15 18:00:00+00:00,584.9438888888889,584.9438888888889
2024-01-15 19:00:00+00:00,5644.274166666667,5644.274166666667
2024-01-15 20:00:00+00:00,464.5497222222222,464.5497222222222
2024-01-15 21:00:00+00:00,283.1272222222222,283.1272222222222
2024-01-15 22:00:00+00:00,427.8519444444444,427.8519444444444
2024-01-15 23:00:00+00:00,454.01,454.01
2024-01-16 00:00:00+00:00,180.6486111111111,0.0
2024-01-16 01:00:00+00:00,326.53833333333336,326.53833333333336
2024-01-16 02:00:00+00:00,549.4291666666667,549.4291666666667
2024-01-16 03:00:00+00:00,445.0675,0.0
2024-01-16 04:00:00+00:00,45076.525,45076.525
2024-01-16 05:00:00+00:00,167276.17111111112,167276.17111111112
2024-01-16 06:00:00+00:00,199513.5313888889,199513.5313888889
2024-01-16 07:00:00+00:00,302523.62361111114,0.0
2024-01-16 08:00:00+00:00,162164.6913888889,0.0
2024-01-16 09:00:00+00:00,317397.9216666667,0.0
2024-01-16 10:00:00+00:00,240722.0338888889,240722.0338888889
2024-01-16 11:00:00+00:00,298776.1091666667,298776.1091666667
2024-01-16 12:00:00+00:00,214066.3397222222,0.0
2024-01-16 13:00:00+00:00,65096.630833333336,65096.630833333336
2024-01-16 14:00:00+00:00,34595.079722222225,0.0
2024-01-16 15:00:00+00:00,3182.3994444444443,3182.3994444444443
2024-01-16 16:00:00+00:00,1906.763055555556,1906.763055555556
2024-01-16 17:00:00+00:00,650.9002777777778,650.9002777777778
2024-01-16 18:00:00+00:00,551.4347222222223,0.0
2024-01-16 19:00:00+00:00,348.8225,348.8225
2024-01-16 20:00:00+00:00,177.2252777777778,177.2252777777778
2024-01-16 21:00:00+00:00,750.3372222222222,750.3372222222222
2024-01-16 22:00:00+00:00,636.3886111111111,0.0
2024-01-16 23:00:00+00:00,403.4280555555556,0.0
2024-01-17 00:00:00+00:00,621.0002777777778,621.0002777777778
2024-01-17 01:00:00+00:00,4048.994722222222,4048.994722222222
2024-01-17 02:00:00+00:00,1346.2491666666667,1346.2491666666667
2024-01-17 03:00:00+00:00,1079.459722222222,1079.459722222222
2024-01-17 04:00:00+00:00,141043.90055555556,141043.90055555556
2024-01-17 05:00:00+00:00,281998.17833333334,281998.17833333334
2024-01-17 06:00:00+00:00,401001.3433333333,401001.3433333333
2024-01-17 07:00:00+00:00,344015.63944444444,344015.63944444444
2024-01-17 08:00:00+00:00,281225.6536111111,281225.6536111111
2024-01-17 09:00:00+00:00,307257.13444444444,307257.13444444444
2024-01-17 10:00:00+00:00,489655.6872222222,489655.6872222222
2024-01-17 11:00:00+00:00,295316.78444444446,295316.78444444446
2024-01-17 12:00:00+00:00,166741.8761111111,166741.8761111111
2024-01-17 13:00:00+00:00,67824.7075,67824.7075
2024-01-17 14:00:00+00:00,34508.30333333334,34508.30333333334
2024-01-17 15:00:00+00:00,27606.01,27606.01
2024-01-17 16:00:00+00:00,2087.639166666667,0.0
2024-01-17 17:00:00+00:00,463.5883333333333,463.5883333333333
2024-01-17 18:00:00+00:00,440.23583333333335,440.23583333333335
2024-01-17 19:00:00+00:00,733.5530555555556,0.0
2024-01-17 20:00:00+00:00,526.7238888888888,526.7238888888888
2024-01-17 21:00:00+00:00,572.6013888888889,0.0
2024-01-17 22:00:00+00:00,694.1916666666667,0.0
2024-01-17 23:00:00+00:00,454.5086111111111,454.5086111111111
2024-01-18 00:00:00+00:00,335.1955555555556,0.0
2024-01-18 01:00:00+00:00,322.4361111111112,322.4361111111112
2024-01-18 02:00:00+00:00,577.9611111111111,577.9611111111111
2024-01-18 03:00:00+00:00,25339.85055555556,0.0
2024-01-18 04:00:00+00:00,24166.39361111111,24166.39361111111
2024-01-18 05:00:00+00:00,355234.28055555554,355234.28055555554
2024-01-18 06:00:00+00:00,311901.7125,311901.7125
2024-01-18 07:00:00+00:00,310230.84694444446,310230.84694444446
2024-01-18 08:00:00+00:00,387257.27444444445,387257.27444444445
2024-01-18 09:00:00+00:00,273443.35583333333,273443.35583333333
2024-01-18 10:00:00+00:00,255494.4425,255494.4425
2024-01-18 11:00:00+00:00,301320.0205555556,301320.0205555556
2024-01-18 12:00:00+00:00,147346.1286111111,147346.1286111111
2024-01-18 13:00:00+00:00,67215.28,67215.28
2024-01-18 14:00:00+00:00,33565.65833333333,33565.65833333333
2024-01-18 15:00:00+00:00,2117.626388888889,2117.626388888889
2024-01-18 16:00:00+00:00,676.9755555555555,676.9755555555555
2024-01-18 17:00:00+00:00,758.1955555555555,758.1955555555555
2024-01-18 18:00:00+00:00,2515.593611111111,0.0
2024-01-18 19:00:00+00:00,457.7880555555556,457.7880555555556
2024-01-18 20:00:00+00:00,861.8369444444445,861.8369444444445
2024-01-18 21:00:00+00:00,877.3927777777777,877.3927777777777
2024-01-18 22:00:00+00:00,2046.065833333333,2046.065833333333
2024-01-18 23:00:00+00:00,1362.7758333333334,0.0
2024-01-19 00:00:00+00:00,165.77333333333334,165.77333333333334
2024-01-19 01:00:00+00:00,1235.503888888889,1235.503888888889
2024-01-19 02:00:00+00:00,388.6258333333333,388.6258333333333
2024-01-19 03:00:00+00:00,202.41805555555555,202.41805555555555
2024-01-19 04:00:00+00:00,85254.56,85254.56
2024-01-19 05:00:00+00:00,417758.38416666666,417758.38416666666
2024-01-19 06:00:00+00:00,337539.22944444447,337539.22944444447
2024-01-19 07:00:00+00:00,367800.5947222223,367800.5947222223
2024-01-19 08:00:00+00:00,485799.97527777776,485799.97527777776
2024-01-19 09:00:00+00:00,316576.2588888889,316576.2588888889
2024-01-19 10:00:00+00:00,209254.39638888888,0.0
2024-01-19 11:00:00+00:00,72626.31138888889,72626.31138888889
2024-01-19 12:00:00+00:00,58315.45361111111,58315.45361111111
2024-01-19 13:00:00+00:00,25163.281944444443,25163.281944444443
2024-01-19 14:00:00+00:00,348.24666666666667,348.24666666666667
2024-01-19 15:00:00+00:00,427.9544444444445,0.0
2024-01-19 16:00:00+00:00,129.42805555555557,129.42805555555557
2024-01-19 17:00:00+00:00,231.90472222222223,231.90472222222223
2024-01-19 18:00:00+00:00,442.1183333333333,442.1183333333333
2024-01-19 19:00:00+00:00,151.8213888888889,151.8213888888889
2024-01-19 20:00:00+00:00,787.9858333333333,787.9858333333333
2024-01-19 21:00:00+00:00,104.60527777777776,104.60527777777776
2024-01-19 22:00:00+00:00,4911.623888888889,4911.623888888889
2024-01-19 23:00:00+00:00,271.2547222222222,271.2547222222222
2024-01-20 00:00:00+00:00,177.87527777777777,177.87527777777777
2024-01-20 01:00:00+00:00,192.5911111111111,192.5911111111111
2024-01-20 02:00:00+00:00,149.80694444444444,149.80694444444444
2024-01-20 03:00:00+00:00,56.250277777777775,56.250277777777775
2024-01-20 04:00:00+00:00,69.56527777777778,0.0
2024-01-20 05:00:00+00:00,101.0663888888889,0.0
2024-01-20 06:00:00+00:00,469.61083333333335,0.0
2024-01-20 07:00:00+00:00,2503.4144444444446,2503.4144444444446
2024-01-20 08:00:00+00:00,276.76,276.76
2024-01-20 09:00:00+00:00,151.14555555555555,151.14555555555555
2024-01-20 10:00:00+00:00,97.8925,97.8925
2024-01-20 11:00:00+00:00,331.24,0.0
2024-01-20 12:00:00+00:00,118.77472222222222,118.77472222222222
2024-01-20 13:00:00+00:00,251.13944444444445,251.13944444444445
2024-01-20 14:00:00+00:00,248.01888888888888,248.01888888888888
2024-01-20 15:00:00+00:00,569.9902777777778,569.9902777777778
2024-01-20 16:00:00+00:00,1838.8302777777776,1838.8302777777776
2024-01-20 17:00:00+00:00,181.05027777777775,0.0
2024-01-20 18:00:00+00:00,613.2686111111111,613.2686111111111
2024-01-20 19:00:00+00:00,551.5075,551.5075
2024-01-20 20:00:00+00:00,832.3975,832.3975
2024-01-20 21:00:00+00:00,393.44055555555553,0.0
2024-01-20 22:00:00+00:00,505.01,505.01
2024-01-20 23:00:00+00:00,230.9061111111111,230.9061111111111
2024-01-21 00:00:00+00:00,151.68083333333334,151.68083333333334
2024-01-21 01:00:00+00:00,535.7488888888889,535.7488888888889
2024-01-21 02:00:00+00:00,156.1461111111111,156.1461111111111
2024-01-21 03:00:00+00:00,461.4936111111112,461.4936111111112
2024-01-21 04:00:00+00:00,125.70833333333331,125.70833333333331
2024-01-21 05:00:00+00:00,196.73222222222225,0.0
2024-01-21 06:00:00+00:00,113.67833333333331,113.67833333333331
2024-01-21 07:00:00+00:00,102.35083333333333,102.35083333333333
2024-01-21 08:00:00+00:00,330.2030555555556,330.2030555555556
2024-01-21 09:00:00+00:00,138.50611111111112,138.50611111111112
2024-01-21 10:00:00+00:00,172.06055555555557,0.0
2024-01-21 11:00:00+00:00,263.0025,263.0025
2024-01-21 12:00:00+00:00,136.54777777777778,136.54777777777778
2024-01-21 13:00:00+00:00,350.5227777777778,350.5227777777778
2024-01-21 14:00:00+00:00,84.3475,84.3475
2024-01-21 15:00:00+00:00,55.121944444444445,55.121944444444445
2024-01-21 16:00:00+00:00,352.9216666666667,352.9216666666667
2024-01-21 17:00:00+00:00,109.53222222222222,0.0
2024-01-21 18:00:00+00:00,239.7163888888889,0.0
2024-01-21 19:00:00+00:00,334.92555555555555,334.92555555555555
2024-01-21 20:00:00+00:00,76983.66166666667,76983.66166666667
2024-01-21 21:00:00+00:00,896.6727777777778,0.0
2024-01-21 22:00:00+00:00,1819.6069444444445,1819.6069444444445
2024-01-21 23:00:00+00:00,2505.5344444444445,2505.5344444444445
2024-01-22 00:00:00+00:00,112.30027777777778,112.30027777777778
2024-01-22 01:00:00+00:00,699.5355555555556,0.0
2024-01-22 02:00:00+00:00,1159.935,1159.935
2024-01-22 03:00:00+00:00,607.4483333333334,607.4483333333334
2024-01-22 04:00:00+00:00,40616.93472222222,40616.93472222222
2024-01-22 05:00:00+00:00,190003.44694444444,190003.44694444444
2024-01-22 06:00:00+00:00,244945.1188888889,0.0
2024-01-22 07:00:00+00:00,331824.4275,331824.4275
2024-01-22 08:00:00+00:00,318632.60027777776,318632.60027777776
2024-01-22 09:00:00+00:00,342293.875,342293.875
2024-01-22 10:00:00+00:00,373013.4097222223,373013.4097222223
2024-01-22 11:00:00+00:00,280818.16583333333,280818.16583333333
2024-01-22 12:00:00+00:00,225014.22444444444,225014.22444444444
2024-01-22 13:00:00+00:00,121325.12166666667,121325.12166666667
2024-01-22 14:00:00+00:00,8367.6675,0.0
2024-01-22 15:00:00+00:00,3472.4666666666667,3472.4666666666667
2024-01-22 16:00:00+00:00,6585.819166666667,6585.819166666667
2024-01-22 17:00:00+00:00,17493.72472222222,17493.72472222222
2024-01-22 18:00:00+00:00,3148.8122222222223,3148.8122222222223
2024-01-22 19:00:00+00:00,10243.63,0.0
2024-01-22 20:00:00+00:00,726.7422222222223,726.7422222222223
2024-01-22 21:00:00+00:00,544.7125,544.7125
2024-01-22 22:00:00+00:00,1461.7788888888888,1461.7788888888888
2024-01-22 23:00:00+00:00,766.8069444444444,766.8069444444444
2024-01-23 00:00:00+00:00,663.8794444444444,663.8794444444444
2024-01-23 01:00:00+00:00,203.51638888888888,203.51638888888888
2024-01-23 02:00:00+00:00,178.09722222222223,178.09722222222223
2024-01-23 03:00:00+00:00,3559.4402777777777,3559.4402777777777
2024-01-23 04:00:00+00:00,41587.58944444444,0.0
2024-01-23 05:00:00+00:00,198022.87,198022.87
2024-01-23 06:00:00+00:00,257090.20888888888,257090.20888888888
2024-01-23 07:00:00+00:00,284768.6477777778,284768.6477777778
2024-01-23 08:00:00+00:00,272946.41694444447,272946.41694444447
2024-01-23 09:00:00+00:00,341578.3263888889,341578.3263888889
2024-01-23 10:00:00+00:00,374593.62333333335,374593.62333333335
2024-01-23 11:00:00+00:00,338379.35805555555,338379.35805555555
2024-01-23 12:00:00+00:00,265943.46555555554,265943.46555555554
2024-01-23 13:00:00+00:00,148479.27916666667,0.0
2024-01-23 14:00:00+00:00,73994.10166666667,73994.10166666667
2024-01-23 15:00:00+00:00,2100.386388888889,2100.386388888889
2024-01-23 16:00:00+00:00,70380.97333333333,0.0
2024-01-23 17:00:00+00:00,1131.3327777777777,1131.3327777777777
2024-01-23 18:00:00+00:00,215.11388888888888,215.11388888888888
2024-01-23 19:00:00+00:00,393.9558333333333,393.9558333333333
2024-01-23 20:00:00+00:00,214.32444444444445,214.32444444444445
2024-01-23 21:00:00+00:00,296.3691666666667,296.3691666666667
2024-01-23 22:00:00+00:00,35674.59805555556,35674.59805555556
2024-01-23 23:00:00+00:00,265.74888888888887,0.0
2024-01-24 00:00:00+00:00,267.14444444444445,0.0
2024-01-24 01:00:00+00:00,280.88666666666666,280.88666666666666
2024-01-24 02:00:00+00:00,374.575,374.575
2024-01-24 03:00:00+00:00,1961.9269444444444,0.0
2024-01-24 04:00:00+00:00,61578.7025,61578.7025
2024-01-24 05:00:00+00:00,237570.26111111112,237570.26111111112
2024-01-24 06:00:00+00:00,433466.95472222223,433466.95472222223
2024-01-24 07:00:00+00:00,466086.8413888889,466086.8413888889
2024-01-24 08:00:00+00:00,363182.9847222222,363182.9847222222
2024-01-24 09:00:00+00:00,380062.60527777777,380062.60527777777
2024-01-24 10:00:00+00:00,311381.17833333334,311381.17833333334
2024-01-24 11:00:00+00:00,214904.4886111111,0.0
2024-01-24 12:00:00+00:00,166300.67444444445,166300.67444444445
2024-01-24 13:00:00+00:00,92729.83972222224,0.0
2024-01-24 14:00:00+00:00,3735.66,3735.66
2024-01-24 15:00:00+00:00,1539.8958333333333,0.0
2024-01-24 16:00:00+00:00,1095.5683333333334,0.0
2024-01-24 17:00:00+00:00,2037.1830555555557,0.0
2024-01-24 18:00:00+00:00,575.2102777777778,575.2102777777778
2024-01-24 19:00:00+00:00,546.5680555555556,546.5680555555556
2024-01-24 20:00:00+00:00,348.11083333333335,0.0
2024-01-24 21:00:00+00:00,344.715,344.715
2024-01-24 22:00:00+00:00,142.595,142.595
2024-01-24 23:00:00+00:00,311.8936111111111,311.8936111111111
2024-01-25 00:00:00+00:00,639.84,639.84
2024-01-25 01:00:00+00:00,645.0744444444445,645.0744444444445
2024-01-25 02:00:00+00:00,2299.2761111111117,0.0
2024-01-25 03:00:00+00:00,4909.318611111111,4909.318611111111
2024-01-25 04:00:00+00:00,62581.8575,62581.8575
2024-01-25 05:00:00+00:00,419140.4286111111,0.0
2024-01-25 06:00:00+00:00,427138.00388888887,427138.00388888887
2024-01-25 07:00:00+00:00,426442.2469444444,426442.2469444444
2024-01-25 08:00:00+00:00,300278.2555555556,300278.2555555556
2024-01-25 09:00:00+00:00,293223.41055555554,293223.41055555554
2024-01-25 10:00:00+00:00,302387.8883333333,302387.8883333333
2024-01-25 11:00:00+00:00,141830.81222222222,141830.81222222222
2024-01-25 12:00:00+00:00,146678.9622222222,146678.9622222222
2024-01-25 13:00:00+00:00,26716.96416666667,0.0
2024-01-25 14:00:00+00:00,4850.968055555555,0.0
2024-01-25 15:00:00+00:00,973.1075,973.1075
2024-01-25 16:00:00+00:00,383.6797222222222,383.6797222222222
2024-01-25 17:00:00+00:00,456.39472222222224,456.39472222222224
2024-01-25 18:00:00+00:00,607.0075,607.0075
2024-01-25 19:00:00+00:00,381.3208333333333,381.3208333333333
2024-01-25 20:00:00+00:00,1111.9469444444444,1111.9469444444444
2024-01-25 21:00:00+00:00,4120.243611111111,4120.243611111111
2024-01-25 22:00:00+00:00,605.7725,605.7725
2024-01-25 23:00:00+00:00,1559.0494444444444,1559.0494444444444
2024-01-26 00:00:00+00:00,1643.6072222222222,1643.6072222222222
2024-01-26 01:00:00+00:00,1669.5108333333333,0.0
2024-01-26 02:00:00+00:00,156.21555555555557,156.21555555555557
2024-01-26 03:00:00+00:00,2192.226388888889,2192.226388888889
2024-01-26 04:00:00+00:00,59319.778333333335,59319.778333333335
2024-01-26 05:00:00+00:00,300925.8733333333,300925.8733333333
2024-01-26 06:00:00+00:00,268188.2572222222,268188.2572222222
2024-01-26 07:00:00+00:00,437726.77,437726.77
2024-01-26 08:00:00+00:00,332424.49916666665,332424.49916666665
2024-01-26 09:00:00+00:00,304239.59527777776,304239.59527777776
2024-01-26 10:00:00+00:00,534457.8836111111,534457.8836111111
2024-01-26 11:00:00+00:00,44496.49166666667,44496.49166666667
2024-01-26 12:00:00+00:00,11103.8825,11103.8825
2024-01-26 13:00:00+00:00,742.1477777777778,742.1477777777778
2024-01-26 14:00:00+00:00,818.9625,818.9625
2024-01-26 15:00:00+00:00,629.7191666666666,0.0
2024-01-26 16:00:00+00:00,217177.56944444444,217177.56944444444
2024-01-26 17:00:00+00:00,477.3827777777778,477.3827777777778
2024-01-26 18:00:00+00:00,156.27833333333334,156.27833333333334
2024-01-26 19:00:00+00:00,947.4030555555556,947.4030555555556
2024-01-26 20:00:00+00:00,396.8127777777778,396.8127777777778
2024-01-26 21:00:00+00:00,309.3175,309.3175
2024-01-26 22:00:00+00:00,1098.2752777777778,1098.2752777777778
2024-01-26 23:00:00+00:00,585.1697222222223,585.1697222222223
2024-01-27 00:00:00+00:00,457.0261111111111,0.0
2024-01-27 01:00:00+00:00,637.0075,637.0075
2024-01-27 02:00:00+00:00,136.03861111111112,136.03861111111112
2024-01-27 03:00:00+00:00,201.5663888888889,201.5663888888889
2024-01-27 04:00:00+00:00,544.6672222222222,544.6672222222222
2024-01-27 05:00:00+00:00,587.8494444444444,587.8494444444444
2024-01-27 06:00:00+00:00,918.4777777777778,918.4777777777778
2024-01-27 07:00:00+00:00,367.7836111111111,367.7836111111111
2024-01-27 08:00:00+00:00,302.50166666666667,302.50166666666667
2024-01-27 09:00:00+00:00,580.45,580.45
2024-01-27 10:00:00+00:00,699.5291666666667,699.5291666666667
2024-01-27 11:00:00+00:00,402.1536111111111,402.1536111111111
2024-01-27 12:00:00+00:00,1328.685,1328.685
2024-01-27 13:00:00+00:00,2095.569722222222,2095.569722222222
2024-01-27 14:00:00+00:00,321.5236111111111,321.5236111111111
2024-01-27 15:00:00+00:00,115.89722222222224,115.89722222222224
2024-01-27 16:00:00+00:00,762.9955555555556,762.9955555555556
2024-01-27 17:00:00+00:00,512.7477777777777,512.7477777777777
2024-01-27 18:00:00+00:00,1280.1686111111112,1280.1686111111112
2024-01-27 19:00:00+00:00,373.97583333333336,0.0
2024-01-27 20:00:00+00:00,591.4575,591.4575
2024-01-27 21:00:00+00:00,192.5988888888889,192.5988888888889
2024-01-27 22:00:00+00:00,2140.1505555555555,2140.1505555555555
2024-01-27 23:00:00+00:00,327.2941666666667,327.2941666666667
2024-01-28 00:00:00+00:00,629.7030555555556,629.7030555555556
2024-01-28 01:00:00+00:00,261.9447222222222,261.9447222222222
2024-01-28 02:00:00+00:00,763.4830555555556,763.4830555555556
2024-01-28 03:00:00+00:00,221.2722222222222,221.2722222222222
2024-01-28 04:00:00+00:00,211.14416666666668,0.0
2024-01-28 05:00:00+00:00,589.8788888888889,589.8788888888889
2024-01-28 06:00:00+00:00,314.48833333333334,314.48833333333334
2024-01-28 07:00:00+00:00,924.0083333333332,924.0083333333332
2024-01-28 08:00:00+00:00,2707.965277777778,2707.965277777778
2024-01-28 09:00:00+00:00,1264.4119444444443,1264.4119444444443
2024-01-28 10:00:00+00:00,794.0922222222222,794.0922222222222
2024-01-28 11:00:00+00:00,76.93583333333333,76.93583333333333
2024-01-28 12:00:00+00:00,83.48166666666667,83.48166666666667
2024-01-28 13:00:00+00:00,171.9113888888889,171.9113888888889
2024-01-28 14:00:00+00:00,71.86638888888889,71.86638888888889
2024-01-28 15:00:00+00:00,219.46944444444443,219.46944444444443
2024-01-28 16:00:00+00:00,101.835,101.835
2024-01-28 17:00:00+00:00,1045.8352777777775,1045.8352777777775
2024-01-28 18:00:00+00:00,155.80333333333334,155.80333333333334
2024-01-28 19:00:00+00:00,1415.0108333333333,0.0
2024-01-28 20:00:00+00:00,415.2113888888889,415.2113888888889
2024-01-28 21:00:00+00:00,467.3033333333333,467.3033333333333
2024-01-28 22:00:00+00:00,469.1455555555556,469.1455555555556
2024-01-28 23:00:00+00:00,474.87805555555553,474.87805555555553
2024-01-29 00:00:00+00:00,320.8886111111111,320.8886111111111
2024-01-29 01:00:00+00:00,175.29555555555555,175.29555555555555
2024-01-29 02:00:00+00:00,941.4391666666668,941.4391666666668
2024-01-29 03:00:00+00:00,589.1244444444444,589.1244444444444
2024-01-29 04:00:00+00:00,210222.0280555556,210222.0280555556
2024-01-29 05:00:00+00:00,190948.41611111112,190948.41611111112
2024-01-29 06:00:00+00:00,323408.9638888889,323408.9638888889
2024-01-29 07:00:00+00:00,256353.7275,256353.7275
2024-01-29 08:00:00+00:00,405429.2658333333,0.0
2024-01-29 09:00:00+00:00,889023.0922222222,889023.0922222222
2024-01-29 10:00:00+00:00,361630.34527777776,0.0
2024-01-29 11:00:00+00:00,232337.02222222224,232337.02222222224
2024-01-29 12:00:00+00:00,149122.34722222222,149122.34722222222
2024-01-29 13:00:00+00:00,113543.59555555556,113543.59555555556
2024-01-29 14:00:00+00:00,41648.87222222222,41648.87222222222
2024-01-29 15:00:00+00:00,5378.488333333334,5378.488333333334
2024-01-29 16:00:00+00:00,1902.6416666666669,1902.6416666666669
2024-01-29 17:00:00+00:00,3967.05,3967.05
2024-01-29 18:00:00+00:00,747.5205555555556,747.5205555555556
2024-01-29 19:00:00+00:00,676.4247222222223,676.4247222222223
2024-01-29 20:00:00+00:00,651.1297222222222,651.1297222222222
2024-01-29 21:00:00+00:00,4721.5875,0.0
2024-01-29 22:00:00+00:00,4284.450555555555,4284.450555555555
2024-01-29 23:00:00+00:00,321.2525,321.2525
2024-01-30 00:00:00+00:00,1765.737777777778,1765.737777777778
2024-01-30 01:00:00+00:00,387.3408333333333,387.3408333333333
2024-01-30 02:00:00+00:00,154.94722222222222,0.0
2024-01-30 03:00:00+00:00,218.34583333333333,218.34583333333333
2024-01-30 04:00:00+00:00,47551.725,47551.725
2024-01-30 05:00:00+00:00,283105.8961111111,283105.8961111111
2024-01-30 06:00:00+00:00,300135.4902777778,300135.4902777778
2024-01-30 07:00:00+00:00,442309.635,0.0
2024-01-30 08:00:00+00:00,344176.1377777778,344176.1377777778
2024-01-30 09:00:00+00:00,444446.7208333333,444446.7208333333
2024-01-30 10:00:00+00:00,511103.1205555556,511103.1205555556
2024-01-30 11:00:00+00:00,320309.0130555556,320309.0130555556
2024-01-30 12:00:00+00:00,315720.3288888889,315720.3288888889
2024-01-30 13:00:00+00:00,51620.02583333333,0.0
2024-01-30 14:00:00+00:00,11461.263055555555,11461.263055555555
2024-01-30 15:00:00+00:00,2874.771111111111,2874.771111111111
2024-01-30 16:00:00+00:00,314.5722222222222,0.0
2024-01-30 17:00:00+00:00,7141.362222222222,7141.362222222222
2024-01-30 18:00:00+00:00,111778.78833333332,111778.78833333332
2024-01-30 19:00:00+00:00,161.67138888888888,0.0
2024-01-30 20:00:00+00:00,458.7372222222222,458.7372222222222
2024-01-30 21:00:00+00:00,1356.3855555555556,1356.3855555555556
2024-01-30 22:00:00+00:00,454.58972222222224,454.58972222222224
2024-01-30 23:00:00+00:00,347.28833333333336,347.28833333333336
2024-01-31 00:00:00+00:00,367.3633333333333,367.3633333333333
2024-01-31 01:00:00+00:00,515.9741666666666,0.0
2024-01-31 02:00:00+00:00,450.1580555555556,450.1580555555556
2024-01-31 03:00:00+00:00,2408.803611111111,2408.803611111111
2024-01-31 04:00:00+00:00,43531.82638888889,43531.82638888889
2024-01-31 05:00:00+00:00,222475.94472222225,0.0
2024-01-31 06:00:00+00:00,327685.8255555556,327685.8255555556
2024-01-31 07:00:00+00:00,479511.02777777775,0.0
2024-01-31 08:00:00+00:00,689552.4419444444,689552.4419444444
2024-01-31 09:00:00+00:00,593156.7075,593156.7075
2024-01-31 10:00:00+00:00,393951.6155555556,393951.6155555556
2024-01-31 11:00:00+00:00,385470.6947222222,385470.6947222222
2024-01-31 12:00:00+00:00,181877.0988888889,0.0
2024-01-31 13:00:00+00:00,28058.766944444444,28058.766944444444
2024-01-31 14:00:00+00:00,16799.874444444446,0.0
2024-01-31 15:00:00+00:00,3990.241944444445,3990.241944444445
2024-01-31 16:00:00+00:00,6470.758055555556,6470.758055555556
2024-01-31 17:00:00+00:00,799.8613888888889,799.8613888888889
2024-01-31 18:00:00+00:00,847.1580555555555,0.0
2024-01-31 19:00:00+00:00,878.8202777777777,878.8202777777777
2024-01-31 20:00:00+00:00,347.0441666666667,347.0441666666667
2024-01-31 21:00:00+00:00,1817.533055555556,1817.533055555556
2024-01-31 22:00:00+00:00,760.0997222222222,760.0997222222222
2024-01-31 23:00:00+00:00,326.80611111111114,326.80611111111114
2024-02-01 00:00:00+00:00,513.0208333333334,513.0208333333334
2024-02-01 01:00:00+00:00,304.3280555555556,304.3280555555556
2024-02-01 02:00:00+00:00,311.4377777777778,311.4377777777778
2024-02-01 03:00:00+00:00,1044.3861111111112,0.0
2024-02-01 04:00:00+00:00,17082.661666666667,17082.661666666667
2024-02-01 05:00:00+00:00,164560.3827777778,0.0
2024-02-01 06:00:00+00:00,328764.4016666667,328764.4016666667
2024-02-01 07:00:00+00:00,339959.5722222222,339959.5722222222
2024-02-01 08:00:00+00:00,289890.3963888889,289890.3963888889
2024-02-01 09:00:00+00:00,323361.6130555556,323361.6130555556
2024-02-01 10:00:00+00:00,301503.9838888889,301503.9838888889
2024-02-01 11:00:00+00:00,135691.1822222222,0.0
2024-02-01 12:00:00+00:00,17906.09833333333,17906.09833333333
2024-02-01 13:00:00+00:00,13644.147777777778,13644.147777777778
2024-02-01 14:00:00+00:00,1260.2708333333333,0.0
2024-02-01 15:00:00+00:00,4848.405555555555,4848.405555555555
2024-02-01 16:00:00+00:00,1491.9727777777778,1491.9727777777778
2024-02-01 17:00:00+00:00,577.3530555555556,577.3530555555556
2024-02-01 18:00:00+00:00,515.0680555555556,515.0680555555556
2024-02-01 19:00:00+00:00,289.1063888888889,289.1063888888889
2024-02-01 20:00:00+00:00,2728.733888888889,0.0
2024-02-01 21:00:00+00:00,741.215,0.0
2024-02-01 22:00:00+00:00,936.5894444444444,0.0
2024-02-01 23:00:00+00:00,610.5533333333333,610.5533333333333
2024-02-02 00:00:00+00:00,642.3427777777778,642.3427777777778
2024-02-02 01:00:00+00:00,304.8208333333333,304.8208333333333
2024-02-02 02:00:00+00:00,306.7875,306.7875
2024-02-02 03:00:00+00:00,191.68527777777777,191.68527777777777
2024-02-02 04:00:00+00:00,4024.421388888889,4024.421388888889
2024-02-02 05:00:00+00:00,8996.996388888889,8996.996388888889
2024-02-02 06:00:00+00:00,4837.6175,4837.6175
2024-02-02 07:00:00+00:00,21898.06333333333,21898.06333333333
2024-02-02 08:00:00+00:00,7371.276666666667,0.0
2024-02-02 09:00:00+00:00,2470.2780555555555,2470.2780555555555
2024-02-02 10:00:00+00:00,3129.008333333333,3129.008333333333
2024-02-02 11:00:00+00:00,4203.7716666666665,4203.7716666666665
2024-02-02 12:00:00+00:00,627.5633333333334,627.5633333333334
2024-02-02 13:00:00+00:00,155.79888888888888,155.79888888888888
2024-02-02 14:00:00+00:00,77668.98055555555,77668.98055555555
2024-02-02 15:00:00+00:00,92.60305555555556,92.60305555555556
2024-02-02 16:00:00+00:00,741.4680555555556,741.4680555555556
2024-02-02 17:00:00+00:00,161.6238888888889,161.6238888888889
2024-02-02 18:00:00+00:00,386.5525,386.5525
2024-02-02 19:00:00+00:00,584.4402777777777,0.0
2024-02-02 20:00:00+00:00,100.35416666666669,100.35416666666669
2024-02-02 21:00:00+00:00,355.43833333333333,0.0
2024-02-02 22:00:00+00:00,686.6172222222223,686.6172222222223
2024-02-02 23:00:00+00:00,1102.4266666666667,1102.4266666666667
2024-02-03 00:00:00+00:00,294.7780555555556,294.7780555555556
2024-02-03 01:00:00+00:00,147912.82166666666,0.0
2024-02-03 02:00:00+00:00,408.4616666666666,0.0
2024-02-03 03:00:00+00:00,214.8180555555556,0.0
2024-02-03 04:00:00+00:00,150.93027777777775,150.93027777777775
2024-02-03 05:00:00+00:00,169.8138888888889,169.8138888888889
2024-02-03 06:00:00+00:00,748.9430555555556,0.0
2024-02-03 07:00:00+00:00,181.1363888888889,0.0
2024-02-03 08:00:00+00:00,336.6116666666667,336.6116666666667
2024-02-03 09:00:00+00:00,964.7916666666666,964.7916666666666
2024-02-03 10:00:00+00:00,399.62916666666666,399.62916666666666
2024-02-03 11:00:00+00:00,732.3663888888889,732.3663888888889
2024-02-03 12:00:00+00:00,92.45944444444444,92.45944444444444
2024-02-03 13:00:00+00:00,273.84694444444443,273.84694444444443
2024-02-03 14:00:00+00:00,2782.3811111111117,2782.3811111111117
2024-02-03 15:00:00+00:00,244.01305555555555,0.0
2024-02-03 16:00:00+00:00,88.21388888888889,88.21388888888889
2024-02-03 17:00:00+00:00,282.3588888888889,282.3588888888889
2024-02-03 18:00:00+00:00,3085.0925,3085.0925
2024-02-03 19:00:00+00:00,315.4725,315.4725
2024-02-03 20:00:00+00:00,559.895,559.895
2024-02-03 21:00:00+00:00,495.12694444444446,495.12694444444446
2024-02-03 22:00:00+00:00,1572.7388888888888,1572.7388888888888
2024-02-03 23:00:00+00:00,500.34277777777777,500.34277777777777
2024-02-04 00:00:00+00:00,490.69416666666666,490.69416666666666
2024-02-04 01:00:00+00:00,515.5233333333333,515.5233333333333
2024-02-04 02:00:00+00:00,268.5083333333333,268.5083333333333
2024-02-04 03:00:00+00:00,487.305,487.305
2024-02-04 04:00:00+00:00,407.2280555555556,407.2280555555556
2024-02-04 05:00:00+00:00,316.9061111111111,316.9061111111111
2024-02-04 06:00:00+00:00,78.52722222222222,78.52722222222222
2024-02-04 07:00:00+00:00,916.6183333333332,916.6183333333332
2024-02-04 08:00:00+00:00,612.3191666666667,0.0
2024-02-04 09:00:00+00:00,429.7255555555556,429.7255555555556
2024-02-04 10:00:00+00:00,441.0491666666667,441.0491666666667
2024-02-04 11:00:00+00:00,406.1625,406.1625
2024-02-04 12:00:00+00:00,306.5675,306.5675
2024-02-04 13:00:00+00:00,139.70472222222222,139.70472222222222
2024-02-04 14:00:00+00:00,125.64833333333333,125.64833333333333
2024-02-04 15:00:00+00:00,243.59222222222223,243.59222222222223
2024-02-04 16:00:00+00:00,1300.4858333333334,0.0
2024-02-04 17:00:00+00:00,369.29777777777775,369.29777777777775
2024-02-04 18:00:00+00:00,1720.8111111111111,1720.8111111111111
2024-02-04 19:00:00+00:00,230.30444444444444,230.30444444444444
2024-02-04 20:00:00+00:00,753.8497222222222,753.8497222222222
2024-02-04 21:00:00+00:00,171.44222222222223,171.44222222222223
2024-02-04 22:00:00+00:00,40412.13333333333,40412.13333333333
2024-02-04 23:00:00+00:00,260.51472222222225,260.51472222222225
2024-02-05 00:00:00+00:00,153.49138888888888,153.49138888888888
2024-02-05 01:00:00+00:00,609.0941666666666,609.0941666666666
2024-02-05 02:00:00+00:00,472.05,472.05
2024-02-05 03:00:00+00:00,2608.855,2608.855
2024-02-05 04:00:00+00:00,33786.83111111111,33786.83111111111
2024-02-05 05:00:00+00:00,398153.9736111111,398153.9736111111
2024-02-05 06:00:00+00:00,723316.1219444445,723316.1219444445
2024-02-05 07:00:00+00:00,665424.3683333333,665424.3683333333
2024-02-05 08:00:00+00:00,359866.1613888889,0.0
2024-02-05 09:00:00+00:00,492568.9525,492568.9525
2024-02-05 10:00:00+00:00,279311.8286111111,0.0
2024-02-05 11:00:00+00:00,330204.9766666667,330204.9766666667
2024-02-05 12:00:00+00:00,231175.75027777776,231175.75027777776
2024-02-05 13:00:00+00:00,108299.08361111111,108299.08361111111
2024-02-05 14:00:00+00:00,11168.798333333334,0.0
2024-02-05 15:00:00+00:00,10179.594444444445,10179.594444444445
2024-02-05 16:00:00+00:00,4659.6483333333335,4659.6483333333335
2024-02-05 17:00:00+00:00,2402.130833333333,0.0
2024-02-05 18:00:00+00:00,1737.7286111111111,1737.7286111111111
2024-02-05 19:00:00+00:00,8380.274722222222,0.0
2024-02-05 20:00:00+00:00,365.4983333333333,365.4983333333333
2024-02-05 21:00:00+00:00,540.2808333333334,540.2808333333334
2024-02-05 22:00:00+00:00,355.05361111111114,355.05361111111114
2024-02-05 23:00:00+00:00,169.01194444444445,169.01194444444445
2024-02-06 00:00:00+00:00,105.81361111111111,0.0
2024-02-06 01:00:00+00:00,536.8775,0.0
2024-02-06 02:00:00+00:00,186.61166666666668,0.0
2024-02-06 03:00:00+00:00,4570.715,4570.715
2024-02-06 04:00:00+00:00,22446.563055555554,22446.563055555554
2024-02-06 05:00:00+00:00,199905.5922222222,199905.5922222222
2024-02-06 06:00:00+00:00,211021.55777777775,211021.55777777775
2024-02-06 07:00:00+00:00,526101.2852777778,0.0
2024-02-06 08:00:00+00:00,358303.8213888889,358303.8213888889
2024-02-06 09:00:00+00:00,406882.2872222223,0.0
2024-02-06 10:00:00+00:00,282027.0836111111,0.0
2024-02-06 11:00:00+00:00,249025.2538888889,0.0
2024-02-06 12:00:00+00:00,383532.99333333335,383532.99333333335
2024-02-06 13:00:00+00:00,253397.0758333333,253397.0758333333
2024-02-06 14:00:00+00:00,95629.2875,95629.2875
2024-02-06 15:00:00+00:00,42372.1425,42372.1425
2024-02-06 16:00:00+00:00,22459.75083333333,0.0
2024-02-06 17:00:00+00:00,19544.918611111112,19544.918611111112
2024-02-06 18:00:00+00:00,306.5047222222222,306.5047222222222
2024-02-06 19:00:00+00:00,238.98555555555555,238.98555555555555
2024-02-06 20:00:00+00:00,348.5408333333333,348.5408333333333
2024-02-06 21:00:00+00:00,4711.25,4711.25
2024-02-06 22:00:00+00:00,2597.6158333333333,2597.6158333333333
2024-02-06 23:00:00+00:00,361.545,0.0
2024-02-07 00:00:00+00:00,597.2505555555556,597.2505555555556
2024-02-07 01:00:00+00:00,1345.1502777777778,1345.1502777777778
2024-02-07 02:00:00+00:00,708.5636111111111,708.5636111111111
2024-02-07 03:00:00+00:00,7125.053333333333,7125.053333333333
2024-02-07 04:00:00+00:00,22881.875277777777,0.0
2024-02-07 05:00:00+00:00,1719216.5152777778,1719216.5152777778
2024-02-07 06:00:00+00:00,718210.5194444444,718210.5194444444
2024-02-07 07:00:00+00:00,425688.39666666667,425688.39666666667
2024-02-07 08:00:00+00:00,306408.4877777778,0.0
2024-02-07 09:00:00+00:00,424556.0627777778,424556.0627777778
2024-02-07 10:00:00+00:00,435778.4372222222,435778.4372222222
2024-02-07 11:00:00+00:00,371019.1563888889,371019.1563888889
2024-02-07 12:00:00+00:00,245660.3025,0.0
2024-02-07 13:00:00+00:00,68612.70166666666,68612.70166666666
2024-02-07 14:00:00+00:00,25670.01861111111,25670.01861111111
2024-02-07 15:00:00+00:00,28526.095833333333,0.0
2024-02-07 16:00:00+00:00,142617.36638888888,142617.36638888888
2024-02-07 17:00:00+00:00,575.3994444444445,575.3994444444445
2024-02-07 18:00:00+00:00,400.9908333333333,0.0
2024-02-07 19:00:00+00:00,346.6561111111111,0.0
2024-02-07 20:00:00+00:00,623.2744444444445,623.2744444444445
2024-02-07 21:00:00+00:00,293.1111111111111,0.0
2024-02-07 22:00:00+00:00,3860.331111111111,3860.331111111111
2024-02-07 23:00:00+00:00,769.4361111111111,769.4361111111111
2024-02-08 00:00:00+00:00,798.7594444444444,798.7594444444444
2024-02-08 01:00:00+00:00,3278.782777777778,3278.782777777778
2024-02-08 02:00:00+00:00,440.4222222222222,440.4222222222222
2024-02-08 03:00:00+00:00,1379.9066666666668,1379.9066666666668
2024-02-08 04:00:00+00:00,75219.0325,75219.0325
2024-02-08 05:00:00+00:00,285296.19444444444,285296.19444444444
2024-02-08 06:00:00+00:00,311884.60583333333,311884.60583333333
2024-02-08 07:00:00+00:00,501256.4819444445,501256.4819444445
2024-02-08 08:00:00+00:00,633987.6138888889,633987.6138888889
2024-02-08 09:00:00+00:00,353778.7452777778,353778.7452777778
2024-02-08 10:00:00+00:00,294325.8513888889,0.0
2024-02-08 11:00:00+00:00,195598.33666666667,195598.33666666667
2024-02-08 12:00:00+00:00,132336.0625,0.0
2024-02-08 13:00:00+00:00,83012.23388888889,83012.23388888889
2024-02-08 14:00:00+00:00,12793.18888888889,12793.18888888889
2024-02-08 15:00:00+00:00,7887.627222222222,7887.627222222222
2024-02-08 16:00:00+00:00,33614.31611111111,0.0
2024-02-08 17:00:00+00:00,1784.0377777777778,1784.0377777777778
2024-02-08 18:00:00+00:00,1745.8025,1745.8025
2024-02-08 19:00:00+00:00,1899.2569444444443,1899.2569444444443
2024-02-08 20:00:00+00:00,747.3905555555556,747.3905555555556
2024-02-08 21:00:00+00:00,547.2458333333333,547.2458333333333
2024-02-08 22:00:00+00:00,1258.5577777777778,1258.5577777777778
2024-02-08 23:00:00+00:00,11846.896111111111,0.0
2024-02-09 00:00:00+00:00,1502.1041666666667,1502.1041666666667
2024-02-09 01:00:00+00:00,69188.97222222222,0.0
2024-02-09 02:00:00+00:00,6774.300277777777,6774.300277777777
2024-02-09 03:00:00+00:00,16547.270555555555,16547.270555555555
2024-02-09 04:00:00+00:00,59935.56861111111,59935.56861111111
2024-02-09 05:00:00+00:00,409657.8905555556,0.0
2024-02-09 06:00:00+00:00,491573.4347222222,0.0
2024-02-09 07:00:00+00:00,570725.6452777778,570725.6452777778
2024-02-09 08:00:00+00:00,331502.89222222223,331502.89222222223
2024-02-09 09:00:00+00:00,270301.1225,270301.1225
2024-02-09 10:00:00+00:00,146841.32944444445,146841.32944444445
2024-02-09 11:00:00+00:00,98280.96805555555,0.0
2024-02-09 12:00:00+00:00,6261.038611111111,6261.038611111111
2024-02-09 13:00:00+00:00,7445.06,7445.06
2024-02-09 14:00:00+00:00,6712.525833333333,6712.525833333333
2024-02-09 15:00:00+00:00,1124.262222222222,1124.262222222222
2024-02-09 16:00:00+00:00,56063.90638888889,56063.90638888889
2024-02-09 17:00:00+00:00,145.13583333333332,145.13583333333332
2024-02-09 18:00:00+00:00,1049.0977777777778,0.0
2024-02-09 19:00:00+00:00,243491.90916666668,243491.90916666668
2024-02-09 20:00:00+00:00,190.9911111111111,190.9911111111111
2024-02-09 21:00:00+00:00,534.6269444444445,0.0
2024-02-09 22:00:00+00:00,675.7416666666667,675.7416666666667
2024-02-09 23:00:00+00:00,254.0905555555556,254.0905555555556
2024-02-10 00:00:00+00:00,281.24666666666667,281.24666666666667
2024-02-10 01:00:00+00:00,4938.725277777778,4938.725277777778
2024-02-10 02:00:00+00:00,454.0386111111111,454.0386111111111
2024-02-10 03:00:00+00:00,77.46527777777777,77.46527777777777
2024-02-10 04:00:00+00:00,824.2247222222222,824.2247222222222
2024-02-10 05:00:00+00:00,99.20444444444443,99.20444444444443
2024-02-10 06:00:00+00:00,1426.703611111111,1426.703611111111
2024-02-10 07:00:00+00:00,1638.118333333333,0.0
2024-02-10 08:00:00+00:00,162.44833333333332,162.44833333333332
2024-02-10 09:00:00+00:00,209.8336111111111,0.0
2024-02-10 10:00:00+00:00,2014.835,2014.835
2024-02-10 11:00:00+00:00,531.5944444444444,0.0
2024-02-10 12:00:00+00:00,442.1622222222222,442.1622222222222
2024-02-10 13:00:00+00:00,504.0788888888889,0.0
2024-02-10 14:00:00+00:00,186.52944444444444,186.52944444444444
2024-02-10 15:00:00+00:00,189.71666666666667,189.71666666666667
2024-02-10 16:00:00+00:00,206.16027777777776,206.16027777777776
2024-02-10 17:00:00+00:00,374.2136111111111,374.2136111111111
2024-02-10 18:00:00+00:00,273.05861111111113,273.05861111111113
2024-02-10 19:00:00+00:00,831.7461111111111,831.7461111111111
2024-02-10 20:00:00+00:00,725.2027777777778,725.2027777777778
2024-02-10 21:00:00+00:00,7022.440833333333,7022.440833333333
2024-02-10 22:00:00+00:00,702.1338888888889,702.1338888888889
2024-02-10 23:00:00+00:00,346.58722222222224,346.58722222222224
2024-02-11 00:00:00+00:00,306.9852777777777,0.0
2024-02-11 01:00:00+00:00,64073.461388888885,64073.461388888885
2024-02-11 02:00:00+00:00,320.0863888888889,320.0863888888889
2024-02-11 03:00:00+00:00,86.73611111111111,86.73611111111111
2024-02-11 04:00:00+00:00,916.6727777777778,916.6727777777778
2024-02-11 05:00:00+00:00,239.36055555555555,0.0
2024-02-11 06:00:00+00:00,107.75,107.75
2024-02-11 07:00:00+00:00,389.5075,389.5075
2024-02-11 08:00:00+00:00,656.2427777777777,0.0
2024-02-11 09:00:00+00:00,539.9041666666667,0.0
2024-02-11 10:00:00+00:00,341.18111111111114,341.18111111111114
2024-02-11 11:00:00+00:00,574.5783333333334,574.5783333333334
2024-02-11 12:00:00+00:00,1425.8525,1425.8525
2024-02-11 13:00:00+00:00,571.0272222222222,571.0272222222222
2024-02-11 14:00:00+00:00,286.9627777777778,286.9627777777778
2024-02-11 15:00:00+00:00,326.23555555555555,326.23555555555555
2024-02-11 16:00:00+00:00,2309.3525,2309.3525
2024-02-11 17:00:00+00:00,424.07055555555553,424.07055555555553
2024-02-11 18:00:00+00:00,212.065,0.0
2024-02-11 19:00:00+00:00,310.1277777777778,310.1277777777778
2024-02-11 20:00:00+00:00,485.7405555555556,485.7405555555556
2024-02-11 21:00:00+00:00,134.3672222222222,134.3672222222222
2024-02-11 22:00:00+00:00,1269.4941666666666,1269.4941666666666
2024-02-11 23:00:00+00:00,141.08027777777778,141.08027777777778
2024-02-12 00:00:00+00:00,397.78472222222223,397.78472222222223
2024-02-12 01:00:00+00:00,196.1855555555556,196.1855555555556
2024-02-12 02:00:00+00:00,138.22555555555556,0.0
2024-02-12 03:00:00+00:00,866.1122222222223,866.1122222222223
2024-02-12 04:00:00+00:00,29450.30722222222,29450.30722222222
2024-02-12 05:00:00+00:00,226692.0525,226692.0525
2024-02-12 06:00:00+00:00,300850.5747222222,300850.5747222222
2024-02-12 07:00:00+00:00,357118.5183333333,357118.5183333333
2024-02-12 08:00:00+00:00,204689.92138888888,0.0
2024-02-12 09:00:00+00:00,212047.6338888889,212047.6338888889
2024-02-12 10:00:00+00:00,284611.9766666667,284611.9766666667
2024-02-12 11:00:00+00:00,257007.38611111112,257007.38611111112
2024-02-12 12:00:00+00:00,150758.64833333337,150758.64833333337
2024-02-12 13:00:00+00:00,107704.4175,107704.4175
2024-02-12 14:00:00+00:00,15926.0125,0.0
2024-02-12 15:00:00+00:00,25329.129444444443,0.0
2024-02-12 16:00:00+00:00,6724.596388888889,6724.596388888889
2024-02-12 17:00:00+00:00,618.5730555555556,618.5730555555556
2024-02-12 18:00:00+00:00,2628.3241666666668,2628.3241666666668
2024-02-12 19:00:00+00:00,2229.815,2229.815
2024-02-12 20:00:00+00:00,38453.211388888885,38453.211388888885
2024-02-12 21:00:00+00:00,231.5413888888889,231.5413888888889
2024-02-12 22:00:00+00:00,1108.3625,1108.3625
2024-02-12 23:00:00+00:00,987.9694444444444,987.9694444444444
2024-02-13 00:00:00+00:00,433.78,433.78
2024-02-13 01:00:00+00:00,3459.19,3459.19
2024-02-13 02:00:00+00:00,177.79722222222222,177.79722222222222
2024-02-13 03:00:00+00:00,4774.044722222222,4774.044722222222
2024-02-13 04:00:00+00:00,39677.741944444446,0.0
2024-02-13 05:00:00+00:00,140915.53472222222,140915.53472222222
2024-02-13 06:00:00+00:00,154881.16694444444,154881.16694444444
2024-02-13 07:00:00+00:00,303077.0183333333,303077.0183333333
2024-02-13 08:00:00+00:00,166600.4402777778,166600.4402777778
2024-02-13 09:00:00+00:00,269042.32,269042.32
2024-02-13 10:00:00+00:00,362013.9875,0.0
2024-02-13 11:00:00+00:00,335555.76666666666,335555.76666666666
2024-02-13 12:00:00+00:00,191968.0425,191968.0425
2024-02-13 13:00:00+00:00,176311.48194444444,176311.48194444444
2024-02-13 14:00:00+00:00,41138.97972222222,41138.97972222222
2024-02-13 15:00:00+00:00,35993.930555555555,35993.930555555555
2024-02-13 16:00:00+00:00,5788.061111111111,5788.061111111111
2024-02-13 17:00:00+00:00,81413.93916666666,81413.93916666666
2024-02-13 18:00:00+00:00,19840.305555555555,19840.305555555555
2024-02-13 19:00:00+00:00,604.8097222222223,604.8097222222223
2024-02-13 20:00:00+00:00,415.8994444444445,0.0
2024-02-13 21:00:00+00:00,5740.807222222223,5740.807222222223
2024-02-13 22:00:00+00:00,3755.1241666666665,3755.1241666666665
2024-02-13 23:00:00+00:00,283.6586111111111,0.0
2024-02-14 00:00:00+00:00,244.21055555555557,244.21055555555557
2024-02-14 01:00:00+00:00,154.6586111111111,154.6586111111111
2024-02-14 02:00:00+00:00,317.1388888888889,317.1388888888889
2024-02-14 03:00:00+00:00,2506.244166666667,2506.244166666667
2024-02-14 04:00:00+00:00,149610.6638888889,149610.6638888889
2024-02-14 05:00:00+00:00,514334.3830555556,514334.3830555556
2024-02-14 06:00:00+00:00,405619.0136111111,405619.0136111111
2024-02-14 07:00:00+00:00,604296.7580555555,604296.7580555555
2024-02-14 08:00:00+00:00,1068346.8441666667,1068346.8441666667
2024-02-14 09:00:00+00:00,275017.14666666667,275017.14666666667
2024-02-14 10:00:00+00:00,515528.9588888889,0.0
2024-02-14 11:00:00+00:00,171948.9675,171948.9675
2024-02-14 12:00:00+00:00,359743.7575,359743.7575
2024-02-14 13:00:00+00:00,96113.82166666668,96113.82166666668
2024-02-14 14:00:00+00:00,15952.952777777778,15952.952777777778
2024-02-14 15:00:00+00:00,11656.951111111111,11656.951111111111
2024-02-14 16:00:00+00:00,36732.51416666667,36732.51416666667
2024-02-14 17:00:00+00:00,665.3977777777778,665.3977777777778
2024-02-14 18:00:00+00:00,482.3127777777778,482.3127777777778
2024-02-14 19:00:00+00:00,1536.2894444444444,1536.2894444444444
2024-02-14 20:00:00+00:00,610.5747222222222,610.5747222222222
2024-02-14 21:00:00+00:00,1023.5219444444444,1023.5219444444444
2024-02-14 22:00:00+00:00,4661.255555555556,4661.255555555556
2024-02-14 23:00:00+00:00,632.7222222222222,632.7222222222222
2024-02-15 00:00:00+00:00,215.41722222222225,0.0
2024-02-15 01:00:00+00:00,2985.8908333333334,0.0
2024-02-15 02:00:00+00:00,381.4686111111111,381.4686111111111
2024-02-15 03:00:00+00:00,1789.5352777777778,1789.5352777777778
2024-02-15 04:00:00+00:00,51443.65222222222,0.0
2024-02-15 05:00:00+00:00,497107.5283333333,497107.5283333333
2024-02-15 06:00:00+00:00,384512.2369444444,0.0
2024-02-15 07:00:00+00:00,307116.5788888889,307116.5788888889
2024-02-15 08:00:00+00:00,234855.88194444444,234855.88194444444
2024-02-15 09:00:00+00:00,387672.5169444445,387672.5169444445
2024-02-15 10:00:00+00:00,365922.4525,365922.4525
2024-02-15 11:00:00+00:00,296003.6111111111,296003.6111111111
2024-02-15 12:00:00+00:00,192446.25861111112,192446.25861111112
2024-02-15 13:00:00+00:00,130178.15666666666,0.0
2024-02-15 14:00:00+00:00,34683.07361111111,34683.07361111111
2024-02-15 15:00:00+00:00,46116.58416666667,46116.58416666667
2024-02-15 16:00:00+00:00,7505.300833333334,7505.300833333334
2024-02-15 17:00:00+00:00,199.13916666666665,199.13916666666665
2024-02-15 18:00:00+00:00,588.3922222222222,588.3922222222222
2024-02-15 19:00:00+00:00,635.3583333333333,635.3583333333333
2024-02-15 20:00:00+00:00,469.4144444444444,469.4144444444444
2024-02-15 21:00:00+00:00,4894.260555555556,0.0
2024-02-15 22:00:00+00:00,12453.985,12453.985
2024-02-15 23:00:00+00:00,245.43138888888888,245.43138888888888
2024-02-16 00:00:00+00:00,320.63916666666665,320.63916666666665
2024-02-16 01:00:00+00:00,3183.630277777778,0.0
2024-02-16 02:00:00+00:00,581.385,581.385
2024-02-16 03:00:00+00:00,7215.338333333333,7215.338333333333
2024-02-16 04:00:00+00:00,87441.10805555555,87441.10805555555
2024-02-16 05:00:00+00:00,242282.6861111111,0.0
2024-02-16 06:00:00+00:00,329800.77472222224,0.0
2024-02-16 07:00:00+00:00,339057.805,339057.805
2024-02-16 08:00:00+00:00,350705.49944444443,0.0
2024-02-16 09:00:00+00:00,409081.0508333333,409081.0508333333
2024-02-16 10:00:00+00:00,182571.8213888889,182571.8213888889
2024-02-16 11:00:00+00:00,107177.43444444444,107177.43444444444
2024-02-16 12:00:00+00:00,12258.631944444443,12258.631944444443
2024-02-16 13:00:00+00:00,2506.7391666666667,0.0
2024-02-16 14:00:00+00:00,2012.361111111111,0.0
2024-02-16 15:00:00+00:00,478.4747222222222,478.4747222222222
2024-02-16 16:00:00+00:00,267.9061111111111,267.9061111111111
2024-02-16 17:00:00+00:00,344.2775,344.2775
2024-02-16 18:00:00+00:00,747.5961111111111,0.0
2024-02-16 19:00:00+00:00,304.89972222222224,304.89972222222224
2024-02-16 20:00:00+00:00,550.8972222222222,550.8972222222222
2024-02-16 21:00:00+00:00,339.4261111111111,339.4261111111111
2024-02-16 22:00:00+00:00,513.4302777777777,0.0
2024-02-16 23:00:00+00:00,590.2736111111111,590.2736111111111
2024-02-17 00:00:00+00:00,396.7205555555556,0.0
2024-02-17 01:00:00+00:00,216.34333333333333,216.34333333333333
2024-02-17 02:00:00+00:00,774.1933333333334,774.1933333333334
2024-02-17 03:00:00+00:00,195.3388888888889,195.3388888888889
2024-02-17 04:00:00+00:00,192.9488888888889,192.9488888888889
2024-02-17 05:00:00+00:00,170.58805555555554,170.58805555555554
2024-02-17 06:00:00+00:00,1130.5536111111112,0.0
2024-02-17 07:00:00+00:00,169.9813888888889,0.0
2024-02-17 08:00:00+00:00,5598.2625,5598.2625
2024-02-17 09:00:00+00:00,474.7022222222223,474.7022222222223
2024-02-17 10:00:00+00:00,1210.0938888888888,0.0
2024-02-17 11:00:00+00:00,1574.493611111111,0.0
2024-02-17 12:00:00+00:00,1432.5244444444445,1432.5244444444445
2024-02-17 13:00:00+00:00,166.71916666666667,0.0
2024-02-17 14:00:00+00:00,97.78361111111111,0.0
2024-02-17 15:00:00+00:00,578.5288888888889,578.5288888888889
2024-02-17 16:00:00+00:00,117.70944444444444,117.70944444444444
2024-02-17 17:00:00+00:00,151.90194444444444,151.90194444444444
2024-02-17 18:00:00+00:00,164.83,164.83
2024-02-17 19:00:00+00:00,169.98416666666665,0.0
2024-02-17 20:00:00+00:00,456.19944444444445,456.19944444444445
2024-02-17 21:00:00+00:00,424.6516666666666,424.6516666666666
2024-02-17 22:00:00+00:00,572.1222222222223,572.1222222222223
2024-02-17 23:00:00+00:00,658.2919444444444,0.0
2024-02-18 00:00:00+00:00,274.6852777777778,0.0
2024-02-18 01:00:00+00:00,1260.0355555555554,0.0
2024-02-18 02:00:00+00:00,573.62,573.62
2024-02-18 03:00:00+00:00,423.78777777777776,423.78777777777776
2024-02-18 04:00:00+00:00,353.3252777777778,353.3252777777778
2024-02-18 05:00:00+00:00,171.17277777777778,171.17277777777778
2024-02-18 06:00:00+00:00,3512.838333333333,3512.838333333333
2024-02-18 07:00:00+00:00,281.1747222222222,281.1747222222222
2024-02-18 08:00:00+00:00,904.1086111111111,0.0
2024-02-18 09:00:00+00:00,550.6263888888889,550.6263888888889
2024-02-18 10:00:00+00:00,316.20472222222224,316.20472222222224
2024-02-18 11:00:00+00:00,361.7586111111111,0.0
2024-02-18 12:00:00+00:00,317.0477777777777,317.0477777777777
2024-02-18 13:00:00+00:00,487.37444444444446,487.37444444444446
2024-02-18 14:00:00+00:00,2827.3147222222224,2827.3147222222224
2024-02-18 15:00:00+00:00,332.81333333333333,332.81333333333333
2024-02-18 16:00:00+00:00,333.78527777777776,0.0
2024-02-18 17:00:00+00:00,601.4619444444445,0.0
2024-02-18 18:00:00+00:00,765.3572222222223,0.0
2024-02-18 19:00:00+00:00,295.1975,295.1975
2024-02-18 20:00:00+00:00,558.1669444444444,558.1669444444444
2024-02-18 21:00:00+00:00,323.3302777777778,0.0
2024-02-18 22:00:00+00:00,978.1561111111112,978.1561111111112
2024-02-18 23:00:00+00:00,324.12,0.0
2024-02-19 00:00:00+00:00,372.405,0.0
2024-02-19 01:00:00+00:00,472.0827777777778,472.0827777777778
2024-02-19 02:00:00+00:00,298.50416666666666,298.50416666666666
2024-02-19 03:00:00+00:00,3774.9572222222223,3774.9572222222223
2024-02-19 04:00:00+00:00,31901.06611111111,31901.06611111111
2024-02-19 05:00:00+00:00,311400.6591666667,311400.6591666667
2024-02-19 06:00:00+00:00,571652.7613888889,0.0
2024-02-19 07:00:00+00:00,321403.81111111114,0.0
2024-02-19 08:00:00+00:00,296880.1780555556,296880.1780555556
2024-02-19 09:00:00+00:00,376055.2444444444,376055.2444444444
2024-02-19 10:00:00+00:00,344838.01916666667,344838.01916666667
2024-02-19 11:00:00+00:00,360347.3583333333,360347.3583333333
2024-02-19 12:00:00+00:00,332462.9766666667,332462.9766666667
2024-02-19 13:00:00+00:00,149141.21694444446,149141.21694444446
2024-02-19 14:00:00+00:00,53052.17138888889,53052.17138888889
2024-02-19 15:00:00+00:00,49971.27638888889,0.0
2024-02-19 16:00:00+00:00,7637.893055555555,0.0
2024-02-19 17:00:00+00:00,4784.368888888889,0.0
2024-02-19 18:00:00+00:00,762.8355555555555,0.0
2024-02-19 19:00:00+00:00,4111.975,4111.975
2024-02-19 20:00:00+00:00,483.7627777777778,483.7627777777778
2024-02-19 21:00:00+00:00,236.1875,236.1875
2024-02-19 22:00:00+00:00,2265.847222222222,2265.847222222222
2024-02-19 23:00:00+00:00,770.1838888888889,0.0
2024-02-20 00:00:00+00:00,583.8111111111111,583.8111111111111
2024-02-20 01:00:00+00:00,60545.576944444445,60545.576944444445
2024-02-20 02:00:00+00:00,6031.070833333333,0.0
2024-02-20 03:00:00+00:00,9680.18611111111,9680.18611111111
2024-02-20 04:00:00+00:00,84804.0775,84804.0775
2024-02-20 05:00:00+00:00,225276.85888888888,225276.85888888888
2024-02-20 06:00:00+00:00,287923.83416666667,287923.83416666667
2024-02-20 07:00:00+00:00,273254.3361111111,273254.3361111111
2024-02-20 08:00:00+00:00,217738.5825,217738.5825
2024-02-20 09:00:00+00:00,211098.07111111112,0.0
2024-02-20 10:00:00+00:00,420658.18333333335,420658.18333333335
2024-02-20 11:00:00+00:00,485552.6611111111,485552.6611111111
2024-02-20 12:00:00+00:00,246764.5025,0.0
2024-02-20 13:00:00+00:00,80870.00166666666,80870.00166666666
2024-02-20 14:00:00+00:00,37466.72861111111,37466.72861111111
2024-02-20 15:00:00+00:00,11931.915,11931.915
2024-02-20 16:00:00+00:00,6413.529166666666,0.0
2024-02-20 17:00:00+00:00,1680.703888888889,1680.703888888889
2024-02-20 18:00:00+00:00,232.79916666666668,0.0
2024-02-20 19:00:00+00:00,1024.15,0.0
2024-02-20 20:00:00+00:00,1118.4730555555554,0.0
2024-02-20 21:00:00+00:00,115611.52277777778,115611.52277777778
2024-02-20 22:00:00+00:00,8083.770833333333,8083.770833333333
2024-02-20 23:00:00+00:00,386.7372222222222,386.7372222222222
2024-02-21 00:00:00+00:00,304.22777777777776,304.22777777777776
2024-02-21 01:00:00+00:00,351.6766666666667,351.6766666666667
2024-02-21 02:00:00+00:00,692.1244444444444,692.1244444444444
2024-02-21 03:00:00+00:00,4003.656944444445,4003.656944444445
2024-02-21 04:00:00+00:00,32062.981666666667,32062.981666666667
2024-02-21 05:00:00+00:00,262287.4683333333,0.0
2024-02-21 06:00:00+00:00,400670.0183333333,400670.0183333333
2024-02-21 07:00:00+00:00,470218.3302777778,470218.3302777778
2024-02-21 08:00:00+00:00,398773.52527777775,398773.52527777775
2024-02-21 09:00:00+00:00,663643.4783333334,663643.4783333334
2024-02-21 10:00:00+00:00,190554.3411111111,190554.3411111111
2024-02-21 11:00:00+00:00,247398.68194444448,247398.68194444448
2024-02-21 12:00:00+00:00,226821.48138888887,226821.48138888887
2024-02-21 13:00:00+00:00,72751.4425,72751.4425
2024-02-21 14:00:00+00:00,9087.224166666669,9087.224166666669
2024-02-21 15:00:00+00:00,22629.29472222222,0.0
2024-02-21 16:00:00+00:00,1951.0216666666668,1951.0216666666668
2024-02-21 17:00:00+00:00,6849.867222222222,0.0
2024-02-21 18:00:00+00:00,8350.416666666666,8350.416666666666
2024-02-21 19:00:00+00:00,969.8808333333334,969.8808333333334
2024-02-21 20:00:00+00:00,242.1136111111111,0.0
2024-02-21 21:00:00+00:00,547.4238888888889,0.0
2024-02-21 22:00:00+00:00,1113.391111111111,1113.391111111111
2024-02-21 23:00:00+00:00,547.775,0.0
2024-02-22 00:00:00+00:00,344.99833333333333,344.99833333333333
2024-02-22 01:00:00+00:00,37072.90861111111,37072.90861111111
2024-02-22 02:00:00+00:00,582.7886111111111,582.7886111111111
2024-02-22 03:00:00+00:00,3147.8488888888887,0.0
2024-02-22 04:00:00+00:00,42087.40027777778,42087.40027777778
2024-02-22 05:00:00+00:00,135426.8525,135426.8525
2024-02-22 06:00:00+00:00,244323.28,0.0
2024-02-22 07:00:00+00:00,292983.64194444445,292983.64194444445
2024-02-22 08:00:00+00:00,198996.52,198996.52
2024-02-22 09:00:00+00:00,253120.86166666663,253120.86166666663
2024-02-22 10:00:00+00:00,272888.7947222222,272888.7947222222
2024-02-22 11:00:00+00:00,418256.0463888889,418256.0463888889
2024-02-22 12:00:00+00:00,197807.85694444444,197807.85694444444
2024-02-22 13:00:00+00:00,90994.425,90994.425
2024-02-22 14:00:00+00:00,41992.255833333336,41992.255833333336
2024-02-22 15:00:00+00:00,20848.215,20848.215
2024-02-22 16:00:00+00:00,3317.7433333333333,0.0
2024-02-22 17:00:00+00:00,799.3602777777778,799.3602777777778
2024-02-22 18:00:00+00:00,13658.711111111112,0.0
2024-02-22 19:00:00+00:00,11158.759722222225,11158.759722222225
2024-02-22 20:00:00+00:00,3741.9383333333335,0.0
2024-02-22 21:00:00+00:00,2306.843333333333,0.0
2024-02-22 22:00:00+00:00,980.4591666666666,980.4591666666666
2024-02-22 23:00:00+00:00,687.4313888888889,687.4313888888889
2024-02-23 00:00:00+00:00,268.5283333333333,268.5283333333333
2024-02-23 01:00:00+00:00,773.3097222222223,0.0
2024-02-23 02:00:00+00:00,1007.4722222222222,1007.4722222222222
2024-02-23 03:00:00+00:00,3626.027222222222,3626.027222222222
2024-02-23 04:00:00+00:00,25418.170833333334,25418.170833333334
2024-02-23 05:00:00+00:00,335878.4533333333,335878.4533333333
2024-02-23 06:00:00+00:00,348017.2497222222,348017.2497222222
2024-02-23 07:00:00+00:00,279026.8727777778,279026.8727777778
2024-02-23 08:00:00+00:00,333916.69166666665,333916.69166666665
2024-02-23 09:00:00+00:00,235912.90666666668,235912.90666666668
2024-02-23 10:00:00+00:00,263177.5488888889,263177.5488888889
2024-02-23 11:00:00+00:00,296651.9969444444,296651.9969444444
2024-02-23 12:00:00+00:00,7861.858888888889,0.0
2024-02-23 13:00:00+00:00,2880.192777777778,2880.192777777778
2024-02-23 14:00:00+00:00,467.04083333333335,467.04083333333335
2024-02-23 15:00:00+00:00,820.0488888888889,820.0488888888889
2024-02-23 16:00:00+00:00,308.06055555555554,308.06055555555554
2024-02-23 17:00:00+00:00,835.6533333333333,835.6533333333333
2024-02-23 18:00:00+00:00,45928.92305555556,0.0
2024-02-23 19:00:00+00:00,321.87694444444446,0.0
2024-02-23 20:00:00+00:00,1307.505,0.0
2024-02-23 21:00:00+00:00,351.6719444444444,351.6719444444444
2024-02-23 22:00:00+00:00,583.8402777777778,0.0
2024-02-23 23:00:00+00:00,327.1222222222222,327.1222222222222
2024-02-24 00:00:00+00:00,327.59,327.59
2024-02-24 01:00:00+00:00,3057.231111111111,3057.231111111111
2024-02-24 02:00:00+00:00,441.5075,441.5075
2024-02-24 03:00:00+00:00,638.6969444444444,638.6969444444444
2024-02-24 04:00:00+00:00,423.5394444444444,0.0
2024-02-24 05:00:00+00:00,323.5813888888889,323.5813888888889
2024-02-24 06:00:00+00:00,386.13,0.0
2024-02-24 07:00:00+00:00,266.0233333333333,0.0
2024-02-24 08:00:00+00:00,284.5108333333333,284.5108333333333
2024-02-24 09:00:00+00:00,259.7975,0.0
2024-02-24 10:00:00+00:00,458.535,458.535
2024-02-24 11:00:00+00:00,33601.26861111111,33601.26861111111
2024-02-24 12:00:00+00:00,378.4244444444444,378.4244444444444
2024-02-24 13:00:00+00:00,574.7630555555555,574.7630555555555
2024-02-24 14:00:00+00:00,287.4038888888889,287.4038888888889
2024-02-24 15:00:00+00:00,1811.4611111111112,1811.4611111111112
2024-02-24 16:00:00+00:00,235.71833333333333,235.71833333333333
2024-02-24 17:00:00+00:00,2855.724722222222,2855.724722222222
2024-02-24 18:00:00+00:00,1356.5869444444445,1356.5869444444445
2024-02-24 19:00:00+00:00,338.7863888888889,338.7863888888889
2024-02-24 20:00:00+00:00,1671.530277777778,1671.530277777778
2024-02-24 21:00:00+00:00,234.2711111111111,0.0
2024-02-24 22:00:00+00:00,614.1541666666667,614.1541666666667
2024-02-24 23:00:00+00:00,1382.453611111111,1382.453611111111
2024-02-25 00:00:00+00:00,377.0516666666667,377.0516666666667
2024-02-25 01:00:00+00:00,640.5119444444445,640.5119444444445
2024-02-25 02:00:00+00:00,279.7472222222222,279.7472222222222
2024-02-25 03:00:00+00:00,352.0758333333333,352.0758333333333
2024-02-25 04:00:00+00:00,348.1061111111111,348.1061111111111
2024-02-25 05:00:00+00:00,161.89388888888888,161.89388888888888
2024-02-25 06:00:00+00:00,247.0547222222222,247.0547222222222
2024-02-25 07:00:00+00:00,1351.8111111111111,0.0
2024-02-25 08:00:00+00:00,1433.788611111111,0.0
2024-02-25 09:00:00+00:00,300.60527777777776,300.60527777777776
2024-02-25 10:00:00+00:00,463.9608333333333,463.9608333333333
2024-02-25 11:00:00+00:00,833.6838888888889,833.6838888888889
2024-02-25 12:00:00+00:00,302.3833333333333,302.3833333333333
2024-02-25 13:00:00+00:00,999.2316666666668,999.2316666666668
2024-02-25 14:00:00+00:00,761.0988888888888,761.0988888888888
2024-02-25 15:00:00+00:00,194.38722222222225,0.0
2024-02-25 16:00:00+00:00,416.78583333333336,0.0
2024-02-25 17:00:00+00:00,347.9125,0.0
2024-02-25 18:00:00+00:00,592.2552777777778,592.2552777777778
2024-02-25 19:00:00+00:00,1718.1191666666666,1718.1191666666666
2024-02-25 20:00:00+00:00,162303.50666666665,162303.50666666665
2024-02-25 21:00:00+00:00,283.2605555555556,283.2605555555556
2024-02-25 22:00:00+00:00,488.995,488.995
2024-02-25 23:00:00+00:00,467.3513888888889,467.3513888888889
2024-02-26 00:00:00+00:00,270.5677777777778,270.5677777777778
2024-02-26 01:00:00+00:00,819.3858333333334,819.3858333333334
2024-02-26 02:00:00+00:00,587.0388888888889,587.0388888888889
2024-02-26 03:00:00+00:00,368.2733333333333,368.2733333333333
2024-02-26 04:00:00+00:00,107417.57916666666,107417.57916666666
2024-02-26 05:00:00+00:00,336884.6561111111,336884.6561111111
2024-02-26 06:00:00+00:00,357513.79027777776,357513.79027777776
2024-02-26 07:00:00+00:00,365014.7288888889,365014.7288888889
2024-02-26 08:00:00+00:00,392888.9338888889,392888.9338888889
2024-02-26 09:00:00+00:00,377888.0802777778,0.0
2024-02-26 10:00:00+00:00,227895.5508333333,227895.5508333333
2024-02-26 11:00:00+00:00,283302.55083333334,283302.55083333334
2024-02-26 12:00:00+00:00,189783.12166666667,0.0
2024-02-26 13:00:00+00:00,124054.73277777778,124054.73277777778
2024-02-26 14:00:00+00:00,100857.93833333334,0.0
2024-02-26 15:00:00+00:00,3007.125833333333,3007.125833333333
2024-02-26 16:00:00+00:00,9662.029722222222,9662.029722222222
2024-02-26 17:00:00+00:00,734.1961111111111,0.0
2024-02-26 18:00:00+00:00,3464.188333333333,3464.188333333333
2024-02-26 19:00:00+00:00,11323.5025,11323.5025
2024-02-26 20:00:00+00:00,522.8619444444445,522.8619444444445
2024-02-26 21:00:00+00:00,302.1980555555556,302.1980555555556
2024-02-26 22:00:00+00:00,688.3302777777777,688.3302777777777
2024-02-26 23:00:00+00:00,482.8133333333333,482.8133333333333
2024-02-27 00:00:00+00:00,430.13166666666666,430.13166666666666
2024-02-27 01:00:00+00:00,4157.156944444445,4157.156944444445
2024-02-27 02:00:00+00:00,887.1380555555555,887.1380555555555
2024-02-27 03:00:00+00:00,505.6680555555556,505.6680555555556
2024-02-27 04:00:00+00:00,42111.97472222222,42111.97472222222
2024-02-27 05:00:00+00:00,474712.77555555553,474712.77555555553
2024-02-27 06:00:00+00:00,227055.775,227055.775
2024-02-27 07:00:00+00:00,262623.5702777778,0.0
2024-02-27 08:00:00+00:00,271841.0086111111,271841.0086111111
2024-02-27 09:00:00+00:00,256040.605,256040.605
2024-02-27 10:00:00+00:00,231623.28222222225,0.0
2024-02-27 11:00:00+00:00,347965.8536111111,347965.8536111111
2024-02-27 12:00:00+00:00,168820.80388888888,168820.80388888888
2024-02-27 13:00:00+00:00,189289.95055555555,0.0
2024-02-27 14:00:00+00:00,14711.742222222225,0.0
2024-02-27 15:00:00+00:00,22026.52333333333,22026.52333333333
2024-02-27 16:00:00+00:00,4941.661944444444,4941.661944444444
2024-02-27 17:00:00+00:00,8931.506388888889,0.0
2024-02-27 18:00:00+00:00,776.015,776.015
2024-02-27 19:00:00+00:00,956.5555555555557,956.5555555555557
2024-02-27 20:00:00+00:00,412.9669444444445,412.9669444444445
2024-02-27 21:00:00+00:00,200.32638888888889,200.32638888888889
2024-02-27 22:00:00+00:00,531.7416666666667,531.7416666666667
2024-02-27 23:00:00+00:00,459.4947222222222,459.4947222222222
2024-02-28 00:00:00+00:00,705.1586111111111,705.1586111111111
2024-02-28 01:00:00+00:00,957.7619444444445,957.7619444444445
2024-02-28 02:00:00+00:00,475.5047222222222,0.0
2024-02-28 03:00:00+00:00,642.0891666666666,642.0891666666666
2024-02-28 04:00:00+00:00,30864.33722222222,0.0
2024-02-28 05:00:00+00:00,192750.17888888888,192750.17888888888
2024-02-28 06:00:00+00:00,359499.7152777777,0.0
2024-02-28 07:00:00+00:00,318608.3958333333,318608.3958333333
2024-02-28 08:00:00+00:00,632443.713888889,632443.713888889
2024-02-28 09:00:00+00:00,289002.7455555556,289002.7455555556
2024-02-28 10:00:00+00:00,274637.9358333333,274637.9358333333
2024-02-28 11:00:00+00:00,346227.37388888886,0.0
2024-02-28 12:00:00+00:00,176443.91888888887,176443.91888888887
2024-02-28 13:00:00+00:00,90211.61805555556,90211.61805555556
2024-02-28 14:00:00+00:00,5813.531666666667,5813.531666666667
2024-02-28 15:00:00+00:00,14902.503333333334,14902.503333333334
2024-02-28 16:00:00+00:00,1938.9272222222223,1938.9272222222223
2024-02-28 17:00:00+00:00,3344.2119444444443,0.0
2024-02-28 18:00:00+00:00,432.03527777777776,432.03527777777776
2024-02-28 19:00:00+00:00,299.88166666666666,0.0
2024-02-28 20:00:00+00:00,898.2458333333333,898.2458333333333
2024-02-28 21:00:00+00:00,1720.9277777777777,1720.9277777777777
2024-02-28 22:00:00+00:00,214461.0713888889,214461.0713888889
2024-02-28 23:00:00+00:00,36412.89472222222,36412.89472222222
2024-02-29 00:00:00+00:00,535.5386111111111,535.5386111111111
2024-02-29 01:00:00+00:00,3116.87,3116.87
2024-02-29 02:00:00+00:00,716.2086111111112,716.2086111111112
2024-02-29 03:00:00+00:00,698.0255555555556,0.0
2024-02-29 04:00:00+00:00,32067.041944444445,32067.041944444445
2024-02-29 05:00:00+00:00,292526.79555555555,292526.79555555555
2024-02-29 06:00:00+00:00,328328.87916666665,328328.87916666665
2024-02-29 07:00:00+00:00,491122.8311111111,0.0
2024-02-29 08:00:00+00:00,447009.3675,447009.3675
2024-02-29 09:00:00+00:00,314635.7088888889,314635.7088888889
2024-02-29 10:00:00+00:00,307618.49416666664,0.0
2024-02-29 11:00:00+00:00,310100.7386111111,0.0
2024-02-29 12:00:00+00:00,358122.3908333333,358122.3908333333
2024-02-29 13:00:00+00:00,195783.0005555556,195783.0005555556
2024-02-29 14:00:00+00:00,19710.239444444444,19710.239444444444
2024-02-29 15:00:00+00:00,17258.39972222222,17258.39972222222
2024-02-29 16:00:00+00:00,18413.667777777777,18413.667777777777
2024-02-29 17:00:00+00:00,1108.3744444444444,1108.3744444444444
2024-02-29 18:00:00+00:00,6019.493611111111,6019.493611111111
2024-02-29 19:00:00+00:00,1078.2602777777777,1078.2602777777777
2024-02-29 20:00:00+00:00,1364.0711111111111,1364.0711111111111
2024-02-29 21:00:00+00:00,168.40194444444444,0.0
2024-02-29 22:00:00+00:00,1637.002222222222,0.0
2024-02-29 23:00:00+00:00,556.9236111111111,556.9236111111111
2024-03-01 00:00:00+00:00,814.9116666666666,814.9116666666666
2024-03-01 01:00:00+00:00,358.72527777777776,358.72527777777776
2024-03-01 02:00:00+00:00,1082.6947222222225,1082.6947222222225
2024-03-01 03:00:00+00:00,7508.183888888889,0.0
2024-03-01 04:00:00+00:00,97345.91166666668,97345.91166666668
2024-03-01 05:00:00+00:00,449795.9822222222,449795.9822222222
2024-03-01 06:00:00+00:00,501334.2330555556,501334.2330555556
2024-03-01 07:00:00+00:00,342489.7663888889,0.0
2024-03-01 08:00:00+00:00,320464.0466666667,320464.0466666667
2024-03-01 09:00:00+00:00,462853.3077777778,462853.3077777778
2024-03-01 10:00:00+00:00,308373.89722222224,308373.89722222224
2024-03-01 11:00:00+00:00,131623.74194444445,131623.74194444445
2024-03-01 12:00:00+00:00,23509.051944444444,23509.051944444444
2024-03-01 13:00:00+00:00,33843.513333333336,33843.513333333336
2024-03-01 14:00:00+00:00,272.3183333333333,272.3183333333333
2024-03-01 15:00:00+00:00,719.6411111111111,719.6411111111111
2024-03-01 16:00:00+00:00,1147.1008333333334,1147.1008333333334
2024-03-01 17:00:00+00:00,1036.12,1036.12
2024-03-01 18:00:00+00:00,366.8186111111111,366.8186111111111
2024-03-01 19:00:00+00:00,2400.6644444444446,2400.6644444444446
2024-03-01 20:00:00+00:00,173.24805555555557,173.24805555555557
2024-03-01 21:00:00+00:00,859.2122222222222,859.2122222222222
2024-03-01 22:00:00+00:00,660.9688888888888,660.9688888888888
2024-03-01 23:00:00+00:00,553.3377777777778,553.3377777777778
2024-03-02 00:00:00+00:00,293.5086111111111,293.5086111111111
2024-03-02 01:00:00+00:00,2245.954166666667,2245.954166666667
2024-03-02 02:00:00+00:00,188.47472222222223,188.47472222222223
2024-03-02 03:00:00+00:00,86.45333333333333,86.45333333333333
2024-03-02 04:00:00+00:00,96.58166666666666,96.58166666666666
2024-03-02 05:00:00+00:00,120.9675,120.9675
2024-03-02 06:00:00+00:00,109.82222222222222,109.82222222222222
2024-03-02 07:00:00+00:00,239.8852777777778,239.8852777777778
2024-03-02 08:00:00+00:00,423.00388888888887,423.00388888888887
2024-03-02 09:00:00+00:00,80165.9925,80165.9925
2024-03-02 10:00:00+00:00,4532.39,4532.39
2024-03-02 11:00:00+00:00,239.35361111111112,239.35361111111112
2024-03-02 12:00:00+00:00,186.24666666666667,0.0
2024-03-02 13:00:00+00:00,123.51777777777778,123.51777777777778
2024-03-02 14:00:00+00:00,339.1930555555556,339.1930555555556
2024-03-02 15:00:00+00:00,83.29611111111112,0.0
2024-03-02 16:00:00+00:00,100.0875,100.0875
2024-03-02 17:00:00+00:00,255.10888888888888,255.10888888888888
2024-03-02 18:00:00+00:00,245.44027777777777,245.44027777777777
2024-03-02 19:00:00+00:00,103.30972222222222,103.30972222222222
2024-03-02 20:00:00+00:00,405.4533333333333,405.4533333333333
2024-03-02 21:00:00+00:00,747.6227777777777,747.6227777777777
2024-03-02 22:00:00+00:00,290.56888888888886,290.56888888888886
2024-03-02 23:00:00+00:00,497.1075,0.0
2024-03-03 00:00:00+00:00,972.7586111111112,972.7586111111112
2024-03-03 01:00:00+00:00,193.66,193.66
2024-03-03 02:00:00+00:00,285.3644444444444,285.3644444444444
2024-03-03 03:00:00+00:00,718.1383333333333,718.1383333333333
2024-03-03 04:00:00+00:00,384.6275,384.6275
2024-03-03 05:00:00+00:00,201.0113888888889,201.0113888888889
2024-03-03 06:00:00+00:00,206.61944444444444,206.61944444444444
2024-03-03 07:00:00+00:00,108.06833333333331,108.06833333333331
2024-03-03 08:00:00+00:00,157.22055555555556,157.22055555555556
2024-03-03 09:00:00+00:00,125.10638888888889,125.10638888888889
2024-03-03 10:00:00+00:00,168.69972222222222,168.69972222222222
2024-03-03 11:00:00+00:00,117861.15083333332,117861.15083333332
2024-03-03 12:00:00+00:00,913.2716666666666,913.2716666666666
2024-03-03 13:00:00+00:00,155.37777777777777,155.37777777777777
2024-03-03 14:00:00+00:00,145.61583333333334,0.0
2024-03-03 15:00:00+00:00,391.00138888888887,391.00138888888887
2024-03-03 16:00:00+00:00,329.6330555555556,329.6330555555556
2024-03-03 17:00:00+00:00,296.3930555555556,296.3930555555556
2024-03-03 18:00:00+00:00,216.3075,216.3075
2024-03-03 19:00:00+00:00,225.47166666666664,0.0
2024-03-03 20:00:00+00:00,169.5986111111111,169.5986111111111
2024-03-03 21:00:00+00:00,275.69944444444445,275.69944444444445
2024-03-03 22:00:00+00:00,1078.4075,1078.4075
2024-03-03 23:00:00+00:00,339.0394444444444,0.0
2024-03-04 00:00:00+00:00,322.2866666666667,0.0
2024-03-04 01:00:00+00:00,4693.9225,4693.9225
2024-03-04 02:00:00+00:00,125.77333333333333,125.77333333333333
2024-03-04 03:00:00+00:00,1350.996111111111,0.0
2024-03-04 04:00:00+00:00,27905.125555555554,0.0
2024-03-04 05:00:00+00:00,286396.6233333333,286396.6233333333
2024-03-04 06:00:00+00:00,405915.8536111111,0.0
2024-03-04 07:00:00+00:00,466585.8283333333,466585.8283333333
2024-03-04 08:00:00+00:00,214000.39277777777,214000.39277777777
2024-03-04 09:00:00+00:00,419344.9563888889,419344.9563888889
2024-03-04 10:00:00+00:00,306934.2397222222,306934.2397222222
2024-03-04 11:00:00+00:00,343868.4427777778,0.0
2024-03-04 12:00:00+00:00,457970.59777777776,457970.59777777776
2024-03-04 13:00:00+00:00,113344.52444444444,113344.52444444444
2024-03-04 14:00:00+00:00,45210.7975,45210.7975
2024-03-04 15:00:00+00:00,50523.55416666667,50523.55416666667
2024-03-04 16:00:00+00:00,22337.99638888889,22337.99638888889
2024-03-04 17:00:00+00:00,1255.9041666666667,1255.9041666666667
2024-03-04 18:00:00+00:00,24255.582222222223,24255.582222222223
2024-03-04 19:00:00+00:00,1420.3805555555557,1420.3805555555557
2024-03-04 20:00:00+00:00,214.87027777777777,214.87027777777777
2024-03-04 21:00:00+00:00,463.84,0.0
2024-03-04 22:00:00+00:00,756.5394444444445,756.5394444444445
2024-03-04 23:00:00+00:00,440.34027777777777,440.34027777777777
2024-03-05 00:00:00+00:00,3919.511944444445,3919.511944444445
2024-03-05 01:00:00+00:00,625.4747222222222,625.4747222222222
2024-03-05 02:00:00+00:00,750.7775,750.7775
2024-03-05 03:00:00+00:00,469.5413888888889,469.5413888888889
2024-03-05 04:00:00+00:00,109526.09527777776,109526.09527777776
2024-03-05 05:00:00+00:00,311134.6138888889,311134.6138888889
2024-03-05 06:00:00+00:00,390137.33805555553,390137.33805555553
2024-03-05 07:00:00+00:00,502827.8294444445,502827.8294444445
2024-03-05 08:00:00+00:00,446963.265,446963.265
2024-03-05 09:00:00+00:00,291445.69333333336,291445.69333333336
2024-03-05 10:00:00+00:00,245260.80694444448,245260.80694444448
2024-03-05 11:00:00+00:00,232952.6588888889,232952.6588888889
2024-03-05 12:00:00+00:00,279066.2055555555,0.0
2024-03-05 13:00:00+00:00,67409.06361111111,67409.06361111111
2024-03-05 14:00:00+00:00,19834.31638888889,19834.31638888889
2024-03-05 15:00:00+00:00,4199.280277777778,4199.280277777778
2024-03-05 16:00:00+00:00,4061.961388888889,4061.961388888889
2024-03-05 17:00:00+00:00,840.7980555555556,840.7980555555556
2024-03-05 18:00:00+00:00,465.2577777777778,465.2577777777778
2024-03-05 19:00:00+00:00,730.1377777777777,730.1377777777777
2024-03-05 20:00:00+00:00,327.0497222222222,0.0
2024-03-05 21:00:00+00:00,264.43666666666667,264.43666666666667
2024-03-05 22:00:00+00:00,3707.945277777778,3707.945277777778
2024-03-05 23:00:00+00:00,2745.873333333333,2745.873333333333
2024-03-06 00:00:00+00:00,496.34583333333336,496.34583333333336
2024-03-06 01:00:00+00:00,3641.513333333333,3641.513333333333
2024-03-06 02:00:00+00:00,1052.627222222222,1052.627222222222
2024-03-06 03:00:00+00:00,3759.549444444445,3759.549444444445
2024-03-06 04:00:00+00:00,79925.28638888888,0.0
2024-03-06 05:00:00+00:00,244684.5836111111,244684.5836111111
2024-03-06 06:00:00+00:00,233522.20194444444,233522.20194444444
2024-03-06 07:00:00+00:00,350353.63972222223,350353.63972222223
2024-03-06 08:00:00+00:00,262364.7944444445,262364.7944444445
2024-03-06 09:00:00+00:00,330748.3491666667,330748.3491666667
2024-03-06 10:00:00+00:00,262876.63138888887,262876.63138888887
2024-03-06 11:00:00+00:00,297710.5916666667,297710.5916666667
2024-03-06 12:00:00+00:00,298422.9041666667,298422.9041666667
2024-03-06 13:00:00+00:00,160300.365,160300.365
2024-03-06 14:00:00+00:00,23009.65638888889,23009.65638888889
2024-03-06 15:00:00+00:00,33229.98777777778,33229.98777777778
2024-03-06 16:00:00+00:00,328.68583333333333,328.68583333333333
2024-03-06 17:00:00+00:00,306.9291666666667,306.9291666666667
2024-03-06 18:00:00+00:00,649.6194444444444,0.0
2024-03-06 19:00:00+00:00,609.0358333333334,0.0
2024-03-06 20:00:00+00:00,3470.8941666666665,3470.8941666666665
2024-03-06 21:00:00+00:00,515.2355555555556,515.2355555555556
2024-03-06 22:00:00+00:00,871.6183333333333,871.6183333333333
2024-03-06 23:00:00+00:00,311.01472222222225,311.01472222222225
2024-03-07 00:00:00+00:00,151.4675,151.4675
2024-03-07 01:00:00+00:00,774.2022222222222,774.2022222222222
2024-03-07 02:00:00+00:00,758.1419444444444,0.0
2024-03-07 03:00:00+00:00,3765.7825,3765.7825
2024-03-07 04:00:00+00:00,60809.70361111111,60809.70361111111
2024-03-07 05:00:00+00:00,358915.9819444445,358915.9819444445
2024-03-07 06:00:00+00:00,341744.3563888889,0.0
2024-03-07 07:00:00+00:00,409390.2519444444,0.0
2024-03-07 08:00:00+00:00,336468.47194444446,336468.47194444446
2024-03-07 09:00:00+00:00,279211.92,0.0
2024-03-07 10:00:00+00:00,296425.0,296425.0
2024-03-07 11:00:00+00:00,236232.1175,236232.1175
2024-03-07 12:00:00+00:00,139046.94305555554,139046.94305555554
2024-03-07 13:00:00+00:00,81767.73861111111,81767.73861111111
2024-03-07 14:00:00+00:00,6423.700277777778,6423.700277777778
2024-03-07 15:00:00+00:00,19759.12805555556,19759.12805555556
2024-03-07 16:00:00+00:00,73611.6125,73611.6125
2024-03-07 17:00:00+00:00,10684.287777777778,10684.287777777778
2024-03-07 18:00:00+00:00,863.48,0.0
2024-03-07 19:00:00+00:00,314.75194444444446,314.75194444444446
2024-03-07 20:00:00+00:00,850.1908333333333,850.1908333333333
2024-03-07 21:00:00+00:00,411.42333333333335,411.42333333333335
2024-03-07 22:00:00+00:00,192526.1588888889,192526.1588888889
2024-03-07 23:00:00+00:00,37066.35611111111,37066.35611111111
2024-03-08 00:00:00+00:00,255.42333333333332,255.42333333333332
2024-03-08 01:00:00+00:00,50940.82083333333,50940.82083333333
2024-03-08 02:00:00+00:00,206.79555555555555,206.79555555555555
2024-03-08 03:00:00+00:00,1831.0608333333328,1831.0608333333328
2024-03-08 04:00:00+00:00,101050.22222222222,101050.22222222222
2024-03-08 05:00:00+00:00,356431.5158333333,356431.5158333333
2024-03-08 06:00:00+00:00,269522.77444444445,0.0
2024-03-08 07:00:00+00:00,377130.8719444444,0.0
2024-03-08 08:00:00+00:00,447806.9638888889,447806.9638888889
2024-03-08 09:00:00+00:00,316883.99361111113,316883.99361111113
2024-03-08 10:00:00+00:00,279653.35,279653.35
2024-03-08 11:00:00+00:00,60440.7225,60440.7225
2024-03-08 12:00:00+00:00,3148.9636111111117,0.0
2024-03-08 13:00:00+00:00,369.2363888888889,369.2363888888889
2024-03-08 14:00:00+00:00,223.2238888888889,223.2238888888889
2024-03-08 15:00:00+00:00,766.9513888888889,766.9513888888889
2024-03-08 16:00:00+00:00,745.575,745.575
2024-03-08 17:00:00+00:00,904.1136111111113,904.1136111111113
2024-03-08 18:00:00+00:00,570.9380555555556,0.0
2024-03-08 19:00:00+00:00,622.8994444444445,622.8994444444445
2024-03-08 20:00:00+00:00,373.5836111111111,0.0
2024-03-08 21:00:00+00:00,689.2136111111112,0.0
2024-03-08 22:00:00+00:00,1046.9633333333334,1046.9633333333334
2024-03-08 23:00:00+00:00,338.05944444444447,338.05944444444447
2024-03-09 00:00:00+00:00,622.3308333333333,622.3308333333333
2024-03-09 01:00:00+00:00,245.20361111111112,245.20361111111112
2024-03-09 02:00:00+00:00,285.5313888888889,285.5313888888889
2024-03-09 03:00:00+00:00,374.8883333333333,374.8883333333333
2024-03-09 04:00:00+00:00,105.27416666666667,105.27416666666667
2024-03-09 05:00:00+00:00,124.05777777777776,124.05777777777776
2024-03-09 06:00:00+00:00,220.43666666666667,220.43666666666667
2024-03-09 07:00:00+00:00,1011.4141666666668,1011.4141666666668
2024-03-09 08:00:00+00:00,123.43833333333332,0.0
2024-03-09 09:00:00+00:00,5317.072222222222,0.0
2024-03-09 10:00:00+00:00,157.4175,157.4175
2024-03-09 11:00:00+00:00,1252.6002777777778,1252.6002777777778
2024-03-09 12:00:00+00:00,1417.180833333333,0.0
2024-03-09 13:00:00+00:00,295.9136111111111,295.9136111111111
2024-03-09 14:00:00+00:00,19594.14305555556,19594.14305555556
2024-03-09 15:00:00+00:00,242.4033333333333,242.4033333333333
2024-03-09 16:00:00+00:00,676.4563888888889,676.4563888888889
2024-03-09 17:00:00+00:00,3142.1055555555554,3142.1055555555554
2024-03-09 18:00:00+00:00,397.4172222222222,397.4172222222222
2024-03-09 19:00:00+00:00,554.7961111111111,554.7961111111111
2024-03-09 20:00:00+00:00,462.4130555555556,0.0
2024-03-09 21:00:00+00:00,351.53472222222223,351.53472222222223
2024-03-09 22:00:00+00:00,4643.703055555556,4643.703055555556
2024-03-09 23:00:00+00:00,410.33472222222224,410.33472222222224
2024-03-10 00:00:00+00:00,310.29555555555555,310.29555555555555
2024-03-10 01:00:00+00:00,464.8713888888889,464.8713888888889
2024-03-10 02:00:00+00:00,543.2980555555556,543.2980555555556
2024-03-10 03:00:00+00:00,113.46805555555557,113.46805555555557
2024-03-10 04:00:00+00:00,194.0625,194.0625
2024-03-10 05:00:00+00:00,89.6686111111111,89.6686111111111
2024-03-10 06:00:00+00:00,553.7411111111111,553.7411111111111
2024-03-10 07:00:00+00:00,352.7191666666667,352.7191666666667
2024-03-10 08:00:00+00:00,265.8525,0.0
2024-03-10 09:00:00+00:00,427.1161111111112,427.1161111111112
2024-03-10 10:00:00+00:00,143.4975,0.0
2024-03-10 11:00:00+00:00,575.1466666666666,575.1466666666666
2024-03-10 12:00:00+00:00,149.41583333333332,149.41583333333332
2024-03-10 13:00:00+00:00,2524.250555555556,0.0
2024-03-10 14:00:00+00:00,234.45222222222225,0.0
2024-03-10 15:00:00+00:00,216.13916666666665,216.13916666666665
2024-03-10 16:00:00+00:00,551.6163888888889,551.6163888888889
2024-03-10 17:00:00+00:00,1509.6033333333332,1509.6033333333332
2024-03-10 18:00:00+00:00,587.2383333333333,587.2383333333333
2024-03-10 19:00:00+00:00,569.1183333333333,0.0
2024-03-10 20:00:00+00:00,212.89805555555557,212.89805555555557
2024-03-10 21:00:00+00:00,1462.5636111111112,0.0
2024-03-10 22:00:00+00:00,623.4119444444444,623.4119444444444
2024-03-10 23:00:00+00:00,323.08222222222224,323.08222222222224
2024-03-11 00:00:00+00:00,392.43638888888887,392.43638888888887
2024-03-11 01:00:00+00:00,604.2683333333333,604.2683333333333
2024-03-11 02:00:00+00:00,174.55333333333334,0.0
2024-03-11 03:00:00+00:00,150.40527777777777,0.0
2024-03-11 04:00:00+00:00,20945.013055555555,20945.013055555555
2024-03-11 05:00:00+00:00,2820.1869444444446,2820.1869444444446
2024-03-11 06:00:00+00:00,9049.864444444444,9049.864444444444
2024-03-11 07:00:00+00:00,21171.6875,21171.6875
2024-03-11 08:00:00+00:00,1480.3252777777775,1480.3252777777775
2024-03-11 09:00:00+00:00,4407.468055555555,0.0
2024-03-11 10:00:00+00:00,7600.948333333334,0.0
2024-03-11 11:00:00+00:00,15829.41138888889,15829.41138888889
2024-03-11 12:00:00+00:00,541.985,541.985
2024-03-11 13:00:00+00:00,259.9197222222222,259.9197222222222
2024-03-11 14:00:00+00:00,185.30416666666667,185.30416666666667
2024-03-11 15:00:00+00:00,120.05388888888888,120.05388888888888
2024-03-11 16:00:00+00:00,242.84777777777776,242.84777777777776
2024-03-11 17:00:00+00:00,336.46944444444443,336.46944444444443
2024-03-11 18:00:00+00:00,380.7183333333333,380.7183333333333
2024-03-11 19:00:00+00:00,340.9075,340.9075
2024-03-11 20:00:00+00:00,193.6327777777778,193.6327777777778
2024-03-11 21:00:00+00:00,296.9808333333333,296.9808333333333
2024-03-11 22:00:00+00:00,719.5380555555555,719.5380555555555
2024-03-11 23:00:00+00:00,384.4536111111111,384.4536111111111
2024-03-12 00:00:00+00:00,3569.900277777778,3569.900277777778
2024-03-12 01:00:00+00:00,284.6402777777778,284.6402777777778
2024-03-12 02:00:00+00:00,193.53444444444443,193.53444444444443
2024-03-12 03:00:00+00:00,301.21722222222223,301.21722222222223
2024-03-12 04:00:00+00:00,21345.9275,21345.9275
2024-03-12 05:00:00+00:00,1552.8275,1552.8275
2024-03-12 06:00:00+00:00,6369.168333333333,6369.168333333333
2024-03-12 07:00:00+00:00,6378.478055555555,6378.478055555555
2024-03-12 08:00:00+00:00,4598.531388888889,4598.531388888889
2024-03-12 09:00:00+00:00,13372.584166666667,13372.584166666667
2024-03-12 10:00:00+00:00,6317.600555555556,6317.600555555556
2024-03-12 11:00:00+00:00,1726.8538888888888,1726.8538888888888
2024-03-12 12:00:00+00:00,290.3797222222222,290.3797222222222
2024-03-12 13:00:00+00:00,248.4988888888889,248.4988888888889
2024-03-12 14:00:00+00:00,214.2580555555556,214.2580555555556
2024-03-12 15:00:00+00:00,208372.6875,0.0
2024-03-12 16:00:00+00:00,90.78611111111113,90.78611111111113
2024-03-12 17:00:00+00:00,146.76777777777778,146.76777777777778
2024-03-12 18:00:00+00:00,595.2177777777778,595.2177777777778
2024-03-12 19:00:00+00:00,5806.168888888889,5806.168888888889
2024-03-12 20:00:00+00:00,1252.253333333333,1252.253333333333
2024-03-12 21:00:00+00:00,8430.41111111111,8430.41111111111
2024-03-12 22:00:00+00:00,1065.3752777777777,0.0
2024-03-12 23:00:00+00:00,236.40722222222223,236.40722222222223
2024-03-13 00:00:00+00:00,332.8786111111111,332.8786111111111
2024-03-13 01:00:00+00:00,21688.31527777778,0.0
2024-03-13 02:00:00+00:00,13038.1875,13038.1875
2024-03-13 03:00:00+00:00,2089.54,2089.54
2024-03-13 04:00:00+00:00,61321.875,61321.875
2024-03-13 05:00:00+00:00,27843.166666666668,27843.166666666668
2024-03-13 06:00:00+00:00,12084.830555555556,12084.830555555556
2024-03-13 07:00:00+00:00,8814.646388888888,0.0
2024-03-13 08:00:00+00:00,5312.1819444444445,5312.1819444444445
2024-03-13 09:00:00+00:00,38764.622777777775,38764.622777777775
2024-03-13 10:00:00+00:00,4565.479166666667,4565.479166666667
2024-03-13 11:00:00+00:00,9472.079166666666,9472.079166666666
2024-03-13 12:00:00+00:00,474.0988888888889,474.0988888888889
2024-03-13 13:00:00+00:00,3628.633611111111,3628.633611111111
2024-03-13 14:00:00+00:00,883.5869444444445,883.5869444444445
2024-03-13 15:00:00+00:00,86.67,86.67
2024-03-13 16:00:00+00:00,127.76611111111112,0.0
2024-03-13 17:00:00+00:00,320.4913888888889,320.4913888888889
2024-03-13 18:00:00+00:00,245.37222222222223,245.37222222222223
2024-03-13 19:00:00+00:00,136.11888888888888,0.0
2024-03-13 20:00:00+00:00,159.6027777777778,159.6027777777778
2024-03-13 21:00:00+00:00,198.7788888888889,0.0
2024-03-13 22:00:00+00:00,642.8630555555555,642.8630555555555
2024-03-13 23:00:00+00:00,249.3372222222222,249.3372222222222
2024-03-14 00:00:00+00:00,3325.5525,3325.5525
2024-03-14 01:00:00+00:00,619.5213888888889,619.5213888888889
2024-03-14 02:00:00+00:00,564.3536111111111,564.3536111111111
2024-03-14 03:00:00+00:00,670.2513888888889,670.2513888888889
2024-03-14 04:00:00+00:00,63336.52861111111,63336.52861111111
2024-03-14 05:00:00+00:00,18231.074444444443,18231.074444444443
2024-03-14 06:00:00+00:00,13446.19638888889,13446.19638888889
2024-03-14 07:00:00+00:00,6657.7202777777775,6657.7202777777775
2024-03-14 08:00:00+00:00,7760.225555555556,7760.225555555556
2024-03-14 09:00:00+00:00,44452.15805555556,44452.15805555556
2024-03-14 10:00:00+00:00,35402.159166666665,0.0
2024-03-14 11:00:00+00:00,7863.394444444444,7863.394444444444
2024-03-14 12:00:00+00:00,819.5727777777778,819.5727777777778
2024-03-14 13:00:00+00:00,223.59694444444443,0.0
2024-03-14 14:00:00+00:00,876.3383333333334,876.3383333333334
2024-03-14 15:00:00+00:00,50.586666666666666,50.586666666666666
2024-03-14 16:00:00+00:00,264.46666666666664,264.46666666666664
2024-03-14 17:00:00+00:00,50978.0725,50978.0725
2024-03-14 18:00:00+00:00,96.88416666666669,96.88416666666669
2024-03-14 19:00:00+00:00,198.2163888888889,198.2163888888889
2024-03-14 20:00:00+00:00,14651.013333333334,0.0
2024-03-14 21:00:00+00:00,479.48083333333335,479.48083333333335
2024-03-14 22:00:00+00:00,196.8552777777778,196.8552777777778
2024-03-14 23:00:00+00:00,866.8427777777778,866.8427777777778
2024-03-15 00:00:00+00:00,4064.37,4064.37
2024-03-15 01:00:00+00:00,8098.163333333333,0.0
2024-03-15 02:00:00+00:00,117.17055555555557,0.0
2024-03-15 03:00:00+00:00,341.0405555555556,341.0405555555556
2024-03-15 04:00:00+00:00,2584.8683333333333,2584.8683333333333
2024-03-15 05:00:00+00:00,11020.224166666669,11020.224166666669
2024-03-15 06:00:00+00:00,1817.3969444444444,1817.3969444444444
2024-03-15 07:00:00+00:00,2185.5558333333333,2185.5558333333333
2024-03-15 08:00:00+00:00,4137.802777777778,4137.802777777778
2024-03-15 09:00:00+00:00,17629.516944444444,0.0
2024-03-15 10:00:00+00:00,1235.451111111111,1235.451111111111
2024-03-15 11:00:00+00:00,3325.174722222222,3325.174722222222
2024-03-15 12:00:00+00:00,259.68583333333333,0.0
2024-03-15 13:00:00+00:00,100.79166666666669,0.0
2024-03-15 14:00:00+00:00,269.9430555555556,0.0
2024-03-15 15:00:00+00:00,116.77416666666667,116.77416666666667
2024-03-15 16:00:00+00:00,117.09444444444443,117.09444444444443
2024-03-15 17:00:00+00:00,350.9241666666667,350.9241666666667
2024-03-15 18:00:00+00:00,720.8469444444445,720.8469444444445
2024-03-15 19:00:00+00:00,185.76611111111112,185.76611111111112
2024-03-15 20:00:00+00:00,334.4111111111111,0.0
2024-03-15 21:00:00+00:00,383.535,383.535
2024-03-15 22:00:00+00:00,427.6688888888889,0.0
2024-03-15 23:00:00+00:00,363.4241666666667,363.4241666666667
2024-03-16 00:00:00+00:00,226.12777777777777,226.12777777777777
2024-03-16 01:00:00+00:00,97.47555555555556,97.47555555555556
2024-03-16 02:00:00+00:00,394.29833333333335,394.29833333333335
2024-03-16 03:00:00+00:00,133.16222222222223,133.16222222222223
2024-03-16 04:00:00+00:00,437.7458333333333,437.7458333333333
2024-03-16 05:00:00+00:00,36.40277777777778,36.40277777777778
2024-03-16 06:00:00+00:00,196.22416666666663,196.22416666666663
2024-03-16 07:00:00+00:00,193.19,193.19
2024-03-16 08:00:00+00:00,218.8763888888889,0.0
2024-03-16 09:00:00+00:00,73849.71111111112,73849.71111111112
2024-03-16 10:00:00+00:00,56.03361111111112,56.03361111111112
2024-03-16 11:00:00+00:00,1208.5013888888889,1208.5013888888889
2024-03-16 12:00:00+00:00,325.7941666666667,325.7941666666667
2024-03-16 13:00:00+00:00,369.16583333333335,369.16583333333335
2024-03-16 14:00:00+00:00,1006.0225,1006.0225
2024-03-16 15:00:00+00:00,276.7633333333333,276.7633333333333
2024-03-16 16:00:00+00:00,142.4386111111111,142.4386111111111
2024-03-16 17:00:00+00:00,355.9825,355.9825
2024-03-16 18:00:00+00:00,895.0683333333334,895.0683333333334
2024-03-16 19:00:00+00:00,3130.145555555556,3130.145555555556
2024-03-16 20:00:00+00:00,338.1688888888889,338.1688888888889
2024-03-16 21:00:00+00:00,291.3263888888889,291.3263888888889
2024-03-16 22:00:00+00:00,3528.469722222222,0.0
2024-03-16 23:00:00+00:00,296.1222222222222,296.1222222222222
2024-03-17 00:00:00+00:00,121.28277777777778,121.28277777777778
2024-03-17 01:00:00+00:00,816.1177777777777,816.1177777777777
2024-03-17 02:00:00+00:00,658.1263888888889,658.1263888888889
2024-03-17 03:00:00+00:00,244.0702777777778,244.0702777777778
2024-03-17 04:00:00+00:00,527.4761111111111,527.4761111111111
2024-03-17 05:00:00+00:00,52.114444444444445,52.114444444444445
2024-03-17 06:00:00+00:00,610.0611111111111,610.0611111111111
2024-03-17 07:00:00+00:00,61.26611111111111,61.26611111111111
2024-03-17 08:00:00+00:00,344.4175,344.4175
2024-03-17 09:00:00+00:00,477.4475,477.4475
2024-03-17 10:00:00+00:00,72.96333333333334,72.96333333333334
2024-03-17 11:00:00+00:00,780.1505555555556,780.1505555555556
2024-03-17 12:00:00+00:00,225.50416666666663,225.50416666666663
2024-03-17 13:00:00+00:00,790.9405555555555,790.9405555555555
2024-03-17 14:00:00+00:00,454.74611111111113,454.74611111111113
2024-03-17 15:00:00+00:00,685.4619444444445,685.4619444444445
2024-03-17 16:00:00+00:00,1029.2505555555556,1029.2505555555556
2024-03-17 17:00:00+00:00,185.2488888888889,185.2488888888889
2024-03-17 18:00:00+00:00,321.2463888888889,321.2463888888889
2024-03-17 19:00:00+00:00,688.6902777777777,688.6902777777777
2024-03-17 20:00:00+00:00,205.6263888888889,0.0
2024-03-17 21:00:00+00:00,296.9236111111111,296.9236111111111
2024-03-17 22:00:00+00:00,1049.1230555555555,0.0
2024-03-17 23:00:00+00:00,233.38861111111112,233.38861111111112
2024-03-18 00:00:00+00:00,300.9488888888889,300.9488888888889
2024-03-18 01:00:00+00:00,274.0233333333333,274.0233333333333
2024-03-18 02:00:00+00:00,284.3186111111111,284.3186111111111
2024-03-18 03:00:00+00:00,7968.723333333333,7968.723333333333
2024-03-18 04:00:00+00:00,63765.29055555556,63765.29055555556
2024-03-18 05:00:00+00:00,456362.33,456362.33
2024-03-18 06:00:00+00:00,965553.8783333332,965553.8783333332
2024-03-18 07:00:00+00:00,395734.9775,395734.9775
2024-03-18 08:00:00+00:00,403896.91694444447,403896.91694444447
2024-03-18 09:00:00+00:00,373384.5511111111,0.0
2024-03-18 10:00:00+00:00,355884.4480555556,0.0
2024-03-18 11:00:00+00:00,306197.68638888886,306197.68638888886
2024-03-18 12:00:00+00:00,199096.50944444444,199096.50944444444
2024-03-18 13:00:00+00:00,311822.1280555556,0.0
2024-03-18 14:00:00+00:00,29421.43138888889,29421.43138888889
2024-03-18 15:00:00+00:00,25526.18527777778,0.0
2024-03-18 16:00:00+00:00,3198.5033333333336,3198.5033333333336
2024-03-18 17:00:00+00:00,28200.53361111111,28200.53361111111
2024-03-18 18:00:00+00:00,11201.350277777778,11201.350277777778
2024-03-18 19:00:00+00:00,6020.141388888889,6020.141388888889
2024-03-18 20:00:00+00:00,430.0219444444445,430.0219444444445
2024-03-18 21:00:00+00:00,668.0819444444444,668.0819444444444
2024-03-18 22:00:00+00:00,6566.14,0.0
2024-03-18 23:00:00+00:00,836.2638888888889,836.2638888888889
2024-03-19 00:00:00+00:00,243.14527777777775,243.14527777777775
2024-03-19 01:00:00+00:00,22827.08111111111,22827.08111111111
2024-03-19 02:00:00+00:00,2118.8191666666667,2118.8191666666667
2024-03-19 03:00:00+00:00,285273.24611111113,0.0
2024-03-19 04:00:00+00:00,126990.37861111113,126990.37861111113
2024-03-19 05:00:00+00:00,351707.73333333334,351707.73333333334
2024-03-19 06:00:00+00:00,517873.39805555553,517873.39805555553
2024-03-19 07:00:00+00:00,378908.9941666666,378908.9941666666
2024-03-19 08:00:00+00:00,525558.2175,525558.2175
2024-03-19 09:00:00+00:00,349645.6408333333,349645.6408333333
2024-03-19 10:00:00+00:00,361989.97777777776,361989.97777777776
2024-03-19 11:00:00+00:00,342167.35305555555,0.0
2024-03-19 12:00:00+00:00,203553.98444444445,0.0
2024-03-19 13:00:00+00:00,169785.97194444443,0.0
2024-03-19 14:00:00+00:00,41171.157222222224,41171.157222222224
2024-03-19 15:00:00+00:00,39177.03166666667,39177.03166666667
2024-03-19 16:00:00+00:00,4243.297777777778,4243.297777777778
2024-03-19 17:00:00+00:00,966.5105555555556,966.5105555555556
2024-03-19 18:00:00+00:00,1345.6280555555556,1345.6280555555556
2024-03-19 19:00:00+00:00,1431.0044444444443,1431.0044444444443
2024-03-19 20:00:00+00:00,527.4508333333333,527.4508333333333
2024-03-19 21:00:00+00:00,1117.4708333333333,1117.4708333333333
2024-03-19 22:00:00+00:00,5050.888611111112,5050.888611111112
2024-03-19 23:00:00+00:00,272.68666666666667,272.68666666666667
2024-03-20 00:00:00+00:00,164.90194444444444,164.90194444444444
2024-03-20 01:00:00+00:00,720.4080555555555,720.4080555555555
2024-03-20 02:00:00+00:00,512.545,512.545
2024-03-20 03:00:00+00:00,2042.388888888889,2042.388888888889
2024-03-20 04:00:00+00:00,44533.38277777778,44533.38277777778
2024-03-20 05:00:00+00:00,327506.43111111113,327506.43111111113
2024-03-20 06:00:00+00:00,458098.9625,458098.9625
2024-03-20 07:00:00+00:00,588286.195,588286.195
2024-03-20 08:00:00+00:00,443202.3677777778,443202.3677777778
2024-03-20 09:00:00+00:00,415419.62111111113,415419.62111111113
2024-03-20 10:00:00+00:00,391771.9302777778,391771.9302777778
2024-03-20 11:00:00+00:00,332022.9402777778,332022.9402777778
2024-03-20 12:00:00+00:00,297846.3302777778,297846.3302777778
2024-03-20 13:00:00+00:00,28829.115,28829.115
2024-03-20 14:00:00+00:00,41934.97111111111,41934.97111111111
2024-03-20 15:00:00+00:00,143312.51611111112,143312.51611111112
2024-03-20 16:00:00+00:00,2353.028333333333,2353.028333333333
2024-03-20 17:00:00+00:00,2031.8869444444445,0.0
2024-03-20 18:00:00+00:00,363.0808333333333,363.0808333333333
2024-03-20 19:00:00+00:00,666.4341666666667,666.4341666666667
2024-03-20 20:00:00+00:00,3378.278333333333,3378.278333333333
2024-03-20 21:00:00+00:00,2623.413055555556,2623.413055555556
2024-03-20 22:00:00+00:00,1205.3416666666667,0.0
2024-03-20 23:00:00+00:00,780.5541666666667,780.5541666666667
2024-03-21 00:00:00+00:00,1964.0975,1964.0975
2024-03-21 01:00:00+00:00,3432.431666666667,3432.431666666667
2024-03-21 02:00:00+00:00,506.7547222222222,506.7547222222222
2024-03-21 03:00:00+00:00,3033.223055555556,3033.223055555556
2024-03-21 04:00:00+00:00,30541.619166666667,0.0
2024-03-21 05:00:00+00:00,372866.9305555556,0.0
2024-03-21 06:00:00+00:00,349192.3597222222,0.0
2024-03-21 07:00:00+00:00,348407.3952777778,0.0
2024-03-21 08:00:00+00:00,313851.57166666666,313851.57166666666
2024-03-21 09:00:00+00:00,295936.4252777778,0.0
2024-03-21 10:00:00+00:00,462620.7263888889,462620.7263888889
2024-03-21 11:00:00+00:00,479522.1075,479522.1075
2024-03-21 12:00:00+00:00,191412.5808333333,0.0
2024-03-21 13:00:00+00:00,137108.43305555556,137108.43305555556
2024-03-21 14:00:00+00:00,36308.40861111111,36308.40861111111
2024-03-21 15:00:00+00:00,4733.576388888889,4733.576388888889
2024-03-21 16:00:00+00:00,669.8125,669.8125
2024-03-21 17:00:00+00:00,8687.608888888888,8687.608888888888
2024-03-21 18:00:00+00:00,1180.385,1180.385
2024-03-21 19:00:00+00:00,339.7911111111111,0.0
2024-03-21 20:00:00+00:00,850.715,850.715
2024-03-21 21:00:00+00:00,1053.2016666666666,1053.2016666666666
2024-03-21 22:00:00+00:00,646.2116666666667,646.2116666666667
2024-03-21 23:00:00+00:00,475.9525,0.0
2024-03-22 00:00:00+00:00,849.5066666666667,849.5066666666667
2024-03-22 01:00:00+00:00,594.4030555555555,594.4030555555555
2024-03-22 02:00:00+00:00,1182.173888888889,0.0
2024-03-22 03:00:00+00:00,2308.030555555556,2308.030555555556
2024-03-22 04:00:00+00:00,70986.86722222222,70986.86722222222
2024-03-22 05:00:00+00:00,327442.8283333333,327442.8283333333
2024-03-22 06:00:00+00:00,372534.9747222223,0.0
2024-03-22 07:00:00+00:00,357214.49166666664,357214.49166666664
2024-03-22 08:00:00+00:00,361375.29,0.0
2024-03-22 09:00:00+00:00,471053.2916666667,471053.2916666667
2024-03-22 10:00:00+00:00,243987.24527777775,0.0
2024-03-22 11:00:00+00:00,71034.10888888889,71034.10888888889
2024-03-22 12:00:00+00:00,6713.663055555556,0.0
2024-03-22 13:00:00+00:00,2937.095,2937.095
2024-03-22 14:00:00+00:00,22608.996666666662,0.0
2024-03-22 15:00:00+00:00,94384.78583333331,0.0
2024-03-22 16:00:00+00:00,146.62166666666667,146.62166666666667
2024-03-22 17:00:00+00:00,85.87416666666667,0.0
2024-03-22 18:00:00+00:00,436.3425,0.0
2024-03-22 19:00:00+00:00,408.8208333333333,408.8208333333333
2024-03-22 20:00:00+00:00,183.79666666666665,183.79666666666665
2024-03-22 21:00:00+00:00,416.8005555555556,0.0
2024-03-22 22:00:00+00:00,108.55055555555556,108.55055555555556
2024-03-22 23:00:00+00:00,89.5575,89.5575
2024-03-23 00:00:00+00:00,282.8638888888889,282.8638888888889
2024-03-23 01:00:00+00:00,67.02916666666667,67.02916666666667
2024-03-23 02:00:00+00:00,231.70777777777775,0.0
2024-03-23 03:00:00+00:00,104.96305555555556,104.96305555555556
2024-03-23 04:00:00+00:00,88.43333333333334,88.43333333333334
2024-03-23 05:00:00+00:00,66.80472222222222,66.80472222222222
2024-03-23 06:00:00+00:00,173.25833333333333,173.25833333333333
2024-03-23 07:00:00+00:00,101.43194444444444,101.43194444444444
2024-03-23 08:00:00+00:00,142.20333333333335,142.20333333333335
2024-03-23 09:00:00+00:00,109.5,0.0
2024-03-23 10:00:00+00:00,490.0747222222223,490.0747222222223
2024-03-23 11:00:00+00:00,222.98638888888888,222.98638888888888
2024-03-23 12:00:00+00:00,438.59222222222223,0.0
2024-03-23 13:00:00+00:00,4037.910833333333,0.0
2024-03-23 14:00:00+00:00,4830.678611111111,4830.678611111111
2024-03-23 15:00:00+00:00,6206.194166666667,6206.194166666667
2024-03-23 16:00:00+00:00,196.8163888888889,0.0
2024-03-23 17:00:00+00:00,459.5238888888889,459.5238888888889
2024-03-23 18:00:00+00:00,287.49888888888887,287.49888888888887
2024-03-23 19:00:00+00:00,193.3175,193.3175
2024-03-23 20:00:00+00:00,210.8075,210.8075
2024-03-23 21:00:00+00:00,178.19305555555556,178.19305555555556
2024-03-23 22:00:00+00:00,407.5869444444445,0.0
2024-03-23 23:00:00+00:00,464.2736111111111,464.2736111111111
2024-03-24 00:00:00+00:00,162.4911111111111,0.0
2024-03-24 01:00:00+00:00,441.58722222222224,0.0
2024-03-24 02:00:00+00:00,194.08305555555555,194.08305555555555
2024-03-24 03:00:00+00:00,253.49166666666667,253.49166666666667
2024-03-24 04:00:00+00:00,99.2088888888889,0.0
2024-03-24 05:00:00+00:00,87.66638888888889,87.66638888888889
2024-03-24 06:00:00+00:00,118.38111111111112,0.0
2024-03-24 07:00:00+00:00,367.9191666666667,367.9191666666667
2024-03-24 08:00:00+00:00,280.2002777777778,280.2002777777778
2024-03-24 09:00:00+00:00,706.4041666666667,706.4041666666667
2024-03-24 10:00:00+00:00,452.2116666666666,452.2116666666666
2024-03-24 11:00:00+00:00,90.86888888888888,0.0
2024-03-24 12:00:00+00:00,234.35944444444445,234.35944444444445
2024-03-24 13:00:00+00:00,229.525,229.525
2024-03-24 14:00:00+00:00,65.11,0.0
2024-03-24 15:00:00+00:00,198.5963888888889,198.5963888888889
2024-03-24 16:00:00+00:00,95.01388888888889,95.01388888888889
2024-03-24 17:00:00+00:00,77.295,77.295
2024-03-24 18:00:00+00:00,104.38972222222222,104.38972222222222
2024-03-24 19:00:00+00:00,106.91888888888889,106.91888888888889
2024-03-24 20:00:00+00:00,164.85361111111112,164.85361111111112
2024-03-24 21:00:00+00:00,223.8997222222222,223.8997222222222
2024-03-24 22:00:00+00:00,383.31361111111113,383.31361111111113
2024-03-24 23:00:00+00:00,121.86027777777778,121.86027777777778
2024-03-25 00:00:00+00:00,120.34916666666666,120.34916666666666
2024-03-25 01:00:00+00:00,405.37194444444447,405.37194444444447
2024-03-25 02:00:00+00:00,231.76222222222225,231.76222222222225
2024-03-25 03:00:00+00:00,3027.126944444444,0.0
2024-03-25 04:00:00+00:00,7918.572777777777,7918.572777777777
2024-03-25 05:00:00+00:00,132983.3811111111,132983.3811111111
2024-03-25 06:00:00+00:00,307431.36666666664,307431.36666666664
2024-03-25 07:00:00+00:00,307316.8391666667,307316.8391666667
2024-03-25 08:00:00+00:00,220922.8452777778,220922.8452777778
2024-03-25 09:00:00+00:00,246678.52666666667,246678.52666666667
2024-03-25 10:00:00+00:00,180952.00583333333,180952.00583333333
2024-03-25 11:00:00+00:00,246436.25666666665,0.0
2024-03-25 12:00:00+00:00,203527.06722222225,203527.06722222225
2024-03-25 13:00:00+00:00,93408.2063888889,93408.2063888889
2024-03-25 14:00:00+00:00,24834.261944444443,24834.261944444443
2024-03-25 15:00:00+00:00,5484.744166666666,5484.744166666666
2024-03-25 16:00:00+00:00,8504.944444444445,8504.944444444445
2024-03-25 17:00:00+00:00,629.2547222222222,629.2547222222222
2024-03-25 18:00:00+00:00,897.2552777777778,897.2552777777778
2024-03-25 19:00:00+00:00,20814.9675,20814.9675
2024-03-25 20:00:00+00:00,32431.8075,32431.8075
2024-03-25 21:00:00+00:00,734.7230555555556,734.7230555555556
2024-03-25 22:00:00+00:00,4463.935,4463.935
2024-03-25 23:00:00+00:00,974.8255555555556,974.8255555555556
2024-03-26 00:00:00+00:00,385.12555555555554,385.12555555555554
2024-03-26 01:00:00+00:00,481.2655555555556,481.2655555555556
2024-03-26 02:00:00+00:00,1229.2122222222222,1229.2122222222222
2024-03-26 03:00:00+00:00,5015.070833333333,5015.070833333333
2024-03-26 04:00:00+00:00,46331.03333333333,46331.03333333333
2024-03-26 05:00:00+00:00,263366.47027777776,263366.47027777776
2024-03-26 06:00:00+00:00,452036.08305555553,452036.08305555553
2024-03-26 07:00:00+00:00,342961.57694444444,0.0
2024-03-26 08:00:00+00:00,326311.5655555556,326311.5655555556
2024-03-26 09:00:00+00:00,362670.53305555554,0.0
2024-03-26 10:00:00+00:00,401535.0363888889,401535.0363888889
2024-03-26 11:00:00+00:00,308438.7380555556,308438.7380555556
2024-03-26 12:00:00+00:00,325199.16805555555,325199.16805555555
2024-03-26 13:00:00+00:00,182152.75833333333,182152.75833333333
2024-03-26 14:00:00+00:00,15531.866666666669,0.0
2024-03-26 15:00:00+00:00,15564.400555555556,15564.400555555556
2024-03-26 16:00:00+00:00,5390.041666666667,5390.041666666667
2024-03-26 17:00:00+00:00,755.06,755.06
2024-03-26 18:00:00+00:00,758.1866666666666,0.0
2024-03-26 19:00:00+00:00,1678.0552777777775,0.0
2024-03-26 20:00:00+00:00,10133.7475,10133.7475
2024-03-26 21:00:00+00:00,4421.619722222223,4421.619722222223
2024-03-26 22:00:00+00:00,851.9277777777778,851.9277777777778
2024-03-26 23:00:00+00:00,700.3313888888889,0.0
2024-03-27 00:00:00+00:00,617.8519444444445,617.8519444444445
2024-03-27 01:00:00+00:00,1996.8233333333333,1996.8233333333333
2024-03-27 02:00:00+00:00,1668.4802777777777,1668.4802777777777
2024-03-27 03:00:00+00:00,10323.55388888889,10323.55388888889
2024-03-27 04:00:00+00:00,274953.9633333333,274953.9633333333
2024-03-27 05:00:00+00:00,367115.1322222222,367115.1322222222
2024-03-27 06:00:00+00:00,473436.585,473436.585
2024-03-27 07:00:00+00:00,436296.83444444445,436296.83444444445
2024-03-27 08:00:00+00:00,324842.7077777778,324842.7077777778
2024-03-27 09:00:00+00:00,490544.8566666667,0.0
2024-03-27 10:00:00+00:00,938899.8755555556,0.0
2024-03-27 11:00:00+00:00,214146.88416666663,0.0
2024-03-27 12:00:00+00:00,27910.57277777778,27910.57277777778
2024-03-27 13:00:00+00:00,23010.62222222222,23010.62222222222
2024-03-27 14:00:00+00:00,36534.1675,0.0
2024-03-27 15:00:00+00:00,27240.814444444444,27240.814444444444
2024-03-27 16:00:00+00:00,15439.528333333334,15439.528333333334
2024-03-27 17:00:00+00:00,3023.3147222222224,3023.3147222222224
2024-03-27 18:00:00+00:00,1510.5152777777778,1510.5152777777778
2024-03-27 19:00:00+00:00,415.22222222222223,415.22222222222223
2024-03-27 20:00:00+00:00,3988.9836111111113,3988.9836111111113
2024-03-27 21:00:00+00:00,611.2002777777777,611.2002777777777
2024-03-27 22:00:00+00:00,1402.0741666666668,1402.0741666666668
2024-03-27 23:00:00+00:00,289.2275,289.2275
2024-03-28 00:00:00+00:00,1281.7322222222222,1281.7322222222222
2024-03-28 01:00:00+00:00,595.4711111111111,595.4711111111111
2024-03-28 02:00:00+00:00,2768.947777777778,0.0
2024-03-28 03:00:00+00:00,677.8541666666666,677.8541666666666
2024-03-28 04:00:00+00:00,203734.19833333333,203734.19833333333
2024-03-28 05:00:00+00:00,6516.981944444445,6516.981944444445
2024-03-28 06:00:00+00:00,28417.75305555556,28417.75305555556
2024-03-28 07:00:00+00:00,11744.908055555556,11744.908055555556
2024-03-28 08:00:00+00:00,5468.647222222222,5468.647222222222
2024-03-28 09:00:00+00:00,30545.779166666667,30545.779166666667
2024-03-28 10:00:00+00:00,15623.084444444445,15623.084444444445
2024-03-28 11:00:00+00:00,21663.987777777777,21663.987777777777
2024-03-28 12:00:00+00:00,816.7552777777778,816.7552777777778
2024-03-28 13:00:00+00:00,420.7758333333333,420.7758333333333
2024-03-28 14:00:00+00:00,261.22333333333336,261.22333333333336
2024-03-28 15:00:00+00:00,906.6705555555556,906.6705555555556
2024-03-28 16:00:00+00:00,362.89166666666665,362.89166666666665
2024-03-28 17:00:00+00:00,4099.725,4099.725
2024-03-28 18:00:00+00:00,778.2091666666666,778.2091666666666
2024-03-28 19:00:00+00:00,361.6041666666667,361.6041666666667
2024-03-28 20:00:00+00:00,764.1569444444444,764.1569444444444
2024-03-28 21:00:00+00:00,1259.441111111111,1259.441111111111
2024-03-28 22:00:00+00:00,3278.947222222222,0.0
2024-03-28 23:00:00+00:00,1165.3658333333333,1165.3658333333333
2024-03-29 00:00:00+00:00,2513.1447222222223,2513.1447222222223
2024-03-29 01:00:00+00:00,387.5777777777778,387.5777777777778
2024-03-29 02:00:00+00:00,554.1308333333334,554.1308333333334
2024-03-29 03:00:00+00:00,401.7383333333333,401.7383333333333
2024-03-29 04:00:00+00:00,477.5936111111111,477.5936111111111
2024-03-29 05:00:00+00:00,301.92583333333334,301.92583333333334
2024-03-29 06:00:00+00:00,808.7419444444445,808.7419444444445
2024-03-29 07:00:00+00:00,6616.294444444445,6616.294444444445
2024-03-29 08:00:00+00:00,3051.601111111111,0.0
2024-03-29 09:00:00+00:00,1428.2955555555557,1428.2955555555557
2024-03-29 10:00:00+00:00,1261.665,1261.665
2024-03-29 11:00:00+00:00,136.0127777777778,136.0127777777778
2024-03-29 12:00:00+00:00,9583.970833333333,9583.970833333333
2024-03-29 13:00:00+00:00,260.2736111111111,260.2736111111111
2024-03-29 14:00:00+00:00,602.8025,602.8025
2024-03-29 15:00:00+00:00,1521.1158333333333,0.0
2024-03-29 16:00:00+00:00,4486.048055555556,4486.048055555556
2024-03-29 17:00:00+00:00,181.17694444444444,181.17694444444444
2024-03-29 18:00:00+00:00,442.025,442.025
2024-03-29 19:00:00+00:00,370.24305555555554,0.0
2024-03-29 20:00:00+00:00,149.50083333333333,149.50083333333333
2024-03-29 21:00:00+00:00,290.09527777777777,290.09527777777777
2024-03-29 22:00:00+00:00,5207.051388888889,5207.051388888889
2024-03-29 23:00:00+00:00,208.8347222222222,208.8347222222222
2024-03-30 00:00:00+00:00,819.7625,819.7625
2024-03-30 01:00:00+00:00,123.42805555555556,123.42805555555556
2024-03-30 02:00:00+00:00,311.0786111111111,311.0786111111111
2024-03-30 03:00:00+00:00,119.68111111111112,119.68111111111112
2024-03-30 04:00:00+00:00,133.1977777777778,0.0
2024-03-30 05:00:00+00:00,132.73555555555555,132.73555555555555
2024-03-30 06:00:00+00:00,571.7011111111111,0.0
2024-03-30 07:00:00+00:00,171.72861111111112,171.72861111111112
2024-03-30 08:00:00+00:00,303.1588888888889,303.1588888888889
2024-03-30 09:00:00+00:00,225.71305555555557,225.71305555555557
2024-03-30 10:00:00+00:00,288.6433333333333,288.6433333333333
2024-03-30 11:00:00+00:00,113.91111111111113,113.91111111111113
2024-03-30 12:00:00+00:00,1405.4766666666667,1405.4766666666667
2024-03-30 13:00:00+00:00,754.2075,754.2075
2024-03-30 14:00:00+00:00,2476.463333333333,2476.463333333333
2024-03-30 15:00:00+00:00,374.4194444444444,0.0
2024-03-30 16:00:00+00:00,276.51,276.51
2024-03-30 17:00:00+00:00,177.0288888888889,177.0288888888889
2024-03-30 18:00:00+00:00,233.15472222222223,233.15472222222223
2024-03-30 19:00:00+00:00,1260.7202777777777,1260.7202777777777
2024-03-30 20:00:00+00:00,496.2583333333333,496.2583333333333
2024-03-30 21:00:00+00:00,167.02972222222223,167.02972222222223
2024-03-30 22:00:00+00:00,2036.9,2036.9
2024-03-30 23:00:00+00:00,118.60833333333332,118.60833333333332
2024-03-31 00:00:00+00:00,397.12111111111113,397.12111111111113
2024-03-31 01:00:00+00:00,302.26722222222224,302.26722222222224
2024-03-31 02:00:00+00:00,335.70194444444445,335.70194444444445
2024-03-31 03:00:00+00:00,487.6536111111111,487.6536111111111
2024-03-31 04:00:00+00:00,187.4663888888889,187.4663888888889
2024-03-31 05:00:00+00:00,701.2038888888889,701.2038888888889
2024-03-31 06:00:00+00:00,211.72472222222223,0.0
2024-03-31 07:00:00+00:00,361.1766666666667,361.1766666666667
2024-03-31 08:00:00+00:00,219.6255555555556,219.6255555555556
2024-03-31 09:00:00+00:00,293.45694444444445,293.45694444444445
2024-03-31 10:00:00+00:00,270.3177777777778,270.3177777777778
2024-03-31 11:00:00+00:00,612.4627777777778,0.0
2024-03-31 12:00:00+00:00,252.81166666666667,0.0
2024-03-31 13:00:00+00:00,156.91083333333333,0.0
2024-03-31 14:00:00+00:00,147.34916666666666,147.34916666666666
2024-03-31 15:00:00+00:00,270.3013888888889,0.0
2024-03-31 16:00:00+00:00,1581.5605555555555,1581.5605555555555
2024-03-31 17:00:00+00:00,136050.33416666667,136050.33416666667
2024-03-31 18:00:00+00:00,684.1005555555555,684.1005555555555
2024-03-31 19:00:00+00:00,864.3027777777778,864.3027777777778
2024-03-31 20:00:00+00:00,284.895,284.895
2024-03-31 21:00:00+00:00,794.8344444444444,0.0
2024-03-31 22:00:00+00:00,232.78916666666663,232.78916666666663
2024-03-31 23:00:00+00:00,1929.0427777777777,0.0
2024-04-01 00:00:00+00:00,883.8738888888889,0.0
2024-04-01 01:00:00+00:00,266.90416666666664,266.90416666666664
2024-04-01 02:00:00+00:00,549.4733333333334,549.4733333333334
2024-04-01 03:00:00+00:00,3814.978888888889,0.0
2024-04-01 04:00:00+00:00,412.9608333333333,412.9608333333333
2024-04-01 05:00:00+00:00,2154.4822222222224,2154.4822222222224
2024-04-01 06:00:00+00:00,646.0336111111111,646.0336111111111
2024-04-01 07:00:00+00:00,497.7022222222223,0.0
2024-04-01 08:00:00+00:00,1431.2530555555556,0.0
2024-04-01 09:00:00+00:00,306.0211111111111,306.0211111111111
2024-04-01 10:00:00+00:00,246.35555555555555,246.35555555555555
2024-04-01 11:00:00+00:00,3950.708888888889,3950.708888888889
2024-04-01 12:00:00+00:00,368.6088888888889,368.6088888888889
2024-04-01 13:00:00+00:00,615.3688888888889,615.3688888888889
2024-04-01 14:00:00+00:00,4119.836388888889,0.0
2024-04-01 15:00:00+00:00,715.5536111111111,715.5536111111111
2024-04-01 16:00:00+00:00,907.1336111111112,0.0
2024-04-01 17:00:00+00:00,2039.211388888889,2039.211388888889
2024-04-01 18:00:00+00:00,868.4975,0.0
2024-04-01 19:00:00+00:00,5376.338055555556,5376.338055555556
2024-04-01 20:00:00+00:00,1373.1669444444444,1373.1669444444444
2024-04-01 21:00:00+00:00,4120.202777777778,0.0
2024-04-01 22:00:00+00:00,301.5341666666667,0.0
2024-04-01 23:00:00+00:00,301.36055555555555,301.36055555555555
2024-04-02 00:00:00+00:00,722.2547222222222,0.0
2024-04-02 01:00:00+00:00,5662.797777777778,5662.797777777778
2024-04-02 02:00:00+00:00,39421.68833333333,39421.68833333333
2024-04-02 03:00:00+00:00,358415.06138888886,358415.06138888886
2024-04-02 04:00:00+00:00,572615.2283333334,0.0
2024-04-02 05:00:00+00:00,394142.515,394142.515
2024-04-02 06:00:00+00:00,294308.4161111111,294308.4161111111
2024-04-02 07:00:00+00:00,367500.9338888889,367500.9338888889
2024-04-02 08:00:00+00:00,323164.4277777778,0.0
2024-04-02 09:00:00+00:00,328836.35,328836.35
2024-04-02 10:00:00+00:00,256623.65416666667,256623.65416666667
2024-04-02 11:00:00+00:00,72012.92222222222,0.0
2024-04-02 12:00:00+00:00,24460.086944444443,0.0
2024-04-02 13:00:00+00:00,23780.716666666667,23780.716666666667
2024-04-02 14:00:00+00:00,1546.131111111111,1546.131111111111
2024-04-02 15:00:00+00:00,12565.323055555556,12565.323055555556
2024-04-02 16:00:00+00:00,298.0733333333333,298.0733333333333
2024-04-02 17:00:00+00:00,400.8636111111111,400.8636111111111
2024-04-02 18:00:00+00:00,488.0825,488.0825
2024-04-02 19:00:00+00:00,250.1175,250.1175
2024-04-02 20:00:00+00:00,2757.555555555556,2757.555555555556
2024-04-02 21:00:00+00:00,1111.6877777777777,1111.6877777777777
2024-04-02 22:00:00+00:00,317.1769444444444,317.1769444444444
2024-04-02 23:00:00+00:00,1585.9722222222222,1585.9722222222222
2024-04-03 00:00:00+00:00,3746.215,0.0
2024-04-03 01:00:00+00:00,3204.9794444444447,0.0
2024-04-03 02:00:00+00:00,77512.66722222223,77512.66722222223
2024-04-03 03:00:00+00:00,424440.34555555554,424440.34555555554
2024-04-03 04:00:00+00:00,546892.1288888889,0.0
2024-04-03 05:00:00+00:00,410021.4880555556,0.0
2024-04-03 06:00:00+00:00,414848.5447222222,414848.5447222222
2024-04-03 07:00:00+00:00,461853.0202777778,461853.0202777778
2024-04-03 08:00:00+00:00,492912.6780555556,0.0
2024-04-03 09:00:00+00:00,337937.90472222224,0.0
2024-04-03 10:00:00+00:00,319136.85083333333,319136.85083333333
2024-04-03 11:00:00+00:00,49926.97861111111,49926.97861111111
2024-04-03 12:00:00+00:00,88699.765,88699.765
2024-04-03 13:00:00+00:00,80544.3675,80544.3675
2024-04-03 14:00:00+00:00,18509.236666666668,18509.236666666668
2024-04-03 15:00:00+00:00,10221.117777777778,10221.117777777778
2024-04-03 16:00:00+00:00,1176.421111111111,1176.421111111111
2024-04-03 17:00:00+00:00,405.2627777777778,405.2627777777778
2024-04-03 18:00:00+00:00,320.38138888888886,320.38138888888886
2024-04-03 19:00:00+00:00,584.5255555555556,584.5255555555556
2024-04-03 20:00:00+00:00,893.81,893.81
2024-04-03 21:00:00+00:00,324.56583333333333,324.56583333333333
2024-04-03 22:00:00+00:00,667.1738888888889,667.1738888888889
2024-04-03 23:00:00+00:00,564.2205555555555,564.2205555555555
2024-04-04 00:00:00+00:00,4607.9625,4607.9625
2024-04-04 01:00:00+00:00,4571.300555555556,4571.300555555556
2024-04-04 02:00:00+00:00,94627.31888888888,94627.31888888888
2024-04-04 03:00:00+00:00,407935.3986111111,407935.3986111111
2024-04-04 04:00:00+00:00,413636.88083333336,0.0
2024-04-04 05:00:00+00:00,595452.1211111111,595452.1211111111
2024-04-04 06:00:00+00:00,565004.9944444444,565004.9944444444
2024-04-04 07:00:00+00:00,1179008.8705555554,1179008.8705555554
2024-04-04 08:00:00+00:00,330464.11,330464.11
2024-04-04 09:00:00+00:00,235672.0433333333,0.0
2024-04-04 10:00:00+00:00,250000.8063888889,250000.8063888889
2024-04-04 11:00:00+00:00,192371.3705555556,192371.3705555556
2024-04-04 12:00:00+00:00,47066.63,0.0
2024-04-04 13:00:00+00:00,11666.909722222224,11666.909722222224
2024-04-04 14:00:00+00:00,8261.517222222223,0.0
2024-04-04 15:00:00+00:00,4145.794166666667,4145.794166666667
2024-04-04 16:00:00+00:00,957.3272222222222,957.3272222222222
2024-04-04 17:00:00+00:00,17643.219444444443,17643.219444444443
2024-04-04 18:00:00+00:00,5124.7675,5124.7675
2024-04-04 19:00:00+00:00,4333.649444444444,0.0
2024-04-04 20:00:00+00:00,1694.0422222222223,0.0
2024-04-04 21:00:00+00:00,1672.3244444444445,0.0
2024-04-04 22:00:00+00:00,5259.233333333334,5259.233333333334
2024-04-04 23:00:00+00:00,2952.913611111111,2952.913611111111
2024-04-05 00:00:00+00:00,1068.3144444444445,1068.3144444444445
2024-04-05 01:00:00+00:00,4272.904166666666,4272.904166666666
2024-04-05 02:00:00+00:00,144488.1875,144488.1875
2024-04-05 03:00:00+00:00,474679.8313888889,474679.8313888889
2024-04-05 04:00:00+00:00,473872.7255555556,473872.7255555556
2024-04-05 05:00:00+00:00,1272019.9577777777,1272019.9577777777
2024-04-05 06:00:00+00:00,403537.74,403537.74
2024-04-05 07:00:00+00:00,628964.4358333333,628964.4358333333
2024-04-05 08:00:00+00:00,365275.50416666665,365275.50416666665
2024-04-05 09:00:00+00:00,115222.68083333332,0.0
2024-04-05 10:00:00+00:00,11015.070277777775,0.0
2024-04-05 11:00:00+00:00,2927.3033333333333,2927.3033333333333
2024-04-05 12:00:00+00:00,10205.936944444444,10205.936944444444
2024-04-05 13:00:00+00:00,1146.5516666666667,1146.5516666666667
2024-04-05 14:00:00+00:00,172.13583333333332,172.13583333333332
2024-04-05 15:00:00+00:00,309.3752777777778,309.3752777777778
2024-04-05 16:00:00+00:00,97.84694444444445,97.84694444444445
2024-04-05 17:00:00+00:00,627.2741666666667,627.2741666666667
2024-04-05 18:00:00+00:00,197.19222222222223,197.19222222222223
2024-04-05 19:00:00+00:00,406.7805555555556,0.0
2024-04-05 20:00:00+00:00,232.82,232.82
2024-04-05 21:00:00+00:00,958.485,958.485
2024-04-05 22:00:00+00:00,248.3755555555556,248.3755555555556
2024-04-05 23:00:00+00:00,877.4602777777778,877.4602777777778
2024-04-06 00:00:00+00:00,535.8094444444445,535.8094444444445
2024-04-06 01:00:00+00:00,490.71722222222223,490.71722222222223
2024-04-06 02:00:00+00:00,222.19416666666663,222.19416666666663
2024-04-06 03:00:00+00:00,615.1680555555556,615.1680555555556
2024-04-06 04:00:00+00:00,1073.0380555555555,0.0
2024-04-06 05:00:00+00:00,655.9019444444444,655.9019444444444
2024-04-06 06:00:00+00:00,148.4947222222222,148.4947222222222
2024-04-06 07:00:00+00:00,387.8536111111111,0.0
2024-04-06 08:00:00+00:00,874.1880555555556,874.1880555555556
2024-04-06 09:00:00+00:00,152.00861111111112,152.00861111111112
2024-04-06 10:00:00+00:00,501.4688888888889,501.4688888888889
2024-04-06 11:00:00+00:00,483.385,0.0
2024-04-06 12:00:00+00:00,394.1636111111111,394.1636111111111
2024-04-06 13:00:00+00:00,1007.5213888888889,0.0
2024-04-06 14:00:00+00:00,213.74,213.74
2024-04-06 15:00:00+00:00,115.31027777777778,115.31027777777778
2024-04-06 16:00:00+00:00,126.5375,0.0
2024-04-06 17:00:00+00:00,453.1247222222222,0.0
2024-04-06 18:00:00+00:00,281.8627777777777,0.0
2024-04-06 19:00:00+00:00,226.98555555555555,226.98555555555555
2024-04-06 20:00:00+00:00,356.1911111111111,356.1911111111111
2024-04-06 21:00:00+00:00,1243.4741666666666,0.0
2024-04-06 22:00:00+00:00,341.0763888888889,0.0
2024-04-06 23:00:00+00:00,256.4963888888889,256.4963888888889
2024-04-07 00:00:00+00:00,170.12444444444444,170.12444444444444
2024-04-07 01:00:00+00:00,241.38583333333327,241.38583333333327
2024-04-07 02:00:00+00:00,190.59,190.59
2024-04-07 03:00:00+00:00,245.295,245.295
2024-04-07 04:00:00+00:00,480.39722222222224,480.39722222222224
2024-04-07 05:00:00+00:00,119.89666666666666,119.89666666666666
2024-04-07 06:00:00+00:00,378.7125,378.7125
2024-04-07 07:00:00+00:00,403.2105555555556,0.0
2024-04-07 08:00:00+00:00,268.4552777777778,0.0
2024-04-07 09:00:00+00:00,121.8086111111111,121.8086111111111
2024-04-07 10:00:00+00:00,117.7125,0.0
2024-04-07 11:00:00+00:00,208.01944444444445,208.01944444444445
2024-04-07 12:00:00+00:00,578.6016666666667,578.6016666666667
2024-04-07 13:00:00+00:00,104.0475,104.0475
2024-04-07 14:00:00+00:00,356.68055555555554,356.68055555555554
2024-04-07 15:00:00+00:00,1020.4186111111112,1020.4186111111112
2024-04-07 16:00:00+00:00,87.4661111111111,87.4661111111111
2024-04-07 17:00:00+00:00,111.52333333333333,111.52333333333333
2024-04-07 18:00:00+00:00,318.0761111111111,318.0761111111111
2024-04-07 19:00:00+00:00,158.77833333333334,158.77833333333334
2024-04-07 20:00:00+00:00,152.52055555555555,152.52055555555555
2024-04-07 21:00:00+00:00,745.2377777777778,745.2377777777778
2024-04-07 22:00:00+00:00,309.0177777777778,0.0
2024-04-07 23:00:00+00:00,423.8863888888889,423.8863888888889
2024-04-08 00:00:00+00:00,366.1452777777778,366.1452777777778
2024-04-08 01:00:00+00:00,9728.114444444444,0.0
2024-04-08 02:00:00+00:00,10222.630833333333,10222.630833333333
2024-04-08 03:00:00+00:00,165580.07444444444,165580.07444444444
2024-04-08 04:00:00+00:00,358965.83694444445,0.0
2024-04-08 05:00:00+00:00,276105.2816666667,276105.2816666667
2024-04-08 06:00:00+00:00,161033.46305555556,0.0
2024-04-08 07:00:00+00:00,178497.8661111111,178497.8661111111
2024-04-08 08:00:00+00:00,155371.58833333335,0.0
2024-04-08 09:00:00+00:00,234669.635,234669.635
2024-04-08 10:00:00+00:00,67232.91694444444,0.0
2024-04-08 11:00:00+00:00,66595.71888888889,66595.71888888889
2024-04-08 12:00:00+00:00,20569.80222222222,0.0
2024-04-08 13:00:00+00:00,20691.040833333333,20691.040833333333
2024-04-08 14:00:00+00:00,2817.805,2817.805
2024-04-08 15:00:00+00:00,5389.938611111111,5389.938611111111
2024-04-08 16:00:00+00:00,10305.066944444445,10305.066944444445
2024-04-08 17:00:00+00:00,6025.663055555556,6025.663055555556
2024-04-08 18:00:00+00:00,307.32166666666666,307.32166666666666
2024-04-08 19:00:00+00:00,864.4691666666666,864.4691666666666
2024-04-08 20:00:00+00:00,274.28472222222223,0.0
2024-04-08 21:00:00+00:00,1456.7455555555557,1456.7455555555557
2024-04-08 22:00:00+00:00,430.2075,430.2075
2024-04-08 23:00:00+00:00,1021.5869444444444,1021.5869444444444
2024-04-09 00:00:00+00:00,390.98,390.98
2024-04-09 01:00:00+00:00,1698.421388888889,1698.421388888889
2024-04-09 02:00:00+00:00,28602.45861111111,28602.45861111111
2024-04-09 03:00:00+00:00,301542.4888888889,301542.4888888889
2024-04-09 04:00:00+00:00,481656.5711111111,481656.5711111111
2024-04-09 05:00:00+00:00,390887.83972222224,0.0
2024-04-09 06:00:00+00:00,277175.0036111111,277175.0036111111
2024-04-09 07:00:00+00:00,352086.5361111111,0.0
2024-04-09 08:00:00+00:00,251185.8788888889,251185.8788888889
2024-04-09 09:00:00+00:00,286602.8222222222,286602.8222222222
2024-04-09 10:00:00+00:00,357965.0655555556,357965.0655555556
2024-04-09 11:00:00+00:00,120156.67055555557,0.0
2024-04-09 12:00:00+00:00,111936.46916666666,111936.46916666666
2024-04-09 13:00:00+00:00,22752.46583333333,22752.46583333333
2024-04-09 14:00:00+00:00,4986.408611111111,4986.408611111111
2024-04-09 15:00:00+00:00,4876.599166666667,4876.599166666667
2024-04-09 16:00:00+00:00,11517.893055555556,11517.893055555556
2024-04-09 17:00:00+00:00,4564.144722222222,4564.144722222222
2024-04-09 18:00:00+00:00,2319.020555555556,0.0
2024-04-09 19:00:00+00:00,3344.8883333333333,3344.8883333333333
2024-04-09 20:00:00+00:00,3625.3688888888887,0.0
2024-04-09 21:00:00+00:00,4501.866111111111,4501.866111111111
2024-04-09 22:00:00+00:00,4173.124444444445,0.0
2024-04-09 23:00:00+00:00,3196.8425,3196.8425
2024-04-10 00:00:00+00:00,12032.33777777778,12032.33777777778
2024-04-10 01:00:00+00:00,27735.472222222223,27735.472222222223
2024-04-10 02:00:00+00:00,90952.84666666666,0.0
2024-04-10 03:00:00+00:00,672485.8405555555,0.0
2024-04-10 04:00:00+00:00,460980.2036111111,460980.2036111111
2024-04-10 05:00:00+00:00,383551.0502777778,383551.0502777778
2024-04-10 06:00:00+00:00,312063.9825,0.0
2024-04-10 07:00:00+00:00,426428.3386111111,426428.3386111111
2024-04-10 08:00:00+00:00,449383.1783333333,449383.1783333333
2024-04-10 09:00:00+00:00,250728.95138888888,250728.95138888888
2024-04-10 10:00:00+00:00,147807.30944444446,147807.30944444446
2024-04-10 11:00:00+00:00,41503.905277777776,0.0
2024-04-10 12:00:00+00:00,19657.604166666668,0.0
2024-04-10 13:00:00+00:00,8876.354722222222,8876.354722222222
2024-04-10 14:00:00+00:00,3990.390833333333,0.0
2024-04-10 15:00:00+00:00,10649.594722222222,10649.594722222222
2024-04-10 16:00:00+00:00,2166.3544444444447,2166.3544444444447
2024-04-10 17:00:00+00:00,580.4366666666666,580.4366666666666
2024-04-10 18:00:00+00:00,561.8919444444444,561.8919444444444
2024-04-10 19:00:00+00:00,228.61111111111111,228.61111111111111
2024-04-10 20:00:00+00:00,1331.8391666666666,1331.8391666666666
2024-04-10 21:00:00+00:00,447.6533333333333,447.6533333333333
2024-04-10 22:00:00+00:00,208.57666666666665,208.57666666666665
2024-04-10 23:00:00+00:00,446.4333333333333,446.4333333333333
2024-04-11 00:00:00+00:00,1620.726111111111,1620.726111111111
2024-04-11 01:00:00+00:00,2328.2094444444447,0.0
2024-04-11 02:00:00+00:00,62134.325833333336,62134.325833333336
2024-04-11 03:00:00+00:00,396512.0508333333,396512.0508333333
2024-04-11 04:00:00+00:00,546627.785,546627.785
2024-04-11 05:00:00+00:00,360383.80833333335,0.0
2024-04-11 06:00:00+00:00,318005.4263888889,318005.4263888889
2024-04-11 07:00:00+00:00,287069.6997222222,287069.6997222222
2024-04-11 08:00:00+00:00,277446.4536111111,277446.4536111111
2024-04-11 09:00:00+00:00,780491.7294444444,780491.7294444444
2024-04-11 10:00:00+00:00,677811.1858333333,0.0
2024-04-11 11:00:00+00:00,237961.42444444445,237961.42444444445
2024-04-11 12:00:00+00:00,27343.48138888889,27343.48138888889
2024-04-11 13:00:00+00:00,13362.279166666667,13362.279166666667
2024-04-11 14:00:00+00:00,8966.291388888889,8966.291388888889
2024-04-11 15:00:00+00:00,352.5388888888889,352.5388888888889
2024-04-11 16:00:00+00:00,354.2808333333333,354.2808333333333
2024-04-11 17:00:00+00:00,832.0858333333333,0.0
2024-04-11 18:00:00+00:00,1398.5075,1398.5075
2024-04-11 19:00:00+00:00,2015.8322222222223,0.0
2024-04-11 20:00:00+00:00,958.1569444444444,958.1569444444444
2024-04-11 21:00:00+00:00,7356.7275,7356.7275
2024-04-11 22:00:00+00:00,510.50944444444445,510.50944444444445
2024-04-11 23:00:00+00:00,1508.106388888889,1508.106388888889
2024-04-12 00:00:00+00:00,10190.091944444444,10190.091944444444
2024-04-12 01:00:00+00:00,11250.173888888889,0.0
2024-04-12 02:00:00+00:00,15228.376944444444,0.0
2024-04-12 03:00:00+00:00,123686.975,0.0
2024-04-12 04:00:00+00:00,94642.29,94642.29
2024-04-12 05:00:00+00:00,47997.35888888889,47997.35888888889
2024-04-12 06:00:00+00:00,27876.937777777777,27876.937777777777
2024-04-12 07:00:00+00:00,38056.473333333335,38056.473333333335
2024-04-12 08:00:00+00:00,54198.90777777778,54198.90777777778
2024-04-12 09:00:00+00:00,85457.38277777778,85457.38277777778
2024-04-12 10:00:00+00:00,40928.38333333333,0.0
2024-04-12 11:00:00+00:00,142799.605,142799.605
2024-04-12 12:00:00+00:00,23780.41611111111,23780.41611111111
2024-04-12 13:00:00+00:00,3301.5016666666666,3301.5016666666666
2024-04-12 14:00:00+00:00,1657.2947222222222,1657.2947222222222
2024-04-12 15:00:00+00:00,337.7005555555556,337.7005555555556
2024-04-12 16:00:00+00:00,557.2422222222223,557.2422222222223
2024-04-12 17:00:00+00:00,760.4177777777778,760.4177777777778
2024-04-12 18:00:00+00:00,6953.670555555555,6953.670555555555
2024-04-12 19:00:00+00:00,2302.0363888888887,2302.0363888888887
2024-04-12 20:00:00+00:00,475.81166666666667,475.81166666666667
2024-04-12 21:00:00+00:00,247.23527777777775,247.23527777777775
2024-04-12 22:00:00+00:00,1253.7297222222223,1253.7297222222223
2024-04-12 23:00:00+00:00,441.1730555555556,441.1730555555556
2024-04-13 00:00:00+00:00,3019.325555555556,0.0
2024-04-13 01:00:00+00:00,159.76416666666665,159.76416666666665
2024-04-13 02:00:00+00:00,194.99944444444444,194.99944444444444
2024-04-13 03:00:00+00:00,8856.609166666667,8856.609166666667
2024-04-13 04:00:00+00:00,2993.0788888888887,2993.0788888888887
2024-04-13 05:00:00+00:00,27798.6125,27798.6125
2024-04-13 06:00:00+00:00,149.8672222222222,0.0
2024-04-13 07:00:00+00:00,1424.4666666666667,1424.4666666666667
2024-04-13 08:00:00+00:00,247.6888888888889,247.6888888888889
2024-04-13 09:00:00+00:00,204.7761111111111,204.7761111111111
2024-04-13 10:00:00+00:00,184.99916666666667,184.99916666666667
2024-04-13 11:00:00+00:00,1291.2172222222223,1291.2172222222223
2024-04-13 12:00:00+00:00,199.3175,199.3175
2024-04-13 13:00:00+00:00,259.6525,0.0
2024-04-13 14:00:00+00:00,293.75916666666666,293.75916666666666
2024-04-13 15:00:00+00:00,1737.6397222222222,1737.6397222222222
2024-04-13 16:00:00+00:00,500.18,500.18
2024-04-13 17:00:00+00:00,1195.716111111111,0.0
2024-04-13 18:00:00+00:00,825.5452777777778,825.5452777777778
2024-04-13 19:00:00+00:00,459.45472222222224,459.45472222222224
2024-04-13 20:00:00+00:00,2999.362222222222,0.0
2024-04-13 21:00:00+00:00,487.3833333333333,487.3833333333333
2024-04-13 22:00:00+00:00,233.94361111111112,233.94361111111112
2024-04-13 23:00:00+00:00,950.5805555555556,950.5805555555556
2024-04-14 00:00:00+00:00,648.4797222222222,648.4797222222222
2024-04-14 01:00:00+00:00,782.8797222222222,782.8797222222222
2024-04-14 02:00:00+00:00,297.0086111111111,0.0
2024-04-14 03:00:00+00:00,758.11,0.0
2024-04-14 04:00:00+00:00,604.3202777777777,604.3202777777777
2024-04-14 05:00:00+00:00,687.71,687.71
2024-04-14 06:00:00+00:00,256.29527777777776,256.29527777777776
2024-04-14 07:00:00+00:00,1396.5908333333334,1396.5908333333334
2024-04-14 08:00:00+00:00,254.8563888888889,254.8563888888889
2024-04-14 09:00:00+00:00,295.4011111111111,0.0
2024-04-14 10:00:00+00:00,326.2341666666667,326.2341666666667
2024-04-14 11:00:00+00:00,375.835,375.835
2024-04-14 12:00:00+00:00,1008.1291666666668,1008.1291666666668
2024-04-14 13:00:00+00:00,1318.3152777777775,1318.3152777777775
2024-04-14 14:00:00+00:00,844.9152777777778,844.9152777777778
2024-04-14 15:00:00+00:00,431.9580555555556,431.9580555555556
2024-04-14 16:00:00+00:00,413.7655555555556,413.7655555555556
2024-04-14 17:00:00+00:00,1170.3038888888889,1170.3038888888889
2024-04-14 18:00:00+00:00,440.2113888888889,440.2113888888889
2024-04-14 19:00:00+00:00,314.65,314.65
2024-04-14 20:00:00+00:00,923.3836111111112,923.3836111111112
2024-04-14 21:00:00+00:00,709.4605555555555,709.4605555555555
2024-04-14 22:00:00+00:00,3137.080833333333,3137.080833333333
2024-04-14 23:00:00+00:00,1481.3663888888889,1481.3663888888889
2024-04-15 00:00:00+00:00,4519.075833333333,0.0
2024-04-15 01:00:00+00:00,4656.136388888889,4656.136388888889
2024-04-15 02:00:00+00:00,44857.779444444444,44857.779444444444
2024-04-15 03:00:00+00:00,69806.25916666667,0.0
2024-04-15 04:00:00+00:00,57731.65666666667,57731.65666666667
2024-04-15 05:00:00+00:00,76743.13555555555,0.0
2024-04-15 06:00:00+00:00,53504.096666666665,0.0
2024-04-15 07:00:00+00:00,53779.68583333334,53779.68583333334
2024-04-15 08:00:00+00:00,48409.07361111111,48409.07361111111
2024-04-15 09:00:00+00:00,71921.14666666667,71921.14666666667
2024-04-15 10:00:00+00:00,27031.102222222224,27031.102222222224
2024-04-15 11:00:00+00:00,15626.44,15626.44
2024-04-15 12:00:00+00:00,35600.0125,35600.0125
2024-04-15 13:00:00+00:00,1418.2908333333332,1418.2908333333332
2024-04-15 14:00:00+00:00,179.9452777777778,179.9452777777778
2024-04-15 15:00:00+00:00,485.4825,0.0
2024-04-15 16:00:00+00:00,765.1369444444445,765.1369444444445
2024-04-15 17:00:00+00:00,1278.4141666666667,0.0
2024-04-15 18:00:00+00:00,247.56444444444443,247.56444444444443
2024-04-15 19:00:00+00:00,428.5494444444444,428.5494444444444
2024-04-15 20:00:00+00:00,2134.1080555555554,2134.1080555555554
2024-04-15 21:00:00+00:00,605.2308333333333,605.2308333333333
2024-04-15 22:00:00+00:00,343.2655555555556,343.2655555555556
2024-04-15 23:00:00+00:00,680.8175,0.0
2024-04-16 00:00:00+00:00,966.1402777777778,966.1402777777778
2024-04-16 01:00:00+00:00,3993.280555555556,3993.280555555556
2024-04-16 02:00:00+00:00,40533.67,40533.67
2024-04-16 03:00:00+00:00,305298.11083333334,305298.11083333334
2024-04-16 04:00:00+00:00,451225.7375,451225.7375
2024-04-16 05:00:00+00:00,443142.57166666666,0.0
2024-04-16 06:00:00+00:00,373476.7083333333,373476.7083333333
2024-04-16 07:00:00+00:00,412099.0466666667,412099.0466666667
2024-04-16 08:00:00+00:00,347411.5758333333,0.0
2024-04-16 09:00:00+00:00,345954.9772222222,345954.9772222222
2024-04-16 10:00:00+00:00,349087.4955555556,349087.4955555556
2024-04-16 11:00:00+00:00,170229.53805555555,170229.53805555555
2024-04-16 12:00:00+00:00,28628.48361111111,28628.48361111111
2024-04-16 13:00:00+00:00,24307.985277777778,0.0
2024-04-16 14:00:00+00:00,1151.663611111111,1151.663611111111
2024-04-16 15:00:00+00:00,318.9011111111111,318.9011111111111
2024-04-16 16:00:00+00:00,1187.5633333333333,0.0
2024-04-16 17:00:00+00:00,813.5844444444444,813.5844444444444
2024-04-16 18:00:00+00:00,209.56277777777777,0.0
2024-04-16 19:00:00+00:00,11649.889722222222,11649.889722222222
2024-04-16 20:00:00+00:00,334.7816666666667,0.0
2024-04-16 21:00:00+00:00,235.92,235.92
2024-04-16 22:00:00+00:00,313.8305555555556,313.8305555555556
2024-04-16 23:00:00+00:00,227.3672222222222,227.3672222222222
2024-04-17 00:00:00+00:00,1257.6669444444444,1257.6669444444444
2024-04-17 01:00:00+00:00,2753.625555555556,2753.625555555556
2024-04-17 02:00:00+00:00,68613.86111111111,68613.86111111111
2024-04-17 03:00:00+00:00,287029.13194444444,287029.13194444444
2024-04-17 04:00:00+00:00,413082.3605555556,413082.3605555556
2024-04-17 05:00:00+00:00,439477.3872222222,439477.3872222222
2024-04-17 06:00:00+00:00,388077.1663888889,388077.1663888889
2024-04-17 07:00:00+00:00,356878.7838888889,356878.7838888889
2024-04-17 08:00:00+00:00,308184.6327777778,308184.6327777778
2024-04-17 09:00:00+00:00,281847.5730555556,281847.5730555556
2024-04-17 10:00:00+00:00,155898.88527777776,155898.88527777776
2024-04-17 11:00:00+00:00,73679.42527777777,73679.42527777777
2024-04-17 12:00:00+00:00,6243.371111111112,6243.371111111112
2024-04-17 13:00:00+00:00,4215.618611111111,4215.618611111111
2024-04-17 14:00:00+00:00,9113.711388888889,0.0
2024-04-17 15:00:00+00:00,6090.795,6090.795
2024-04-17 16:00:00+00:00,1387.7369444444444,1387.7369444444444
2024-04-17 17:00:00+00:00,1555.0141666666666,1555.0141666666666
2024-04-17 18:00:00+00:00,1273.5355555555554,1273.5355555555554
2024-04-17 19:00:00+00:00,1518.6983333333333,1518.6983333333333
2024-04-17 20:00:00+00:00,22759.847777777777,22759.847777777777
2024-04-17 21:00:00+00:00,2321.409166666667,2321.409166666667
2024-04-17 22:00:00+00:00,1018.9147222222222,1018.9147222222222
2024-04-17 23:00:00+00:00,727.3772222222223,727.3772222222223
2024-04-18 00:00:00+00:00,598.1011111111111,598.1011111111111
2024-04-18 01:00:00+00:00,4658.936388888889,0.0
2024-04-18 02:00:00+00:00,114192.77972222224,114192.77972222224
2024-04-18 03:00:00+00:00,379062.6041666667,379062.6041666667
2024-04-18 04:00:00+00:00,450700.09222222224,450700.09222222224
2024-04-18 05:00:00+00:00,304700.82,304700.82
2024-04-18 06:00:00+00:00,751203.0122222222,751203.0122222222
2024-04-18 07:00:00+00:00,370463.5672222222,370463.5672222222
2024-04-18 08:00:00+00:00,425274.1797222222,425274.1797222222
2024-04-18 09:00:00+00:00,340874.8875,0.0
2024-04-18 10:00:00+00:00,163945.85055555555,163945.85055555555
2024-04-18 11:00:00+00:00,100106.07805555555,100106.07805555555
2024-04-18 12:00:00+00:00,31678.332222222223,31678.332222222223
2024-04-18 13:00:00+00:00,63455.37972222222,63455.37972222222
2024-04-18 14:00:00+00:00,3107.9094444444445,3107.9094444444445
2024-04-18 15:00:00+00:00,50082.59638888889,50082.59638888889
2024-04-18 16:00:00+00:00,1130.2697222222223,1130.2697222222223
2024-04-18 17:00:00+00:00,5393.764166666667,0.0
2024-04-18 18:00:00+00:00,1412.1208333333334,1412.1208333333334
2024-04-18 19:00:00+00:00,721.0788888888889,721.0788888888889
2024-04-18 20:00:00+00:00,664.7952777777778,664.7952777777778
2024-04-18 21:00:00+00:00,5045.809722222222,0.0
2024-04-18 22:00:00+00:00,880.4158333333334,880.4158333333334
2024-04-18 23:00:00+00:00,1198.3291666666669,1198.3291666666669
2024-04-19 00:00:00+00:00,4311.032222222222,4311.032222222222
2024-04-19 01:00:00+00:00,3754.171388888889,3754.171388888889
2024-04-19 02:00:00+00:00,60360.71388888889,60360.71388888889
2024-04-19 03:00:00+00:00,557083.8569444445,557083.8569444445
2024-04-19 04:00:00+00:00,480560.5463888889,0.0
2024-04-19 05:00:00+00:00,761710.0441666667,761710.0441666667
2024-04-19 06:00:00+00:00,351568.2127777777,351568.2127777777
2024-04-19 07:00:00+00:00,458381.56833333336,0.0
2024-04-19 08:00:00+00:00,260476.1497222222,260476.1497222222
2024-04-19 09:00:00+00:00,177846.9625,177846.9625
2024-04-19 10:00:00+00:00,31067.92,0.0
2024-04-19 11:00:00+00:00,32152.146944444445,32152.146944444445
2024-04-19 12:00:00+00:00,59961.660833333335,0.0
2024-04-19 13:00:00+00:00,63423.717777777776,63423.717777777776
2024-04-19 14:00:00+00:00,2168.643333333333,2168.643333333333
2024-04-19 15:00:00+00:00,1047.3377777777778,1047.3377777777778
2024-04-19 16:00:00+00:00,158.69916666666666,158.69916666666666
2024-04-19 17:00:00+00:00,644.4413888888889,644.4413888888889
2024-04-19 18:00:00+00:00,462.85527777777776,462.85527777777776
2024-04-19 19:00:00+00:00,179.5713888888889,179.5713888888889
2024-04-19 20:00:00+00:00,2047.3552777777777,2047.3552777777777
2024-04-19 21:00:00+00:00,70725.52305555556,0.0
2024-04-19 22:00:00+00:00,242.52083333333331,0.0
2024-04-19 23:00:00+00:00,325.96472222222224,325.96472222222224
2024-04-20 00:00:00+00:00,104796.22666666668,104796.22666666668
2024-04-20 01:00:00+00:00,545.3680555555555,545.3680555555555
2024-04-20 02:00:00+00:00,37846.63222222222,0.0
2024-04-20 03:00:00+00:00,602.19,602.19
2024-04-20 04:00:00+00:00,380.2058333333333,0.0
2024-04-20 05:00:00+00:00,190.2075,190.2075
2024-04-20 06:00:00+00:00,799.8508333333333,799.8508333333333
2024-04-20 07:00:00+00:00,472.5930555555556,472.5930555555556
2024-04-20 08:00:00+00:00,3591.3502777777776,0.0
2024-04-20 09:00:00+00:00,1068.121111111111,1068.121111111111
2024-04-20 10:00:00+00:00,416.0219444444445,416.0219444444445
2024-04-20 11:00:00+00:00,211.3388888888889,211.3388888888889
2024-04-20 12:00:00+00:00,1247.7572222222225,1247.7572222222225
2024-04-20 13:00:00+00:00,3443.7208333333333,3443.7208333333333
2024-04-20 14:00:00+00:00,1439.5727777777777,1439.5727777777777
2024-04-20 15:00:00+00:00,625.3177777777778,0.0
2024-04-20 16:00:00+00:00,117.9425,117.9425
2024-04-20 17:00:00+00:00,5126.484166666667,0.0
2024-04-20 18:00:00+00:00,3013.946388888889,3013.946388888889
2024-04-20 19:00:00+00:00,164.61888888888888,164.61888888888888
2024-04-20 20:00:00+00:00,285.9780555555556,0.0
2024-04-20 21:00:00+00:00,949.0619444444444,0.0
2024-04-20 22:00:00+00:00,507.7861111111111,0.0
2024-04-20 23:00:00+00:00,233.11888888888888,0.0
2024-04-21 00:00:00+00:00,335.6455555555556,335.6455555555556
2024-04-21 01:00:00+00:00,734.3930555555555,734.3930555555555
2024-04-21 02:00:00+00:00,87.42027777777778,0.0
2024-04-21 03:00:00+00:00,256.89972222222224,256.89972222222224
2024-04-21 04:00:00+00:00,198.61194444444445,198.61194444444445
2024-04-21 05:00:00+00:00,193.6913888888889,193.6913888888889
2024-04-21 06:00:00+00:00,604.9108333333334,604.9108333333334
2024-04-21 07:00:00+00:00,270.7966666666667,270.7966666666667
2024-04-21 08:00:00+00:00,283.4036111111111,283.4036111111111
2024-04-21 09:00:00+00:00,848.6786111111111,848.6786111111111
2024-04-21 10:00:00+00:00,143.81833333333333,143.81833333333333
2024-04-21 11:00:00+00:00,617.6369444444445,617.6369444444445
2024-04-21 12:00:00+00:00,1587.1533333333334,1587.1533333333334
2024-04-21 13:00:00+00:00,314.0705555555556,314.0705555555556
2024-04-21 14:00:00+00:00,387.8238888888889,387.8238888888889
2024-04-21 15:00:00+00:00,306.96527777777777,306.96527777777777
2024-04-21 16:00:00+00:00,116.63416666666669,116.63416666666669
2024-04-21 17:00:00+00:00,253.4388888888889,253.4388888888889
2024-04-21 18:00:00+00:00,592.6458333333334,592.6458333333334
2024-04-21 19:00:00+00:00,163.19583333333333,163.19583333333333
2024-04-21 20:00:00+00:00,344.62666666666667,344.62666666666667
2024-04-21 21:00:00+00:00,4520.551666666666,4520.551666666666
2024-04-21 22:00:00+00:00,211.19,211.19
2024-04-21 23:00:00+00:00,270.8361111111111,270.8361111111111
2024-04-22 00:00:00+00:00,2234.9822222222224,2234.9822222222224
2024-04-22 01:00:00+00:00,1664.776111111111,0.0
2024-04-22 02:00:00+00:00,41404.325833333336,41404.325833333336
2024-04-22 03:00:00+00:00,413984.1847222222,0.0
2024-04-22 04:00:00+00:00,439999.3052777778,439999.3052777778
2024-04-22 05:00:00+00:00,529950.3569444445,0.0
2024-04-22 06:00:00+00:00,329446.98277777777,329446.98277777777
2024-04-22 07:00:00+00:00,398943.9402777778,398943.9402777778
2024-04-22 08:00:00+00:00,491443.4255555556,491443.4255555556
2024-04-22 09:00:00+00:00,303735.50916666666,303735.50916666666
2024-04-22 10:00:00+00:00,265507.4625,265507.4625
2024-04-22 11:00:00+00:00,175700.9963888889,175700.9963888889
2024-04-22 12:00:00+00:00,47457.80944444444,0.0
2024-04-22 13:00:00+00:00,20444.498888888887,20444.498888888887
2024-04-22 14:00:00+00:00,11385.163611111111,11385.163611111111
2024-04-22 15:00:00+00:00,8159.871388888889,8159.871388888889
2024-04-22 16:00:00+00:00,8448.895833333334,0.0
2024-04-22 17:00:00+00:00,8173.134722222222,8173.134722222222
2024-04-22 18:00:00+00:00,1224.8272222222222,1224.8272222222222
2024-04-22 19:00:00+00:00,607.0527777777778,607.0527777777778
2024-04-22 20:00:00+00:00,287.11333333333334,287.11333333333334
2024-04-22 21:00:00+00:00,4171.094722222222,0.0
2024-04-22 22:00:00+00:00,4955.755833333334,4955.755833333334
2024-04-22 23:00:00+00:00,268.27222222222224,268.27222222222224
2024-04-23 00:00:00+00:00,551.7975,551.7975
2024-04-23 01:00:00+00:00,17049.130833333333,17049.130833333333
2024-04-23 02:00:00+00:00,47957.69305555556,47957.69305555556
2024-04-23 03:00:00+00:00,303953.90472222224,303953.90472222224
2024-04-23 04:00:00+00:00,325251.15555555554,325251.15555555554
2024-04-23 05:00:00+00:00,391736.5011111112,391736.5011111112
2024-04-23 06:00:00+00:00,521423.3522222222,521423.3522222222
2024-04-23 07:00:00+00:00,429564.34805555554,429564.34805555554
2024-04-23 08:00:00+00:00,516296.9638888889,516296.9638888889
2024-04-23 09:00:00+00:00,405519.37583333335,405519.37583333335
2024-04-23 10:00:00+00:00,363273.3513888889,0.0
2024-04-23 11:00:00+00:00,238097.51638888888,0.0
2024-04-23 12:00:00+00:00,29206.66083333333,29206.66083333333
2024-04-23 13:00:00+00:00,46491.54138888889,46491.54138888889
2024-04-23 14:00:00+00:00,701.2244444444444,701.2244444444444
2024-04-23 15:00:00+00:00,205.12916666666663,205.12916666666663
2024-04-23 16:00:00+00:00,163.2386111111111,163.2386111111111
2024-04-23 17:00:00+00:00,427.8822222222222,0.0
2024-04-23 18:00:00+00:00,218.80305555555557,0.0
2024-04-23 19:00:00+00:00,687.0027777777777,687.0027777777777
2024-04-23 20:00:00+00:00,503.6222222222222,503.6222222222222
2024-04-23 21:00:00+00:00,4733.904444444444,4733.904444444444
2024-04-23 22:00:00+00:00,1179.0825,0.0
2024-04-23 23:00:00+00:00,522.0072222222223,0.0
2024-04-24 00:00:00+00:00,454.6825,454.6825
2024-04-24 01:00:00+00:00,2489.620555555556,2489.620555555556
2024-04-24 02:00:00+00:00,93406.35944444445,93406.35944444445
2024-04-24 03:00:00+00:00,417014.1383333333,417014.1383333333
2024-04-24 04:00:00+00:00,453270.9263888889,453270.9263888889
2024-04-24 05:00:00+00:00,487501.3,487501.3
2024-04-24 06:00:00+00:00,528448.38,528448.38
2024-04-24 07:00:00+00:00,563163.5516666666,0.0
2024-04-24 08:00:00+00:00,468710.3730555556,468710.3730555556
2024-04-24 09:00:00+00:00,330919.9555555555,330919.9555555555
2024-04-24 10:00:00+00:00,330296.56361111114,330296.56361111114
2024-04-24 11:00:00+00:00,122399.84583333334,122399.84583333334
2024-04-24 12:00:00+00:00,37053.95638888889,37053.95638888889
2024-04-24 13:00:00+00:00,45031.14194444445,45031.14194444445
2024-04-24 14:00:00+00:00,8071.501111111111,8071.501111111111
2024-04-24 15:00:00+00:00,1210.5425,1210.5425
2024-04-24 16:00:00+00:00,2393.505277777778,2393.505277777778
2024-04-24 17:00:00+00:00,2713.39,2713.39
2024-04-24 18:00:00+00:00,424.3255555555556,424.3255555555556
2024-04-24 19:00:00+00:00,6187.749444444445,6187.749444444445
2024-04-24 20:00:00+00:00,342.72777777777776,342.72777777777776
2024-04-24 21:00:00+00:00,797.5388888888889,0.0
2024-04-24 22:00:00+00:00,545.9236111111111,545.9236111111111
2024-04-24 23:00:00+00:00,557.4883333333333,0.0
2024-04-25 00:00:00+00:00,2364.498888888889,0.0
2024-04-25 01:00:00+00:00,13386.253611111111,13386.253611111111
2024-04-25 02:00:00+00:00,68484.78638888888,0.0
2024-04-25 03:00:00+00:00,447500.5863888889,447500.5863888889
2024-04-25 04:00:00+00:00,403260.7133333333,403260.7133333333
2024-04-25 05:00:00+00:00,371202.2002777778,371202.2002777778
2024-04-25 06:00:00+00:00,466969.14555555553,466969.14555555553
2024-04-25 07:00:00+00:00,425173.4347222222,425173.4347222222
2024-04-25 08:00:00+00:00,411407.6194444444,411407.6194444444
2024-04-25 09:00:00+00:00,327229.8872222222,327229.8872222222
2024-04-25 10:00:00+00:00,276166.45694444445,276166.45694444445
2024-04-25 11:00:00+00:00,134738.7236111111,134738.7236111111
2024-04-25 12:00:00+00:00,81399.77472222222,81399.77472222222
2024-04-25 13:00:00+00:00,12100.557222222222,0.0
2024-04-25 14:00:00+00:00,4220.640833333333,4220.640833333333
2024-04-25 15:00:00+00:00,901.3172222222222,901.3172222222222
2024-04-25 16:00:00+00:00,361.4538888888889,0.0
2024-04-25 17:00:00+00:00,2472.5622222222223,2472.5622222222223
2024-04-25 18:00:00+00:00,689.4097222222222,689.4097222222222
2024-04-25 19:00:00+00:00,815.8633333333333,815.8633333333333
2024-04-25 20:00:00+00:00,1441.0127777777775,0.0
2024-04-25 21:00:00+00:00,6139.406388888889,0.0
2024-04-25 22:00:00+00:00,405.0941666666667,405.0941666666667
2024-04-25 23:00:00+00:00,95355.61444444444,95355.61444444444
2024-04-26 00:00:00+00:00,46273.54305555556,46273.54305555556
2024-04-26 01:00:00+00:00,3633.775277777778,3633.775277777778
2024-04-26 02:00:00+00:00,38073.12194444444,38073.12194444444
2024-04-26 03:00:00+00:00,412894.3691666666,0.0
2024-04-26 04:00:00+00:00,337521.58555555553,337521.58555555553
2024-04-26 05:00:00+00:00,371659.87111111113,371659.87111111113
2024-04-26 06:00:00+00:00,441925.6205555556,441925.6205555556
2024-04-26 07:00:00+00:00,387134.3861111111,387134.3861111111
2024-04-26 08:00:00+00:00,423076.3847222222,423076.3847222222
2024-04-26 09:00:00+00:00,84883.67861111111,84883.67861111111
2024-04-26 10:00:00+00:00,9043.11611111111,9043.11611111111
2024-04-26 11:00:00+00:00,3410.3641666666667,3410.3641666666667
2024-04-26 12:00:00+00:00,1404.3741666666667,1404.3741666666667
2024-04-26 13:00:00+00:00,1004.18,1004.18
2024-04-26 14:00:00+00:00,1131.3116666666667,1131.3116666666667
2024-04-26 15:00:00+00:00,892.3141666666667,892.3141666666667
2024-04-26 16:00:00+00:00,374.73333333333335,0.0
2024-04-26 17:00:00+00:00,371.60527777777776,371.60527777777776
2024-04-26 18:00:00+00:00,344.5061111111111,344.5061111111111
2024-04-26 19:00:00+00:00,9380.158333333333,9380.158333333333
2024-04-26 20:00:00+00:00,458.4688888888889,458.4688888888889
2024-04-26 21:00:00+00:00,849.5127777777777,849.5127777777777
2024-04-26 22:00:00+00:00,870.9877777777778,870.9877777777778
2024-04-26 23:00:00+00:00,514.6919444444444,514.6919444444444
2024-04-27 00:00:00+00:00,3146.8508333333334,3146.8508333333334
2024-04-27 01:00:00+00:00,116.49833333333332,116.49833333333332
2024-04-27 02:00:00+00:00,156.80388888888888,156.80388888888888
2024-04-27 03:00:00+00:00,152.29583333333332,0.0
2024-04-27 04:00:00+00:00,4834.804166666667,4834.804166666667
2024-04-27 05:00:00+00:00,892.035,892.035
2024-04-27 06:00:00+00:00,554.9302777777777,554.9302777777777
2024-04-27 07:00:00+00:00,106.01833333333332,106.01833333333332
2024-04-27 08:00:00+00:00,823.6811111111111,823.6811111111111
2024-04-27 09:00:00+00:00,5946.836944444444,5946.836944444444
2024-04-27 10:00:00+00:00,113.63916666666668,113.63916666666668
2024-04-27 11:00:00+00:00,266.7108333333333,266.7108333333333
2024-04-27 12:00:00+00:00,176.50333333333333,176.50333333333333
2024-04-27 13:00:00+00:00,109.54833333333332,0.0
2024-04-27 14:00:00+00:00,298.2269444444444,0.0
2024-04-27 15:00:00+00:00,1213.4469444444444,0.0
2024-04-27 16:00:00+00:00,111.03611111111113,0.0
2024-04-27 17:00:00+00:00,398.7913888888889,398.7913888888889
2024-04-27 18:00:00+00:00,253.6363888888889,253.6363888888889
2024-04-27 19:00:00+00:00,372.0991666666667,372.0991666666667
2024-04-27 20:00:00+00:00,586.0655555555555,586.0655555555555
2024-04-27 21:00:00+00:00,1284.9258333333332,1284.9258333333332
2024-04-27 22:00:00+00:00,659.4536111111111,659.4536111111111
2024-04-27 23:00:00+00:00,199.49777777777777,0.0
2024-04-28 00:00:00+00:00,249.68944444444443,249.68944444444443
2024-04-28 01:00:00+00:00,627.75,0.0
2024-04-28 02:00:00+00:00,1353.1616666666666,1353.1616666666666
2024-04-28 03:00:00+00:00,152.47333333333333,152.47333333333333
2024-04-28 04:00:00+00:00,264.9347222222222,264.9347222222222
2024-04-28 05:00:00+00:00,176.47444444444446,176.47444444444446
2024-04-28 06:00:00+00:00,303.0127777777778,0.0
2024-04-28 07:00:00+00:00,476.6508333333333,0.0
2024-04-28 08:00:00+00:00,782.9463888888889,782.9463888888889
2024-04-28 09:00:00+00:00,260.9947222222222,260.9947222222222
2024-04-28 10:00:00+00:00,171.70777777777778,171.70777777777778
2024-04-28 11:00:00+00:00,1076.9452777777778,0.0
2024-04-28 12:00:00+00:00,447.605,447.605
2024-04-28 13:00:00+00:00,116.71222222222222,116.71222222222222
2024-04-28 14:00:00+00:00,146.98638888888888,146.98638888888888
2024-04-28 15:00:00+00:00,675.3094444444445,675.3094444444445
2024-04-28 16:00:00+00:00,2635.4377777777777,2635.4377777777777
2024-04-28 17:00:00+00:00,314.7388888888889,314.7388888888889
2024-04-28 18:00:00+00:00,906.1491666666668,0.0
2024-04-28 19:00:00+00:00,207.8375,207.8375
2024-04-28 20:00:00+00:00,835.3308333333333,835.3308333333333
2024-04-28 21:00:00+00:00,1687.280277777778,1687.280277777778
2024-04-28 22:00:00+00:00,235.34722222222223,235.34722222222223
2024-04-28 23:00:00+00:00,810.6833333333333,810.6833333333333
2024-04-29 00:00:00+00:00,721.2952777777778,721.2952777777778
2024-04-29 01:00:00+00:00,5200.967777777778,5200.967777777778
2024-04-29 02:00:00+00:00,57061.94222222222,57061.94222222222
2024-04-29 03:00:00+00:00,298253.165,298253.165
2024-04-29 04:00:00+00:00,306738.54194444447,306738.54194444447
2024-04-29 05:00:00+00:00,432551.3030555556,432551.3030555556
2024-04-29 06:00:00+00:00,261604.7980555556,261604.7980555556
2024-04-29 07:00:00+00:00,419108.4658333333,419108.4658333333
2024-04-29 08:00:00+00:00,328556.5627777778,328556.5627777778
2024-04-29 09:00:00+00:00,272650.19694444444,0.0
2024-04-29 10:00:00+00:00,299710.3802777778,299710.3802777778
2024-04-29 11:00:00+00:00,197119.35916666663,197119.35916666663
2024-04-29 12:00:00+00:00,27625.74916666667,27625.74916666667
2024-04-29 13:00:00+00:00,27160.55361111111,27160.55361111111
2024-04-29 14:00:00+00:00,13169.71277777778,13169.71277777778
2024-04-29 15:00:00+00:00,797.91,0.0
2024-04-29 16:00:00+00:00,2066.525277777778,2066.525277777778
2024-04-29 17:00:00+00:00,6650.518611111111,6650.518611111111
2024-04-29 18:00:00+00:00,45352.61361111111,45352.61361111111
2024-04-29 19:00:00+00:00,418.11,418.11
2024-04-29 20:00:00+00:00,672.7361111111111,672.7361111111111
2024-04-29 21:00:00+00:00,426.14416666666665,426.14416666666665
2024-04-29 22:00:00+00:00,477.6461111111111,477.6461111111111
2024-04-29 23:00:00+00:00,858.3141666666667,858.3141666666667
2024-04-30 00:00:00+00:00,463.34472222222223,463.34472222222223
2024-04-30 01:00:00+00:00,2435.661111111111,2435.661111111111
2024-04-30 02:00:00+00:00,18240.894722222223,18240.894722222223
2024-04-30 03:00:00+00:00,207835.38055555557,207835.38055555557
2024-04-30 04:00:00+00:00,247134.6522222222,247134.6522222222
2024-04-30 05:00:00+00:00,347975.2186111111,347975.2186111111
2024-04-30 06:00:00+00:00,162891.6238888889,162891.6238888889
2024-04-30 07:00:00+00:00,316291.09527777776,0.0
2024-04-30 08:00:00+00:00,303515.2863888889,303515.2863888889
2024-04-30 09:00:00+00:00,128739.2275,128739.2275
2024-04-30 10:00:00+00:00,37212.55416666667,37212.55416666667
2024-04-30 11:00:00+00:00,12095.011666666667,12095.011666666667
2024-04-30 12:00:00+00:00,35493.53944444445,0.0
2024-04-30 13:00:00+00:00,1599.1419444444443,1599.1419444444443
2024-04-30 14:00:00+00:00,1099.9991666666667,1099.9991666666667
2024-04-30 15:00:00+00:00,893.89,0.0
2024-04-30 16:00:00+00:00,182.04194444444445,182.04194444444445
2024-04-30 17:00:00+00:00,243.08638888888888,243.08638888888888
2024-04-30 18:00:00+00:00,307.90277777777777,307.90277777777777
2024-04-30 19:00:00+00:00,835.7019444444444,835.7019444444444
2024-04-30 20:00:00+00:00,371.03833333333336,371.03833333333336
2024-04-30 21:00:00+00:00,2762.1633333333334,2762.1633333333334
2024-04-30 22:00:00+00:00,411.18694444444446,411.18694444444446
2024-04-30 23:00:00+00:00,258.1247222222222,258.1247222222222
2024-05-01 00:00:00+00:00,258.61,258.61
2024-05-01 01:00:00+00:00,180.0738888888889,180.0738888888889
2024-05-01 02:00:00+00:00,25397.700555555555,0.0
2024-05-01 03:00:00+00:00,838.1719444444444,838.1719444444444
2024-05-01 04:00:00+00:00,11666.338333333331,11666.338333333331
2024-05-01 05:00:00+00:00,99.065,99.065
2024-05-01 06:00:00+00:00,156.22027777777777,156.22027777777777
2024-05-01 07:00:00+00:00,135.73111111111112,135.73111111111112
2024-05-01 08:00:00+00:00,283.1475,283.1475
2024-05-01 09:00:00+00:00,140.1352777777778,140.1352777777778
2024-05-01 10:00:00+00:00,149.21444444444444,149.21444444444444
2024-05-01 11:00:00+00:00,1243.7105555555556,1243.7105555555556
2024-05-01 12:00:00+00:00,346.1675,346.1675
2024-05-01 13:00:00+00:00,182.9208333333333,182.9208333333333
2024-05-01 14:00:00+00:00,141.42638888888888,141.42638888888888
2024-05-01 15:00:00+00:00,652.6327777777777,652.6327777777777
2024-05-01 16:00:00+00:00,550.1477777777778,0.0
2024-05-01 17:00:00+00:00,1084.2705555555556,1084.2705555555556
2024-05-01 18:00:00+00:00,1642.0175,1642.0175
2024-05-01 19:00:00+00:00,216.87583333333333,216.87583333333333
2024-05-01 20:00:00+00:00,194.9586111111111,0.0
2024-05-01 21:00:00+00:00,2999.1047222222223,2999.1047222222223
2024-05-01 22:00:00+00:00,129.54416666666663,0.0
2024-05-01 23:00:00+00:00,297.9241666666667,297.9241666666667
2024-05-02 00:00:00+00:00,2562.8419444444444,2562.8419444444444
2024-05-02 01:00:00+00:00,645.6602777777778,645.6602777777778
2024-05-02 02:00:00+00:00,13793.24888888889,13793.24888888889
2024-05-02 03:00:00+00:00,91564.395,91564.395
2024-05-02 04:00:00+00:00,110736.82694444444,110736.82694444444
2024-05-02 05:00:00+00:00,80600.31416666666,80600.31416666666
2024-05-02 06:00:00+00:00,168594.31,168594.31
2024-05-02 07:00:00+00:00,175506.71555555557,175506.71555555557
2024-05-02 08:00:00+00:00,141159.64166666666,141159.64166666666
2024-05-02 09:00:00+00:00,228878.46083333332,228878.46083333332
2024-05-02 10:00:00+00:00,121329.31166666666,121329.31166666666
2024-05-02 11:00:00+00:00,60567.54305555556,60567.54305555556
2024-05-02 12:00:00+00:00,20985.9925,20985.9925
2024-05-02 13:00:00+00:00,3256.6044444444447,3256.6044444444447
2024-05-02 14:00:00+00:00,2207.5116666666668,2207.5116666666668
2024-05-02 15:00:00+00:00,1246.9216666666666,1246.9216666666666
2024-05-02 16:00:00+00:00,713.8130555555556,713.8130555555556
2024-05-02 17:00:00+00:00,614.2272222222222,0.0
2024-05-02 18:00:00+00:00,1053.1483333333333,0.0
2024-05-02 19:00:00+00:00,310.1694444444444,310.1694444444444
2024-05-02 20:00:00+00:00,2203.702222222222,2203.702222222222
2024-05-02 21:00:00+00:00,17202.664166666666,17202.664166666666
2024-05-02 22:00:00+00:00,106186.405,0.0
2024-05-02 23:00:00+00:00,19832.49777777778,19832.49777777778
2024-05-03 00:00:00+00:00,1132.8255555555556,1132.8255555555556
2024-05-03 01:00:00+00:00,10886.884166666669,0.0
2024-05-03 02:00:00+00:00,17400.565833333334,17400.565833333334
2024-05-03 03:00:00+00:00,230371.21,230371.21
2024-05-03 04:00:00+00:00,249231.69472222225,0.0
2024-05-03 05:00:00+00:00,93865.78305555556,93865.78305555556
2024-05-03 06:00:00+00:00,166117.5872222222,166117.5872222222
2024-05-03 07:00:00+00:00,153441.60361111112,153441.60361111112
2024-05-03 08:00:00+00:00,29509.724166666667,29509.724166666667
2024-05-03 09:00:00+00:00,15695.573888888888,15695.573888888888
2024-05-03 10:00:00+00:00,16989.981666666667,16989.981666666667
2024-05-03 11:00:00+00:00,8951.710833333333,8951.710833333333
2024-05-03 12:00:00+00:00,2644.6066666666666,2644.6066666666666
2024-05-03 13:00:00+00:00,709.4861111111111,709.4861111111111
2024-05-03 14:00:00+00:00,203.42027777777776,203.42027777777776
2024-05-03 15:00:00+00:00,2089.25,2089.25
2024-05-03 16:00:00+00:00,234.92,0.0
2024-05-03 17:00:00+00:00,12958.306944444445,12958.306944444445
2024-05-03 18:00:00+00:00,273.71472222222224,273.71472222222224
2024-05-03 19:00:00+00:00,1919.4627777777775,1919.4627777777775
2024-05-03 20:00:00+00:00,394.33972222222224,0.0
2024-05-03 21:00:00+00:00,1624.747777777778,1624.747777777778
2024-05-03 22:00:00+00:00,271.7661111111111,0.0
2024-05-03 23:00:00+00:00,126.27027777777778,0.0
2024-05-04 00:00:00+00:00,330.06388888888887,330.06388888888887
2024-05-04 01:00:00+00:00,96.25638888888888,96.25638888888888
2024-05-04 02:00:00+00:00,132.52333333333334,132.52333333333334
2024-05-04 03:00:00+00:00,251.43833333333333,251.43833333333333
2024-05-04 04:00:00+00:00,158.67777777777778,158.67777777777778
2024-05-04 05:00:00+00:00,488.5625,0.0
2024-05-04 06:00:00+00:00,241.1058333333333,241.1058333333333
2024-05-04 07:00:00+00:00,428.05805555555554,428.05805555555554
2024-05-04 08:00:00+00:00,472.075,472.075
2024-05-04 09:00:00+00:00,117.55055555555556,117.55055555555556
2024-05-04 10:00:00+00:00,113.12777777777778,113.12777777777778
2024-05-04 11:00:00+00:00,94.67055555555557,94.67055555555557
2024-05-04 12:00:00+00:00,86.19333333333333,0.0
2024-05-04 13:00:00+00:00,113.44388888888888,0.0
2024-05-04 14:00:00+00:00,5667.091111111111,5667.091111111111
2024-05-04 15:00:00+00:00,355.06333333333333,355.06333333333333
2024-05-04 16:00:00+00:00,222.18972222222223,222.18972222222223
2024-05-04 17:00:00+00:00,479.1988888888889,479.1988888888889
2024-05-04 18:00:00+00:00,191.4897222222222,191.4897222222222
2024-05-04 19:00:00+00:00,149.29444444444445,149.29444444444445
2024-05-04 20:00:00+00:00,593.5538888888889,593.5538888888889
2024-05-04 21:00:00+00:00,521.0905555555555,521.0905555555555
2024-05-04 22:00:00+00:00,349599.19694444444,349599.19694444444
2024-05-04 23:00:00+00:00,627.5697222222223,0.0
2024-05-05 00:00:00+00:00,330.0175,330.0175
2024-05-05 01:00:00+00:00,610.8372222222222,610.8372222222222
2024-05-05 02:00:00+00:00,527.9730555555556,527.9730555555556
2024-05-05 03:00:00+00:00,165.63666666666666,165.63666666666666
2024-05-05 04:00:00+00:00,2299.4133333333334,2299.4133333333334
2024-05-05 05:00:00+00:00,792.2308333333333,792.2308333333333
2024-05-05 06:00:00+00:00,105.86527777777778,105.86527777777778
2024-05-05 07:00:00+00:00,592.9097222222222,592.9097222222222
2024-05-05 08:00:00+00:00,766.9469444444444,766.9469444444444
2024-05-05 09:00:00+00:00,452.0602777777778,452.0602777777778
2024-05-05 10:00:00+00:00,140.7372222222222,140.7372222222222
2024-05-05 11:00:00+00:00,307.16527777777776,307.16527777777776
2024-05-05 12:00:00+00:00,323.9755555555556,323.9755555555556
2024-05-05 13:00:00+00:00,144.5961111111111,144.5961111111111
2024-05-05 14:00:00+00:00,231.03027777777777,0.0
2024-05-05 15:00:00+00:00,16960.516944444444,0.0
2024-05-05 16:00:00+00:00,531.7211111111111,531.7211111111111
2024-05-05 17:00:00+00:00,276.2325,0.0
2024-05-05 18:00:00+00:00,234.03,234.03
2024-05-05 19:00:00+00:00,216.65027777777777,216.65027777777777
2024-05-05 20:00:00+00:00,400.8027777777778,0.0
2024-05-05 21:00:00+00:00,1797.3322222222223,1797.3322222222223
2024-05-05 22:00:00+00:00,626.6044444444444,0.0
2024-05-05 23:00:00+00:00,175.70388888888888,175.70388888888888
2024-05-06 00:00:00+00:00,1299.2241666666666,1299.2241666666666
2024-05-06 01:00:00+00:00,11659.573611111113,11659.573611111113
2024-05-06 02:00:00+00:00,23391.021666666667,0.0
2024-05-06 03:00:00+00:00,491195.6080555556,491195.6080555556
2024-05-06 04:00:00+00:00,471937.9922222222,471937.9922222222
2024-05-06 05:00:00+00:00,467284.6930555556,467284.6930555556
2024-05-06 06:00:00+00:00,350394.13416666666,350394.13416666666
2024-05-06 07:00:00+00:00,337387.2469444444,337387.2469444444
2024-05-06 08:00:00+00:00,316376.9247222222,316376.9247222222
2024-05-06 09:00:00+00:00,339325.21194444445,0.0
2024-05-06 10:00:00+00:00,275967.0686111111,275967.0686111111
2024-05-06 11:00:00+00:00,183224.9736111111,183224.9736111111
2024-05-06 12:00:00+00:00,23125.6875,23125.6875
2024-05-06 13:00:00+00:00,19303.25138888889,19303.25138888889
2024-05-06 14:00:00+00:00,5083.348333333333,0.0
2024-05-06 15:00:00+00:00,949.0927777777778,949.0927777777778
2024-05-06 16:00:00+00:00,4363.065277777778,4363.065277777778
2024-05-06 17:00:00+00:00,53720.7525,53720.7525
2024-05-06 18:00:00+00:00,70472.43583333334,70472.43583333334
2024-05-06 19:00:00+00:00,26710.097222222223,26710.097222222223
2024-05-06 20:00:00+00:00,5839.7625,0.0
2024-05-06 21:00:00+00:00,4723.163888888889,0.0
2024-05-06 22:00:00+00:00,709.3977777777778,0.0
2024-05-06 23:00:00+00:00,697.6508333333334,697.6508333333334
2024-05-07 00:00:00+00:00,715.4830555555556,0.0
2024-05-07 01:00:00+00:00,4655.2425,4655.2425
2024-05-07 02:00:00+00:00,55345.11638888889,55345.11638888889
2024-05-07 03:00:00+00:00,372062.0416666667,372062.0416666667
2024-05-07 04:00:00+00:00,317980.4380555556,317980.4380555556
2024-05-07 05:00:00+00:00,312181.8080555556,312181.8080555556
2024-05-07 06:00:00+00:00,313782.79555555555,313782.79555555555
2024-05-07 07:00:00+00:00,273441.41055555554,273441.41055555554
2024-05-07 08:00:00+00:00,355065.97833333333,355065.97833333333
2024-05-07 09:00:00+00:00,306843.80833333335,306843.80833333335
2024-05-07 10:00:00+00:00,248048.35861111112,248048.35861111112
2024-05-07 11:00:00+00:00,119406.94611111112,119406.94611111112
2024-05-07 12:00:00+00:00,6321.494722222223,6321.494722222223
2024-05-07 13:00:00+00:00,1190.1975,1190.1975
2024-05-07 14:00:00+00:00,5476.502222222222,0.0
2024-05-07 15:00:00+00:00,1358.5466666666666,1358.5466666666666
2024-05-07 16:00:00+00:00,250.66333333333333,250.66333333333333
2024-05-07 17:00:00+00:00,806.8905555555556,0.0
2024-05-07 18:00:00+00:00,553.9072222222222,553.9072222222222
2024-05-07 19:00:00+00:00,970.88,970.88
2024-05-07 20:00:00+00:00,1611.0611111111111,0.0
2024-05-07 21:00:00+00:00,398.35,398.35
2024-05-07 22:00:00+00:00,388.7994444444444,388.7994444444444
2024-05-07 23:00:00+00:00,345.8088888888889,345.8088888888889
2024-05-08 00:00:00+00:00,449.5325,449.5325
2024-05-08 01:00:00+00:00,230.69444444444449,230.69444444444449
2024-05-08 02:00:00+00:00,983.8041666666668,983.8041666666668
2024-05-08 03:00:00+00:00,160.83055555555555,160.83055555555555
2024-05-08 04:00:00+00:00,207.08388888888888,207.08388888888888
2024-05-08 05:00:00+00:00,585.2522222222223,585.2522222222223
2024-05-08 06:00:00+00:00,284.4436111111111,284.4436111111111
2024-05-08 07:00:00+00:00,5506.898055555555,5506.898055555555
2024-05-08 08:00:00+00:00,257.6152777777778,257.6152777777778
2024-05-08 09:00:00+00:00,1048.341111111111,1048.341111111111
2024-05-08 10:00:00+00:00,3601.953611111111,3601.953611111111
2024-05-08 11:00:00+00:00,241.67666666666668,241.67666666666668
2024-05-08 12:00:00+00:00,524.8152777777777,524.8152777777777
2024-05-08 13:00:00+00:00,420.8708333333333,420.8708333333333
2024-05-08 14:00:00+00:00,307.6716666666667,307.6716666666667
2024-05-08 15:00:00+00:00,149.2288888888889,0.0
2024-05-08 16:00:00+00:00,45311.37194444444,45311.37194444444
2024-05-08 17:00:00+00:00,27072.235555555555,27072.235555555555
2024-05-08 18:00:00+00:00,376.77972222222223,376.77972222222223
2024-05-08 19:00:00+00:00,461.9669444444445,0.0
2024-05-08 20:00:00+00:00,533.1838888888889,533.1838888888889
2024-05-08 21:00:00+00:00,982.0791666666668,982.0791666666668
2024-05-08 22:00:00+00:00,2237.903333333333,2237.903333333333
2024-05-08 23:00:00+00:00,291.91027777777776,0.0
2024-05-09 00:00:00+00:00,2537.946111111111,2537.946111111111
2024-05-09 01:00:00+00:00,3683.6266666666666,3683.6266666666666
2024-05-09 02:00:00+00:00,55899.97611111112,55899.97611111112
2024-05-09 03:00:00+00:00,325364.4497222222,0.0
2024-05-09 04:00:00+00:00,368561.18,368561.18
2024-05-09 05:00:00+00:00,336919.25194444443,336919.25194444443
2024-05-09 06:00:00+00:00,320722.3016666667,320722.3016666667
2024-05-09 07:00:00+00:00,341716.7580555556,0.0
2024-05-09 08:00:00+00:00,340313.9241666667,340313.9241666667
2024-05-09 09:00:00+00:00,273432.6355555556,273432.6355555556
2024-05-09 10:00:00+00:00,167294.36472222224,167294.36472222224
2024-05-09 11:00:00+00:00,71104.55638888889,71104.55638888889
2024-05-09 12:00:00+00:00,41507.004166666666,41507.004166666666
2024-05-09 13:00:00+00:00,12192.841666666667,12192.841666666667
2024-05-09 14:00:00+00:00,2271.4777777777776,0.0
2024-05-09 15:00:00+00:00,923.0227777777778,923.0227777777778
2024-05-09 16:00:00+00:00,4080.321944444445,4080.321944444445
2024-05-09 17:00:00+00:00,429.8547222222222,429.8547222222222
2024-05-09 18:00:00+00:00,581.2944444444445,581.2944444444445
2024-05-09 19:00:00+00:00,373.3647222222222,373.3647222222222
2024-05-09 20:00:00+00:00,421.49694444444447,0.0
2024-05-09 21:00:00+00:00,440.4488888888889,440.4488888888889
2024-05-09 22:00:00+00:00,531.1616666666666,531.1616666666666
2024-05-09 23:00:00+00:00,847.2344444444444,847.2344444444444
2024-05-10 00:00:00+00:00,794.4683333333334,794.4683333333334
2024-05-10 01:00:00+00:00,6112.335277777778,0.0
2024-05-10 02:00:00+00:00,54135.31888888889,0.0
2024-05-10 03:00:00+00:00,388208.98527777777,388208.98527777777
2024-05-10 04:00:00+00:00,503977.0786111111,503977.0786111111
2024-05-10 05:00:00+00:00,418013.03055555554,418013.03055555554
2024-05-10 06:00:00+00:00,290051.53833333333,290051.53833333333
2024-05-10 07:00:00+00:00,259898.32444444444,259898.32444444444
2024-05-10 08:00:00+00:00,280769.8175,280769.8175
2024-05-10 09:00:00+00:00,117939.4575,117939.4575
2024-05-10 10:00:00+00:00,22646.917222222222,22646.917222222222
2024-05-10 11:00:00+00:00,72135.2375,72135.2375
2024-05-10 12:00:00+00:00,6094.9275,6094.9275
2024-05-10 13:00:00+00:00,866.2955555555556,866.2955555555556
2024-05-10 14:00:00+00:00,302.5036111111111,302.5036111111111
2024-05-10 15:00:00+00:00,400.11277777777775,400.11277777777775
2024-05-10 16:00:00+00:00,215.955,0.0
2024-05-10 17:00:00+00:00,283.97,283.97
2024-05-10 18:00:00+00:00,360.7372222222222,360.7372222222222
2024-05-10 19:00:00+00:00,399.3222222222222,0.0
2024-05-10 20:00:00+00:00,1596.7741666666666,0.0
2024-05-10 21:00:00+00:00,3208.341388888889,3208.341388888889
2024-05-10 22:00:00+00:00,475.9822222222222,475.9822222222222
2024-05-10 23:00:00+00:00,612.1083333333333,612.1083333333333
2024-05-11 00:00:00+00:00,568.5936111111112,568.5936111111112
2024-05-11 01:00:00+00:00,1000.3805555555556,1000.3805555555556
2024-05-11 02:00:00+00:00,578.5963888888889,578.5963888888889
2024-05-11 03:00:00+00:00,137.92638888888888,0.0
2024-05-11 04:00:00+00:00,330.9386111111112,330.9386111111112
2024-05-11 05:00:00+00:00,1004.5977777777778,1004.5977777777778
2024-05-11 06:00:00+00:00,705.2611111111111,705.2611111111111
2024-05-11 07:00:00+00:00,702.1408333333334,702.1408333333334
2024-05-11 08:00:00+00:00,534.4913888888889,534.4913888888889
2024-05-11 09:00:00+00:00,504.4908333333333,0.0
2024-05-11 10:00:00+00:00,641.3413888888889,641.3413888888889
2024-05-11 11:00:00+00:00,2516.408611111111,2516.408611111111
2024-05-11 12:00:00+00:00,437.4819444444444,437.4819444444444
2024-05-11 13:00:00+00:00,716.7261111111111,716.7261111111111
2024-05-11 14:00:00+00:00,205.84194444444444,0.0
2024-05-11 15:00:00+00:00,534.6758333333333,0.0
2024-05-11 16:00:00+00:00,395.5966666666667,0.0
2024-05-11 17:00:00+00:00,798.3708333333333,0.0
2024-05-11 18:00:00+00:00,236.475,0.0
2024-05-11 19:00:00+00:00,322.4586111111111,322.4586111111111
2024-05-11 20:00:00+00:00,322.0705555555556,322.0705555555556
2024-05-11 21:00:00+00:00,614.5894444444444,614.5894444444444
2024-05-11 22:00:00+00:00,474.1113888888889,474.1113888888889
2024-05-11 23:00:00+00:00,543.0997222222222,0.0
2024-05-12 00:00:00+00:00,167.83833333333334,167.83833333333334
2024-05-12 01:00:00+00:00,389.9172222222222,0.0
2024-05-12 02:00:00+00:00,353.03777777777776,353.03777777777776
2024-05-12 03:00:00+00:00,255.18055555555557,0.0
2024-05-12 04:00:00+00:00,37832.06888888889,37832.06888888889
2024-05-12 05:00:00+00:00,809.9069444444444,809.9069444444444
2024-05-12 06:00:00+00:00,2874.2463888888888,2874.2463888888888
2024-05-12 07:00:00+00:00,251.76638888888888,251.76638888888888
2024-05-12 08:00:00+00:00,405.5122222222223,405.5122222222223
2024-05-12 09:00:00+00:00,491.0888888888889,0.0
2024-05-12 10:00:00+00:00,1631.6655555555556,1631.6655555555556
2024-05-12 11:00:00+00:00,667.4611111111111,667.4611111111111
2024-05-12 12:00:00+00:00,177.70694444444445,177.70694444444445
2024-05-12 13:00:00+00:00,206.01722222222224,206.01722222222224
2024-05-12 14:00:00+00:00,184.4955555555556,184.4955555555556
2024-05-12 15:00:00+00:00,200.8763888888889,200.8763888888889
2024-05-12 16:00:00+00:00,814.1597222222222,814.1597222222222
2024-05-12 17:00:00+00:00,476.6386111111111,476.6386111111111
2024-05-12 18:00:00+00:00,642.3872222222222,0.0
2024-05-12 19:00:00+00:00,259.4655555555556,0.0
2024-05-12 20:00:00+00:00,528.9266666666666,528.9266666666666
2024-05-12 21:00:00+00:00,954.5311111111112,0.0
2024-05-12 22:00:00+00:00,1054.5652777777775,0.0
2024-05-12 23:00:00+00:00,169.84305555555557,0.0
2024-05-13 00:00:00+00:00,277.3122222222222,277.3122222222222
2024-05-13 01:00:00+00:00,2435.887222222222,0.0
2024-05-13 02:00:00+00:00,43490.68166666666,0.0
2024-05-13 03:00:00+00:00,315935.7263888889,315935.7263888889
2024-05-13 04:00:00+00:00,316871.2961111111,316871.2961111111
2024-05-13 05:00:00+00:00,467636.96305555553,467636.96305555553
2024-05-13 06:00:00+00:00,557860.4772222223,557860.4772222223
2024-05-13 07:00:00+00:00,507984.9397222222,507984.9397222222
2024-05-13 08:00:00+00:00,290811.8011111111,290811.8011111111
2024-05-13 09:00:00+00:00,263731.53194444446,263731.53194444446
2024-05-13 10:00:00+00:00,183418.82916666663,0.0
2024-05-13 11:00:00+00:00,120534.43666666666,120534.43666666666
2024-05-13 12:00:00+00:00,22524.324722222223,0.0
2024-05-13 13:00:00+00:00,4380.671111111111,0.0
2024-05-13 14:00:00+00:00,4920.140277777778,4920.140277777778
2024-05-13 15:00:00+00:00,472.65777777777777,0.0
2024-05-13 16:00:00+00:00,820.2861111111112,0.0
2024-05-13 17:00:00+00:00,28994.929722222223,28994.929722222223
2024-05-13 18:00:00+00:00,72298.38888888889,72298.38888888889
2024-05-13 19:00:00+00:00,8378.937777777777,0.0
2024-05-13 20:00:00+00:00,478.4236111111111,0.0
2024-05-13 21:00:00+00:00,729.7163888888889,0.0
2024-05-13 22:00:00+00:00,765.9788888888888,765.9788888888888
2024-05-13 23:00:00+00:00,11072.000833333334,11072.000833333334
2024-05-14 00:00:00+00:00,26308.539166666666,26308.539166666666
2024-05-14 01:00:00+00:00,12161.499444444444,12161.499444444444
2024-05-14 02:00:00+00:00,44104.09222222222,44104.09222222222
2024-05-14 03:00:00+00:00,404738.9397222222,404738.9397222222
2024-05-14 04:00:00+00:00,414040.1805555556,414040.1805555556
2024-05-14 05:00:00+00:00,402063.8483333333,0.0
2024-05-14 06:00:00+00:00,346451.87611111114,0.0
2024-05-14 07:00:00+00:00,450532.6152777778,450532.6152777778
2024-05-14 08:00:00+00:00,538258.0769444444,538258.0769444444
2024-05-14 09:00:00+00:00,244299.69416666665,0.0
2024-05-14 10:00:00+00:00,236027.63777777777,236027.63777777777
2024-05-14 11:00:00+00:00,129885.95222222224,129885.95222222224
2024-05-14 12:00:00+00:00,30550.79555555556,30550.79555555556
2024-05-14 13:00:00+00:00,10938.743888888888,10938.743888888888
2024-05-14 14:00:00+00:00,1497.5522222222223,1497.5522222222223
2024-05-14 15:00:00+00:00,10897.51861111111,10897.51861111111
2024-05-14 16:00:00+00:00,31788.9125,31788.9125
2024-05-14 17:00:00+00:00,510.3605555555556,0.0
2024-05-14 18:00:00+00:00,26631.29555555556,26631.29555555556
2024-05-14 19:00:00+00:00,3030.307222222222,3030.307222222222
2024-05-14 20:00:00+00:00,6335.925833333334,0.0
2024-05-14 21:00:00+00:00,12909.890833333331,12909.890833333331
2024-05-14 22:00:00+00:00,9325.453055555556,9325.453055555556
2024-05-14 23:00:00+00:00,14956.749722222225,14956.749722222225
2024-05-15 00:00:00+00:00,3964.035833333333,3964.035833333333
2024-05-15 01:00:00+00:00,16121.458055555557,16121.458055555557
2024-05-15 02:00:00+00:00,90147.28666666668,90147.28666666668
2024-05-15 03:00:00+00:00,384458.6380555556,384458.6380555556
2024-05-15 04:00:00+00:00,496542.8152777778,0.0
2024-05-15 05:00:00+00:00,422309.1127777778,422309.1127777778
2024-05-15 06:00:00+00:00,455199.6191666666,455199.6191666666
2024-05-15 07:00:00+00:00,457744.0486111111,0.0
2024-05-15 08:00:00+00:00,334842.3075,334842.3075
2024-05-15 09:00:00+00:00,401911.4263888889,401911.4263888889
2024-05-15 10:00:00+00:00,88674.8775,0.0
2024-05-15 11:00:00+00:00,24365.105277777777,24365.105277777777
2024-05-15 12:00:00+00:00,26703.38027777778,26703.38027777778
2024-05-15 13:00:00+00:00,45726.35916666667,45726.35916666667
2024-05-15 14:00:00+00:00,10268.937777777775,10268.937777777775
2024-05-15 15:00:00+00:00,16239.788055555557,16239.788055555557
2024-05-15 16:00:00+00:00,980.1591666666668,980.1591666666668
2024-05-15 17:00:00+00:00,689.1186111111111,689.1186111111111
2024-05-15 18:00:00+00:00,1634.1180555555557,1634.1180555555557
2024-05-15 19:00:00+00:00,754.8888888888889,754.8888888888889
2024-05-15 20:00:00+00:00,8635.806944444445,8635.806944444445
2024-05-15 21:00:00+00:00,1088.280277777778,1088.280277777778
2024-05-15 22:00:00+00:00,660.8583333333333,660.8583333333333
2024-05-15 23:00:00+00:00,650.7886111111111,0.0
2024-05-16 00:00:00+00:00,472.2572222222222,472.2572222222222
2024-05-16 01:00:00+00:00,4860.197777777777,4860.197777777777
2024-05-16 02:00:00+00:00,55186.21888888889,55186.21888888889
2024-05-16 03:00:00+00:00,363642.7688888889,363642.7688888889
2024-05-16 04:00:00+00:00,435658.29777777777,435658.29777777777
2024-05-16 05:00:00+00:00,348189.2497222222,0.0
2024-05-16 06:00:00+00:00,366166.3472222223,0.0
2024-05-16 07:00:00+00:00,339994.8661111111,339994.8661111111
2024-05-16 08:00:00+00:00,333209.99611111113,333209.99611111113
2024-05-16 09:00:00+00:00,309875.7211111111,309875.7211111111
2024-05-16 10:00:00+00:00,166184.9586111111,166184.9586111111
2024-05-16 11:00:00+00:00,150260.56416666668,150260.56416666668
2024-05-16 12:00:00+00:00,31397.949722222223,31397.949722222223
2024-05-16 13:00:00+00:00,38989.20916666667,38989.20916666667
2024-05-16 14:00:00+00:00,23972.355,23972.355
2024-05-16 15:00:00+00:00,743.8038888888889,743.8038888888889
2024-05-16 16:00:00+00:00,1016.2066666666668,1016.2066666666668
2024-05-16 17:00:00+00:00,1305.550277777778,1305.550277777778
2024-05-16 18:00:00+00:00,779.0388888888889,779.0388888888889
2024-05-16 19:00:00+00:00,826.2247222222222,826.2247222222222
2024-05-16 20:00:00+00:00,4183.538333333333,0.0
2024-05-16 21:00:00+00:00,2248.695,2248.695
2024-05-16 22:00:00+00:00,4606.712777777778,4606.712777777778
2024-05-16 23:00:00+00:00,1438.878611111111,1438.878611111111
2024-05-17 00:00:00+00:00,1072.4944444444443,1072.4944444444443
2024-05-17 01:00:00+00:00,7132.839722222222,0.0
2024-05-17 02:00:00+00:00,83857.14583333333,83857.14583333333
2024-05-17 03:00:00+00:00,368127.33694444445,368127.33694444445
2024-05-17 04:00:00+00:00,635714.4316666666,635714.4316666666
2024-05-17 05:00:00+00:00,478480.5108333333,0.0
2024-05-17 06:00:00+00:00,426236.14722222224,426236.14722222224
2024-05-17 07:00:00+00:00,483042.0238888889,483042.0238888889
2024-05-17 08:00:00+00:00,417649.225,417649.225
2024-05-17 09:00:00+00:00,69289.59166666666,69289.59166666666
2024-05-17 10:00:00+00:00,99087.79416666667,99087.79416666667
2024-05-17 11:00:00+00:00,16364.523333333333,16364.523333333333
2024-05-17 12:00:00+00:00,44346.24694444444,44346.24694444444
2024-05-17 13:00:00+00:00,111087.73777777776,0.0
2024-05-17 14:00:00+00:00,3409.7652777777776,3409.7652777777776
2024-05-17 15:00:00+00:00,377.4291666666667,377.4291666666667
2024-05-17 16:00:00+00:00,40516.75861111111,40516.75861111111
2024-05-17 17:00:00+00:00,66004.69666666667,0.0
2024-05-17 18:00:00+00:00,5117.869166666666,5117.869166666666
2024-05-17 19:00:00+00:00,143.44361111111112,143.44361111111112
2024-05-17 20:00:00+00:00,663.4047222222222,0.0
2024-05-17 21:00:00+00:00,355.3975,0.0
2024-05-17 22:00:00+00:00,748.5316666666666,0.0
2024-05-17 23:00:00+00:00,472.72333333333336,472.72333333333336
2024-05-18 00:00:00+00:00,234.52944444444444,234.52944444444444
2024-05-18 01:00:00+00:00,472.06,472.06
2024-05-18 02:00:00+00:00,212.29777777777775,212.29777777777775
2024-05-18 03:00:00+00:00,570.4738888888888,570.4738888888888
2024-05-18 04:00:00+00:00,200.4608333333333,200.4608333333333
2024-05-18 05:00:00+00:00,162.2372222222222,162.2372222222222
2024-05-18 06:00:00+00:00,829.6822222222222,0.0
2024-05-18 07:00:00+00:00,1924.3819444444443,1924.3819444444443
2024-05-18 08:00:00+00:00,190.55055555555555,190.55055555555555
2024-05-18 09:00:00+00:00,184.24416666666667,184.24416666666667
2024-05-18 10:00:00+00:00,1661.2422222222222,1661.2422222222222
2024-05-18 11:00:00+00:00,2571.8225,2571.8225
2024-05-18 12:00:00+00:00,1255.2,1255.2
2024-05-18 13:00:00+00:00,102187.64444444444,102187.64444444444
2024-05-18 14:00:00+00:00,287.01694444444445,0.0
2024-05-18 15:00:00+00:00,194.96527777777777,194.96527777777777
2024-05-18 16:00:00+00:00,498.2363888888889,498.2363888888889
2024-05-18 17:00:00+00:00,395.7875,395.7875
2024-05-18 18:00:00+00:00,537.8672222222223,0.0
2024-05-18 19:00:00+00:00,782.1897222222223,782.1897222222223
2024-05-18 20:00:00+00:00,286.7758333333333,286.7758333333333
2024-05-18 21:00:00+00:00,1060.638333333333,1060.638333333333
2024-05-18 22:00:00+00:00,346.03333333333336,346.03333333333336
2024-05-18 23:00:00+00:00,1853.7572222222225,1853.7572222222225
2024-05-19 00:00:00+00:00,2618.125555555556,2618.125555555556
2024-05-19 01:00:00+00:00,2669.875555555556,2669.875555555556
2024-05-19 02:00:00+00:00,392.6202777777778,392.6202777777778
2024-05-19 03:00:00+00:00,20212.453611111112,20212.453611111112
2024-05-19 04:00:00+00:00,1372.7841666666666,1372.7841666666666
2024-05-19 05:00:00+00:00,1171.8594444444443,1171.8594444444443
2024-05-19 06:00:00+00:00,2937.4752777777776,2937.4752777777776
2024-05-19 07:00:00+00:00,1079.2730555555556,1079.2730555555556
2024-05-19 08:00:00+00:00,1055.1655555555556,1055.1655555555556
2024-05-19 09:00:00+00:00,521.6758333333333,521.6758333333333
2024-05-19 10:00:00+00:00,1515.7166666666667,0.0
2024-05-19 11:00:00+00:00,115.75305555555556,0.0
2024-05-19 12:00:00+00:00,411.7247222222222,411.7247222222222
2024-05-19 13:00:00+00:00,104.32333333333334,104.32333333333334
2024-05-19 14:00:00+00:00,680.1180555555555,680.1180555555555
2024-05-19 15:00:00+00:00,219.5088888888889,219.5088888888889
2024-05-19 16:00:00+00:00,426.26166666666666,426.26166666666666
2024-05-19 17:00:00+00:00,197.0511111111111,197.0511111111111
2024-05-19 18:00:00+00:00,175.09916666666666,175.09916666666666
2024-05-19 19:00:00+00:00,198.83055555555555,0.0
2024-05-19 20:00:00+00:00,184.7686111111111,184.7686111111111
2024-05-19 21:00:00+00:00,3801.236944444445,0.0
2024-05-19 22:00:00+00:00,586.6425,586.6425
2024-05-19 23:00:00+00:00,781.3572222222223,781.3572222222223
2024-05-20 00:00:00+00:00,679.0427777777778,679.0427777777778
2024-05-20 01:00:00+00:00,1294.2475,1294.2475
2024-05-20 02:00:00+00:00,66636.32194444444,66636.32194444444
2024-05-20 03:00:00+00:00,237150.13972222223,237150.13972222223
2024-05-20 04:00:00+00:00,344153.8127777778,344153.8127777778
2024-05-20 05:00:00+00:00,312137.9922222222,312137.9922222222
2024-05-20 06:00:00+00:00,332188.6922222222,332188.6922222222
2024-05-20 07:00:00+00:00,350423.615,350423.615
2024-05-20 08:00:00+00:00,354836.53944444447,0.0
2024-05-20 09:00:00+00:00,371185.7811111111,371185.7811111111
2024-05-20 10:00:00+00:00,137713.94972222223,137713.94972222223
2024-05-20 11:00:00+00:00,127906.04416666667,0.0
2024-05-20 12:00:00+00:00,35223.01027777778,0.0
2024-05-20 13:00:00+00:00,50854.29444444445,50854.29444444445
2024-05-20 14:00:00+00:00,8296.263333333334,8296.263333333334
2024-05-20 15:00:00+00:00,1220.0291666666667,1220.0291666666667
2024-05-20 16:00:00+00:00,41492.07305555556,41492.07305555556
2024-05-20 17:00:00+00:00,1277.3641666666667,1277.3641666666667
2024-05-20 18:00:00+00:00,2488.873333333333,2488.873333333333
2024-05-20 19:00:00+00:00,391.1325,391.1325
2024-05-20 20:00:00+00:00,4791.3516666666665,4791.3516666666665
2024-05-20 21:00:00+00:00,687.7777777777778,687.7777777777778
2024-05-20 22:00:00+00:00,576.1302777777778,576.1302777777778
2024-05-20 23:00:00+00:00,398.3252777777778,398.3252777777778
2024-05-21 00:00:00+00:00,562.4936111111111,0.0
2024-05-21 01:00:00+00:00,3591.2072222222223,3591.2072222222223
2024-05-21 02:00:00+00:00,33118.695,33118.695
2024-05-21 03:00:00+00:00,237160.3188888889,237160.3188888889
2024-05-21 04:00:00+00:00,618297.8452777778,0.0
2024-05-21 05:00:00+00:00,448222.0866666666,448222.0866666666
2024-05-21 06:00:00+00:00,343476.6,343476.6
2024-05-21 07:00:00+00:00,265210.3861111111,265210.3861111111
2024-05-21 08:00:00+00:00,405295.6869444444,0.0
2024-05-21 09:00:00+00:00,448846.3466666667,448846.3466666667
2024-05-21 10:00:00+00:00,242835.90027777775,242835.90027777775
2024-05-21 11:00:00+00:00,73685.12166666667,73685.12166666667
2024-05-21 12:00:00+00:00,74347.07805555555,74347.07805555555
2024-05-21 13:00:00+00:00,67309.06055555555,67309.06055555555
2024-05-21 14:00:00+00:00,31334.385,0.0
2024-05-21 15:00:00+00:00,315.425,315.425
2024-05-21 16:00:00+00:00,2226.3927777777776,2226.3927777777776
2024-05-21 17:00:00+00:00,106.41583333333334,0.0
2024-05-21 18:00:00+00:00,109.86055555555556,109.86055555555556
2024-05-21 19:00:00+00:00,117.44388888888888,0.0
2024-05-21 20:00:00+00:00,99.895,99.895
2024-05-21 21:00:00+00:00,381.10083333333336,381.10083333333336
2024-05-21 22:00:00+00:00,84.55388888888889,84.55388888888889
2024-05-21 23:00:00+00:00,127.20166666666668,127.20166666666668
2024-05-22 00:00:00+00:00,837.5075,0.0
2024-05-22 01:00:00+00:00,106.19416666666666,106.19416666666666
2024-05-22 02:00:00+00:00,21033.921388888888,21033.921388888888
2024-05-22 03:00:00+00:00,212281.7436111111,212281.7436111111
2024-05-22 04:00:00+00:00,318246.8536111111,318246.8536111111
2024-05-22 05:00:00+00:00,263482.5927777777,263482.5927777777
2024-05-22 06:00:00+00:00,222529.09944444444,222529.09944444444
2024-05-22 07:00:00+00:00,301320.1086111111,301320.1086111111
2024-05-22 08:00:00+00:00,257169.70361111112,257169.70361111112
2024-05-22 09:00:00+00:00,192618.28194444443,192618.28194444443
2024-05-22 10:00:00+00:00,56735.90277777778,56735.90277777778
2024-05-22 11:00:00+00:00,18212.729166666668,18212.729166666668
2024-05-22 12:00:00+00:00,3117.6769444444444,0.0
2024-05-22 13:00:00+00:00,13271.056111111113,13271.056111111113
2024-05-22 14:00:00+00:00,23400.9075,23400.9075
2024-05-22 15:00:00+00:00,90.34055555555555,90.34055555555555
2024-05-22 16:00:00+00:00,64.89555555555556,0.0
2024-05-22 17:00:00+00:00,464.2008333333333,0.0
2024-05-22 18:00:00+00:00,293.7961111111111,293.7961111111111
2024-05-22 19:00:00+00:00,252.21666666666667,252.21666666666667
2024-05-22 20:00:00+00:00,83.70361111111112,83.70361111111112
2024-05-22 21:00:00+00:00,102.91583333333334,102.91583333333334
2024-05-22 22:00:00+00:00,93.16416666666667,93.16416666666667
2024-05-22 23:00:00+00:00,56.672222222222224,56.672222222222224
2024-05-23 00:00:00+00:00,455.1427777777778,455.1427777777778
2024-05-23 01:00:00+00:00,1374.5727777777777,1374.5727777777777
2024-05-23 02:00:00+00:00,16792.808333333334,16792.808333333334
2024-05-23 03:00:00+00:00,180894.6911111111,0.0
2024-05-23 04:00:00+00:00,130082.19166666668,130082.19166666668
2024-05-23 05:00:00+00:00,53530.64333333333,53530.64333333333
2024-05-23 06:00:00+00:00,191886.04027777776,0.0
2024-05-23 07:00:00+00:00,295640.0813888889,295640.0813888889
2024-05-23 08:00:00+00:00,142951.96527777778,142951.96527777778
2024-05-23 09:00:00+00:00,227678.91472222225,0.0
2024-05-23 10:00:00+00:00,100094.50694444444,100094.50694444444
2024-05-23 11:00:00+00:00,38370.107777777775,0.0
2024-05-23 12:00:00+00:00,28048.910555555554,0.0
2024-05-23 13:00:00+00:00,81294.09833333333,81294.09833333333
2024-05-23 14:00:00+00:00,629.7930555555556,0.0
2024-05-23 15:00:00+00:00,296.4213888888889,0.0
2024-05-23 16:00:00+00:00,522.9227777777778,522.9227777777778
2024-05-23 17:00:00+00:00,489.7875,0.0
2024-05-23 18:00:00+00:00,179.14555555555555,179.14555555555555
2024-05-23 19:00:00+00:00,108.27,108.27
2024-05-23 20:00:00+00:00,184.91916666666663,0.0
2024-05-23 21:00:00+00:00,538.5844444444444,538.5844444444444
2024-05-23 22:00:00+00:00,81.41805555555555,0.0
2024-05-23 23:00:00+00:00,391.1975,391.1975
2024-05-24 00:00:00+00:00,258.39722222222224,0.0
2024-05-24 01:00:00+00:00,587.2880555555555,587.2880555555555
2024-05-24 02:00:00+00:00,22174.203611111112,22174.203611111112
2024-05-24 03:00:00+00:00,123623.77361111112,123623.77361111112
2024-05-24 04:00:00+00:00,307924.5333333333,0.0
2024-05-24 05:00:00+00:00,179886.86944444446,179886.86944444446
2024-05-24 06:00:00+00:00,259530.25027777776,259530.25027777776
2024-05-24 07:00:00+00:00,174825.1577777778,174825.1577777778
2024-05-24 08:00:00+00:00,144032.24416666667,144032.24416666667
2024-05-24 09:00:00+00:00,46199.59111111111,0.0
2024-05-24 10:00:00+00:00,40114.75222222223,0.0
2024-05-24 11:00:00+00:00,83143.91944444444,83143.91944444444
2024-05-24 12:00:00+00:00,2824.928055555556,2824.928055555556
2024-05-24 13:00:00+00:00,833.0130555555555,833.0130555555555
2024-05-24 14:00:00+00:00,67.7786111111111,67.7786111111111
2024-05-24 15:00:00+00:00,74.48388888888888,74.48388888888888
2024-05-24 16:00:00+00:00,143.18305555555557,0.0
2024-05-24 17:00:00+00:00,1277.1602777777778,1277.1602777777778
2024-05-24 18:00:00+00:00,96.4161111111111,96.4161111111111
2024-05-24 19:00:00+00:00,353.8383333333333,353.8383333333333
2024-05-24 20:00:00+00:00,38.40277777777778,38.40277777777778
2024-05-24 21:00:00+00:00,337.4725,337.4725
2024-05-24 22:00:00+00:00,57.135,57.135
2024-05-24 23:00:00+00:00,277.84472222222223,277.84472222222223
2024-05-25 00:00:00+00:00,51.59916666666667,51.59916666666667
2024-05-25 01:00:00+00:00,62.49055555555555,62.49055555555555
2024-05-25 02:00:00+00:00,75.03083333333333,75.03083333333333
2024-05-25 03:00:00+00:00,36.47694444444444,0.0
2024-05-25 04:00:00+00:00,21.7825,21.7825
2024-05-25 05:00:00+00:00,11.518055555555556,0.0
2024-05-25 06:00:00+00:00,38.52,38.52
2024-05-25 07:00:00+00:00,146.15472222222223,0.0
2024-05-25 08:00:00+00:00,36.492777777777775,36.492777777777775
2024-05-25 09:00:00+00:00,281.2269444444444,281.2269444444444
2024-05-25 10:00:00+00:00,92.89222222222222,92.89222222222222
2024-05-25 11:00:00+00:00,337.92305555555555,0.0
2024-05-25 12:00:00+00:00,339.8383333333333,339.8383333333333
2024-05-25 13:00:00+00:00,27.131666666666668,27.131666666666668
2024-05-25 14:00:00+00:00,40.68,40.68
2024-05-25 15:00:00+00:00,56.20111111111111,0.0
2024-05-25 16:00:00+00:00,44.54472222222222,44.54472222222222
2024-05-25 17:00:00+00:00,37.50888888888889,37.50888888888889
2024-05-25 18:00:00+00:00,64.80694444444444,64.80694444444444
2024-05-25 19:00:00+00:00,93.0525,0.0
2024-05-25 20:00:00+00:00,55.69888888888889,55.69888888888889
2024-05-25 21:00:00+00:00,1165.3766666666668,0.0
2024-05-25 22:00:00+00:00,41.59111111111111,0.0
2024-05-25 23:00:00+00:00,70.14861111111111,0.0
2024-05-26 00:00:00+00:00,70.4413888888889,70.4413888888889
2024-05-26 01:00:00+00:00,183.55444444444444,183.55444444444444
2024-05-26 02:00:00+00:00,39.56305555555556,39.56305555555556
2024-05-26 03:00:00+00:00,124.55194444444444,124.55194444444444
2024-05-26 04:00:00+00:00,40.346944444444446,40.346944444444446
2024-05-26 05:00:00+00:00,43.67,43.67
2024-05-26 06:00:00+00:00,49.99805555555555,49.99805555555555
2024-05-26 07:00:00+00:00,348.3311111111111,348.3311111111111
2024-05-26 08:00:00+00:00,256.9794444444444,0.0
2024-05-26 09:00:00+00:00,54.63722222222222,54.63722222222222
2024-05-26 10:00:00+00:00,209.05,209.05
2024-05-26 11:00:00+00:00,45.10805555555555,45.10805555555555
2024-05-26 12:00:00+00:00,28.746388888888887,28.746388888888887
2024-05-26 13:00:00+00:00,60.88055555555555,60.88055555555555
2024-05-26 14:00:00+00:00,1599.1905555555556,1599.1905555555556
2024-05-26 15:00:00+00:00,42.34166666666667,42.34166666666667
2024-05-26 16:00:00+00:00,78.38722222222222,78.38722222222222
2024-05-26 17:00:00+00:00,110.65833333333332,110.65833333333332
2024-05-26 18:00:00+00:00,107.2611111111111,107.2611111111111
2024-05-26 19:00:00+00:00,72.70194444444445,72.70194444444445
2024-05-26 20:00:00+00:00,108.43944444444443,0.0
2024-05-26 21:00:00+00:00,106.06472222222222,106.06472222222222
2024-05-26 22:00:00+00:00,66.71416666666667,66.71416666666667
2024-05-26 23:00:00+00:00,326.9161111111111,326.9161111111111
2024-05-27 00:00:00+00:00,287.30361111111114,287.30361111111114
2024-05-27 01:00:00+00:00,1225.28,1225.28
2024-05-27 02:00:00+00:00,59169.31722222222,59169.31722222222
2024-05-27 03:00:00+00:00,124903.48777777776,124903.48777777776
2024-05-27 04:00:00+00:00,301011.9063888889,301011.9063888889
2024-05-27 05:00:00+00:00,155046.92527777777,155046.92527777777
2024-05-27 06:00:00+00:00,226347.73972222224,226347.73972222224
2024-05-27 07:00:00+00:00,202099.6847222222,202099.6847222222
2024-05-27 08:00:00+00:00,172224.25027777778,0.0
2024-05-27 09:00:00+00:00,213479.39277777777,213479.39277777777
2024-05-27 10:00:00+00:00,194901.5875,0.0
2024-05-27 11:00:00+00:00,55708.450277777774,55708.450277777774
2024-05-27 12:00:00+00:00,26611.19138888889,26611.19138888889
2024-05-27 13:00:00+00:00,5910.299444444445,5910.299444444445
2024-05-27 14:00:00+00:00,1673.9716666666666,1673.9716666666666
2024-05-27 15:00:00+00:00,18040.477222222224,18040.477222222224
2024-05-27 16:00:00+00:00,222.7408333333333,0.0
2024-05-27 17:00:00+00:00,222.57694444444445,222.57694444444445
2024-05-27 18:00:00+00:00,214.20694444444445,214.20694444444445
2024-05-27 19:00:00+00:00,117.47333333333331,0.0
2024-05-27 20:00:00+00:00,113.73277777777778,0.0
2024-05-27 21:00:00+00:00,218.2530555555556,218.2530555555556
2024-05-27 22:00:00+00:00,316.76916666666665,316.76916666666665
2024-05-27 23:00:00+00:00,73.59527777777778,73.59527777777778
2024-05-28 00:00:00+00:00,8345.871388888889,0.0
2024-05-28 01:00:00+00:00,485.5672222222222,0.0
2024-05-28 02:00:00+00:00,6871.113055555556,6871.113055555556
2024-05-28 03:00:00+00:00,106090.14666666668,0.0
2024-05-28 04:00:00+00:00,165366.7252777778,0.0
2024-05-28 05:00:00+00:00,218705.64638888888,218705.64638888888
2024-05-28 06:00:00+00:00,100012.44861111112,100012.44861111112
2024-05-28 07:00:00+00:00,128083.46027777778,128083.46027777778
2024-05-28 08:00:00+00:00,119547.72694444444,0.0
2024-05-28 09:00:00+00:00,417018.2355555556,417018.2355555556
2024-05-28 10:00:00+00:00,125373.62666666666,125373.62666666666
2024-05-28 11:00:00+00:00,32852.30222222222,32852.30222222222
2024-05-28 12:00:00+00:00,64490.637777777774,64490.637777777774
2024-05-28 13:00:00+00:00,2134.6105555555555,2134.6105555555555
2024-05-28 14:00:00+00:00,187.375,187.375
2024-05-28 15:00:00+00:00,217.74277777777775,217.74277777777775
2024-05-28 16:00:00+00:00,84.58416666666666,84.58416666666666
2024-05-28 17:00:00+00:00,112.22916666666669,112.22916666666669
2024-05-28 18:00:00+00:00,158.6925,158.6925
2024-05-28 19:00:00+00:00,3224.9255555555555,3224.9255555555555
2024-05-28 20:00:00+00:00,142.7486111111111,142.7486111111111
2024-05-28 21:00:00+00:00,2833.730833333333,2833.730833333333
2024-05-28 22:00:00+00:00,104.86611111111112,104.86611111111112
2024-05-28 23:00:00+00:00,92.49472222222222,92.49472222222222
2024-05-29 00:00:00+00:00,157.77777777777777,157.77777777777777
2024-05-29 01:00:00+00:00,140.90972222222223,140.90972222222223
2024-05-29 02:00:00+00:00,36573.395,0.0
2024-05-29 03:00:00+00:00,116827.40277777778,116827.40277777778
2024-05-29 04:00:00+00:00,239445.5505555556,239445.5505555556
2024-05-29 05:00:00+00:00,165422.4463888889,165422.4463888889
2024-05-29 06:00:00+00:00,615958.9427777778,615958.9427777778
2024-05-29 07:00:00+00:00,353171.9797222222,353171.9797222222
2024-05-29 08:00:00+00:00,251608.79666666663,251608.79666666663
2024-05-29 09:00:00+00:00,237237.57361111112,237237.57361111112
2024-05-29 10:00:00+00:00,77949.09,0.0
2024-05-29 11:00:00+00:00,40038.76944444444,40038.76944444444
2024-05-29 12:00:00+00:00,14035.756388888887,14035.756388888887
2024-05-29 13:00:00+00:00,5543.793333333333,5543.793333333333
2024-05-29 14:00:00+00:00,865.6397222222222,865.6397222222222
2024-05-29 15:00:00+00:00,91.01638888888888,0.0
2024-05-29 16:00:00+00:00,89.88361111111111,89.88361111111111
2024-05-29 17:00:00+00:00,40328.41055555556,40328.41055555556
2024-05-29 18:00:00+00:00,456.31888888888886,456.31888888888886
2024-05-29 19:00:00+00:00,708.3125,0.0
2024-05-29 20:00:00+00:00,4007.811388888889,4007.811388888889
2024-05-29 21:00:00+00:00,181.89777777777775,181.89777777777775
2024-05-29 22:00:00+00:00,114.61777777777776,114.61777777777776
2024-05-29 23:00:00+00:00,122.26638888888888,122.26638888888888
2024-05-30 00:00:00+00:00,85.6525,85.6525
2024-05-30 01:00:00+00:00,1477.4516666666666,1477.4516666666666
2024-05-30 02:00:00+00:00,27067.085,27067.085
2024-05-30 03:00:00+00:00,99897.53805555556,99897.53805555556
2024-05-30 04:00:00+00:00,116100.97722222222,0.0
2024-05-30 05:00:00+00:00,149058.4938888889,149058.4938888889
2024-05-30 06:00:00+00:00,191899.64833333332,191899.64833333332
2024-05-30 07:00:00+00:00,287545.53472222225,287545.53472222225
2024-05-30 08:00:00+00:00,237685.11583333332,237685.11583333332
2024-05-30 09:00:00+00:00,167828.24333333335,0.0
2024-05-30 10:00:00+00:00,70005.92,70005.92
2024-05-30 11:00:00+00:00,57460.6275,57460.6275
2024-05-30 12:00:00+00:00,15166.701666666666,15166.701666666666
2024-05-30 13:00:00+00:00,55344.325,0.0
2024-05-30 14:00:00+00:00,2794.3844444444444,2794.3844444444444
2024-05-30 15:00:00+00:00,821.2936111111111,821.2936111111111
2024-05-30 16:00:00+00:00,239.95444444444445,0.0
2024-05-30 17:00:00+00:00,684.0325,684.0325
2024-05-30 18:00:00+00:00,16526.28888888889,0.0
2024-05-30 19:00:00+00:00,16386.133055555554,0.0
2024-05-30 20:00:00+00:00,799.7436111111111,799.7436111111111
2024-05-30 21:00:00+00:00,151.01166666666666,151.01166666666666
2024-05-30 22:00:00+00:00,1727.5466666666666,1727.5466666666666
2024-05-30 23:00:00+00:00,1111.2588888888888,0.0
2024-05-31 00:00:00+00:00,969.3752777777778,969.3752777777778
2024-05-31 01:00:00+00:00,183.89777777777775,183.89777777777775
2024-05-31 02:00:00+00:00,20915.07833333333,20915.07833333333
2024-05-31 03:00:00+00:00,97866.66,97866.66
2024-05-31 04:00:00+00:00,346364.82666666666,346364.82666666666
2024-05-31 05:00:00+00:00,203361.3088888889,203361.3088888889
2024-05-31 06:00:00+00:00,229292.76611111112,229292.76611111112
2024-05-31 07:00:00+00:00,172616.6838888889,172616.6838888889
2024-05-31 08:00:00+00:00,227904.35527777777,0.0
2024-05-31 09:00:00+00:00,72604.29555555555,72604.29555555555
2024-05-31 10:00:00+00:00,11933.241944444444,0.0
2024-05-31 11:00:00+00:00,38046.56222222222,38046.56222222222
2024-05-31 12:00:00+00:00,2864.4372222222223,2864.4372222222223
2024-05-31 13:00:00+00:00,109.28222222222222,109.28222222222222
2024-05-31 14:00:00+00:00,363.8408333333333,363.8408333333333
2024-05-31 15:00:00+00:00,45.07611111111111,45.07611111111111
2024-05-31 16:00:00+00:00,53.641666666666666,53.641666666666666
2024-05-31 17:00:00+00:00,65.55777777777777,65.55777777777777
2024-05-31 18:00:00+00:00,102.41333333333333,102.41333333333333
2024-05-31 19:00:00+00:00,10517.804166666669,0.0
2024-05-31 20:00:00+00:00,91.43777777777778,91.43777777777778
2024-05-31 21:00:00+00:00,376.7316666666667,376.7316666666667
2024-05-31 22:00:00+00:00,682.7855555555556,0.0
2024-05-31 23:00:00+00:00,78.26638888888888,78.26638888888888
2024-06-01 00:00:00+00:00,92.92305555555556,0.0
2024-06-01 01:00:00+00:00,84.80111111111111,84.80111111111111
2024-06-01 02:00:00+00:00,44.09166666666667,44.09166666666667
2024-06-01 03:00:00+00:00,223.76888888888888,223.76888888888888
2024-06-01 04:00:00+00:00,77.91166666666666,77.91166666666666
2024-06-01 05:00:00+00:00,59.38,59.38
2024-06-01 06:00:00+00:00,104.76833333333332,104.76833333333332
2024-06-01 07:00:00+00:00,372.73,372.73
2024-06-01 08:00:00+00:00,81.57222222222222,81.57222222222222
2024-06-01 09:00:00+00:00,290.12555555555554,290.12555555555554
2024-06-01 10:00:00+00:00,106.81027777777778,106.81027777777778
2024-06-01 11:00:00+00:00,65.4786111111111,65.4786111111111
2024-06-01 12:00:00+00:00,747.8680555555555,747.8680555555555
2024-06-01 13:00:00+00:00,49.99472222222222,0.0
2024-06-01 14:00:00+00:00,57.76305555555555,57.76305555555555
2024-06-01 15:00:00+00:00,71.85444444444444,71.85444444444444
2024-06-01 16:00:00+00:00,887.8177777777778,887.8177777777778
2024-06-01 17:00:00+00:00,114.29305555555555,114.29305555555555
2024-06-01 18:00:00+00:00,129.44361111111112,129.44361111111112
2024-06-01 19:00:00+00:00,151.8202777777778,0.0
2024-06-01 20:00:00+00:00,66.85055555555556,66.85055555555556
2024-06-01 21:00:00+00:00,109.30722222222222,109.30722222222222
2024-06-01 22:00:00+00:00,159.64138888888888,0.0
2024-06-01 23:00:00+00:00,353.62583333333333,0.0
2024-06-02 00:00:00+00:00,62.13611111111111,0.0
2024-06-02 01:00:00+00:00,60.005,60.005
2024-06-02 02:00:00+00:00,64.70944444444444,64.70944444444444
2024-06-02 03:00:00+00:00,261.24888888888887,261.24888888888887
2024-06-02 04:00:00+00:00,119.7675,0.0
2024-06-02 05:00:00+00:00,87.48638888888888,87.48638888888888
2024-06-02 06:00:00+00:00,88.06444444444445,88.06444444444445
2024-06-02 07:00:00+00:00,307.2363888888889,307.2363888888889
2024-06-02 08:00:00+00:00,65.14722222222223,65.14722222222223
2024-06-02 09:00:00+00:00,83.87333333333333,0.0
2024-06-02 10:00:00+00:00,102.79277777777776,102.79277777777776
2024-06-02 11:00:00+00:00,60.94777777777778,60.94777777777778
2024-06-02 12:00:00+00:00,79.80083333333333,0.0
2024-06-02 13:00:00+00:00,77.31083333333333,77.31083333333333
2024-06-02 14:00:00+00:00,405.3597222222222,0.0
2024-06-02 15:00:00+00:00,72.19055555555556,0.0
2024-06-02 16:00:00+00:00,138.35972222222222,138.35972222222222
2024-06-02 17:00:00+00:00,291.7191666666667,291.7191666666667
2024-06-02 18:00:00+00:00,543.9152777777778,543.9152777777778
2024-06-02 19:00:00+00:00,610.5516666666666,610.5516666666666
2024-06-02 20:00:00+00:00,2020.1797222222224,2020.1797222222224
2024-06-02 21:00:00+00:00,89.64805555555556,0.0
2024-06-02 22:00:00+00:00,58.0375,58.0375
2024-06-02 23:00:00+00:00,118.20944444444444,118.20944444444444
2024-06-03 00:00:00+00:00,326.49916666666667,326.49916666666667
2024-06-03 01:00:00+00:00,4447.448888888889,4447.448888888889
2024-06-03 02:00:00+00:00,16003.658333333333,16003.658333333333
2024-06-03 03:00:00+00:00,172783.865,0.0
2024-06-03 04:00:00+00:00,190108.35611111112,0.0
2024-06-03 05:00:00+00:00,277871.75138888886,277871.75138888886
2024-06-03 06:00:00+00:00,238401.11194444445,238401.11194444445
2024-06-03 07:00:00+00:00,282511.85805555555,0.0
2024-06-03 08:00:00+00:00,161151.89527777777,0.0
2024-06-03 09:00:00+00:00,211456.4936111111,211456.4936111111
2024-06-03 10:00:00+00:00,151602.01777777777,0.0
2024-06-03 11:00:00+00:00,99856.64333333333,0.0
2024-06-03 12:00:00+00:00,4055.075277777778,4055.075277777778
2024-06-03 13:00:00+00:00,351.6736111111111,351.6736111111111
2024-06-03 14:00:00+00:00,570.9977777777777,570.9977777777777
2024-06-03 15:00:00+00:00,248.8997222222222,248.8997222222222
2024-06-03 16:00:00+00:00,958.3480555555556,958.3480555555556
2024-06-03 17:00:00+00:00,145.07305555555556,145.07305555555556
2024-06-03 18:00:00+00:00,141.5836111111111,141.5836111111111
2024-06-03 19:00:00+00:00,132.12166666666667,132.12166666666667
2024-06-03 20:00:00+00:00,175.0861111111111,175.0861111111111
2024-06-03 21:00:00+00:00,2796.435555555556,2796.435555555556
2024-06-03 22:00:00+00:00,95.86666666666666,95.86666666666666
2024-06-03 23:00:00+00:00,122.42805555555556,0.0
2024-06-04 00:00:00+00:00,128.1688888888889,128.1688888888889
2024-06-04 01:00:00+00:00,3399.964722222222,3399.964722222222
2024-06-04 02:00:00+00:00,61150.19777777778,61150.19777777778
2024-06-04 03:00:00+00:00,138554.6197222222,138554.6197222222
2024-06-04 04:00:00+00:00,321317.24166666664,321317.24166666664
2024-06-04 05:00:00+00:00,233824.5508333333,233824.5508333333
2024-06-04 06:00:00+00:00,208906.0936111111,208906.0936111111
2024-06-04 07:00:00+00:00,273727.04527777777,273727.04527777777
2024-06-04 08:00:00+00:00,220512.5511111111,220512.5511111111
2024-06-04 09:00:00+00:00,232289.93027777775,232289.93027777775
2024-06-04 10:00:00+00:00,257792.95527777777,0.0
2024-06-04 11:00:00+00:00,94686.61555555556,0.0
2024-06-04 12:00:00+00:00,6614.021111111111,6614.021111111111
2024-06-04 13:00:00+00:00,3239.37,3239.37
2024-06-04 14:00:00+00:00,467.30555555555554,467.30555555555554
2024-06-04 15:00:00+00:00,64.68833333333333,0.0
2024-06-04 16:00:00+00:00,1593.3894444444445,1593.3894444444445
2024-06-04 17:00:00+00:00,328.5777777777778,328.5777777777778
2024-06-04 18:00:00+00:00,129.95638888888888,129.95638888888888
2024-06-04 19:00:00+00:00,4976.673611111111,0.0
2024-06-04 20:00:00+00:00,1289.7611111111112,1289.7611111111112
2024-06-04 21:00:00+00:00,536.4908333333333,0.0
2024-06-04 22:00:00+00:00,258.7102777777778,258.7102777777778
2024-06-04 23:00:00+00:00,302.1822222222222,302.1822222222222
2024-06-05 00:00:00+00:00,250.45333333333332,0.0
2024-06-05 01:00:00+00:00,36794.99083333334,0.0
2024-06-05 02:00:00+00:00,60627.379166666666,60627.379166666666
2024-06-05 03:00:00+00:00,205238.4111111111,205238.4111111111
2024-06-05 04:00:00+00:00,328636.4875,328636.4875
2024-06-05 05:00:00+00:00,253442.2805555556,253442.2805555556
2024-06-05 06:00:00+00:00,300173.4838888889,300173.4838888889
2024-06-05 07:00:00+00:00,264126.3069444444,264126.3069444444
2024-06-05 08:00:00+00:00,280646.7463888889,280646.7463888889
2024-06-05 09:00:00+00:00,270537.0505555556,270537.0505555556
2024-06-05 10:00:00+00:00,98076.39027777778,98076.39027777778
2024-06-05 11:00:00+00:00,73905.82972222222,73905.82972222222
2024-06-05 12:00:00+00:00,1151.4047222222223,1151.4047222222223
2024-06-05 13:00:00+00:00,683.3622222222223,683.3622222222223
2024-06-05 14:00:00+00:00,896.3280555555556,896.3280555555556
2024-06-05 15:00:00+00:00,1266.8144444444445,1266.8144444444445
2024-06-05 16:00:00+00:00,220.34583333333333,0.0
2024-06-05 17:00:00+00:00,237.72083333333333,237.72083333333333
2024-06-05 18:00:00+00:00,267.88416666666666,267.88416666666666
2024-06-05 19:00:00+00:00,246.70305555555555,246.70305555555555
2024-06-05 20:00:00+00:00,269.4266666666667,0.0
2024-06-05 21:00:00+00:00,637.2130555555556,637.2130555555556
2024-06-05 22:00:00+00:00,257.80083333333334,257.80083333333334
2024-06-05 23:00:00+00:00,212.0963888888889,212.0963888888889
2024-06-06 00:00:00+00:00,603.4469444444444,603.4469444444444
2024-06-06 01:00:00+00:00,3396.5841666666665,3396.5841666666665
2024-06-06 02:00:00+00:00,46409.82916666667,46409.82916666667
2024-06-06 03:00:00+00:00,206688.58666666667,206688.58666666667
2024-06-06 04:00:00+00:00,577796.8427777778,577796.8427777778
2024-06-06 05:00:00+00:00,338707.6997222222,338707.6997222222
2024-06-06 06:00:00+00:00,225504.57333333333,225504.57333333333
2024-06-06 07:00:00+00:00,228837.32277777776,228837.32277777776
2024-06-06 08:00:00+00:00,260006.02527777775,260006.02527777775
2024-06-06 09:00:00+00:00,156631.0075,0.0
2024-06-06 10:00:00+00:00,230948.59555555557,0.0
2024-06-06 11:00:00+00:00,26217.20861111111,26217.20861111111
2024-06-06 12:00:00+00:00,9985.952777777778,9985.952777777778
2024-06-06 13:00:00+00:00,2637.2575,2637.2575
2024-06-06 14:00:00+00:00,2554.5291666666667,2554.5291666666667
2024-06-06 15:00:00+00:00,1033.5736111111112,1033.5736111111112
2024-06-06 16:00:00+00:00,242.95416666666668,242.95416666666668
2024-06-06 17:00:00+00:00,345.325,345.325
2024-06-06 18:00:00+00:00,400.2383333333333,400.2383333333333
2024-06-06 19:00:00+00:00,574.1438888888889,574.1438888888889
2024-06-06 20:00:00+00:00,362.7386111111111,362.7386111111111
2024-06-06 21:00:00+00:00,548.6272222222223,548.6272222222223
2024-06-06 22:00:00+00:00,1217.0966666666666,1217.0966666666666
2024-06-06 23:00:00+00:00,257.4502777777778,257.4502777777778
2024-06-07 00:00:00+00:00,647.4941666666666,647.4941666666666
2024-06-07 01:00:00+00:00,1378.7330555555557,0.0
2024-06-07 02:00:00+00:00,110798.28694444444,110798.28694444444
2024-06-07 03:00:00+00:00,272500.1072222222,272500.1072222222
2024-06-07 04:00:00+00:00,389931.5075,0.0
2024-06-07 05:00:00+00:00,513486.71805555554,513486.71805555554
2024-06-07 06:00:00+00:00,278864.9625,278864.9625
2024-06-07 07:00:00+00:00,627134.6883333334,627134.6883333334
2024-06-07 08:00:00+00:00,353568.1277777778,353568.1277777778
2024-06-07 09:00:00+00:00,140951.4138888889,140951.4138888889
2024-06-07 10:00:00+00:00,20258.10361111111,20258.10361111111
2024-06-07 11:00:00+00:00,4797.197777777777,4797.197777777777
2024-06-07 12:00:00+00:00,2158.73,2158.73
2024-06-07 13:00:00+00:00,1151.6455555555556,1151.6455555555556
2024-06-07 14:00:00+00:00,875.5341666666667,875.5341666666667
2024-06-07 15:00:00+00:00,805.9972222222223,805.9972222222223
2024-06-07 16:00:00+00:00,285.78027777777777,0.0
2024-06-07 17:00:00+00:00,841.0677777777778,841.0677777777778
2024-06-07 18:00:00+00:00,929.6980555555556,0.0
2024-06-07 19:00:00+00:00,1503.118333333333,1503.118333333333
2024-06-07 20:00:00+00:00,1715.5536111111112,1715.5536111111112
2024-06-07 21:00:00+00:00,4394.266666666666,4394.266666666666
2024-06-07 22:00:00+00:00,824.5530555555556,824.5530555555556
2024-06-07 23:00:00+00:00,509.0238888888889,509.0238888888889
2024-06-08 00:00:00+00:00,691.3911111111111,691.3911111111111
2024-06-08 01:00:00+00:00,769.4625,769.4625
2024-06-08 02:00:00+00:00,454.2394444444444,454.2394444444444
2024-06-08 03:00:00+00:00,744.6738888888889,744.6738888888889
2024-06-08 04:00:00+00:00,696.9483333333334,0.0
2024-06-08 05:00:00+00:00,742.5805555555555,742.5805555555555
2024-06-08 06:00:00+00:00,441.3102777777778,441.3102777777778
2024-06-08 07:00:00+00:00,647.1811111111111,647.1811111111111
2024-06-08 08:00:00+00:00,964.0316666666666,0.0
2024-06-08 09:00:00+00:00,413.8394444444445,413.8394444444445
2024-06-08 10:00:00+00:00,490.7030555555556,490.7030555555556
2024-06-08 11:00:00+00:00,749.8625,749.8625
2024-06-08 12:00:00+00:00,443.72583333333336,443.72583333333336
2024-06-08 13:00:00+00:00,834.2658333333334,834.2658333333334
2024-06-08 14:00:00+00:00,712.7091666666666,712.7091666666666
2024-06-08 15:00:00+00:00,661.0058333333334,661.0058333333334
2024-06-08 16:00:00+00:00,597.4402777777777,597.4402777777777
2024-06-08 17:00:00+00:00,840.9766666666667,0.0
2024-06-08 18:00:00+00:00,237.49305555555557,237.49305555555557
2024-06-08 19:00:00+00:00,496.5591666666666,496.5591666666666
2024-06-08 20:00:00+00:00,816.8633333333333,816.8633333333333
2024-06-08 21:00:00+00:00,1515.7066666666667,0.0
2024-06-08 22:00:00+00:00,645.6233333333333,645.6233333333333
2024-06-08 23:00:00+00:00,1299.2944444444445,0.0
2024-06-09 00:00:00+00:00,281.43638888888887,281.43638888888887
2024-06-09 01:00:00+00:00,285.92,285.92
2024-06-09 02:00:00+00:00,392.3122222222222,392.3122222222222
2024-06-09 03:00:00+00:00,963.9516666666668,963.9516666666668
2024-06-09 04:00:00+00:00,500.1525,500.1525
2024-06-09 05:00:00+00:00,344.6586111111111,344.6586111111111
2024-06-09 06:00:00+00:00,315.97222222222223,0.0
2024-06-09 07:00:00+00:00,247.71416666666667,247.71416666666667
2024-06-09 08:00:00+00:00,310.49888888888887,310.49888888888887
2024-06-09 09:00:00+00:00,852.5630555555556,852.5630555555556
2024-06-09 10:00:00+00:00,404.90472222222223,404.90472222222223
2024-06-09 11:00:00+00:00,651.4113888888888,651.4113888888888
2024-06-09 12:00:00+00:00,484.15722222222223,484.15722222222223
2024-06-09 13:00:00+00:00,460.1697222222222,0.0
2024-06-09 14:00:00+00:00,1765.7455555555557,0.0
2024-06-09 15:00:00+00:00,331.5802777777778,331.5802777777778
2024-06-09 16:00:00+00:00,582.7561111111111,582.7561111111111
2024-06-09 17:00:00+00:00,738.2380555555555,0.0
2024-06-09 18:00:00+00:00,740.9947222222222,0.0
2024-06-09 19:00:00+00:00,647.1286111111111,0.0
2024-06-09 20:00:00+00:00,1172.3222222222223,1172.3222222222223
2024-06-09 21:00:00+00:00,378.4530555555556,378.4530555555556
2024-06-09 22:00:00+00:00,443.21722222222223,0.0
2024-06-09 23:00:00+00:00,415.5627777777778,415.5627777777778
2024-06-10 00:00:00+00:00,1115.8119444444444,1115.8119444444444
2024-06-10 01:00:00+00:00,780.3736111111111,780.3736111111111
2024-06-10 02:00:00+00:00,45901.47666666667,45901.47666666667
2024-06-10 03:00:00+00:00,281366.2463888889,281366.2463888889
2024-06-10 04:00:00+00:00,278713.335,278713.335
2024-06-10 05:00:00+00:00,431529.4447222222,431529.4447222222
2024-06-10 06:00:00+00:00,326535.96472222224,0.0
2024-06-10 07:00:00+00:00,357220.39166666666,357220.39166666666
2024-06-10 08:00:00+00:00,336213.48305555555,0.0
2024-06-10 09:00:00+00:00,525917.0655555555,525917.0655555555
2024-06-10 10:00:00+00:00,336787.7536111111,0.0
2024-06-10 11:00:00+00:00,180771.14638888888,180771.14638888888
2024-06-10 12:00:00+00:00,21595.826666666668,21595.826666666668
2024-06-10 13:00:00+00:00,18700.73888888889,18700.73888888889
2024-06-10 14:00:00+00:00,1662.7716666666668,1662.7716666666668
2024-06-10 15:00:00+00:00,698.8055555555555,0.0
2024-06-10 16:00:00+00:00,2428.2077777777777,2428.2077777777777
2024-06-10 17:00:00+00:00,15238.608055555556,0.0
2024-06-10 18:00:00+00:00,14837.416666666666,14837.416666666666
2024-06-10 19:00:00+00:00,703.9191666666667,703.9191666666667
2024-06-10 20:00:00+00:00,638.7452777777778,0.0
2024-06-10 21:00:00+00:00,161878.63333333333,161878.63333333333
2024-06-10 22:00:00+00:00,2094.7191666666668,0.0
2024-06-10 23:00:00+00:00,651.8744444444444,0.0
2024-06-11 00:00:00+00:00,4751.122777777778,4751.122777777778
2024-06-11 01:00:00+00:00,9450.086944444443,9450.086944444443
2024-06-11 02:00:00+00:00,30953.131388888887,30953.131388888887
2024-06-11 03:00:00+00:00,337430.34722222225,337430.34722222225
2024-06-11 04:00:00+00:00,401936.9805555556,401936.9805555556
2024-06-11 05:00:00+00:00,373051.6763888889,373051.6763888889
2024-06-11 06:00:00+00:00,429451.7725,0.0
2024-06-11 07:00:00+00:00,305040.57916666666,305040.57916666666
2024-06-11 08:00:00+00:00,390154.97277777776,0.0
2024-06-11 09:00:00+00:00,433650.0097222222,433650.0097222222
2024-06-11 10:00:00+00:00,218602.82638888888,218602.82638888888
2024-06-11 11:00:00+00:00,141936.94944444444,141936.94944444444
2024-06-11 12:00:00+00:00,33591.77416666667,33591.77416666667
2024-06-11 13:00:00+00:00,3279.6222222222223,3279.6222222222223
2024-06-11 14:00:00+00:00,1166.2283333333332,1166.2283333333332
2024-06-11 15:00:00+00:00,679.0561111111111,679.0561111111111
2024-06-11 16:00:00+00:00,406.1411111111111,406.1411111111111
2024-06-11 17:00:00+00:00,18020.929166666665,18020.929166666665
2024-06-11 18:00:00+00:00,1347.7977777777778,0.0
2024-06-11 19:00:00+00:00,2176.4147222222223,2176.4147222222223
2024-06-11 20:00:00+00:00,5819.725,5819.725
2024-06-11 21:00:00+00:00,5803.416666666667,5803.416666666667
2024-06-11 22:00:00+00:00,3078.78,0.0
2024-06-11 23:00:00+00:00,1177.2502777777777,1177.2502777777777
2024-06-12 00:00:00+00:00,1336.1527777777778,1336.1527777777778
2024-06-12 01:00:00+00:00,6102.225555555556,6102.225555555556
2024-06-12 02:00:00+00:00,40608.16722222222,0.0
2024-06-12 03:00:00+00:00,316490.02722222224,316490.02722222224
2024-06-12 04:00:00+00:00,536601.8136111111,536601.8136111111
2024-06-12 05:00:00+00:00,344854.9558333333,344854.9558333333
2024-06-12 06:00:00+00:00,455268.4322222222,455268.4322222222
2024-06-12 07:00:00+00:00,515650.69333333336,515650.69333333336
2024-06-12 08:00:00+00:00,367312.8719444444,367312.8719444444
2024-06-12 09:00:00+00:00,344635.66805555555,344635.66805555555
2024-06-12 10:00:00+00:00,229468.38972222223,229468.38972222223
2024-06-12 11:00:00+00:00,57512.28666666667,57512.28666666667
2024-06-12 12:00:00+00:00,3642.504444444444,3642.504444444444
2024-06-12 13:00:00+00:00,1943.8597222222224,1943.8597222222224
2024-06-12 14:00:00+00:00,1568.223611111111,1568.223611111111
2024-06-12 15:00:00+00:00,789.2272222222222,0.0
2024-06-12 16:00:00+00:00,2451.5975,2451.5975
2024-06-12 17:00:00+00:00,1169.194166666667,0.0
2024-06-12 18:00:00+00:00,1076.5527777777777,1076.5527777777777
2024-06-12 19:00:00+00:00,111271.28527777776,0.0
2024-06-12 20:00:00+00:00,1329.6988888888889,1329.6988888888889
2024-06-12 21:00:00+00:00,1525.9472222222223,1525.9472222222223
2024-06-12 22:00:00+00:00,1093.7552777777778,1093.7552777777778
2024-06-12 23:00:00+00:00,628.4930555555555,628.4930555555555
2024-06-13 00:00:00+00:00,3996.5047222222224,3996.5047222222224
2024-06-13 01:00:00+00:00,748.4844444444444,748.4844444444444
2024-06-13 02:00:00+00:00,65604.83222222222,0.0
2024-06-13 03:00:00+00:00,307727.9411111111,307727.9411111111
2024-06-13 04:00:00+00:00,462716.6919444445,462716.6919444445
2024-06-13 05:00:00+00:00,452543.1638888889,452543.1638888889
2024-06-13 06:00:00+00:00,438733.9480555556,0.0
2024-06-13 07:00:00+00:00,446212.7925,446212.7925
2024-06-13 08:00:00+00:00,406189.6030555556,406189.6030555556
2024-06-13 09:00:00+00:00,312982.1897222222,0.0
2024-06-13 10:00:00+00:00,304697.35277777776,0.0
2024-06-13 11:00:00+00:00,245490.7086111111,245490.7086111111
2024-06-13 12:00:00+00:00,44053.758888888886,44053.758888888886
2024-06-13 13:00:00+00:00,3246.483888888889,3246.483888888889
2024-06-13 14:00:00+00:00,1607.0869444444445,1607.0869444444445
2024-06-13 15:00:00+00:00,827.1977777777778,827.1977777777778
2024-06-13 16:00:00+00:00,1417.158888888889,1417.158888888889
2024-06-13 17:00:00+00:00,478.9641666666666,478.9641666666666
2024-06-13 18:00:00+00:00,32634.597777777777,32634.597777777777
2024-06-13 19:00:00+00:00,1019.2927777777778,1019.2927777777778
2024-06-13 20:00:00+00:00,2174.616388888889,0.0
2024-06-13 21:00:00+00:00,854.8938888888889,854.8938888888889
2024-06-13 22:00:00+00:00,1680.7052777777778,1680.7052777777778
2024-06-13 23:00:00+00:00,3714.2269444444446,3714.2269444444446
2024-06-14 00:00:00+00:00,1130.1194444444443,1130.1194444444443
2024-06-14 01:00:00+00:00,1543.877222222222,1543.877222222222
2024-06-14 02:00:00+00:00,117793.27222222222,117793.27222222222
2024-06-14 03:00:00+00:00,391423.7536111111,0.0
2024-06-14 04:00:00+00:00,391837.5502777778,391837.5502777778
2024-06-14 05:00:00+00:00,572541.7955555556,572541.7955555556
2024-06-14 06:00:00+00:00,442360.3613888889,442360.3613888889
2024-06-14 07:00:00+00:00,267727.88972222223,267727.88972222223
2024-06-14 08:00:00+00:00,384990.80861111113,384990.80861111113
2024-06-14 09:00:00+00:00,157727.87583333332,157727.87583333332
2024-06-14 10:00:00+00:00,34151.79388888889,34151.79388888889
2024-06-14 11:00:00+00:00,31766.18666666667,0.0
2024-06-14 12:00:00+00:00,4462.584444444445,4462.584444444445
2024-06-14 13:00:00+00:00,1392.038611111111,1392.038611111111
2024-06-14 14:00:00+00:00,878.3438888888888,878.3438888888888
2024-06-14 15:00:00+00:00,1542.2330555555557,0.0
2024-06-14 16:00:00+00:00,275.93,275.93
2024-06-14 17:00:00+00:00,936.3975,936.3975
2024-06-14 18:00:00+00:00,328.1477777777778,328.1477777777778
2024-06-14 19:00:00+00:00,1025.5755555555556,1025.5755555555556
2024-06-14 20:00:00+00:00,367.52222222222224,367.52222222222224
2024-06-14 21:00:00+00:00,878.1069444444445,878.1069444444445
2024-06-14 22:00:00+00:00,1040.515,1040.515
2024-06-14 23:00:00+00:00,904.9730555555556,904.9730555555556
2024-06-15 00:00:00+00:00,664.6294444444444,664.6294444444444
2024-06-15 01:00:00+00:00,838.32,838.32
2024-06-15 02:00:00+00:00,1102.2144444444446,0.0
2024-06-15 03:00:00+00:00,1293.1430555555555,1293.1430555555555
2024-06-15 04:00:00+00:00,461.9094444444444,0.0
2024-06-15 05:00:00+00:00,758.6155555555556,0.0
2024-06-15 06:00:00+00:00,1200.592777777778,1200.592777777778
2024-06-15 07:00:00+00:00,737.5688888888889,737.5688888888889
2024-06-15 08:00:00+00:00,584.9616666666667,584.9616666666667
2024-06-15 09:00:00+00:00,2627.035,2627.035
2024-06-15 10:00:00+00:00,1170.6633333333334,1170.6633333333334
2024-06-15 11:00:00+00:00,789.9061111111112,789.9061111111112
2024-06-15 12:00:00+00:00,2355.445833333333,2355.445833333333
2024-06-15 13:00:00+00:00,744.1838888888889,0.0
2024-06-15 14:00:00+00:00,662.285,662.285
2024-06-15 15:00:00+00:00,678.0866666666667,0.0
2024-06-15 16:00:00+00:00,549.0611111111111,0.0
2024-06-15 17:00:00+00:00,1974.5102777777777,0.0
2024-06-15 18:00:00+00:00,723.7711111111112,723.7711111111112
2024-06-15 19:00:00+00:00,592.7152777777778,592.7152777777778
2024-06-15 20:00:00+00:00,687.8663888888889,687.8663888888889
2024-06-15 21:00:00+00:00,39786.26472222222,39786.26472222222
2024-06-15 22:00:00+00:00,913.435,913.435
2024-06-15 23:00:00+00:00,613.9516666666667,0.0
2024-06-16 00:00:00+00:00,730.1638888888889,730.1638888888889
2024-06-16 01:00:00+00:00,558.5194444444444,558.5194444444444
2024-06-16 02:00:00+00:00,632.8102777777777,632.8102777777777
2024-06-16 03:00:00+00:00,2282.0394444444446,0.0
2024-06-16 04:00:00+00:00,602.8125,0.0
2024-06-16 05:00:00+00:00,1018.6697222222224,1018.6697222222224
2024-06-16 06:00:00+00:00,436.2211111111111,0.0
2024-06-16 07:00:00+00:00,811.8483333333334,811.8483333333334
2024-06-16 08:00:00+00:00,953.8094444444444,953.8094444444444
2024-06-16 09:00:00+00:00,1444.1180555555557,0.0
2024-06-16 10:00:00+00:00,1111.3433333333332,0.0
2024-06-16 11:00:00+00:00,540.1052777777778,540.1052777777778
2024-06-16 12:00:00+00:00,1704.1597222222222,1704.1597222222222
2024-06-16 13:00:00+00:00,581.6777777777778,581.6777777777778
2024-06-16 14:00:00+00:00,853.9936111111111,853.9936111111111
2024-06-16 15:00:00+00:00,648.0702777777777,648.0702777777777
2024-06-16 16:00:00+00:00,550.7166666666667,550.7166666666667
2024-06-16 17:00:00+00:00,21045.043055555558,21045.043055555558
2024-06-16 18:00:00+00:00,577.7875,0.0
2024-06-16 19:00:00+00:00,183.88722222222225,183.88722222222225
2024-06-16 20:00:00+00:00,577.0455555555556,577.0455555555556
2024-06-16 21:00:00+00:00,366.2294444444444,366.2294444444444
2024-06-16 22:00:00+00:00,589.4797222222222,589.4797222222222
2024-06-16 23:00:00+00:00,379.6094444444444,379.6094444444444
2024-06-17 00:00:00+00:00,1853.3472222222224,0.0
2024-06-17 01:00:00+00:00,1982.5677777777776,1982.5677777777776
2024-06-17 02:00:00+00:00,22335.220833333333,22335.220833333333
2024-06-17 03:00:00+00:00,315374.5686111111,315374.5686111111
2024-06-17 04:00:00+00:00,704368.9775,704368.9775
2024-06-17 05:00:00+00:00,369765.0516666667,369765.0516666667
2024-06-17 06:00:00+00:00,297736.5366666667,297736.5366666667
2024-06-17 07:00:00+00:00,375470.77472222224,0.0
2024-06-17 08:00:00+00:00,520923.0744444445,0.0
2024-06-17 09:00:00+00:00,307570.7402777778,0.0
2024-06-17 10:00:00+00:00,302135.5702777778,302135.5702777778
2024-06-17 11:00:00+00:00,140248.57305555555,140248.57305555555
2024-06-17 12:00:00+00:00,12687.3925,12687.3925
2024-06-17 13:00:00+00:00,15527.519166666669,15527.519166666669
2024-06-17 14:00:00+00:00,1484.5005555555556,1484.5005555555556
2024-06-17 15:00:00+00:00,978.3786111111112,0.0
2024-06-17 16:00:00+00:00,758.6858333333333,758.6858333333333
2024-06-17 17:00:00+00:00,698.8855555555556,698.8855555555556
2024-06-17 18:00:00+00:00,1597.3494444444443,1597.3494444444443
2024-06-17 19:00:00+00:00,411.43361111111113,411.43361111111113
2024-06-17 20:00:00+00:00,5394.371388888889,5394.371388888889
2024-06-17 21:00:00+00:00,724.2475,724.2475
2024-06-17 22:00:00+00:00,913.1991666666668,0.0
2024-06-17 23:00:00+00:00,1318.1275,1318.1275
2024-06-18 00:00:00+00:00,58361.97388888889,0.0
2024-06-18 01:00:00+00:00,1279.8591666666666,0.0
2024-06-18 02:00:00+00:00,43028.949166666665,0.0
2024-06-18 03:00:00+00:00,348676.56638888887,348676.56638888887
2024-06-18 04:00:00+00:00,462224.6788888889,462224.6788888889
2024-06-18 05:00:00+00:00,360576.00388888887,360576.00388888887
2024-06-18 06:00:00+00:00,285171.7369444444,285171.7369444444
2024-06-18 07:00:00+00:00,299921.84527777776,0.0
2024-06-18 08:00:00+00:00,194496.04722222223,194496.04722222223
2024-06-18 09:00:00+00:00,273194.67027777777,0.0
2024-06-18 10:00:00+00:00,306594.5530555556,0.0
2024-06-18 11:00:00+00:00,51972.96722222222,51972.96722222222
2024-06-18 12:00:00+00:00,4127.053333333333,0.0
2024-06-18 13:00:00+00:00,1939.7619444444445,0.0
2024-06-18 14:00:00+00:00,937.7605555555556,937.7605555555556
2024-06-18 15:00:00+00:00,4785.197777777777,4785.197777777777
2024-06-18 16:00:00+00:00,672.1038888888888,672.1038888888888
2024-06-18 17:00:00+00:00,1697.4591666666668,1697.4591666666668
2024-06-18 18:00:00+00:00,651.6366666666667,651.6366666666667
2024-06-18 19:00:00+00:00,1406.5475,0.0
2024-06-18 20:00:00+00:00,348.5811111111111,0.0
2024-06-18 21:00:00+00:00,723.3975,723.3975
2024-06-18 22:00:00+00:00,699.4661111111111,699.4661111111111
2024-06-18 23:00:00+00:00,358.04805555555555,358.04805555555555
2024-06-19 00:00:00+00:00,2514.592222222222,2514.592222222222
2024-06-19 01:00:00+00:00,3709.6072222222224,0.0
2024-06-19 02:00:00+00:00,42418.563888888886,42418.563888888886
2024-06-19 03:00:00+00:00,127759.73583333334,127759.73583333334
2024-06-19 04:00:00+00:00,358454.47305555554,0.0
2024-06-19 05:00:00+00:00,177278.75083333332,177278.75083333332
2024-06-19 06:00:00+00:00,262072.02,0.0
2024-06-19 07:00:00+00:00,376435.3127777778,376435.3127777778
2024-06-19 08:00:00+00:00,234377.56694444444,234377.56694444444
2024-06-19 09:00:00+00:00,199656.79888888888,199656.79888888888
2024-06-19 10:00:00+00:00,97465.12222222224,97465.12222222224
2024-06-19 11:00:00+00:00,30882.333055555555,30882.333055555555
2024-06-19 12:00:00+00:00,44045.55583333333,0.0
2024-06-19 13:00:00+00:00,2259.532222222222,2259.532222222222
2024-06-19 14:00:00+00:00,16336.946944444444,16336.946944444444
2024-06-19 15:00:00+00:00,1146.9247222222225,0.0
2024-06-19 16:00:00+00:00,419.2791666666666,419.2791666666666
2024-06-19 17:00:00+00:00,21396.92055555556,21396.92055555556
2024-06-19 18:00:00+00:00,670.0922222222222,670.0922222222222
2024-06-19 19:00:00+00:00,888.0591666666667,888.0591666666667
2024-06-19 20:00:00+00:00,929.6508333333334,929.6508333333334
2024-06-19 21:00:00+00:00,4156.463611111111,4156.463611111111
2024-06-19 22:00:00+00:00,1028.1141666666667,0.0
2024-06-19 23:00:00+00:00,1831.709722222222,1831.709722222222
2024-06-20 00:00:00+00:00,1154.08,0.0
2024-06-20 01:00:00+00:00,1099.9672222222223,0.0
2024-06-20 02:00:00+00:00,46197.36833333333,46197.36833333333
2024-06-20 03:00:00+00:00,275169.6766666667,275169.6766666667
2024-06-20 04:00:00+00:00,256523.48916666667,256523.48916666667
2024-06-20 05:00:00+00:00,358680.72944444447,0.0
2024-06-20 06:00:00+00:00,202330.50444444444,202330.50444444444
2024-06-20 07:00:00+00:00,323890.57972222223,323890.57972222223
2024-06-20 08:00:00+00:00,359245.8383333333,0.0
2024-06-20 09:00:00+00:00,211811.72666666663,211811.72666666663
2024-06-20 10:00:00+00:00,110869.35916666666,0.0
2024-06-20 11:00:00+00:00,82001.04305555555,82001.04305555555
2024-06-20 12:00:00+00:00,49116.927777777775,49116.927777777775
2024-06-20 13:00:00+00:00,7785.710833333333,7785.710833333333
2024-06-20 14:00:00+00:00,379.2663888888889,379.2663888888889
2024-06-20 15:00:00+00:00,7014.880833333334,7014.880833333334
2024-06-20 16:00:00+00:00,367.8772222222222,367.8772222222222
2024-06-20 17:00:00+00:00,835.8175,835.8175
2024-06-20 18:00:00+00:00,435.95666666666665,0.0
2024-06-20 19:00:00+00:00,741.5047222222222,0.0
2024-06-20 20:00:00+00:00,558.9488888888889,558.9488888888889
2024-06-20 21:00:00+00:00,2353.1936111111117,0.0
2024-06-20 22:00:00+00:00,1028.6422222222222,0.0
2024-06-20 23:00:00+00:00,1042.8072222222222,0.0
2024-06-21 00:00:00+00:00,1168.7241666666666,1168.7241666666666
2024-06-21 01:00:00+00:00,4546.095,4546.095
2024-06-21 02:00:00+00:00,43783.91222222222,43783.91222222222
2024-06-21 03:00:00+00:00,283145.7366666667,283145.7366666667
2024-06-21 04:00:00+00:00,486672.09944444447,486672.09944444447
2024-06-21 05:00:00+00:00,307376.59944444447,307376.59944444447
2024-06-21 06:00:00+00:00,341217.94416666665,341217.94416666665
2024-06-21 07:00:00+00:00,319170.4425,319170.4425
2024-06-21 08:00:00+00:00,266858.1697222222,266858.1697222222
2024-06-21 09:00:00+00:00,162038.12055555556,162038.12055555556
2024-06-21 10:00:00+00:00,35193.55388888889,35193.55388888889
2024-06-21 11:00:00+00:00,14262.744444444445,14262.744444444445
2024-06-21 12:00:00+00:00,11444.634444444444,0.0
2024-06-21 13:00:00+00:00,4322.104444444444,4322.104444444444
2024-06-21 14:00:00+00:00,2899.933611111111,0.0
2024-06-21 15:00:00+00:00,1004.8791666666668,0.0
2024-06-21 16:00:00+00:00,416.7794444444445,416.7794444444445
2024-06-21 17:00:00+00:00,230.05,230.05
2024-06-21 18:00:00+00:00,394.4358333333333,394.4358333333333
2024-06-21 19:00:00+00:00,253.50027777777777,253.50027777777777
2024-06-21 20:00:00+00:00,444.74916666666667,444.74916666666667
2024-06-21 21:00:00+00:00,1058.0983333333334,1058.0983333333334
2024-06-21 22:00:00+00:00,648.5686111111111,648.5686111111111
2024-06-21 23:00:00+00:00,277.06305555555554,277.06305555555554
2024-06-22 00:00:00+00:00,3454.933055555556,3454.933055555556
2024-06-22 01:00:00+00:00,496.90472222222223,496.90472222222223
2024-06-22 02:00:00+00:00,627.7769444444444,627.7769444444444
2024-06-22 03:00:00+00:00,408.1908333333333,408.1908333333333
2024-06-22 04:00:00+00:00,20214.87111111111,20214.87111111111
2024-06-22 05:00:00+00:00,549.3372222222222,549.3372222222222
2024-06-22 06:00:00+00:00,353.74444444444447,353.74444444444447
2024-06-22 07:00:00+00:00,349.43055555555554,349.43055555555554
2024-06-22 08:00:00+00:00,305.9738888888889,305.9738888888889
2024-06-22 09:00:00+00:00,966.9777777777778,966.9777777777778
2024-06-22 10:00:00+00:00,1234.2827777777777,1234.2827777777777
2024-06-22 11:00:00+00:00,279.9477777777778,279.9477777777778
2024-06-22 12:00:00+00:00,1343.02,1343.02
2024-06-22 13:00:00+00:00,286.18638888888887,0.0
2024-06-22 14:00:00+00:00,424.3536111111111,424.3536111111111
2024-06-22 15:00:00+00:00,2463.613611111111,2463.613611111111
2024-06-22 16:00:00+00:00,1060.95,1060.95
2024-06-22 17:00:00+00:00,382.3975,0.0
2024-06-22 18:00:00+00:00,1107.5291666666667,1107.5291666666667
2024-06-22 19:00:00+00:00,447.65277777777777,447.65277777777777
2024-06-22 20:00:00+00:00,539.2277777777778,539.2277777777778
2024-06-22 21:00:00+00:00,716.7283333333334,716.7283333333334
2024-06-22 22:00:00+00:00,65778.51527777778,65778.51527777778
2024-06-22 23:00:00+00:00,770.7616666666667,770.7616666666667
2024-06-23 00:00:00+00:00,623.18,0.0
2024-06-23 01:00:00+00:00,536.1244444444444,0.0
2024-06-23 02:00:00+00:00,348.8497222222222,348.8497222222222
2024-06-23 03:00:00+00:00,340.13722222222225,0.0
2024-06-23 04:00:00+00:00,381.5677777777778,381.5677777777778
2024-06-23 05:00:00+00:00,595.4891666666666,595.4891666666666
2024-06-23 06:00:00+00:00,574.24,0.0
2024-06-23 07:00:00+00:00,369.4272222222222,369.4272222222222
2024-06-23 08:00:00+00:00,312.6558333333333,312.6558333333333
2024-06-23 09:00:00+00:00,340.3938888888889,340.3938888888889
2024-06-23 10:00:00+00:00,988.7008333333332,988.7008333333332
2024-06-23 11:00:00+00:00,1073.3566666666666,1073.3566666666666
2024-06-23 12:00:00+00:00,600.9994444444444,0.0
2024-06-23 13:00:00+00:00,337.1947222222222,0.0
2024-06-23 14:00:00+00:00,264.9080555555556,264.9080555555556
2024-06-23 15:00:00+00:00,842.2419444444445,842.2419444444445
2024-06-23 16:00:00+00:00,462.5188888888889,462.5188888888889
2024-06-23 17:00:00+00:00,359.54277777777776,0.0
2024-06-23 18:00:00+00:00,1478.3213888888888,1478.3213888888888
2024-06-23 19:00:00+00:00,642.9280555555556,0.0
2024-06-23 20:00:00+00:00,931.1341666666668,931.1341666666668
2024-06-23 21:00:00+00:00,1339.4772222222225,1339.4772222222225
2024-06-23 22:00:00+00:00,929.9066666666666,929.9066666666666
2024-06-23 23:00:00+00:00,911.0777777777778,911.0777777777778
2024-06-24 00:00:00+00:00,578.9588888888889,0.0
2024-06-24 01:00:00+00:00,2977.358888888889,2977.358888888889
2024-06-24 02:00:00+00:00,9033.701111111111,9033.701111111111
2024-06-24 03:00:00+00:00,75186.4375,0.0
2024-06-24 04:00:00+00:00,65219.68444444444,65219.68444444444
2024-06-24 05:00:00+00:00,39189.04444444445,39189.04444444445
2024-06-24 06:00:00+00:00,61506.81111111112,61506.81111111112
2024-06-24 07:00:00+00:00,41949.37222222222,41949.37222222222
2024-06-24 08:00:00+00:00,88253.19666666667,0.0
2024-06-24 09:00:00+00:00,38655.40361111111,38655.40361111111
2024-06-24 10:00:00+00:00,4379.928888888889,0.0
2024-06-24 11:00:00+00:00,16407.674166666668,16407.674166666668
2024-06-24 12:00:00+00:00,1321.4316666666666,1321.4316666666666
2024-06-24 13:00:00+00:00,3170.119166666667,3170.119166666667
2024-06-24 14:00:00+00:00,1861.4258333333328,1861.4258333333328
2024-06-24 15:00:00+00:00,435.71222222222224,435.71222222222224
2024-06-24 16:00:00+00:00,1205.5230555555556,1205.5230555555556
2024-06-24 17:00:00+00:00,820.1566666666666,820.1566666666666
2024-06-24 18:00:00+00:00,772.2813888888888,772.2813888888888
2024-06-24 19:00:00+00:00,1215.2094444444444,1215.2094444444444
2024-06-24 20:00:00+00:00,931.9855555555556,0.0
2024-06-24 21:00:00+00:00,848.0277777777778,848.0277777777778
2024-06-24 22:00:00+00:00,2064.608888888889,2064.608888888889
2024-06-24 23:00:00+00:00,812.4305555555555,812.4305555555555
2024-06-25 00:00:00+00:00,813.535,813.535
2024-06-25 01:00:00+00:00,1420.3105555555555,1420.3105555555555
2024-06-25 02:00:00+00:00,6544.430833333333,0.0
2024-06-25 03:00:00+00:00,124319.1825,0.0
2024-06-25 04:00:00+00:00,206713.82888888888,206713.82888888888
2024-06-25 05:00:00+00:00,58053.48777777778,0.0
2024-06-25 06:00:00+00:00,136758.845,0.0
2024-06-25 07:00:00+00:00,107756.26805555556,107756.26805555556
2024-06-25 08:00:00+00:00,24690.555,24690.555
2024-06-25 09:00:00+00:00,45978.585277777776,45978.585277777776
2024-06-25 10:00:00+00:00,56199.693333333336,56199.693333333336
2024-06-25 11:00:00+00:00,10475.140833333331,10475.140833333331
2024-06-25 12:00:00+00:00,22699.959722222226,22699.959722222226
2024-06-25 13:00:00+00:00,4047.0030555555554,4047.0030555555554
2024-06-25 14:00:00+00:00,2966.3555555555554,2966.3555555555554
2024-06-25 15:00:00+00:00,606.9366666666666,606.9366666666666
2024-06-25 16:00:00+00:00,1973.0716666666667,1973.0716666666667
2024-06-25 17:00:00+00:00,2711.7425,2711.7425
2024-06-25 18:00:00+00:00,1484.5830555555556,0.0
2024-06-25 19:00:00+00:00,5446.793611111111,5446.793611111111
2024-06-25 20:00:00+00:00,7599.199444444444,7599.199444444444
2024-06-25 21:00:00+00:00,42814.44055555556,42814.44055555556
2024-06-25 22:00:00+00:00,3443.018611111111,0.0
2024-06-25 23:00:00+00:00,3208.2208333333333,0.0
2024-06-26 00:00:00+00:00,4243.811388888889,4243.811388888889
2024-06-26 01:00:00+00:00,7260.598611111111,7260.598611111111
2024-06-26 02:00:00+00:00,15722.92,15722.92
2024-06-26 03:00:00+00:00,60947.61027777778,0.0
2024-06-26 04:00:00+00:00,77604.29777777777,77604.29777777777
2024-06-26 05:00:00+00:00,77830.35166666667,0.0
2024-06-26 06:00:00+00:00,180593.19944444444,0.0
2024-06-26 07:00:00+00:00,87417.19111111111,87417.19111111111
2024-06-26 08:00:00+00:00,75829.335,75829.335
2024-06-26 09:00:00+00:00,142245.6902777778,142245.6902777778
2024-06-26 10:00:00+00:00,51477.94472222222,0.0
2024-06-26 11:00:00+00:00,17671.363055555557,0.0
2024-06-26 12:00:00+00:00,25997.96083333333,25997.96083333333
2024-06-26 13:00:00+00:00,56535.66222222222,56535.66222222222
2024-06-26 14:00:00+00:00,2068.005277777778,2068.005277777778
2024-06-26 15:00:00+00:00,2914.7833333333333,2914.7833333333333
2024-06-26 16:00:00+00:00,3848.181111111111,0.0
2024-06-26 17:00:00+00:00,1370.986388888889,1370.986388888889
2024-06-26 18:00:00+00:00,849.4602777777778,849.4602777777778
2024-06-26 19:00:00+00:00,1754.02,1754.02
2024-06-26 20:00:00+00:00,3090.599166666667,0.0
2024-06-26 21:00:00+00:00,2147.853611111111,2147.853611111111
2024-06-26 22:00:00+00:00,1007.8438888888888,1007.8438888888888
2024-06-26 23:00:00+00:00,1179.800277777778,1179.800277777778
2024-06-27 00:00:00+00:00,3800.723611111111,3800.723611111111
2024-06-27 01:00:00+00:00,61267.54861111111,61267.54861111111
2024-06-27 02:00:00+00:00,26354.23,26354.23
2024-06-27 03:00:00+00:00,91728.66694444444,91728.66694444444
2024-06-27 04:00:00+00:00,246455.5038888889,246455.5038888889
2024-06-27 05:00:00+00:00,500944.52694444446,500944.52694444446
2024-06-27 06:00:00+00:00,130652.93972222222,130652.93972222222
2024-06-27 07:00:00+00:00,97537.34583333334,0.0
2024-06-27 08:00:00+00:00,125802.6288888889,125802.6288888889
2024-06-27 09:00:00+00:00,50428.63,50428.63
2024-06-27 10:00:00+00:00,47175.372777777775,47175.372777777775
2024-06-27 11:00:00+00:00,55681.55361111112,55681.55361111112
2024-06-27 12:00:00+00:00,3348.5494444444444,3348.5494444444444
2024-06-27 13:00:00+00:00,1824.8875,1824.8875
2024-06-27 14:00:00+00:00,877.3027777777778,877.3027777777778
2024-06-27 15:00:00+00:00,54596.42305555556,54596.42305555556
2024-06-27 16:00:00+00:00,1178.3644444444444,0.0
2024-06-27 17:00:00+00:00,1427.175,1427.175
2024-06-27 18:00:00+00:00,870.5044444444444,0.0
2024-06-27 19:00:00+00:00,1162.5097222222223,1162.5097222222223
2024-06-27 20:00:00+00:00,1372.3963888888889,1372.3963888888889
2024-06-27 21:00:00+00:00,1056.8702777777778,1056.8702777777778
2024-06-27 22:00:00+00:00,1641.6733333333334,1641.6733333333334
2024-06-27 23:00:00+00:00,1964.0694444444443,0.0
2024-06-28 00:00:00+00:00,783.7169444444445,783.7169444444445
2024-06-28 01:00:00+00:00,54968.57638888889,54968.57638888889
2024-06-28 02:00:00+00:00,21487.396944444445,0.0
2024-06-28 03:00:00+00:00,399529.5680555556,399529.5680555556
2024-06-28 04:00:00+00:00,227260.4330555556,227260.4330555556
2024-06-28 05:00:00+00:00,97341.96944444445,97341.96944444445
2024-06-28 06:00:00+00:00,17748.166666666668,17748.166666666668
2024-06-28 07:00:00+00:00,20313.113611111112,20313.113611111112
2024-06-28 08:00:00+00:00,11475.687222222225,11475.687222222225
2024-06-28 09:00:00+00:00,10481.145555555557,10481.145555555557
2024-06-28 10:00:00+00:00,8366.575833333334,8366.575833333334
2024-06-28 11:00:00+00:00,2159.8819444444443,2159.8819444444443
2024-06-28 12:00:00+00:00,930.2533333333332,0.0
2024-06-28 13:00:00+00:00,847.3338888888889,847.3338888888889
2024-06-28 14:00:00+00:00,700.0875,0.0
2024-06-28 15:00:00+00:00,1188.0041666666666,1188.0041666666666
2024-06-28 16:00:00+00:00,865.095,865.095
2024-06-28 17:00:00+00:00,774.8997222222222,774.8997222222222
2024-06-28 18:00:00+00:00,1182.199722222222,1182.199722222222
2024-06-28 19:00:00+00:00,503.0769444444445,503.0769444444445
2024-06-28 20:00:00+00:00,906.995,906.995
2024-06-28 21:00:00+00:00,916.7002777777776,916.7002777777776
2024-06-28 22:00:00+00:00,1197.7775,1197.7775
2024-06-28 23:00:00+00:00,352.8666666666667,352.8666666666667
2024-06-29 00:00:00+00:00,1199.4158333333332,1199.4158333333332
2024-06-29 01:00:00+00:00,380.6775,380.6775
2024-06-29 02:00:00+00:00,20339.43527777778,20339.43527777778
2024-06-29 03:00:00+00:00,2188.4244444444444,0.0
2024-06-29 04:00:00+00:00,671.8466666666667,671.8466666666667
2024-06-29 05:00:00+00:00,304.16333333333336,304.16333333333336
2024-06-29 06:00:00+00:00,1151.2180555555556,1151.2180555555556
2024-06-29 07:00:00+00:00,987.9969444444444,987.9969444444444
2024-06-29 08:00:00+00:00,389.1375,389.1375
2024-06-29 09:00:00+00:00,808.305,808.305
2024-06-29 10:00:00+00:00,1412.550277777778,1412.550277777778
2024-06-29 11:00:00+00:00,1140.701388888889,1140.701388888889
2024-06-29 12:00:00+00:00,753.2219444444445,753.2219444444445
2024-06-29 13:00:00+00:00,940.2536111111112,940.2536111111112
2024-06-29 14:00:00+00:00,763.8008333333333,763.8008333333333
2024-06-29 15:00:00+00:00,377.1716666666667,377.1716666666667
2024-06-29 16:00:00+00:00,902.2838888888888,902.2838888888888
2024-06-29 17:00:00+00:00,501.7111111111111,501.7111111111111
2024-06-29 18:00:00+00:00,1115.275,1115.275
2024-06-29 19:00:00+00:00,884.9886111111111,884.9886111111111
2024-06-29 20:00:00+00:00,617.0536111111111,617.0536111111111
2024-06-29 21:00:00+00:00,3114.718333333333,3114.718333333333
2024-06-29 22:00:00+00:00,597.7358333333333,597.7358333333333
2024-06-29 23:00:00+00:00,727.9127777777778,727.9127777777778
2024-06-30 00:00:00+00:00,394.375,394.375
2024-06-30 01:00:00+00:00,1213.395,1213.395
2024-06-30 02:00:00+00:00,929.6263888888888,929.6263888888888
2024-06-30 03:00:00+00:00,551.9136111111111,551.9136111111111
2024-06-30 04:00:00+00:00,129.22916666666666,0.0
2024-06-30 05:00:00+00:00,309.93888888888887,309.93888888888887
2024-06-30 06:00:00+00:00,269.0911111111111,269.0911111111111
2024-06-30 07:00:00+00:00,440.5794444444445,440.5794444444445
2024-06-30 08:00:00+00:00,159.0,159.0
2024-06-30 09:00:00+00:00,288.0341666666667,288.0341666666667
2024-06-30 10:00:00+00:00,791.7575,791.7575
2024-06-30 11:00:00+00:00,191.17333333333332,191.17333333333332
2024-06-30 12:00:00+00:00,357.0491666666667,0.0
2024-06-30 13:00:00+00:00,424.4008333333333,424.4008333333333
2024-06-30 14:00:00+00:00,676.8538888888888,676.8538888888888
2024-06-30 15:00:00+00:00,461.1411111111111,461.1411111111111
2024-06-30 16:00:00+00:00,478.3122222222222,478.3122222222222
2024-06-30 17:00:00+00:00,168.1377777777778,168.1377777777778
2024-06-30 18:00:00+00:00,508.2438888888889,508.2438888888889
2024-06-30 19:00:00+00:00,290.2602777777778,290.2602777777778
2024-06-30 20:00:00+00:00,306.9144444444444,306.9144444444444
2024-06-30 21:00:00+00:00,909.8708333333332,909.8708333333332
2024-06-30 22:00:00+00:00,1029.7569444444443,1029.7569444444443
2024-06-30 23:00:00+00:00,788.8455555555555,788.8455555555555
2024-07-01 00:00:00+00:00,582.0316666666666,582.0316666666666
2024-07-01 01:00:00+00:00,795.1341666666667,0.0
2024-07-01 02:00:00+00:00,3941.112777777778,3941.112777777778
2024-07-01 03:00:00+00:00,19866.890277777777,19866.890277777777
2024-07-01 04:00:00+00:00,11094.83861111111,0.0
2024-07-01 05:00:00+00:00,28584.737222222226,28584.737222222226
2024-07-01 06:00:00+00:00,9149.833055555557,9149.833055555557
2024-07-01 07:00:00+00:00,16222.980833333331,0.0
2024-07-01 08:00:00+00:00,8850.069722222222,8850.069722222222
2024-07-01 09:00:00+00:00,3553.5661111111112,3553.5661111111112
2024-07-01 10:00:00+00:00,2649.5616666666665,0.0
2024-07-01 11:00:00+00:00,329.24611111111113,329.24611111111113
2024-07-01 12:00:00+00:00,280.6297222222222,280.6297222222222
2024-07-01 13:00:00+00:00,121.5663888888889,121.5663888888889
2024-07-01 14:00:00+00:00,826.5158333333334,0.0
2024-07-01 15:00:00+00:00,665.5827777777778,665.5827777777778
2024-07-01 16:00:00+00:00,296.67,296.67
2024-07-01 17:00:00+00:00,447.2925,0.0
2024-07-01 18:00:00+00:00,724.0936111111112,724.0936111111112
2024-07-01 19:00:00+00:00,539.8216666666667,0.0
2024-07-01 20:00:00+00:00,595.6894444444445,595.6894444444445
2024-07-01 21:00:00+00:00,13171.533333333333,0.0
2024-07-01 22:00:00+00:00,388.0752777777778,388.0752777777778
2024-07-01 23:00:00+00:00,122.30944444444444,122.30944444444444
2024-07-02 00:00:00+00:00,449.25555555555553,449.25555555555553
2024-07-02 01:00:00+00:00,456.5777777777778,456.5777777777778
2024-07-02 02:00:00+00:00,40858.749444444446,40858.749444444446
2024-07-02 03:00:00+00:00,55897.80861111111,0.0
2024-07-02 04:00:00+00:00,13365.868055555557,13365.868055555557
2024-07-02 05:00:00+00:00,25044.32305555556,25044.32305555556
2024-07-02 06:00:00+00:00,8826.262222222222,8826.262222222222
2024-07-02 07:00:00+00:00,36008.05333333334,36008.05333333334
2024-07-02 08:00:00+00:00,9059.65888888889,0.0
2024-07-02 09:00:00+00:00,3610.463888888889,3610.463888888889
2024-07-02 10:00:00+00:00,6654.201388888889,6654.201388888889
2024-07-02 11:00:00+00:00,703.4783333333334,703.4783333333334
2024-07-02 12:00:00+00:00,1097.6066666666666,1097.6066666666666
2024-07-02 13:00:00+00:00,1014.6986111111112,1014.6986111111112
2024-07-02 14:00:00+00:00,984.7433333333332,984.7433333333332
2024-07-02 15:00:00+00:00,836.5441666666667,836.5441666666667
2024-07-02 16:00:00+00:00,455.29083333333335,455.29083333333335
2024-07-02 17:00:00+00:00,1106.266111111111,0.0
2024-07-02 18:00:00+00:00,2042.638611111111,0.0
2024-07-02 19:00:00+00:00,829.3822222222223,0.0
2024-07-02 20:00:00+00:00,683.2680555555555,683.2680555555555
2024-07-02 21:00:00+00:00,2006.0522222222223,2006.0522222222223
2024-07-02 22:00:00+00:00,675.5277777777778,0.0
2024-07-02 23:00:00+00:00,2255.1366666666668,2255.1366666666668
2024-07-03 00:00:00+00:00,1566.035,1566.035
2024-07-03 01:00:00+00:00,1428.0016666666668,0.0
2024-07-03 02:00:00+00:00,6479.015,6479.015
2024-07-03 03:00:00+00:00,14069.793055555556,14069.793055555556
2024-07-03 04:00:00+00:00,4089.385833333333,4089.385833333333
2024-07-03 05:00:00+00:00,28238.009166666667,28238.009166666667
2024-07-03 06:00:00+00:00,11052.930277777778,11052.930277777778
2024-07-03 07:00:00+00:00,11841.21,11841.21
2024-07-03 08:00:00+00:00,7728.128611111111,7728.128611111111
2024-07-03 09:00:00+00:00,3308.4875,3308.4875
2024-07-03 10:00:00+00:00,372.6363888888889,372.6363888888889
2024-07-03 11:00:00+00:00,1378.8502777777778,1378.8502777777778
2024-07-03 12:00:00+00:00,950.5136111111112,950.5136111111112
2024-07-03 13:00:00+00:00,615.8863888888889,615.8863888888889
2024-07-03 14:00:00+00:00,511.4402777777778,0.0
2024-07-03 15:00:00+00:00,379.84,379.84
2024-07-03 16:00:00+00:00,1094.2586111111111,1094.2586111111111
2024-07-03 17:00:00+00:00,301.92055555555555,301.92055555555555
2024-07-03 18:00:00+00:00,1154.6875,1154.6875
2024-07-03 19:00:00+00:00,815.9138888888889,815.9138888888889
2024-07-03 20:00:00+00:00,542.4655555555555,542.4655555555555
2024-07-03 21:00:00+00:00,553.4230555555556,553.4230555555556
2024-07-03 22:00:00+00:00,152.18333333333334,152.18333333333334
2024-07-03 23:00:00+00:00,456.155,456.155
2024-07-04 00:00:00+00:00,527.1347222222222,527.1347222222222
2024-07-04 01:00:00+00:00,56712.62666666666,56712.62666666666
2024-07-04 02:00:00+00:00,3619.737777777778,3619.737777777778
2024-07-04 03:00:00+00:00,16416.166666666668,16416.166666666668
2024-07-04 04:00:00+00:00,17976.299444444445,17976.299444444445
2024-07-04 05:00:00+00:00,15888.760555555556,15888.760555555556
2024-07-04 06:00:00+00:00,6526.981944444445,6526.981944444445
2024-07-04 07:00:00+00:00,6163.933333333333,6163.933333333333
2024-07-04 08:00:00+00:00,14482.385277777776,14482.385277777776
2024-07-04 09:00:00+00:00,426.4666666666666,426.4666666666666
2024-07-04 10:00:00+00:00,184.62277777777777,184.62277777777777
2024-07-04 11:00:00+00:00,681.1097222222222,681.1097222222222
2024-07-04 12:00:00+00:00,1199.2241666666666,1199.2241666666666
2024-07-04 13:00:00+00:00,1320.7855555555554,1320.7855555555554
2024-07-04 14:00:00+00:00,497.9269444444444,497.9269444444444
2024-07-04 15:00:00+00:00,323.8952777777778,323.8952777777778
2024-07-04 16:00:00+00:00,116.70388888888888,116.70388888888888
2024-07-04 17:00:00+00:00,274.7736111111111,274.7736111111111
2024-07-04 18:00:00+00:00,134.55194444444444,134.55194444444444
2024-07-04 19:00:00+00:00,410.91777777777776,0.0
2024-07-04 20:00:00+00:00,322.2605555555556,0.0
2024-07-04 21:00:00+00:00,620.9052777777778,620.9052777777778
2024-07-04 22:00:00+00:00,1079.9355555555555,1079.9355555555555
2024-07-04 23:00:00+00:00,151.8461111111111,151.8461111111111
2024-07-05 00:00:00+00:00,762.3672222222223,762.3672222222223
2024-07-05 01:00:00+00:00,443.3363888888889,443.3363888888889
2024-07-05 02:00:00+00:00,207.5994444444445,207.5994444444445
2024-07-05 03:00:00+00:00,500.3311111111111,500.3311111111111
2024-07-05 04:00:00+00:00,525.3444444444444,525.3444444444444
2024-07-05 05:00:00+00:00,1120.473888888889,1120.473888888889
2024-07-05 06:00:00+00:00,412.49444444444447,412.49444444444447
2024-07-05 07:00:00+00:00,155.42527777777778,155.42527777777778
2024-07-05 08:00:00+00:00,89.74833333333333,89.74833333333333
2024-07-05 09:00:00+00:00,100.9036111111111,0.0
2024-07-05 10:00:00+00:00,160.5413888888889,160.5413888888889
2024-07-05 11:00:00+00:00,125.3125,125.3125
2024-07-05 12:00:00+00:00,401.07444444444445,401.07444444444445
2024-07-05 13:00:00+00:00,1154.4555555555555,1154.4555555555555
2024-07-05 14:00:00+00:00,350.39666666666665,0.0
2024-07-05 15:00:00+00:00,1392.5980555555554,1392.5980555555554
2024-07-05 16:00:00+00:00,74.3425,0.0
2024-07-05 17:00:00+00:00,156.88888888888889,156.88888888888889
2024-07-05 18:00:00+00:00,325.2763888888889,325.2763888888889
2024-07-05 19:00:00+00:00,366.8952777777778,366.8952777777778
2024-07-05 20:00:00+00:00,288.67,288.67
2024-07-05 21:00:00+00:00,209.37027777777777,209.37027777777777
2024-07-05 22:00:00+00:00,213.5822222222222,213.5822222222222
2024-07-05 23:00:00+00:00,669.4505555555555,669.4505555555555
2024-07-06 00:00:00+00:00,493.1427777777778,493.1427777777778
2024-07-06 01:00:00+00:00,90.6763888888889,90.6763888888889
2024-07-06 02:00:00+00:00,390.2294444444444,0.0
2024-07-06 03:00:00+00:00,95.98388888888888,95.98388888888888
2024-07-06 04:00:00+00:00,1409.5808333333334,0.0
2024-07-06 05:00:00+00:00,296.5647222222222,296.5647222222222
2024-07-06 06:00:00+00:00,309.86305555555555,309.86305555555555
2024-07-06 07:00:00+00:00,170.10805555555555,170.10805555555555
2024-07-06 08:00:00+00:00,335.115,0.0
2024-07-06 09:00:00+00:00,115.01055555555556,0.0
2024-07-06 10:00:00+00:00,91.86527777777778,91.86527777777778
2024-07-06 11:00:00+00:00,305.0661111111111,0.0
2024-07-06 12:00:00+00:00,344.625,344.625
2024-07-06 13:00:00+00:00,311.32444444444445,311.32444444444445
2024-07-06 14:00:00+00:00,92.67444444444445,92.67444444444445
2024-07-06 15:00:00+00:00,452.39222222222224,452.39222222222224
2024-07-06 16:00:00+00:00,532.7105555555555,532.7105555555555
2024-07-06 17:00:00+00:00,84.91083333333333,84.91083333333333
2024-07-06 18:00:00+00:00,96.25888888888888,96.25888888888888
2024-07-06 19:00:00+00:00,323.76944444444445,0.0
2024-07-06 20:00:00+00:00,1112.6986111111112,1112.6986111111112
2024-07-06 21:00:00+00:00,366.00555555555553,366.00555555555553
2024-07-06 22:00:00+00:00,333.9825,333.9825
2024-07-06 23:00:00+00:00,433.88694444444445,433.88694444444445
2024-07-07 00:00:00+00:00,315.29555555555555,0.0
2024-07-07 01:00:00+00:00,380.00638888888886,380.00638888888886
2024-07-07 02:00:00+00:00,910.0233333333332,0.0
2024-07-07 03:00:00+00:00,127.47333333333331,127.47333333333331
2024-07-07 04:00:00+00:00,92.59527777777778,92.59527777777778
2024-07-07 05:00:00+00:00,319.9,319.9
2024-07-07 06:00:00+00:00,469.6172222222222,0.0
2024-07-07 07:00:00+00:00,483.1872222222222,483.1872222222222
2024-07-07 08:00:00+00:00,92.08666666666667,0.0
2024-07-07 09:00:00+00:00,76.91777777777777,0.0
2024-07-07 10:00:00+00:00,317.02472222222224,317.02472222222224
2024-07-07 11:00:00+00:00,165.7725,165.7725
2024-07-07 12:00:00+00:00,308.6722222222222,308.6722222222222
2024-07-07 13:00:00+00:00,342.46722222222223,342.46722222222223
2024-07-07 14:00:00+00:00,245.1588888888889,245.1588888888889
2024-07-07 15:00:00+00:00,395.7702777777778,395.7702777777778
2024-07-07 16:00:00+00:00,416.2663888888889,416.2663888888889
2024-07-07 17:00:00+00:00,168.84166666666667,168.84166666666667
2024-07-07 18:00:00+00:00,154.29583333333332,154.29583333333332
2024-07-07 19:00:00+00:00,179.81166666666667,0.0
2024-07-07 20:00:00+00:00,256.53444444444443,256.53444444444443
2024-07-07 21:00:00+00:00,246.7483333333333,246.7483333333333
2024-07-07 22:00:00+00:00,718.2138888888888,718.2138888888888
2024-07-07 23:00:00+00:00,161.74305555555554,161.74305555555554
2024-07-08 00:00:00+00:00,627.81,627.81
2024-07-08 01:00:00+00:00,626.1436111111111,626.1436111111111
2024-07-08 02:00:00+00:00,6019.119722222223,0.0
2024-07-08 03:00:00+00:00,10332.963055555556,0.0
2024-07-08 04:00:00+00:00,6207.976944444445,6207.976944444445
2024-07-08 05:00:00+00:00,5348.435277777778,5348.435277777778
2024-07-08 06:00:00+00:00,11710.535555555556,0.0
2024-07-08 07:00:00+00:00,7433.227777777778,7433.227777777778
2024-07-08 08:00:00+00:00,16967.77611111111,16967.77611111111
2024-07-08 09:00:00+00:00,4758.762222222223,4758.762222222223
2024-07-08 10:00:00+00:00,11470.16777777778,11470.16777777778
2024-07-08 11:00:00+00:00,1700.1525,0.0
2024-07-08 12:00:00+00:00,557.7638888888889,557.7638888888889
2024-07-08 13:00:00+00:00,988.3797222222222,988.3797222222222
2024-07-08 14:00:00+00:00,4195.479166666667,4195.479166666667
2024-07-08 15:00:00+00:00,434.4661111111111,434.4661111111111
2024-07-08 16:00:00+00:00,555.7375,555.7375
2024-07-08 17:00:00+00:00,385.4533333333333,385.4533333333333
2024-07-08 18:00:00+00:00,243.81944444444449,243.81944444444449
2024-07-08 19:00:00+00:00,253.0994444444445,253.0994444444445
2024-07-08 20:00:00+00:00,633.3147222222223,633.3147222222223
2024-07-08 21:00:00+00:00,796.2322222222223,796.2322222222223
2024-07-08 22:00:00+00:00,308.75083333333333,308.75083333333333
2024-07-08 23:00:00+00:00,291.49611111111113,291.49611111111113
2024-07-09 00:00:00+00:00,8821.54388888889,8821.54388888889
2024-07-09 01:00:00+00:00,460.8475,460.8475
2024-07-09 02:00:00+00:00,10109.107222222225,10109.107222222225
2024-07-09 03:00:00+00:00,9398.269444444444,9398.269444444444
2024-07-09 04:00:00+00:00,212705.91055555557,212705.91055555557
2024-07-09 05:00:00+00:00,14996.690833333334,14996.690833333334
2024-07-09 06:00:00+00:00,7826.039722222222,7826.039722222222
2024-07-09 07:00:00+00:00,7037.028888888889,7037.028888888889
2024-07-09 08:00:00+00:00,4614.640555555556,0.0
2024-07-09 09:00:00+00:00,10352.184444444443,10352.184444444443
2024-07-09 10:00:00+00:00,3351.3469444444445,3351.3469444444445
2024-07-09 11:00:00+00:00,1002.4916666666668,0.0
2024-07-09 12:00:00+00:00,123.17555555555556,123.17555555555556
2024-07-09 13:00:00+00:00,290.3575,290.3575
2024-07-09 14:00:00+00:00,265.7447222222222,265.7447222222222
2024-07-09 15:00:00+00:00,12533.539166666667,12533.539166666667
2024-07-09 16:00:00+00:00,502.1847222222222,502.1847222222222
2024-07-09 17:00:00+00:00,1519.2425,1519.2425
2024-07-09 18:00:00+00:00,5249.595,5249.595
2024-07-09 19:00:00+00:00,125.5663888888889,125.5663888888889
2024-07-09 20:00:00+00:00,400.3913888888889,400.3913888888889
2024-07-09 21:00:00+00:00,733.0366666666666,733.0366666666666
2024-07-09 22:00:00+00:00,3503.470277777778,3503.470277777778
2024-07-09 23:00:00+00:00,462.2705555555556,0.0
2024-07-10 00:00:00+00:00,329.45694444444445,329.45694444444445
2024-07-10 01:00:00+00:00,350.80055555555555,0.0
2024-07-10 02:00:00+00:00,54279.11861111111,0.0
2024-07-10 03:00:00+00:00,52065.46333333333,52065.46333333333
2024-07-10 04:00:00+00:00,14789.958055555557,0.0
2024-07-10 05:00:00+00:00,32105.564166666667,32105.564166666667
2024-07-10 06:00:00+00:00,8697.649166666666,0.0
2024-07-10 07:00:00+00:00,102041.54777777776,102041.54777777776
2024-07-10 08:00:00+00:00,13103.650833333331,13103.650833333331
2024-07-10 09:00:00+00:00,541.8413888888889,0.0
2024-07-10 10:00:00+00:00,536.9472222222222,0.0
2024-07-10 11:00:00+00:00,478.86805555555554,478.86805555555554
2024-07-10 12:00:00+00:00,344.4088888888889,344.4088888888889
2024-07-10 13:00:00+00:00,573.3233333333334,573.3233333333334
2024-07-10 14:00:00+00:00,368.22,0.0
2024-07-10 15:00:00+00:00,362.56805555555553,362.56805555555553
2024-07-10 16:00:00+00:00,190.21472222222224,0.0
2024-07-10 17:00:00+00:00,985.755,985.755
2024-07-10 18:00:00+00:00,1094.8908333333334,1094.8908333333334
2024-07-10 19:00:00+00:00,544.3155555555555,544.3155555555555
2024-07-10 20:00:00+00:00,334.9997222222222,334.9997222222222
2024-07-10 21:00:00+00:00,1568.8172222222222,1568.8172222222222
2024-07-10 22:00:00+00:00,756.0897222222222,756.0897222222222
2024-07-10 23:00:00+00:00,842.4744444444444,0.0
2024-07-11 00:00:00+00:00,1455.7625,1455.7625
2024-07-11 01:00:00+00:00,1487.4797222222223,0.0
2024-07-11 02:00:00+00:00,31608.647777777776,31608.647777777776
2024-07-11 03:00:00+00:00,24582.424444444445,24582.424444444445
2024-07-11 04:00:00+00:00,13648.567777777778,13648.567777777778
2024-07-11 05:00:00+00:00,10130.733333333334,10130.733333333334
2024-07-11 06:00:00+00:00,15911.124722222225,15911.124722222225
2024-07-11 07:00:00+00:00,20027.425,20027.425
2024-07-11 08:00:00+00:00,5999.122777777778,0.0
2024-07-11 09:00:00+00:00,1009.0969444444444,1009.0969444444444
2024-07-11 10:00:00+00:00,1815.543888888889,1815.543888888889
2024-07-11 11:00:00+00:00,2992.7366666666667,2992.7366666666667
2024-07-11 12:00:00+00:00,2703.990277777778,2703.990277777778
2024-07-11 13:00:00+00:00,892.0441666666667,0.0
2024-07-11 14:00:00+00:00,1213.2155555555555,1213.2155555555555
2024-07-11 15:00:00+00:00,1169.887222222222,1169.887222222222
2024-07-11 16:00:00+00:00,3248.8116666666665,3248.8116666666665
2024-07-11 17:00:00+00:00,767.9702777777778,0.0
2024-07-11 18:00:00+00:00,571.6072222222223,571.6072222222223
2024-07-11 19:00:00+00:00,1389.1863888888888,1389.1863888888888
2024-07-11 20:00:00+00:00,1239.2513888888889,1239.2513888888889
2024-07-11 21:00:00+00:00,1498.4419444444443,1498.4419444444443
2024-07-11 22:00:00+00:00,945.2394444444444,0.0
2024-07-11 23:00:00+00:00,1497.2641666666666,0.0
2024-07-12 00:00:00+00:00,1382.3583333333331,0.0
2024-07-12 01:00:00+00:00,4036.675555555556,4036.675555555556
2024-07-12 02:00:00+00:00,20916.349166666667,20916.349166666667
2024-07-12 03:00:00+00:00,25169.466111111116,25169.466111111116
2024-07-12 04:00:00+00:00,45631.51944444444,45631.51944444444
2024-07-12 05:00:00+00:00,13922.506666666666,13922.506666666666
2024-07-12 06:00:00+00:00,9064.660555555556,9064.660555555556
2024-07-12 07:00:00+00:00,32910.85611111111,32910.85611111111
2024-07-12 08:00:00+00:00,11887.43,11887.43
2024-07-12 09:00:00+00:00,30972.758055555558,30972.758055555558
2024-07-12 10:00:00+00:00,2858.57,2858.57
2024-07-12 11:00:00+00:00,3459.8591666666666,3459.8591666666666
2024-07-12 12:00:00+00:00,948.1794444444444,948.1794444444444
2024-07-12 13:00:00+00:00,1601.175,1601.175
2024-07-12 14:00:00+00:00,1114.3805555555557,1114.3805555555557
2024-07-12 15:00:00+00:00,1499.0730555555556,0.0
2024-07-12 16:00:00+00:00,1060.4763888888888,1060.4763888888888
2024-07-12 17:00:00+00:00,331.1630555555556,331.1630555555556
2024-07-12 18:00:00+00:00,865.5697222222223,865.5697222222223
2024-07-12 19:00:00+00:00,849.965,849.965
2024-07-12 20:00:00+00:00,670.5891666666666,670.5891666666666
2024-07-12 21:00:00+00:00,452.9625,0.0
2024-07-12 22:00:00+00:00,476.1975,476.1975
2024-07-12 23:00:00+00:00,1701.5330555555556,1701.5330555555556
2024-07-13 00:00:00+00:00,1239.8966666666668,1239.8966666666668
2024-07-13 01:00:00+00:00,4481.72,4481.72
2024-07-13 02:00:00+00:00,659.5127777777777,659.5127777777777
2024-07-13 03:00:00+00:00,868.0072222222223,868.0072222222223
2024-07-13 04:00:00+00:00,912.9208333333332,0.0
2024-07-13 05:00:00+00:00,1480.897222222222,1480.897222222222
2024-07-13 06:00:00+00:00,648.2738888888889,648.2738888888889
2024-07-13 07:00:00+00:00,991.7897222222222,0.0
2024-07-13 08:00:00+00:00,864.4430555555556,864.4430555555556
2024-07-13 09:00:00+00:00,677.15,677.15
2024-07-13 10:00:00+00:00,542.0488888888889,542.0488888888889
2024-07-13 11:00:00+00:00,74011.01722222222,74011.01722222222
2024-07-13 12:00:00+00:00,656.0155555555556,656.0155555555556
2024-07-13 13:00:00+00:00,639.0777777777778,639.0777777777778
2024-07-13 14:00:00+00:00,484.35027777777776,484.35027777777776
2024-07-13 15:00:00+00:00,598.9675,598.9675
2024-07-13 16:00:00+00:00,743.62,743.62
2024-07-13 17:00:00+00:00,490.44055555555553,490.44055555555553
2024-07-13 18:00:00+00:00,771.2355555555556,771.2355555555556
2024-07-13 19:00:00+00:00,124.31722222222224,124.31722222222224
2024-07-13 20:00:00+00:00,743.9925,0.0
2024-07-13 21:00:00+00:00,1573.2594444444444,1573.2594444444444
2024-07-13 22:00:00+00:00,299.52222222222224,299.52222222222224
2024-07-13 23:00:00+00:00,480.43916666666667,480.43916666666667
2024-07-14 00:00:00+00:00,861.6272222222223,861.6272222222223
2024-07-14 01:00:00+00:00,738.6238888888889,738.6238888888889
2024-07-14 02:00:00+00:00,981.7694444444444,0.0
2024-07-14 03:00:00+00:00,698.8461111111111,698.8461111111111
2024-07-14 04:00:00+00:00,710.6741666666667,710.6741666666667
2024-07-14 05:00:00+00:00,475.495,475.495
2024-07-14 06:00:00+00:00,568.6355555555556,568.6355555555556
2024-07-14 07:00:00+00:00,692.3397222222222,692.3397222222222
2024-07-14 08:00:00+00:00,829.7233333333334,0.0
2024-07-14 09:00:00+00:00,472.5827777777778,472.5827777777778
2024-07-14 10:00:00+00:00,639.8655555555556,639.8655555555556
2024-07-14 11:00:00+00:00,462.7319444444444,0.0
2024-07-14 12:00:00+00:00,116.47583333333333,116.47583333333333
2024-07-14 13:00:00+00:00,293.8283333333333,293.8283333333333
2024-07-14 14:00:00+00:00,517.5527777777778,0.0
2024-07-14 15:00:00+00:00,801.995,0.0
2024-07-14 16:00:00+00:00,64.31,64.31
2024-07-14 17:00:00+00:00,906.3977777777778,906.3977777777778
2024-07-14 18:00:00+00:00,326.64416666666665,326.64416666666665
2024-07-14 19:00:00+00:00,683.5397222222222,683.5397222222222
2024-07-14 20:00:00+00:00,265.6644444444444,265.6644444444444
2024-07-14 21:00:00+00:00,1048.2625,1048.2625
