time,original,imputed
2023-10-09 00:00:00+00:00,380417.1322222222,380417.1322222222
2023-10-09 01:00:00+00:00,295230.2758333333,295230.2758333333
2023-10-09 02:00:00+00:00,725189.6361111111,725189.6361111111
2023-10-09 03:00:00+00:00,1085429.1702777778,1085429.1702777778
2023-10-09 04:00:00+00:00,1130805.1247222223,634971.2237076296
2023-10-09 05:00:00+00:00,1100612.259722222,1100612.259722222
2023-10-09 06:00:00+00:00,867155.645,867155.645
2023-10-09 07:00:00+00:00,1014689.6752777778,1014689.6752777778
2023-10-09 08:00:00+00:00,908068.5047222222,957322.60059573
2023-10-09 09:00:00+00:00,1531513.0216666667,1531513.0216666667
2023-10-09 10:00:00+00:00,1630519.0733333332,1285405.8224196755
2023-10-09 11:00:00+00:00,935707.8430555556,935707.8430555556
2023-10-09 12:00:00+00:00,980576.9225,980576.9225
2023-10-09 13:00:00+00:00,572686.4772222223,572686.4772222223
2023-10-09 14:00:00+00:00,604950.3311111111,604950.3311111111
2023-10-09 15:00:00+00:00,897591.675,741442.2288140082
2023-10-09 16:00:00+00:00,631351.6577777778,631351.6577777778
2023-10-09 17:00:00+00:00,639028.2325,663102.9243828827
2023-10-09 18:00:00+00:00,793198.3019444444,793198.3019444444
2023-10-09 19:00:00+00:00,746868.1652777778,746868.1652777778
2023-10-09 20:00:00+00:00,539699.9069444444,539699.9069444444
2023-10-09 21:00:00+00:00,242117.21666666667,651760.917099478
2023-10-09 22:00:00+00:00,389547.7766666667,389547.7766666667
2023-10-09 23:00:00+00:00,162796.9925,162796.9925
2023-10-10 00:00:00+00:00,377612.95666666667,377612.95666666667
2023-10-10 01:00:00+00:00,225565.3711111111,360946.69701857463
2023-10-10 02:00:00+00:00,976302.9869444444,976302.9869444444
2023-10-10 03:00:00+00:00,689955.848611111,707065.1593425514
2023-10-10 04:00:00+00:00,931663.2147222222,846351.2369989936
2023-10-10 05:00:00+00:00,1126595.6702777778,1126595.6702777778
2023-10-10 06:00:00+00:00,1595978.9327777778,1595978.9327777778
2023-10-10 07:00:00+00:00,1118748.635,1118748.635
2023-10-10 08:00:00+00:00,1262036.2091666667,1206368.698370892
2023-10-10 09:00:00+00:00,1696160.2213888888,1196506.2742791395
2023-10-10 10:00:00+00:00,1313775.3183333334,1313775.3183333334
2023-10-10 11:00:00+00:00,1159818.5030555555,1260508.234641787
2023-10-10 12:00:00+00:00,821200.2927777778,1211499.0173650642
2023-10-10 13:00:00+00:00,816889.8938888889,816889.8938888889
2023-10-10 14:00:00+00:00,692952.2027777778,983068.0504883667
2023-10-10 15:00:00+00:00,779522.9622222222,779522.9622222222
2023-10-10 16:00:00+00:00,1158942.5916666666,1158942.5916666666
2023-10-10 17:00:00+00:00,534882.9261111111,534882.9261111111
2023-10-10 18:00:00+00:00,695799.785,695799.785
2023-10-10 19:00:00+00:00,533417.7127777778,747873.2512887032
2023-10-10 20:00:00+00:00,798324.0469444444,798324.0469444444
2023-10-10 21:00:00+00:00,988713.8069444444,988713.8069444444
2023-10-10 22:00:00+00:00,964609.4080555557,865216.5348453489
2023-10-10 23:00:00+00:00,1066694.2625,847586.6526845234
2023-10-11 00:00:00+00:00,496964.1011111111,496964.1011111111
2023-10-11 01:00:00+00:00,363072.9611111111,648737.9783672153
2023-10-11 02:00:00+00:00,1704418.06,713465.9657638636
2023-10-11 03:00:00+00:00,1370986.2283333333,880889.1718856473
2023-10-11 04:00:00+00:00,1697656.2527777778,1697656.2527777778
2023-10-11 05:00:00+00:00,1043927.9302777778,1043927.9302777778
2023-10-11 06:00:00+00:00,855088.1913888889,855088.1913888889
2023-10-11 07:00:00+00:00,858382.0663888889,858382.0663888889
2023-10-11 08:00:00+00:00,1007089.6661111112,1007089.6661111112
2023-10-11 09:00:00+00:00,959916.3958333334,959916.3958333334
2023-10-11 10:00:00+00:00,1052899.9444444445,975981.9100578176
2023-10-11 11:00:00+00:00,1207372.6802777778,922180.6841622402
2023-10-11 12:00:00+00:00,638069.4494444445,638069.4494444445
2023-10-11 13:00:00+00:00,776933.8627777778,776933.8627777778
2023-10-11 14:00:00+00:00,783496.4441666667,783496.4441666667
2023-10-11 15:00:00+00:00,813460.4847222222,813460.4847222222
2023-10-11 16:00:00+00:00,526297.9461111111,526297.9461111111
2023-10-11 17:00:00+00:00,779938.3969444444,779938.3969444444
2023-10-11 18:00:00+00:00,1048984.0472222222,1048984.0472222222
2023-10-11 19:00:00+00:00,452972.9183333333,864014.0917057258
2023-10-11 20:00:00+00:00,604640.223611111,835093.8275933479
2023-10-11 21:00:00+00:00,295161.3258333333,295161.3258333333
2023-10-11 22:00:00+00:00,383085.4194444445,528600.1545948607
2023-10-11 23:00:00+00:00,434494.8211111111,434494.8211111111
2023-10-12 00:00:00+00:00,302242.3727777778,302242.3727777778
2023-10-12 01:00:00+00:00,354905.7838888889,384017.045178554
2023-10-12 02:00:00+00:00,563442.0913888889,401050.09779115673
2023-10-12 03:00:00+00:00,988950.7863888888,463354.8718271161
2023-10-12 04:00:00+00:00,1517082.0891666666,551184.9792295734
2023-10-12 05:00:00+00:00,906370.5861111112,906370.5861111112
2023-10-12 06:00:00+00:00,1122149.9794444444,1122149.9794444444
2023-10-12 07:00:00+00:00,946945.7905555556,946945.7905555556
2023-10-12 08:00:00+00:00,948402.5894444444,948402.5894444444
2023-10-12 09:00:00+00:00,1359176.8144444444,1359176.8144444444
2023-10-12 10:00:00+00:00,906983.0208333334,906983.0208333334
2023-10-12 11:00:00+00:00,1065839.0580555554,1028379.5803964905
2023-10-12 12:00:00+00:00,926837.6894444444,991194.3756365194
2023-10-12 13:00:00+00:00,778848.2075,985993.349533269
2023-10-12 14:00:00+00:00,1051557.378611111,1051557.378611111
2023-10-12 15:00:00+00:00,1007825.5830555556,1007825.5830555556
2023-10-12 16:00:00+00:00,1138422.493611111,1015719.3663761179
2023-10-12 17:00:00+00:00,919796.7552777778,919796.7552777778
2023-10-12 18:00:00+00:00,1104267.4808333332,961114.7384049107
2023-10-12 19:00:00+00:00,554198.2755555556,554198.2755555556
2023-10-12 20:00:00+00:00,343445.9786111111,343445.9786111111
2023-10-12 21:00:00+00:00,434172.8533333333,560555.6813294969
2023-10-12 22:00:00+00:00,342545.9577777778,441487.65600344265
2023-10-12 23:00:00+00:00,175828.18,175828.18
2023-10-13 00:00:00+00:00,140208.1172222222,274021.5417098289
2023-10-13 01:00:00+00:00,316616.5933333333,334559.6162795804
2023-10-13 02:00:00+00:00,437111.89222222223,472060.05609950796
2023-10-13 03:00:00+00:00,1123774.115,1123774.115
2023-10-13 04:00:00+00:00,1003210.1944444444,1003210.1944444444
2023-10-13 05:00:00+00:00,1340756.391388889,1340756.391388889
2023-10-13 06:00:00+00:00,1912027.3191666664,1104376.9871451068
2023-10-13 07:00:00+00:00,1068282.4808333332,1068282.4808333332
2023-10-13 08:00:00+00:00,1213437.3941666668,1213437.3941666668
2023-10-13 09:00:00+00:00,1095377.173888889,1095377.173888889
2023-10-13 10:00:00+00:00,1141555.5319444444,1141555.5319444444
2023-10-13 11:00:00+00:00,1048014.8225,1135094.688943812
2023-10-13 12:00:00+00:00,1415357.1416666666,1045431.0397877607
2023-10-13 13:00:00+00:00,505468.6616666667,505468.6616666667
2023-10-13 14:00:00+00:00,631818.9955555556,631818.9955555556
2023-10-13 15:00:00+00:00,660354.0375,686761.8034728592
2023-10-13 16:00:00+00:00,953694.3888888888,656399.031013386
2023-10-13 17:00:00+00:00,587813.0280555555,587813.0280555555
2023-10-13 18:00:00+00:00,818091.6144444444,613223.842141963
2023-10-13 19:00:00+00:00,799274.895,799274.895
2023-10-13 20:00:00+00:00,412148.0447222222,412148.0447222222
2023-10-13 21:00:00+00:00,379478.00666666665,379478.00666666665
2023-10-13 22:00:00+00:00,493676.1197222222,493676.1197222222
2023-10-13 23:00:00+00:00,214507.82972222223,214507.82972222223
2023-10-14 00:00:00+00:00,93627.69694444444,93627.69694444444
2023-10-14 01:00:00+00:00,243784.63916666663,243784.63916666663
2023-10-14 02:00:00+00:00,177748.43,247610.2877444307
2023-10-14 03:00:00+00:00,459703.8541666667,459703.8541666667
2023-10-14 04:00:00+00:00,863010.8711111111,365729.4604583108
2023-10-14 05:00:00+00:00,574302.4186111111,574302.4186111111
2023-10-14 06:00:00+00:00,1226400.1247222223,493905.93103981233
2023-10-14 07:00:00+00:00,402158.86861111113,514511.9668111627
2023-10-14 08:00:00+00:00,455211.4430555556,511669.273968056
2023-10-14 09:00:00+00:00,441686.8680555556,441686.8680555556
2023-10-14 10:00:00+00:00,483736.83555555553,472087.6025867451
2023-10-14 11:00:00+00:00,879125.2272222223,879125.2272222223
2023-10-14 12:00:00+00:00,656819.2316666667,656819.2316666667
2023-10-14 13:00:00+00:00,540594.8919444444,678876.3126768272
2023-10-14 14:00:00+00:00,900140.1277777777,900140.1277777777
2023-10-14 15:00:00+00:00,973754.4358333332,799881.125641189
2023-10-14 16:00:00+00:00,1402563.0536111111,1402563.0536111111
2023-10-14 17:00:00+00:00,1543345.4036111112,1543345.4036111112
2023-10-14 18:00:00+00:00,1041209.9,1041209.9
2023-10-14 19:00:00+00:00,809416.6166666667,1199025.533775519
2023-10-14 20:00:00+00:00,756749.8444444444,756749.8444444444
2023-10-14 21:00:00+00:00,847525.3336111112,847525.3336111112
2023-10-14 22:00:00+00:00,324272.81888888887,324272.81888888887
2023-10-14 23:00:00+00:00,347316.53222222225,347316.53222222225
2023-10-15 00:00:00+00:00,351977.9141666667,351977.9141666667
2023-10-15 01:00:00+00:00,370722.775,444381.5661726842
2023-10-15 02:00:00+00:00,357935.00916666666,474335.25302408595
2023-10-15 03:00:00+00:00,835209.5808333333,835209.5808333333
2023-10-15 04:00:00+00:00,871638.2208333333,871638.2208333333
2023-10-15 05:00:00+00:00,854302.2036111112,764081.0966202952
2023-10-15 06:00:00+00:00,1114744.4852777778,1114744.4852777778
2023-10-15 07:00:00+00:00,1249161.076666667,1249161.076666667
2023-10-15 08:00:00+00:00,1252779.1852777775,1093666.475226254
2023-10-15 09:00:00+00:00,957303.6113888888,957303.6113888888
2023-10-15 10:00:00+00:00,1104445.736111111,1036540.9175062972
2023-10-15 11:00:00+00:00,1307063.1808333334,1307063.1808333334
2023-10-15 12:00:00+00:00,1297729.8980555555,1178056.9417898478
2023-10-15 13:00:00+00:00,988596.7261111112,988596.7261111112
2023-10-15 14:00:00+00:00,1099803.6872222223,1099803.6872222223
2023-10-15 15:00:00+00:00,1219854.2297222223,1219854.2297222223
2023-10-15 16:00:00+00:00,961385.7427777778,1148409.7450155905
2023-10-15 17:00:00+00:00,1464893.266111111,1464893.266111111
2023-10-15 18:00:00+00:00,1149850.806111111,1334152.7699003897
2023-10-15 19:00:00+00:00,983195.3969444444,1309922.9642502149
2023-10-15 20:00:00+00:00,906019.7788888888,906019.7788888888
2023-10-15 21:00:00+00:00,522238.6775,1080234.0056480332
2023-10-15 22:00:00+00:00,284524.33972222224,284524.33972222224
2023-10-15 23:00:00+00:00,333551.1513888889,333551.1513888889
2023-10-16 00:00:00+00:00,529138.9833333333,491619.1578520759
2023-10-16 01:00:00+00:00,435040.63416666666,435040.63416666666
2023-10-16 02:00:00+00:00,854674.0061111111,440547.4071705294
2023-10-16 03:00:00+00:00,1406515.8869444444,1406515.8869444444
2023-10-16 04:00:00+00:00,1100626.358888889,979980.024821122
2023-10-16 05:00:00+00:00,1547205.4955555554,1547205.4955555554
2023-10-16 06:00:00+00:00,1162104.639166667,1349585.5826870932
2023-10-16 07:00:00+00:00,1383816.0247222222,1377652.1210659882
2023-10-16 08:00:00+00:00,1147386.7075,1147386.7075
2023-10-16 09:00:00+00:00,1476121.9422222222,1476121.9422222222
2023-10-16 10:00:00+00:00,1045936.2608333334,1045936.2608333334
2023-10-16 11:00:00+00:00,1196195.798333333,1196195.798333333
2023-10-16 12:00:00+00:00,886452.9897222222,886452.9897222222
2023-10-16 13:00:00+00:00,566456.9247222223,566456.9247222223
2023-10-16 14:00:00+00:00,676767.7166666667,676767.7166666667
2023-10-16 15:00:00+00:00,761891.4205555556,773986.4333408319
2023-10-16 16:00:00+00:00,840767.5947222222,840767.5947222222
2023-10-16 17:00:00+00:00,1042716.7444444444,1042716.7444444444
2023-10-16 18:00:00+00:00,816956.2694444444,905512.8671047186
2023-10-16 19:00:00+00:00,526340.2286111111,897110.7290242236
2023-10-16 20:00:00+00:00,573315.4163888888,573315.4163888888
2023-10-16 21:00:00+00:00,526416.6061111111,714728.9293949505
2023-10-16 22:00:00+00:00,468115.8869444445,468115.8869444445
2023-10-16 23:00:00+00:00,202230.9030555556,559449.5347837156
2023-10-17 00:00:00+00:00,337347.2816666667,497952.6489570421
2023-10-17 01:00:00+00:00,319142.78444444446,319142.78444444446
2023-10-17 02:00:00+00:00,492983.7011111111,388198.3553128962
2023-10-17 03:00:00+00:00,1162819.4016666666,511094.93198709935
2023-10-17 04:00:00+00:00,1371589.0844444444,1371589.0844444444
2023-10-17 05:00:00+00:00,1172037.461666667,1172037.461666667
2023-10-17 06:00:00+00:00,1192863.9991666668,1081671.4301224672
2023-10-17 07:00:00+00:00,1862407.316666667,1127858.294889756
2023-10-17 08:00:00+00:00,1218611.470277778,1218611.470277778
2023-10-17 09:00:00+00:00,1367384.1236111112,1367384.1236111112
2023-10-17 10:00:00+00:00,890191.6041666666,890191.6041666666
2023-10-17 11:00:00+00:00,1086848.975,1101564.8930174175
2023-10-17 12:00:00+00:00,533215.7611111111,968242.8862765938
2023-10-17 13:00:00+00:00,849501.6233333333,851946.3050137105
2023-10-17 14:00:00+00:00,344498.23527777777,745249.0861644394
2023-10-17 15:00:00+00:00,418748.9897222222,418748.9897222222
2023-10-17 16:00:00+00:00,679082.7266666667,545730.996996878
2023-10-17 17:00:00+00:00,622550.3827777777,622550.3827777777
2023-10-17 18:00:00+00:00,716420.9358333333,716420.9358333333
2023-10-17 19:00:00+00:00,184239.83194444445,184239.83194444445
2023-10-17 20:00:00+00:00,254724.0652777778,438725.6680315405
2023-10-17 21:00:00+00:00,266785.3636111111,266785.3636111111
2023-10-17 22:00:00+00:00,168091.07166666666,168091.07166666666
2023-10-17 23:00:00+00:00,177419.43777777778,177419.43777777778
2023-10-18 00:00:00+00:00,233051.1988888889,217684.19330192136
2023-10-18 01:00:00+00:00,133190.5872222222,217140.71895994633
2023-10-18 02:00:00+00:00,294475.7013888889,294475.7013888889
2023-10-18 03:00:00+00:00,888498.3972222222,260295.26658957728
2023-10-18 04:00:00+00:00,691926.3113888889,337240.6576774045
2023-10-18 05:00:00+00:00,721162.8766666667,721162.8766666667
2023-10-18 06:00:00+00:00,821071.2130555556,821071.2130555556
2023-10-18 07:00:00+00:00,724890.2133333334,724890.2133333334
2023-10-18 08:00:00+00:00,762928.7055555555,697440.2845170446
2023-10-18 09:00:00+00:00,653395.7527777777,653395.7527777777
2023-10-18 10:00:00+00:00,949525.6744444444,676188.640677921
2023-10-18 11:00:00+00:00,695353.2266666667,695353.2266666667
2023-10-18 12:00:00+00:00,324863.4952777778,324863.4952777778
2023-10-18 13:00:00+00:00,268223.3122222222,527410.96205496
2023-10-18 14:00:00+00:00,503886.6127777778,471282.75013200054
2023-10-18 15:00:00+00:00,546457.4547222222,546457.4547222222
2023-10-18 16:00:00+00:00,427916.03,427916.03
2023-10-18 17:00:00+00:00,563765.4138888889,563765.4138888889
2023-10-18 18:00:00+00:00,440509.4322222222,440509.4322222222
2023-10-18 19:00:00+00:00,484868.77527777775,484868.77527777775
2023-10-18 20:00:00+00:00,478884.0094444445,478884.0094444445
2023-10-18 21:00:00+00:00,279449.50166666665,279449.50166666665
2023-10-18 22:00:00+00:00,336841.4452777778,393019.8032100433
2023-10-18 23:00:00+00:00,333561.12111111113,324596.5544115564
2023-10-19 00:00:00+00:00,149547.00861111112,149547.00861111112
2023-10-19 01:00:00+00:00,492183.97944444447,492183.97944444447
2023-10-19 02:00:00+00:00,580435.6788888889,336376.47918187786
2023-10-19 03:00:00+00:00,427121.1216666666,427121.1216666666
2023-10-19 04:00:00+00:00,671239.7061111111,671239.7061111111
2023-10-19 05:00:00+00:00,804853.4619444445,804853.4619444445
2023-10-19 06:00:00+00:00,1674943.6827777778,1674943.6827777778
2023-10-19 07:00:00+00:00,1380599.2219444443,1380599.2219444443
2023-10-19 08:00:00+00:00,616111.145,1219231.2365535786
2023-10-19 09:00:00+00:00,939280.026388889,939280.026388889
2023-10-19 10:00:00+00:00,909423.0733333334,909423.0733333334
2023-10-19 11:00:00+00:00,589714.3797222222,589714.3797222222
2023-10-19 12:00:00+00:00,646558.3375,646558.3375
2023-10-19 13:00:00+00:00,391554.3825,747173.03015472
2023-10-19 14:00:00+00:00,420958.4197222222,678207.74060231
2023-10-19 15:00:00+00:00,474060.875,474060.875
2023-10-19 16:00:00+00:00,408243.85527777777,408243.85527777777
2023-10-19 17:00:00+00:00,377733.26666666666,489917.0866867051
2023-10-19 18:00:00+00:00,574329.0819444444,434492.8879711571
2023-10-19 19:00:00+00:00,272057.2938888889,272057.2938888889
2023-10-19 20:00:00+00:00,486909.3858333333,334859.32207290246
2023-10-19 21:00:00+00:00,229744.2747222222,229744.2747222222
2023-10-19 22:00:00+00:00,455636.0888888889,268363.1608060613
2023-10-19 23:00:00+00:00,246287.0638888889,260971.27828222828
2023-10-20 00:00:00+00:00,294759.74944444443,294759.74944444443
2023-10-20 01:00:00+00:00,353489.64444444445,278688.76358399226
2023-10-20 02:00:00+00:00,559604.1822222222,337468.4515218354
2023-10-20 03:00:00+00:00,834989.8872222222,422379.8430781991
2023-10-20 04:00:00+00:00,789912.0652777777,522024.94533355813
2023-10-20 05:00:00+00:00,837073.45,629977.2836624138
2023-10-20 06:00:00+00:00,1369370.431388889,742613.4502943126
2023-10-20 07:00:00+00:00,1643959.76,857890.4769400946
2023-10-20 08:00:00+00:00,1030215.4766666668,974656.4867769124
2023-10-20 09:00:00+00:00,1362976.5569444443,1362976.5569444443
2023-10-20 10:00:00+00:00,1237746.2041666666,1237746.2041666666
2023-10-20 11:00:00+00:00,825830.1613888888,1222294.4080800253
2023-10-20 12:00:00+00:00,799439.9416666667,1126208.8739034305
2023-10-20 13:00:00+00:00,530516.9097222222,530516.9097222222
2023-10-20 14:00:00+00:00,440188.5936111111,440188.5936111111
2023-10-20 15:00:00+00:00,349403.6105555556,349403.6105555556
2023-10-20 16:00:00+00:00,855399.5783333334,507936.4465845393
2023-10-20 17:00:00+00:00,482453.1983333333,437968.26675628027
2023-10-20 18:00:00+00:00,468810.7308333333,397698.31227815436
2023-10-20 19:00:00+00:00,403584.7841666667,374172.9630110074
2023-10-20 20:00:00+00:00,340002.1327777778,340002.1327777778
2023-10-20 21:00:00+00:00,339703.66194444447,339703.66194444447
2023-10-20 22:00:00+00:00,231542.07777777777,346257.4237933532
2023-10-20 23:00:00+00:00,184607.1519444445,347671.1016647208
2023-10-21 00:00:00+00:00,369088.1886111112,369088.1886111112
2023-10-21 01:00:00+00:00,225225.09833333333,359870.9134656272
2023-10-21 02:00:00+00:00,342128.33,342128.33
2023-10-21 03:00:00+00:00,314312.935,351083.7450948083
2023-10-21 04:00:00+00:00,286827.9561111111,286827.9561111111
2023-10-21 05:00:00+00:00,578713.955,314054.70119254827
2023-10-21 06:00:00+00:00,551780.3747222222,551780.3747222222
2023-10-21 07:00:00+00:00,468574.7575,468574.7575
2023-10-21 08:00:00+00:00,233709.74277777775,233709.74277777775
2023-10-21 09:00:00+00:00,350797.5125,350797.5125
2023-10-21 10:00:00+00:00,444672.58222222223,444672.58222222223
2023-10-21 11:00:00+00:00,410060.54527777777,410060.54527777777
2023-10-21 12:00:00+00:00,542545.2461111111,542545.2461111111
2023-10-21 13:00:00+00:00,977361.2255555555,462772.36967512977
2023-10-21 14:00:00+00:00,969885.8422222222,969885.8422222222
2023-10-21 15:00:00+00:00,726732.8025,726732.8025
2023-10-21 16:00:00+00:00,772993.695,772993.695
2023-10-21 17:00:00+00:00,983038.5408333334,983038.5408333334
2023-10-21 18:00:00+00:00,721672.6719444444,855172.466455654
2023-10-21 19:00:00+00:00,727570.2027777778,727570.2027777778
2023-10-21 20:00:00+00:00,845205.4036111111,799548.0022893954
2023-10-21 21:00:00+00:00,416957.9377777778,686602.5768264607
2023-10-21 22:00:00+00:00,166667.7836111111,166667.7836111111
2023-10-21 23:00:00+00:00,202592.88916666663,202592.88916666663
2023-10-22 00:00:00+00:00,163627.86666666667,301454.9695161863
2023-10-22 01:00:00+00:00,244836.2772222222,286437.9568626684
2023-10-22 02:00:00+00:00,216194.7163888889,306075.1322809698
2023-10-22 03:00:00+00:00,401369.8458333333,345251.2091429909
2023-10-22 04:00:00+00:00,333743.2652777778,395443.8092845704
2023-10-22 05:00:00+00:00,589192.0947222222,589192.0947222222
2023-10-22 06:00:00+00:00,758541.1705555556,511753.93354080897
2023-10-22 07:00:00+00:00,517787.30611111113,517787.30611111113
2023-10-22 08:00:00+00:00,425411.83722222224,425411.83722222224
2023-10-22 09:00:00+00:00,487882.03527777776,487882.03527777776
2023-10-22 10:00:00+00:00,545208.2825,484207.2870731503
2023-10-22 11:00:00+00:00,669076.4488888889,669076.4488888889
2023-10-22 12:00:00+00:00,862659.3466666667,862659.3466666667
2023-10-22 13:00:00+00:00,1266218.215,1266218.215
2023-10-22 14:00:00+00:00,654833.9975,654833.9975
2023-10-22 15:00:00+00:00,640528.2061111111,640528.2061111111
2023-10-22 16:00:00+00:00,706302.3786111111,706302.3786111111
2023-10-22 17:00:00+00:00,683942.6788888889,726917.0519920867
2023-10-22 18:00:00+00:00,688375.8030555556,688375.8030555556
2023-10-22 19:00:00+00:00,634545.8608333333,702832.326842254
2023-10-22 20:00:00+00:00,424457.0466666667,424457.0466666667
2023-10-22 21:00:00+00:00,182122.5261111111,182122.5261111111
2023-10-22 22:00:00+00:00,178511.44611111112,386950.0202871794
2023-10-22 23:00:00+00:00,200565.0825,200565.0825
2023-10-23 00:00:00+00:00,115095.52638888887,257548.86703042913
2023-10-23 01:00:00+00:00,202304.86833333332,202304.86833333332
2023-10-23 02:00:00+00:00,550703.6894444445,219652.93720334597
2023-10-23 03:00:00+00:00,1010442.4108333334,1010442.4108333334
2023-10-23 04:00:00+00:00,1019912.2047222222,659680.2607231215
2023-10-23 05:00:00+00:00,1354780.31,1354780.31
2023-10-23 06:00:00+00:00,1295780.1169444444,1295780.1169444444
2023-10-23 07:00:00+00:00,1065955.1702777778,1065955.1702777778
2023-10-23 08:00:00+00:00,1524398.528333333,1524398.528333333
2023-10-23 09:00:00+00:00,2267165.8694444443,2267165.8694444443
2023-10-23 10:00:00+00:00,1948610.223888889,1948610.223888889
2023-10-23 11:00:00+00:00,559873.3586111111,1821508.3415489516
2023-10-23 12:00:00+00:00,415957.25666666665,415957.25666666665
2023-10-23 13:00:00+00:00,595725.5405555556,1051240.077090408
2023-10-23 14:00:00+00:00,613163.9827777778,613163.9827777778
2023-10-23 15:00:00+00:00,573069.6666666666,728178.6625254409
2023-10-23 16:00:00+00:00,886902.9941666666,886902.9941666666
2023-10-23 17:00:00+00:00,728095.4575,728095.4575
2023-10-23 18:00:00+00:00,698911.9763888889,698911.9763888889
2023-10-23 19:00:00+00:00,865985.0788888889,865985.0788888889
2023-10-23 20:00:00+00:00,333355.05,333355.05
2023-10-23 21:00:00+00:00,436135.35,436135.35
2023-10-23 22:00:00+00:00,194358.0175,194358.0175
2023-10-23 23:00:00+00:00,511408.40444444446,511408.40444444446
2023-10-24 00:00:00+00:00,220379.4669444445,220379.4669444445
2023-10-24 01:00:00+00:00,309239.2427777778,342901.1817559302
2023-10-24 02:00:00+00:00,535163.8905555556,368818.0243829413
2023-10-24 03:00:00+00:00,1020438.5725,462788.32901794673
2023-10-24 04:00:00+00:00,948140.1886111113,948140.1886111113
2023-10-24 05:00:00+00:00,964006.3213888888,964006.3213888888
2023-10-24 06:00:00+00:00,1012572.5202777778,1012572.5202777778
2023-10-24 07:00:00+00:00,958453.525,958453.525
2023-10-24 08:00:00+00:00,1218099.0541666667,935009.0168283891
2023-10-24 09:00:00+00:00,1819806.5325,1819806.5325
2023-10-24 10:00:00+00:00,1305151.263611111,1305151.263611111
2023-10-24 11:00:00+00:00,1151086.836388889,1377018.9700696846
2023-10-24 12:00:00+00:00,685253.1191666666,1325631.5610229338
2023-10-24 13:00:00+00:00,599606.2780555555,1276617.5292269336
2023-10-24 14:00:00+00:00,1067572.0575,1228941.667123297
2023-10-24 15:00:00+00:00,939778.5016666668,1182020.2986952844
2023-10-24 16:00:00+00:00,1029474.8683333332,1029474.8683333332
2023-10-24 17:00:00+00:00,629807.1505555556,629807.1505555556
2023-10-24 18:00:00+00:00,998023.5663888888,888862.8387972866
2023-10-24 19:00:00+00:00,413666.1075,413666.1075
2023-10-24 20:00:00+00:00,481866.9280555556,481866.9280555556
2023-10-24 21:00:00+00:00,548347.4733333334,548347.4733333334
2023-10-24 22:00:00+00:00,399098.6994444445,399098.6994444445
2023-10-24 23:00:00+00:00,76745.72638888888,76745.72638888888
2023-10-25 00:00:00+00:00,98880.40972222222,305086.56799360376
2023-10-25 01:00:00+00:00,234824.925,234824.925
2023-10-25 02:00:00+00:00,370753.14722222224,370753.14722222224
2023-10-25 03:00:00+00:00,633051.2536111111,633051.2536111111
2023-10-25 04:00:00+00:00,1022452.6286111112,442870.9059573028
2023-10-25 05:00:00+00:00,885412.7197222222,885412.7197222222
2023-10-25 06:00:00+00:00,1305429.4891666668,1305429.4891666668
2023-10-25 07:00:00+00:00,1025749.2530555556,971796.4502258288
2023-10-25 08:00:00+00:00,875463.0752777777,875463.0752777777
2023-10-25 09:00:00+00:00,1173323.7466666666,1173323.7466666666
2023-10-25 10:00:00+00:00,864653.3108333333,1052458.6015429054
2023-10-25 11:00:00+00:00,861673.6261111111,861673.6261111111
2023-10-25 12:00:00+00:00,892125.2491666666,892125.2491666666
2023-10-25 13:00:00+00:00,520564.4163888889,930758.6430045553
2023-10-25 14:00:00+00:00,987626.3797222222,987626.3797222222
2023-10-25 15:00:00+00:00,932356.3841666668,932356.3841666668
2023-10-25 16:00:00+00:00,1060624.0086111112,946704.9948154314
2023-10-25 17:00:00+00:00,1277310.3158333334,1277310.3158333334
2023-10-25 18:00:00+00:00,780970.0491666667,780970.0491666667
2023-10-25 19:00:00+00:00,816859.0741666667,977646.1264103021
2023-10-25 20:00:00+00:00,608335.4391666667,608335.4391666667
2023-10-25 21:00:00+00:00,266331.29083333333,266331.29083333333
2023-10-25 22:00:00+00:00,457556.3333333333,537325.5178446311
2023-10-25 23:00:00+00:00,222131.4058333333,222131.4058333333
2023-10-26 00:00:00+00:00,262843.6666666667,327766.1802610824
2023-10-26 01:00:00+00:00,254237.1775,254237.1775
2023-10-26 02:00:00+00:00,532747.0433333333,532747.0433333333
2023-10-26 03:00:00+00:00,841691.6663888888,841691.6663888888
2023-10-26 04:00:00+00:00,1348818.9880555556,585138.7935371863
2023-10-26 05:00:00+00:00,1368745.4088888888,1368745.4088888888
2023-10-26 06:00:00+00:00,795103.2511111111,1054829.6377069599
2023-10-26 07:00:00+00:00,1359060.1061111111,1163931.7268278531
2023-10-26 08:00:00+00:00,1005903.9658333332,1197626.1368987283
2023-10-26 09:00:00+00:00,1113617.5858333334,1113617.5858333334
2023-10-26 10:00:00+00:00,1768044.4847222222,1156009.4636207744
2023-10-26 11:00:00+00:00,1473735.308333333,1473735.308333333
2023-10-26 12:00:00+00:00,597810.1986111111,597810.1986111111
2023-10-26 13:00:00+00:00,956154.4486111111,1009762.9490601227
2023-10-26 14:00:00+00:00,1353482.7716666667,848420.1327648554
2023-10-26 15:00:00+00:00,1401478.513888889,775791.6302389363
2023-10-26 16:00:00+00:00,766005.3816666667,766005.3816666667
2023-10-26 17:00:00+00:00,1122182.8727777775,1122182.8727777775
2023-10-26 18:00:00+00:00,590312.9697222222,917284.6765118437
2023-10-26 19:00:00+00:00,475232.7438888889,475232.7438888889
2023-10-26 20:00:00+00:00,453403.3661111111,695311.5469640228
2023-10-26 21:00:00+00:00,245845.43722222224,245845.43722222224
2023-10-26 22:00:00+00:00,400755.12583333335,400755.12583333335
2023-10-26 23:00:00+00:00,203336.22805555555,203336.22805555555
2023-10-27 00:00:00+00:00,359272.43638888886,359272.43638888886
2023-10-27 01:00:00+00:00,217649.3386111111,217649.3386111111
2023-10-27 02:00:00+00:00,544042.7313888889,284948.5641511688
2023-10-27 03:00:00+00:00,831582.1497222222,336590.05372001545
2023-10-27 04:00:00+00:00,3074574.5377777778,446702.5441035492
2023-10-27 05:00:00+00:00,960431.4094444443,960431.4094444443
2023-10-27 06:00:00+00:00,1255161.1216666666,1255161.1216666666
2023-10-27 07:00:00+00:00,1342948.7922222223,1342948.7922222223
2023-10-27 08:00:00+00:00,1582134.0116666667,1582134.0116666667
2023-10-27 09:00:00+00:00,1603011.1894444444,1329082.9973507673
2023-10-27 10:00:00+00:00,1066878.365277778,1066878.365277778
2023-10-27 11:00:00+00:00,1798260.8897222222,1213590.3631920307
2023-10-27 12:00:00+00:00,1323982.296388889,1165428.6445339753
2023-10-27 13:00:00+00:00,1175759.26,1175759.26
2023-10-27 14:00:00+00:00,693780.3558333333,693780.3558333333
2023-10-27 15:00:00+00:00,788903.7966666666,788903.7966666666
2023-10-27 16:00:00+00:00,884147.0266666666,884609.8734777669
2023-10-27 17:00:00+00:00,885244.6652777778,885244.6652777778
2023-10-27 18:00:00+00:00,1020417.3022222222,873196.4864180961
2023-10-27 19:00:00+00:00,846906.3377777778,846906.3377777778
2023-10-27 20:00:00+00:00,527686.5847222222,527686.5847222222
2023-10-27 21:00:00+00:00,775388.1372222222,715040.9111593636
2023-10-27 22:00:00+00:00,537805.3830555555,623403.7722240107
2023-10-27 23:00:00+00:00,519946.56416666665,561818.5657336283
2023-10-28 00:00:00+00:00,436733.2841666667,436733.2841666667
2023-10-28 01:00:00+00:00,299369.20972222224,299369.20972222224
2023-10-28 02:00:00+00:00,239151.0605555556,239151.0605555556
2023-10-28 03:00:00+00:00,429294.2475,429294.2475
2023-10-28 04:00:00+00:00,658635.1858333333,658635.1858333333
2023-10-28 05:00:00+00:00,516013.3358333333,498139.8446052694
2023-10-28 06:00:00+00:00,1484592.227222222,1484592.227222222
2023-10-28 07:00:00+00:00,814261.7227777778,1069437.9395357405
2023-10-28 08:00:00+00:00,731830.4794444444,731830.4794444444
2023-10-28 09:00:00+00:00,608631.1766666666,608631.1766666666
2023-10-28 10:00:00+00:00,1062649.913888889,1062649.913888889
2023-10-28 11:00:00+00:00,1361299.4575,1361299.4575
2023-10-28 12:00:00+00:00,852776.3283333334,1106491.1110811278
2023-10-28 13:00:00+00:00,797534.6858333333,797534.6858333333
2023-10-28 14:00:00+00:00,1224963.5652777778,1224963.5652777778
2023-10-28 15:00:00+00:00,917935.6266666668,917935.6266666668
2023-10-28 16:00:00+00:00,1632896.0422222223,1008427.0732768839
2023-10-28 17:00:00+00:00,1467549.792777778,1003730.2802107175
2023-10-28 18:00:00+00:00,1321102.7966666666,1035855.4139327044
2023-10-28 19:00:00+00:00,824308.6575,1088741.674621237
2023-10-28 20:00:00+00:00,1316552.1505555557,1316552.1505555557
2023-10-28 21:00:00+00:00,662679.5111111111,662679.5111111111
2023-10-28 22:00:00+00:00,808095.2425,808095.2425
2023-10-28 23:00:00+00:00,536408.1811111111,536408.1811111111
2023-10-29 01:00:00+00:00,545343.9775,545343.9775
2023-10-29 02:00:00+00:00,399947.5747222222,657390.4495660502
2023-10-29 03:00:00+00:00,234581.86472222224,234581.86472222224
2023-10-29 04:00:00+00:00,561399.6122222223,407204.48474796134
2023-10-29 05:00:00+00:00,689835.7616666667,367542.59116925544
2023-10-29 06:00:00+00:00,479656.21055555553,479656.21055555553
2023-10-29 07:00:00+00:00,913824.5594444444,913824.5594444444
2023-10-29 08:00:00+00:00,745110.9625,637607.083313688
2023-10-29 09:00:00+00:00,739194.5794444444,739194.5794444444
2023-10-29 10:00:00+00:00,789049.9180555556,789049.9180555556
2023-10-29 11:00:00+00:00,1005391.7741666668,1005391.7741666668
2023-10-29 12:00:00+00:00,1309806.1752777777,1309806.1752777777
2023-10-29 13:00:00+00:00,919473.7533333332,919473.7533333332
2023-10-29 14:00:00+00:00,922647.6494444445,997871.0756255923
2023-10-29 15:00:00+00:00,904290.2038888888,904290.2038888888
2023-10-29 16:00:00+00:00,1025002.47,1025002.47
2023-10-29 17:00:00+00:00,835741.4588888889,835741.4588888889
2023-10-29 18:00:00+00:00,1053893.9725,1053893.9725
2023-10-29 19:00:00+00:00,1171250.0455555555,975090.4413858973
2023-10-29 20:00:00+00:00,781644.9894444444,781644.9894444444
2023-10-29 21:00:00+00:00,729388.1411111112,729388.1411111112
2023-10-29 22:00:00+00:00,1059114.0033333334,1059114.0033333334
2023-10-29 23:00:00+00:00,481055.1144444444,481055.1144444444
2023-10-30 00:00:00+00:00,640037.0627777778,640037.0627777778
2023-10-30 01:00:00+00:00,440224.2916666667,440224.2916666667
2023-10-30 02:00:00+00:00,464320.9583333333,464320.9583333333
2023-10-30 03:00:00+00:00,596902.2730555555,530119.7207640052
2023-10-30 04:00:00+00:00,801772.3191666667,801772.3191666667
2023-10-30 05:00:00+00:00,958536.8866666668,958536.8866666668
2023-10-30 06:00:00+00:00,1457068.9727777778,798062.8541617033
2023-10-30 07:00:00+00:00,2563871.9961111112,856841.9053149318
2023-10-30 08:00:00+00:00,881395.6361111111,881395.6361111111
2023-10-30 09:00:00+00:00,1268768.2225,879913.724495904
2023-10-30 10:00:00+00:00,1183897.7341666666,873893.1940831782
2023-10-30 11:00:00+00:00,2406549.2719444446,863831.7648069639
2023-10-30 12:00:00+00:00,1105933.0002777777,851491.9752796274
2023-10-30 13:00:00+00:00,982015.0611111112,837867.5890303103
2023-10-30 14:00:00+00:00,789686.0505555555,789686.0505555555
2023-10-30 15:00:00+00:00,549838.588888889,808761.8690524682
2023-10-30 16:00:00+00:00,710578.7541666667,710578.7541666667
2023-10-30 17:00:00+00:00,756835.2066666667,756835.2066666667
2023-10-30 18:00:00+00:00,920549.4627777778,753837.4174050156
2023-10-30 19:00:00+00:00,770695.9227777778,770554.1829727255
2023-10-30 20:00:00+00:00,862819.3352777777,862819.3352777777
2023-10-30 21:00:00+00:00,546655.5988888888,824800.261315603
2023-10-30 22:00:00+00:00,343031.5563888889,796621.7158411416
2023-10-30 23:00:00+00:00,554950.7808333334,554950.7808333334
2023-10-31 00:00:00+00:00,384913.08805555553,384913.08805555553
2023-10-31 01:00:00+00:00,465951.6383333333,465951.6383333333
2023-10-31 02:00:00+00:00,437720.1147222222,506761.0342956705
2023-10-31 03:00:00+00:00,368330.4925,368330.4925
2023-10-31 04:00:00+00:00,692298.8641666666,692298.8641666666
2023-10-31 05:00:00+00:00,1153953.846111111,541217.6020131905
2023-10-31 06:00:00+00:00,1754591.032777778,1754591.032777778
2023-10-31 07:00:00+00:00,6639818.7675,1238238.3079470275
2023-10-31 08:00:00+00:00,1435870.1469444444,1382742.7846412878
2023-10-31 09:00:00+00:00,1199431.042777778,1199431.042777778
2023-10-31 10:00:00+00:00,1482265.8655555556,1303215.1084439363
2023-10-31 11:00:00+00:00,1558739.9888888889,1231924.4455822508
2023-10-31 12:00:00+00:00,1020447.8397222222,1020447.8397222222
2023-10-31 13:00:00+00:00,1339631.5111111111,1339631.5111111111
2023-10-31 14:00:00+00:00,718135.1327777777,718135.1327777777
2023-10-31 15:00:00+00:00,1033849.6130555556,1033849.6130555556
2023-10-31 16:00:00+00:00,859302.2938888889,859302.2938888889
2023-10-31 17:00:00+00:00,873638.9641666666,944768.0325512163
2023-10-31 18:00:00+00:00,806982.1288888889,806982.1288888889
2023-10-31 19:00:00+00:00,1123966.4452777775,857217.5500031799
2023-10-31 20:00:00+00:00,927382.9791666666,833113.3069830686
2023-10-31 21:00:00+00:00,791900.0102777778,791900.0102777778
2023-10-31 22:00:00+00:00,1006847.2044444444,1006847.2044444444
2023-10-31 23:00:00+00:00,855099.4394444445,855099.4394444445
2023-11-01 00:00:00+00:00,725067.2480555555,876885.2327636649
2023-11-01 01:00:00+00:00,1001235.0461111112,809113.1015509441
2023-11-01 02:00:00+00:00,454321.7922222222,454321.7922222222
2023-11-01 03:00:00+00:00,771143.9841666666,599963.4367838703
2023-11-01 04:00:00+00:00,808330.4061111112,687145.9277476361
2023-11-01 05:00:00+00:00,790449.4913888889,887009.3244940869
2023-11-01 06:00:00+00:00,1836407.0333333332,1836407.0333333332
2023-11-01 07:00:00+00:00,1236113.7413888888,1236113.7413888888
2023-11-01 08:00:00+00:00,1140723.933888889,1140723.933888889
2023-11-01 09:00:00+00:00,1850977.3172222225,1262381.0763620324
2023-11-01 10:00:00+00:00,1893851.681111111,1199375.4284762247
2023-11-01 11:00:00+00:00,1072344.0875,1072344.0875
2023-11-01 12:00:00+00:00,1071233.2941666667,1071233.2941666667
2023-11-01 13:00:00+00:00,1208449.0152777778,1208449.0152777778
2023-11-01 14:00:00+00:00,1091659.4327777778,1091659.4327777778
2023-11-01 15:00:00+00:00,643062.9216666666,643062.9216666666
2023-11-01 16:00:00+00:00,1038596.3,913285.5565557389
2023-11-01 17:00:00+00:00,1173472.3416666666,859240.9985368602
2023-11-01 18:00:00+00:00,1082013.705,1082013.705
2023-11-01 19:00:00+00:00,609281.9927777778,975211.3499867634
2023-11-01 20:00:00+00:00,823205.2136111112,823205.2136111112
2023-11-01 21:00:00+00:00,957970.6888888888,957970.6888888888
2023-11-01 22:00:00+00:00,660148.3755555556,660148.3755555556
2023-11-01 23:00:00+00:00,402334.6491666666,402334.6491666666
2023-11-02 00:00:00+00:00,250578.0613888889,250578.0613888889
2023-11-02 01:00:00+00:00,357536.7966666667,357536.7966666667
2023-11-02 02:00:00+00:00,272457.19388888887,272457.19388888887
2023-11-02 03:00:00+00:00,447695.4480555556,447695.4480555556
2023-11-02 04:00:00+00:00,535641.3755555556,395372.5827983223
2023-11-02 05:00:00+00:00,1023425.9291666668,1023425.9291666668
2023-11-02 06:00:00+00:00,1106620.7602777777,1106620.7602777777
2023-11-02 07:00:00+00:00,1676592.6658333333,907226.3450371491
2023-11-02 08:00:00+00:00,1459971.004166667,1042583.2607723505
2023-11-02 09:00:00+00:00,1439419.0030555555,1439419.0030555555
2023-11-02 10:00:00+00:00,1556074.6236111112,1556074.6236111112
2023-11-02 11:00:00+00:00,996946.0202777778,1403790.8198545547
2023-11-02 12:00:00+00:00,1747118.0125,1447278.818091919
2023-11-02 13:00:00+00:00,1794664.1461111112,1448864.0706050529
2023-11-02 14:00:00+00:00,1207655.1725,1426823.5028499353
2023-11-02 15:00:00+00:00,1293171.215833333,1293171.215833333
2023-11-02 16:00:00+00:00,658888.3647222222,658888.3647222222
2023-11-02 17:00:00+00:00,495693.9158333333,1047759.5149836232
2023-11-02 18:00:00+00:00,399774.9708333333,399774.9708333333
2023-11-02 19:00:00+00:00,522273.6586111111,637629.8576194078
2023-11-02 20:00:00+00:00,1061688.128888889,542465.1327745257
2023-11-02 21:00:00+00:00,458799.0286111111,458799.0286111111
2023-11-02 22:00:00+00:00,501018.1294444445,501018.1294444445
2023-11-02 23:00:00+00:00,947935.8983333332,947935.8983333332
2023-11-03 00:00:00+00:00,241036.77194444445,241036.77194444445
2023-11-03 01:00:00+00:00,110688.62222222224,110688.62222222224
2023-11-03 02:00:00+00:00,129634.20583333333,129634.20583333333
2023-11-03 03:00:00+00:00,656962.5305555556,656962.5305555556
2023-11-03 04:00:00+00:00,420508.0491666667,420508.0491666667
2023-11-03 05:00:00+00:00,729085.3497222222,729085.3497222222
2023-11-03 06:00:00+00:00,760732.1152777778,760732.1152777778
2023-11-03 07:00:00+00:00,940189.9858333332,940189.9858333332
2023-11-03 08:00:00+00:00,1333235.28,773818.4367126715
2023-11-03 09:00:00+00:00,2239196.5405555554,2239196.5405555554
2023-11-03 10:00:00+00:00,1001197.4188888888,1001197.4188888888
2023-11-03 11:00:00+00:00,965229.87,965229.87
2023-11-03 12:00:00+00:00,718932.161111111,718932.161111111
2023-11-03 13:00:00+00:00,660015.0552777778,660015.0552777778
2023-11-03 14:00:00+00:00,672881.535,672881.535
2023-11-03 15:00:00+00:00,470775.5530555556,767033.9372944337
2023-11-03 16:00:00+00:00,691979.6697222223,691979.6697222223
2023-11-03 17:00:00+00:00,651602.9769444445,651602.9769444445
2023-11-03 18:00:00+00:00,444017.5713888889,686496.9762612666
2023-11-03 19:00:00+00:00,674818.5244444445,634773.9055729249
2023-11-03 20:00:00+00:00,460157.945,569107.9550724747
2023-11-03 21:00:00+00:00,316845.655,316845.655
2023-11-03 22:00:00+00:00,447024.90805555554,447024.90805555554
2023-11-03 23:00:00+00:00,231809.8786111111,231809.8786111111
2023-11-04 00:00:00+00:00,220981.80694444448,220981.80694444448
2023-11-04 01:00:00+00:00,311333.2430555556,311333.2430555556
2023-11-04 02:00:00+00:00,300986.9533333333,300986.9533333333
2023-11-04 03:00:00+00:00,232179.2475,232179.2475
2023-11-04 04:00:00+00:00,129997.43305555556,270481.87354328565
2023-11-04 05:00:00+00:00,463540.3836111111,463540.3836111111
2023-11-04 06:00:00+00:00,403627.6408333333,403627.6408333333
2023-11-04 07:00:00+00:00,378292.3302777778,378292.3302777778
2023-11-04 08:00:00+00:00,821655.7483333333,821655.7483333333
2023-11-04 09:00:00+00:00,472756.0911111111,574369.4762271747
2023-11-04 10:00:00+00:00,435950.7475,650985.9548309253
2023-11-04 11:00:00+00:00,290026.1641666667,662940.6657709435
2023-11-04 12:00:00+00:00,511671.2338888889,638437.448366486
2023-11-04 13:00:00+00:00,463501.4341666666,463501.4341666666
2023-11-04 14:00:00+00:00,835971.4447222222,835971.4447222222
2023-11-04 15:00:00+00:00,755393.2213888889,755393.2213888889
2023-11-04 16:00:00+00:00,956768.5513888889,956768.5513888889
2023-11-04 17:00:00+00:00,1375893.016111111,1375893.016111111
2023-11-04 18:00:00+00:00,1252538.778333333,1252538.778333333
2023-11-04 19:00:00+00:00,880363.3891666667,1143847.8771158413
2023-11-04 20:00:00+00:00,755254.7780555555,1090433.5620443737
2023-11-04 21:00:00+00:00,559083.7486111111,559083.7486111111
2023-11-04 22:00:00+00:00,528410.2938888889,528410.2938888889
2023-11-04 23:00:00+00:00,579122.4216666666,672994.8927041529
2023-11-05 00:00:00+00:00,295717.57194444444,295717.57194444444
2023-11-05 01:00:00+00:00,265752.55611111113,265752.55611111113
2023-11-05 02:00:00+00:00,182680.7086111111,366403.0308852227
2023-11-05 03:00:00+00:00,281546.9305555556,281546.9305555556
2023-11-05 04:00:00+00:00,298192.12083333335,298192.12083333335
2023-11-05 05:00:00+00:00,398765.19416666665,398765.19416666665
2023-11-05 06:00:00+00:00,575065.9116666666,344726.2102138181
2023-11-05 07:00:00+00:00,750816.0930555556,750816.0930555556
2023-11-05 08:00:00+00:00,705328.0336111111,578431.3272598425
2023-11-05 09:00:00+00:00,786076.1158333333,786076.1158333333
2023-11-05 10:00:00+00:00,505000.31666666665,715730.4114053072
2023-11-05 11:00:00+00:00,614088.2580555555,614088.2580555555
2023-11-05 12:00:00+00:00,781866.7227777778,667548.3456656195
2023-11-05 13:00:00+00:00,948296.1536111112,699497.8272320367
2023-11-05 14:00:00+00:00,994216.2577777776,994216.2577777776
2023-11-05 15:00:00+00:00,982460.8444444444,869364.470834692
2023-11-05 16:00:00+00:00,2114809.9130555554,882520.4363497106
2023-11-05 17:00:00+00:00,1387238.3638888889,848636.851300108
2023-11-05 18:00:00+00:00,615457.6466666666,615457.6466666666
2023-11-05 19:00:00+00:00,769761.0311111112,769761.0311111112
2023-11-05 20:00:00+00:00,730747.8397222222,730747.8397222222
2023-11-05 21:00:00+00:00,600468.4088888889,734659.41130834
2023-11-05 22:00:00+00:00,481425.87083333335,481425.87083333335
2023-11-05 23:00:00+00:00,334692.9486111111,592585.9198749285
2023-11-06 00:00:00+00:00,415291.84944444447,415291.84944444447
2023-11-06 01:00:00+00:00,230007.70138888888,230007.70138888888
2023-11-06 02:00:00+00:00,475651.8516666667,475651.8516666667
2023-11-06 03:00:00+00:00,385767.5680555556,385767.5680555556
2023-11-06 04:00:00+00:00,567951.3488888888,403126.60602845694
2023-11-06 05:00:00+00:00,1971326.7130555557,1971326.7130555557
2023-11-06 06:00:00+00:00,1237552.7822222223,1237552.7822222223
2023-11-06 07:00:00+00:00,1348878.9455555556,1260263.4755105274
2023-11-06 08:00:00+00:00,1779839.8383333334,1229139.4066308218
2023-11-06 09:00:00+00:00,1114917.9283333332,1190372.6402727151
2023-11-06 10:00:00+00:00,1278318.638888889,1147296.7291588532
2023-11-06 11:00:00+00:00,2127832.2661111117,1101791.2140238283
2023-11-06 12:00:00+00:00,945675.8038888888,945675.8038888888
2023-11-06 13:00:00+00:00,912149.0041666668,912149.0041666668
2023-11-06 14:00:00+00:00,993330.95,965779.5232471973
2023-11-06 15:00:00+00:00,524060.52777777775,524060.52777777775
2023-11-06 16:00:00+00:00,782713.3375,782713.3375
2023-11-06 17:00:00+00:00,545358.8019444444,545358.8019444444
2023-11-06 18:00:00+00:00,765295.2472222223,765295.2472222223
2023-11-06 19:00:00+00:00,1264369.9275,704106.0514814619
2023-11-06 20:00:00+00:00,1068695.056388889,1068695.056388889
2023-11-06 21:00:00+00:00,528813.3777777777,915485.6606484182
2023-11-06 22:00:00+00:00,283182.58,887935.7168620892
2023-11-06 23:00:00+00:00,419579.0433333333,419579.0433333333
2023-11-07 00:00:00+00:00,462056.27972222224,462056.27972222224
2023-11-07 01:00:00+00:00,465028.2788888889,465028.2788888889
2023-11-07 02:00:00+00:00,378353.08416666667,378353.08416666667
2023-11-07 03:00:00+00:00,308233.61861111113,308233.61861111113
2023-11-07 04:00:00+00:00,1126177.2955555555,390921.5471977952
2023-11-07 05:00:00+00:00,870140.9358333333,425445.9734585239
2023-11-07 06:00:00+00:00,1331314.763888889,515502.53625041666
2023-11-07 07:00:00+00:00,1198201.4591666667,636869.5120980968
2023-11-07 08:00:00+00:00,1117436.8319444444,1117436.8319444444
2023-11-07 09:00:00+00:00,934878.7341666666,924864.1994017893
2023-11-07 10:00:00+00:00,1054277.7786111112,1054277.7786111112
2023-11-07 11:00:00+00:00,1514789.7941666667,1514789.7941666667
2023-11-07 12:00:00+00:00,877430.3083333333,877430.3083333333
2023-11-07 13:00:00+00:00,1109689.806111111,1109689.806111111
2023-11-07 14:00:00+00:00,1056249.3113888889,1056249.3113888889
2023-11-07 15:00:00+00:00,755654.4105555556,755654.4105555556
2023-11-07 16:00:00+00:00,860784.1638888889,860784.1638888889
2023-11-07 17:00:00+00:00,774469.0261111112,774469.0261111112
2023-11-07 18:00:00+00:00,727422.4047222222,727422.4047222222
2023-11-07 19:00:00+00:00,921791.9491666668,921791.9491666668
2023-11-07 20:00:00+00:00,1444862.595277778,850307.3113012647
2023-11-07 21:00:00+00:00,964281.6511111112,964281.6511111112
2023-11-07 22:00:00+00:00,608088.8622222223,922824.6814993403
2023-11-07 23:00:00+00:00,552322.8083333333,552322.8083333333
2023-11-08 00:00:00+00:00,428218.9386111112,428218.9386111112
2023-11-08 01:00:00+00:00,432463.2030555556,432463.2030555556
2023-11-08 02:00:00+00:00,436734.9427777778,436734.9427777778
2023-11-08 03:00:00+00:00,1217685.7852777778,485412.15628889634
2023-11-08 04:00:00+00:00,976256.9858333332,976256.9858333332
2023-11-08 05:00:00+00:00,1119119.4127777778,753876.6803197209
2023-11-08 06:00:00+00:00,1146387.4608333334,871789.0624745064
2023-11-08 07:00:00+00:00,1432361.615277778,959186.7015865612
2023-11-08 08:00:00+00:00,1254966.8213888889,1029379.3623087977
2023-11-08 09:00:00+00:00,1216019.4947222222,1216019.4947222222
2023-11-08 10:00:00+00:00,1416176.9266666668,1416176.9266666668
2023-11-08 11:00:00+00:00,982157.9627777778,1263220.82563671
2023-11-08 12:00:00+00:00,1444112.8058333334,1298468.5715213257
2023-11-08 13:00:00+00:00,1091446.9361111112,1286874.2712940138
2023-11-08 14:00:00+00:00,756830.635,1248869.2492080242
2023-11-08 15:00:00+00:00,838732.0541666667,1195973.198932751
2023-11-08 16:00:00+00:00,983306.5536111112,983306.5536111112
2023-11-08 17:00:00+00:00,708752.23,1068655.3877947866
2023-11-08 18:00:00+00:00,902767.6566666666,1019207.6095687834
2023-11-08 19:00:00+00:00,969383.7975,979106.9505429273
2023-11-08 20:00:00+00:00,871234.4441666667,871234.4441666667
2023-11-08 21:00:00+00:00,479549.62083333335,912417.3511026442
2023-11-08 22:00:00+00:00,594976.7308333333,796005.3057960025
2023-11-08 23:00:00+00:00,194104.0225,194104.0225
2023-11-09 00:00:00+00:00,262765.0627777778,440955.7639114053
2023-11-09 01:00:00+00:00,354629.6663888889,354629.6663888889
2023-11-09 02:00:00+00:00,238517.70194444444,238517.70194444444
2023-11-09 03:00:00+00:00,240124.65833333333,308328.3735180632
2023-11-09 04:00:00+00:00,441956.1452777778,441956.1452777778
2023-11-09 05:00:00+00:00,904379.9622222222,904379.9622222222
2023-11-09 06:00:00+00:00,963772.0294444443,963772.0294444443
2023-11-09 07:00:00+00:00,1046416.1508333334,761824.5862115517
2023-11-09 08:00:00+00:00,906305.1255555556,812548.7493242567
2023-11-09 09:00:00+00:00,850953.0944444444,803788.0657531907
2023-11-09 10:00:00+00:00,621154.9605555555,621154.9605555555
2023-11-09 11:00:00+00:00,786837.28,786837.28
2023-11-09 12:00:00+00:00,1250478.34,738033.2319888973
2023-11-09 13:00:00+00:00,1051841.496388889,970321.4308522372
2023-11-09 14:00:00+00:00,2238097.5708333333,2238097.5708333333
2023-11-09 15:00:00+00:00,464265.3416666667,1716105.3950847974
2023-11-09 16:00:00+00:00,861463.4797222222,861463.4797222222
2023-11-09 17:00:00+00:00,830073.2994444445,830073.2994444445
2023-11-09 18:00:00+00:00,674685.3761111111,1096398.9573557551
2023-11-09 19:00:00+00:00,612273.0338888889,931043.0655185153
2023-11-09 20:00:00+00:00,671518.3858333334,788619.9337953901
2023-11-09 21:00:00+00:00,378957.66777777777,378957.66777777777
2023-11-09 22:00:00+00:00,406368.46722222224,536924.0983056435
2023-11-09 23:00:00+00:00,347258.8755555556,461645.5682272867
2023-11-10 00:00:00+00:00,371834.20805555553,412824.10282224545
2023-11-10 01:00:00+00:00,443425.1633333333,378919.7948491051
2023-11-10 02:00:00+00:00,305850.06833333336,305850.06833333336
2023-11-10 03:00:00+00:00,326924.1983333333,332674.66059021617
2023-11-10 04:00:00+00:00,764962.8238888889,764962.8238888889
2023-11-10 05:00:00+00:00,1103328.9675,1103328.9675
2023-11-10 06:00:00+00:00,1805215.471666667,1805215.471666667
2023-11-10 07:00:00+00:00,933267.7286111112,1240274.5374284938
2023-11-10 08:00:00+00:00,1259762.015,1259762.015
2023-11-10 09:00:00+00:00,906954.1127777778,906954.1127777778
2023-11-10 10:00:00+00:00,993707.9469444444,1140199.2850133507
2023-11-10 11:00:00+00:00,1134402.221666667,1134402.221666667
2023-11-10 12:00:00+00:00,964406.2783333332,964406.2783333332
2023-11-10 13:00:00+00:00,654404.0880555556,1045524.4062149792
2023-11-10 14:00:00+00:00,815122.0241666667,815122.0241666667
2023-11-10 15:00:00+00:00,655661.8538888888,655661.8538888888
2023-11-10 16:00:00+00:00,385572.2911111111,385572.2911111111
2023-11-10 17:00:00+00:00,655025.7397222222,655025.7397222222
2023-11-10 18:00:00+00:00,1328258.148888889,633962.3012744049
2023-11-10 19:00:00+00:00,1521916.546388889,1521916.546388889
2023-11-10 20:00:00+00:00,1013207.6202777778,1133041.3482373185
2023-11-10 21:00:00+00:00,636424.1433333333,636424.1433333333
2023-11-10 22:00:00+00:00,641915.0741666667,641915.0741666667
2023-11-10 23:00:00+00:00,464510.4275,789223.4172004976
2023-11-11 00:00:00+00:00,179859.69222222222,179859.69222222222
2023-11-11 01:00:00+00:00,142950.5325,430391.46035387955
2023-11-11 02:00:00+00:00,220660.81027777775,360184.82470072724
2023-11-11 03:00:00+00:00,287127.4186111111,359669.5909937788
2023-11-11 04:00:00+00:00,341124.53222222225,398448.11973999994
2023-11-11 05:00:00+00:00,500258.9041666667,459381.4584715041
2023-11-11 06:00:00+00:00,480674.77555555553,532806.2354069464
2023-11-11 07:00:00+00:00,806863.2638888889,806863.2638888889
2023-11-11 08:00:00+00:00,950740.865,950740.865
2023-11-11 09:00:00+00:00,641276.5930555556,641276.5930555556
2023-11-11 10:00:00+00:00,533168.1677777778,735323.0055526148
2023-11-11 11:00:00+00:00,659733.1330555555,659733.1330555555
2023-11-11 12:00:00+00:00,690772.4805555556,690772.4805555556
2023-11-11 13:00:00+00:00,670706.3805555556,685540.806059814
2023-11-11 14:00:00+00:00,838006.0072222222,650954.3484044974
2023-11-11 15:00:00+00:00,437192.66444444447,437192.66444444447
2023-11-11 16:00:00+00:00,773431.9269444444,525934.5578383764
2023-11-11 17:00:00+00:00,1010940.1077777778,1010940.1077777778
2023-11-11 18:00:00+00:00,1450318.685,1450318.685
2023-11-11 19:00:00+00:00,1079411.9766666666,1075876.200073045
2023-11-11 20:00:00+00:00,542423.8163888889,1100360.4680648218
2023-11-11 21:00:00+00:00,495393.41444444447,495393.41444444447
2023-11-11 22:00:00+00:00,784177.4872222223,784177.4872222223
2023-11-11 23:00:00+00:00,679639.4875,773924.1197662231
2023-11-12 00:00:00+00:00,337574.8638888889,337574.8638888889
2023-11-12 01:00:00+00:00,496709.5722222222,496709.5722222222
2023-11-12 02:00:00+00:00,274605.29777777777,274605.29777777777
2023-11-12 03:00:00+00:00,256979.03916666663,256979.03916666663
2023-11-12 04:00:00+00:00,397472.9886111111,343706.8518980441
2023-11-12 05:00:00+00:00,603685.3327777778,327924.96547466697
2023-11-12 06:00:00+00:00,408615.0563888889,408615.0563888889
2023-11-12 07:00:00+00:00,987244.5316666666,370533.3458528859
2023-11-12 08:00:00+00:00,809097.1319444445,809097.1319444445
2023-11-12 09:00:00+00:00,735517.2180555556,735517.2180555556
2023-11-12 10:00:00+00:00,790336.0388888889,670630.2414355009
2023-11-12 11:00:00+00:00,794941.1713888888,794941.1713888888
2023-11-12 12:00:00+00:00,668693.3475,748115.9232679354
2023-11-12 13:00:00+00:00,1259747.0955555555,1259747.0955555555
2023-11-12 14:00:00+00:00,630361.8519444445,1039946.1689369953
2023-11-12 15:00:00+00:00,824323.3302777777,824323.3302777777
2023-11-12 16:00:00+00:00,652852.2577777777,652852.2577777777
2023-11-12 17:00:00+00:00,639387.2013888889,818367.8521825909
2023-11-12 18:00:00+00:00,646557.348611111,646557.348611111
2023-11-12 19:00:00+00:00,653243.5883333334,653243.5883333334
2023-11-12 20:00:00+00:00,942471.3913888888,942471.3913888888
2023-11-12 21:00:00+00:00,579557.4047222222,579557.4047222222
2023-11-12 22:00:00+00:00,508747.7494444444,508747.7494444444
2023-11-12 23:00:00+00:00,229427.07861111112,229427.07861111112
2023-11-13 00:00:00+00:00,274574.5988888889,274574.5988888889
2023-11-13 01:00:00+00:00,290773.63083333336,372367.39252682135
2023-11-13 02:00:00+00:00,170552.72611111111,170552.72611111111
2023-11-13 03:00:00+00:00,296404.06694444444,296404.06694444444
2023-11-13 04:00:00+00:00,417084.72277777776,417084.72277777776
2023-11-13 05:00:00+00:00,759784.5497222223,333495.46568665653
2023-11-13 06:00:00+00:00,1117009.7197222223,1117009.7197222223
2023-11-13 07:00:00+00:00,1003717.2013888888,781866.5113274992
2023-11-13 08:00:00+00:00,977519.7205555557,977519.7205555557
2023-11-13 09:00:00+00:00,999532.9230555556,932473.9422664322
2023-11-13 10:00:00+00:00,1599175.9244444445,1599175.9244444445
2023-11-13 11:00:00+00:00,1474267.816666667,1310791.371463452
2023-11-13 12:00:00+00:00,2999993.4322222224,1377824.332978091
2023-11-13 13:00:00+00:00,1195073.3019444444,1195073.3019444444
2023-11-13 14:00:00+00:00,550636.2969444444,550636.2969444444
2023-11-13 15:00:00+00:00,658808.1419444444,965419.779848452
2023-11-13 16:00:00+00:00,451443.2136111111,451443.2136111111
2023-11-13 17:00:00+00:00,509272.6597222223,509272.6597222223
2023-11-13 18:00:00+00:00,470946.3180555556,470946.3180555556
2023-11-13 19:00:00+00:00,659111.055,529991.4808078109
2023-11-13 20:00:00+00:00,698927.4102777778,698927.4102777778
2023-11-13 21:00:00+00:00,421348.3608333333,421348.3608333333
2023-11-13 22:00:00+00:00,468353.8575,468353.8575
2023-11-13 23:00:00+00:00,363764.6911111111,363764.6911111111
2023-11-14 00:00:00+00:00,618893.9830555556,618893.9830555556
2023-11-14 01:00:00+00:00,356638.27305555553,519660.85708609346
2023-11-14 02:00:00+00:00,243492.3763888889,243492.3763888889
2023-11-14 03:00:00+00:00,305339.29055555555,305339.29055555555
2023-11-14 04:00:00+00:00,401737.65944444446,401737.65944444446
2023-11-14 05:00:00+00:00,998672.7227777778,370308.6519589289
2023-11-14 06:00:00+00:00,1241288.7386111112,496020.3798050461
2023-11-14 07:00:00+00:00,1172092.763888889,1172092.763888889
2023-11-14 08:00:00+00:00,1142330.1277777778,894019.9863202902
2023-11-14 09:00:00+00:00,1004432.3966666666,1004432.3966666666
2023-11-14 10:00:00+00:00,1275635.9075,989948.4802757293
2023-11-14 11:00:00+00:00,1021624.6405555556,1021624.6405555556
2023-11-14 12:00:00+00:00,1322377.0402777777,1322377.0402777777
2023-11-14 13:00:00+00:00,1352268.203611111,1145935.738633451
2023-11-14 14:00:00+00:00,1161861.9652777778,1172551.0723421553
2023-11-14 15:00:00+00:00,976112.7363888888,976112.7363888888
2023-11-14 16:00:00+00:00,663029.4352777777,663029.4352777777
2023-11-14 17:00:00+00:00,590384.1155555556,590384.1155555556
2023-11-14 18:00:00+00:00,1176057.7702777777,1176057.7702777777
2023-11-14 19:00:00+00:00,997440.4408333332,997440.4408333332
2023-11-14 20:00:00+00:00,822192.1925,822192.1925
2023-11-14 21:00:00+00:00,696783.4516666667,903164.6665541715
2023-11-14 22:00:00+00:00,511809.1152777778,854944.9239217684
2023-11-14 23:00:00+00:00,564386.0133333333,814855.8394018903
2023-11-15 00:00:00+00:00,329504.03305555554,779351.0240965718
2023-11-15 01:00:00+00:00,274137.22055555554,746430.9348910002
2023-11-15 02:00:00+00:00,644718.6638888889,644718.6638888889
2023-11-15 03:00:00+00:00,772103.7041666667,684327.1046529757
2023-11-15 04:00:00+00:00,950696.6177777778,950696.6177777778
2023-11-15 05:00:00+00:00,1291417.3069444443,828394.0594264163
2023-11-15 06:00:00+00:00,1813856.4588888888,906078.9766120092
2023-11-15 07:00:00+00:00,1118103.8644444444,1118103.8644444444
2023-11-15 08:00:00+00:00,817089.2927777778,817089.2927777778
2023-11-15 09:00:00+00:00,1134405.775,941068.1418302906
2023-11-15 10:00:00+00:00,1181381.3094444445,1056146.0602999819
2023-11-15 11:00:00+00:00,1270532.2066666668,1290184.2596463943
2023-11-15 12:00:00+00:00,2368342.0908333333,2368342.0908333333
2023-11-15 13:00:00+00:00,2342890.4,2342890.4
2023-11-15 14:00:00+00:00,1108798.9358333333,2110218.479153013
2023-11-15 15:00:00+00:00,548097.0713888889,1993174.9640765912
2023-11-15 16:00:00+00:00,839852.2616666667,839852.2616666667
2023-11-15 17:00:00+00:00,933604.5594444444,933604.5594444444
2023-11-15 18:00:00+00:00,910641.045,910641.045
2023-11-15 19:00:00+00:00,609241.5191666667,609241.5191666667
2023-11-15 20:00:00+00:00,1902706.198055556,857474.8617924657
2023-11-15 21:00:00+00:00,682462.0225,721409.8066744714
2023-11-15 22:00:00+00:00,501202.93333333335,616901.0073339625
2023-11-15 23:00:00+00:00,354372.1516666667,354372.1516666667
2023-11-16 00:00:00+00:00,334758.0186111111,334758.0186111111
2023-11-16 01:00:00+00:00,226825.16055555557,226825.16055555557
2023-11-16 02:00:00+00:00,413960.27444444445,413960.27444444445
2023-11-16 03:00:00+00:00,537338.8419444445,537338.8419444445
2023-11-16 04:00:00+00:00,854440.2769444444,854440.2769444444
2023-11-16 05:00:00+00:00,742371.0591666667,620560.203424462
2023-11-16 06:00:00+00:00,1124401.6922222222,862369.9724478466
2023-11-16 07:00:00+00:00,819772.8019444444,1138505.5463279416
2023-11-16 08:00:00+00:00,2136468.7252777778,2136468.7252777778
2023-11-16 09:00:00+00:00,1329078.2244444443,1740396.326233981
2023-11-16 10:00:00+00:00,1028770.7455555556,1028770.7455555556
2023-11-16 11:00:00+00:00,1063114.995,1063114.995
2023-11-16 12:00:00+00:00,1256328.3036111111,1256328.3036111111
2023-11-16 13:00:00+00:00,1012314.8747222222,1251688.1424565043
2023-11-16 14:00:00+00:00,663950.8461111111,1188414.0763275407
2023-11-16 15:00:00+00:00,769343.2863888888,1087440.5810507312
2023-11-16 16:00:00+00:00,657504.3952777778,657504.3952777778
2023-11-16 17:00:00+00:00,795892.9375,795892.9375
2023-11-16 18:00:00+00:00,559704.8380555556,559704.8380555556
2023-11-16 19:00:00+00:00,685337.0844444444,704033.2269780514
2023-11-16 20:00:00+00:00,741425.6719444444,664791.3238539024
2023-11-16 21:00:00+00:00,722785.1744444445,722785.1744444445
2023-11-16 22:00:00+00:00,578559.4577777778,578559.4577777778
2023-11-16 23:00:00+00:00,538715.6133333333,538715.6133333333
2023-11-17 00:00:00+00:00,340575.5072222222,596919.0565244543
2023-11-17 01:00:00+00:00,296383.81833333336,296383.81833333336
2023-11-17 02:00:00+00:00,394747.4222222222,421721.48424411623
2023-11-17 03:00:00+00:00,298511.5552777778,298511.5552777778
2023-11-17 04:00:00+00:00,296105.63333333336,337418.2051320162
2023-11-17 05:00:00+00:00,477554.26416666666,352508.1577290083
2023-11-17 06:00:00+00:00,519019.8222222222,519019.8222222222
2023-11-17 07:00:00+00:00,965517.8166666668,448009.70642181515
2023-11-17 08:00:00+00:00,667579.7127777778,667579.7127777778
2023-11-17 09:00:00+00:00,800683.4425,800683.4425
2023-11-17 10:00:00+00:00,567881.9572222222,675981.0260240716
2023-11-17 11:00:00+00:00,870673.2677777777,870673.2677777777
2023-11-17 12:00:00+00:00,1058635.451111111,1058635.451111111
2023-11-17 13:00:00+00:00,1364302.0833333333,1364302.0833333333
2023-11-17 14:00:00+00:00,1383178.278888889,1109795.2012145354
2023-11-17 15:00:00+00:00,1010164.0719444444,1010164.0719444444
2023-11-17 16:00:00+00:00,1000376.7252777778,1085382.6191875827
2023-11-17 17:00:00+00:00,846072.0461111111,1040055.0287126886
2023-11-17 18:00:00+00:00,1131867.3016666668,1001979.0459753133
2023-11-17 19:00:00+00:00,895355.5461111111,895355.5461111111
2023-11-17 20:00:00+00:00,656889.8755555556,656889.8755555556
2023-11-17 21:00:00+00:00,725340.1469444444,725340.1469444444
2023-11-17 22:00:00+00:00,609701.6427777777,609701.6427777777
2023-11-17 23:00:00+00:00,624898.4555555555,624898.4555555555
2023-11-18 00:00:00+00:00,546115.6197222222,546115.6197222222
2023-11-18 01:00:00+00:00,354289.71055555553,354289.71055555553
2023-11-18 02:00:00+00:00,707644.7930555556,707644.7930555556
2023-11-18 03:00:00+00:00,378768.6322222222,591432.1008709882
2023-11-18 04:00:00+00:00,385058.43638888886,596899.654940376
2023-11-18 05:00:00+00:00,396612.41694444447,396612.41694444447
2023-11-18 06:00:00+00:00,536907.8030555556,536907.8030555556
2023-11-18 07:00:00+00:00,575566.8769444445,575566.8769444445
2023-11-18 08:00:00+00:00,713800.1847222223,537516.6143597389
2023-11-18 09:00:00+00:00,822379.315,822379.315
2023-11-18 10:00:00+00:00,1042319.4719444443,701472.9751728498
2023-11-18 11:00:00+00:00,1352661.413888889,770811.9340345267
2023-11-18 12:00:00+00:00,988247.0827777778,826509.6297607452
2023-11-18 13:00:00+00:00,765669.4611111111,874516.0387824771
2023-11-18 14:00:00+00:00,1012700.3302777776,1012700.3302777776
2023-11-18 15:00:00+00:00,1121499.0869444443,959410.7251871342
2023-11-18 16:00:00+00:00,1118694.8327777777,1118694.8327777777
2023-11-18 17:00:00+00:00,757746.0302777778,757746.0302777778
2023-11-18 18:00:00+00:00,1439453.3375,1439453.3375
2023-11-18 19:00:00+00:00,1089921.9522222222,1089921.9522222222
2023-11-18 20:00:00+00:00,1093164.9741666666,1123566.7287940804
2023-11-18 21:00:00+00:00,714832.4958333333,714832.4958333333
2023-11-18 22:00:00+00:00,492031.97944444447,492031.97944444447
2023-11-18 23:00:00+00:00,686304.3180555556,686304.3180555556
2023-11-19 00:00:00+00:00,287060.2397222222,287060.2397222222
2023-11-19 01:00:00+00:00,297714.0277777777,521896.316671952
2023-11-19 02:00:00+00:00,247548.36916666667,247548.36916666667
2023-11-19 03:00:00+00:00,533973.5075,339621.74555633473
2023-11-19 04:00:00+00:00,310714.7705555556,377911.0982197146
2023-11-19 05:00:00+00:00,628040.3352777777,477949.0441136037
2023-11-19 06:00:00+00:00,966979.4908333332,966979.4908333332
2023-11-19 07:00:00+00:00,699501.3258333333,699501.3258333333
2023-11-19 08:00:00+00:00,1820184.173611111,1820184.173611111
2023-11-19 09:00:00+00:00,976405.2752777778,976405.2752777778
2023-11-19 10:00:00+00:00,1108642.897777778,1108034.9205583888
2023-11-19 11:00:00+00:00,614796.7683333333,614796.7683333333
2023-11-19 12:00:00+00:00,754486.4133333333,754486.4133333333
2023-11-19 13:00:00+00:00,897702.7344444444,897702.7344444444
2023-11-19 14:00:00+00:00,756556.8375,836528.2907848012
2023-11-19 15:00:00+00:00,1130840.0502777777,1130840.0502777777
2023-11-19 16:00:00+00:00,1012131.6002777778,1008611.4028779775
2023-11-19 17:00:00+00:00,896244.9805555556,1007021.7101014516
2023-11-19 18:00:00+00:00,753220.2408333333,753220.2408333333
2023-11-19 19:00:00+00:00,911786.9397222224,864858.9666543482
2023-11-19 20:00:00+00:00,770084.7094444444,787162.0747850589
2023-11-19 21:00:00+00:00,553739.135,553739.135
2023-11-19 22:00:00+00:00,520284.00638888887,644296.5509500398
2023-11-19 23:00:00+00:00,329756.315,329756.315
2023-11-20 00:00:00+00:00,478889.5119444445,457289.90400516364
2023-11-20 01:00:00+00:00,298392.7452777778,298392.7452777778
2023-11-20 02:00:00+00:00,580852.1688888889,580852.1688888889
2023-11-20 03:00:00+00:00,526850.4483333334,526850.4483333334
2023-11-20 04:00:00+00:00,576884.9355555555,576884.9355555555
2023-11-20 05:00:00+00:00,1652630.7766666666,1652630.7766666666
2023-11-20 06:00:00+00:00,1273886.2694444444,1273886.2694444444
2023-11-20 07:00:00+00:00,892050.9088888889,1128946.3783260833
2023-11-20 08:00:00+00:00,1399403.987222222,1124207.9930307472
2023-11-20 09:00:00+00:00,806476.1002777778,806476.1002777778
2023-11-20 10:00:00+00:00,974800.5555555556,974800.5555555556
2023-11-20 11:00:00+00:00,896370.5869444445,958448.6563901431
2023-11-20 12:00:00+00:00,567084.8002777778,567084.8002777778
2023-11-20 13:00:00+00:00,1047670.6627777778,1047670.6627777778
2023-11-20 14:00:00+00:00,638157.9952777778,638157.9952777778
2023-11-20 15:00:00+00:00,503992.71277777775,503992.71277777775
2023-11-20 16:00:00+00:00,588159.6238888889,588159.6238888889
2023-11-20 17:00:00+00:00,764593.848611111,764593.848611111
2023-11-20 18:00:00+00:00,999686.0261111112,686354.1153446959
2023-11-20 19:00:00+00:00,782667.8708333333,782667.8708333333
2023-11-20 20:00:00+00:00,824665.2027777778,749827.4085698312
2023-11-20 21:00:00+00:00,748584.6533333333,748584.6533333333
2023-11-20 22:00:00+00:00,545308.5430555556,545308.5430555556
2023-11-20 23:00:00+00:00,421314.29527777777,421314.29527777777
2023-11-21 00:00:00+00:00,307874.68694444443,307874.68694444443
2023-11-21 01:00:00+00:00,353356.82972222223,353356.82972222223
2023-11-21 02:00:00+00:00,219429.92666666667,219429.92666666667
2023-11-21 03:00:00+00:00,349913.51722222223,349913.51722222223
2023-11-21 04:00:00+00:00,572855.5344444445,572855.5344444445
2023-11-21 05:00:00+00:00,1456335.2833333334,439295.7100514651
2023-11-21 06:00:00+00:00,1446782.1394444443,1446782.1394444443
2023-11-21 07:00:00+00:00,940583.5736111111,940583.5736111111
2023-11-21 08:00:00+00:00,984345.7688888888,984820.7792486085
2023-11-21 09:00:00+00:00,904106.9094444443,1028151.6750591551
2023-11-21 10:00:00+00:00,1371324.0105555556,1371324.0105555556
2023-11-21 11:00:00+00:00,1205353.9202777778,1205353.9202777778
2023-11-21 12:00:00+00:00,1177257.8702777778,1177257.8702777778
2023-11-21 13:00:00+00:00,1084854.1475,1199954.898340873
2023-11-21 14:00:00+00:00,812408.3947222222,1152283.1357589709
2023-11-21 15:00:00+00:00,855486.3833333333,1087632.71002856
2023-11-21 16:00:00+00:00,830865.7247222222,830865.7247222222
2023-11-21 17:00:00+00:00,994181.1002777778,994181.1002777778
2023-11-21 18:00:00+00:00,624812.2661111112,960130.1620725724
2023-11-21 19:00:00+00:00,674695.6172222223,674695.6172222223
2023-11-21 20:00:00+00:00,897803.4702777778,804719.8541506822
2023-11-21 21:00:00+00:00,764227.9705555555,737428.1663155382
2023-11-21 22:00:00+00:00,543570.0005555556,688909.042184179
2023-11-21 23:00:00+00:00,494132.9513888889,650974.3608709297
2023-11-22 00:00:00+00:00,553432.5525,553432.5525
2023-11-22 01:00:00+00:00,449587.9138888889,449587.9138888889
2023-11-22 02:00:00+00:00,289760.3975,528984.3084829961
2023-11-22 03:00:00+00:00,406854.3566666667,406854.3566666667
2023-11-22 04:00:00+00:00,669003.7705555556,669003.7705555556
2023-11-22 05:00:00+00:00,850233.4041666667,850233.4041666667
2023-11-22 06:00:00+00:00,1113422.0511111112,1113422.0511111112
2023-11-22 07:00:00+00:00,2018957.6219444445,868330.3292425673
2023-11-22 08:00:00+00:00,1414914.3961111112,1414914.3961111112
2023-11-22 09:00:00+00:00,1003091.4041666668,1204083.5444231075
2023-11-22 10:00:00+00:00,1092503.2811111112,1092503.2811111112
2023-11-22 11:00:00+00:00,1682456.7047222222,1167619.203206892
2023-11-22 12:00:00+00:00,1376663.1216666666,1376663.1216666666
2023-11-22 13:00:00+00:00,693455.4819444445,1275267.1230929547
2023-11-22 14:00:00+00:00,662505.1436111111,662505.1436111111
2023-11-22 15:00:00+00:00,485665.6730555556,485665.6730555556
2023-11-22 16:00:00+00:00,463876.04,463876.04
2023-11-22 17:00:00+00:00,705156.4758333333,705156.4758333333
2023-11-22 18:00:00+00:00,645385.1413888889,645385.1413888889
2023-11-22 19:00:00+00:00,980669.4458333332,980669.4458333332
2023-11-22 20:00:00+00:00,981785.3155555556,795763.5720761177
2023-11-22 21:00:00+00:00,563647.5622222222,563647.5622222222
2023-11-22 22:00:00+00:00,500337.5605555556,500337.5605555556
2023-11-22 23:00:00+00:00,375782.4283333333,375782.4283333333
2023-11-23 00:00:00+00:00,635612.7177777778,505894.78513133957
2023-11-23 01:00:00+00:00,508002.9766666667,555385.9320204757
2023-11-23 02:00:00+00:00,1106518.3719444445,1106518.3719444445
2023-11-23 03:00:00+00:00,468938.6608333333,468938.6608333333
2023-11-23 04:00:00+00:00,1301669.3311111112,1301669.3311111112
2023-11-23 05:00:00+00:00,1472438.4986111112,1472438.4986111112
2023-11-23 06:00:00+00:00,1567744.9783333333,1567744.9783333333
2023-11-23 07:00:00+00:00,1030507.9458333332,1030507.9458333332
2023-11-23 08:00:00+00:00,840439.2530555555,840439.2530555555
2023-11-23 09:00:00+00:00,982225.9416666668,982225.9416666668
2023-11-23 10:00:00+00:00,1123804.495833333,1123804.495833333
2023-11-23 11:00:00+00:00,1246192.5947222223,1065375.5887403877
2023-11-23 12:00:00+00:00,1840790.5113888888,1840790.5113888888
2023-11-23 13:00:00+00:00,1148726.2744444443,1506124.1933055292
2023-11-23 14:00:00+00:00,1521613.754166667,1527050.288718918
2023-11-23 15:00:00+00:00,980720.7191666666,980720.7191666666
2023-11-23 16:00:00+00:00,996459.4052777778,996459.4052777778
2023-11-23 17:00:00+00:00,924434.2597222222,1125261.53867891
2023-11-23 18:00:00+00:00,1047079.0508333332,1047079.0508333332
2023-11-23 19:00:00+00:00,1194089.2516666667,1194089.2516666667
2023-11-23 20:00:00+00:00,876294.8072222222,1121705.1371197933
2023-11-23 21:00:00+00:00,742525.9994444444,1096098.015411237
2023-11-23 22:00:00+00:00,511733.33972222224,1024480.8223452569
2023-11-23 23:00:00+00:00,669719.2680555555,669719.2680555555
2023-11-24 00:00:00+00:00,398803.3694444444,398803.3694444444
2023-11-24 01:00:00+00:00,282512.2961111111,633316.9832704909
2023-11-24 02:00:00+00:00,568593.3694444444,568593.3694444444
2023-11-24 03:00:00+00:00,269518.9938888889,568291.0078432155
2023-11-24 04:00:00+00:00,512324.5913888889,606846.0238401316
2023-11-24 05:00:00+00:00,832866.7225,832866.7225
2023-11-24 06:00:00+00:00,2148678.8866666667,739351.096061168
2023-11-24 07:00:00+00:00,1596249.4422222222,946278.1797975083
2023-11-24 08:00:00+00:00,1975559.161111111,1975559.161111111
2023-11-24 09:00:00+00:00,1173242.7252777778,1173242.7252777778
2023-11-24 10:00:00+00:00,1983188.705,1983188.705
2023-11-24 11:00:00+00:00,1644698.9316666666,1644698.9316666666
2023-11-24 12:00:00+00:00,2471861.2922222223,1646435.569536003
2023-11-24 13:00:00+00:00,911356.0708333332,1510139.1758843677
2023-11-24 14:00:00+00:00,712465.6511111112,712465.6511111112
2023-11-24 15:00:00+00:00,885331.4997222222,1042465.3166490456
2023-11-24 16:00:00+00:00,1033081.5330555557,1033081.5330555557
2023-11-24 17:00:00+00:00,750406.4361111111,750406.4361111111
2023-11-24 18:00:00+00:00,704344.2844444445,889239.4852437881
2023-11-24 19:00:00+00:00,1456571.6319444445,1456571.6319444445
2023-11-24 20:00:00+00:00,1118534.6519444445,1189385.1318651228
2023-11-24 21:00:00+00:00,992836.0608333332,992836.0608333332
2023-11-24 22:00:00+00:00,586784.23,586784.23
2023-11-24 23:00:00+00:00,686603.9291666667,686603.9291666667
2023-11-25 00:00:00+00:00,585117.0433333333,585117.0433333333
2023-11-25 01:00:00+00:00,404692.1780555556,404692.1780555556
2023-11-25 02:00:00+00:00,344506.70722222223,344506.70722222223
2023-11-25 03:00:00+00:00,652102.9030555555,652102.9030555555
2023-11-25 04:00:00+00:00,314714.3311111111,314714.3311111111
2023-11-25 05:00:00+00:00,535270.7733333333,448275.0020421394
2023-11-25 06:00:00+00:00,655309.4722222222,655309.4722222222
2023-11-25 07:00:00+00:00,580669.7663888889,580669.7663888889
2023-11-25 08:00:00+00:00,641145.7202777778,562031.4247683411
2023-11-25 09:00:00+00:00,921221.0055555556,921221.0055555556
2023-11-25 10:00:00+00:00,815647.7855555556,815647.7855555556
2023-11-25 11:00:00+00:00,727588.6461111112,787181.4039684884
2023-11-25 12:00:00+00:00,705221.5336111111,705221.5336111111
2023-11-25 13:00:00+00:00,1026176.9147222224,744854.8372711466
2023-11-25 14:00:00+00:00,1234795.42,1234795.42
2023-11-25 15:00:00+00:00,1026080.8691666666,1026080.8691666666
2023-11-25 16:00:00+00:00,844918.8761111111,844918.8761111111
2023-11-25 17:00:00+00:00,954428.7575,954428.7575
2023-11-25 18:00:00+00:00,754410.5644444445,948096.8480186729
2023-11-25 19:00:00+00:00,1147671.3583333334,1147671.3583333334
2023-11-25 20:00:00+00:00,1670133.1780555556,1670133.1780555556
2023-11-25 21:00:00+00:00,836992.9713888889,836992.9713888889
2023-11-25 22:00:00+00:00,1077694.4108333334,1077694.4108333334
2023-11-25 23:00:00+00:00,510631.2991666667,1097558.6579883574
2023-11-26 00:00:00+00:00,507758.4272222222,507758.4272222222
2023-11-26 01:00:00+00:00,490428.70722222223,765336.3264612278
2023-11-26 02:00:00+00:00,392634.3013888889,632033.1094483179
2023-11-26 03:00:00+00:00,363635.925,363635.925
2023-11-26 04:00:00+00:00,524157.9425,460773.56328393426
2023-11-26 05:00:00+00:00,448744.15194444446,402920.16526987276
2023-11-26 06:00:00+00:00,183394.7852777778,354816.5672614285
2023-11-26 07:00:00+00:00,221634.17444444445,221634.17444444445
2023-11-26 08:00:00+00:00,467923.33,467923.33
2023-11-26 09:00:00+00:00,1406480.1908333334,357853.3098548737
2023-11-26 10:00:00+00:00,252401.64444444445,252401.64444444445
2023-11-26 11:00:00+00:00,358000.8805555556,358000.8805555556
2023-11-26 12:00:00+00:00,764057.2241666666,332304.52204121416
2023-11-26 13:00:00+00:00,567998.4447222222,324838.66424252617
2023-11-26 14:00:00+00:00,229561.8213888889,229561.8213888889
2023-11-26 15:00:00+00:00,572599.4563888889,572599.4563888889
2023-11-26 16:00:00+00:00,449596.09555555554,449596.09555555554
2023-11-26 17:00:00+00:00,510646.96,510646.96
2023-11-26 18:00:00+00:00,401010.4997222222,461157.7924189295
2023-11-26 19:00:00+00:00,394293.7325,446752.05846270645
2023-11-26 20:00:00+00:00,263097.1786111111,263097.1786111111
2023-11-26 21:00:00+00:00,427403.8722222222,341773.8416103892
2023-11-26 22:00:00+00:00,184689.48472222223,184689.48472222223
2023-11-26 23:00:00+00:00,242115.89694444445,242115.89694444445
2023-11-27 00:00:00+00:00,160026.42222222223,160026.42222222223
2023-11-27 01:00:00+00:00,167461.33222222223,167461.33222222223
2023-11-27 02:00:00+00:00,84219.61388888888,189751.16666589727
2023-11-27 03:00:00+00:00,156883.89888888889,274823.4519594952
2023-11-27 04:00:00+00:00,578818.6111111111,417583.8940296862
2023-11-27 05:00:00+00:00,1036787.4102777778,1036787.4102777778
2023-11-27 06:00:00+00:00,606474.2502777778,786495.8342684098
2023-11-27 07:00:00+00:00,911103.0283333332,881664.0839561179
2023-11-27 08:00:00+00:00,1172856.6180555555,921319.6822790314
2023-11-27 09:00:00+00:00,1322754.2044444445,929675.8537722528
2023-11-27 10:00:00+00:00,876270.9408333333,876270.9408333333
2023-11-27 11:00:00+00:00,1024379.3194444444,901143.3422782726
2023-11-27 12:00:00+00:00,1040596.8822222222,1040596.8822222222
2023-11-27 13:00:00+00:00,711743.0405555556,976058.7354353685
2023-11-27 14:00:00+00:00,861132.5866666667,861132.5866666667
2023-11-27 15:00:00+00:00,1106150.8025,1106150.8025
2023-11-27 16:00:00+00:00,719732.225,1001044.8730019442
2023-11-27 17:00:00+00:00,591762.6502777778,591762.6502777778
2023-11-27 18:00:00+00:00,922835.0558333332,922835.0558333332
2023-11-27 19:00:00+00:00,632892.8405555555,632892.8405555555
2023-11-27 20:00:00+00:00,617169.7794444445,752591.293157844
2023-11-27 21:00:00+00:00,350239.93416666664,719946.8513426058
2023-11-27 22:00:00+00:00,767460.5422222222,767460.5422222222
2023-11-27 23:00:00+00:00,227763.00833333333,741324.7508649282
2023-11-28 00:00:00+00:00,348413.8263888889,348413.8263888889
2023-11-28 01:00:00+00:00,293248.34972222225,293248.34972222225
2023-11-28 02:00:00+00:00,316530.5552777778,316530.5552777778
2023-11-28 03:00:00+00:00,343549.5927777777,343549.5927777777
2023-11-28 04:00:00+00:00,624505.4980555555,624505.4980555555
2023-11-28 05:00:00+00:00,966445.8758333334,476738.3738865672
2023-11-28 06:00:00+00:00,641709.7433333333,633819.4620288598
2023-11-28 07:00:00+00:00,1261603.9297222225,1261603.9297222225
2023-11-28 08:00:00+00:00,1041460.6875,1041460.6875
2023-11-28 09:00:00+00:00,1171836.0633333332,1023612.7523822316
2023-11-28 10:00:00+00:00,750787.6675,750787.6675
2023-11-28 11:00:00+00:00,911543.1247222222,911543.1247222222
2023-11-28 12:00:00+00:00,710649.8161111111,710649.8161111111
2023-11-28 13:00:00+00:00,970773.0919444443,970773.0919444443
2023-11-28 14:00:00+00:00,1184307.1947222222,881111.0391471895
2023-11-28 15:00:00+00:00,921137.3475,909516.2926993145
2023-11-28 16:00:00+00:00,897157.5586111111,897157.5586111111
2023-11-28 17:00:00+00:00,838363.0469444444,907121.0514030171
2023-11-28 18:00:00+00:00,710196.1852777777,710196.1852777777
2023-11-28 19:00:00+00:00,884093.1716666666,884093.1716666666
2023-11-28 20:00:00+00:00,807803.77,834304.3404488945
2023-11-28 21:00:00+00:00,552445.5119444445,820746.8942292148
2023-11-28 22:00:00+00:00,965265.925,777828.7814678492
2023-11-28 23:00:00+00:00,560607.4777777778,560607.4777777778
2023-11-29 00:00:00+00:00,540250.4355555555,540250.4355555555
2023-11-29 01:00:00+00:00,283792.5652777778,601876.4293584418
2023-11-29 02:00:00+00:00,523763.4075,523763.4075
2023-11-29 03:00:00+00:00,459660.13138888887,459660.13138888887
2023-11-29 04:00:00+00:00,630281.3644444444,630281.3644444444
2023-11-29 05:00:00+00:00,1004610.2222222222,1004610.2222222222
2023-11-29 06:00:00+00:00,1412982.596111111,755618.0085629228
2023-11-29 07:00:00+00:00,1302377.0677777778,1017545.8176908297
2023-11-29 08:00:00+00:00,2059166.5158333331,2059166.5158333331
2023-11-29 09:00:00+00:00,1321712.3655555556,1641588.8630904655
2023-11-29 10:00:00+00:00,1168407.058611111,1168407.058611111
2023-11-29 11:00:00+00:00,1095908.588888889,1428361.5789627621
2023-11-29 12:00:00+00:00,1160241.673888889,1269914.1649838972
2023-11-29 13:00:00+00:00,1411175.388611111,1135515.7541994767
2023-11-29 14:00:00+00:00,755161.9944444444,755161.9944444444
2023-11-29 15:00:00+00:00,823370.1144444444,901482.944631636
2023-11-29 16:00:00+00:00,1530248.341388889,857194.9193706815
2023-11-29 17:00:00+00:00,889512.9125,889512.9125
2023-11-29 18:00:00+00:00,1122139.2152777778,868225.5854891117
2023-11-29 19:00:00+00:00,1406291.335,840337.3854603103
2023-11-29 20:00:00+00:00,974151.4186111112,787440.120457168
2023-11-29 21:00:00+00:00,576954.4955555556,720442.116613441
2023-11-29 22:00:00+00:00,391003.5975,645493.762124683
2023-11-29 23:00:00+00:00,378160.2627777778,378160.2627777778
2023-11-30 00:00:00+00:00,370017.8127777778,484104.43189374753
2023-11-30 01:00:00+00:00,288375.4558333333,288375.4558333333
2023-11-30 02:00:00+00:00,331638.3613888889,331638.3613888889
2023-11-30 03:00:00+00:00,336279.5208333333,348552.7299800817
2023-11-30 04:00:00+00:00,545017.0611111111,412698.0870997288
2023-11-30 05:00:00+00:00,975642.5719444444,520387.8301705016
2023-11-30 06:00:00+00:00,987549.3897222222,987549.3897222222
2023-11-30 07:00:00+00:00,1551527.3119444444,798712.858941891
2023-11-30 08:00:00+00:00,945419.2519444444,945419.2519444444
2023-11-30 09:00:00+00:00,961165.0497222224,961165.0497222224
2023-11-30 10:00:00+00:00,942944.1177777778,942944.1177777778
2023-11-30 11:00:00+00:00,931320.6338888888,931320.6338888888
2023-11-30 12:00:00+00:00,1247842.9308333334,1247842.9308333334
2023-11-30 13:00:00+00:00,1226991.6472222223,1070559.784018774
2023-11-30 14:00:00+00:00,1015146.2366666668,1015146.2366666668
2023-11-30 15:00:00+00:00,1044528.3519444444,1061375.2593667954
2023-11-30 16:00:00+00:00,759417.8611111111,759417.8611111111
2023-11-30 17:00:00+00:00,686334.9952777778,686334.9952777778
2023-11-30 18:00:00+00:00,650993.7491666666,650993.7491666666
2023-11-30 19:00:00+00:00,757891.9936111111,734665.0645606429
2023-11-30 20:00:00+00:00,902352.3955555556,902352.3955555556
2023-11-30 21:00:00+00:00,721983.6344444444,721983.6344444444
2023-11-30 22:00:00+00:00,387732.7555555556,387732.7555555556
2023-11-30 23:00:00+00:00,380043.365,380043.365
2023-12-01 00:00:00+00:00,187428.12972222225,507871.2270843732
2023-12-01 01:00:00+00:00,279891.8327777778,435483.85770087014
2023-12-01 02:00:00+00:00,265648.43111111113,265648.43111111113
2023-12-01 03:00:00+00:00,289700.8572222222,329016.47833599144
2023-12-01 04:00:00+00:00,604671.4913888889,399666.80618623726
2023-12-01 05:00:00+00:00,1049883.220277778,537791.1139448718
2023-12-01 06:00:00+00:00,1968109.0447222225,713958.9459295903
2023-12-01 07:00:00+00:00,1392373.9869444445,1392373.9869444445
2023-12-01 08:00:00+00:00,1518298.7780555557,1518298.7780555557
2023-12-01 09:00:00+00:00,1224504.9383333332,1294454.3504359447
2023-12-01 10:00:00+00:00,1114598.7583333333,1114598.7583333333
2023-12-01 11:00:00+00:00,1383993.4844444443,1383993.4844444443
2023-12-01 12:00:00+00:00,1773297.7936111111,1773297.7936111111
2023-12-01 13:00:00+00:00,1425115.131111111,1425115.131111111
2023-12-01 14:00:00+00:00,1021262.1319444444,1021262.1319444444
2023-12-01 15:00:00+00:00,985028.8619444444,1273442.6635607749
2023-12-01 16:00:00+00:00,580670.7216666667,1101947.245048607
2023-12-01 17:00:00+00:00,598262.5180555555,598262.5180555555
2023-12-01 18:00:00+00:00,591752.5852777777,591752.5852777777
2023-12-01 19:00:00+00:00,989344.7169444443,989344.7169444443
2023-12-01 20:00:00+00:00,881787.3533333334,881787.3533333334
2023-12-01 21:00:00+00:00,698034.2461111111,698034.2461111111
2023-12-01 22:00:00+00:00,940932.8861111111,784911.0128655185
2023-12-01 23:00:00+00:00,807901.1333333333,722791.7982694265
2023-12-02 00:00:00+00:00,589216.8808333334,663541.6746719474
2023-12-02 01:00:00+00:00,696202.3397222222,605909.2166258523
2023-12-02 02:00:00+00:00,366313.2872222223,549188.8390391778
2023-12-02 03:00:00+00:00,364786.0311111111,364786.0311111111
2023-12-02 04:00:00+00:00,364315.0891666667,437066.5408422285
2023-12-02 05:00:00+00:00,468215.8547222222,433076.9896355037
2023-12-02 06:00:00+00:00,554187.5266666666,554187.5266666666
2023-12-02 07:00:00+00:00,501403.9552777778,501403.9552777778
2023-12-02 08:00:00+00:00,890043.0413888888,500702.78753848205
2023-12-02 09:00:00+00:00,760731.3116666666,760731.3116666666
2023-12-02 10:00:00+00:00,496103.75333333336,496103.75333333336
2023-12-02 11:00:00+00:00,417796.67,417796.67
2023-12-02 12:00:00+00:00,441862.3052777778,441862.3052777778
2023-12-02 13:00:00+00:00,1054592.9061111112,480086.9344210342
2023-12-02 14:00:00+00:00,813954.2575,813954.2575
2023-12-02 15:00:00+00:00,821347.0338888889,662064.6420106951
2023-12-02 16:00:00+00:00,228185.76666666663,228185.76666666663
2023-12-02 17:00:00+00:00,806528.8430555556,806528.8430555556
2023-12-02 18:00:00+00:00,778613.9738888888,598823.8099508968
2023-12-02 19:00:00+00:00,1016241.3702777778,691274.7495155294
2023-12-02 20:00:00+00:00,819288.9988888889,819288.9988888889
2023-12-02 21:00:00+00:00,536664.0711111111,536664.0711111111
2023-12-02 22:00:00+00:00,328375.1188888889,672480.1457283401
2023-12-02 23:00:00+00:00,245925.5583333333,245925.5583333333
2023-12-03 00:00:00+00:00,385720.99611111113,385720.99611111113
2023-12-03 01:00:00+00:00,205092.2877777778,205092.2877777778
2023-12-03 02:00:00+00:00,290913.4238888889,290913.4238888889
2023-12-03 03:00:00+00:00,220275.39166666663,305603.00539642293
2023-12-03 04:00:00+00:00,213024.1530555556,213024.1530555556
2023-12-03 05:00:00+00:00,737219.9769444445,252032.36729196037
2023-12-03 06:00:00+00:00,461705.1488888889,461705.1488888889
2023-12-03 07:00:00+00:00,555908.1588888889,364471.8269903915
2023-12-03 08:00:00+00:00,632624.1458333334,632624.1458333334
2023-12-03 09:00:00+00:00,422574.5727777778,526362.114269673
2023-12-03 10:00:00+00:00,874435.9036111111,587290.8590904546
2023-12-03 11:00:00+00:00,732904.4375,732904.4375
2023-12-03 12:00:00+00:00,966497.6688888888,966497.6688888888
2023-12-03 13:00:00+00:00,691553.4338888889,691553.4338888889
2023-12-03 14:00:00+00:00,901776.3913888888,901776.3913888888
2023-12-03 15:00:00+00:00,682569.7847222222,682569.7847222222
2023-12-03 16:00:00+00:00,116525.53777777778,116525.53777777778
2023-12-03 17:00:00+00:00,811384.9758333333,479050.3902950337
2023-12-03 18:00:00+00:00,838591.9041666667,838591.9041666667
2023-12-03 19:00:00+00:00,619801.73,619801.73
2023-12-03 20:00:00+00:00,794832.4552777777,628656.4902239484
2023-12-03 21:00:00+00:00,771085.9477777778,614424.1425590775
2023-12-03 22:00:00+00:00,548476.2786111111,548476.2786111111
2023-12-03 23:00:00+00:00,565522.6508333334,565522.6508333334
2023-12-04 00:00:00+00:00,300336.65944444446,300336.65944444446
2023-12-04 01:00:00+00:00,338380.4027777777,338380.4027777777
2023-12-04 02:00:00+00:00,263242.8927777778,263242.8927777778
2023-12-04 03:00:00+00:00,240207.69166666668,240207.69166666668
2023-12-04 04:00:00+00:00,480107.9775,297618.7255121229
2023-12-04 05:00:00+00:00,1227087.391388889,1227087.391388889
2023-12-04 06:00:00+00:00,937506.7272222224,810260.5949538186
2023-12-04 07:00:00+00:00,943992.4552777776,943992.4552777776
2023-12-04 08:00:00+00:00,1594293.2919444444,1594293.2919444444
2023-12-04 09:00:00+00:00,1934638.575,1223294.239871401
2023-12-04 10:00:00+00:00,1074807.5930555556,1248286.4432211202
2023-12-04 11:00:00+00:00,653191.8866666667,653191.8866666667
2023-12-04 12:00:00+00:00,215302.6408333333,919518.9187383313
2023-12-04 13:00:00+00:00,903616.4455555556,903616.4455555556
2023-12-04 14:00:00+00:00,580498.0158333334,580498.0158333334
2023-12-04 15:00:00+00:00,647682.5102777778,647682.5102777778
2023-12-04 16:00:00+00:00,525737.1880555556,704339.1937318118
2023-12-04 17:00:00+00:00,797296.8102777777,797296.8102777777
2023-12-04 18:00:00+00:00,771523.9063888888,749348.6498727371
2023-12-04 19:00:00+00:00,736129.2844444445,736129.2844444445
2023-12-04 20:00:00+00:00,444132.6872222222,747853.0576114472
2023-12-04 21:00:00+00:00,375655.1116666667,375655.1116666667
2023-12-04 22:00:00+00:00,529677.0472222222,529677.0472222222
2023-12-04 23:00:00+00:00,396260.6408333333,534539.6882109675
2023-12-05 00:00:00+00:00,419854.74833333335,532814.9596428686
2023-12-05 01:00:00+00:00,308457.20666666667,532238.7476905015
2023-12-05 02:00:00+00:00,336721.22305555554,532310.0982467338
2023-12-05 03:00:00+00:00,429012.6819444444,532746.5608063968
2023-12-05 04:00:00+00:00,535127.6130555555,535127.6130555555
2023-12-05 05:00:00+00:00,835897.9147222223,835897.9147222223
2023-12-05 06:00:00+00:00,1618032.808611111,1618032.808611111
2023-12-05 07:00:00+00:00,765740.2425,765740.2425
2023-12-05 08:00:00+00:00,772913.0461111111,943558.9093495107
2023-12-05 09:00:00+00:00,388510.38083333336,388510.38083333336
2023-12-05 10:00:00+00:00,1588519.0355555555,1588519.0355555555
2023-12-05 11:00:00+00:00,1528399.3997222222,1528399.3997222222
2023-12-05 12:00:00+00:00,752504.713888889,752504.713888889
2023-12-05 13:00:00+00:00,727170.0663888889,727170.0663888889
2023-12-05 14:00:00+00:00,607555.5113888889,900133.2979960168
2023-12-05 15:00:00+00:00,585946.7544444444,585946.7544444444
2023-12-05 16:00:00+00:00,373954.7469444444,373954.7469444444
2023-12-05 17:00:00+00:00,617192.7208333333,617192.7208333333
2023-12-05 18:00:00+00:00,894252.3211111111,584713.0078792826
2023-12-05 19:00:00+00:00,905286.1525,905286.1525
2023-12-05 20:00:00+00:00,1340810.9688888888,767951.4648054204
2023-12-05 21:00:00+00:00,876421.8061111111,876421.8061111111
2023-12-05 22:00:00+00:00,777676.3116666666,845488.4712939614
2023-12-05 23:00:00+00:00,574928.4175,574928.4175
2023-12-06 00:00:00+00:00,382170.4155555556,382170.4155555556
2023-12-06 01:00:00+00:00,455804.8861111111,560249.6668990337
2023-12-06 02:00:00+00:00,357299.62833333336,478845.62325374794
2023-12-06 03:00:00+00:00,356513.18888888886,356513.18888888886
2023-12-06 04:00:00+00:00,609199.9886111111,397505.78034268686
2023-12-06 05:00:00+00:00,895297.9294444445,895297.9294444445
2023-12-06 06:00:00+00:00,1096538.6294444446,1096538.6294444446
2023-12-06 07:00:00+00:00,1317377.483611111,1317377.483611111
2023-12-06 08:00:00+00:00,1039436.8775,1057521.1289844913
2023-12-06 09:00:00+00:00,875126.3030555556,875126.3030555556
2023-12-06 10:00:00+00:00,1004919.8188888888,987490.001779873
2023-12-06 11:00:00+00:00,979875.8030555556,979875.8030555556
2023-12-06 12:00:00+00:00,1054804.7169444445,969416.0159873788
2023-12-06 13:00:00+00:00,793561.7163888889,962153.3584442174
2023-12-06 14:00:00+00:00,969401.2872222222,946233.5357428952
2023-12-06 15:00:00+00:00,871433.485,871433.485
2023-12-06 16:00:00+00:00,827323.0625,901879.5340894078
2023-12-06 17:00:00+00:00,787996.4169444444,787996.4169444444
2023-12-06 18:00:00+00:00,849815.6713888888,849815.6713888888
2023-12-06 19:00:00+00:00,748344.3847222222,748344.3847222222
2023-12-06 20:00:00+00:00,410921.8627777778,410921.8627777778
2023-12-06 21:00:00+00:00,531180.2794444445,531180.2794444445
2023-12-06 22:00:00+00:00,759433.3188888889,759433.3188888889
2023-12-06 23:00:00+00:00,245608.19805555555,662367.5499003428
2023-12-07 00:00:00+00:00,230967.08777777775,230967.08777777775
2023-12-07 01:00:00+00:00,161235.0038888889,161235.0038888889
2023-12-07 02:00:00+00:00,142884.57333333333,142884.57333333333
2023-12-07 03:00:00+00:00,140854.26055555555,140854.26055555555
2023-12-07 04:00:00+00:00,366402.13,366402.13
2023-12-07 05:00:00+00:00,637313.765,637313.765
2023-12-07 06:00:00+00:00,720868.1688888889,720868.1688888889
2023-12-07 07:00:00+00:00,684542.0383333333,684542.0383333333
2023-12-07 08:00:00+00:00,666070.2466666667,612739.5680924846
2023-12-07 09:00:00+00:00,828180.6613888888,682660.7969647989
2023-12-07 10:00:00+00:00,1588894.8583333334,760686.9360107931
2023-12-07 11:00:00+00:00,848469.2880555555,843282.8269368641
2023-12-07 12:00:00+00:00,984853.6791666668,928455.2587249522
2023-12-07 13:00:00+00:00,1215560.151388889,1215560.151388889
2023-12-07 14:00:00+00:00,742360.9230555556,742360.9230555556
2023-12-07 15:00:00+00:00,619265.53,619265.53
2023-12-07 16:00:00+00:00,587991.2130555556,587991.2130555556
2023-12-07 17:00:00+00:00,688889.9227777778,709311.8233521536
2023-12-07 18:00:00+00:00,1035160.7866666666,649094.563594636
2023-12-07 19:00:00+00:00,822110.7336111111,607842.3043604026
2023-12-07 20:00:00+00:00,521043.2411111111,521043.2411111111
2023-12-07 21:00:00+00:00,780134.7175,552752.623025092
2023-12-07 22:00:00+00:00,472651.7211111111,472651.7211111111
2023-12-07 23:00:00+00:00,362279.8052777778,362279.8052777778
2023-12-08 00:00:00+00:00,342275.8413888889,342275.8413888889
2023-12-08 01:00:00+00:00,166041.9386111111,398628.25676653406
2023-12-08 02:00:00+00:00,360171.41055555554,401511.85299465485
2023-12-08 03:00:00+00:00,359151.1219444444,430600.80169681186
2023-12-08 04:00:00+00:00,615016.1977777778,474464.9861721165
2023-12-08 05:00:00+00:00,721064.4522222222,526659.8196004698
2023-12-08 06:00:00+00:00,720056.9394444445,720056.9394444445
2023-12-08 07:00:00+00:00,1006277.0352777778,1006277.0352777778
2023-12-08 08:00:00+00:00,1179153.63,1179153.63
2023-12-08 09:00:00+00:00,1207229.9844444443,1207229.9844444443
2023-12-08 10:00:00+00:00,1329871.63,1071345.5170094084
2023-12-08 11:00:00+00:00,1291072.9580555556,1291072.9580555556
2023-12-08 12:00:00+00:00,973555.7336111112,973555.7336111112
2023-12-08 13:00:00+00:00,1192819.2180555556,1192819.2180555556
2023-12-08 14:00:00+00:00,450543.5175,450543.5175
2023-12-08 15:00:00+00:00,499061.52444444445,841897.2294429588
2023-12-08 16:00:00+00:00,674598.9838888888,740590.3754864768
2023-12-08 17:00:00+00:00,943765.9936111112,752862.8351125937
2023-12-08 18:00:00+00:00,1086910.3475,1086910.3475
2023-12-08 19:00:00+00:00,423083.18916666665,423083.18916666665
2023-12-08 20:00:00+00:00,771880.0083333333,715431.5983746183
2023-12-08 21:00:00+00:00,547287.8158333333,547287.8158333333
2023-12-08 22:00:00+00:00,400741.7333333333,400741.7333333333
2023-12-08 23:00:00+00:00,366214.63416666666,504894.9958343512
2023-12-09 00:00:00+00:00,346109.1911111111,442034.4132425446
2023-12-09 01:00:00+00:00,280848.0025,280848.0025
2023-12-09 02:00:00+00:00,239156.25305555557,239156.25305555557
2023-12-09 03:00:00+00:00,235440.81166666668,235440.81166666668
2023-12-09 04:00:00+00:00,261528.8630555556,270203.28131100186
2023-12-09 05:00:00+00:00,308486.81944444444,308486.81944444444
2023-12-09 06:00:00+00:00,311921.4497222222,287334.5610685149
2023-12-09 07:00:00+00:00,368175.7983333333,368175.7983333333
2023-12-09 08:00:00+00:00,420908.3247222222,335136.9230590021
2023-12-09 09:00:00+00:00,506234.93916666665,393804.60248367075
2023-12-09 10:00:00+00:00,672574.0075,672574.0075
2023-12-09 11:00:00+00:00,721117.1413888889,721117.1413888889
2023-12-09 12:00:00+00:00,2297882.61,2297882.61
2023-12-09 13:00:00+00:00,1019002.6413888888,1019002.6413888888
2023-12-09 14:00:00+00:00,661884.6791666667,661884.6791666667
2023-12-09 15:00:00+00:00,620675.7888888889,620675.7888888889
2023-12-09 16:00:00+00:00,818702.0041666667,818702.0041666667
2023-12-09 17:00:00+00:00,756371.4566666667,756371.4566666667
2023-12-09 18:00:00+00:00,1116765.8561111111,791316.7992358742
2023-12-09 19:00:00+00:00,1400778.389166667,1400778.389166667
2023-12-09 20:00:00+00:00,737916.5530555556,1127792.983793737
2023-12-09 21:00:00+00:00,640127.1402777778,640127.1402777778
2023-12-09 22:00:00+00:00,365460.16,888687.5998944903
2023-12-09 23:00:00+00:00,327563.1730555556,327563.1730555556
2023-12-10 00:00:00+00:00,317854.36027777777,317854.36027777777
2023-12-10 01:00:00+00:00,185617.1925,185617.1925
2023-12-10 02:00:00+00:00,175917.59916666665,175917.59916666665
2023-12-10 03:00:00+00:00,272977.43416666664,264026.40571728523
2023-12-10 04:00:00+00:00,217042.3502777778,217042.3502777778
2023-12-10 05:00:00+00:00,517146.9422222222,517146.9422222222
2023-12-10 06:00:00+00:00,486907.5375,486907.5375
2023-12-10 07:00:00+00:00,821212.4433333334,821212.4433333334
2023-12-10 08:00:00+00:00,932103.7161111112,932103.7161111112
2023-12-10 09:00:00+00:00,571722.4261111111,571722.4261111111
2023-12-10 10:00:00+00:00,1240928.213888889,1240928.213888889
2023-12-10 11:00:00+00:00,858343.9580555556,916916.201633381
2023-12-10 12:00:00+00:00,761458.2497222222,761458.2497222222
2023-12-10 13:00:00+00:00,1142680.8480555555,1142680.8480555555
2023-12-10 14:00:00+00:00,1124330.1952777775,1124330.1952777775
2023-12-10 15:00:00+00:00,762442.1544444445,1047939.4904985612
2023-12-10 16:00:00+00:00,1104423.5577777778,1104423.5577777778
2023-12-10 17:00:00+00:00,1473877.4955555554,1473877.4955555554
2023-12-10 18:00:00+00:00,1357210.965833333,1357210.965833333
2023-12-10 19:00:00+00:00,838515.3011111111,838515.3011111111
2023-12-10 20:00:00+00:00,858865.0552777778,858865.0552777778
2023-12-10 21:00:00+00:00,706131.8888888889,994291.1363571871
2023-12-10 22:00:00+00:00,321318.6997222222,321318.6997222222
2023-12-10 23:00:00+00:00,313131.8108333333,601354.2081572739
2023-12-11 00:00:00+00:00,269785.75138888886,481127.61041729304
2023-12-11 01:00:00+00:00,334509.68611111114,334509.68611111114
2023-12-11 02:00:00+00:00,384430.9280555556,384430.9280555556
2023-12-11 03:00:00+00:00,389168.3802777778,389168.3802777778
2023-12-11 04:00:00+00:00,455851.7116666666,385100.78091118025
2023-12-11 05:00:00+00:00,1016344.1027777778,430444.5412851112
2023-12-11 06:00:00+00:00,688838.8344444444,688838.8344444444
2023-12-11 07:00:00+00:00,696349.3013888889,582129.9892323588
2023-12-11 08:00:00+00:00,709028.9316666666,624729.8731612618
2023-12-11 09:00:00+00:00,885765.1669444444,644804.9226916288
2023-12-11 10:00:00+00:00,652671.3716666667,652671.3716666667
2023-12-11 11:00:00+00:00,618322.6719444444,618322.6719444444
2023-12-11 12:00:00+00:00,834085.1438888889,834085.1438888889
2023-12-11 13:00:00+00:00,705663.0772222222,705663.0772222222
2023-12-11 14:00:00+00:00,501975.25416666665,715587.0113192603
2023-12-11 15:00:00+00:00,513989.28027777775,682150.2082180597
2023-12-11 16:00:00+00:00,505457.3822222222,505457.3822222222
2023-12-11 17:00:00+00:00,647685.6338888889,578039.7640929946
2023-12-11 18:00:00+00:00,628845.3338888889,573948.9547199196
2023-12-11 19:00:00+00:00,648815.2588888889,599210.2566372115
2023-12-11 20:00:00+00:00,916799.6738888888,641021.0159672411
2023-12-11 21:00:00+00:00,821475.1502777778,821475.1502777778
2023-12-11 22:00:00+00:00,534621.645,534621.645
2023-12-11 23:00:00+00:00,392125.4544444445,655248.6112633817
2023-12-12 00:00:00+00:00,329899.16055555554,329899.16055555554
2023-12-12 01:00:00+00:00,298950.195,298950.195
2023-12-12 02:00:00+00:00,274723.15777777776,274723.15777777776
2023-12-12 03:00:00+00:00,435075.6561111111,435075.6561111111
2023-12-12 04:00:00+00:00,509775.7825,509775.7825
2023-12-12 05:00:00+00:00,906602.9486111111,906602.9486111111
2023-12-12 06:00:00+00:00,963290.9813888888,641912.8340898367
2023-12-12 07:00:00+00:00,955462.2005555556,787959.4233855426
2023-12-12 08:00:00+00:00,1305680.644722222,900899.5658703848
2023-12-12 09:00:00+00:00,1187182.2191666667,1187182.2191666667
2023-12-12 10:00:00+00:00,1060765.370833333,1078922.8604717848
2023-12-12 11:00:00+00:00,775441.7194444444,1099316.9554170643
2023-12-12 12:00:00+00:00,1002674.2191666666,1002674.2191666666
2023-12-12 13:00:00+00:00,835045.3644444444,1048521.951447904
2023-12-12 14:00:00+00:00,692870.9719444445,1017423.832868985
2023-12-12 15:00:00+00:00,884451.4794444444,988789.4436524083
2023-12-12 16:00:00+00:00,900875.7036111112,900875.7036111112
2023-12-12 17:00:00+00:00,724409.1127777778,935082.1066822202
2023-12-12 18:00:00+00:00,1021903.8911111112,905983.0883775096
2023-12-12 19:00:00+00:00,965720.3958333334,875397.2868960634
2023-12-12 20:00:00+00:00,770844.8869444445,770844.8869444445
2023-12-12 21:00:00+00:00,964016.4980555556,964016.4980555556
2023-12-12 22:00:00+00:00,913674.9302777778,913674.9302777778
2023-12-12 23:00:00+00:00,505189.6597222223,505189.6597222223
2023-12-13 00:00:00+00:00,688474.7786111111,688474.7786111111
2023-12-13 01:00:00+00:00,608297.8719444445,608297.8719444445
2023-12-13 02:00:00+00:00,427971.58694444445,427971.58694444445
2023-12-13 03:00:00+00:00,892025.4719444445,892025.4719444445
2023-12-13 04:00:00+00:00,1374860.098611111,1374860.098611111
2023-12-13 05:00:00+00:00,1732202.9016666666,1732202.9016666666
2023-12-13 06:00:00+00:00,1693193.120833333,1693193.120833333
2023-12-13 07:00:00+00:00,1205063.6280555555,1481648.1951682174
2023-12-13 08:00:00+00:00,1428337.5502777777,1444780.9977842318
2023-12-13 09:00:00+00:00,804986.6802777778,804986.6802777778
2023-12-13 10:00:00+00:00,989763.6716666666,989763.6716666666
2023-12-13 11:00:00+00:00,1201367.845,1201367.845
2023-12-13 12:00:00+00:00,1012555.7625,1012555.7625
2023-12-13 13:00:00+00:00,676777.9069444444,676777.9069444444
2023-12-13 14:00:00+00:00,744220.9902777778,744220.9902777778
2023-12-13 15:00:00+00:00,514216.9222222222,830605.4897408518
2023-12-13 16:00:00+00:00,893236.5105555556,793894.6103942173
2023-12-13 17:00:00+00:00,750877.9766666667,750877.9766666667
2023-12-13 18:00:00+00:00,1038008.0055555556,1038008.0055555556
2023-12-13 19:00:00+00:00,1389091.548333333,1389091.548333333
2023-12-13 20:00:00+00:00,952975.0622222222,952975.0622222222
2023-12-13 21:00:00+00:00,930619.1563888888,930619.1563888888
2023-12-13 22:00:00+00:00,348719.31694444444,991246.4800527868
2023-12-13 23:00:00+00:00,378530.2188888889,378530.2188888889
2023-12-14 00:00:00+00:00,503443.3905555556,641198.5661842844
2023-12-14 01:00:00+00:00,469810.79027777776,469810.79027777776
2023-12-14 02:00:00+00:00,199348.66333333333,199348.66333333333
2023-12-14 03:00:00+00:00,228683.16555555555,376232.9702529164
2023-12-14 04:00:00+00:00,632710.0702777777,632710.0702777777
2023-12-14 05:00:00+00:00,887974.6736111111,497888.8235851261
2023-12-14 06:00:00+00:00,1001726.635,579447.5573643541
2023-12-14 07:00:00+00:00,1275787.1780555556,648185.5110055666
2023-12-14 08:00:00+00:00,1097138.0419444444,709694.7868595768
2023-12-14 09:00:00+00:00,893535.3961111112,893535.3961111112
2023-12-14 10:00:00+00:00,966327.8588888888,966327.8588888888
2023-12-14 11:00:00+00:00,965755.6452777778,965755.6452777778
2023-12-14 12:00:00+00:00,1188063.0977777778,1188063.0977777778
2023-12-14 13:00:00+00:00,721739.2966666666,1037080.561799629
2023-12-14 14:00:00+00:00,726935.5227777777,1020231.4460533881
2023-12-14 15:00:00+00:00,619227.6922222222,619227.6922222222
2023-12-14 16:00:00+00:00,428521.93361111113,793336.8260601427
2023-12-14 17:00:00+00:00,612983.8902777778,612983.8902777778
2023-12-14 18:00:00+00:00,974635.7427777778,671085.6219382236
2023-12-14 19:00:00+00:00,688657.4322222222,688657.4322222222
2023-12-14 20:00:00+00:00,1089280.629166667,1089280.629166667
2023-12-14 21:00:00+00:00,400130.10027777776,855003.2255671278
2023-12-14 22:00:00+00:00,733568.8125,872299.972797589
2023-12-14 23:00:00+00:00,505415.01416666666,505415.01416666666
2023-12-15 00:00:00+00:00,538910.7688888889,669909.9336616402
2023-12-15 01:00:00+00:00,499116.2280555556,499116.2280555556
2023-12-15 02:00:00+00:00,331643.7705555556,331643.7705555556
2023-12-15 03:00:00+00:00,297345.4627777777,457118.5851443775
2023-12-15 04:00:00+00:00,422679.9788888889,422679.9788888889
2023-12-15 05:00:00+00:00,784986.5016666667,784986.5016666667
2023-12-15 06:00:00+00:00,999545.8536111112,580570.2223997492
2023-12-15 07:00:00+00:00,1490991.6216666666,1490991.6216666666
2023-12-15 08:00:00+00:00,1078018.4527777778,1114757.1584194454
2023-12-15 09:00:00+00:00,981045.8666666668,1190092.4134689355
2023-12-15 10:00:00+00:00,880442.2361111111,880442.2361111111
2023-12-15 11:00:00+00:00,975658.5413888888,975658.5413888888
2023-12-15 12:00:00+00:00,848254.1483333333,1005694.1605627491
2023-12-15 13:00:00+00:00,1034749.2447222222,926963.6189699302
2023-12-15 14:00:00+00:00,524258.6986111111,524258.6986111111
2023-12-15 15:00:00+00:00,932145.1111111112,932145.1111111112
2023-12-15 16:00:00+00:00,1044024.713888889,795212.6765094143
2023-12-15 17:00:00+00:00,699133.7497222222,824566.4026754799
2023-12-15 18:00:00+00:00,723242.0033333333,723242.0033333333
2023-12-15 19:00:00+00:00,619379.0441666667,772577.8304676185
2023-12-15 20:00:00+00:00,833913.0558333333,714994.3443673579
2023-12-15 21:00:00+00:00,407250.9758333333,646462.8917256959
2023-12-15 22:00:00+00:00,392508.2713888889,392508.2713888889
2023-12-15 23:00:00+00:00,423784.2113888889,423784.2113888889
2023-12-16 00:00:00+00:00,393266.44083333336,393266.44083333336
2023-12-16 01:00:00+00:00,257829.41888888887,257829.41888888887
2023-12-16 02:00:00+00:00,261285.02277777775,261285.02277777775
2023-12-16 03:00:00+00:00,164037.48722222223,164037.48722222223
2023-12-16 04:00:00+00:00,272922.2111111111,272922.2111111111
2023-12-16 05:00:00+00:00,514285.7886111111,514285.7886111111
2023-12-16 06:00:00+00:00,384898.3222222222,384898.3222222222
2023-12-16 07:00:00+00:00,351199.53277777776,376852.23150588165
2023-12-16 08:00:00+00:00,654523.1722222222,654523.1722222222
2023-12-16 09:00:00+00:00,819376.3502777778,819376.3502777778
2023-12-16 10:00:00+00:00,615086.2808333334,657965.4260527838
2023-12-16 11:00:00+00:00,680725.4616666667,680725.4616666667
2023-12-16 12:00:00+00:00,838250.8277777778,690539.028496792
2023-12-16 13:00:00+00:00,489295.3927777778,641145.0278849914
2023-12-16 14:00:00+00:00,370435.4586111111,370435.4586111111
2023-12-16 15:00:00+00:00,829323.4394444445,481929.8570975765
2023-12-16 16:00:00+00:00,580958.205,580958.205
2023-12-16 17:00:00+00:00,1290791.9386111111,1290791.9386111111
2023-12-16 18:00:00+00:00,1139084.4886111112,1139084.4886111112
2023-12-16 19:00:00+00:00,1176867.9161111112,980728.6297282667
2023-12-16 20:00:00+00:00,1048805.525,1009997.6847944283
2023-12-16 21:00:00+00:00,1168231.0744444444,986698.518952077
2023-12-16 22:00:00+00:00,552207.4188888889,933760.0701095168
2023-12-16 23:00:00+00:00,682824.9113888888,682824.9113888888
2023-12-17 00:00:00+00:00,478676.4083333333,478676.4083333333
2023-12-17 01:00:00+00:00,253882.00861111112,651410.8441620355
2023-12-17 02:00:00+00:00,98368.40861111112,98368.40861111112
2023-12-17 03:00:00+00:00,404049.39722222224,320943.79101769073
2023-12-17 04:00:00+00:00,215434.33694444445,286417.90478561976
2023-12-17 05:00:00+00:00,355361.04277777777,329507.2495759734
2023-12-17 06:00:00+00:00,672045.6930555556,672045.6930555556
2023-12-17 07:00:00+00:00,657853.1833333333,657853.1833333333
2023-12-17 08:00:00+00:00,626574.3613888889,584572.4805283297
2023-12-17 09:00:00+00:00,453629.9394444444,453629.9394444444
2023-12-17 10:00:00+00:00,788515.8575,788515.8575
2023-12-17 11:00:00+00:00,578542.4858333333,578542.4858333333
2023-12-17 12:00:00+00:00,688278.5519444444,611686.9861976424
2023-12-17 13:00:00+00:00,981341.3105555556,663360.2535161182
2023-12-17 14:00:00+00:00,1033383.43,1033383.43
2023-12-17 15:00:00+00:00,548532.0505555555,878467.7306287608
2023-12-17 16:00:00+00:00,733829.2975,733829.2975
2023-12-17 17:00:00+00:00,661500.0844444444,661500.0844444444
2023-12-17 18:00:00+00:00,898809.0655555555,748974.0090724879
2023-12-17 19:00:00+00:00,1079732.2525,1079732.2525
2023-12-17 20:00:00+00:00,989053.0922222222,989053.0922222222
2023-12-17 21:00:00+00:00,736367.8375,736367.8375
2023-12-17 22:00:00+00:00,327398.3155555556,327398.3155555556
2023-12-17 23:00:00+00:00,432842.5447222222,432842.5447222222
2023-12-18 00:00:00+00:00,283153.585,283153.585
2023-12-18 01:00:00+00:00,258906.79361111112,258906.79361111112
2023-12-18 02:00:00+00:00,230920.08138888888,230920.08138888888
2023-12-18 03:00:00+00:00,215229.54722222223,215229.54722222223
2023-12-18 04:00:00+00:00,648802.8866666667,263481.4469089675
2023-12-18 05:00:00+00:00,1039735.9141666668,336549.8287114731
2023-12-18 06:00:00+00:00,1290026.6805555555,471862.26598965103
2023-12-18 07:00:00+00:00,1078320.4880555556,1078320.4880555556
2023-12-18 08:00:00+00:00,797961.4227777778,797961.4227777778
2023-12-18 09:00:00+00:00,1004788.6488888888,1004788.6488888888
2023-12-18 10:00:00+00:00,1239653.5855555555,899142.5823969435
2023-12-18 11:00:00+00:00,1055921.7916666667,1055921.7916666667
2023-12-18 12:00:00+00:00,1140742.2866666666,1140742.2866666666
2023-12-18 13:00:00+00:00,949734.2311111112,1061272.3188401388
2023-12-18 14:00:00+00:00,1036422.4088888888,1036422.4088888888
2023-12-18 15:00:00+00:00,715300.9205555556,715300.9205555556
2023-12-18 16:00:00+00:00,679888.9622222222,679888.9622222222
2023-12-18 17:00:00+00:00,984597.5122222222,808528.4051361809
2023-12-18 18:00:00+00:00,1080004.723611111,1080004.723611111
2023-12-18 19:00:00+00:00,1918943.5797222224,1918943.5797222224
2023-12-18 20:00:00+00:00,856283.4308333333,856283.4308333333
2023-12-18 21:00:00+00:00,556762.9138888889,556762.9138888889
2023-12-18 22:00:00+00:00,460781.9244444444,460781.9244444444
2023-12-18 23:00:00+00:00,665148.0838888889,702109.5088936747
2023-12-19 00:00:00+00:00,405214.2883333333,405214.2883333333
2023-12-19 01:00:00+00:00,198580.765,198580.765
2023-12-19 02:00:00+00:00,224088.91666666663,224088.91666666663
2023-12-19 03:00:00+00:00,202590.78444444443,307571.56821065675
2023-12-19 04:00:00+00:00,499469.8030555556,499469.8030555556
2023-12-19 05:00:00+00:00,961062.2083333334,961062.2083333334
2023-12-19 06:00:00+00:00,1337753.6102777778,647317.0317707146
2023-12-19 07:00:00+00:00,1100319.5833333333,1100319.5833333333
2023-12-19 08:00:00+00:00,1671239.629166667,939187.1063765584
2023-12-19 09:00:00+00:00,746366.4025,746366.4025
2023-12-19 10:00:00+00:00,1016366.1866666666,1016366.1866666666
2023-12-19 11:00:00+00:00,1202240.7547222222,923234.0541009118
2023-12-19 12:00:00+00:00,1406412.7227777778,1406412.7227777778
2023-12-19 13:00:00+00:00,830656.9202777778,1204849.4635731862
2023-12-19 14:00:00+00:00,1422681.3538888888,1422681.3538888888
2023-12-19 15:00:00+00:00,1023942.3408333332,1023942.3408333332
2023-12-19 16:00:00+00:00,681082.6283333333,681082.6283333333
2023-12-19 17:00:00+00:00,873061.2855555556,978504.2340320721
2023-12-19 18:00:00+00:00,616684.8605555556,878119.7756486769
2023-12-19 19:00:00+00:00,882905.6458333334,882905.6458333334
2023-12-19 20:00:00+00:00,727264.6355555556,727264.6355555556
2023-12-19 21:00:00+00:00,493266.87583333335,493266.87583333335
2023-12-19 22:00:00+00:00,405175.3194444445,668935.6276022709
2023-12-19 23:00:00+00:00,465206.5438888889,540890.1559382745
2023-12-20 00:00:00+00:00,139579.5725,139579.5725
2023-12-20 01:00:00+00:00,325851.1872222222,296149.3842206657
2023-12-20 02:00:00+00:00,456300.3652777778,283167.601609706
2023-12-20 03:00:00+00:00,520000.63083333336,520000.63083333336
2023-12-20 04:00:00+00:00,657881.9172222222,413526.5173513136
2023-12-20 05:00:00+00:00,902588.6841666668,902588.6841666668
2023-12-20 06:00:00+00:00,970412.4536111112,700072.1869650438
2023-12-20 07:00:00+00:00,1233038.835277778,1233038.835277778
2023-12-20 08:00:00+00:00,896320.2083333334,896320.2083333334
2023-12-20 09:00:00+00:00,892437.7769444444,892437.7769444444
2023-12-20 10:00:00+00:00,645082.9763888889,934890.571498601
2023-12-20 11:00:00+00:00,813413.3622222223,813413.3622222223
2023-12-20 12:00:00+00:00,993534.4222222222,993534.4222222222
2023-12-20 13:00:00+00:00,914988.7475,919229.8767927061
2023-12-20 14:00:00+00:00,763959.7675,889714.6898633122
2023-12-20 15:00:00+00:00,460679.8463888889,811148.3225420605
2023-12-20 16:00:00+00:00,425643.2816666667,425643.2816666667
2023-12-20 17:00:00+00:00,460873.1902777778,460873.1902777778
2023-12-20 18:00:00+00:00,581519.8816666667,581519.8816666667
2023-12-20 19:00:00+00:00,1172643.48,1172643.48
2023-12-20 20:00:00+00:00,481630.6402777778,481630.6402777778
2023-12-20 21:00:00+00:00,683060.7786111111,683060.7786111111
2023-12-20 22:00:00+00:00,689653.6261111111,689653.6261111111
2023-12-20 23:00:00+00:00,393649.8575,393649.8575
2023-12-21 00:00:00+00:00,380453.50833333336,556833.6518767469
2023-12-21 01:00:00+00:00,526766.1638888889,526766.1638888889
2023-12-21 02:00:00+00:00,514704.5588888889,514704.5588888889
2023-12-21 03:00:00+00:00,523773.1197222222,517665.55299521517
2023-12-21 04:00:00+00:00,528372.02,528372.02
2023-12-21 05:00:00+00:00,818635.2141666666,523287.8530098133
2023-12-21 06:00:00+00:00,1594961.8919444445,1594961.8919444445
2023-12-21 07:00:00+00:00,1480906.6875,1480906.6875
2023-12-21 08:00:00+00:00,1027837.5508333332,1027837.5508333332
2023-12-21 09:00:00+00:00,932808.3225,1169551.5159380264
2023-12-21 10:00:00+00:00,1336551.0713888889,1105584.7944061519
2023-12-21 11:00:00+00:00,1633592.265,1067364.10196097
2023-12-21 12:00:00+00:00,1054265.0944444444,1043659.6672289823
2023-12-21 13:00:00+00:00,1106263.1141666668,1028139.8631165874
2023-12-21 14:00:00+00:00,1497244.9527777778,1017234.7592735523
2023-12-21 15:00:00+00:00,993258.4397222224,993258.4397222224
2023-12-21 16:00:00+00:00,1344593.3980555555,1002095.3268478104
2023-12-21 17:00:00+00:00,718067.7438888889,1023746.4388551398
2023-12-21 18:00:00+00:00,1168684.909166667,1168684.909166667
2023-12-21 19:00:00+00:00,1261788.618611111,1261788.618611111
2023-12-21 20:00:00+00:00,1362594.0022222225,1362594.0022222225
2023-12-21 21:00:00+00:00,514197.93888888886,514197.93888888886
2023-12-21 22:00:00+00:00,585720.2933333333,585720.2933333333
2023-12-21 23:00:00+00:00,561593.3463888889,561593.3463888889
2023-12-22 00:00:00+00:00,405899.2636111111,405899.2636111111
2023-12-22 01:00:00+00:00,689053.1452777778,689053.1452777778
2023-12-22 02:00:00+00:00,389852.5444444445,389852.5444444445
2023-12-22 03:00:00+00:00,284892.5563888889,518666.406124703
2023-12-22 04:00:00+00:00,678010.9191666667,678010.9191666667
2023-12-22 05:00:00+00:00,791810.5611111111,591922.6272843023
2023-12-22 06:00:00+00:00,798578.6766666666,798578.6766666666
2023-12-22 07:00:00+00:00,1147428.950277778,718057.5810631751
2023-12-22 08:00:00+00:00,892827.7286111111,835226.8133098684
2023-12-22 09:00:00+00:00,1510817.7105555555,983337.7210396768
2023-12-22 10:00:00+00:00,1551010.3680555555,1551010.3680555555
2023-12-22 11:00:00+00:00,768958.9661111111,1324287.243886125
2023-12-22 12:00:00+00:00,927389.3836111112,927389.3836111112
2023-12-22 13:00:00+00:00,673235.6311111111,673235.6311111111
2023-12-22 14:00:00+00:00,596897.6686111111,930909.0668922799
2023-12-22 15:00:00+00:00,443883.6630555556,443883.6630555556
2023-12-22 16:00:00+00:00,542116.1783333333,626910.2798728596
2023-12-22 17:00:00+00:00,467684.08555555553,590611.1740783022
2023-12-22 18:00:00+00:00,743299.1697222223,743299.1697222223
2023-12-22 19:00:00+00:00,879986.7872222222,879986.7872222222
2023-12-22 20:00:00+00:00,1144371.1402777778,761712.2561195205
2023-12-22 21:00:00+00:00,628138.5513888889,628138.5513888889
2023-12-22 22:00:00+00:00,503456.45166666666,701569.5253104933
2023-12-22 23:00:00+00:00,351931.5805555555,351931.5805555555
2023-12-23 00:00:00+00:00,508393.3547222222,508393.3547222222
2023-12-23 01:00:00+00:00,209921.07444444444,209921.07444444444
2023-12-23 02:00:00+00:00,226009.37,226009.37
2023-12-23 03:00:00+00:00,256734.43527777775,309788.1612252063
2023-12-23 04:00:00+00:00,251727.73416666663,251727.73416666663
2023-12-23 05:00:00+00:00,237488.4038888889,237488.4038888889
2023-12-23 06:00:00+00:00,538662.7997222223,538662.7997222223
2023-12-23 07:00:00+00:00,387235.7816666667,378242.0157497254
2023-12-23 08:00:00+00:00,632541.0577777778,632541.0577777778
2023-12-23 09:00:00+00:00,419923.2361111111,419923.2361111111
2023-12-23 10:00:00+00:00,664673.9741666666,487713.56637057744
2023-12-23 11:00:00+00:00,635672.3902777778,501801.4467646051
2023-12-23 12:00:00+00:00,720190.3166666667,720190.3166666667
2023-12-23 13:00:00+00:00,501691.8627777778,501691.8627777778
2023-12-23 14:00:00+00:00,582096.9780555556,571864.6194796436
2023-12-23 15:00:00+00:00,438390.3561111111,438390.3561111111
2023-12-23 16:00:00+00:00,406344.7930555556,406344.7930555556
2023-12-23 17:00:00+00:00,546106.81,546106.81
2023-12-23 18:00:00+00:00,932725.66,932725.66
2023-12-23 19:00:00+00:00,747455.4661111111,747455.4661111111
2023-12-23 20:00:00+00:00,720815.7063888889,720815.7063888889
2023-12-23 21:00:00+00:00,488785.9172222222,488785.9172222222
2023-12-23 22:00:00+00:00,396485.85,396485.85
2023-12-23 23:00:00+00:00,593300.8133333334,593300.8133333334
2023-12-24 00:00:00+00:00,597890.6319444445,597890.6319444445
2023-12-24 01:00:00+00:00,393799.8413888889,393799.8413888889
2023-12-24 02:00:00+00:00,322567.1338888889,494409.6600955472
2023-12-24 03:00:00+00:00,120004.00027777778,120004.00027777778
2023-12-24 04:00:00+00:00,251958.79611111112,251958.79611111112
2023-12-24 05:00:00+00:00,342647.54,342647.54
2023-12-24 06:00:00+00:00,291695.4505555556,291695.4505555556
2023-12-24 07:00:00+00:00,1134538.0452777778,1134538.0452777778
2023-12-24 08:00:00+00:00,435604.5286111111,435604.5286111111
2023-12-24 09:00:00+00:00,627117.7988888889,627117.7988888889
2023-12-24 10:00:00+00:00,240768.1588888889,590905.2951522191
2023-12-24 11:00:00+00:00,626742.9705555555,618510.0564597087
2023-12-24 12:00:00+00:00,306005.31111111114,645884.0905916006
2023-12-24 13:00:00+00:00,759119.5494444445,673128.0349480504
2023-12-24 14:00:00+00:00,762496.7125,762496.7125
2023-12-24 15:00:00+00:00,719786.8630555555,719786.8630555555
2023-12-24 16:00:00+00:00,1515657.217222222,1515657.217222222
2023-12-24 17:00:00+00:00,919398.4719444443,1069354.5936733782
2023-12-24 18:00:00+00:00,1217472.0222222223,1217472.0222222223
2023-12-24 19:00:00+00:00,1202110.6527777778,1207051.475026132
2023-12-24 20:00:00+00:00,1058033.727222222,1058033.727222222
2023-12-24 21:00:00+00:00,690957.9858333333,1125011.323259342
2023-12-24 22:00:00+00:00,772566.3508333333,772566.3508333333
2023-12-24 23:00:00+00:00,380342.99583333335,919710.1448384108
2023-12-25 00:00:00+00:00,420301.38972222223,420301.38972222223
2023-12-25 01:00:00+00:00,138218.92027777777,138218.92027777777
2023-12-25 02:00:00+00:00,270623.8383333333,270623.8383333333
2023-12-25 03:00:00+00:00,274986.4636111111,349884.32677247317
2023-12-25 04:00:00+00:00,492231.09527777776,492231.09527777776
2023-12-25 05:00:00+00:00,421960.8036111111,421960.8036111111
2023-12-25 06:00:00+00:00,499051.8516666667,499051.8516666667
2023-12-25 07:00:00+00:00,347851.43861111114,347851.43861111114
2023-12-25 08:00:00+00:00,349615.3961111111,349615.3961111111
2023-12-25 09:00:00+00:00,790251.0872222222,382644.0359331061
2023-12-25 10:00:00+00:00,552338.6563888888,391440.7781153642
2023-12-25 11:00:00+00:00,477912.015,419603.60773789964
2023-12-25 12:00:00+00:00,911133.2425,458685.5237652829
2023-12-25 13:00:00+00:00,615598.2172222222,615598.2172222222
2023-12-25 14:00:00+00:00,900574.6716666666,900574.6716666666
2023-12-25 15:00:00+00:00,814141.1269444445,814141.1269444445
2023-12-25 16:00:00+00:00,589144.1563888888,589144.1563888888
2023-12-25 17:00:00+00:00,807617.4461111111,807617.4461111111
2023-12-25 18:00:00+00:00,771546.9766666667,771546.9766666667
2023-12-25 19:00:00+00:00,790812.4266666666,790812.4266666666
2023-12-25 20:00:00+00:00,605328.3533333334,768742.7136336882
2023-12-25 21:00:00+00:00,466691.6847222222,466691.6847222222
2023-12-25 22:00:00+00:00,536903.5225,536903.5225
2023-12-25 23:00:00+00:00,415881.6708333333,573926.9433340649
2023-12-26 00:00:00+00:00,692078.3138888889,692078.3138888889
2023-12-26 01:00:00+00:00,323149.05416666664,323149.05416666664
2023-12-26 02:00:00+00:00,290106.7980555556,290106.7980555556
2023-12-26 03:00:00+00:00,257930.91861111112,257930.91861111112
2023-12-26 04:00:00+00:00,195447.76055555555,195447.76055555555
2023-12-26 05:00:00+00:00,400777.0483333333,278388.2137517972
2023-12-26 06:00:00+00:00,551285.1975,284611.9706023925
2023-12-26 07:00:00+00:00,487075.96444444446,487075.96444444446
2023-12-26 08:00:00+00:00,909096.28,909096.28
2023-12-26 09:00:00+00:00,615389.1694444445,615389.1694444445
2023-12-26 10:00:00+00:00,1060668.7041666666,1060668.7041666666
2023-12-26 11:00:00+00:00,1128296.6508333334,1128296.6508333334
2023-12-26 12:00:00+00:00,754640.4347222223,754640.4347222223
2023-12-26 13:00:00+00:00,702543.5966666667,864612.4048696115
2023-12-26 14:00:00+00:00,639179.8038888889,794853.1179159068
2023-12-26 15:00:00+00:00,901342.2002777776,733728.8050854406
2023-12-26 16:00:00+00:00,665086.6808333333,677473.1075003631
2023-12-26 17:00:00+00:00,504829.2275,504829.2275
2023-12-26 18:00:00+00:00,472545.5366666667,472545.5366666667
2023-12-26 19:00:00+00:00,905769.1869444444,528620.197844423
2023-12-26 20:00:00+00:00,737761.3033333333,737761.3033333333
2023-12-26 21:00:00+00:00,544426.4519444444,544426.4519444444
2023-12-26 22:00:00+00:00,329593.9711111111,597559.8535991708
2023-12-26 23:00:00+00:00,235743.63805555555,531933.7451432415
2023-12-27 00:00:00+00:00,307912.72805555555,452481.4443458513
2023-12-27 01:00:00+00:00,155127.07694444444,155127.07694444444
2023-12-27 02:00:00+00:00,148547.895,273590.4045357135
2023-12-27 03:00:00+00:00,156475.48361111112,276163.7922073078
2023-12-27 04:00:00+00:00,401635.4313888889,331858.849206058
2023-12-27 05:00:00+00:00,652579.9822222223,652579.9822222223
2023-12-27 06:00:00+00:00,796462.6461111112,520038.93803416035
2023-12-27 07:00:00+00:00,1362172.0186111112,1362172.0186111112
2023-12-27 08:00:00+00:00,867718.1030555556,1007205.2682904726
2023-12-27 09:00:00+00:00,1597608.0469444443,1597608.0469444443
2023-12-27 10:00:00+00:00,730941.3075,730941.3075
2023-12-27 11:00:00+00:00,1207404.6658333333,1207404.6658333333
2023-12-27 12:00:00+00:00,899142.1327777777,1145405.9013198465
2023-12-27 13:00:00+00:00,718088.4655555555,718088.4655555555
2023-12-27 14:00:00+00:00,593121.7511111111,593121.7511111111
2023-12-27 15:00:00+00:00,801514.5080555555,774097.3601961948
2023-12-27 16:00:00+00:00,643936.4627777778,733668.2719078631
2023-12-27 17:00:00+00:00,857978.3180555556,857978.3180555556
2023-12-27 18:00:00+00:00,498707.1202777778,498707.1202777778
2023-12-27 19:00:00+00:00,855678.9252777778,666750.3751137897
2023-12-27 20:00:00+00:00,873771.9791666666,582364.9284213405
2023-12-27 21:00:00+00:00,422435.8883333333,422435.8883333333
2023-12-27 22:00:00+00:00,296156.57944444445,296156.57944444445
2023-12-27 23:00:00+00:00,355809.9666666667,355809.9666666667
2023-12-28 00:00:00+00:00,393820.1838888889,393820.1838888889
2023-12-28 01:00:00+00:00,84256.7975,84256.7975
2023-12-28 02:00:00+00:00,155022.995,254552.3735263303
2023-12-28 03:00:00+00:00,228596.20972222224,228596.20972222224
2023-12-28 04:00:00+00:00,395235.8436111111,219099.20912889665
2023-12-28 05:00:00+00:00,594272.8130555556,324947.5673435255
2023-12-28 06:00:00+00:00,719641.8127777778,486333.5347230596
2023-12-28 07:00:00+00:00,1027426.2102777776,679033.0007667091
2023-12-28 08:00:00+00:00,1394481.8172222222,1394481.8172222222
2023-12-28 09:00:00+00:00,905848.2327777778,1109697.1288603067
2023-12-28 10:00:00+00:00,623900.6483333333,623900.6483333333
2023-12-28 11:00:00+00:00,645715.18,645715.18
2023-12-28 12:00:00+00:00,655313.0577777778,655313.0577777778
2023-12-28 13:00:00+00:00,542247.1772222222,542247.1772222222
2023-12-28 14:00:00+00:00,415758.5572222222,415758.5572222222
2023-12-28 15:00:00+00:00,743613.0863888889,743613.0863888889
2023-12-28 16:00:00+00:00,443422.40444444446,631222.620383391
2023-12-28 17:00:00+00:00,1010147.9047222222,1010147.9047222222
2023-12-28 18:00:00+00:00,1057639.796388889,1057639.796388889
2023-12-28 19:00:00+00:00,477880.21944444446,944465.585744765
2023-12-28 20:00:00+00:00,1017748.0666666668,940496.0683758991
2023-12-28 21:00:00+00:00,671183.9561111111,884924.6886942227
2023-12-28 22:00:00+00:00,568539.9652777778,568539.9652777778
2023-12-28 23:00:00+00:00,318194.09222222224,318194.09222222224
2023-12-29 00:00:00+00:00,535918.0147222222,533008.5377160016
2023-12-29 01:00:00+00:00,351584.1061111111,351584.1061111111
2023-12-29 02:00:00+00:00,313670.1413888889,313670.1413888889
2023-12-29 03:00:00+00:00,158954.93333333332,365250.4546003877
2023-12-29 04:00:00+00:00,309198.6883333333,309198.6883333333
2023-12-29 05:00:00+00:00,668471.2533333333,327567.29917954677
2023-12-29 06:00:00+00:00,775008.5808333333,775008.5808333333
2023-12-29 07:00:00+00:00,810523.2880555555,810523.2880555555
2023-12-29 08:00:00+00:00,925213.5233333332,678005.6687183831
2023-12-29 09:00:00+00:00,559975.8855555556,559975.8855555556
2023-12-29 10:00:00+00:00,690571.5161111112,690571.5161111112
2023-12-29 11:00:00+00:00,786862.1922222222,786862.1922222222
2023-12-29 12:00:00+00:00,551733.7183333334,551733.7183333334
2023-12-29 13:00:00+00:00,582420.7619444445,582420.7619444445
2023-12-29 14:00:00+00:00,305577.59,616314.0332973177
2023-12-29 15:00:00+00:00,555193.7030555556,555193.7030555556
2023-12-29 16:00:00+00:00,602879.4586111112,602879.4586111112
2023-12-29 17:00:00+00:00,493183.4130555556,493183.4130555556
2023-12-29 18:00:00+00:00,727625.3591666666,727625.3591666666
2023-12-29 19:00:00+00:00,501447.6894444444,501447.6894444444
2023-12-29 20:00:00+00:00,456367.1013888889,571588.2107556593
2023-12-29 21:00:00+00:00,405504.3186111111,405504.3186111111
2023-12-29 22:00:00+00:00,441432.76,470099.6830681835
2023-12-29 23:00:00+00:00,412099.85777777777,412099.85777777777
2023-12-30 00:00:00+00:00,331146.97805555555,331146.97805555555
2023-12-30 01:00:00+00:00,317347.4558333333,317347.4558333333
2023-12-30 02:00:00+00:00,141682.6797222222,141682.6797222222
2023-12-30 03:00:00+00:00,162577.90666666668,262783.1428251948
2023-12-30 04:00:00+00:00,187183.74444444448,187183.74444444448
2023-12-30 05:00:00+00:00,272247.8652777778,272247.8652777778
2023-12-30 06:00:00+00:00,365955.90305555554,234682.38483824686
2023-12-30 07:00:00+00:00,538025.3213888889,287494.6363276062
2023-12-30 08:00:00+00:00,645132.4161111111,353698.642133759
2023-12-30 09:00:00+00:00,606307.7405555556,606307.7405555556
2023-12-30 10:00:00+00:00,633860.7825,633860.7825
2023-12-30 11:00:00+00:00,635685.2894444445,635685.2894444445
2023-12-30 12:00:00+00:00,956520.4827777778,593839.7558519946
2023-12-30 13:00:00+00:00,854223.0144444444,854223.0144444444
2023-12-30 14:00:00+00:00,519752.22277777776,744575.4073555428
2023-12-30 15:00:00+00:00,524228.0811111111,524228.0811111111
2023-12-30 16:00:00+00:00,726148.2486111111,634853.4476116083
2023-12-30 17:00:00+00:00,622805.5580555556,622805.5580555556
2023-12-30 18:00:00+00:00,754900.1233333333,754900.1233333333
2023-12-30 19:00:00+00:00,678205.7961111111,675746.9960903041
2023-12-30 20:00:00+00:00,711235.4836111111,711235.4836111111
2023-12-30 21:00:00+00:00,612276.2061111111,612276.2061111111
2023-12-30 22:00:00+00:00,500016.28444444446,664738.2576034074
2023-12-30 23:00:00+00:00,252900.85694444444,654941.5440780463
2023-12-31 00:00:00+00:00,702280.8094444445,702280.8094444445
2023-12-31 01:00:00+00:00,155173.62083333332,679853.5478570117
2023-12-31 02:00:00+00:00,565824.7419444445,617292.7492014274
2023-12-31 03:00:00+00:00,204707.4127777778,204707.4127777778
2023-12-31 04:00:00+00:00,289414.64722222224,289414.64722222224
2023-12-31 05:00:00+00:00,379179.1666666667,338603.84077018895
2023-12-31 06:00:00+00:00,752576.0766666667,317111.24670117116
2023-12-31 07:00:00+00:00,289156.70222222223,289156.70222222223
2023-12-31 08:00:00+00:00,610247.8002777778,610247.8002777778
2023-12-31 09:00:00+00:00,955344.3333333334,955344.3333333334
2023-12-31 10:00:00+00:00,899350.9216666666,899350.9216666666
2023-12-31 11:00:00+00:00,525384.651388889,525384.651388889
2023-12-31 12:00:00+00:00,646383.8466666667,646383.8466666667
2023-12-31 13:00:00+00:00,414407.9858333333,654417.5842731659
2023-12-31 14:00:00+00:00,543421.3972222222,543421.3972222222
2023-12-31 15:00:00+00:00,746296.005,746296.005
2023-12-31 16:00:00+00:00,422755.4241666667,658943.444280533
2023-12-31 17:00:00+00:00,573659.1125,758547.1423120793
2023-12-31 18:00:00+00:00,1169310.072222222,1169310.072222222
2023-12-31 19:00:00+00:00,1680154.6363888888,1004052.2785300064
2023-12-31 20:00:00+00:00,750859.4591666666,1002189.4973808788
2023-12-31 21:00:00+00:00,425271.08972222224,927195.1336589045
2023-12-31 22:00:00+00:00,491196.0144444445,491196.0144444445
2023-12-31 23:00:00+00:00,422199.77972222224,422199.77972222224
2024-01-01 00:00:00+00:00,398587.5983333333,398587.5983333333
2024-01-01 01:00:00+00:00,177737.51333333334,491150.146647323
2024-01-01 02:00:00+00:00,197657.11222222223,436762.8600502067
2024-01-01 03:00:00+00:00,302200.8433333333,302200.8433333333
2024-01-01 04:00:00+00:00,265481.99916666665,352879.28883920395
2024-01-01 05:00:00+00:00,267630.9811111111,267630.9811111111
2024-01-01 06:00:00+00:00,518526.77694444446,298982.13219992735
2024-01-01 07:00:00+00:00,487607.95472222223,327915.6038724616
2024-01-01 08:00:00+00:00,774358.3983333333,386837.0782680405
2024-01-01 09:00:00+00:00,658373.8469444445,658373.8469444445
2024-01-01 10:00:00+00:00,445048.25166666665,548029.1537619134
2024-01-01 11:00:00+00:00,1617623.96,1617623.96
2024-01-01 12:00:00+00:00,508437.46555555554,1159648.6596275845
2024-01-01 13:00:00+00:00,619247.6519444444,619247.6519444444
2024-01-01 14:00:00+00:00,617221.3472222222,617221.3472222222
2024-01-01 15:00:00+00:00,712979.8855555556,784442.0850033631
2024-01-01 16:00:00+00:00,867351.4213888888,867351.4213888888
2024-01-01 17:00:00+00:00,1058701.0769444443,810237.8577578191
2024-01-01 18:00:00+00:00,1656882.3997222222,1656882.3997222222
2024-01-01 19:00:00+00:00,1417847.368611111,1290651.9151239982
2024-01-01 20:00:00+00:00,894401.8413888889,894401.8413888889
2024-01-01 21:00:00+00:00,484824.7338888889,484824.7338888889
2024-01-01 22:00:00+00:00,316131.5466666667,839640.7476695895
2024-01-01 23:00:00+00:00,240217.015,240217.015
2024-01-02 00:00:00+00:00,476484.78444444446,476484.78444444446
2024-01-02 01:00:00+00:00,396372.84777777776,467669.96063528466
2024-01-02 02:00:00+00:00,94977.94472222222,94977.94472222222
2024-01-02 03:00:00+00:00,233141.5919444445,233141.5919444445
2024-01-02 04:00:00+00:00,359078.96944444446,359078.96944444446
2024-01-02 05:00:00+00:00,390851.34194444446,390851.34194444446
2024-01-02 06:00:00+00:00,451614.84944444447,337781.9094567442
2024-01-02 07:00:00+00:00,937601.0983333334,937601.0983333334
2024-01-02 08:00:00+00:00,1151401.6280555555,1151401.6280555555
2024-01-02 09:00:00+00:00,556430.1775,885438.3366780101
2024-01-02 10:00:00+00:00,749305.5319444444,916010.7940107028
2024-01-02 11:00:00+00:00,563788.3525,563788.3525
2024-01-02 12:00:00+00:00,1086169.9294444444,723929.292209019
2024-01-02 13:00:00+00:00,1476551.4308333334,1476551.4308333334
2024-01-02 14:00:00+00:00,815382.4611111111,815382.4611111111
2024-01-02 15:00:00+00:00,1318759.6119444445,989985.0473012066
2024-01-02 16:00:00+00:00,488658.4447222222,488658.4447222222
2024-01-02 17:00:00+00:00,258552.615,258552.615
2024-01-02 18:00:00+00:00,382619.66277777776,382619.66277777776
2024-01-02 19:00:00+00:00,347588.9061111111,449253.3682037615
2024-01-02 20:00:00+00:00,393947.6402777778,418663.7257935653
2024-01-02 21:00:00+00:00,372125.9819444445,372125.9819444445
2024-01-02 22:00:00+00:00,249767.41222222225,387780.49704950367
2024-01-02 23:00:00+00:00,210708.50027777776,210708.50027777776
2024-01-03 00:00:00+00:00,202337.18916666668,286847.8742449384
2024-01-03 01:00:00+00:00,169690.39222222223,169690.39222222223
2024-01-03 02:00:00+00:00,216635.2125,216635.2125
2024-01-03 03:00:00+00:00,215711.22666666663,215711.22666666663
2024-01-03 04:00:00+00:00,389127.95416666666,389127.95416666666
2024-01-03 05:00:00+00:00,510573.1036111111,290810.2855262691
2024-01-03 06:00:00+00:00,820583.2894444445,820583.2894444445
2024-01-03 07:00:00+00:00,788503.3666666667,788503.3666666667
2024-01-03 08:00:00+00:00,796463.3233333334,796463.3233333334
2024-01-03 09:00:00+00:00,860831.4983333333,731769.2889063733
2024-01-03 10:00:00+00:00,694915.1811111111,694915.1811111111
2024-01-03 11:00:00+00:00,598351.4038888889,719117.7383800495
2024-01-03 12:00:00+00:00,485047.3825,485047.3825
2024-01-03 13:00:00+00:00,530281.8647222222,530281.8647222222
2024-01-03 14:00:00+00:00,617760.5122222222,561282.2120798606
2024-01-03 15:00:00+00:00,617358.9525,545528.7693897951
2024-01-03 16:00:00+00:00,494354.8277777778,534414.7131839166
2024-01-03 17:00:00+00:00,424498.6975,525916.4595784625
2024-01-03 18:00:00+00:00,767774.8244444445,518893.06116511364
2024-01-03 19:00:00+00:00,499580.3775,499580.3775
2024-01-03 20:00:00+00:00,216269.03944444444,506978.23975475796
2024-01-03 21:00:00+00:00,518948.3447222223,518948.3447222223
2024-01-03 22:00:00+00:00,282002.4866666667,512761.5164503284
2024-01-03 23:00:00+00:00,336068.38138888887,478202.40955668554
2024-01-04 00:00:00+00:00,549335.5911111111,421459.47124176857
2024-01-04 01:00:00+00:00,177272.13194444444,177272.13194444444
2024-01-04 02:00:00+00:00,186749.97944444444,186749.97944444444
2024-01-04 03:00:00+00:00,156291.95916666667,237018.25847428618
2024-01-04 04:00:00+00:00,275938.17055555555,275938.17055555555
2024-01-04 05:00:00+00:00,364277.74333333335,364277.74333333335
2024-01-04 06:00:00+00:00,656857.895,301310.3030656812
2024-01-04 07:00:00+00:00,684353.475,684353.475
2024-01-04 08:00:00+00:00,720130.4944444444,523226.9980981229
2024-01-04 09:00:00+00:00,808831.9955555556,600665.4003972234
2024-01-04 10:00:00+00:00,733593.4427777778,733593.4427777778
2024-01-04 11:00:00+00:00,628093.1683333333,687299.3148607959
2024-01-04 12:00:00+00:00,994687.0911111112,748546.9507620442
2024-01-04 13:00:00+00:00,1015970.7702777778,1015970.7702777778
2024-01-04 14:00:00+00:00,713193.2641666667,907809.0617396308
2024-01-04 15:00:00+00:00,604767.6180555555,604767.6180555555
2024-01-04 16:00:00+00:00,519858.0694444445,519858.0694444445
2024-01-04 17:00:00+00:00,279053.3363888889,279053.3363888889
2024-01-04 18:00:00+00:00,498388.505,498388.505
2024-01-04 19:00:00+00:00,360635.26972222223,360635.26972222223
2024-01-04 20:00:00+00:00,431594.2497222222,431594.2497222222
2024-01-04 21:00:00+00:00,347669.0302777777,433607.98860119877
2024-01-04 22:00:00+00:00,185099.7786111111,405509.1130676584
2024-01-04 23:00:00+00:00,244372.10166666663,244372.10166666663
2024-01-05 00:00:00+00:00,307087.2166666667,307087.2166666667
2024-01-05 01:00:00+00:00,273786.8611111111,309262.3189863785
2024-01-05 02:00:00+00:00,228839.29722222223,228839.29722222223
2024-01-05 03:00:00+00:00,214931.4883333333,264027.28861253493
2024-01-05 04:00:00+00:00,355677.4766666667,355677.4766666667
2024-01-05 05:00:00+00:00,576272.4772222223,310945.5703094527
2024-01-05 06:00:00+00:00,387709.5794444445,332809.12321429205
2024-01-05 07:00:00+00:00,660951.0108333334,347488.9619868753
2024-01-05 08:00:00+00:00,609789.4808333333,358118.4423398898
2024-01-05 09:00:00+00:00,774939.0608333333,366464.2289065233
2024-01-05 10:00:00+00:00,821116.5269444444,373522.41157006554
2024-01-05 11:00:00+00:00,667768.1647222223,379854.61081974424
2024-01-05 12:00:00+00:00,725228.8627777778,385777.4823903598
2024-01-05 13:00:00+00:00,717633.1594444445,391469.56473680347
2024-01-05 14:00:00+00:00,478906.8325,397031.52232326084
2024-01-05 15:00:00+00:00,418846.0438888889,402520.11230244685
2024-01-05 16:00:00+00:00,444229.9780555556,407967.3357823034
2024-01-05 17:00:00+00:00,567696.3475,413391.2357910748
2024-01-05 18:00:00+00:00,517066.81166666665,418801.9854411677
2024-01-05 19:00:00+00:00,358017.90694444446,424205.3205888162
2024-01-05 20:00:00+00:00,441977.4883333333,441977.4883333333
2024-01-05 21:00:00+00:00,194791.88972222223,194791.88972222223
2024-01-05 22:00:00+00:00,355094.5472222222,355094.5472222222
2024-01-05 23:00:00+00:00,232882.4297222222,232882.4297222222
2024-01-06 00:00:00+00:00,208240.2275,208240.2275
2024-01-06 01:00:00+00:00,286067.5441666667,256528.1324408384
2024-01-06 02:00:00+00:00,135797.6975,135797.6975
2024-01-06 03:00:00+00:00,38276.72194444444,38276.72194444444
2024-01-06 04:00:00+00:00,49942.92388888889,49942.92388888889
2024-01-06 05:00:00+00:00,261125.4683333333,261125.4683333333
2024-01-06 06:00:00+00:00,202542.0547222222,202542.0547222222
2024-01-06 07:00:00+00:00,280699.83694444445,280699.83694444445
2024-01-06 08:00:00+00:00,267357.6372222222,267357.6372222222
2024-01-06 09:00:00+00:00,559940.5652777777,243179.95837071666
2024-01-06 10:00:00+00:00,588524.3322222222,588524.3322222222
2024-01-06 11:00:00+00:00,411527.2627777778,439248.10801692127
2024-01-06 12:00:00+00:00,552533.5491666667,552533.5491666667
2024-01-06 13:00:00+00:00,384095.8786111111,384095.8786111111
2024-01-06 14:00:00+00:00,433727.135,461255.294779579
2024-01-06 15:00:00+00:00,632035.7477777777,632035.7477777777
2024-01-06 16:00:00+00:00,413069.895,547257.3800501896
2024-01-06 17:00:00+00:00,427076.1216666666,427076.1216666666
2024-01-06 18:00:00+00:00,318157.185,318157.185
2024-01-06 19:00:00+00:00,405072.4091666667,405072.4091666667
2024-01-06 20:00:00+00:00,657111.0255555556,657111.0255555556
2024-01-06 21:00:00+00:00,333818.37166666664,518262.8354806036
2024-01-06 22:00:00+00:00,329400.8438888889,545600.4441941672
2024-01-06 23:00:00+00:00,428593.8458333333,428593.8458333333
2024-01-07 00:00:00+00:00,393418.6083333333,484522.896935442
2024-01-07 01:00:00+00:00,187528.67916666667,187528.67916666667
2024-01-07 02:00:00+00:00,249987.57638888888,311584.91044538765
2024-01-07 03:00:00+00:00,77690.03833333333,239500.77116524955
2024-01-07 04:00:00+00:00,63904.46194444445,63904.46194444445
2024-01-07 05:00:00+00:00,154405.32722222223,154405.32722222223
2024-01-07 06:00:00+00:00,226976.24083333332,140566.31544227357
2024-01-07 07:00:00+00:00,281536.4238888889,281536.4238888889
2024-01-07 08:00:00+00:00,602686.6680555556,602686.6680555556
2024-01-07 09:00:00+00:00,532566.3419444445,387532.7478929177
2024-01-07 10:00:00+00:00,407202.0758333333,407202.0758333333
2024-01-07 11:00:00+00:00,613537.713888889,613537.713888889
2024-01-07 12:00:00+00:00,731642.0158333334,507227.87667978817
2024-01-07 13:00:00+00:00,580663.1041666666,580663.1041666666
2024-01-07 14:00:00+00:00,440822.19583333336,561360.5031726232
2024-01-07 15:00:00+00:00,495057.73527777777,549347.4522807611
2024-01-07 16:00:00+00:00,440129.83694444445,440129.83694444445
2024-01-07 17:00:00+00:00,449875.935,449875.935
2024-01-07 18:00:00+00:00,626182.6763888889,626182.6763888889
2024-01-07 19:00:00+00:00,654503.5036111111,538378.0085383184
2024-01-07 20:00:00+00:00,531403.8844444444,531403.8844444444
2024-01-07 21:00:00+00:00,541225.4119444444,541225.4119444444
2024-01-07 22:00:00+00:00,337051.4266666667,337051.4266666667
2024-01-07 23:00:00+00:00,320721.0102777778,320721.0102777778
2024-01-08 00:00:00+00:00,464089.2602777778,395561.05541683943
2024-01-08 01:00:00+00:00,202032.7469444445,202032.7469444445
2024-01-08 02:00:00+00:00,271233.3847222222,278149.4414680665
2024-01-08 03:00:00+00:00,456337.065,456337.065
2024-01-08 04:00:00+00:00,300201.6086111111,300201.6086111111
2024-01-08 05:00:00+00:00,529340.6822222222,338665.6254835168
2024-01-08 06:00:00+00:00,1062006.5944444444,1062006.5944444444
2024-01-08 07:00:00+00:00,529503.7455555556,738383.4384587487
2024-01-08 08:00:00+00:00,629948.5075,629948.5075
2024-01-08 09:00:00+00:00,548853.5680555556,548853.5680555556
2024-01-08 10:00:00+00:00,832614.0891666666,643967.2019247784
2024-01-08 11:00:00+00:00,658915.7097222222,658915.7097222222
2024-01-08 12:00:00+00:00,770727.2711111112,770727.2711111112
2024-01-08 13:00:00+00:00,669060.5991666666,697375.1667143601
2024-01-08 14:00:00+00:00,600857.0116666667,600857.0116666667
2024-01-08 15:00:00+00:00,392754.6411111111,652427.7999706386
2024-01-08 16:00:00+00:00,345029.2677777778,345029.2677777778
2024-01-08 17:00:00+00:00,469173.725,474208.27107399853
2024-01-08 18:00:00+00:00,522186.53277777776,522186.53277777776
2024-01-08 19:00:00+00:00,1280432.288611111,1280432.288611111
2024-01-08 20:00:00+00:00,784564.5208333334,832032.4360167115
2024-01-08 21:00:00+00:00,119376.21555555557,857052.7927039624
2024-01-08 22:00:00+00:00,107322.11972222224,107322.11972222224
2024-01-08 23:00:00+00:00,30922.338333333333,30922.338333333333
2024-01-09 00:00:00+00:00,92613.54861111112,92613.54861111112
2024-01-09 01:00:00+00:00,43832.39638888889,188456.51361596017
2024-01-09 02:00:00+00:00,45722.53888888889,144406.49473411782
2024-01-09 03:00:00+00:00,77167.51305555555,77167.51305555555
2024-01-09 04:00:00+00:00,366933.2683333333,366933.2683333333
2024-01-09 05:00:00+00:00,1319491.6425,1319491.6425
2024-01-09 06:00:00+00:00,690489.1397222222,690489.1397222222
2024-01-09 07:00:00+00:00,524094.4722222223,524094.4722222223
2024-01-09 08:00:00+00:00,705633.1358333334,620139.6925324453
2024-01-09 09:00:00+00:00,605401.5533333333,594205.6295667724
2024-01-09 10:00:00+00:00,633856.2952777778,633856.2952777778
2024-01-09 11:00:00+00:00,540149.7633333333,540149.7633333333
2024-01-09 12:00:00+00:00,611115.1580555555,580803.7299979778
2024-01-09 13:00:00+00:00,433047.9861111111,546686.1298347551
2024-01-09 14:00:00+00:00,427451.6608333333,427451.6608333333
2024-01-09 15:00:00+00:00,534779.4113888888,534779.4113888888
2024-01-09 16:00:00+00:00,740425.8633333333,500845.7192388198
2024-01-09 17:00:00+00:00,1514000.0613888889,1514000.0613888889
2024-01-09 18:00:00+00:00,926754.6725,1071511.4736594453
2024-01-09 19:00:00+00:00,1329475.6758333333,1329475.6758333333
2024-01-09 20:00:00+00:00,682012.0102777778,1270158.8816503535
2024-01-09 21:00:00+00:00,710229.3752777778,1173528.106748731
2024-01-09 22:00:00+00:00,486901.235,486901.235
2024-01-09 23:00:00+00:00,433651.13138888887,774249.4837917264
2024-01-10 00:00:00+00:00,333568.22222222225,333568.22222222225
2024-01-10 01:00:00+00:00,179625.44055555554,492514.5615651438
2024-01-10 02:00:00+00:00,374995.03055555554,374995.03055555554
2024-01-10 03:00:00+00:00,382085.5027777778,382085.5027777778
2024-01-10 04:00:00+00:00,804636.8747222222,804636.8747222222
2024-01-10 05:00:00+00:00,1261081.898888889,574394.8598223227
2024-01-10 06:00:00+00:00,925309.8047222224,673381.6566421125
2024-01-10 07:00:00+00:00,826364.7911111111,727753.9099456155
2024-01-10 08:00:00+00:00,791440.4394444445,791440.4394444445
2024-01-10 09:00:00+00:00,666399.3833333333,772005.9087476544
2024-01-10 10:00:00+00:00,858417.175,771315.9856804383
2024-01-10 11:00:00+00:00,707010.6113888889,761760.2123978912
2024-01-10 12:00:00+00:00,1012987.1252777778,747205.6501316539
2024-01-10 13:00:00+00:00,861758.3488888888,729832.6451107385
2024-01-10 14:00:00+00:00,610106.8033333333,710870.5312902085
2024-01-10 15:00:00+00:00,628810.4752777778,691012.4380240004
2024-01-10 16:00:00+00:00,623310.1308333334,623310.1308333334
2024-01-10 17:00:00+00:00,682756.4986111111,650001.0693191523
2024-01-10 18:00:00+00:00,551509.7538888889,635590.9659598826
2024-01-10 19:00:00+00:00,604270.615,604270.615
2024-01-10 20:00:00+00:00,766456.8922222222,766456.8922222222
2024-01-10 21:00:00+00:00,381885.31638888887,681506.0372178776
2024-01-10 22:00:00+00:00,599109.0716666667,599109.0716666667
2024-01-10 23:00:00+00:00,229077.625,229077.625
2024-01-11 00:00:00+00:00,332464.12638888886,332464.12638888886
2024-01-11 01:00:00+00:00,238738.9986111111,238738.9986111111
2024-01-11 02:00:00+00:00,272805.35083333333,272805.35083333333
2024-01-11 03:00:00+00:00,136269.4275,306984.0115439782
2024-01-11 04:00:00+00:00,450266.1327777778,450266.1327777778
2024-01-11 05:00:00+00:00,617602.2163888889,617602.2163888889
2024-01-11 06:00:00+00:00,1114194.091388889,1114194.091388889
2024-01-11 07:00:00+00:00,1702270.5119444444,1702270.5119444444
2024-01-11 08:00:00+00:00,857649.84,1170763.702231427
2024-01-11 09:00:00+00:00,918695.2841666668,918695.2841666668
2024-01-11 10:00:00+00:00,703732.7161111111,1095178.4205937134
2024-01-11 11:00:00+00:00,736278.0202777778,736278.0202777778
2024-01-11 12:00:00+00:00,873226.1566666666,873226.1566666666
2024-01-11 13:00:00+00:00,733023.8816666667,733023.8816666667
2024-01-11 14:00:00+00:00,530209.2947222223,530209.2947222223
2024-01-11 15:00:00+00:00,607393.7361111111,607393.7361111111
2024-01-11 16:00:00+00:00,403194.3366666666,403194.3366666666
2024-01-11 17:00:00+00:00,472398.9711111111,472398.9711111111
2024-01-11 18:00:00+00:00,688253.098611111,688253.098611111
2024-01-11 19:00:00+00:00,878970.0613888889,878970.0613888889
2024-01-11 20:00:00+00:00,824235.8038888889,715704.494560397
2024-01-11 21:00:00+00:00,645968.6186111111,645968.6186111111
2024-01-11 22:00:00+00:00,403885.145,696788.1646134468
2024-01-11 23:00:00+00:00,229825.39527777777,229825.39527777777
2024-01-12 00:00:00+00:00,329954.5861111111,329954.5861111111
2024-01-12 01:00:00+00:00,493629.6561111111,493629.6561111111
2024-01-12 02:00:00+00:00,479479.02194444445,432972.648468679
2024-01-12 03:00:00+00:00,242446.7838888889,464980.54070739297
2024-01-12 04:00:00+00:00,531808.1172222223,531808.1172222223
2024-01-12 05:00:00+00:00,641092.7225,507434.01718329586
2024-01-12 06:00:00+00:00,1069328.5130555555,603072.1979611985
2024-01-12 07:00:00+00:00,1116482.8377777778,1116482.8377777778
2024-01-12 08:00:00+00:00,903449.6530555557,903449.6530555557
2024-01-12 09:00:00+00:00,1101014.881388889,904516.1883894363
2024-01-12 10:00:00+00:00,1167075.868611111,911320.6868189641
2024-01-12 11:00:00+00:00,953450.4294444444,953450.4294444444
2024-01-12 12:00:00+00:00,1213587.0541666667,1213587.0541666667
2024-01-12 13:00:00+00:00,1151988.5302777777,1151988.5302777777
2024-01-12 14:00:00+00:00,591060.8411111111,1098461.5847797378
2024-01-12 15:00:00+00:00,1334975.6963888889,1050797.0955437573
2024-01-12 16:00:00+00:00,590375.9841666666,952911.0608636962
2024-01-12 17:00:00+00:00,500767.19166666665,500767.19166666665
2024-01-12 18:00:00+00:00,906998.42,684541.2877895933
2024-01-12 19:00:00+00:00,1426948.7880555557,695537.3962258566
2024-01-12 20:00:00+00:00,1127720.4394444444,1127720.4394444444
2024-01-12 21:00:00+00:00,429409.1686111111,429409.1686111111
2024-01-12 22:00:00+00:00,454100.7527777778,454100.7527777778
2024-01-12 23:00:00+00:00,380080.6161111111,380080.6161111111
2024-01-13 00:00:00+00:00,240002.0636111111,240002.0636111111
2024-01-13 01:00:00+00:00,291555.0266666667,291555.0266666667
2024-01-13 02:00:00+00:00,269946.9861111111,346823.7335944437
2024-01-13 03:00:00+00:00,154139.50222222222,154139.50222222222
2024-01-13 04:00:00+00:00,356284.96444444446,356284.96444444446
2024-01-13 05:00:00+00:00,456893.1097222222,456893.1097222222
2024-01-13 06:00:00+00:00,678695.425,678695.425
2024-01-13 07:00:00+00:00,750515.6669444444,750515.6669444444
2024-01-13 08:00:00+00:00,542596.0086111111,608947.176959259
2024-01-13 09:00:00+00:00,602146.6963888889,676498.8936361688
2024-01-13 10:00:00+00:00,1155704.8152777778,720389.344106819
2024-01-13 11:00:00+00:00,771383.4058333334,750938.9785271958
2024-01-13 12:00:00+00:00,807799.6716666666,773966.7258543049
2024-01-13 13:00:00+00:00,625294.8497222222,792753.4443544924
2024-01-13 14:00:00+00:00,843647.2872222222,843647.2872222222
2024-01-13 15:00:00+00:00,516493.07166666666,516493.07166666666
2024-01-13 16:00:00+00:00,496322.4716666667,496322.4716666667
2024-01-13 17:00:00+00:00,848952.2086111112,605513.6253109209
2024-01-13 18:00:00+00:00,690023.5238888889,653946.4383004755
2024-01-13 19:00:00+00:00,1157015.6116666666,1157015.6116666666
2024-01-13 20:00:00+00:00,873339.4983333333,942929.9286483901
2024-01-13 21:00:00+00:00,735942.2002777777,959715.8940718602
2024-01-13 22:00:00+00:00,630212.0138888889,630212.0138888889
2024-01-13 23:00:00+00:00,408143.2241666667,778145.8504076864
2024-01-14 00:00:00+00:00,230096.83583333332,652589.1291189675
2024-01-14 01:00:00+00:00,210437.52777777775,210437.52777777775
2024-01-14 02:00:00+00:00,413338.76916666667,413338.76916666667
2024-01-14 03:00:00+00:00,142322.51527777777,142322.51527777777
2024-01-14 04:00:00+00:00,329134.2866666667,286249.1836102631
2024-01-14 05:00:00+00:00,337047.5911111111,337047.5911111111
2024-01-14 06:00:00+00:00,503178.6927777778,296954.8264771084
2024-01-14 07:00:00+00:00,356702.5088888889,356702.5088888889
2024-01-14 08:00:00+00:00,548895.5244444445,548895.5244444445
2024-01-14 09:00:00+00:00,580135.0694444445,580135.0694444445
2024-01-14 10:00:00+00:00,694815.6002777778,494617.1233053297
2024-01-14 11:00:00+00:00,636100.5058333334,636100.5058333334
2024-01-14 12:00:00+00:00,566782.1605555556,584241.4266340126
2024-01-14 13:00:00+00:00,542929.9008333334,593148.2410057457
2024-01-14 14:00:00+00:00,722996.1102777778,584457.3128790428
2024-01-14 15:00:00+00:00,510345.31833333336,510345.31833333336
2024-01-14 16:00:00+00:00,541820.96,541637.0579336082
2024-01-14 17:00:00+00:00,486111.7183333333,486111.7183333333
2024-01-14 18:00:00+00:00,597449.4433333334,506742.99518130335
2024-01-14 19:00:00+00:00,466500.6172222222,466500.6172222222
2024-01-14 20:00:00+00:00,517324.7002777778,517324.7002777778
2024-01-14 21:00:00+00:00,370355.5005555556,497241.4540034228
2024-01-14 22:00:00+00:00,229353.83027777777,477189.15862137295
2024-01-14 23:00:00+00:00,336397.3772222222,437071.06785526423
2024-01-15 00:00:00+00:00,253099.4655555556,253099.4655555556
2024-01-15 01:00:00+00:00,146282.58472222224,327828.79630339076
2024-01-15 02:00:00+00:00,74779.12472222222,74779.12472222222
2024-01-15 03:00:00+00:00,86633.51777777777,86633.51777777777
2024-01-15 04:00:00+00:00,324846.8913888889,324846.8913888889
2024-01-15 05:00:00+00:00,726920.6405555556,726920.6405555556
2024-01-15 06:00:00+00:00,1181123.0347222222,1181123.0347222222
2024-01-15 07:00:00+00:00,523747.4986111112,523747.4986111112
2024-01-15 08:00:00+00:00,953519.6336111112,659018.4190156372
2024-01-15 09:00:00+00:00,617847.7280555556,617847.7280555556
2024-01-15 10:00:00+00:00,946568.6488888888,619364.9762726637
2024-01-15 11:00:00+00:00,802274.8597222222,802274.8597222222
2024-01-15 12:00:00+00:00,812736.5561111111,812736.5561111111
2024-01-15 13:00:00+00:00,1106180.205,1106180.205
2024-01-15 14:00:00+00:00,1385537.0519444444,1385537.0519444444
2024-01-15 15:00:00+00:00,220590.7163888889,1118381.188975229
2024-01-15 16:00:00+00:00,509761.6355555556,509761.6355555556
2024-01-15 17:00:00+00:00,505274.5555555556,810929.1625420086
2024-01-15 18:00:00+00:00,549726.6947222222,549726.6947222222
2024-01-15 19:00:00+00:00,376727.8752777778,376727.8752777778
2024-01-15 20:00:00+00:00,555685.5641666667,518315.93511530594
2024-01-15 21:00:00+00:00,518585.61027777777,446971.6687405448
2024-01-15 22:00:00+00:00,303977.0308333333,397158.8696950263
2024-01-15 23:00:00+00:00,404304.5425,359486.05261107784
2024-01-16 00:00:00+00:00,434760.1905555556,328658.06220678095
2024-01-16 01:00:00+00:00,244848.06694444444,244848.06694444444
2024-01-16 02:00:00+00:00,157191.1875,157191.1875
2024-01-16 03:00:00+00:00,223350.64638888888,224684.11269128454
2024-01-16 04:00:00+00:00,436392.84027777775,436392.84027777775
2024-01-16 05:00:00+00:00,585289.3430555556,585289.3430555556
2024-01-16 06:00:00+00:00,1070385.1980555556,444034.2569243199
2024-01-16 07:00:00+00:00,583648.0708333333,909625.0978723675
2024-01-16 08:00:00+00:00,579942.0130555555,1576115.8250160888
2024-01-16 09:00:00+00:00,1000777.9758333332,2355878.952837519
2024-01-16 10:00:00+00:00,5216217.553888889,5216217.553888889
2024-01-16 11:00:00+00:00,701039.2422222223,701039.2422222223
2024-01-16 12:00:00+00:00,1483176.7469444445,2605700.6671512974
2024-01-16 13:00:00+00:00,722982.2736111111,722982.2736111111
2024-01-16 14:00:00+00:00,490030.21694444446,1318797.9240229786
2024-01-16 15:00:00+00:00,434904.68,434904.68
2024-01-16 16:00:00+00:00,385562.61833333335,385562.61833333335
2024-01-16 17:00:00+00:00,390247.5863888889,591783.6603814572
2024-01-16 18:00:00+00:00,757172.5433333333,552569.715148611
2024-01-16 19:00:00+00:00,734513.2077777778,734513.2077777778
2024-01-16 20:00:00+00:00,554719.9169444444,554719.9169444444
2024-01-16 21:00:00+00:00,587944.8825,607352.0318168612
2024-01-16 22:00:00+00:00,682019.8547222222,591318.5207497199
2024-01-16 23:00:00+00:00,424466.7111111111,589201.7203728561
2024-01-17 00:00:00+00:00,618210.9244444445,618210.9244444445
2024-01-17 01:00:00+00:00,287383.0463888889,287383.0463888889
2024-01-17 02:00:00+00:00,266422.96805555554,266422.96805555554
2024-01-17 03:00:00+00:00,209903.55444444445,209903.55444444445
2024-01-17 04:00:00+00:00,756885.075,756885.075
2024-01-17 05:00:00+00:00,832857.3741666666,832857.3741666666
2024-01-17 06:00:00+00:00,1405513.5005555556,646488.921832693
2024-01-17 07:00:00+00:00,973455.7063888888,973455.7063888888
2024-01-17 08:00:00+00:00,1456965.4666666666,852224.9546187689
2024-01-17 09:00:00+00:00,1940027.9161111112,882579.1346999051
2024-01-17 10:00:00+00:00,818538.7441666666,818538.7441666666
2024-01-17 11:00:00+00:00,843668.4494444445,843668.4494444445
2024-01-17 12:00:00+00:00,717449.8186111111,717449.8186111111
2024-01-17 13:00:00+00:00,751324.7583333333,751324.7583333333
2024-01-17 14:00:00+00:00,698470.9094444445,698470.9094444445
2024-01-17 15:00:00+00:00,502560.8238888889,502560.8238888889
2024-01-17 16:00:00+00:00,357124.7011111111,636957.6482110727
2024-01-17 17:00:00+00:00,880808.9772222223,600030.7224972729
2024-01-17 18:00:00+00:00,651768.8233333334,651768.8233333334
2024-01-17 19:00:00+00:00,825947.4680555556,623089.9522821514
2024-01-17 20:00:00+00:00,563762.01,563762.01
2024-01-17 21:00:00+00:00,881230.0430555556,593443.8864667809
2024-01-17 22:00:00+00:00,665480.6447222222,584176.2036998756
2024-01-17 23:00:00+00:00,589064.7486111111,589064.7486111111
2024-01-18 00:00:00+00:00,238413.4011111111,585436.4828374385
2024-01-18 01:00:00+00:00,395936.7572222222,395936.7572222222
2024-01-18 02:00:00+00:00,227972.77388888889,227972.77388888889
2024-01-18 03:00:00+00:00,345513.3255555556,370030.3948950443
2024-01-18 04:00:00+00:00,317028.8211111111,317028.8211111111
2024-01-18 05:00:00+00:00,512096.5988888889,512096.5988888889
2024-01-18 06:00:00+00:00,750884.4480555556,750884.4480555556
2024-01-18 07:00:00+00:00,758605.445,758605.445
2024-01-18 08:00:00+00:00,803198.99,803198.99
2024-01-18 09:00:00+00:00,521596.3616666667,521596.3616666667
2024-01-18 10:00:00+00:00,906223.6305555556,629900.1921995435
2024-01-18 11:00:00+00:00,982190.0775,982190.0775
2024-01-18 12:00:00+00:00,742257.5211111112,742257.5211111112
2024-01-18 13:00:00+00:00,1200694.711111111,1200694.711111111
2024-01-18 14:00:00+00:00,617363.8469444445,617363.8469444445
2024-01-18 15:00:00+00:00,449329.6419444445,449329.6419444445
2024-01-18 16:00:00+00:00,466935.77166666667,466935.77166666667
2024-01-18 17:00:00+00:00,1015699.31,1015699.31
2024-01-18 18:00:00+00:00,619997.9302777778,765934.2433802298
2024-01-18 19:00:00+00:00,726828.7127777778,798856.274422293
2024-01-18 20:00:00+00:00,492841.0180555555,492841.0180555555
2024-01-18 21:00:00+00:00,442941.0022222222,442941.0022222222
2024-01-18 22:00:00+00:00,436031.5347222223,436031.5347222223
2024-01-18 23:00:00+00:00,599682.4880555555,500341.8359407588
2024-01-19 00:00:00+00:00,470922.3858333333,470922.3858333333
2024-01-19 01:00:00+00:00,509341.6513888889,509341.6513888889
2024-01-19 02:00:00+00:00,565896.9380555556,565896.9380555556
2024-01-19 03:00:00+00:00,234668.6558333333,234668.6558333333
2024-01-19 04:00:00+00:00,379673.6994444445,379673.6994444445
2024-01-19 05:00:00+00:00,884687.4586111112,884687.4586111112
2024-01-19 06:00:00+00:00,824332.7344444444,824332.7344444444
2024-01-19 07:00:00+00:00,1351081.7175,1351081.7175
2024-01-19 08:00:00+00:00,1078692.73,1078692.73
2024-01-19 09:00:00+00:00,736851.7266666667,736851.7266666667
2024-01-19 10:00:00+00:00,841107.5994444444,899663.6342122655
2024-01-19 11:00:00+00:00,539836.0288888889,793744.729762359
2024-01-19 12:00:00+00:00,496779.8677777778,496779.8677777778
2024-01-19 13:00:00+00:00,1265589.8780555555,1265589.8780555555
2024-01-19 14:00:00+00:00,506294.88333333336,506294.88333333336
2024-01-19 15:00:00+00:00,446206.15555555554,726268.1253432309
2024-01-19 16:00:00+00:00,271433.1780555556,271433.1780555556
2024-01-19 17:00:00+00:00,218508.7075,444903.98357612826
2024-01-19 18:00:00+00:00,253898.8502777778,253898.8502777778
2024-01-19 19:00:00+00:00,194987.56277777776,194987.56277777776
2024-01-19 20:00:00+00:00,252327.5580555556,252327.5580555556
2024-01-19 21:00:00+00:00,262615.9091666667,262615.9091666667
2024-01-19 22:00:00+00:00,544590.6663888888,260415.90011344757
2024-01-19 23:00:00+00:00,136541.82972222223,136541.82972222223
2024-01-20 00:00:00+00:00,150721.62416666668,150721.62416666668
2024-01-20 01:00:00+00:00,130612.57694444444,130612.57694444444
2024-01-20 02:00:00+00:00,164228.93694444443,164228.93694444443
2024-01-20 03:00:00+00:00,30982.81611111111,158963.24392230148
2024-01-20 04:00:00+00:00,57449.94583333333,174473.48598182903
2024-01-20 05:00:00+00:00,130482.96666666666,196432.0289272685
2024-01-20 06:00:00+00:00,187745.2730555556,222026.2858368663
2024-01-20 07:00:00+00:00,555493.2052777777,249670.44957665802
2024-01-20 08:00:00+00:00,345992.89444444445,345992.89444444445
2024-01-20 09:00:00+00:00,273543.6258333333,273543.6258333333
2024-01-20 10:00:00+00:00,337534.03944444447,292927.026496449
2024-01-20 11:00:00+00:00,260240.7058333333,300656.34616683715
2024-01-20 12:00:00+00:00,340082.44138888887,321198.20298848726
2024-01-20 13:00:00+00:00,421959.9855555556,421959.9855555556
2024-01-20 14:00:00+00:00,205034.7980555556,380803.06662243
2024-01-20 15:00:00+00:00,318872.01416666666,318872.01416666666
2024-01-20 16:00:00+00:00,560874.2955555556,560874.2955555556
2024-01-20 17:00:00+00:00,339917.275,442674.8718610079
2024-01-20 18:00:00+00:00,393238.65305555554,393238.65305555554
2024-01-20 19:00:00+00:00,164520.1025,164520.1025
2024-01-20 20:00:00+00:00,369573.34555555554,369573.34555555554
2024-01-20 21:00:00+00:00,292037.5827777778,338217.37677453185
2024-01-20 22:00:00+00:00,170264.91694444444,170264.91694444444
2024-01-20 23:00:00+00:00,206796.44944444444,206796.44944444444
2024-01-21 00:00:00+00:00,195805.97611111111,195805.97611111111
2024-01-21 01:00:00+00:00,91408.57583333334,91408.57583333334
2024-01-21 02:00:00+00:00,37292.254166666666,161179.0707094509
2024-01-21 03:00:00+00:00,30056.13,30056.13
2024-01-21 04:00:00+00:00,124489.41555555556,124489.41555555556
2024-01-21 05:00:00+00:00,239001.50805555555,99001.49046285076
2024-01-21 06:00:00+00:00,555366.9666666667,555366.9666666667
2024-01-21 07:00:00+00:00,165685.82194444444,165685.82194444444
2024-01-21 08:00:00+00:00,173128.5327777778,173128.5327777778
2024-01-21 09:00:00+00:00,267333.53722222225,229848.24043487463
2024-01-21 10:00:00+00:00,326201.39194444445,248400.7605502037
2024-01-21 11:00:00+00:00,470891.4261111111,470891.4261111111
2024-01-21 12:00:00+00:00,227418.7488888889,227418.7488888889
2024-01-21 13:00:00+00:00,226427.4638888889,226427.4638888889
2024-01-21 14:00:00+00:00,328134.09694444446,328134.09694444446
2024-01-21 15:00:00+00:00,240931.14388888888,240931.14388888888
2024-01-21 16:00:00+00:00,247075.62472222224,247075.62472222224
2024-01-21 17:00:00+00:00,228753.63611111112,261655.3351534649
2024-01-21 18:00:00+00:00,482619.90194444446,312437.0138692429
2024-01-21 19:00:00+00:00,603411.4605555555,398209.981810557
2024-01-21 20:00:00+00:00,771094.625,771094.625
2024-01-21 21:00:00+00:00,222549.8380555556,620337.5400885801
2024-01-21 22:00:00+00:00,430385.75083333335,603675.8139385763
2024-01-21 23:00:00+00:00,204224.4336111111,204224.4336111111
2024-01-22 00:00:00+00:00,346289.26194444444,377678.9705242469
2024-01-22 01:00:00+00:00,208318.34666666668,286827.32676387083
2024-01-22 02:00:00+00:00,99712.70583333333,99712.70583333333
2024-01-22 03:00:00+00:00,148909.13611111112,167763.60715903595
2024-01-22 04:00:00+00:00,100697.35638888887,100697.35638888887
2024-01-22 05:00:00+00:00,326568.3727777778,326568.3727777778
2024-01-22 06:00:00+00:00,457254.1538888889,211169.26422805403
2024-01-22 07:00:00+00:00,562103.6358333334,562103.6358333334
2024-01-22 08:00:00+00:00,561676.5722222222,561676.5722222222
2024-01-22 09:00:00+00:00,1423241.2488888889,1423241.2488888889
2024-01-22 10:00:00+00:00,938985.4463888888,938985.4463888888
2024-01-22 11:00:00+00:00,692337.52,692337.52
2024-01-22 12:00:00+00:00,630641.37,630641.37
2024-01-22 13:00:00+00:00,1082496.3308333333,1082496.3308333333
2024-01-22 14:00:00+00:00,555031.8447222222,886897.2340761148
2024-01-22 15:00:00+00:00,736292.5716666667,736292.5716666667
2024-01-22 16:00:00+00:00,571064.5036111111,571064.5036111111
2024-01-22 17:00:00+00:00,1265672.255,1265672.255
2024-01-22 18:00:00+00:00,1005287.6122222224,955313.8594017033
2024-01-22 19:00:00+00:00,485750.4663888889,1074281.6065902982
2024-01-22 20:00:00+00:00,1152854.2644444443,1152854.2644444443
2024-01-22 21:00:00+00:00,478106.46722222224,478106.46722222224
2024-01-22 22:00:00+00:00,566398.4780555556,566398.4780555556
2024-01-22 23:00:00+00:00,458385.5544444444,726118.2126206916
2024-01-23 00:00:00+00:00,304873.96722222224,617953.4176671262
2024-01-23 01:00:00+00:00,301602.9213888889,301602.9213888889
2024-01-23 02:00:00+00:00,424606.5652777778,423877.0860007311
2024-01-23 03:00:00+00:00,294091.97694444447,294091.97694444447
2024-01-23 04:00:00+00:00,589216.92,336274.0712613537
2024-01-23 05:00:00+00:00,1310033.933888889,376090.9308557629
2024-01-23 06:00:00+00:00,853751.4691666666,456756.3060366141
2024-01-23 07:00:00+00:00,827966.1763888889,827966.1763888889
2024-01-23 08:00:00+00:00,1428579.39,1428579.39
2024-01-23 09:00:00+00:00,762758.6597222222,762758.6597222222
2024-01-23 10:00:00+00:00,1168700.931111111,1168700.931111111
2024-01-23 11:00:00+00:00,847820.0894444444,1016795.8042353883
2024-01-23 12:00:00+00:00,896276.7813888888,896276.7813888888
2024-01-23 13:00:00+00:00,925757.9188888888,968087.7679326255
2024-01-23 14:00:00+00:00,553619.4336111111,967258.9749965509
2024-01-23 15:00:00+00:00,1106009.3238888888,1106009.3238888888
2024-01-23 16:00:00+00:00,739591.8686111111,1044707.8406630035
2024-01-23 17:00:00+00:00,980783.0955555557,980783.0955555557
2024-01-23 18:00:00+00:00,754269.2333333333,754269.2333333333
2024-01-23 19:00:00+00:00,886828.4294444445,886828.4294444445
2024-01-23 20:00:00+00:00,1154351.951666667,1154351.951666667
2024-01-23 21:00:00+00:00,611771.4827777778,611771.4827777778
2024-01-23 22:00:00+00:00,798225.1358333334,835387.9985719058
2024-01-23 23:00:00+00:00,305526.4141666667,693219.5759921276
2024-01-24 00:00:00+00:00,376290.2966666667,568428.9356463974
2024-01-24 01:00:00+00:00,202463.0625,202463.0625
2024-01-24 02:00:00+00:00,177066.01944444445,177066.01944444445
2024-01-24 03:00:00+00:00,169184.52,271169.5981133542
2024-01-24 04:00:00+00:00,306860.3311111111,306860.3311111111
2024-01-24 05:00:00+00:00,729912.6616666666,729912.6616666666
2024-01-24 06:00:00+00:00,633673.3586111111,633673.3586111111
2024-01-24 07:00:00+00:00,908674.2933333332,908674.2933333332
2024-01-24 08:00:00+00:00,811627.4786111111,811627.4786111111
2024-01-24 09:00:00+00:00,697408.3983333333,697408.3983333333
2024-01-24 10:00:00+00:00,956259.2208333332,956259.2208333332
2024-01-24 11:00:00+00:00,980198.4272222222,827241.0169632426
2024-01-24 12:00:00+00:00,1243411.4675,1243411.4675
2024-01-24 13:00:00+00:00,987766.1944444444,1075802.2462723707
2024-01-24 14:00:00+00:00,910216.3941666668,910216.3941666668
2024-01-24 15:00:00+00:00,1610318.1730555557,1003826.6555427534
2024-01-24 16:00:00+00:00,1296757.5033333334,985340.5795209508
2024-01-24 17:00:00+00:00,771634.0775,997262.0349748795
2024-01-24 18:00:00+00:00,1115128.413611111,1115128.413611111
2024-01-24 19:00:00+00:00,1359711.157777778,1065060.521945338
2024-01-24 20:00:00+00:00,684622.5597222223,982579.456424333
2024-01-24 21:00:00+00:00,397622.0283333333,397622.0283333333
2024-01-24 22:00:00+00:00,307828.9108333333,307828.9108333333
2024-01-24 23:00:00+00:00,341519.05916666664,341519.05916666664
2024-01-25 00:00:00+00:00,604616.0961111111,604616.0961111111
2024-01-25 01:00:00+00:00,426134.9836111111,426134.9836111111
2024-01-25 02:00:00+00:00,227746.52583333332,470901.6388501031
2024-01-25 03:00:00+00:00,282708.8013888889,467585.45001495705
2024-01-25 04:00:00+00:00,537626.2852777778,537626.2852777778
2024-01-25 05:00:00+00:00,790383.9286111111,506220.8410581728
2024-01-25 06:00:00+00:00,645284.5497222223,645284.5497222223
2024-01-25 07:00:00+00:00,801224.3713888889,801224.3713888889
2024-01-25 08:00:00+00:00,719188.1811111111,719188.1811111111
2024-01-25 09:00:00+00:00,656051.9863888889,656051.9863888889
2024-01-25 10:00:00+00:00,1077235.766388889,1077235.766388889
2024-01-25 11:00:00+00:00,617311.0680555556,617311.0680555556
2024-01-25 12:00:00+00:00,841782.7630555555,841782.7630555555
2024-01-25 13:00:00+00:00,726502.5166666667,790136.3315606673
2024-01-25 14:00:00+00:00,413627.3655555556,753358.3673992875
2024-01-25 15:00:00+00:00,433885.5488888889,433885.5488888889
2024-01-25 16:00:00+00:00,987860.7394444444,568883.1188705968
2024-01-25 17:00:00+00:00,1283761.9691666667,1283761.9691666667
2024-01-25 18:00:00+00:00,777130.3855555556,951999.3667438626
2024-01-25 19:00:00+00:00,626662.3702777778,626662.3702777778
2024-01-25 20:00:00+00:00,888722.1594444445,888722.1594444445
2024-01-25 21:00:00+00:00,376038.0036111111,376038.0036111111
2024-01-25 22:00:00+00:00,239528.8202777778,239528.8202777778
2024-01-25 23:00:00+00:00,429478.1947222222,465526.4198049562
2024-01-26 00:00:00+00:00,434681.7933333333,434681.7933333333
2024-01-26 01:00:00+00:00,216845.4044444445,420490.63203626877
2024-01-26 02:00:00+00:00,207857.5913888889,207857.5913888889
2024-01-26 03:00:00+00:00,287906.03194444446,287906.03194444446
2024-01-26 04:00:00+00:00,277386.8627777778,277386.8627777778
2024-01-26 05:00:00+00:00,467778.5261111111,467778.5261111111
2024-01-26 06:00:00+00:00,551481.9516666667,551481.9516666667
2024-01-26 07:00:00+00:00,1089135.8425,447208.2291461497
2024-01-26 08:00:00+00:00,562084.5402777778,562084.5402777778
2024-01-26 09:00:00+00:00,1050261.538333333,1050261.538333333
2024-01-26 10:00:00+00:00,1146512.3430555556,1146512.3430555556
2024-01-26 11:00:00+00:00,854793.4158333334,854793.4158333334
2024-01-26 12:00:00+00:00,725387.7261111111,894394.0313300043
2024-01-26 13:00:00+00:00,777067.0563888889,894391.5875647143
2024-01-26 14:00:00+00:00,932828.6675,911660.5600031964
2024-01-26 15:00:00+00:00,847014.9472222222,938667.590603641
2024-01-26 16:00:00+00:00,1052768.4797222223,1052768.4797222223
2024-01-26 17:00:00+00:00,964462.3102777776,964462.3102777776
2024-01-26 18:00:00+00:00,1118179.973888889,1118179.973888889
2024-01-26 19:00:00+00:00,717518.6388888889,717518.6388888889
2024-01-26 20:00:00+00:00,487990.59305555554,487990.59305555554
2024-01-26 21:00:00+00:00,756260.3083333333,756260.3083333333
2024-01-26 22:00:00+00:00,579792.4611111111,736659.4301615226
2024-01-26 23:00:00+00:00,378077.3130555556,378077.3130555556
2024-01-27 00:00:00+00:00,336933.2602777778,538572.704830737
2024-01-27 01:00:00+00:00,324851.5983333333,324851.5983333333
2024-01-27 02:00:00+00:00,204221.76861111115,204221.76861111115
2024-01-27 03:00:00+00:00,237685.58444444445,237685.58444444445
2024-01-27 04:00:00+00:00,317404.8413888889,317404.8413888889
2024-01-27 05:00:00+00:00,520248.35777777777,296791.5275576515
2024-01-27 06:00:00+00:00,532667.1808333333,532667.1808333333
2024-01-27 07:00:00+00:00,519968.6113888889,519968.6113888889
2024-01-27 08:00:00+00:00,970604.3813888888,970604.3813888888
2024-01-27 09:00:00+00:00,595510.7716666666,595510.7716666666
2024-01-27 10:00:00+00:00,565719.9380555556,565719.9380555556
2024-01-27 11:00:00+00:00,670531.0219444444,670531.0219444444
2024-01-27 12:00:00+00:00,994060.8630555556,994060.8630555556
2024-01-27 13:00:00+00:00,1230491.0302777777,1230491.0302777777
2024-01-27 14:00:00+00:00,861740.3802777778,861740.3802777778
2024-01-27 15:00:00+00:00,875814.7538888889,875814.7538888889
2024-01-27 16:00:00+00:00,791605.2686111111,791605.2686111111
2024-01-27 17:00:00+00:00,1005411.5308333334,856496.9634582195
2024-01-27 18:00:00+00:00,1095654.0444444444,1095654.0444444444
2024-01-27 19:00:00+00:00,826940.1719444444,982239.5022825672
2024-01-27 20:00:00+00:00,875171.8127777778,973972.1760494601
2024-01-27 21:00:00+00:00,698547.9544444444,698547.9544444444
2024-01-27 22:00:00+00:00,536423.1688888889,818657.9229864916
2024-01-27 23:00:00+00:00,675542.3888888889,746398.7499970612
2024-01-28 00:00:00+00:00,479138.3875,685786.9929310216
2024-01-28 01:00:00+00:00,516325.44388888887,516325.44388888887
2024-01-28 02:00:00+00:00,224185.70722222223,224185.70722222223
2024-01-28 03:00:00+00:00,238203.21916666668,238203.21916666668
2024-01-28 04:00:00+00:00,227079.01444444444,343857.89690793375
2024-01-28 05:00:00+00:00,365754.6994444445,365754.6994444445
2024-01-28 06:00:00+00:00,603610.1372222222,603610.1372222222
2024-01-28 07:00:00+00:00,646210.9230555556,646210.9230555556
2024-01-28 08:00:00+00:00,1001875.925,1001875.925
2024-01-28 09:00:00+00:00,1054650.6191666666,741108.3941855138
2024-01-28 10:00:00+00:00,1272613.288333333,1272613.288333333
2024-01-28 11:00:00+00:00,356255.175,356255.175
2024-01-28 12:00:00+00:00,442866.1875,442866.1875
2024-01-28 13:00:00+00:00,665432.385,665432.385
2024-01-28 14:00:00+00:00,513441.03694444447,513441.03694444447
2024-01-28 15:00:00+00:00,487361.34222222224,487361.34222222224
2024-01-28 16:00:00+00:00,1271855.1752777777,542427.637310598
2024-01-28 17:00:00+00:00,724900.6669444444,724900.6669444444
2024-01-28 18:00:00+00:00,1023115.8883333332,1023115.8883333332
2024-01-28 19:00:00+00:00,1602971.9369444444,805799.7829956624
2024-01-28 20:00:00+00:00,998803.8080555556,998803.8080555556
2024-01-28 21:00:00+00:00,692562.8877777777,940437.5592233327
2024-01-28 22:00:00+00:00,692212.8494444444,692212.8494444444
2024-01-28 23:00:00+00:00,338088.49361111113,808822.5743920967
2024-01-29 00:00:00+00:00,411386.2727777778,411386.2727777778
2024-01-29 01:00:00+00:00,243375.5611111111,572262.1068839425
2024-01-29 02:00:00+00:00,109612.94527777778,109612.94527777778
2024-01-29 03:00:00+00:00,165784.315,165784.315
2024-01-29 04:00:00+00:00,343548.26444444444,237960.26127123227
2024-01-29 05:00:00+00:00,268604.24944444443,268604.24944444443
2024-01-29 06:00:00+00:00,498890.8736111112,498890.8736111112
2024-01-29 07:00:00+00:00,583770.9805555556,583770.9805555556
2024-01-29 08:00:00+00:00,1162751.9341666666,455589.5287813732
2024-01-29 09:00:00+00:00,863495.5805555555,863495.5805555555
2024-01-29 10:00:00+00:00,989367.7894444444,699426.928450098
2024-01-29 11:00:00+00:00,837934.5436111111,766411.878641632
2024-01-29 12:00:00+00:00,832010.44,832010.44
2024-01-29 13:00:00+00:00,894601.1222222223,894601.1222222223
2024-01-29 14:00:00+00:00,744667.6480555555,744667.6480555555
2024-01-29 15:00:00+00:00,701340.2586111111,803497.5395903809
2024-01-29 16:00:00+00:00,603222.6152777778,603222.6152777778
2024-01-29 17:00:00+00:00,619447.8333333334,619447.8333333334
2024-01-29 18:00:00+00:00,551494.6630555555,551494.6630555555
2024-01-29 19:00:00+00:00,1186264.0119444444,1186264.0119444444
2024-01-29 20:00:00+00:00,810114.4213888888,861588.2251791346
2024-01-29 21:00:00+00:00,748622.0177777777,915551.4833595325
2024-01-29 22:00:00+00:00,583394.5947222222,583394.5947222222
2024-01-29 23:00:00+00:00,367093.56888888887,367093.56888888887
2024-01-30 00:00:00+00:00,364303.3327777778,576449.6023906994
2024-01-30 01:00:00+00:00,181748.5133333333,482646.20648198115
2024-01-30 02:00:00+00:00,101725.03111111112,427269.9450712752
2024-01-30 03:00:00+00:00,344281.14805555553,344281.14805555553
2024-01-30 04:00:00+00:00,268716.15805555554,372065.72726907424
2024-01-30 05:00:00+00:00,515613.4711111111,515613.4711111111
2024-01-30 06:00:00+00:00,563962.8622222223,563962.8622222223
2024-01-30 07:00:00+00:00,644632.7466666667,499094.44083494303
2024-01-30 08:00:00+00:00,540503.1488888889,540503.1488888889
2024-01-30 09:00:00+00:00,1159921.848611111,1159921.848611111
2024-01-30 10:00:00+00:00,1013773.9597222222,1013773.9597222222
2024-01-30 11:00:00+00:00,739086.2183333334,895995.6635260455
2024-01-30 12:00:00+00:00,690181.9158333334,690181.9158333334
2024-01-30 13:00:00+00:00,1184222.897777778,795399.7561596094
2024-01-30 14:00:00+00:00,755024.7961111111,755024.7961111111
2024-01-30 15:00:00+00:00,920452.4113888888,920452.4113888888
2024-01-30 16:00:00+00:00,1045569.1983333334,829921.4082372235
2024-01-30 17:00:00+00:00,753525.0713888889,815018.5580529802
2024-01-30 18:00:00+00:00,546357.9702777778,546357.9702777778
2024-01-30 19:00:00+00:00,565108.9219444444,662431.3977263989
2024-01-30 20:00:00+00:00,988620.3569444444,650016.5715172414
2024-01-30 21:00:00+00:00,809189.3877777777,809189.3877777777
2024-01-30 22:00:00+00:00,877401.0602777777,737042.8233160332
2024-01-30 23:00:00+00:00,544557.9625,679694.7095233351
2024-01-31 00:00:00+00:00,198310.79888888888,198310.79888888888
2024-01-31 01:00:00+00:00,203228.21,401419.1935305097
2024-01-31 02:00:00+00:00,197148.19555555555,197148.19555555555
2024-01-31 03:00:00+00:00,121719.51694444443,121719.51694444443
2024-01-31 04:00:00+00:00,430919.3975,430919.3975
2024-01-31 05:00:00+00:00,545890.2197222222,301252.418783998
2024-01-31 06:00:00+00:00,671748.3441666666,671748.3441666666
2024-01-31 07:00:00+00:00,782256.4947222222,524355.0578325875
2024-01-31 08:00:00+00:00,691261.3302777777,691261.3302777777
2024-01-31 09:00:00+00:00,805362.9497222222,635802.6551159413
2024-01-31 10:00:00+00:00,971325.3091666668,971325.3091666668
2024-01-31 11:00:00+00:00,812247.5052777778,830225.5180487576
2024-01-31 12:00:00+00:00,712791.1377777777,891514.1224264139
2024-01-31 13:00:00+00:00,969567.4272222222,969567.4272222222
2024-01-31 14:00:00+00:00,584724.8622222223,944898.4818894113
2024-01-31 15:00:00+00:00,928610.6105555556,924644.5339139375
2024-01-31 16:00:00+00:00,756254.4425,756254.4425
2024-01-31 17:00:00+00:00,1187170.4725,1187170.4725
2024-01-31 18:00:00+00:00,837343.4438888889,984250.6036918864
2024-01-31 19:00:00+00:00,902131.0941666666,902131.0941666666
2024-01-31 20:00:00+00:00,1233705.8725,1233705.8725
2024-01-31 21:00:00+00:00,762967.1111111111,762967.1111111111
2024-01-31 22:00:00+00:00,707713.8363888889,707713.8363888889
2024-01-31 23:00:00+00:00,298359.8958333333,298359.8958333333
2024-02-01 00:00:00+00:00,247592.9438888889,247592.9438888889
2024-02-01 01:00:00+00:00,96221.12138888887,96221.12138888887
2024-02-01 02:00:00+00:00,243318.9011111111,243318.9011111111
2024-02-01 03:00:00+00:00,125419.04833333334,272344.2600174231
2024-02-01 04:00:00+00:00,245460.32722222223,286243.3479815961
2024-02-01 05:00:00+00:00,384878.8180555556,320639.2234558348
2024-02-01 06:00:00+00:00,486883.77694444446,486883.77694444446
2024-02-01 07:00:00+00:00,436542.03444444446,436542.03444444446
2024-02-01 08:00:00+00:00,521740.4302777778,521740.4302777778
2024-02-01 09:00:00+00:00,855692.5811111111,855692.5811111111
2024-02-01 10:00:00+00:00,609147.3813888889,609147.3813888889
2024-02-01 11:00:00+00:00,568320.7730555555,624955.1625725471
2024-02-01 12:00:00+00:00,1030403.7322222224,1030403.7322222224
2024-02-01 13:00:00+00:00,2243146.965555556,2243146.965555556
2024-02-01 14:00:00+00:00,872789.1058333333,1457493.970816181
2024-02-01 15:00:00+00:00,978399.6516666666,978399.6516666666
2024-02-01 16:00:00+00:00,646135.0038888889,1286220.4883124859
2024-02-01 17:00:00+00:00,1306841.924722222,1306841.924722222
2024-02-01 18:00:00+00:00,1084246.3505555557,1084246.3505555557
2024-02-01 19:00:00+00:00,729283.8236111111,1183284.339840779
2024-02-01 20:00:00+00:00,849117.7525,1083521.8310689572
2024-02-01 21:00:00+00:00,944229.8663888888,970708.5986553999
2024-02-01 22:00:00+00:00,517796.91694444447,850537.040533082
2024-02-01 23:00:00+00:00,435829.5541666666,435829.5541666666
2024-02-02 00:00:00+00:00,509857.7430555556,599557.1040768821
2024-02-02 01:00:00+00:00,340688.99333333335,487440.2616619702
2024-02-02 02:00:00+00:00,155875.35972222223,155875.35972222223
2024-02-02 03:00:00+00:00,157741.28444444443,157741.28444444443
2024-02-02 04:00:00+00:00,239053.89,239053.89
2024-02-02 05:00:00+00:00,594339.0008333334,594339.0008333334
2024-02-02 06:00:00+00:00,855373.5069444445,390842.69168732077
2024-02-02 07:00:00+00:00,816350.3527777778,816350.3527777778
2024-02-02 08:00:00+00:00,954967.3008333332,653782.7753362975
2024-02-02 09:00:00+00:00,722923.4480555556,722923.4480555556
2024-02-02 10:00:00+00:00,783347.4636111112,783347.4636111112
2024-02-02 11:00:00+00:00,951236.3463888888,951236.3463888888
2024-02-02 12:00:00+00:00,807227.213888889,807227.213888889
2024-02-02 13:00:00+00:00,640790.5083333333,640790.5083333333
2024-02-02 14:00:00+00:00,524152.7686111111,743153.0287170006
2024-02-02 15:00:00+00:00,588681.6838888889,588681.6838888889
2024-02-02 16:00:00+00:00,437262.2575,437262.2575
2024-02-02 17:00:00+00:00,623761.5352777778,623761.5352777778
2024-02-02 18:00:00+00:00,626351.9505555555,626351.9505555555
2024-02-02 19:00:00+00:00,885085.9533333334,602694.0726809861
2024-02-02 20:00:00+00:00,425650.11861111113,425650.11861111113
2024-02-02 21:00:00+00:00,508702.3472222223,506611.1063779156
2024-02-02 22:00:00+00:00,554218.105,458010.43222999095
2024-02-02 23:00:00+00:00,818590.9125,417320.6274103715
2024-02-03 00:00:00+00:00,303795.10444444447,303795.10444444447
2024-02-03 01:00:00+00:00,348676.7916666667,347376.56684749026
2024-02-03 02:00:00+00:00,148080.65916666668,317831.4646880041
2024-02-03 03:00:00+00:00,150241.74833333332,290637.2315341952
2024-02-03 04:00:00+00:00,207173.6536111111,207173.6536111111
2024-02-03 05:00:00+00:00,307612.42333333334,307612.42333333334
2024-02-03 06:00:00+00:00,342438.0441666667,269291.8456479329
2024-02-03 07:00:00+00:00,415030.6608333333,312875.9325764612
2024-02-03 08:00:00+00:00,492420.9525,492420.9525
2024-02-03 09:00:00+00:00,730937.1252777778,420194.0513521191
2024-02-03 10:00:00+00:00,737866.5938888888,737866.5938888888
2024-02-03 11:00:00+00:00,854207.2372222223,854207.2372222223
2024-02-03 12:00:00+00:00,567290.33,567290.33
2024-02-03 13:00:00+00:00,343605.10833333334,650378.4440440632
2024-02-03 14:00:00+00:00,470497.97194444446,470497.97194444446
2024-02-03 15:00:00+00:00,410298.49,539583.6461733977
2024-02-03 16:00:00+00:00,593092.3533333334,593092.3533333334
2024-02-03 17:00:00+00:00,833387.5444444445,833387.5444444445
2024-02-03 18:00:00+00:00,698200.7666666667,698200.7666666667
2024-02-03 19:00:00+00:00,750271.6933333334,750271.6933333334
2024-02-03 20:00:00+00:00,716732.8927777777,715067.2802662455
2024-02-03 21:00:00+00:00,942837.0302777778,942837.0302777778
2024-02-03 22:00:00+00:00,434752.7377777778,434752.7377777778
2024-02-03 23:00:00+00:00,460303.81388888886,667047.627320046
2024-02-04 00:00:00+00:00,1469008.4697222223,1469008.4697222223
2024-02-04 01:00:00+00:00,572271.5586111111,572271.5586111111
2024-02-04 02:00:00+00:00,164677.58416666667,164677.58416666667
2024-02-04 03:00:00+00:00,239120.12444444443,239120.12444444443
2024-02-04 04:00:00+00:00,203327.5561111111,203327.5561111111
2024-02-04 05:00:00+00:00,228228.34166666667,228228.34166666667
2024-02-04 06:00:00+00:00,270690.2947222222,282738.30528143334
2024-02-04 07:00:00+00:00,401421.04277777777,269942.86320812354
2024-02-04 08:00:00+00:00,632413.7027777778,273708.9069020121
2024-02-04 09:00:00+00:00,328925.8877777778,328925.8877777778
2024-02-04 10:00:00+00:00,432047.8177777778,432047.8177777778
2024-02-04 11:00:00+00:00,1319182.5880555557,1319182.5880555557
2024-02-04 12:00:00+00:00,1034979.7294444444,778663.0616744291
2024-02-04 13:00:00+00:00,685759.8322222222,907602.8172127181
2024-02-04 14:00:00+00:00,584468.4297222223,584468.4297222223
2024-02-04 15:00:00+00:00,383312.0888888889,747420.9745576443
2024-02-04 16:00:00+00:00,1010262.3466666668,685146.4238564814
2024-02-04 17:00:00+00:00,645003.2586111111,645003.2586111111
2024-02-04 18:00:00+00:00,773909.9244444445,652802.3509627394
2024-02-04 19:00:00+00:00,995466.0761111112,666108.5888081203
2024-02-04 20:00:00+00:00,759920.5075,759920.5075
2024-02-04 21:00:00+00:00,578887.1302777778,578887.1302777778
2024-02-04 22:00:00+00:00,237526.1927777778,658832.057197157
2024-02-04 23:00:00+00:00,619852.9605555555,619852.9605555555
2024-02-05 00:00:00+00:00,261288.9363888889,261288.9363888889
2024-02-05 01:00:00+00:00,200581.57222222225,200581.57222222225
2024-02-05 02:00:00+00:00,218911.6013888889,218911.6013888889
2024-02-05 03:00:00+00:00,132710.22166666668,132710.22166666668
2024-02-05 04:00:00+00:00,459468.7380555556,459468.7380555556
2024-02-05 05:00:00+00:00,803367.6461111112,803367.6461111112
2024-02-05 06:00:00+00:00,832341.3666666667,832341.3666666667
2024-02-05 07:00:00+00:00,969465.0355555556,664357.8038705095
2024-02-05 08:00:00+00:00,1062789.6672222223,860683.6934710458
2024-02-05 09:00:00+00:00,1678715.2475,1678715.2475
2024-02-05 10:00:00+00:00,639995.4355555555,1349282.1528634394
2024-02-05 11:00:00+00:00,741516.17,741516.17
2024-02-05 12:00:00+00:00,602836.8447222222,602836.8447222222
2024-02-05 13:00:00+00:00,1673087.8244444444,1673087.8244444444
2024-02-05 14:00:00+00:00,1059742.2919444444,1211794.993598125
2024-02-05 15:00:00+00:00,264049.6744444444,264049.6744444444
2024-02-05 16:00:00+00:00,724534.338888889,724534.338888889
2024-02-05 17:00:00+00:00,396751.8877777778,732462.9613963397
2024-02-05 18:00:00+00:00,751268.7075,691134.2267199158
2024-02-05 19:00:00+00:00,1406002.6830555554,629961.5796585011
2024-02-05 20:00:00+00:00,679215.1038888888,557600.4364896436
2024-02-05 21:00:00+00:00,879328.9036111111,478930.93825865904
2024-02-05 22:00:00+00:00,203590.0625,203590.0625
2024-02-05 23:00:00+00:00,220067.1261111111,220067.1261111111
2024-02-06 00:00:00+00:00,190016.29027777776,272167.82499767496
2024-02-06 01:00:00+00:00,173339.25333333333,239717.03700330632
2024-02-06 02:00:00+00:00,94856.33305555556,211694.6964013181
2024-02-06 03:00:00+00:00,130875.64166666666,130875.64166666666
2024-02-06 04:00:00+00:00,289940.0308333333,162051.55280161457
2024-02-06 05:00:00+00:00,586864.9416666667,586864.9416666667
2024-02-06 06:00:00+00:00,515788.5508333333,395747.4005233098
2024-02-06 07:00:00+00:00,706415.0463888888,573157.2752828439
2024-02-06 08:00:00+00:00,1233733.0094444444,1233733.0094444444
2024-02-06 09:00:00+00:00,982261.7633333332,970709.503221954
2024-02-06 10:00:00+00:00,833081.4383333334,1106799.535888665
2024-02-06 11:00:00+00:00,968940.8411111112,1204896.2977852006
2024-02-06 12:00:00+00:00,1429670.7825,1429670.7825
2024-02-06 13:00:00+00:00,820499.7094444444,820499.7094444444
2024-02-06 14:00:00+00:00,615633.5836111112,615633.5836111112
2024-02-06 15:00:00+00:00,768451.8438888888,768451.8438888888
2024-02-06 16:00:00+00:00,847268.5461111111,841636.298343326
2024-02-06 17:00:00+00:00,598225.3283333334,598225.3283333334
2024-02-06 18:00:00+00:00,686996.7088888889,696536.9661682834
2024-02-06 19:00:00+00:00,939336.1238888887,939336.1238888887
2024-02-06 20:00:00+00:00,783525.6536111111,783525.6536111111
2024-02-06 21:00:00+00:00,669341.7858333334,804207.2394866147
2024-02-06 22:00:00+00:00,403166.8936111111,403166.8936111111
2024-02-06 23:00:00+00:00,337972.5722222222,577427.2424396604
2024-02-07 00:00:00+00:00,366661.7338888889,366661.7338888889
2024-02-07 01:00:00+00:00,210972.18194444448,438152.6173108597
2024-02-07 02:00:00+00:00,108197.95583333333,108197.95583333333
2024-02-07 03:00:00+00:00,102038.57361111112,102038.57361111112
2024-02-07 04:00:00+00:00,310244.69138888887,182571.454264874
2024-02-07 05:00:00+00:00,665174.2666666667,665174.2666666667
2024-02-07 06:00:00+00:00,741556.8677777778,741556.8677777778
2024-02-07 07:00:00+00:00,801564.8402777778,801564.8402777778
2024-02-07 08:00:00+00:00,966606.7166666668,672664.3634270655
2024-02-07 09:00:00+00:00,1343484.7344444443,1343484.7344444443
2024-02-07 10:00:00+00:00,1005020.4316666666,1005020.4316666666
2024-02-07 11:00:00+00:00,773925.88,773925.88
2024-02-07 12:00:00+00:00,1020267.3313888888,922843.7583352374
2024-02-07 13:00:00+00:00,820761.7925,823277.5662453098
2024-02-07 14:00:00+00:00,535865.7305555556,535865.7305555556
2024-02-07 15:00:00+00:00,599941.7333333333,646748.6838807745
2024-02-07 16:00:00+00:00,468928.6766666667,468928.6766666667
2024-02-07 17:00:00+00:00,811064.0483333333,811064.0483333333
2024-02-07 18:00:00+00:00,617793.9386111111,654672.5959252847
2024-02-07 19:00:00+00:00,611499.69,753915.2875193844
2024-02-07 20:00:00+00:00,1024478.4472222222,1024478.4472222222
2024-02-07 21:00:00+00:00,812694.0880555556,920972.0135690605
2024-02-07 22:00:00+00:00,409457.7005555556,409457.7005555556
2024-02-07 23:00:00+00:00,438739.39722222224,438739.39722222224
2024-02-08 00:00:00+00:00,212249.75666666665,212249.75666666665
2024-02-08 01:00:00+00:00,304260.56361111114,406376.19344827905
2024-02-08 02:00:00+00:00,224643.1733333333,224643.1733333333
2024-02-08 03:00:00+00:00,247662.3238888889,247662.3238888889
2024-02-08 04:00:00+00:00,420749.2161111111,266398.01615031733
2024-02-08 05:00:00+00:00,443698.5072222222,443698.5072222222
2024-02-08 06:00:00+00:00,1620432.4708333334,1620432.4708333334
2024-02-08 07:00:00+00:00,852130.5613888889,852130.5613888889
2024-02-08 08:00:00+00:00,1054966.421111111,1054966.421111111
2024-02-08 09:00:00+00:00,587448.8052777778,959504.5393155129
2024-02-08 10:00:00+00:00,738661.8830555555,968027.6844286092
2024-02-08 11:00:00+00:00,1460831.846666667,939718.317107779
2024-02-08 12:00:00+00:00,866038.5305555556,890641.8543674976
2024-02-08 13:00:00+00:00,675360.3111111111,675360.3111111111
2024-02-08 14:00:00+00:00,523396.5572222222,762469.0753175151
2024-02-08 15:00:00+00:00,756579.1794444445,756579.1794444445
2024-02-08 16:00:00+00:00,1348901.4894444444,748464.6398852343
2024-02-08 17:00:00+00:00,795997.4533333334,780443.2130012688
2024-02-08 18:00:00+00:00,952183.3886111112,952183.3886111112
2024-02-08 19:00:00+00:00,871365.1383333333,881552.6570169393
2024-02-08 20:00:00+00:00,1564172.1336111112,1564172.1336111112
2024-02-08 21:00:00+00:00,966911.725,966911.725
2024-02-08 22:00:00+00:00,704788.1852777777,704788.1852777777
2024-02-08 23:00:00+00:00,744033.6713888888,949540.5529994946
2024-02-09 00:00:00+00:00,381727.7241666667,381727.7241666667
2024-02-09 01:00:00+00:00,406492.38138888887,601959.256966988
2024-02-09 02:00:00+00:00,451197.67277777777,451197.67277777777
2024-02-09 03:00:00+00:00,378304.8375,378304.8375
2024-02-09 04:00:00+00:00,628245.765,441609.7169060118
2024-02-09 05:00:00+00:00,893094.6277777777,420969.2198890265
2024-02-09 06:00:00+00:00,870946.1672222222,416303.09108022455
2024-02-09 07:00:00+00:00,1076066.7677777775,420643.712203019
2024-02-09 08:00:00+00:00,458221.1955555556,458221.1955555556
2024-02-09 09:00:00+00:00,784976.4502777777,784976.4502777777
2024-02-09 10:00:00+00:00,704191.6433333333,704191.6433333333
2024-02-09 11:00:00+00:00,644974.5325,640817.9238360613
2024-02-09 12:00:00+00:00,923708.2166666668,923708.2166666668
2024-02-09 13:00:00+00:00,601066.8163888889,806785.2890898931
2024-02-09 14:00:00+00:00,308604.39444444445,308604.39444444445
2024-02-09 15:00:00+00:00,489586.3511111111,542610.6016620563
2024-02-09 16:00:00+00:00,662814.5697222222,465052.06313137035
2024-02-09 17:00:00+00:00,477177.3236111111,477177.3236111111
2024-02-09 18:00:00+00:00,604100.7652777778,459503.8763707357
2024-02-09 19:00:00+00:00,1607165.7875,1607165.7875
2024-02-09 20:00:00+00:00,978829.2186111112,978829.2186111112
2024-02-09 21:00:00+00:00,443339.3472222223,1049053.2431307808
2024-02-09 22:00:00+00:00,716877.6258333334,716877.6258333334
2024-02-09 23:00:00+00:00,533829.0777777778,533829.0777777778
2024-02-10 00:00:00+00:00,396604.08805555553,396604.08805555553
2024-02-10 01:00:00+00:00,371999.9972222222,371999.9972222222
2024-02-10 02:00:00+00:00,204924.0861111111,204924.0861111111
2024-02-10 03:00:00+00:00,178864.7125,178864.7125
2024-02-10 04:00:00+00:00,207448.47222222225,207448.47222222225
2024-02-10 05:00:00+00:00,176466.35916666666,176466.35916666666
2024-02-10 06:00:00+00:00,246614.8558333333,218026.09271711897
2024-02-10 07:00:00+00:00,285684.8858333333,245513.3714854494
2024-02-10 08:00:00+00:00,490202.3772222222,490202.3772222222
2024-02-10 09:00:00+00:00,178275.35916666666,386697.39487934636
2024-02-10 10:00:00+00:00,543740.5497222223,495870.57319868717
2024-02-10 11:00:00+00:00,1016274.9488888888,621452.0567639004
2024-02-10 12:00:00+00:00,1077369.6425,1077369.6425
2024-02-10 13:00:00+00:00,1011232.0347222222,896334.0327809562
2024-02-10 14:00:00+00:00,1226215.6552777777,1226215.6552777777
2024-02-10 15:00:00+00:00,926126.4586111112,926126.4586111112
2024-02-10 16:00:00+00:00,1275355.7677777775,1275355.7677777775
2024-02-10 17:00:00+00:00,1266135.3436111112,1134693.4179012123
2024-02-10 18:00:00+00:00,1572761.855,1572761.855
2024-02-10 19:00:00+00:00,1013696.2125,1013696.2125
2024-02-10 20:00:00+00:00,1259495.1686111111,1259495.1686111111
2024-02-10 21:00:00+00:00,934760.4297222224,934760.4297222224
2024-02-10 22:00:00+00:00,1126150.5513888889,1108405.483972234
2024-02-10 23:00:00+00:00,347111.26166666666,347111.26166666666
2024-02-11 00:00:00+00:00,441778.3852777778,661384.9569286592
2024-02-11 01:00:00+00:00,336882.02,336882.02
2024-02-11 02:00:00+00:00,75308.82583333334,75308.82583333334
2024-02-11 03:00:00+00:00,267741.5227777778,281663.23140371934
2024-02-11 04:00:00+00:00,231293.05777777775,231293.05777777775
2024-02-11 05:00:00+00:00,168297.61083333334,228125.35650123027
2024-02-11 06:00:00+00:00,363646.1444444445,363646.1444444445
2024-02-11 07:00:00+00:00,615346.4327777778,615346.4327777778
2024-02-11 08:00:00+00:00,545988.0405555556,439964.83494487556
2024-02-11 09:00:00+00:00,492369.2530555556,563045.1060666665
2024-02-11 10:00:00+00:00,935744.6725,935744.6725
2024-02-11 11:00:00+00:00,1087973.870833333,790999.153521262
2024-02-11 12:00:00+00:00,831490.6822222222,831490.6822222222
2024-02-11 13:00:00+00:00,700486.3177777778,700486.3177777778
2024-02-11 14:00:00+00:00,868777.8316666667,868777.8316666667
2024-02-11 15:00:00+00:00,553334.5880555556,815520.1880808277
2024-02-11 16:00:00+00:00,919685.7955555556,919685.7955555556
2024-02-11 17:00:00+00:00,585857.5183333333,585857.5183333333
2024-02-11 18:00:00+00:00,493293.1638888889,751878.2778907476
2024-02-11 19:00:00+00:00,581060.026388889,669807.4270899249
2024-02-11 20:00:00+00:00,428565.6597222223,613877.0560443405
2024-02-11 21:00:00+00:00,501865.78194444446,572685.3439040126
2024-02-11 22:00:00+00:00,475159.21,475159.21
2024-02-11 23:00:00+00:00,504882.6408333333,504882.6408333333
2024-02-12 00:00:00+00:00,104206.12305555557,104206.12305555557
2024-02-12 01:00:00+00:00,261972.49666666667,332255.3892274648
2024-02-12 02:00:00+00:00,187536.5561111111,243946.06659196073
2024-02-12 03:00:00+00:00,76968.97277777777,205315.09360965164
2024-02-12 04:00:00+00:00,206550.76472222223,206550.76472222223
2024-02-12 05:00:00+00:00,496173.7161111111,496173.7161111111
2024-02-12 06:00:00+00:00,581755.3355555555,329107.7794586261
2024-02-12 07:00:00+00:00,564558.4244444445,564558.4244444445
2024-02-12 08:00:00+00:00,554650.7283333334,481300.1562598016
2024-02-12 09:00:00+00:00,624966.4063888888,538853.4381312125
2024-02-12 10:00:00+00:00,620157.9641666666,592541.5396889383
2024-02-12 11:00:00+00:00,759325.4002777778,759325.4002777778
2024-02-12 12:00:00+00:00,832025.7961111111,832025.7961111111
2024-02-12 13:00:00+00:00,937503.3211111112,937503.3211111112
2024-02-12 14:00:00+00:00,460092.085,834259.2599489831
2024-02-12 15:00:00+00:00,482531.1236111112,798572.1004225368
2024-02-12 16:00:00+00:00,382315.745,382315.745
2024-02-12 17:00:00+00:00,431164.4897222222,560154.874926381
2024-02-12 18:00:00+00:00,716823.4330555556,716823.4330555556
2024-02-12 19:00:00+00:00,696634.9277777778,696634.9277777778
2024-02-12 20:00:00+00:00,366987.9822222222,366987.9822222222
2024-02-12 21:00:00+00:00,329429.55416666664,329429.55416666664
2024-02-12 22:00:00+00:00,375961.17277777777,375961.17277777777
2024-02-12 23:00:00+00:00,384205.7933333333,384205.7933333333
2024-02-13 00:00:00+00:00,207258.44555555555,207258.44555555555
2024-02-13 01:00:00+00:00,208901.3788888889,208901.3788888889
2024-02-13 02:00:00+00:00,73065.02333333333,269495.19513878116
2024-02-13 03:00:00+00:00,117403.52805555557,117403.52805555557
2024-02-13 04:00:00+00:00,342385.7947222222,177004.14630618587
2024-02-13 05:00:00+00:00,434246.0263888889,434246.0263888889
2024-02-13 06:00:00+00:00,571116.1497222222,571116.1497222222
2024-02-13 07:00:00+00:00,678209.4052777778,678209.4052777778
2024-02-13 08:00:00+00:00,495758.2822222223,495758.2822222223
2024-02-13 09:00:00+00:00,1050956.1397222222,1050956.1397222222
2024-02-13 10:00:00+00:00,852694.3155555555,750693.6497179781
2024-02-13 11:00:00+00:00,705240.17,870000.1818214727
2024-02-13 12:00:00+00:00,729787.3347222222,925607.7744737226
2024-02-13 13:00:00+00:00,944022.6469444444,944022.6469444444
2024-02-13 14:00:00+00:00,755952.7936111111,755952.7936111111
2024-02-13 15:00:00+00:00,637431.6669444444,862397.4656504928
2024-02-13 16:00:00+00:00,441919.4302777778,441919.4302777778
2024-02-13 17:00:00+00:00,619974.2161111111,614203.414888765
2024-02-13 18:00:00+00:00,670555.2130555556,670555.2130555556
2024-02-13 19:00:00+00:00,880672.8947222222,880672.8947222222
2024-02-13 20:00:00+00:00,1195201.5830555556,736251.5560810289
2024-02-13 21:00:00+00:00,814325.0605555555,814325.0605555555
2024-02-13 22:00:00+00:00,361463.82416666666,361463.82416666666
2024-02-13 23:00:00+00:00,286134.15805555554,607404.397981722
2024-02-14 00:00:00+00:00,288051.8547222222,288051.8547222222
2024-02-14 01:00:00+00:00,301097.6822222222,301097.6822222222
2024-02-14 02:00:00+00:00,412733.35527777777,412733.35527777777
2024-02-14 03:00:00+00:00,524753.5027777777,524753.5027777777
2024-02-14 04:00:00+00:00,989711.2641666668,989711.2641666668
2024-02-14 05:00:00+00:00,1074042.3697222222,681789.4447710301
2024-02-14 06:00:00+00:00,1746915.8338888888,1746915.8338888888
2024-02-14 07:00:00+00:00,821561.8255555555,821561.8255555555
2024-02-14 08:00:00+00:00,949454.7313888888,1099890.3559326935
2024-02-14 09:00:00+00:00,593203.7155555555,1023876.1796347885
2024-02-14 10:00:00+00:00,1086526.1930555557,1026403.2177141208
2024-02-14 11:00:00+00:00,1237777.8036111111,1237777.8036111111
2024-02-14 12:00:00+00:00,941723.9613888888,941723.9613888888
2024-02-14 13:00:00+00:00,1141446.7425,1141446.7425
2024-02-14 14:00:00+00:00,790563.8044444445,1093456.8280118303
2024-02-14 15:00:00+00:00,770971.645,1034293.2324165063
2024-02-14 16:00:00+00:00,590551.265,590551.265
2024-02-14 17:00:00+00:00,1525558.5305555556,1525558.5305555556
2024-02-14 18:00:00+00:00,1791272.996388889,1791272.996388889
2024-02-14 19:00:00+00:00,1023379.0,1023379.0
2024-02-14 20:00:00+00:00,529388.2136111112,529388.2136111112
2024-02-14 21:00:00+00:00,502559.3044444444,502559.3044444444
2024-02-14 22:00:00+00:00,405957.37833333336,405957.37833333336
2024-02-14 23:00:00+00:00,444889.7441666666,444889.7441666666
2024-02-15 00:00:00+00:00,355632.5375,530034.3374275302
2024-02-15 01:00:00+00:00,91147.97972222224,506131.3647581043
2024-02-15 02:00:00+00:00,932293.6777777778,505889.2293609806
2024-02-15 03:00:00+00:00,173338.20583333334,518987.66817039414
2024-02-15 04:00:00+00:00,432675.4741666667,539607.8577155038
2024-02-15 05:00:00+00:00,626949.2047222222,626949.2047222222
2024-02-15 06:00:00+00:00,651073.6658333334,591721.2958980304
2024-02-15 07:00:00+00:00,672707.2530555555,672707.2530555555
2024-02-15 08:00:00+00:00,1160488.6375,1160488.6375
2024-02-15 09:00:00+00:00,1633766.4175,1633766.4175
2024-02-15 10:00:00+00:00,860758.9725,860758.9725
2024-02-15 11:00:00+00:00,610482.5486111111,1053092.8933429695
2024-02-15 12:00:00+00:00,739857.1788888889,739857.1788888889
2024-02-15 13:00:00+00:00,629907.4858333333,854300.8915793395
2024-02-15 14:00:00+00:00,753701.0875,753701.0875
2024-02-15 15:00:00+00:00,346073.7861111111,783979.349081472
2024-02-15 16:00:00+00:00,1074647.4366666668,791049.2439993756
2024-02-15 17:00:00+00:00,893162.4330555556,893162.4330555556
2024-02-15 18:00:00+00:00,1079567.5772222222,1079567.5772222222
2024-02-15 19:00:00+00:00,1033556.6494444445,1033556.6494444445
2024-02-15 20:00:00+00:00,602827.1105555556,602827.1105555556
2024-02-15 21:00:00+00:00,895716.7175,819031.3884808492
2024-02-15 22:00:00+00:00,581177.4775,581177.4775
2024-02-15 23:00:00+00:00,746289.8413888889,659453.0475938724
2024-02-16 00:00:00+00:00,324661.93888888886,600354.2488886057
2024-02-16 01:00:00+00:00,195222.88222222225,542075.9015107059
2024-02-16 02:00:00+00:00,227168.29888888888,484260.14519370656
2024-02-16 03:00:00+00:00,448943.5438888889,426705.20933306735
2024-02-16 04:00:00+00:00,237870.77277777775,237870.77277777775
2024-02-16 05:00:00+00:00,1039451.955,311972.36635604483
2024-02-16 06:00:00+00:00,770273.1352777778,374691.6610108841
2024-02-16 07:00:00+00:00,891557.2969444444,891557.2969444444
2024-02-16 08:00:00+00:00,972298.2802777778,673660.1061362769
2024-02-16 09:00:00+00:00,1161048.6825,1161048.6825
2024-02-16 10:00:00+00:00,811419.5516666666,811419.5516666666
2024-02-16 11:00:00+00:00,1203575.9105555555,1203575.9105555555
2024-02-16 12:00:00+00:00,780232.3247222222,780232.3247222222
2024-02-16 13:00:00+00:00,1312187.149166667,923214.4090074035
2024-02-16 14:00:00+00:00,610247.0208333334,1012910.8704746381
2024-02-16 15:00:00+00:00,1826108.601111111,1826108.601111111
2024-02-16 16:00:00+00:00,484666.9036111111,484666.9036111111
2024-02-16 17:00:00+00:00,696110.16,696110.16
2024-02-16 18:00:00+00:00,823238.2469444445,893898.9114451878
2024-02-16 19:00:00+00:00,632139.0936111112,632139.0936111112
2024-02-16 20:00:00+00:00,687518.3652777778,723218.29967839
2024-02-16 21:00:00+00:00,554195.1202777778,644371.0941175219
2024-02-16 22:00:00+00:00,376903.7419444444,560794.3166890291
2024-02-16 23:00:00+00:00,273377.1016666667,273377.1016666667
2024-02-17 00:00:00+00:00,234458.97972222223,386803.9340501885
2024-02-17 01:00:00+00:00,288775.42833333334,288775.42833333334
2024-02-17 02:00:00+00:00,156737.75416666668,156737.75416666668
2024-02-17 03:00:00+00:00,50190.25222222223,50190.25222222223
2024-02-17 04:00:00+00:00,103637.835,103637.835
2024-02-17 05:00:00+00:00,185847.3733333333,185847.3733333333
2024-02-17 06:00:00+00:00,853349.7858333334,157903.81407217495
2024-02-17 07:00:00+00:00,435546.0036111111,205994.87520699494
2024-02-17 08:00:00+00:00,432785.81388888886,432785.81388888886
2024-02-17 09:00:00+00:00,736419.6327777777,340446.3663880229
2024-02-17 10:00:00+00:00,554030.3163888889,382273.3877593528
2024-02-17 11:00:00+00:00,651020.3122222222,407407.38586324133
2024-02-17 12:00:00+00:00,856078.6911111111,423129.4382668209
2024-02-17 13:00:00+00:00,577548.0691666667,433544.79933915776
2024-02-17 14:00:00+00:00,590182.335,440968.11458146374
2024-02-17 15:00:00+00:00,457675.1694444445,457675.1694444445
2024-02-17 16:00:00+00:00,817192.9336111111,451489.59627293295
2024-02-17 17:00:00+00:00,981636.5830555556,981636.5830555556
2024-02-17 18:00:00+00:00,514242.71555555554,514242.71555555554
2024-02-17 19:00:00+00:00,657209.7452777778,646421.8373778323
2024-02-17 20:00:00+00:00,482989.9966666666,482989.9966666666
2024-02-17 21:00:00+00:00,439554.3586111111,439554.3586111111
2024-02-17 22:00:00+00:00,831300.5175,831300.5175
2024-02-17 23:00:00+00:00,348119.28944444447,641970.3545891829
2024-02-18 00:00:00+00:00,321712.9825,661252.2359391922
2024-02-18 01:00:00+00:00,225783.55916666667,608824.6634348988
2024-02-18 02:00:00+00:00,250806.93083333332,250806.93083333332
2024-02-18 03:00:00+00:00,114096.21805555555,114096.21805555555
2024-02-18 04:00:00+00:00,95920.38888888888,95920.38888888888
2024-02-18 05:00:00+00:00,302443.36583333334,302443.36583333334
2024-02-18 06:00:00+00:00,378234.91,378234.91
2024-02-18 07:00:00+00:00,513841.0636111112,513841.0636111112
2024-02-18 08:00:00+00:00,416847.7988888889,394417.1263371058
2024-02-18 09:00:00+00:00,342507.8975,342507.8975
2024-02-18 10:00:00+00:00,611637.6727777778,380077.4473056587
2024-02-18 11:00:00+00:00,1262643.3116666668,390896.62625382206
2024-02-18 12:00:00+00:00,529630.5897222222,529630.5897222222
2024-02-18 13:00:00+00:00,1406902.2852777778,1406902.2852777778
2024-02-18 14:00:00+00:00,3393737.910833333,878759.1184472758
2024-02-18 15:00:00+00:00,664921.7780555555,664921.7780555555
2024-02-18 16:00:00+00:00,907194.5561111112,824136.6834378875
2024-02-18 17:00:00+00:00,594011.5377777778,769696.5893958443
2024-02-18 18:00:00+00:00,536152.5608333333,754007.3469236698
2024-02-18 19:00:00+00:00,802531.2552777778,802531.2552777778
2024-02-18 20:00:00+00:00,588010.8436111112,588010.8436111112
2024-02-18 21:00:00+00:00,946320.6886111113,695495.2333754441
2024-02-18 22:00:00+00:00,477140.0497222222,622526.1560582509
2024-02-18 23:00:00+00:00,451249.91694444447,555297.2723587009
2024-02-19 00:00:00+00:00,444790.2188888889,491304.85396402405
2024-02-19 01:00:00+00:00,288966.9711111111,288966.9711111111
2024-02-19 02:00:00+00:00,250006.8111111111,250006.8111111111
2024-02-19 03:00:00+00:00,256461.125,256461.125
2024-02-19 04:00:00+00:00,445663.8613888889,290331.42751604354
2024-02-19 05:00:00+00:00,820956.1511111112,820956.1511111112
2024-02-19 06:00:00+00:00,1126647.5705555556,582859.1094130672
2024-02-19 07:00:00+00:00,807475.4666666667,703854.3384692641
2024-02-19 08:00:00+00:00,938867.1919444444,938867.1919444444
2024-02-19 09:00:00+00:00,993018.68,993018.68
2024-02-19 10:00:00+00:00,1515682.1344444444,1515682.1344444444
2024-02-19 11:00:00+00:00,638938.0097222222,638938.0097222222
2024-02-19 12:00:00+00:00,856040.6175,856040.6175
2024-02-19 13:00:00+00:00,1132975.545,1132975.545
2024-02-19 14:00:00+00:00,943109.5738888888,943109.5738888888
2024-02-19 15:00:00+00:00,718920.4888888889,977581.8385398954
2024-02-19 16:00:00+00:00,1128925.433611111,943620.1238994396
2024-02-19 17:00:00+00:00,932088.6966666668,905545.8779249768
2024-02-19 18:00:00+00:00,756883.2338888888,865152.8835137349
2024-02-19 19:00:00+00:00,737772.3027777778,823452.5205072426
2024-02-19 20:00:00+00:00,682767.5102777778,682767.5102777778
2024-02-19 21:00:00+00:00,597685.1802777778,597685.1802777778
2024-02-19 22:00:00+00:00,385773.1838888889,385773.1838888889
2024-02-19 23:00:00+00:00,414480.8661111111,549911.8725420375
2024-02-20 00:00:00+00:00,544185.04,544185.04
2024-02-20 01:00:00+00:00,299655.2980555556,526526.7677459479
2024-02-20 02:00:00+00:00,238550.39777777775,551913.4770040995
2024-02-20 03:00:00+00:00,196909.8225,583911.7554966403
2024-02-20 04:00:00+00:00,247542.29194444444,619637.8027480779
2024-02-20 05:00:00+00:00,1232748.6958333333,657465.6596345906
2024-02-20 06:00:00+00:00,787453.7119444445,787453.7119444445
2024-02-20 07:00:00+00:00,828367.7377777778,828367.7377777778
2024-02-20 08:00:00+00:00,603018.1594444445,603018.1594444445
2024-02-20 09:00:00+00:00,861366.3169444444,700763.0716232004
2024-02-20 10:00:00+00:00,1288802.026111111,1288802.026111111
2024-02-20 11:00:00+00:00,1189756.2411111111,1189756.2411111111
2024-02-20 12:00:00+00:00,705258.6247222222,1092655.8419605219
2024-02-20 13:00:00+00:00,555338.6827777778,555338.6827777778
2024-02-20 14:00:00+00:00,569636.8763888889,569636.8763888889
2024-02-20 15:00:00+00:00,426577.3547222222,426577.3547222222
2024-02-20 16:00:00+00:00,476254.4894444444,581792.8765179876
2024-02-20 17:00:00+00:00,780289.2052777777,780289.2052777777
2024-02-20 18:00:00+00:00,419229.195,673693.9361915885
2024-02-20 19:00:00+00:00,700180.5211111112,701039.5995235406
2024-02-20 20:00:00+00:00,746506.9894444444,697309.2548864373
2024-02-20 21:00:00+00:00,604685.1822222222,604685.1822222222
2024-02-20 22:00:00+00:00,762955.3325,644926.6740375723
2024-02-20 23:00:00+00:00,406083.2102777778,588583.0000831181
2024-02-21 00:00:00+00:00,476055.9225,518023.67611196556
2024-02-21 01:00:00+00:00,248943.97166666668,248943.97166666668
2024-02-21 02:00:00+00:00,236000.02666666667,236000.02666666667
2024-02-21 03:00:00+00:00,143596.74055555556,143596.74055555556
2024-02-21 04:00:00+00:00,335029.6752777778,233956.9237874163
2024-02-21 05:00:00+00:00,624954.5033333333,302220.5100177821
2024-02-21 06:00:00+00:00,884192.5327777778,884192.5327777778
2024-02-21 07:00:00+00:00,814057.8266666667,638473.6760792846
2024-02-21 08:00:00+00:00,910618.8619444444,910618.8619444444
2024-02-21 09:00:00+00:00,988040.4983333332,988040.4983333332
2024-02-21 10:00:00+00:00,703281.4455555555,703281.4455555555
2024-02-21 11:00:00+00:00,601267.6502777778,601267.6502777778
2024-02-21 12:00:00+00:00,726437.3047222223,726437.3047222223
2024-02-21 13:00:00+00:00,517171.5530555556,722437.8577487307
2024-02-21 14:00:00+00:00,828818.8619444445,828818.8619444445
2024-02-21 15:00:00+00:00,433718.19916666666,782411.3114419287
2024-02-21 16:00:00+00:00,519901.6372222222,519901.6372222222
2024-02-21 17:00:00+00:00,678201.5102777778,641338.5796686062
2024-02-21 18:00:00+00:00,835340.185,705768.5608890383
2024-02-21 19:00:00+00:00,1327360.2675,1327360.2675
2024-02-21 20:00:00+00:00,1015212.776388889,1063565.2512373526
2024-02-21 21:00:00+00:00,869174.5555555555,1085454.6376542181
2024-02-21 22:00:00+00:00,686529.8722222223,686529.8722222223
2024-02-21 23:00:00+00:00,815138.5811111111,865879.92003872
2024-02-22 00:00:00+00:00,640412.6363888889,640412.6363888889
2024-02-22 01:00:00+00:00,354395.0213888889,717759.1272482602
2024-02-22 02:00:00+00:00,322749.72444444447,672369.1253847037
2024-02-22 03:00:00+00:00,464827.61027777777,635123.69772066
2024-02-22 04:00:00+00:00,533543.5330555555,533543.5330555555
2024-02-22 05:00:00+00:00,630127.8494444444,630127.8494444444
2024-02-22 06:00:00+00:00,1285765.6766666668,597582.9471677573
2024-02-22 07:00:00+00:00,1280615.0905555557,1280615.0905555557
2024-02-22 08:00:00+00:00,941988.2841666668,941988.2841666668
2024-02-22 09:00:00+00:00,695626.2186111112,695626.2186111112
2024-02-22 10:00:00+00:00,817407.2005555555,817407.2005555555
2024-02-22 11:00:00+00:00,977296.6819444444,977296.6819444444
2024-02-22 12:00:00+00:00,638579.5044444444,638579.5044444444
2024-02-22 13:00:00+00:00,761177.5588888889,761177.5588888889
2024-02-22 14:00:00+00:00,748976.8994444445,748976.8994444445
2024-02-22 15:00:00+00:00,660238.2680555555,763162.7906426257
2024-02-22 16:00:00+00:00,536843.8741666666,740226.6745828361
2024-02-22 17:00:00+00:00,633780.5391666667,633780.5391666667
2024-02-22 18:00:00+00:00,1016164.6191666666,677062.9068715498
2024-02-22 19:00:00+00:00,498124.41527777776,632649.0168364835
2024-02-22 20:00:00+00:00,530242.0613888889,582072.1422327806
2024-02-22 21:00:00+00:00,510481.84,528020.4221692389
2024-02-22 22:00:00+00:00,341062.99888888886,341062.99888888886
2024-02-22 23:00:00+00:00,547346.7886111111,547346.7886111111
2024-02-23 00:00:00+00:00,442587.4222222222,442587.4222222222
2024-02-23 01:00:00+00:00,490568.0947222223,459546.78233241604
2024-02-23 02:00:00+00:00,158045.78861111111,158045.78861111111
2024-02-23 03:00:00+00:00,173679.6186111111,288880.72288472153
2024-02-23 04:00:00+00:00,424049.4,424049.4
2024-02-23 05:00:00+00:00,608883.2722222222,608883.2722222222
2024-02-23 06:00:00+00:00,714711.01,714711.01
2024-02-23 07:00:00+00:00,764672.8155555555,764672.8155555555
2024-02-23 08:00:00+00:00,858935.5308333334,858935.5308333334
2024-02-23 09:00:00+00:00,1901296.4608333332,1901296.4608333332
2024-02-23 10:00:00+00:00,988699.4908333332,988699.4908333332
2024-02-23 11:00:00+00:00,1148103.8852777777,1148103.8852777777
2024-02-23 12:00:00+00:00,1204017.6225,1141017.3218521387
2024-02-23 13:00:00+00:00,1213282.0905555557,1213282.0905555557
2024-02-23 14:00:00+00:00,721329.8666666667,1182294.6912488143
2024-02-23 15:00:00+00:00,726116.2991666667,1122485.396808164
2024-02-23 16:00:00+00:00,708953.0580555556,708953.0580555556
2024-02-23 17:00:00+00:00,1136501.9266666668,1136501.9266666668
2024-02-23 18:00:00+00:00,952988.2888888888,992870.3819967723
2024-02-23 19:00:00+00:00,1286400.3475,1000889.1625832791
2024-02-23 20:00:00+00:00,779175.5647222223,950780.6600036384
2024-02-23 21:00:00+00:00,635513.045,635513.045
2024-02-23 22:00:00+00:00,410381.7811111111,766537.8200421749
2024-02-23 23:00:00+00:00,402330.72055555554,402330.72055555554
2024-02-24 00:00:00+00:00,427422.7055555555,427422.7055555555
2024-02-24 01:00:00+00:00,386616.40194444446,386616.40194444446
2024-02-24 02:00:00+00:00,168093.4111111111,168093.4111111111
2024-02-24 03:00:00+00:00,245501.32222222225,325668.76642262016
2024-02-24 04:00:00+00:00,645073.8144444445,364591.63965318457
2024-02-24 05:00:00+00:00,908530.0277777778,908530.0277777778
2024-02-24 06:00:00+00:00,738823.3516666667,674915.0647055754
2024-02-24 07:00:00+00:00,880362.3147222223,750410.6954504403
2024-02-24 08:00:00+00:00,882146.2916666666,766575.6780602869
2024-02-24 09:00:00+00:00,608459.5769444444,749288.5513868448
2024-02-24 10:00:00+00:00,605883.6527777778,605883.6527777778
2024-02-24 11:00:00+00:00,585170.6744444445,585170.6744444445
2024-02-24 12:00:00+00:00,917051.2363888888,917051.2363888888
2024-02-24 13:00:00+00:00,622822.0311111112,622822.0311111112
2024-02-24 14:00:00+00:00,571099.0177777777,571099.0177777777
2024-02-24 15:00:00+00:00,466092.87333333335,466092.87333333335
2024-02-24 16:00:00+00:00,384608.0863888889,384608.0863888889
2024-02-24 17:00:00+00:00,550168.9483333334,550168.9483333334
2024-02-24 18:00:00+00:00,542953.4366666666,514347.3636501383
2024-02-24 19:00:00+00:00,977087.6177777778,977087.6177777778
2024-02-24 20:00:00+00:00,1152208.8525,777487.790454631
2024-02-24 21:00:00+00:00,1614107.2183333333,812882.7088937891
2024-02-24 22:00:00+00:00,853554.5605555555,781173.7386745841
2024-02-24 23:00:00+00:00,400407.66694444447,711629.9109695011
2024-02-25 00:00:00+00:00,350141.2083333333,620753.840534573
2024-02-25 01:00:00+00:00,266379.3852777778,266379.3852777778
2024-02-25 02:00:00+00:00,349210.49611111113,349210.49611111113
2024-02-25 03:00:00+00:00,459535.2358333333,382450.4683004665
2024-02-25 04:00:00+00:00,346245.39944444445,346245.39944444445
2024-02-25 05:00:00+00:00,523824.70166666666,358119.5435040572
2024-02-25 06:00:00+00:00,498288.08972222224,498288.08972222224
2024-02-25 07:00:00+00:00,662827.0452777778,435033.03091798257
2024-02-25 08:00:00+00:00,431331.10194444447,497659.66440704145
2024-02-25 09:00:00+00:00,739267.3355555555,739267.3355555555
2024-02-25 10:00:00+00:00,668021.7958333333,668021.7958333333
2024-02-25 11:00:00+00:00,552832.6216666667,552832.6216666667
2024-02-25 12:00:00+00:00,696901.6105555556,696901.6105555556
2024-02-25 13:00:00+00:00,607084.2530555555,607084.2530555555
2024-02-25 14:00:00+00:00,665576.1808333333,630014.2223941344
2024-02-25 15:00:00+00:00,490382.02444444445,634536.2228505929
2024-02-25 16:00:00+00:00,1313206.0575,651609.3175433943
2024-02-25 17:00:00+00:00,548301.9922222223,675759.0343398935
2024-02-25 18:00:00+00:00,610414.3919444444,703898.7283810491
2024-02-25 19:00:00+00:00,806868.4816666667,806868.4816666667
2024-02-25 20:00:00+00:00,1270242.816666667,765945.8239935004
2024-02-25 21:00:00+00:00,568966.5758333333,568966.5758333333
2024-02-25 22:00:00+00:00,384338.1119444444,384338.1119444444
2024-02-25 23:00:00+00:00,415411.4577777778,415411.4577777778
2024-02-26 00:00:00+00:00,289103.9608333333,289103.9608333333
2024-02-26 01:00:00+00:00,392825.0647222222,400000.984689549
2024-02-26 02:00:00+00:00,218368.9088888889,345027.3861182388
2024-02-26 03:00:00+00:00,243687.99333333332,243687.99333333332
2024-02-26 04:00:00+00:00,424812.2675,424812.2675
2024-02-26 05:00:00+00:00,669782.1302777778,342952.9732096239
2024-02-26 06:00:00+00:00,1012275.7930555556,464669.164543648
2024-02-26 07:00:00+00:00,1016395.3111111112,1016395.3111111112
2024-02-26 08:00:00+00:00,770321.9327777778,770321.9327777778
2024-02-26 09:00:00+00:00,930492.0675,782830.4128476181
2024-02-26 10:00:00+00:00,794344.8408333333,794344.8408333333
2024-02-26 11:00:00+00:00,978476.7066666668,978476.7066666668
2024-02-26 12:00:00+00:00,576611.3263888889,870929.1972415907
2024-02-26 13:00:00+00:00,722782.7655555556,722782.7655555556
2024-02-26 14:00:00+00:00,740261.3441666666,801319.2713893994
2024-02-26 15:00:00+00:00,590649.2175,590649.2175
2024-02-26 16:00:00+00:00,780822.3183333334,780822.3183333334
2024-02-26 17:00:00+00:00,578503.1425,720519.0847584442
2024-02-26 18:00:00+00:00,757155.2405555556,757155.2405555556
2024-02-26 19:00:00+00:00,1939695.138611111,1939695.138611111
2024-02-26 20:00:00+00:00,475701.0375,475701.0375
2024-02-26 21:00:00+00:00,447018.7816666667,922432.4181838396
2024-02-26 22:00:00+00:00,205646.58111111115,205646.58111111115
2024-02-26 23:00:00+00:00,329265.09305555554,329265.09305555554
2024-02-27 00:00:00+00:00,385015.81388888886,385015.81388888886
2024-02-27 01:00:00+00:00,452136.3202777778,397278.47582245356
2024-02-27 02:00:00+00:00,357680.575,357680.575
2024-02-27 03:00:00+00:00,211680.49777777775,211680.49777777775
2024-02-27 04:00:00+00:00,364721.64722222224,364721.64722222224
2024-02-27 05:00:00+00:00,628170.911111111,628170.911111111
2024-02-27 06:00:00+00:00,782790.3869444445,460007.71200167324
2024-02-27 07:00:00+00:00,898308.2563888889,551301.2405726867
2024-02-27 08:00:00+00:00,751595.925,751595.925
2024-02-27 09:00:00+00:00,561474.8519444445,561474.8519444445
2024-02-27 10:00:00+00:00,934619.2747222222,627064.5260762996
2024-02-27 11:00:00+00:00,658510.9263888889,658510.9263888889
2024-02-27 12:00:00+00:00,716163.2841666667,716163.2841666667
2024-02-27 13:00:00+00:00,543270.1566666666,671293.5217271129
2024-02-27 14:00:00+00:00,584552.9341666667,681973.3137300119
2024-02-27 15:00:00+00:00,655009.3397222222,655009.3397222222
2024-02-27 16:00:00+00:00,845823.8663888889,845823.8663888889
2024-02-27 17:00:00+00:00,1182821.495833333,745897.37272915
2024-02-27 18:00:00+00:00,491436.0577777778,491436.0577777778
2024-02-27 19:00:00+00:00,760287.9466666667,760287.9466666667
2024-02-27 20:00:00+00:00,683001.6372222222,683001.6372222222
2024-02-27 21:00:00+00:00,497043.91694444447,497043.91694444447
2024-02-27 22:00:00+00:00,614878.2297222222,614878.2297222222
2024-02-27 23:00:00+00:00,423441.5075,423441.5075
2024-02-28 00:00:00+00:00,369609.8836111111,526833.5176179127
2024-02-28 01:00:00+00:00,420181.91777777777,420181.91777777777
2024-02-28 02:00:00+00:00,277290.8688888889,454487.13820636243
2024-02-28 03:00:00+00:00,249569.2877777778,249569.2877777778
2024-02-28 04:00:00+00:00,413345.4158333333,335691.4886407558
2024-02-28 05:00:00+00:00,831210.0925,831210.0925
2024-02-28 06:00:00+00:00,897178.6258333334,602164.9431750547
2024-02-28 07:00:00+00:00,945008.0552777778,698094.3999096063
2024-02-28 08:00:00+00:00,1290631.0180555556,748207.5507233283
2024-02-28 09:00:00+00:00,794763.3744444444,794763.3744444444
2024-02-28 10:00:00+00:00,520764.4352777778,520764.4352777778
2024-02-28 11:00:00+00:00,839850.2163888889,668170.704814654
2024-02-28 12:00:00+00:00,931674.4319444444,931674.4319444444
2024-02-28 13:00:00+00:00,658913.6033333334,658913.6033333334
2024-02-28 14:00:00+00:00,735337.5719444444,736984.5058672628
2024-02-28 15:00:00+00:00,515067.78194444446,515067.78194444446
2024-02-28 16:00:00+00:00,372073.2680555555,372073.2680555555
2024-02-28 17:00:00+00:00,516999.8475,502446.1559020249
2024-02-28 18:00:00+00:00,753356.5869444445,753356.5869444445
2024-02-28 19:00:00+00:00,996309.5463888888,626708.6645866649
2024-02-28 20:00:00+00:00,863298.6308333334,863298.6308333334
2024-02-28 21:00:00+00:00,841931.1588888889,841931.1588888889
2024-02-28 22:00:00+00:00,428053.1538888889,428053.1538888889
2024-02-28 23:00:00+00:00,446121.82722222223,446121.82722222223
2024-02-29 00:00:00+00:00,184726.78166666668,184726.78166666668
2024-02-29 01:00:00+00:00,297281.9841666667,297281.9841666667
2024-02-29 02:00:00+00:00,166177.94611111112,351667.09072325303
2024-02-29 03:00:00+00:00,140834.82083333333,337981.1110955015
2024-02-29 04:00:00+00:00,366305.4775,366305.4775
2024-02-29 05:00:00+00:00,563457.8383333334,351642.96460871847
2024-02-29 06:00:00+00:00,758133.615,398356.5434813171
2024-02-29 07:00:00+00:00,758381.4094444445,465012.9912274535
2024-02-29 08:00:00+00:00,736048.5322222222,736048.5322222222
2024-02-29 09:00:00+00:00,578902.7433333333,627154.2804476715
2024-02-29 10:00:00+00:00,983410.1161111112,694771.4138328779
2024-02-29 11:00:00+00:00,704988.3172222222,753015.8468122563
2024-02-29 12:00:00+00:00,1269774.3183333334,805975.7159429174
2024-02-29 13:00:00+00:00,966692.2,966692.2
2024-02-29 14:00:00+00:00,841901.9791666666,904256.3583310561
2024-02-29 15:00:00+00:00,735703.4163888888,735703.4163888888
2024-02-29 16:00:00+00:00,912138.975,912138.975
2024-02-29 17:00:00+00:00,789028.4569444444,858885.8774919005
2024-02-29 18:00:00+00:00,1006711.7816666666,1006711.7816666666
2024-02-29 19:00:00+00:00,782772.1502777778,782772.1502777778
2024-02-29 20:00:00+00:00,792987.0983333334,792987.0983333334
2024-02-29 21:00:00+00:00,686188.7472222223,839781.718794554
2024-02-29 22:00:00+00:00,287659.6063888889,740214.3920860941
2024-02-29 23:00:00+00:00,248549.3713888889,248549.3713888889
2024-03-01 00:00:00+00:00,336242.00833333336,336242.00833333336
2024-03-01 01:00:00+00:00,273586.3052777778,273586.3052777778
2024-03-01 02:00:00+00:00,186582.1758333333,186582.1758333333
2024-03-01 03:00:00+00:00,289579.06833333336,275852.0854090856
2024-03-01 04:00:00+00:00,674267.9183333333,674267.9183333333
2024-03-01 05:00:00+00:00,658549.75,658549.75
2024-03-01 06:00:00+00:00,800220.6158333333,800220.6158333333
2024-03-01 07:00:00+00:00,641888.1222222223,666012.499766991
2024-03-01 08:00:00+00:00,957778.66,703485.4478585756
2024-03-01 09:00:00+00:00,655334.2694444444,655334.2694444444
2024-03-01 10:00:00+00:00,728989.3163888889,728989.3163888889
2024-03-01 11:00:00+00:00,1242957.4258333333,1242957.4258333333
2024-03-01 12:00:00+00:00,787328.8866666667,938396.3141613549
2024-03-01 13:00:00+00:00,581964.3197222222,952531.8404367812
2024-03-01 14:00:00+00:00,426497.8877777778,426497.8877777778
2024-03-01 15:00:00+00:00,455919.2044444445,455919.2044444445
2024-03-01 16:00:00+00:00,395807.5861111111,395807.5861111111
2024-03-01 17:00:00+00:00,428240.145,428240.145
2024-03-01 18:00:00+00:00,840310.2322222223,840310.2322222223
2024-03-01 19:00:00+00:00,920907.4266666666,920907.4266666666
2024-03-01 20:00:00+00:00,438686.1055555556,438686.1055555556
2024-03-01 21:00:00+00:00,410718.29,410718.29
2024-03-01 22:00:00+00:00,570674.5091666667,570674.5091666667
2024-03-01 23:00:00+00:00,693282.8738888889,693282.8738888889
2024-03-02 00:00:00+00:00,609802.5527777778,609802.5527777778
2024-03-02 01:00:00+00:00,492469.38138888887,492469.38138888887
2024-03-02 02:00:00+00:00,331400.51944444445,331400.51944444445
2024-03-02 03:00:00+00:00,231986.58416666667,231986.58416666667
2024-03-02 04:00:00+00:00,179781.5963888889,179781.5963888889
2024-03-02 05:00:00+00:00,277988.72583333333,277988.72583333333
2024-03-02 06:00:00+00:00,248821.86194444445,248821.86194444445
2024-03-02 07:00:00+00:00,266922.2341666667,266922.2341666667
2024-03-02 08:00:00+00:00,321484.7497222222,321484.7497222222
2024-03-02 09:00:00+00:00,287511.0186111111,290557.98759952816
2024-03-02 10:00:00+00:00,317514.40444444446,317514.40444444446
2024-03-02 11:00:00+00:00,415061.5544444444,415061.5544444444
2024-03-02 12:00:00+00:00,292425.3205555556,355505.63537646923
2024-03-02 13:00:00+00:00,461455.5177777778,461455.5177777778
2024-03-02 14:00:00+00:00,650499.3438888888,650499.3438888888
2024-03-02 15:00:00+00:00,514026.2163888889,521704.82386822015
2024-03-02 16:00:00+00:00,422243.0863888889,422243.0863888889
2024-03-02 17:00:00+00:00,561908.8808333334,561908.8808333334
2024-03-02 18:00:00+00:00,601800.6227777777,601800.6227777777
2024-03-02 19:00:00+00:00,1029552.4772222224,553883.1407853098
2024-03-02 20:00:00+00:00,842938.49,842938.49
2024-03-02 21:00:00+00:00,591887.4725,591887.4725
2024-03-02 22:00:00+00:00,1260341.38,1260341.38
2024-03-02 23:00:00+00:00,330227.6588888889,924621.2230025878
2024-03-03 00:00:00+00:00,243968.1555555556,243968.1555555556
2024-03-03 01:00:00+00:00,328519.8172222222,328519.8172222222
2024-03-03 02:00:00+00:00,253783.8125,253783.8125
2024-03-03 03:00:00+00:00,211619.1925,211619.1925
2024-03-03 04:00:00+00:00,188895.8630555556,188895.8630555556
2024-03-03 05:00:00+00:00,238747.78194444443,238747.78194444443
2024-03-03 06:00:00+00:00,339628.1330555556,247606.7411742443
2024-03-03 07:00:00+00:00,404668.4511111111,404668.4511111111
2024-03-03 08:00:00+00:00,418745.53277777776,418745.53277777776
2024-03-03 09:00:00+00:00,412306.95805555553,412306.95805555553
2024-03-03 10:00:00+00:00,464290.1855555556,464290.1855555556
2024-03-03 11:00:00+00:00,457704.8383333333,457704.8383333333
2024-03-03 12:00:00+00:00,324843.1327777778,324843.1327777778
2024-03-03 13:00:00+00:00,690735.5358333334,690735.5358333334
2024-03-03 14:00:00+00:00,564028.5288888889,520254.8165678275
2024-03-03 15:00:00+00:00,881917.8341666666,881917.8341666666
2024-03-03 16:00:00+00:00,691146.9713888889,691146.9713888889
2024-03-03 17:00:00+00:00,472227.9738888889,472227.9738888889
2024-03-03 18:00:00+00:00,542152.3297222222,542152.3297222222
2024-03-03 19:00:00+00:00,705028.92,581693.7680411362
2024-03-03 20:00:00+00:00,744457.5672222222,574110.1620930461
2024-03-03 21:00:00+00:00,608616.7922222222,608616.7922222222
2024-03-03 22:00:00+00:00,507468.9691666667,507468.9691666667
2024-03-03 23:00:00+00:00,323676.8797222222,555241.7320969331
2024-03-04 00:00:00+00:00,374248.4125,492379.2706561118
2024-03-04 01:00:00+00:00,218420.81694444444,218420.81694444444
2024-03-04 02:00:00+00:00,131142.4775,131142.4775
2024-03-04 03:00:00+00:00,101508.06305555555,242816.07186450763
2024-03-04 04:00:00+00:00,281689.8936111111,251275.65014454443
2024-03-04 05:00:00+00:00,524348.0288888889,524348.0288888889
2024-03-04 06:00:00+00:00,1087207.5802777775,405305.45668126806
2024-03-04 07:00:00+00:00,852089.9852777778,852089.9852777778
2024-03-04 08:00:00+00:00,920337.2552777778,920337.2552777778
2024-03-04 09:00:00+00:00,1089924.1147222223,779054.1234079046
2024-03-04 10:00:00+00:00,1129618.298333333,1129618.298333333
2024-03-04 11:00:00+00:00,984706.9322222222,992440.5211495785
2024-03-04 12:00:00+00:00,1454830.3936111112,1069829.8109657217
2024-03-04 13:00:00+00:00,1250366.5708333333,1250366.5708333333
2024-03-04 14:00:00+00:00,739416.5988888888,739416.5988888888
2024-03-04 15:00:00+00:00,353372.415,353372.415
2024-03-04 16:00:00+00:00,842510.0302777778,712072.517013038
2024-03-04 17:00:00+00:00,532241.2277777778,602416.553502531
2024-03-04 18:00:00+00:00,675261.7405555556,675261.7405555556
2024-03-04 19:00:00+00:00,834483.48,834483.48
2024-03-04 20:00:00+00:00,574980.4705555555,574980.4705555555
2024-03-04 21:00:00+00:00,510869.53694444447,654928.2822114143
2024-03-04 22:00:00+00:00,510012.9925,510012.9925
2024-03-04 23:00:00+00:00,207142.06722222225,207142.06722222225
2024-03-05 00:00:00+00:00,127389.27777777778,127389.27777777778
2024-03-05 01:00:00+00:00,188255.92444444445,285822.84592085157
2024-03-05 02:00:00+00:00,243917.1513888889,243917.1513888889
2024-03-05 03:00:00+00:00,164206.2238888889,242910.28193461115
2024-03-05 04:00:00+00:00,690323.5080555555,690323.5080555555
2024-03-05 05:00:00+00:00,657571.4652777778,657571.4652777778
2024-03-05 06:00:00+00:00,1216372.3963888888,1216372.3963888888
2024-03-05 07:00:00+00:00,691064.6091666666,691064.6091666666
2024-03-05 08:00:00+00:00,1683961.841388889,1683961.841388889
2024-03-05 09:00:00+00:00,674457.6894444445,674457.6894444445
2024-03-05 10:00:00+00:00,882341.9025,882341.9025
2024-03-05 11:00:00+00:00,672466.8441666666,672466.8441666666
2024-03-05 12:00:00+00:00,979904.1830555556,814316.7057989677
2024-03-05 13:00:00+00:00,535836.3977777777,535836.3977777777
2024-03-05 14:00:00+00:00,281332.50694444444,281332.50694444444
2024-03-05 15:00:00+00:00,323282.48527777777,323282.48527777777
2024-03-05 16:00:00+00:00,444152.83805555553,444152.83805555553
2024-03-05 17:00:00+00:00,689611.9366666666,689611.9366666666
2024-03-05 18:00:00+00:00,624451.145,541636.8941687689
2024-03-05 19:00:00+00:00,580209.4516666667,580209.4516666667
2024-03-05 20:00:00+00:00,413609.8583333333,581399.7608126004
2024-03-05 21:00:00+00:00,397622.87833333336,513688.67256115825
2024-03-05 22:00:00+00:00,118065.2038888889,118065.2038888889
2024-03-05 23:00:00+00:00,128754.24638888887,281717.89591365407
2024-03-06 00:00:00+00:00,324241.2944444445,215689.4335497691
2024-03-06 01:00:00+00:00,154881.16361111111,154881.16361111111
2024-03-06 02:00:00+00:00,155286.87416666668,171194.03205251132
2024-03-06 03:00:00+00:00,145205.7786111111,145205.7786111111
2024-03-06 04:00:00+00:00,341884.5163888889,154657.12813574538
2024-03-06 05:00:00+00:00,557040.3569444445,557040.3569444445
2024-03-06 06:00:00+00:00,623281.9552777777,623281.9552777777
2024-03-06 07:00:00+00:00,844599.6641666667,844599.6641666667
2024-03-06 08:00:00+00:00,689924.7641666667,689924.7641666667
2024-03-06 09:00:00+00:00,710022.7480555555,710022.7480555555
2024-03-06 10:00:00+00:00,620699.2411111111,620699.2411111111
2024-03-06 11:00:00+00:00,851005.915,656081.8436980299
2024-03-06 12:00:00+00:00,858868.4730555556,858868.4730555556
2024-03-06 13:00:00+00:00,1739889.64,1739889.64
2024-03-06 14:00:00+00:00,712668.7238888888,1190288.2408707573
2024-03-06 15:00:00+00:00,817679.9366666666,817679.9366666666
2024-03-06 16:00:00+00:00,606083.2558333334,1049529.4885881464
2024-03-06 17:00:00+00:00,652823.2708333334,652823.2708333334
2024-03-06 18:00:00+00:00,700198.8441666666,799206.9834479677
2024-03-06 19:00:00+00:00,759300.5038888889,743267.5356971752
2024-03-06 20:00:00+00:00,707224.2830555555,707224.2830555555
2024-03-06 21:00:00+00:00,377577.9830555556,377577.9830555556
2024-03-06 22:00:00+00:00,371510.4108333333,371510.4108333333
2024-03-06 23:00:00+00:00,732495.1233333333,732495.1233333333
2024-03-07 00:00:00+00:00,759196.8308333333,759196.8308333333
2024-03-07 01:00:00+00:00,545372.2791666667,664493.8950672547
2024-03-07 02:00:00+00:00,343551.5908333333,641055.5335263823
2024-03-07 03:00:00+00:00,313879.5577777778,313879.5577777778
2024-03-07 04:00:00+00:00,440747.02305555553,454393.4780941132
2024-03-07 05:00:00+00:00,1026218.4025,1026218.4025
2024-03-07 06:00:00+00:00,757159.6461111112,756844.5224923304
2024-03-07 07:00:00+00:00,873257.6591666667,871731.4604582489
2024-03-07 08:00:00+00:00,897791.2958333333,933900.4168466958
2024-03-07 09:00:00+00:00,836372.1419444444,966345.6514091024
2024-03-07 10:00:00+00:00,699630.2747222222,982031.9052071657
2024-03-07 11:00:00+00:00,990354.1069444444,990354.1069444444
2024-03-07 12:00:00+00:00,1379358.091388889,989178.4852791631
2024-03-07 13:00:00+00:00,649746.6752777778,649746.6752777778
2024-03-07 14:00:00+00:00,533222.4136111111,533222.4136111111
2024-03-07 15:00:00+00:00,369136.055,369136.055
2024-03-07 16:00:00+00:00,618182.96,618182.96
2024-03-07 17:00:00+00:00,920990.6261111113,577660.3768078679
2024-03-07 18:00:00+00:00,644019.1644444445,604491.4789328206
2024-03-07 19:00:00+00:00,600075.2658333334,628775.6969804047
2024-03-07 20:00:00+00:00,702150.8283333334,702150.8283333334
2024-03-07 21:00:00+00:00,496728.9072222223,496728.9072222223
2024-03-07 22:00:00+00:00,710637.3925,596488.5027435104
2024-03-07 23:00:00+00:00,555611.6311111111,555611.6311111111
2024-03-08 00:00:00+00:00,487453.8530555556,487453.8530555556
2024-03-08 01:00:00+00:00,179589.5536111111,179589.5536111111
2024-03-08 02:00:00+00:00,180201.75944444444,180201.75944444444
2024-03-08 03:00:00+00:00,322635.5725,322635.5725
2024-03-08 04:00:00+00:00,429766.5177777778,429766.5177777778
2024-03-08 05:00:00+00:00,772501.8527777778,772501.8527777778
2024-03-08 06:00:00+00:00,1209931.7716666667,539527.3095697823
2024-03-08 07:00:00+00:00,572158.0727777778,665150.4638175216
2024-03-08 08:00:00+00:00,937611.1430555556,937611.1430555556
2024-03-08 09:00:00+00:00,778336.3855555556,778336.3855555556
2024-03-08 10:00:00+00:00,567600.6586111111,567600.6586111111
2024-03-08 11:00:00+00:00,702326.7877777778,702326.7877777778
2024-03-08 12:00:00+00:00,881908.3202777777,703954.9510246384
2024-03-08 13:00:00+00:00,796464.9977777777,796464.9977777777
2024-03-08 14:00:00+00:00,456069.91444444447,755480.6355597351
2024-03-08 15:00:00+00:00,418487.9486111111,418487.9486111111
2024-03-08 16:00:00+00:00,452719.52694444446,452719.52694444446
2024-03-08 17:00:00+00:00,395385.4205555556,520026.28303249343
2024-03-08 18:00:00+00:00,653792.9425,569673.9263889192
2024-03-08 19:00:00+00:00,996115.0472222222,996115.0472222222
2024-03-08 20:00:00+00:00,824922.4008333334,816004.8521449303
2024-03-08 21:00:00+00:00,461187.5672222222,808098.2234616495
2024-03-08 22:00:00+00:00,401402.8672222222,401402.8672222222
2024-03-08 23:00:00+00:00,436040.4947222222,579442.6146598918
2024-03-09 00:00:00+00:00,404267.7316666667,481640.3571426175
2024-03-09 01:00:00+00:00,276757.4252777778,406351.1979410399
2024-03-09 02:00:00+00:00,216653.2083333333,216653.2083333333
2024-03-09 03:00:00+00:00,200564.91,288316.6658103817
2024-03-09 04:00:00+00:00,173990.2161111111,263296.9945090621
2024-03-09 05:00:00+00:00,223428.03166666668,255428.404848544
2024-03-09 06:00:00+00:00,344348.5725,257230.0257016385
2024-03-09 07:00:00+00:00,458704.0786111111,264483.9540730599
2024-03-09 08:00:00+00:00,405009.26916666667,274812.03033738997
2024-03-09 09:00:00+00:00,362149.0508333333,286873.388379336
2024-03-09 10:00:00+00:00,331068.40194444446,331068.40194444446
2024-03-09 11:00:00+00:00,779514.8708333333,779514.8708333333
2024-03-09 12:00:00+00:00,1330532.0836111112,516764.9137345969
2024-03-09 13:00:00+00:00,1366609.125,607830.6837042109
2024-03-09 14:00:00+00:00,617613.0927777778,617613.0927777778
2024-03-09 15:00:00+00:00,605712.3741666666,605712.3741666666
2024-03-09 16:00:00+00:00,704491.1511111112,704491.1511111112
2024-03-09 17:00:00+00:00,946648.8216666668,655810.9565177184
2024-03-09 18:00:00+00:00,985276.3555555556,985276.3555555556
2024-03-09 19:00:00+00:00,1196077.149166667,846013.4740851825
2024-03-09 20:00:00+00:00,1232165.7480555556,862661.7986172804
2024-03-09 21:00:00+00:00,860598.1972222222,827953.8947432863
2024-03-09 22:00:00+00:00,580900.5105555556,580900.5105555556
2024-03-09 23:00:00+00:00,453035.7816666667,684300.1434846926
2024-03-10 00:00:00+00:00,351339.05666666664,351339.05666666664
2024-03-10 01:00:00+00:00,331816.6016666667,485414.5777975193
2024-03-10 02:00:00+00:00,292813.70166666666,392277.72201426805
2024-03-10 03:00:00+00:00,112972.65027777778,112972.65027777778
2024-03-10 04:00:00+00:00,200599.10111111111,200599.10111111111
2024-03-10 05:00:00+00:00,182753.97916666663,212272.80564716263
2024-03-10 06:00:00+00:00,269131.2683333333,269131.2683333333
2024-03-10 07:00:00+00:00,353654.33555555553,242629.1007264226
2024-03-10 08:00:00+00:00,354648.16555555555,283309.698361442
2024-03-10 09:00:00+00:00,469424.9008333333,469424.9008333333
2024-03-10 10:00:00+00:00,442382.935,393839.9484856101
2024-03-10 11:00:00+00:00,734070.5136111111,734070.5136111111
2024-03-10 12:00:00+00:00,744734.8405555555,744734.8405555555
2024-03-10 13:00:00+00:00,751943.2013888889,659391.5282354506
2024-03-10 14:00:00+00:00,455284.73027777777,687538.7491781686
2024-03-10 15:00:00+00:00,702925.8180555556,694331.4703397411
2024-03-10 16:00:00+00:00,661489.4355555555,661489.4355555555
2024-03-10 17:00:00+00:00,1114350.490277778,1114350.490277778
2024-03-10 18:00:00+00:00,948625.7008333332,867788.3297201263
2024-03-10 19:00:00+00:00,695224.7158333333,952517.8113267134
2024-03-10 20:00:00+00:00,957431.2686111112,957431.2686111112
2024-03-10 21:00:00+00:00,787560.1047222222,968732.8107331786
2024-03-10 22:00:00+00:00,293300.9816666667,293300.9816666667
2024-03-10 23:00:00+00:00,384498.69333333336,384498.69333333336
2024-03-11 00:00:00+00:00,198791.91,198791.91
2024-03-11 01:00:00+00:00,163608.28694444444,368726.0494904043
2024-03-11 02:00:00+00:00,241535.51,301463.7057603494
2024-03-11 03:00:00+00:00,189253.37444444443,270398.16798870114
2024-03-11 04:00:00+00:00,261690.1725,261690.1725
2024-03-11 05:00:00+00:00,628042.3991666667,628042.3991666667
2024-03-11 06:00:00+00:00,999518.7441666666,420864.26955776004
2024-03-11 07:00:00+00:00,735368.23,735368.23
2024-03-11 08:00:00+00:00,905426.0225,905426.0225
2024-03-11 09:00:00+00:00,902448.4886111112,745730.8279665828
2024-03-11 10:00:00+00:00,1715796.9894444444,844894.8637776506
2024-03-11 11:00:00+00:00,1566617.9580555556,930315.039393763
2024-03-11 12:00:00+00:00,1176042.2625,1176042.2625
2024-03-11 13:00:00+00:00,1061212.3136111111,1061212.3136111111
2024-03-11 14:00:00+00:00,598363.9241666667,598363.9241666667
2024-03-11 15:00:00+00:00,543400.4588888889,543400.4588888889
2024-03-11 16:00:00+00:00,549945.7172222222,549945.7172222222
2024-03-11 17:00:00+00:00,1011604.36,1011604.36
2024-03-11 18:00:00+00:00,841529.1911111111,841529.1911111111
2024-03-11 19:00:00+00:00,427927.28,427927.28
2024-03-11 20:00:00+00:00,434070.26916666667,434070.26916666667
2024-03-11 21:00:00+00:00,305054.9241666667,305054.9241666667
2024-03-11 22:00:00+00:00,297956.6711111111,297956.6711111111
2024-03-11 23:00:00+00:00,418546.64805555553,418546.64805555553
2024-03-12 00:00:00+00:00,341371.4241666667,341371.4241666667
2024-03-12 01:00:00+00:00,179026.73222222223,179026.73222222223
2024-03-12 02:00:00+00:00,93637.79305555556,93637.79305555556
2024-03-12 03:00:00+00:00,85556.84666666666,85556.84666666666
2024-03-12 04:00:00+00:00,436660.59055555554,436660.59055555554
2024-03-12 05:00:00+00:00,445661.0525,445661.0525
2024-03-12 06:00:00+00:00,516255.3366666666,516255.3366666666
2024-03-12 07:00:00+00:00,1227964.308888889,1227964.308888889
2024-03-12 08:00:00+00:00,734895.0680555556,773867.8757885958
2024-03-12 09:00:00+00:00,1759663.9288888888,1759663.9288888888
2024-03-12 10:00:00+00:00,1146574.328888889,1146574.328888889
2024-03-12 11:00:00+00:00,1110789.608611111,1110789.608611111
2024-03-12 12:00:00+00:00,886326.9527777778,886326.9527777778
2024-03-12 13:00:00+00:00,1201779.8558333332,1201779.8558333332
2024-03-12 14:00:00+00:00,665317.6502777778,665317.6502777778
2024-03-12 15:00:00+00:00,715710.9569444444,924707.2761490745
2024-03-12 16:00:00+00:00,634131.1405555556,634131.1405555556
2024-03-12 17:00:00+00:00,550770.6758333333,730339.7249285909
2024-03-12 18:00:00+00:00,1024006.8347222222,1024006.8347222222
2024-03-12 19:00:00+00:00,1222008.9997222223,1222008.9997222223
2024-03-12 20:00:00+00:00,926116.3041666668,926116.3041666668
2024-03-12 21:00:00+00:00,673716.0141666667,985085.32897437
2024-03-12 22:00:00+00:00,983214.5113888888,1007722.0867033276
2024-03-12 23:00:00+00:00,1258718.433333333,1258718.433333333
2024-03-13 00:00:00+00:00,644698.3069444444,644698.3069444444
2024-03-13 01:00:00+00:00,470436.9930555556,930537.0532126881
2024-03-13 02:00:00+00:00,279743.5677777778,279743.5677777778
2024-03-13 03:00:00+00:00,336091.93944444443,531506.0016396776
2024-03-13 04:00:00+00:00,911401.6433333332,911401.6433333332
2024-03-13 05:00:00+00:00,1094616.9305555555,712962.6072943241
2024-03-13 06:00:00+00:00,861612.5325,805155.9078406114
2024-03-13 07:00:00+00:00,1184931.5294444445,862775.9818462786
2024-03-13 08:00:00+00:00,963116.4597222222,963116.4597222222
2024-03-13 09:00:00+00:00,1620988.2311111111,1620988.2311111111
2024-03-13 10:00:00+00:00,1719226.870833333,1719226.870833333
2024-03-13 11:00:00+00:00,921528.3525,921528.3525
2024-03-13 12:00:00+00:00,2065942.1602777776,1215857.1016917198
2024-03-13 13:00:00+00:00,1167105.0466666666,1032307.5886829898
2024-03-13 14:00:00+00:00,575182.7627777777,873647.0605327433
2024-03-13 15:00:00+00:00,415578.05611111113,415578.05611111113
2024-03-13 16:00:00+00:00,725554.9880555555,592304.2508696382
2024-03-13 17:00:00+00:00,949094.5433333332,949094.5433333332
2024-03-13 18:00:00+00:00,698661.6955555555,770068.470627472
2024-03-13 19:00:00+00:00,1047593.6725,811354.9654589791
2024-03-13 20:00:00+00:00,439938.2108333333,797833.1454788297
2024-03-13 21:00:00+00:00,302318.4238888889,753409.0213043954
2024-03-13 22:00:00+00:00,527243.315,527243.315
2024-03-13 23:00:00+00:00,527552.3605555556,527552.3605555556
2024-03-14 00:00:00+00:00,684950.5155555556,579614.6283725428
2024-03-14 01:00:00+00:00,313243.80333333334,313243.80333333334
2024-03-14 02:00:00+00:00,514336.4136111111,514336.4136111111
2024-03-14 03:00:00+00:00,473594.57722222223,473594.57722222223
2024-03-14 04:00:00+00:00,1301648.1702777778,1301648.1702777778
2024-03-14 05:00:00+00:00,883287.7936111111,883287.7936111111
2024-03-14 06:00:00+00:00,986075.2186111112,986075.2186111112
2024-03-14 07:00:00+00:00,1380737.292777778,1380737.292777778
2024-03-14 08:00:00+00:00,1158573.02,1158573.02
2024-03-14 09:00:00+00:00,1193076.778888889,1193076.778888889
2024-03-14 10:00:00+00:00,1010371.3552777778,1160175.516970645
2024-03-14 11:00:00+00:00,1449783.67,1449783.67
2024-03-14 12:00:00+00:00,1125406.8244444444,1125406.8244444444
2024-03-14 13:00:00+00:00,1015410.8536111112,1238592.053662744
2024-03-14 14:00:00+00:00,509907.02444444445,509907.02444444445
2024-03-14 15:00:00+00:00,546271.2427777778,546271.2427777778
2024-03-14 16:00:00+00:00,699318.3177777778,699049.6122417852
2024-03-14 17:00:00+00:00,371855.0155555556,371855.0155555556
2024-03-14 18:00:00+00:00,566409.7072222222,566409.7072222222
2024-03-14 19:00:00+00:00,547357.5783333334,547357.5783333334
2024-03-14 20:00:00+00:00,382808.15,536135.016494222
2024-03-14 21:00:00+00:00,386295.165,533669.5386163892
2024-03-14 22:00:00+00:00,496732.3975,496732.3975
2024-03-14 23:00:00+00:00,521772.5644444444,512624.6907800475
2024-03-15 00:00:00+00:00,255744.30777777775,480010.3833379915
2024-03-15 01:00:00+00:00,329657.2561111111,435939.1296290964
2024-03-15 02:00:00+00:00,331174.9977777778,385408.16191709647
2024-03-15 03:00:00+00:00,202326.54277777777,202326.54277777777
2024-03-15 04:00:00+00:00,225334.9102777778,225334.9102777778
2024-03-15 05:00:00+00:00,650196.2511111111,650196.2511111111
2024-03-15 06:00:00+00:00,910265.2125,910265.2125
2024-03-15 07:00:00+00:00,972132.9386111113,972132.9386111113
2024-03-15 08:00:00+00:00,673150.8413888889,783442.8950844028
2024-03-15 09:00:00+00:00,669254.7783333333,851321.2211557901
2024-03-15 10:00:00+00:00,851123.2561111111,875169.1932238161
2024-03-15 11:00:00+00:00,1302755.4652777778,874191.7460489838
2024-03-15 12:00:00+00:00,1589967.3069444443,859217.1041085444
2024-03-15 13:00:00+00:00,1497216.4002777778,836350.4922726642
2024-03-15 14:00:00+00:00,954416.11,809034.1896327678
2024-03-15 15:00:00+00:00,707587.0777777778,707587.0777777778
2024-03-15 16:00:00+00:00,766112.6436111111,766112.6436111111
2024-03-15 17:00:00+00:00,1176628.971666667,1176628.971666667
2024-03-15 18:00:00+00:00,1058039.423611111,1058039.423611111
2024-03-15 19:00:00+00:00,1066926.3313888889,1066926.3313888889
2024-03-15 20:00:00+00:00,1307185.9280555556,1024200.924024239
2024-03-15 21:00:00+00:00,903166.9430555556,903166.9430555556
2024-03-15 22:00:00+00:00,1056674.0408333333,961779.869793409
2024-03-15 23:00:00+00:00,637153.1022222223,637153.1022222223
2024-03-16 00:00:00+00:00,261811.15527777775,773061.4549614721
2024-03-16 01:00:00+00:00,396132.31916666665,396132.31916666665
2024-03-16 02:00:00+00:00,381045.7069444445,545594.3039000535
2024-03-16 03:00:00+00:00,203891.765,203891.765
2024-03-16 04:00:00+00:00,180272.89666666667,180272.89666666667
2024-03-16 05:00:00+00:00,269347.9791666667,269347.9791666667
2024-03-16 06:00:00+00:00,390903.8044444444,390903.8044444444
2024-03-16 07:00:00+00:00,347396.95722222223,347396.95722222223
2024-03-16 08:00:00+00:00,258461.28,333072.60582657263
2024-03-16 09:00:00+00:00,303748.25916666666,303748.25916666666
2024-03-16 10:00:00+00:00,382766.45722222223,382766.45722222223
2024-03-16 11:00:00+00:00,953809.8144444444,346496.2406593615
2024-03-16 12:00:00+00:00,608833.7652777778,396052.2625980022
2024-03-16 13:00:00+00:00,614800.8897222222,614800.8897222222
2024-03-16 14:00:00+00:00,1080329.9358333333,1080329.9358333333
2024-03-16 15:00:00+00:00,618469.3569444445,618469.3569444445
2024-03-16 16:00:00+00:00,1384762.9094444443,1384762.9094444443
2024-03-16 17:00:00+00:00,703900.3391666666,703900.3391666666
2024-03-16 18:00:00+00:00,717539.8191666667,717539.8191666667
2024-03-16 19:00:00+00:00,593832.4358333333,804048.408898931
2024-03-16 20:00:00+00:00,932292.9488888888,932292.9488888888
2024-03-16 21:00:00+00:00,937104.7844444443,937104.7844444443
2024-03-16 22:00:00+00:00,687164.5655555555,896516.5130447551
2024-03-16 23:00:00+00:00,763475.6383333333,763475.6383333333
2024-03-17 00:00:00+00:00,551143.3977777777,827119.1584342808
2024-03-17 01:00:00+00:00,305291.12444444443,305291.12444444443
2024-03-17 02:00:00+00:00,246026.4030555556,246026.4030555556
2024-03-17 03:00:00+00:00,317178.2152777777,317178.2152777777
2024-03-17 04:00:00+00:00,175868.17666666667,175868.17666666667
2024-03-17 05:00:00+00:00,235577.96194444445,235577.96194444445
2024-03-17 06:00:00+00:00,265974.84777777776,265974.84777777776
2024-03-17 07:00:00+00:00,406200.4347222222,406200.4347222222
2024-03-17 08:00:00+00:00,940944.3636111112,940944.3636111112
2024-03-17 09:00:00+00:00,725035.4141666667,594247.0922928875
2024-03-17 10:00:00+00:00,848599.3530555556,761953.844986693
2024-03-17 11:00:00+00:00,1054335.4094444443,1054335.4094444443
2024-03-17 12:00:00+00:00,977234.0411111112,952092.3916108334
2024-03-17 13:00:00+00:00,1104407.6075,967546.7862702969
2024-03-17 14:00:00+00:00,1010893.83,947118.919784981
2024-03-17 15:00:00+00:00,787089.9258333333,787089.9258333333
2024-03-17 16:00:00+00:00,701172.0161111112,854393.6208712448
2024-03-17 17:00:00+00:00,1026473.4080555557,1026473.4080555557
2024-03-17 18:00:00+00:00,789949.8830555555,789949.8830555555
2024-03-17 19:00:00+00:00,710769.6736111111,710769.6736111111
2024-03-17 20:00:00+00:00,748160.99,803856.2183280028
2024-03-17 21:00:00+00:00,974748.8619444444,974748.8619444444
2024-03-17 22:00:00+00:00,530387.8205555555,887962.5833077788
2024-03-17 23:00:00+00:00,511621.6294444445,511621.6294444445
2024-03-18 00:00:00+00:00,416182.1575,688207.5466602106
2024-03-18 01:00:00+00:00,368971.6227777778,368971.6227777778
2024-03-18 02:00:00+00:00,296051.1105555556,487997.02396566805
2024-03-18 03:00:00+00:00,160269.62305555557,160269.62305555557
2024-03-18 04:00:00+00:00,381090.9147222222,290116.41717967857
2024-03-18 05:00:00+00:00,521177.5888888889,521177.5888888889
2024-03-18 06:00:00+00:00,471399.0144444445,471399.0144444445
2024-03-18 07:00:00+00:00,939084.2169444443,433028.53085638135
2024-03-18 08:00:00+00:00,912612.4452777776,495000.0210627867
2024-03-18 09:00:00+00:00,853947.6833333333,575176.3522155033
2024-03-18 10:00:00+00:00,960156.0922222222,665617.0298394574
2024-03-18 11:00:00+00:00,989943.8683333332,989943.8683333332
2024-03-18 12:00:00+00:00,1744850.325,1744850.325
2024-03-18 13:00:00+00:00,870785.4161111111,1246702.7628081294
2024-03-18 14:00:00+00:00,697936.1580555555,697936.1580555555
2024-03-18 15:00:00+00:00,1213395.0630555556,1001120.2716924333
2024-03-18 16:00:00+00:00,710183.4388888889,710183.4388888889
2024-03-18 17:00:00+00:00,934867.0611111112,934867.0611111112
2024-03-18 18:00:00+00:00,974088.3880555556,974088.3880555556
2024-03-18 19:00:00+00:00,1231338.1594444443,1231338.1594444443
2024-03-18 20:00:00+00:00,648282.9244444445,648282.9244444445
2024-03-18 21:00:00+00:00,1806520.2833333332,1806520.2833333332
2024-03-18 22:00:00+00:00,558865.4766666667,1281138.264052831
2024-03-18 23:00:00+00:00,363862.085,363862.085
2024-03-19 00:00:00+00:00,323504.47694444447,323504.47694444447
2024-03-19 01:00:00+00:00,324886.11916666664,324886.11916666664
2024-03-19 02:00:00+00:00,251934.1213888889,486029.6091110762
2024-03-19 03:00:00+00:00,293488.8205555556,458171.92268135643
2024-03-19 04:00:00+00:00,616712.1169444445,616712.1169444445
2024-03-19 05:00:00+00:00,1310030.8258333334,1310030.8258333334
2024-03-19 06:00:00+00:00,1065880.4519444443,1065880.4519444443
2024-03-19 07:00:00+00:00,1039313.475,1039313.475
2024-03-19 08:00:00+00:00,1298591.6158333332,1298591.6158333332
2024-03-19 09:00:00+00:00,1359972.2708333333,1127033.5328275103
2024-03-19 10:00:00+00:00,1550458.9458333333,1550458.9458333333
2024-03-19 11:00:00+00:00,1280161.764166667,1384882.1265359807
2024-03-19 12:00:00+00:00,1277761.6222222222,1360713.0673295036
2024-03-19 13:00:00+00:00,1019626.2452777778,1250696.4348858232
2024-03-19 14:00:00+00:00,666506.0872222222,666506.0872222222
2024-03-19 15:00:00+00:00,867263.5997222222,867263.5997222222
2024-03-19 16:00:00+00:00,1118709.351388889,1118709.351388889
2024-03-19 17:00:00+00:00,933395.8244444444,989432.2014458508
2024-03-19 18:00:00+00:00,794475.7880555555,794475.7880555555
2024-03-19 19:00:00+00:00,1039916.4469444444,1039916.4469444444
2024-03-19 20:00:00+00:00,939847.5122222222,939847.5122222222
2024-03-19 21:00:00+00:00,798699.6594444445,798699.6594444445
2024-03-19 22:00:00+00:00,546547.1916666667,546547.1916666667
2024-03-19 23:00:00+00:00,302601.35777777777,302601.35777777777
2024-03-20 00:00:00+00:00,122955.68722222222,122955.68722222222
2024-03-20 01:00:00+00:00,266127.6161111111,266127.6161111111
2024-03-20 02:00:00+00:00,142323.44,320376.35331956274
2024-03-20 03:00:00+00:00,255090.37277777775,401553.88176901126
2024-03-20 04:00:00+00:00,577356.5244444445,552163.2761432992
2024-03-20 05:00:00+00:00,1227571.9180555556,1227571.9180555556
2024-03-20 06:00:00+00:00,951950.7052777776,951950.7052777776
2024-03-20 07:00:00+00:00,1316600.9811111111,1316600.9811111111
2024-03-20 08:00:00+00:00,840501.8394444444,840501.8394444444
2024-03-20 09:00:00+00:00,1036334.9705555557,993338.9877804522
2024-03-20 10:00:00+00:00,1382755.7577777775,1382755.7577777775
2024-03-20 11:00:00+00:00,942633.2402777778,1192283.3861566666
2024-03-20 12:00:00+00:00,1171911.4791666667,1171911.4791666667
2024-03-20 13:00:00+00:00,1207094.5975,1204313.7655314219
2024-03-20 14:00:00+00:00,909185.9558333332,909185.9558333332
2024-03-20 15:00:00+00:00,862981.8977777777,862981.8977777777
2024-03-20 16:00:00+00:00,576138.2436111111,576138.2436111111
2024-03-20 17:00:00+00:00,648315.9666666667,792651.514419203
2024-03-20 18:00:00+00:00,984220.5533333332,984220.5533333332
2024-03-20 19:00:00+00:00,1246932.9519444443,1246932.9519444443
2024-03-20 20:00:00+00:00,1205015.8372222222,1205015.8372222222
2024-03-20 21:00:00+00:00,729362.7902777778,729362.7902777778
2024-03-20 22:00:00+00:00,555000.0811111111,943875.2733478443
2024-03-20 23:00:00+00:00,488508.1280555556,488508.1280555556
2024-03-21 00:00:00+00:00,350308.03527777776,662885.0316888044
2024-03-21 01:00:00+00:00,227536.73611111112,547425.6816609954
2024-03-21 02:00:00+00:00,217512.3108333333,217512.3108333333
2024-03-21 03:00:00+00:00,220626.23472222223,220626.23472222223
2024-03-21 04:00:00+00:00,412612.0627777778,290529.3457763307
2024-03-21 05:00:00+00:00,671891.5308333334,325876.1003960072
2024-03-21 06:00:00+00:00,677654.7641666667,411642.2245599028
2024-03-21 07:00:00+00:00,1163487.4488888888,525836.0553645462
2024-03-21 08:00:00+00:00,975331.9502777776,975331.9502777776
2024-03-21 09:00:00+00:00,742373.2158333333,795317.3592686702
2024-03-21 10:00:00+00:00,735280.9463888889,735280.9463888889
2024-03-21 11:00:00+00:00,1324022.4558333333,783883.8815820175
2024-03-21 12:00:00+00:00,1341162.685,795885.4459959762
2024-03-21 13:00:00+00:00,963636.2125,963636.2125
2024-03-21 14:00:00+00:00,829599.2175,891588.92641037
2024-03-21 15:00:00+00:00,684684.8058333333,684684.8058333333
2024-03-21 16:00:00+00:00,387295.3961111111,387295.3961111111
2024-03-21 17:00:00+00:00,706601.2266666667,706601.2266666667
2024-03-21 18:00:00+00:00,1128825.009722222,1128825.009722222
2024-03-21 19:00:00+00:00,921988.3094444444,860499.0113790494
2024-03-21 20:00:00+00:00,536442.3452777778,536442.3452777778
2024-03-21 21:00:00+00:00,622996.1597222222,622996.1597222222
2024-03-21 22:00:00+00:00,572956.385,572956.385
2024-03-21 23:00:00+00:00,854894.2375,629559.904125073
2024-03-22 00:00:00+00:00,531444.7761111112,572547.8624728256
2024-03-22 01:00:00+00:00,512245.1744444444,508080.03375442483
2024-03-22 02:00:00+00:00,248008.0294444445,439408.4450642418
2024-03-22 03:00:00+00:00,202428.31444444443,202428.31444444443
2024-03-22 04:00:00+00:00,489115.90194444446,295988.5267509241
2024-03-22 05:00:00+00:00,862450.2366666667,390692.813006761
2024-03-22 06:00:00+00:00,1124560.3,579602.369190814
2024-03-22 07:00:00+00:00,1445167.453611111,1445167.453611111
2024-03-22 08:00:00+00:00,1039198.8583333332,1093599.81327034
2024-03-22 09:00:00+00:00,1328838.83,1328838.83
2024-03-22 10:00:00+00:00,1681523.5902777778,1268360.7764136887
2024-03-22 11:00:00+00:00,1185650.465,1185650.465
2024-03-22 12:00:00+00:00,1280108.9783333333,1229550.866464161
2024-03-22 13:00:00+00:00,737931.6675,737931.6675
2024-03-22 14:00:00+00:00,492608.3772222222,949269.7253023548
2024-03-22 15:00:00+00:00,401582.52777777775,848967.4379579904
2024-03-22 16:00:00+00:00,663735.8236111111,784292.5561540052
2024-03-22 17:00:00+00:00,505701.3508333333,739705.3002411886
2024-03-22 18:00:00+00:00,905667.5136111112,706443.9522305406
2024-03-22 19:00:00+00:00,626206.7558333334,626206.7558333334
2024-03-22 20:00:00+00:00,766666.4791666666,766666.4791666666
2024-03-22 21:00:00+00:00,1026602.0027777776,704435.3716237217
2024-03-22 22:00:00+00:00,812769.0702777777,812769.0702777777
2024-03-22 23:00:00+00:00,492541.9205555556,492541.9205555556
2024-03-23 00:00:00+00:00,302636.5469444444,650480.092320286
2024-03-23 01:00:00+00:00,316225.38944444444,556659.0236474702
2024-03-23 02:00:00+00:00,141585.5063888889,478827.9449998406
2024-03-23 03:00:00+00:00,126490.985,410012.4242565162
2024-03-23 04:00:00+00:00,206734.49777777775,206734.49777777775
2024-03-23 05:00:00+00:00,147358.15055555556,147358.15055555556
2024-03-23 06:00:00+00:00,590178.3858333334,590178.3858333334
2024-03-23 07:00:00+00:00,604473.2,604473.2
2024-03-23 08:00:00+00:00,373488.0566666666,373488.0566666666
2024-03-23 09:00:00+00:00,376150.68666666665,433760.0401917654
2024-03-23 10:00:00+00:00,641790.4375,421156.2895698657
2024-03-23 11:00:00+00:00,740417.5063888889,427735.35356263095
2024-03-23 12:00:00+00:00,660034.2644444444,445130.17013896
2024-03-23 13:00:00+00:00,550222.9452777777,468623.17961860984
2024-03-23 14:00:00+00:00,561743.3933333333,561743.3933333333
2024-03-23 15:00:00+00:00,812016.4091666667,524424.4350998304
2024-03-23 16:00:00+00:00,598770.99,610142.9021087538
2024-03-23 17:00:00+00:00,1039355.9955555556,1039355.9955555556
2024-03-23 18:00:00+00:00,648587.9016666666,863757.1782561217
2024-03-23 19:00:00+00:00,484667.46194444445,484667.46194444445
2024-03-23 20:00:00+00:00,516646.23027777777,673385.8758519975
2024-03-23 21:00:00+00:00,385690.4397222222,385690.4397222222
2024-03-23 22:00:00+00:00,758628.4080555555,489318.99014660495
2024-03-23 23:00:00+00:00,253393.35472222223,253393.35472222223
2024-03-24 00:00:00+00:00,225950.605,344661.4906986187
2024-03-24 01:00:00+00:00,194025.02583333332,301001.7414594906
2024-03-24 02:00:00+00:00,226907.09694444443,226907.09694444443
2024-03-24 03:00:00+00:00,320748.1769444444,252632.91521076465
2024-03-24 04:00:00+00:00,220052.515,248275.65273398525
2024-03-24 05:00:00+00:00,274115.4091666667,274115.4091666667
2024-03-24 06:00:00+00:00,438862.5022222222,262031.06002073592
2024-03-24 07:00:00+00:00,350673.14194444445,350673.14194444445
2024-03-24 08:00:00+00:00,568605.6666666666,568605.6666666666
2024-03-24 09:00:00+00:00,411610.3616666667,424533.96509711404
2024-03-24 10:00:00+00:00,364646.4519444445,364646.4519444445
2024-03-24 11:00:00+00:00,303516.13972222223,408764.0910187412
2024-03-24 12:00:00+00:00,440836.28027777775,440836.28027777775
2024-03-24 13:00:00+00:00,455422.47527777776,421272.02781706257
2024-03-24 14:00:00+00:00,712057.6613888888,423476.65214827756
2024-03-24 15:00:00+00:00,326368.31111111114,418390.8633970511
2024-03-24 16:00:00+00:00,382797.0719444445,382797.0719444445
2024-03-24 17:00:00+00:00,373631.18638888886,373631.18638888886
2024-03-24 18:00:00+00:00,454570.4733333333,454570.4733333333
2024-03-24 19:00:00+00:00,796562.6838888889,796562.6838888889
2024-03-24 20:00:00+00:00,406401.03277777776,406401.03277777776
2024-03-24 21:00:00+00:00,236702.8361111111,236702.8361111111
2024-03-24 22:00:00+00:00,346064.0375,346064.0375
2024-03-24 23:00:00+00:00,225931.8713888889,225931.8713888889
2024-03-25 00:00:00+00:00,265774.3069444444,307094.4019917774
2024-03-25 01:00:00+00:00,205585.60916666663,205585.60916666663
2024-03-25 02:00:00+00:00,275591.7444444444,275591.7444444444
2024-03-25 03:00:00+00:00,163494.30416666667,255725.49336658657
2024-03-25 04:00:00+00:00,271813.9813888889,292392.1162862738
2024-03-25 05:00:00+00:00,669699.4855555556,341067.1420971717
2024-03-25 06:00:00+00:00,532382.8966666666,532382.8966666666
2024-03-25 07:00:00+00:00,685879.7891666667,455775.9282514382
2024-03-25 08:00:00+00:00,861404.3844444444,861404.3844444444
2024-03-25 09:00:00+00:00,543721.5286111111,543721.5286111111
2024-03-25 10:00:00+00:00,513426.3572222222,513426.3572222222
2024-03-25 11:00:00+00:00,886889.1861111111,577644.465302121
2024-03-25 12:00:00+00:00,597863.8552777778,597863.8552777778
2024-03-25 13:00:00+00:00,511675.8555555556,511675.8555555556
2024-03-25 14:00:00+00:00,451889.4638888889,550792.6760365417
2024-03-25 15:00:00+00:00,847363.3380555556,553858.8477059484
2024-03-25 16:00:00+00:00,856239.0883333334,575715.5787807164
2024-03-25 17:00:00+00:00,655120.1347222222,608166.8991020372
2024-03-25 18:00:00+00:00,742408.3783333333,742408.3783333333
2024-03-25 19:00:00+00:00,753475.8891666667,753475.8891666667
2024-03-25 20:00:00+00:00,830535.3436111112,830535.3436111112
2024-03-25 21:00:00+00:00,1091409.775,1091409.775
2024-03-25 22:00:00+00:00,516353.6786111111,516353.6786111111
2024-03-25 23:00:00+00:00,279626.0622222222,279626.0622222222
2024-03-26 00:00:00+00:00,259739.1683333333,259739.1683333333
2024-03-26 01:00:00+00:00,352738.69194444444,416434.07958635077
2024-03-26 02:00:00+00:00,122389.12694444443,122389.12694444443
2024-03-26 03:00:00+00:00,331117.2225,232754.64913990023
2024-03-26 04:00:00+00:00,454329.2622222222,454329.2622222222
2024-03-26 05:00:00+00:00,1210418.990277778,1210418.990277778
2024-03-26 06:00:00+00:00,904251.6594444443,904251.6594444443
2024-03-26 07:00:00+00:00,769440.3572222223,801148.7716278022
2024-03-26 08:00:00+00:00,909292.8433333334,909292.8433333334
2024-03-26 09:00:00+00:00,975739.5644444444,874294.097475409
2024-03-26 10:00:00+00:00,1071612.5375,1071612.5375
2024-03-26 11:00:00+00:00,956871.3280555556,988925.9054926874
2024-03-26 12:00:00+00:00,1089006.2522222225,1089006.2522222225
2024-03-26 13:00:00+00:00,1067463.588611111,1067463.588611111
2024-03-26 14:00:00+00:00,615107.2738888889,1060465.650379888
2024-03-26 15:00:00+00:00,404107.5555555556,1027329.6160004752
2024-03-26 16:00:00+00:00,818560.9563888889,818560.9563888889
2024-03-26 17:00:00+00:00,988837.7602777778,988837.7602777778
2024-03-26 18:00:00+00:00,940206.5163888888,941755.2055144542
2024-03-26 19:00:00+00:00,852543.0527777778,910803.5933991179
2024-03-26 20:00:00+00:00,634705.6802777778,634705.6802777778
2024-03-26 21:00:00+00:00,696066.4933333333,696066.4933333333
2024-03-26 22:00:00+00:00,547744.6716666666,547744.6716666666
2024-03-26 23:00:00+00:00,424368.2858333333,648996.7075683271
2024-03-27 00:00:00+00:00,297639.69333333336,297639.69333333336
2024-03-27 01:00:00+00:00,209709.74194444445,440089.353950784
2024-03-27 02:00:00+00:00,105649.54916666666,359081.09955297865
2024-03-27 03:00:00+00:00,167815.92305555556,167815.92305555556
2024-03-27 04:00:00+00:00,518827.9452777778,239261.24695088677
2024-03-27 05:00:00+00:00,931774.3375,931774.3375
2024-03-27 06:00:00+00:00,978833.0502777778,978833.0502777778
2024-03-27 07:00:00+00:00,1095307.006111111,1095307.006111111
2024-03-27 08:00:00+00:00,925680.2505555556,925680.2505555556
2024-03-27 09:00:00+00:00,2271564.703333333,919561.4997648281
2024-03-27 10:00:00+00:00,1570645.1761111112,944297.6980440874
2024-03-27 11:00:00+00:00,1084206.7316666667,980311.9406235915
2024-03-27 12:00:00+00:00,1128051.8533333333,1128051.8533333333
2024-03-27 13:00:00+00:00,947832.2102777776,947832.2102777776
2024-03-27 14:00:00+00:00,667732.9325,1015948.5877974664
2024-03-27 15:00:00+00:00,449257.2555555556,983747.0380003266
2024-03-27 16:00:00+00:00,827326.9802777778,963100.0991964308
2024-03-27 17:00:00+00:00,924989.1125,924989.1125
2024-03-27 18:00:00+00:00,729352.4713888889,729352.4713888889
2024-03-27 19:00:00+00:00,689485.5113888889,689485.5113888889
2024-03-27 20:00:00+00:00,920980.3686111112,920980.3686111112
2024-03-27 21:00:00+00:00,999854.2269444444,840620.4780749192
2024-03-27 22:00:00+00:00,547373.1602777778,547373.1602777778
2024-03-27 23:00:00+00:00,616087.1011111111,616087.1011111111
2024-03-28 00:00:00+00:00,390853.4661111111,655807.9860446926
2024-03-28 01:00:00+00:00,170134.91416666663,170134.91416666663
2024-03-28 02:00:00+00:00,353341.8616666667,379365.4775176182
2024-03-28 03:00:00+00:00,314838.58555555553,314838.58555555553
2024-03-28 04:00:00+00:00,518413.2286111111,518413.2286111111
2024-03-28 05:00:00+00:00,855548.9986111111,855548.9986111111
2024-03-28 06:00:00+00:00,1598584.8080555554,1598584.8080555554
2024-03-28 07:00:00+00:00,1810286.695555556,1036466.4356736322
2024-03-28 08:00:00+00:00,818922.2994444445,818922.2994444445
2024-03-28 09:00:00+00:00,742268.0611111111,742268.0611111111
2024-03-28 10:00:00+00:00,1547005.4480555556,1547005.4480555556
2024-03-28 11:00:00+00:00,888124.5147222222,888124.5147222222
2024-03-28 12:00:00+00:00,893611.2480555555,1047111.854652881
2024-03-28 13:00:00+00:00,659346.3477777778,659346.3477777778
2024-03-28 14:00:00+00:00,757529.6736111111,757529.6736111111
2024-03-28 15:00:00+00:00,644220.43,787535.395515307
2024-03-28 16:00:00+00:00,662024.9336111111,662024.9336111111
2024-03-28 17:00:00+00:00,512479.5444444445,512479.5444444445
2024-03-28 18:00:00+00:00,617413.4122222222,617413.4122222222
2024-03-28 19:00:00+00:00,1008959.3908333334,1008959.3908333334
2024-03-28 20:00:00+00:00,488679.6269444444,790898.4895446117
2024-03-28 21:00:00+00:00,591241.4044444445,591241.4044444445
2024-03-28 22:00:00+00:00,532649.8002777778,706076.0743745686
2024-03-28 23:00:00+00:00,680984.3466666667,680984.3466666667
2024-03-29 00:00:00+00:00,284040.7011111111,284040.7011111111
2024-03-29 01:00:00+00:00,377035.93638888886,377035.93638888886
2024-03-29 02:00:00+00:00,359645.06416666665,359645.06416666665
2024-03-29 03:00:00+00:00,180413.23722222223,180413.23722222223
2024-03-29 04:00:00+00:00,372703.70805555553,372703.70805555553
2024-03-29 05:00:00+00:00,345137.9330555556,345137.9330555556
2024-03-29 06:00:00+00:00,241378.6555555556,241378.6555555556
2024-03-29 07:00:00+00:00,614967.5452777778,614967.5452777778
2024-03-29 08:00:00+00:00,595659.2702777778,435931.3598853275
2024-03-29 09:00:00+00:00,503469.75916666666,503469.75916666666
2024-03-29 10:00:00+00:00,527757.8863888889,527757.8863888889
2024-03-29 11:00:00+00:00,503969.65777777776,503969.65777777776
2024-03-29 12:00:00+00:00,449361.8319444445,449361.8319444445
2024-03-29 13:00:00+00:00,561307.5208333334,481969.01476844365
2024-03-29 14:00:00+00:00,896177.3944444444,896177.3944444444
2024-03-29 15:00:00+00:00,649990.6808333333,709559.2044434329
2024-03-29 16:00:00+00:00,371156.1777777778,727174.4565586535
2024-03-29 17:00:00+00:00,457480.0888888889,457480.0888888889
2024-03-29 18:00:00+00:00,839626.5172222222,579178.0026756395
2024-03-29 19:00:00+00:00,507363.3597222222,502534.1509171599
2024-03-29 20:00:00+00:00,295419.3305555555,295419.3305555555
2024-03-29 21:00:00+00:00,296351.1372222222,296351.1372222222
2024-03-29 22:00:00+00:00,379154.93583333335,379154.93583333335
2024-03-29 23:00:00+00:00,157186.92638888888,357326.08575057087
2024-03-30 00:00:00+00:00,324116.9586111111,324116.9586111111
2024-03-30 01:00:00+00:00,150888.39722222224,150888.39722222224
2024-03-30 02:00:00+00:00,78168.10194444444,78168.10194444444
2024-03-30 03:00:00+00:00,76528.09611111111,76528.09611111111
2024-03-30 04:00:00+00:00,142679.07527777777,134725.11265081013
2024-03-30 05:00:00+00:00,246025.3930555556,246025.3930555556
2024-03-30 06:00:00+00:00,211821.6813888889,189801.24614309214
2024-03-30 07:00:00+00:00,217215.82444444444,217215.82444444444
2024-03-30 08:00:00+00:00,215226.5725,212043.28020651522
2024-03-30 09:00:00+00:00,268496.82944444445,268496.82944444445
2024-03-30 10:00:00+00:00,466757.03444444446,244244.64104298217
2024-03-30 11:00:00+00:00,357050.3466666667,357050.3466666667
2024-03-30 12:00:00+00:00,357412.59972222225,310300.73131050874
2024-03-30 13:00:00+00:00,521441.9552777778,521441.9552777778
2024-03-30 14:00:00+00:00,236408.46083333332,434106.30826631596
2024-03-30 15:00:00+00:00,1354292.7077777777,438485.48523763265
2024-03-30 16:00:00+00:00,289554.88416666666,289554.88416666666
2024-03-30 17:00:00+00:00,304955.7808333333,304955.7808333333
2024-03-30 18:00:00+00:00,383583.1997222222,383583.1997222222
2024-03-30 19:00:00+00:00,428508.6030555556,428508.6030555556
2024-03-30 20:00:00+00:00,286340.83,286340.83
2024-03-30 21:00:00+00:00,259525.0088888889,259525.0088888889
2024-03-30 22:00:00+00:00,250417.7613888889,306744.24514165736
2024-03-30 23:00:00+00:00,380476.52805555554,380476.52805555554
2024-03-31 00:00:00+00:00,129238.01138888887,129238.01138888887
2024-03-31 01:00:00+00:00,149301.9063888889,149301.9063888889
2024-03-31 02:00:00+00:00,71944.42694444445,71944.42694444445
2024-03-31 03:00:00+00:00,129571.3586111111,129571.3586111111
2024-03-31 04:00:00+00:00,136633.47972222223,136633.47972222223
2024-03-31 05:00:00+00:00,216326.6186111111,216326.6186111111
2024-03-31 06:00:00+00:00,432348.9425,172334.68549509457
2024-03-31 07:00:00+00:00,324963.3438888889,324963.3438888889
2024-03-31 08:00:00+00:00,428147.03527777776,428147.03527777776
2024-03-31 09:00:00+00:00,783871.4902777778,783871.4902777778
2024-03-31 10:00:00+00:00,473545.95666666667,473545.95666666667
2024-03-31 11:00:00+00:00,836017.0522222222,505845.2417925402
2024-03-31 12:00:00+00:00,512230.7761111111,502255.5188590302
2024-03-31 13:00:00+00:00,652105.6613888888,510729.95709085296
2024-03-31 14:00:00+00:00,569823.0641666667,569823.0641666667
2024-03-31 15:00:00+00:00,785500.0072222222,545118.1694031678
2024-03-31 16:00:00+00:00,836886.9225,836886.9225
2024-03-31 17:00:00+00:00,881727.1863888889,881727.1863888889
2024-03-31 18:00:00+00:00,932170.4397222224,932170.4397222224
2024-03-31 19:00:00+00:00,688874.7875,849549.0798291758
2024-03-31 20:00:00+00:00,635674.1997222222,635674.1997222222
2024-03-31 21:00:00+00:00,607410.0072222222,740122.8778697394
2024-03-31 22:00:00+00:00,286120.9880555556,286120.9880555556
2024-03-31 23:00:00+00:00,189781.4686111111,473429.79770965315
2024-04-01 00:00:00+00:00,113038.88833333334,378998.7589306532
2024-04-01 01:00:00+00:00,216483.84027777775,313024.52842876903
2024-04-01 02:00:00+00:00,169363.78916666663,169363.78916666663
2024-04-01 03:00:00+00:00,357768.0711111111,222211.7775605613
2024-04-01 04:00:00+00:00,394934.7880555556,394934.7880555556
2024-04-01 05:00:00+00:00,597708.9636111112,597708.9636111112
2024-04-01 06:00:00+00:00,684544.5788888889,684544.5788888889
2024-04-01 07:00:00+00:00,469936.58694444445,544849.964108041
2024-04-01 08:00:00+00:00,558673.4280555556,567145.2086336539
2024-04-01 09:00:00+00:00,418806.87,418806.87
2024-04-01 10:00:00+00:00,577538.7644444444,487747.4120512825
2024-04-01 11:00:00+00:00,806134.35,806134.35
2024-04-01 12:00:00+00:00,809207.7288888888,657292.5207787969
2024-04-01 13:00:00+00:00,458439.87416666665,458439.87416666665
2024-04-01 14:00:00+00:00,662904.6819444444,564408.5007382805
2024-04-01 15:00:00+00:00,766881.3152777777,766881.3152777777
2024-04-01 16:00:00+00:00,1179907.5158333334,664588.5197048623
2024-04-01 17:00:00+00:00,1896814.861111111,1896814.861111111
2024-04-01 18:00:00+00:00,467174.7816666667,1366151.4207599233
2024-04-01 19:00:00+00:00,690125.4547222222,690125.4547222222
2024-04-01 20:00:00+00:00,881686.3841666667,881686.3841666667
2024-04-01 21:00:00+00:00,243290.86944444448,978509.3912084955
2024-04-01 22:00:00+00:00,175730.63222222222,918946.87989305
2024-04-01 23:00:00+00:00,96712.02611111112,868033.2933389538
2024-04-02 00:00:00+00:00,184958.61222222223,821996.1877503305
2024-04-02 01:00:00+00:00,362618.4975,778708.5645844116
2024-04-02 02:00:00+00:00,643285.4936111111,643285.4936111111
2024-04-02 03:00:00+00:00,735008.6713888888,735008.6713888888
2024-04-02 04:00:00+00:00,1008165.3302777776,713075.4000310784
2024-04-02 05:00:00+00:00,655011.0680555556,655011.0680555556
2024-04-02 06:00:00+00:00,691004.61,683306.4064661633
2024-04-02 07:00:00+00:00,800806.3444444444,800806.3444444444
2024-04-02 08:00:00+00:00,677349.5530555556,745525.8098642817
2024-04-02 09:00:00+00:00,815685.6638888889,815685.6638888889
2024-04-02 10:00:00+00:00,737264.2483333333,737264.2483333333
2024-04-02 11:00:00+00:00,1387605.0086111112,767873.2292942805
2024-04-02 12:00:00+00:00,656696.5938888888,721994.686430926
2024-04-02 13:00:00+00:00,559362.1575,663599.5379015877
2024-04-02 14:00:00+00:00,438964.875,438964.875
2024-04-02 15:00:00+00:00,808158.7986111111,808158.7986111111
2024-04-02 16:00:00+00:00,1115752.862222222,1115752.862222222
2024-04-02 17:00:00+00:00,859068.4827777778,859068.4827777778
2024-04-02 18:00:00+00:00,1014816.3058333332,1014816.3058333332
2024-04-02 19:00:00+00:00,389700.7766666667,389700.7766666667
2024-04-02 20:00:00+00:00,161956.34833333333,161956.34833333333
2024-04-02 21:00:00+00:00,399720.27166666667,399720.27166666667
2024-04-02 22:00:00+00:00,213896.61583333332,434050.210758498
2024-04-02 23:00:00+00:00,180182.51666666663,180182.51666666663
2024-04-03 00:00:00+00:00,253732.23222222223,287881.800772417
2024-04-03 01:00:00+00:00,329744.03194444446,279219.3828142595
2024-04-03 02:00:00+00:00,443700.47444444447,443700.47444444447
2024-04-03 03:00:00+00:00,1062246.1597222222,369810.13639657944
2024-04-03 04:00:00+00:00,721651.6972222222,486402.6990421666
2024-04-03 05:00:00+00:00,733963.3672222223,636503.9663082638
2024-04-03 06:00:00+00:00,1217366.7705555556,1217366.7705555556
2024-04-03 07:00:00+00:00,1193323.5494444445,1193323.5494444445
2024-04-03 08:00:00+00:00,775572.5191666667,1075947.2413154868
2024-04-03 09:00:00+00:00,927038.9361111112,1082373.6631655847
2024-04-03 10:00:00+00:00,885395.3941666667,885395.3941666667
2024-04-03 11:00:00+00:00,1052243.5158333334,1052243.5158333334
2024-04-03 12:00:00+00:00,900502.7694444444,1007708.9857716906
2024-04-03 13:00:00+00:00,658641.08,658641.08
2024-04-03 14:00:00+00:00,828236.4155555556,828236.4155555556
2024-04-03 15:00:00+00:00,793566.5686111111,822469.3437563621
2024-04-03 16:00:00+00:00,738281.6416666667,738281.6416666667
2024-04-03 17:00:00+00:00,978928.5322222222,978928.5322222222
2024-04-03 18:00:00+00:00,1028141.1386111112,1028141.1386111112
2024-04-03 19:00:00+00:00,798549.5911111111,798549.5911111111
2024-04-03 20:00:00+00:00,561407.5394444445,561407.5394444445
2024-04-03 21:00:00+00:00,451892.32972222223,451892.32972222223
2024-04-03 22:00:00+00:00,469873.5516666667,469873.5516666667
2024-04-03 23:00:00+00:00,491079.9683333333,491079.9683333333
2024-04-04 00:00:00+00:00,625388.2794444445,625388.2794444445
2024-04-04 01:00:00+00:00,281468.8147222222,281468.8147222222
2024-04-04 02:00:00+00:00,506292.9136111111,506292.9136111111
2024-04-04 03:00:00+00:00,898305.1952777777,470838.8613277053
2024-04-04 04:00:00+00:00,1092849.3394444445,547038.8998770585
2024-04-04 05:00:00+00:00,924032.7202777778,924032.7202777778
2024-04-04 06:00:00+00:00,1002022.5416666666,1002022.5416666666
2024-04-04 07:00:00+00:00,866361.4911111111,871169.9550043403
2024-04-04 08:00:00+00:00,1019952.1230555556,1019952.1230555556
2024-04-04 09:00:00+00:00,844578.9930555555,970449.7786109311
2024-04-04 10:00:00+00:00,980039.1638888888,978310.0305483146
2024-04-04 11:00:00+00:00,925507.7063888888,925507.7063888888
2024-04-04 12:00:00+00:00,849127.4797222222,950035.6232743701
2024-04-04 13:00:00+00:00,499321.8558333333,499321.8558333333
2024-04-04 14:00:00+00:00,708181.7927777778,695008.3682601195
2024-04-04 15:00:00+00:00,910188.1858333332,910188.1858333332
2024-04-04 16:00:00+00:00,1222543.1230555556,791261.3600010341
2024-04-04 17:00:00+00:00,778034.6686111111,778034.6686111111
2024-04-04 18:00:00+00:00,912922.2436111112,912922.2436111112
2024-04-04 19:00:00+00:00,875083.8402777778,848402.1518686619
2024-04-04 20:00:00+00:00,452802.2991666667,802476.2816045271
2024-04-04 21:00:00+00:00,370928.3363888889,702514.2085909427
2024-04-04 22:00:00+00:00,233672.5572222222,233672.5572222222
2024-04-04 23:00:00+00:00,226803.96166666667,226803.96166666667
2024-04-05 00:00:00+00:00,321891.10194444447,321891.10194444447
2024-04-05 01:00:00+00:00,365981.0388888889,365981.0388888889
2024-04-05 02:00:00+00:00,532223.1569444444,532223.1569444444
2024-04-05 03:00:00+00:00,852584.1194444444,852584.1194444444
2024-04-05 04:00:00+00:00,944045.7833333332,944045.7833333332
2024-04-05 05:00:00+00:00,1019159.8316666668,1019159.8316666668
2024-04-05 06:00:00+00:00,1191013.9105555555,1191013.9105555555
2024-04-05 07:00:00+00:00,883923.6555555556,883923.6555555556
2024-04-05 08:00:00+00:00,1373815.943888889,955503.7302750141
2024-04-05 09:00:00+00:00,879029.0291666667,916931.9977471821
2024-04-05 10:00:00+00:00,1345107.8841666668,887833.984966879
2024-04-05 11:00:00+00:00,816516.7361111111,816516.7361111111
2024-04-05 12:00:00+00:00,916159.4525,843332.6853096439
2024-04-05 13:00:00+00:00,859389.1947222222,859389.1947222222
2024-04-05 14:00:00+00:00,606307.5494444445,606307.5494444445
2024-04-05 15:00:00+00:00,760381.2786111111,760381.2786111111
2024-04-05 16:00:00+00:00,834255.55,834255.55
2024-04-05 17:00:00+00:00,801454.4266666666,787125.9102019585
2024-04-05 18:00:00+00:00,758951.3722222223,758951.3722222223
2024-04-05 19:00:00+00:00,707980.8716666667,777167.663783231
2024-04-05 20:00:00+00:00,682122.0483333333,682122.0483333333
2024-04-05 21:00:00+00:00,520909.4444444445,520909.4444444445
2024-04-05 22:00:00+00:00,550545.5469444444,550545.5469444444
2024-04-05 23:00:00+00:00,525996.2011111111,525996.2011111111
2024-04-06 00:00:00+00:00,209592.12027777775,566421.0932059115
2024-04-06 01:00:00+00:00,395647.925,395647.925
2024-04-06 02:00:00+00:00,192887.49138888888,192887.49138888888
2024-04-06 03:00:00+00:00,453547.14166666666,453547.14166666666
2024-04-06 04:00:00+00:00,427364.72,393391.5397208374
2024-04-06 05:00:00+00:00,469851.8047222222,426889.6590265073
2024-04-06 06:00:00+00:00,503479.5644444444,503479.5644444444
2024-04-06 07:00:00+00:00,749771.7083333334,475038.49587398476
2024-04-06 08:00:00+00:00,527890.3661111111,527890.3661111111
2024-04-06 09:00:00+00:00,819514.8386111112,819514.8386111112
2024-04-06 10:00:00+00:00,559717.1630555555,559717.1630555555
2024-04-06 11:00:00+00:00,776334.3311111111,607195.1550963868
2024-04-06 12:00:00+00:00,720097.0291666667,720097.0291666667
2024-04-06 13:00:00+00:00,755852.075,664484.845886966
2024-04-06 14:00:00+00:00,708493.8377777778,708493.8377777778
2024-04-06 15:00:00+00:00,920770.5805555556,920770.5805555556
2024-04-06 16:00:00+00:00,667116.0352777778,793999.9275794022
2024-04-06 17:00:00+00:00,1061454.4388888888,771722.0102234404
2024-04-06 18:00:00+00:00,574173.935,681589.0681737221
2024-04-06 19:00:00+00:00,209385.3558333333,209385.3558333333
2024-04-06 20:00:00+00:00,229025.1505555556,229025.1505555556
2024-04-06 21:00:00+00:00,302776.58,327249.276478174
2024-04-06 22:00:00+00:00,236163.27138888888,310036.5391124278
2024-04-06 23:00:00+00:00,405308.7502777778,405308.7502777778
2024-04-07 00:00:00+00:00,172169.0961111111,360570.90514414344
2024-04-07 01:00:00+00:00,283465.09555555554,283465.09555555554
2024-04-07 02:00:00+00:00,287085.0338888889,287085.0338888889
2024-04-07 03:00:00+00:00,509295.9477777778,509295.9477777778
2024-04-07 04:00:00+00:00,465078.4461111111,465078.4461111111
2024-04-07 05:00:00+00:00,317018.9586111111,317018.9586111111
2024-04-07 06:00:00+00:00,323465.5569444444,323465.5569444444
2024-04-07 07:00:00+00:00,522602.9927777778,354411.8029496822
2024-04-07 08:00:00+00:00,605240.0916666667,341785.1807791939
2024-04-07 09:00:00+00:00,329458.7027777778,329458.7027777778
2024-04-07 10:00:00+00:00,544837.8841666667,332885.9839638173
2024-04-07 11:00:00+00:00,465457.7313888889,465457.7313888889
2024-04-07 12:00:00+00:00,424353.8041666666,424353.8041666666
2024-04-07 13:00:00+00:00,340115.0461111111,340115.0461111111
2024-04-07 14:00:00+00:00,388000.58805555553,381964.02984483767
2024-04-07 15:00:00+00:00,506162.2075,506162.2075
2024-04-07 16:00:00+00:00,347225.83472222224,347225.83472222224
2024-04-07 17:00:00+00:00,297481.25916666666,403064.95375748374
2024-04-07 18:00:00+00:00,296720.4875,296720.4875
2024-04-07 19:00:00+00:00,837086.3833333333,837086.3833333333
2024-04-07 20:00:00+00:00,552278.9069444444,552278.9069444444
2024-04-07 21:00:00+00:00,436113.9675,436113.9675
2024-04-07 22:00:00+00:00,140709.235,502468.4460894645
2024-04-07 23:00:00+00:00,139665.5225,139665.5225
2024-04-08 00:00:00+00:00,118512.86805555556,118512.86805555556
2024-04-08 01:00:00+00:00,146646.18,216020.49824333246
2024-04-08 02:00:00+00:00,333658.5808333333,333658.5808333333
2024-04-08 03:00:00+00:00,371825.7544444445,269806.580227384
2024-04-08 04:00:00+00:00,419473.64944444445,363490.58050866425
2024-04-08 05:00:00+00:00,786458.795,786458.795
2024-04-08 06:00:00+00:00,697705.9733333334,614879.2236713767
2024-04-08 07:00:00+00:00,628406.4158333334,628406.4158333334
2024-04-08 08:00:00+00:00,482191.4494444445,643540.7610402007
2024-04-08 09:00:00+00:00,1456079.0713888889,1456079.0713888889
2024-04-08 10:00:00+00:00,552431.9066666666,1096000.8935646426
2024-04-08 11:00:00+00:00,604109.5038888889,604109.5038888889
2024-04-08 12:00:00+00:00,487290.6166666666,865242.0500018985
2024-04-08 13:00:00+00:00,761480.1741666667,761480.1741666667
2024-04-08 14:00:00+00:00,406086.3425,775115.147742237
2024-04-08 15:00:00+00:00,313868.99416666664,791237.9286242384
2024-04-08 16:00:00+00:00,913277.1794444444,913277.1794444444
2024-04-08 17:00:00+00:00,427837.3597222222,427837.3597222222
2024-04-08 18:00:00+00:00,449690.6825,449690.6825
2024-04-08 19:00:00+00:00,592604.7977777778,575400.8910869246
2024-04-08 20:00:00+00:00,388826.7975,479947.6866950836
2024-04-08 21:00:00+00:00,170296.55055555556,170296.55055555556
2024-04-08 22:00:00+00:00,213514.16305555555,213514.16305555555
2024-04-08 23:00:00+00:00,273118.7825,257562.18720592922
2024-04-09 00:00:00+00:00,97914.1588888889,97914.1588888889
2024-04-09 01:00:00+00:00,431442.9841666667,431442.9841666667
2024-04-09 02:00:00+00:00,380531.6311111111,380531.6311111111
2024-04-09 03:00:00+00:00,742020.4227777778,323861.08648628445
2024-04-09 04:00:00+00:00,765187.2761111112,765187.2761111112
2024-04-09 05:00:00+00:00,678975.3630555555,577591.7490353525
2024-04-09 06:00:00+00:00,729222.9508333333,729222.9508333333
2024-04-09 07:00:00+00:00,792243.4394444445,685441.868121123
2024-04-09 08:00:00+00:00,717859.6030555556,717859.6030555556
2024-04-09 09:00:00+00:00,703287.6705555556,703287.6705555556
2024-04-09 10:00:00+00:00,552122.9097222222,552122.9097222222
2024-04-09 11:00:00+00:00,722973.84,639153.8645417623
2024-04-09 12:00:00+00:00,416034.92277777777,598725.1478125585
2024-04-09 13:00:00+00:00,535148.0694444445,535148.0694444445
2024-04-09 14:00:00+00:00,401193.75138888886,401193.75138888886
2024-04-09 15:00:00+00:00,672711.7386111111,672711.7386111111
2024-04-09 16:00:00+00:00,1056548.1875,569074.428207346
2024-04-09 17:00:00+00:00,721841.5563888889,721841.5563888889
2024-04-09 18:00:00+00:00,396441.6461111111,667235.9178680616
2024-04-09 19:00:00+00:00,418596.07,636690.0156461954
2024-04-09 20:00:00+00:00,145090.2122222222,565103.9583981092
2024-04-09 21:00:00+00:00,223293.73138888887,223293.73138888887
2024-04-09 22:00:00+00:00,293217.9225,362606.2897274487
2024-04-09 23:00:00+00:00,234552.31027777775,305226.29889090965
2024-04-10 00:00:00+00:00,246573.2613888889,246573.2613888889
2024-04-10 01:00:00+00:00,454840.28055555554,454840.28055555554
2024-04-10 02:00:00+00:00,1015500.435,346851.05913855246
2024-04-10 03:00:00+00:00,849144.9788888888,445416.3442045168
2024-04-10 04:00:00+00:00,808802.1872222222,808802.1872222222
2024-04-10 05:00:00+00:00,617270.5394444445,664266.0925720461
2024-04-10 06:00:00+00:00,990761.23,709107.605560613
2024-04-10 07:00:00+00:00,683612.7105555555,683612.7105555555
2024-04-10 08:00:00+00:00,620274.5294444445,701979.9698640961
2024-04-10 09:00:00+00:00,1072238.6808333334,1072238.6808333334
2024-04-10 10:00:00+00:00,673161.911111111,906747.2130047673
2024-04-10 11:00:00+00:00,410703.6236111112,940522.5315242924
2024-04-10 12:00:00+00:00,381756.9847222222,921158.0001897686
2024-04-10 13:00:00+00:00,646663.3088888889,871831.8871012441
2024-04-10 14:00:00+00:00,567502.6441666667,805612.6818480404
2024-04-10 15:00:00+00:00,768572.5463888888,729868.7270262917
2024-04-10 16:00:00+00:00,455845.2677777778,455845.2677777778
2024-04-10 17:00:00+00:00,853593.8419444445,853593.8419444445
2024-04-10 18:00:00+00:00,682933.5536111111,690658.806224405
2024-04-10 19:00:00+00:00,509275.1597222223,509275.1597222223
2024-04-10 20:00:00+00:00,436148.5972222223,436148.5972222223
2024-04-10 21:00:00+00:00,356626.9088888889,356626.9088888889
2024-04-10 22:00:00+00:00,483046.29277777777,456500.0017427628
2024-04-10 23:00:00+00:00,337083.9136111111,447268.90581095073
2024-04-11 00:00:00+00:00,383723.0436111111,476395.2213567098
2024-04-11 01:00:00+00:00,279153.62888888887,527148.408694797
2024-04-11 02:00:00+00:00,558469.7111111111,590095.3694264641
2024-04-11 03:00:00+00:00,828882.9711111111,828882.9711111111
2024-04-11 04:00:00+00:00,770516.1169444445,770516.1169444445
2024-04-11 05:00:00+00:00,1043518.3444444444,749710.897391818
2024-04-11 06:00:00+00:00,935916.2316666668,935916.2316666668
2024-04-11 07:00:00+00:00,586182.0080555555,856383.6638531005
2024-04-11 08:00:00+00:00,575532.8430555556,575532.8430555556
2024-04-11 09:00:00+00:00,746123.3947222222,746123.3947222222
2024-04-11 10:00:00+00:00,772705.6644444445,725264.9449443801
2024-04-11 11:00:00+00:00,707199.3077777778,707199.3077777778
2024-04-11 12:00:00+00:00,519092.075,519092.075
2024-04-11 13:00:00+00:00,504553.34777777776,504553.34777777776
2024-04-11 14:00:00+00:00,373592.8919444445,373592.8919444445
2024-04-11 15:00:00+00:00,1211460.3447222223,1211460.3447222223
2024-04-11 16:00:00+00:00,613112.1186111111,803361.8418974824
2024-04-11 17:00:00+00:00,597595.2497222222,857897.2644605092
2024-04-11 18:00:00+00:00,362258.1116666667,362258.1116666667
2024-04-11 19:00:00+00:00,287445.10083333333,589434.9184453508
2024-04-11 20:00:00+00:00,522263.39694444445,522263.39694444445
2024-04-11 21:00:00+00:00,302337.7777777777,302337.7777777777
2024-04-11 22:00:00+00:00,241906.39666666667,241906.39666666667
2024-04-11 23:00:00+00:00,248778.7797222222,346426.9547816269
2024-04-12 00:00:00+00:00,564801.2622222222,564801.2622222222
2024-04-12 01:00:00+00:00,329490.44916666666,455676.1628401587
2024-04-12 02:00:00+00:00,445881.85444444447,539002.1865300485
2024-04-12 03:00:00+00:00,600170.0086111111,621711.8867077077
2024-04-12 04:00:00+00:00,892453.28,892453.28
2024-04-12 05:00:00+00:00,810309.0627777778,810309.0627777778
2024-04-12 06:00:00+00:00,872787.6552777778,796738.5244561225
2024-04-12 07:00:00+00:00,1106859.1869444444,1106859.1869444444
2024-04-12 08:00:00+00:00,1096258.3777777778,971807.4685355751
2024-04-12 09:00:00+00:00,1209570.6444444444,1209570.6444444444
2024-04-12 10:00:00+00:00,1231475.975,1121356.2994022262
2024-04-12 11:00:00+00:00,693702.2863888888,693702.2863888888
2024-04-12 12:00:00+00:00,713512.6380555555,713512.6380555555
2024-04-12 13:00:00+00:00,530282.9416666667,530282.9416666667
2024-04-12 14:00:00+00:00,597412.0858333333,690678.5233111002
2024-04-12 15:00:00+00:00,529586.9152777778,529586.9152777778
2024-04-12 16:00:00+00:00,925840.3063888889,925840.3063888889
2024-04-12 17:00:00+00:00,540128.4330555556,540128.4330555556
2024-04-12 18:00:00+00:00,431837.1477777778,431837.1477777778
2024-04-12 19:00:00+00:00,1081717.6969444444,1081717.6969444444
2024-04-12 20:00:00+00:00,683978.6063888889,783997.8942863273
2024-04-12 21:00:00+00:00,319952.92833333334,319952.92833333334
2024-04-12 22:00:00+00:00,219475.06277777776,561141.2622795922
2024-04-12 23:00:00+00:00,84525.9075,84525.9075
2024-04-13 00:00:00+00:00,208855.8355555556,264990.190465318
2024-04-13 01:00:00+00:00,360528.7186111111,242873.00818345035
2024-04-13 02:00:00+00:00,473797.3286111111,473797.3286111111
2024-04-13 03:00:00+00:00,443983.9858333333,443983.9858333333
2024-04-13 04:00:00+00:00,451806.87583333335,451806.87583333335
2024-04-13 05:00:00+00:00,543975.8,543975.8
2024-04-13 06:00:00+00:00,758200.4258333333,475987.77367568424
2024-04-13 07:00:00+00:00,525587.8061111111,510863.32884922705
2024-04-13 08:00:00+00:00,1588429.5352777778,535747.9279766375
2024-04-13 09:00:00+00:00,591854.6255555556,591854.6255555556
2024-04-13 10:00:00+00:00,833473.4733333334,833473.4733333334
2024-04-13 11:00:00+00:00,781869.9008333334,781869.9008333334
2024-04-13 12:00:00+00:00,2433918.018888889,2433918.018888889
2024-04-13 13:00:00+00:00,786710.1619444444,1471824.3454333954
2024-04-13 14:00:00+00:00,932471.7130555556,932471.7130555556
2024-04-13 15:00:00+00:00,822529.045,822529.045
2024-04-13 16:00:00+00:00,611946.4677777778,611946.4677777778
2024-04-13 17:00:00+00:00,566703.4525,878826.9194511229
2024-04-13 18:00:00+00:00,395724.6358333333,761333.8879776391
2024-04-13 19:00:00+00:00,604473.6844444445,604473.6844444445
2024-04-13 20:00:00+00:00,377548.2963888889,654951.9328090068
2024-04-13 21:00:00+00:00,321482.4125,321482.4125
2024-04-13 22:00:00+00:00,161166.3486111111,462289.4642112815
2024-04-13 23:00:00+00:00,390847.5730555556,390847.5730555556
2024-04-14 00:00:00+00:00,258484.60333333333,258484.60333333333
2024-04-14 01:00:00+00:00,535425.4152777778,535425.4152777778
2024-04-14 02:00:00+00:00,469514.0908333333,425865.67179981916
2024-04-14 03:00:00+00:00,485134.9602777778,479624.23635589244
2024-04-14 04:00:00+00:00,1144268.5713888889,515906.0206250267
2024-04-14 05:00:00+00:00,590186.5286111111,590186.5286111111
2024-04-14 06:00:00+00:00,790311.6730555556,563206.0472725296
2024-04-14 07:00:00+00:00,764579.6288888889,764579.6288888889
2024-04-14 08:00:00+00:00,497409.7480555556,679119.288034247
2024-04-14 09:00:00+00:00,639216.7602777778,682429.9629988255
2024-04-14 10:00:00+00:00,530969.3461111111,530969.3461111111
2024-04-14 11:00:00+00:00,531342.5205555556,531342.5205555556
2024-04-14 12:00:00+00:00,485093.8669444444,485093.8669444444
2024-04-14 13:00:00+00:00,650118.0538888889,650118.0538888889
2024-04-14 14:00:00+00:00,882579.0802777777,882579.0802777777
2024-04-14 15:00:00+00:00,979228.7811111112,979228.7811111112
2024-04-14 16:00:00+00:00,872216.3411111111,872216.3411111111
2024-04-14 17:00:00+00:00,934466.4077777778,848269.7570821106
2024-04-14 18:00:00+00:00,611328.9358333333,611328.9358333333
2024-04-14 19:00:00+00:00,456057.72444444447,456057.72444444447
2024-04-14 20:00:00+00:00,438745.13083333336,604159.8924256893
2024-04-14 21:00:00+00:00,471066.18833333335,471066.18833333335
2024-04-14 22:00:00+00:00,137950.1013888889,137950.1013888889
2024-04-14 23:00:00+00:00,177063.565,177063.565
2024-04-15 00:00:00+00:00,160440.4727777778,273771.322254455
2024-04-15 01:00:00+00:00,220648.42472222223,220648.42472222223
2024-04-15 02:00:00+00:00,430708.6608333333,430708.6608333333
2024-04-15 03:00:00+00:00,718452.7469444445,318771.4094539264
2024-04-15 04:00:00+00:00,641035.1172222223,412727.00890623324
2024-04-15 05:00:00+00:00,1056497.9891666668,510832.9164980582
2024-04-15 06:00:00+00:00,807441.8344444444,611278.8720382308
2024-04-15 07:00:00+00:00,948062.8511111112,948062.8511111112
2024-04-15 08:00:00+00:00,680743.78,680743.78
2024-04-15 09:00:00+00:00,1293157.9116666666,756752.8498736054
2024-04-15 10:00:00+00:00,1864387.3761111111,716429.5677381301
2024-04-15 11:00:00+00:00,631428.4613888889,631428.4613888889
2024-04-15 12:00:00+00:00,491156.3875,662492.8528793762
2024-04-15 13:00:00+00:00,773507.0436111111,773507.0436111111
2024-04-15 14:00:00+00:00,1009014.4219444444,720745.3365374663
2024-04-15 15:00:00+00:00,612181.5891666666,694635.1263924056
2024-04-15 16:00:00+00:00,435636.5486111111,435636.5486111111
2024-04-15 17:00:00+00:00,534489.7613888889,545668.9607560778
2024-04-15 18:00:00+00:00,470693.1730555556,470693.1730555556
2024-04-15 19:00:00+00:00,472510.13972222223,490217.20876132837
2024-04-15 20:00:00+00:00,227465.71277777775,227465.71277777775
2024-04-15 21:00:00+00:00,165202.14055555555,165202.14055555555
2024-04-15 22:00:00+00:00,210258.1197222222,210258.1197222222
2024-04-15 23:00:00+00:00,111908.37916666668,240709.22830952329
2024-04-16 00:00:00+00:00,182996.55694444448,182996.55694444448
2024-04-16 01:00:00+00:00,171973.44944444444,171973.44944444444
2024-04-16 02:00:00+00:00,601632.1194444444,190422.96987115953
2024-04-16 03:00:00+00:00,1114082.9547222222,276734.5740467902
2024-04-16 04:00:00+00:00,820971.0702777777,820971.0702777777
2024-04-16 05:00:00+00:00,715886.0530555556,594757.091998202
2024-04-16 06:00:00+00:00,1151084.5991666666,1151084.5991666666
2024-04-16 07:00:00+00:00,1247887.723888889,1247887.723888889
2024-04-16 08:00:00+00:00,1175921.2858333334,1070705.256618541
2024-04-16 09:00:00+00:00,1797169.4402777778,1797169.4402777778
2024-04-16 10:00:00+00:00,988610.7361111112,988610.7361111112
2024-04-16 11:00:00+00:00,799325.4958333333,1276203.9529874893
2024-04-16 12:00:00+00:00,1193767.6969444444,1193767.6969444444
2024-04-16 13:00:00+00:00,628920.3730555555,1194747.3283844204
2024-04-16 14:00:00+00:00,579266.2508333334,1090385.7775682497
2024-04-16 15:00:00+00:00,478910.44916666666,478910.44916666666
2024-04-16 16:00:00+00:00,530175.5547222223,731898.4412200421
2024-04-16 17:00:00+00:00,658258.3122222222,658258.3122222222
2024-04-16 18:00:00+00:00,479645.6147222222,659615.2344900267
2024-04-16 19:00:00+00:00,6305595.578611111,6305595.578611111
2024-04-16 20:00:00+00:00,321246.51194444444,3816330.915404301
2024-04-16 21:00:00+00:00,415495.8691666666,415495.8691666666
2024-04-16 22:00:00+00:00,338295.6130555556,338295.6130555556
2024-04-16 23:00:00+00:00,121929.2838888889,121929.2838888889
2024-04-17 00:00:00+00:00,258241.87666666668,258241.87666666668
2024-04-17 01:00:00+00:00,284116.9286111111,284116.9286111111
2024-04-17 02:00:00+00:00,640235.4522222222,640235.4522222222
2024-04-17 03:00:00+00:00,938788.695,938788.695
2024-04-17 04:00:00+00:00,2037962.0202777777,2037962.0202777777
2024-04-17 05:00:00+00:00,3583214.7419444444,3583214.7419444444
2024-04-17 06:00:00+00:00,3920034.3372222222,3920034.3372222222
2024-04-17 07:00:00+00:00,3552282.716111111,3001164.6892392123
2024-04-17 08:00:00+00:00,1267565.8780555555,1267565.8780555555
2024-04-17 09:00:00+00:00,1158540.736388889,1158540.736388889
2024-04-17 10:00:00+00:00,970943.7111111112,1714635.803868224
2024-04-17 11:00:00+00:00,827018.4119444444,1441502.2292970228
2024-04-17 12:00:00+00:00,948220.0291666668,948220.0291666668
2024-04-17 13:00:00+00:00,612300.265,612300.265
2024-04-17 14:00:00+00:00,608806.1097222222,899836.8052232888
2024-04-17 15:00:00+00:00,566785.3586111111,814386.2576709394
2024-04-17 16:00:00+00:00,682793.5630555556,806172.7640943675
2024-04-17 17:00:00+00:00,978810.7811111112,978810.7811111112
2024-04-17 18:00:00+00:00,553713.735,553713.735
2024-04-17 19:00:00+00:00,530832.9891666666,530832.9891666666
2024-04-17 20:00:00+00:00,457240.1355555556,457240.1355555556
2024-04-17 21:00:00+00:00,483459.08722222224,483459.08722222224
2024-04-17 22:00:00+00:00,273914.37166666664,531308.9985115379
2024-04-17 23:00:00+00:00,399353.4372222222,399353.4372222222
2024-04-18 00:00:00+00:00,267575.59555555554,451643.84398566396
2024-04-18 01:00:00+00:00,332202.32194444444,455758.80116171535
2024-04-18 02:00:00+00:00,584527.2302777778,584527.2302777778
2024-04-18 03:00:00+00:00,748043.9441666667,748043.9441666667
2024-04-18 04:00:00+00:00,770205.6519444444,624210.0524372095
2024-04-18 05:00:00+00:00,829884.4016666666,829884.4016666666
2024-04-18 06:00:00+00:00,3039380.1225,3039380.1225
2024-04-18 07:00:00+00:00,862722.8352777777,1751072.048681226
2024-04-18 08:00:00+00:00,888108.9716666667,2090771.5981114209
2024-04-18 09:00:00+00:00,800333.84,2060074.6529629102
2024-04-18 10:00:00+00:00,1001407.8586111112,1001407.8586111112
2024-04-18 11:00:00+00:00,747636.7413888889,747636.7413888889
2024-04-18 12:00:00+00:00,642372.8483333334,642372.8483333334
2024-04-18 13:00:00+00:00,629726.6744444445,929217.2660840293
2024-04-18 14:00:00+00:00,545813.1511111112,545813.1511111112
2024-04-18 15:00:00+00:00,412166.7191666667,412166.7191666667
2024-04-18 16:00:00+00:00,664660.1108333333,664660.1108333333
2024-04-18 17:00:00+00:00,929071.6480555556,607305.2077067215
2024-04-18 18:00:00+00:00,386678.0727777778,386678.0727777778
2024-04-18 19:00:00+00:00,657642.1066666667,657642.1066666667
2024-04-18 20:00:00+00:00,1187792.316111111,563683.2525625833
2024-04-18 21:00:00+00:00,555970.5216666666,576651.8717037964
2024-04-18 22:00:00+00:00,350402.07722222223,555950.0312355816
2024-04-18 23:00:00+00:00,262146.37888888887,516263.940133362
2024-04-19 00:00:00+00:00,336510.9008333333,336510.9008333333
2024-04-19 01:00:00+00:00,302467.9241666667,409449.09381787915
2024-04-19 02:00:00+00:00,612669.0019444445,454231.13514971593
2024-04-19 03:00:00+00:00,863335.2425,863335.2425
2024-04-19 04:00:00+00:00,708133.8822222222,690094.892294663
2024-04-19 05:00:00+00:00,1657982.7291666667,787366.6716461417
2024-04-19 06:00:00+00:00,1012647.0627777778,1012647.0627777778
2024-04-19 07:00:00+00:00,1001548.5894444444,928790.8027618349
2024-04-19 08:00:00+00:00,737976.1797222223,938369.8520396883
2024-04-19 09:00:00+00:00,885005.5816666667,916773.8149557449
2024-04-19 10:00:00+00:00,1657807.9555555556,877600.4813366698
2024-04-19 11:00:00+00:00,703173.1991666667,703173.1991666667
2024-04-19 12:00:00+00:00,505190.665,773844.9710478587
2024-04-19 13:00:00+00:00,662284.86,697978.8163528324
2024-04-19 14:00:00+00:00,393382.99611111113,393382.99611111113
2024-04-19 15:00:00+00:00,516645.2325,516645.2325
2024-04-19 16:00:00+00:00,972905.1791666668,516060.8772739778
2024-04-19 17:00:00+00:00,1752601.5255555557,548635.6515129403
2024-04-19 18:00:00+00:00,738940.6511111112,738940.6511111112
2024-04-19 19:00:00+00:00,889830.9186111111,889830.9186111111
2024-04-19 20:00:00+00:00,382223.78444444446,382223.78444444446
2024-04-19 21:00:00+00:00,493001.4480555556,595432.4591388627
2024-04-19 22:00:00+00:00,192814.9125,527102.9007456109
2024-04-19 23:00:00+00:00,551880.8111111111,551880.8111111111
2024-04-20 00:00:00+00:00,219557.2147222222,219557.2147222222
2024-04-20 01:00:00+00:00,257671.19305555557,257671.19305555557
2024-04-20 02:00:00+00:00,248871.7736111111,334901.5425404967
2024-04-20 03:00:00+00:00,662920.9927777778,662920.9927777778
2024-04-20 04:00:00+00:00,592026.6522222222,508813.21449970204
2024-04-20 05:00:00+00:00,1002804.9011111112,1002804.9011111112
2024-04-20 06:00:00+00:00,1185520.461666667,1185520.461666667
2024-04-20 07:00:00+00:00,495971.6325,495971.6325
2024-04-20 08:00:00+00:00,1033125.9769444444,763462.9087005768
2024-04-20 09:00:00+00:00,661518.8658333333,661518.8658333333
2024-04-20 10:00:00+00:00,872966.9108333334,872966.9108333334
2024-04-20 11:00:00+00:00,1380571.7069444444,1380571.7069444444
2024-04-20 12:00:00+00:00,900475.7233333334,1030983.5169302723
2024-04-20 13:00:00+00:00,851763.7994444445,851763.7994444445
2024-04-20 14:00:00+00:00,656196.4633333334,973761.4253312099
2024-04-20 15:00:00+00:00,914003.2730555556,901955.8939822939
2024-04-20 16:00:00+00:00,1155112.9372222223,842876.9018375778
2024-04-20 17:00:00+00:00,825369.5016666667,790973.452075074
2024-04-20 18:00:00+00:00,749106.9733333334,743115.7532942615
2024-04-20 19:00:00+00:00,595996.2494444444,595996.2494444444
2024-04-20 20:00:00+00:00,712848.1613888888,653248.6869313731
2024-04-20 21:00:00+00:00,550891.7586111111,594094.664755689
2024-04-20 22:00:00+00:00,339973.56138888886,526560.1950013125
2024-04-20 23:00:00+00:00,245290.90027777775,454300.6184588337
2024-04-21 00:00:00+00:00,204158.6230555556,204158.6230555556
2024-04-21 01:00:00+00:00,249534.28194444443,249534.28194444443
2024-04-21 02:00:00+00:00,260568.7486111111,279652.0208617517
2024-04-21 03:00:00+00:00,320389.6611111111,320389.6611111111
2024-04-21 04:00:00+00:00,1279818.9630555557,1279818.9630555557
2024-04-21 05:00:00+00:00,422527.7455555556,422527.7455555556
2024-04-21 06:00:00+00:00,925646.3791666668,594002.0240868976
2024-04-21 07:00:00+00:00,560526.6833333333,543956.1593617826
2024-04-21 08:00:00+00:00,592736.3725,592736.3725
2024-04-21 09:00:00+00:00,679901.2047222222,679901.2047222222
2024-04-21 10:00:00+00:00,641211.0422222222,641211.0422222222
2024-04-21 11:00:00+00:00,726283.4633333334,726283.4633333334
2024-04-21 12:00:00+00:00,890083.3716666667,669713.2795122727
2024-04-21 13:00:00+00:00,853284.3572222223,853284.3572222223
2024-04-21 14:00:00+00:00,1026163.6480555556,1026163.6480555556
2024-04-21 15:00:00+00:00,921835.9144444444,886981.873596279
2024-04-21 16:00:00+00:00,754914.0238888889,754914.0238888889
2024-04-21 17:00:00+00:00,1142999.700277778,1142999.700277778
2024-04-21 18:00:00+00:00,688218.8627777778,688218.8627777778
2024-04-21 19:00:00+00:00,351096.90555555554,351096.90555555554
2024-04-21 20:00:00+00:00,366320.4502777778,366320.4502777778
2024-04-21 21:00:00+00:00,435560.63,435560.63
2024-04-21 22:00:00+00:00,422551.5161111111,422551.5161111111
2024-04-21 23:00:00+00:00,476687.5769444445,455081.60125795787
2024-04-22 00:00:00+00:00,230836.41666666663,481650.7262821249
2024-04-22 01:00:00+00:00,563026.6522222222,537388.9974490101
2024-04-22 02:00:00+00:00,1066986.7613888888,609573.5656839112
2024-04-22 03:00:00+00:00,1000989.6458333334,691030.96919229
2024-04-22 04:00:00+00:00,983215.5847222222,983215.5847222222
2024-04-22 05:00:00+00:00,902028.0588888888,867350.1137661631
2024-04-22 06:00:00+00:00,931370.1858333332,906923.0326774077
2024-04-22 07:00:00+00:00,907800.7205555557,907800.7205555557
2024-04-22 08:00:00+00:00,803063.2505555556,913703.872227824
2024-04-22 09:00:00+00:00,1184409.6302777778,1184409.6302777778
2024-04-22 10:00:00+00:00,722586.4186111111,722586.4186111111
2024-04-22 11:00:00+00:00,677799.265,677799.265
2024-04-22 12:00:00+00:00,889852.4794444444,811694.3922162862
2024-04-22 13:00:00+00:00,660845.7686111111,713080.7024145717
2024-04-22 14:00:00+00:00,401222.1491666666,401222.1491666666
2024-04-22 15:00:00+00:00,401931.8033333333,401931.8033333333
2024-04-22 16:00:00+00:00,607469.0988888888,470212.3357466902
2024-04-22 17:00:00+00:00,420414.7613888889,420414.7613888889
2024-04-22 18:00:00+00:00,534669.0475,534669.0475
2024-04-22 19:00:00+00:00,703388.6966666667,477893.8759283448
2024-04-22 20:00:00+00:00,627616.2116666667,627616.2116666667
2024-04-22 21:00:00+00:00,299131.9402777778,568590.5887304356
2024-04-22 22:00:00+00:00,253648.86472222224,536221.3662757133
2024-04-22 23:00:00+00:00,227904.63861111112,227904.63861111112
2024-04-23 00:00:00+00:00,205928.29472222223,358684.67956293613
2024-04-23 01:00:00+00:00,377592.2863888889,377592.2863888889
2024-04-23 02:00:00+00:00,561844.6916666667,561844.6916666667
2024-04-23 03:00:00+00:00,876288.4552777777,444191.7687312664
2024-04-23 04:00:00+00:00,959021.6247222222,959021.6247222222
2024-04-23 05:00:00+00:00,1104759.066111111,746519.7161775769
2024-04-23 06:00:00+00:00,989285.2825,823421.1331409392
2024-04-23 07:00:00+00:00,850441.9258333333,850441.9258333333
2024-04-23 08:00:00+00:00,933739.4566666668,933739.4566666668
2024-04-23 09:00:00+00:00,900248.7875,900248.7875
2024-04-23 10:00:00+00:00,808005.9077777778,892750.3507752384
2024-04-23 11:00:00+00:00,725984.1505555556,843819.005810994
2024-04-23 12:00:00+00:00,541204.9077777778,541204.9077777778
2024-04-23 13:00:00+00:00,756436.4125,666838.3373319797
2024-04-23 14:00:00+00:00,497500.4733333333,596380.8076024326
2024-04-23 15:00:00+00:00,433500.0652777778,433500.0652777778
2024-04-23 16:00:00+00:00,649385.9786111111,494108.8037624476
2024-04-23 17:00:00+00:00,509589.26472222223,465369.4402182908
2024-04-23 18:00:00+00:00,664249.5244444445,446862.11159539496
2024-04-23 19:00:00+00:00,412376.8522222222,412376.8522222222
2024-04-23 20:00:00+00:00,308734.14166666666,308734.14166666666
2024-04-23 21:00:00+00:00,412239.6286111111,412239.6286111111
2024-04-23 22:00:00+00:00,111611.25555555556,390726.4433796222
2024-04-23 23:00:00+00:00,94132.98944444444,395894.2852418296
2024-04-24 00:00:00+00:00,383244.36027777777,383244.36027777777
2024-04-24 01:00:00+00:00,297030.4230555556,389642.65590737446
2024-04-24 02:00:00+00:00,566102.9288888889,566102.9288888889
2024-04-24 03:00:00+00:00,988301.1577777778,988301.1577777778
2024-04-24 04:00:00+00:00,1118716.9680555556,1118716.9680555556
2024-04-24 05:00:00+00:00,1380369.6891666667,1380369.6891666667
2024-04-24 06:00:00+00:00,911178.2272222224,911178.2272222224
2024-04-24 07:00:00+00:00,1013823.5688888888,1018556.8464377328
2024-04-24 08:00:00+00:00,955148.5772222222,955148.5772222222
2024-04-24 09:00:00+00:00,1086513.2516666667,1086513.2516666667
2024-04-24 10:00:00+00:00,838657.6238888889,838657.6238888889
2024-04-24 11:00:00+00:00,905222.2561111111,905222.2561111111
2024-04-24 12:00:00+00:00,573456.815,573456.815
2024-04-24 13:00:00+00:00,710297.4688888888,710297.4688888888
2024-04-24 14:00:00+00:00,864910.6011111111,745083.6302498503
2024-04-24 15:00:00+00:00,691795.3611111111,691795.3611111111
2024-04-24 16:00:00+00:00,618165.5905555555,618165.5905555555
2024-04-24 17:00:00+00:00,612866.1625,670514.002351698
2024-04-24 18:00:00+00:00,855438.1775,855438.1775
2024-04-24 19:00:00+00:00,560643.6208333333,560643.6208333333
2024-04-24 20:00:00+00:00,386712.0758333333,677260.4708080108
2024-04-24 21:00:00+00:00,313724.8630555556,584773.0357151651
2024-04-24 22:00:00+00:00,274367.9002777777,274367.9002777777
2024-04-24 23:00:00+00:00,185145.4855555556,396512.8882120546
2024-04-25 00:00:00+00:00,185722.65805555557,341755.5928453959
2024-04-25 01:00:00+00:00,264183.5530555556,264183.5530555556
2024-04-25 02:00:00+00:00,658453.3280555556,289678.4744721979
2024-04-25 03:00:00+00:00,700383.4383333334,372149.5168029231
2024-04-25 04:00:00+00:00,907902.0883333334,907902.0883333334
2024-04-25 05:00:00+00:00,1026368.0527777778,684817.8945855134
2024-04-25 06:00:00+00:00,850090.1044444444,850090.1044444444
2024-04-25 07:00:00+00:00,925534.0561111112,925534.0561111112
2024-04-25 08:00:00+00:00,1067941.6688888888,1067941.6688888888
2024-04-25 09:00:00+00:00,892360.4027777778,892360.4027777778
2024-04-25 10:00:00+00:00,848073.6497222222,848073.6497222222
2024-04-25 11:00:00+00:00,852183.0241666667,891120.0730991933
2024-04-25 12:00:00+00:00,705976.5327777778,705976.5327777778
2024-04-25 13:00:00+00:00,894007.0866666667,782306.1469602714
2024-04-25 14:00:00+00:00,1002335.7122222222,1002335.7122222222
2024-04-25 15:00:00+00:00,604361.1786111111,604361.1786111111
2024-04-25 16:00:00+00:00,814079.2305555556,768764.7676157958
2024-04-25 17:00:00+00:00,581751.5675,748283.5982961553
2024-04-25 18:00:00+00:00,956702.9741666666,956702.9741666666
2024-04-25 19:00:00+00:00,459540.8238888889,861563.335990457
2024-04-25 20:00:00+00:00,269792.1538888889,821958.2309922074
2024-04-25 21:00:00+00:00,290237.8655555556,718525.2521631819
2024-04-25 22:00:00+00:00,212940.5230555556,212940.5230555556
2024-04-25 23:00:00+00:00,163681.20611111113,163681.20611111113
2024-04-26 00:00:00+00:00,203390.47722222225,203390.47722222225
2024-04-26 01:00:00+00:00,290044.3758333333,290044.3758333333
2024-04-26 02:00:00+00:00,539881.7105555555,274396.8030608672
2024-04-26 03:00:00+00:00,982800.2733333332,351977.6369130068
2024-04-26 04:00:00+00:00,776700.6966666667,776700.6966666667
2024-04-26 05:00:00+00:00,878763.9247222223,878763.9247222223
2024-04-26 06:00:00+00:00,679276.3805555556,679276.3805555556
2024-04-26 07:00:00+00:00,1342242.3311111112,1342242.3311111112
2024-04-26 08:00:00+00:00,803024.81,803024.81
2024-04-26 09:00:00+00:00,908684.7358333332,908684.7358333332
2024-04-26 10:00:00+00:00,867341.7005555555,867341.7005555555
2024-04-26 11:00:00+00:00,748712.1038888888,748712.1038888888
2024-04-26 12:00:00+00:00,1104116.5183333333,1104116.5183333333
2024-04-26 13:00:00+00:00,677361.6686111111,677361.6686111111
2024-04-26 14:00:00+00:00,468442.3586111111,468442.3586111111
2024-04-26 15:00:00+00:00,645337.5708333333,645337.5708333333
2024-04-26 16:00:00+00:00,525041.7544444444,660592.9212741405
2024-04-26 17:00:00+00:00,671366.7841666667,640726.8359885117
2024-04-26 18:00:00+00:00,554465.1833333333,554465.1833333333
2024-04-26 19:00:00+00:00,288396.6527777777,288396.6527777777
2024-04-26 20:00:00+00:00,514783.0027777778,514783.0027777778
2024-04-26 21:00:00+00:00,518402.7061111111,518402.7061111111
2024-04-26 22:00:00+00:00,143280.92555555556,498334.21795638767
2024-04-26 23:00:00+00:00,272595.78944444447,272595.78944444447
2024-04-27 00:00:00+00:00,50676.51722222223,50676.51722222223
2024-04-27 01:00:00+00:00,81530.45361111111,81530.45361111111
2024-04-27 02:00:00+00:00,221920.92777777775,221920.92777777775
2024-04-27 03:00:00+00:00,614440.5558333333,191013.58865117928
2024-04-27 04:00:00+00:00,554752.0794444444,554752.0794444444
2024-04-27 05:00:00+00:00,695864.0761111111,695864.0761111111
2024-04-27 06:00:00+00:00,617513.185,617513.185
2024-04-27 07:00:00+00:00,542454.7775,542454.7775
2024-04-27 08:00:00+00:00,418474.9180555556,556328.0828374607
2024-04-27 09:00:00+00:00,501667.02777777775,501667.02777777775
2024-04-27 10:00:00+00:00,483758.4761111111,483758.4761111111
2024-04-27 11:00:00+00:00,749635.6208333333,506480.9801379052
2024-04-27 12:00:00+00:00,662341.1183333333,662341.1183333333
2024-04-27 13:00:00+00:00,956133.4355555556,590834.2851351062
2024-04-27 14:00:00+00:00,391023.52194444445,635305.5657506107
2024-04-27 15:00:00+00:00,644140.4125,673661.3860876244
2024-04-27 16:00:00+00:00,804035.6411111112,708569.1563529762
2024-04-27 17:00:00+00:00,814594.2161111111,814594.2161111111
2024-04-27 18:00:00+00:00,291886.0283333333,291886.0283333333
2024-04-27 19:00:00+00:00,438213.2083333333,563375.9064921442
2024-04-27 20:00:00+00:00,276766.70722222223,276766.70722222223
2024-04-27 21:00:00+00:00,345454.53,369738.5349061564
2024-04-27 22:00:00+00:00,513939.64722222224,325329.2074513038
2024-04-27 23:00:00+00:00,280761.5361111111,296432.7626051731
2024-04-28 00:00:00+00:00,241392.35666666663,241392.35666666663
2024-04-28 01:00:00+00:00,260504.94055555557,261064.50452110707
2024-04-28 02:00:00+00:00,192707.19472222225,192707.19472222225
2024-04-28 03:00:00+00:00,508371.8022222222,220424.38068755975
2024-04-28 04:00:00+00:00,410102.4955555556,410102.4955555556
2024-04-28 05:00:00+00:00,522253.8294444445,522253.8294444445
2024-04-28 06:00:00+00:00,576168.0236111111,409950.3614079488
2024-04-28 07:00:00+00:00,781926.6680555556,485403.331769536
2024-04-28 08:00:00+00:00,704307.0725,704307.0725
2024-04-28 09:00:00+00:00,599184.8077777778,599184.8077777778
2024-04-28 10:00:00+00:00,782311.9708333333,782311.9708333333
2024-04-28 11:00:00+00:00,934750.8261111112,685611.8980481463
2024-04-28 12:00:00+00:00,1048244.2405555556,817722.1530857735
2024-04-28 13:00:00+00:00,1400862.789722222,1400862.789722222
2024-04-28 14:00:00+00:00,775265.776388889,775265.776388889
2024-04-28 15:00:00+00:00,1319416.9219444443,994882.0552454691
2024-04-28 16:00:00+00:00,1138987.3327777777,1138987.3327777777
2024-04-28 17:00:00+00:00,1267127.0405555556,1267127.0405555556
2024-04-28 18:00:00+00:00,868106.7322222223,1143832.6099719214
2024-04-28 19:00:00+00:00,787913.6047222222,1114857.7017069245
2024-04-28 20:00:00+00:00,522350.66027777776,1015768.0780195097
2024-04-28 21:00:00+00:00,508231.0569444444,508231.0569444444
2024-04-28 22:00:00+00:00,310872.08722222224,310872.08722222224
2024-04-28 23:00:00+00:00,335197.9213888889,335197.9213888889
2024-04-29 00:00:00+00:00,205390.25555555557,450346.63596765074
2024-04-29 01:00:00+00:00,307631.3238888889,307631.3238888889
2024-04-29 02:00:00+00:00,593274.8905555556,593274.8905555556
2024-04-29 03:00:00+00:00,844504.1558333334,844504.1558333334
2024-04-29 04:00:00+00:00,876678.4088888889,876678.4088888889
2024-04-29 05:00:00+00:00,1000941.8780555556,736213.2075277641
2024-04-29 06:00:00+00:00,1058941.1258333332,1058941.1258333332
2024-04-29 07:00:00+00:00,1056201.371111111,933934.7192335629
2024-04-29 08:00:00+00:00,1038507.1322222222,976379.3638543746
2024-04-29 09:00:00+00:00,1522035.7930555556,988230.7094532226
2024-04-29 10:00:00+00:00,948159.7747222222,948159.7747222222
2024-04-29 11:00:00+00:00,1064516.9444444445,1064516.9444444445
2024-04-29 12:00:00+00:00,846627.1080555556,1009934.3570658527
2024-04-29 13:00:00+00:00,625303.8519444445,625303.8519444445
2024-04-29 14:00:00+00:00,378914.65944444446,378914.65944444446
2024-04-29 15:00:00+00:00,515451.8497222223,617226.500294597
2024-04-29 16:00:00+00:00,774466.9819444445,774466.9819444445
2024-04-29 17:00:00+00:00,879617.2516666667,675842.0579517081
2024-04-29 18:00:00+00:00,939566.1855555556,939566.1855555556
2024-04-29 19:00:00+00:00,700488.1563888888,835427.4907594827
2024-04-29 20:00:00+00:00,384864.46,788631.3153775998
2024-04-29 21:00:00+00:00,305287.1747222222,305287.1747222222
2024-04-29 22:00:00+00:00,284134.51722222223,510936.98420852283
2024-04-29 23:00:00+00:00,271676.5763888889,271676.5763888889
2024-04-30 00:00:00+00:00,278132.6822222222,278132.6822222222
2024-04-30 01:00:00+00:00,437918.6636111111,319707.6496180751
2024-04-30 02:00:00+00:00,639907.7991666667,639907.7991666667
2024-04-30 03:00:00+00:00,800987.3430555556,800987.3430555556
2024-04-30 04:00:00+00:00,909808.8916666668,909808.8916666668
2024-04-30 05:00:00+00:00,1412562.6691666667,1412562.6691666667
2024-04-30 06:00:00+00:00,741883.6941666667,1039412.9924232078
2024-04-30 07:00:00+00:00,632571.4377777778,1152361.5887202334
2024-04-30 08:00:00+00:00,1069971.2655555557,1069971.2655555557
2024-04-30 09:00:00+00:00,857600.8844444444,857600.8844444444
2024-04-30 10:00:00+00:00,948721.3016666666,948721.3016666666
2024-04-30 11:00:00+00:00,769314.2202777778,769314.2202777778
2024-04-30 12:00:00+00:00,816745.0388888889,889294.8577404541
2024-04-30 13:00:00+00:00,648626.4927777778,648626.4927777778
2024-04-30 14:00:00+00:00,908613.5022222224,739974.8130866577
2024-04-30 15:00:00+00:00,922737.91,701577.2761334466
2024-04-30 16:00:00+00:00,658574.1527777778,658574.1527777778
2024-04-30 17:00:00+00:00,877580.2511111111,671429.3282762014
2024-04-30 18:00:00+00:00,712093.3913888889,712093.3913888889
2024-04-30 19:00:00+00:00,520866.1575,692585.4406681205
2024-04-30 20:00:00+00:00,340643.9247222222,340643.9247222222
2024-04-30 21:00:00+00:00,267843.0577777778,267843.0577777778
2024-04-30 22:00:00+00:00,462565.8555555556,462565.8555555556
2024-04-30 23:00:00+00:00,439716.92027777777,439716.92027777777
2024-05-01 00:00:00+00:00,237161.79666666663,237161.79666666663
2024-05-01 01:00:00+00:00,485884.6461111111,347008.9469230445
2024-05-01 02:00:00+00:00,238949.1936111111,324936.1829857829
2024-05-01 03:00:00+00:00,356402.0366666667,338330.8090129662
2024-05-01 04:00:00+00:00,474129.1716666667,474129.1716666667
2024-05-01 05:00:00+00:00,533006.8427777778,533006.8427777778
2024-05-01 06:00:00+00:00,673338.2319444445,467255.2879098429
2024-05-01 07:00:00+00:00,662410.6783333333,525332.2626134078
2024-05-01 08:00:00+00:00,735204.1608333334,735204.1608333334
2024-05-01 09:00:00+00:00,464886.1352777778,464886.1352777778
2024-05-01 10:00:00+00:00,701849.7413888889,570335.4103851719
2024-05-01 11:00:00+00:00,634335.7786111111,634335.7786111111
2024-05-01 12:00:00+00:00,490939.70972222224,490939.70972222224
2024-05-01 13:00:00+00:00,690525.1008333333,690525.1008333333
2024-05-01 14:00:00+00:00,713788.4897222222,610487.6649305831
2024-05-01 15:00:00+00:00,653259.6091666666,653259.6091666666
2024-05-01 16:00:00+00:00,685283.3780555555,644244.744570417
2024-05-01 17:00:00+00:00,558729.7377777778,629681.6464186207
2024-05-01 18:00:00+00:00,526050.3897222222,526050.3897222222
2024-05-01 19:00:00+00:00,511095.20222222223,511095.20222222223
2024-05-01 20:00:00+00:00,358307.20222222223,543981.6935337101
2024-05-01 21:00:00+00:00,374456.00638888887,374456.00638888887
2024-05-01 22:00:00+00:00,392134.8822222222,445149.6011516972
2024-05-01 23:00:00+00:00,268155.34972222225,268155.34972222225
2024-05-02 00:00:00+00:00,126594.53722222222,126594.53722222222
2024-05-02 01:00:00+00:00,207535.30333333332,207535.30333333332
2024-05-02 02:00:00+00:00,618418.3105555555,618418.3105555555
2024-05-02 03:00:00+00:00,854869.8505555555,854869.8505555555
2024-05-02 04:00:00+00:00,1259493.411111111,1259493.411111111
2024-05-02 05:00:00+00:00,919528.2219444443,919528.2219444443
2024-05-02 06:00:00+00:00,907639.6422222222,907639.6422222222
2024-05-02 07:00:00+00:00,978612.6425,903804.8085819735
2024-05-02 08:00:00+00:00,886588.6019444445,886588.6019444445
2024-05-02 09:00:00+00:00,1067154.2094444444,894650.1154223295
2024-05-02 10:00:00+00:00,1261752.0638888888,1261752.0638888888
2024-05-02 11:00:00+00:00,1122658.5352777778,1098919.5197360194
2024-05-02 12:00:00+00:00,1929479.0033333332,1116304.010652424
2024-05-02 13:00:00+00:00,892824.5261111112,892824.5261111112
2024-05-02 14:00:00+00:00,1350072.536388889,994111.3778104531
2024-05-02 15:00:00+00:00,1288087.0672222222,971802.802660734
2024-05-02 16:00:00+00:00,1043247.2580555556,1043247.2580555556
2024-05-02 17:00:00+00:00,1432787.191111111,1008204.1831586746
2024-05-02 18:00:00+00:00,940292.9463888888,956040.834781535
2024-05-02 19:00:00+00:00,579339.825,579339.825
2024-05-02 20:00:00+00:00,442025.8936111111,737121.6287918321
2024-05-02 21:00:00+00:00,608513.6397222222,680570.3843258102
2024-05-02 22:00:00+00:00,275037.8019444444,660954.5888802106
2024-05-02 23:00:00+00:00,582810.9269444444,662163.9270863914
2024-05-03 00:00:00+00:00,424027.08805555553,675114.9985898908
2024-05-03 01:00:00+00:00,692880.545,694686.3541756283
2024-05-03 02:00:00+00:00,776243.6725,776243.6725
2024-05-03 03:00:00+00:00,1312581.5436111111,1312581.5436111111
2024-05-03 04:00:00+00:00,1597850.9197222225,991662.1384301613
2024-05-03 05:00:00+00:00,1575754.5211111112,1276364.5759028133
2024-05-03 06:00:00+00:00,2307999.588055556,2307999.588055556
2024-05-03 07:00:00+00:00,1816777.9319444443,1816777.9319444443
2024-05-03 08:00:00+00:00,1047162.7661111112,1047162.7661111112
2024-05-03 09:00:00+00:00,1681240.9947222222,1681240.9947222222
2024-05-03 10:00:00+00:00,1540061.306111111,1583029.2858877059
2024-05-03 11:00:00+00:00,1307156.595277778,1307156.595277778
2024-05-03 12:00:00+00:00,1024615.7825,1024615.7825
2024-05-03 13:00:00+00:00,1038652.2505555556,1038652.2505555556
2024-05-03 14:00:00+00:00,880310.9316666666,1163059.9991033236
2024-05-03 15:00:00+00:00,1094966.2875,1098891.733751355
2024-05-03 16:00:00+00:00,765572.7655555556,1052807.3249373238
2024-05-03 17:00:00+00:00,1968620.4183333328,1016919.0485470231
2024-05-03 18:00:00+00:00,1074531.3966666667,986779.6076545127
2024-05-03 19:00:00+00:00,902403.2863888888,902403.2863888888
2024-05-03 20:00:00+00:00,357134.65972222225,934810.9491507272
2024-05-03 21:00:00+00:00,574124.3977777777,574124.3977777777
2024-05-03 22:00:00+00:00,975860.3530555556,729152.4190581199
2024-05-03 23:00:00+00:00,325228.9580555556,612777.0603842528
2024-05-04 00:00:00+00:00,238781.64888888889,238781.64888888889
2024-05-04 01:00:00+00:00,358182.19666666666,358182.19666666666
2024-05-04 02:00:00+00:00,414383.0711111111,373395.32673314656
2024-05-04 03:00:00+00:00,741497.5138888889,741497.5138888889
2024-05-04 04:00:00+00:00,674679.6016666667,577344.6170727847
2024-05-04 05:00:00+00:00,1156543.4741666666,694494.3596258999
2024-05-04 06:00:00+00:00,1054791.8291666666,1054791.8291666666
2024-05-04 07:00:00+00:00,833578.7794444445,914571.2687777067
2024-05-04 08:00:00+00:00,850854.5780555556,850854.5780555556
2024-05-04 09:00:00+00:00,674538.2019444444,896186.8072004277
2024-05-04 10:00:00+00:00,829144.5525,829144.5525
2024-05-04 11:00:00+00:00,997298.2141666666,997298.2141666666
2024-05-04 12:00:00+00:00,765576.0344444445,916010.714229047
2024-05-04 13:00:00+00:00,1026077.1452777778,1041699.9982715052
2024-05-04 14:00:00+00:00,1617923.4733333334,1617923.4733333334
2024-05-04 15:00:00+00:00,1255888.9230555557,1255888.9230555557
2024-05-04 16:00:00+00:00,867291.77,867291.77
2024-05-04 17:00:00+00:00,1056730.5208333333,1056730.5208333333
2024-05-04 18:00:00+00:00,750891.5633333334,750891.5633333334
2024-05-04 19:00:00+00:00,779178.6236111111,945694.1731412582
2024-05-04 20:00:00+00:00,474840.84,474840.84
2024-05-04 21:00:00+00:00,501074.7480555556,658468.6029990579
2024-05-04 22:00:00+00:00,522980.0286111111,522980.0286111111
2024-05-04 23:00:00+00:00,182086.23138888887,560132.3302682978
2024-05-05 00:00:00+00:00,147520.10416666666,510702.66807302186
2024-05-05 01:00:00+00:00,294460.9505555556,294460.9505555556
2024-05-05 02:00:00+00:00,586808.4405555555,586808.4405555555
2024-05-05 03:00:00+00:00,564525.4305555555,564525.4305555555
2024-05-05 04:00:00+00:00,868018.8355555555,868018.8355555555
2024-05-05 05:00:00+00:00,760665.7225,760665.7225
2024-05-05 06:00:00+00:00,1112302.1133333333,1112302.1133333333
2024-05-05 07:00:00+00:00,994447.7438888889,994447.7438888889
2024-05-05 08:00:00+00:00,1028753.4752777778,1028753.4752777778
2024-05-05 09:00:00+00:00,1063582.5438888888,1063582.5438888888
2024-05-05 10:00:00+00:00,1115149.1166666667,1115149.1166666667
2024-05-05 11:00:00+00:00,1071604.2063888889,1071604.2063888889
2024-05-05 12:00:00+00:00,1099981.6797222225,1063779.859464468
2024-05-05 13:00:00+00:00,1500711.019722222,1500711.019722222
2024-05-05 14:00:00+00:00,1390390.4755555557,1309046.8101091948
2024-05-05 15:00:00+00:00,963170.2733333332,1350344.5553368174
2024-05-05 16:00:00+00:00,1209763.2519444444,1209763.2519444444
2024-05-05 17:00:00+00:00,1225683.8636111112,1278304.4481074333
2024-05-05 18:00:00+00:00,1145061.990277778,1145061.990277778
2024-05-05 19:00:00+00:00,972995.713888889,972995.713888889
2024-05-05 20:00:00+00:00,643841.9341666667,1098379.0072052598
2024-05-05 21:00:00+00:00,503498.5441666667,503498.5441666667
2024-05-05 22:00:00+00:00,193362.52,750341.1672164173
2024-05-05 23:00:00+00:00,207763.27916666667,207763.27916666667
2024-05-06 00:00:00+00:00,221472.2411111111,221472.2411111111
2024-05-06 01:00:00+00:00,440370.87388888886,331497.311039621
2024-05-06 02:00:00+00:00,1193582.3933333333,427653.6612992977
2024-05-06 03:00:00+00:00,1072281.8680555555,626015.5490777706
2024-05-06 04:00:00+00:00,1105236.7194444444,882003.4854147465
2024-05-06 05:00:00+00:00,2015191.1652777777,1170482.4349892023
2024-05-06 06:00:00+00:00,2204344.615555556,2204344.615555556
2024-05-06 07:00:00+00:00,1759082.776388889,1794407.6851330758
2024-05-06 08:00:00+00:00,1535950.2955555555,1535950.2955555555
2024-05-06 09:00:00+00:00,1692902.816388889,1700301.467660924
2024-05-06 10:00:00+00:00,1795342.8658333332,1795342.8658333332
2024-05-06 11:00:00+00:00,1505899.887777778,1733233.5888978012
2024-05-06 12:00:00+00:00,796359.4425,796359.4425
2024-05-06 13:00:00+00:00,824149.1613888888,824149.1613888888
2024-05-06 14:00:00+00:00,900306.3886111111,1045664.5359165396
2024-05-06 15:00:00+00:00,744203.8236111111,744203.8236111111
2024-05-06 16:00:00+00:00,936799.1458333334,849868.1418140999
2024-05-06 17:00:00+00:00,852929.1841666667,852929.1841666667
2024-05-06 18:00:00+00:00,578728.9713888889,578728.9713888889
2024-05-06 19:00:00+00:00,545193.7583333333,545193.7583333333
2024-05-06 20:00:00+00:00,437341.1108333333,646710.2552595678
2024-05-06 21:00:00+00:00,324653.0538888889,588297.8948309509
2024-05-06 22:00:00+00:00,490552.2380555556,541230.1255437015
2024-05-06 23:00:00+00:00,358331.0202777778,500558.7216184421
2024-05-07 00:00:00+00:00,316012.59472222225,463493.7491047898
2024-05-07 01:00:00+00:00,350775.22527777776,350775.22527777776
2024-05-07 02:00:00+00:00,663186.2511111111,663186.2511111111
2024-05-07 03:00:00+00:00,1005492.4830555556,1005492.4830555556
2024-05-07 04:00:00+00:00,891349.6713888888,727101.111550694
2024-05-07 05:00:00+00:00,2698217.105,846127.0963173556
2024-05-07 06:00:00+00:00,988976.1213888888,988976.1213888888
2024-05-07 07:00:00+00:00,1039709.4458333332,944918.5302258201
2024-05-07 08:00:00+00:00,807772.0822222222,935035.925411059
2024-05-07 09:00:00+00:00,788831.0386111111,788831.0386111111
2024-05-07 10:00:00+00:00,1030136.2513888888,1030136.2513888888
2024-05-07 11:00:00+00:00,791372.8052777778,791372.8052777778
2024-05-07 12:00:00+00:00,1372358.1194444443,869274.1747051283
2024-05-07 13:00:00+00:00,611677.2208333333,611677.2208333333
2024-05-07 14:00:00+00:00,742827.8911111112,715662.9120905214
2024-05-07 15:00:00+00:00,674957.3183333334,809710.0122918044
2024-05-07 16:00:00+00:00,1570487.9027777778,1570487.9027777778
2024-05-07 17:00:00+00:00,1138731.5088888889,1250038.6189984663
2024-05-07 18:00:00+00:00,835274.2661111112,835274.2661111112
2024-05-07 19:00:00+00:00,896858.9258333333,896858.9258333333
2024-05-07 20:00:00+00:00,566681.9144444445,987450.1820286135
2024-05-07 21:00:00+00:00,478754.9161111111,478754.9161111111
2024-05-07 22:00:00+00:00,633662.6597222222,633662.6597222222
2024-05-07 23:00:00+00:00,377722.6975,377722.6975
2024-05-08 00:00:00+00:00,283971.20694444445,283971.20694444445
2024-05-08 01:00:00+00:00,356901.3825,356901.3825
2024-05-08 02:00:00+00:00,584378.0844444444,397342.91315802356
2024-05-08 03:00:00+00:00,913820.8838888888,913820.8838888888
2024-05-08 04:00:00+00:00,718293.975,718293.975
2024-05-08 05:00:00+00:00,967834.2544444444,697352.7282989362
2024-05-08 06:00:00+00:00,883620.7808333334,748713.40096063
2024-05-08 07:00:00+00:00,1008727.6597222222,1008727.6597222222
2024-05-08 08:00:00+00:00,936837.4402777776,936837.4402777776
2024-05-08 09:00:00+00:00,932115.5752777776,932115.5752777776
2024-05-08 10:00:00+00:00,1117004.058333333,1117004.058333333
2024-05-08 11:00:00+00:00,1113064.6133333333,1113064.6133333333
2024-05-08 12:00:00+00:00,692554.9063888888,692554.9063888888
2024-05-08 13:00:00+00:00,847466.1341666667,847466.1341666667
2024-05-08 14:00:00+00:00,964853.7041666668,874982.3747182046
2024-05-08 15:00:00+00:00,953335.3369444445,892393.2631889682
2024-05-08 16:00:00+00:00,1049766.5122222223,1049766.5122222223
2024-05-08 17:00:00+00:00,1307592.8816666666,1307592.8816666666
2024-05-08 18:00:00+00:00,1145176.3555555556,1145176.3555555556
2024-05-08 19:00:00+00:00,865655.9377777778,1133612.1822963958
2024-05-08 20:00:00+00:00,736015.7025,1056449.4277349908
2024-05-08 21:00:00+00:00,579760.3355555555,579760.3355555555
2024-05-08 22:00:00+00:00,664352.8144444445,664352.8144444445
2024-05-08 23:00:00+00:00,495742.35527777777,728232.2961759012
2024-05-09 00:00:00+00:00,469692.5275,469692.5275
2024-05-09 01:00:00+00:00,440048.56583333336,440048.56583333336
2024-05-09 02:00:00+00:00,1127579.907777778,1127579.907777778
2024-05-09 03:00:00+00:00,1106960.9925,783093.4212245287
2024-05-09 04:00:00+00:00,1244411.7313888888,1244411.7313888888
2024-05-09 05:00:00+00:00,933093.9666666668,933093.9666666668
2024-05-09 06:00:00+00:00,1349380.4016666666,1349380.4016666666
2024-05-09 07:00:00+00:00,773307.4377777778,1162447.5961564376
2024-05-09 08:00:00+00:00,1149135.8355555555,1149135.8355555555
2024-05-09 09:00:00+00:00,1045676.9416666668,1045676.9416666668
2024-05-09 10:00:00+00:00,894152.2391666666,1120278.5558492222
2024-05-09 11:00:00+00:00,1124940.1797222225,1124940.1797222225
2024-05-09 12:00:00+00:00,792758.8838888889,792758.8838888889
2024-05-09 13:00:00+00:00,695461.0366666666,695461.0366666666
2024-05-09 14:00:00+00:00,762970.9672222222,852350.5376015136
2024-05-09 15:00:00+00:00,972380.026388889,972380.026388889
2024-05-09 16:00:00+00:00,827172.3205555555,900171.9623044318
2024-05-09 17:00:00+00:00,1048770.951388889,1048770.951388889
2024-05-09 18:00:00+00:00,949156.5669444444,949156.5669444444
2024-05-09 19:00:00+00:00,717828.3416666667,973390.7173317237
2024-05-09 20:00:00+00:00,567167.6658333334,942899.6705757831
2024-05-09 21:00:00+00:00,519588.09194444446,905787.3338414873
2024-05-09 22:00:00+00:00,766470.9569444444,766470.9569444444
2024-05-09 23:00:00+00:00,501886.5611111112,501886.5611111112
2024-05-10 00:00:00+00:00,382059.28777777776,382059.28777777776
2024-05-10 01:00:00+00:00,396983.3030555556,551381.7995183928
2024-05-10 02:00:00+00:00,580945.2877777778,552630.237608507
2024-05-10 03:00:00+00:00,952664.265,628436.8041705902
2024-05-10 04:00:00+00:00,1070798.302777778,1070798.302777778
2024-05-10 05:00:00+00:00,815801.9091666667,815801.9091666667
2024-05-10 06:00:00+00:00,1127865.496388889,1127865.496388889
2024-05-10 07:00:00+00:00,981688.0180555556,974813.0120299329
2024-05-10 08:00:00+00:00,1472127.621111111,1472127.621111111
2024-05-10 09:00:00+00:00,1166899.8122222223,1271700.3607449767
2024-05-10 10:00:00+00:00,1122163.653888889,1122163.653888889
2024-05-10 11:00:00+00:00,1403169.4008333334,1403169.4008333334
2024-05-10 12:00:00+00:00,903400.4941666666,903400.4941666666
2024-05-10 13:00:00+00:00,1146545.451111111,1146545.451111111
2024-05-10 14:00:00+00:00,1122450.9458333333,1134196.6006517708
2024-05-10 15:00:00+00:00,1127105.5683333334,1127105.5683333334
2024-05-10 16:00:00+00:00,1076373.0675,1131750.1884447087
2024-05-10 17:00:00+00:00,2124187.0319444444,2124187.0319444444
2024-05-10 18:00:00+00:00,1881986.7441666664,1686088.2888682242
2024-05-10 19:00:00+00:00,2778748.4433333334,1735316.5206100796
2024-05-10 20:00:00+00:00,860486.4122222222,1621213.195051439
2024-05-10 21:00:00+00:00,460749.60777777777,1415019.4360326412
2024-05-10 22:00:00+00:00,498010.8988888889,498010.8988888889
2024-05-10 23:00:00+00:00,449372.8975,449372.8975
2024-05-11 00:00:00+00:00,642660.1008333333,686257.1328159063
2024-05-11 01:00:00+00:00,455478.7383333333,455478.7383333333
2024-05-11 02:00:00+00:00,366028.295,366028.295
2024-05-11 03:00:00+00:00,525977.4286111111,457403.9431045452
2024-05-11 04:00:00+00:00,457375.96194444445,457375.96194444445
2024-05-11 05:00:00+00:00,783325.5861111111,783325.5861111111
2024-05-11 06:00:00+00:00,1020055.7430555556,1020055.7430555556
2024-05-11 07:00:00+00:00,679290.7575,779394.4179052382
2024-05-11 08:00:00+00:00,981139.0380555555,981139.0380555555
2024-05-11 09:00:00+00:00,746293.0863888889,921789.9959803905
2024-05-11 10:00:00+00:00,978407.4277777778,981230.5216734321
2024-05-11 11:00:00+00:00,1211922.3641666668,1211922.3641666668
2024-05-11 12:00:00+00:00,1439172.9344444445,1439172.9344444445
2024-05-11 13:00:00+00:00,771004.6319444445,771004.6319444445
2024-05-11 14:00:00+00:00,1094377.1480555555,1046164.2070376223
2024-05-11 15:00:00+00:00,1346148.8672222225,949486.8077793048
2024-05-11 16:00:00+00:00,1511126.7355555557,918317.9601959329
2024-05-11 17:00:00+00:00,1395922.0433333332,924084.4790463356
2024-05-11 18:00:00+00:00,1534982.5275,950676.0849840926
2024-05-11 19:00:00+00:00,1092072.6036111112,1092072.6036111112
2024-05-11 20:00:00+00:00,890305.8880555555,890305.8880555555
2024-05-11 21:00:00+00:00,638578.0002777778,638578.0002777778
2024-05-11 22:00:00+00:00,482736.2388888889,826176.9154973305
2024-05-11 23:00:00+00:00,478523.9969444444,698663.009917206
2024-05-12 00:00:00+00:00,324337.28555555554,324337.28555555554
2024-05-12 01:00:00+00:00,398481.72777777776,469094.99222343834
2024-05-12 02:00:00+00:00,407382.9386111112,407382.9386111112
2024-05-12 03:00:00+00:00,406178.4608333333,416789.5663023845
2024-05-12 04:00:00+00:00,475259.69388888887,475259.69388888887
2024-05-12 05:00:00+00:00,735908.2602777778,735908.2602777778
2024-05-12 06:00:00+00:00,658925.1388888889,658925.1388888889
2024-05-12 07:00:00+00:00,923158.5369444444,923158.5369444444
2024-05-12 08:00:00+00:00,1422862.707222222,1422862.707222222
2024-05-12 09:00:00+00:00,865449.1444444444,1041852.9034295953
2024-05-12 10:00:00+00:00,978736.2458333332,978736.2458333332
2024-05-12 11:00:00+00:00,1088227.4072222223,1088227.4072222223
2024-05-12 12:00:00+00:00,731383.7091666666,731383.7091666666
2024-05-12 13:00:00+00:00,778961.8483333334,778961.8483333334
2024-05-12 14:00:00+00:00,873109.0466666666,859336.0047183279
2024-05-12 15:00:00+00:00,930421.16,930421.16
2024-05-12 16:00:00+00:00,1131870.0308333333,1131870.0308333333
2024-05-12 17:00:00+00:00,1636018.953611111,995046.2124811928
2024-05-12 18:00:00+00:00,980014.6947222222,1003475.248355324
2024-05-12 19:00:00+00:00,825559.9091666667,956977.6725659929
2024-05-12 20:00:00+00:00,661874.3552777778,661874.3552777778
2024-05-12 21:00:00+00:00,446132.96222222224,784583.4136062801
2024-05-12 22:00:00+00:00,419708.1755555556,684445.8626241338
2024-05-12 23:00:00+00:00,218944.6525,581370.8556916375
2024-05-13 00:00:00+00:00,234385.81972222225,234385.81972222225
2024-05-13 01:00:00+00:00,374019.25666666665,370974.6053783097
2024-05-13 02:00:00+00:00,671270.1394444444,418572.926683469
2024-05-13 03:00:00+00:00,971532.2427777778,971532.2427777778
2024-05-13 04:00:00+00:00,981300.6833333332,735319.2530332262
2024-05-13 05:00:00+00:00,824601.2302777778,824601.2302777778
2024-05-13 06:00:00+00:00,1125987.413333333,1125987.413333333
2024-05-13 07:00:00+00:00,1236463.141111111,1236463.141111111
2024-05-13 08:00:00+00:00,1066036.6244444444,1066036.6244444444
2024-05-13 09:00:00+00:00,908883.9533333334,1071138.0812463365
2024-05-13 10:00:00+00:00,1463133.7194444444,1035531.7673610568
2024-05-13 11:00:00+00:00,799191.3927777777,982074.8469425885
2024-05-13 12:00:00+00:00,692829.8788888889,918553.3063102587
2024-05-13 13:00:00+00:00,983226.1780555556,849357.0800664942
2024-05-13 14:00:00+00:00,606846.6886111111,606846.6886111111
2024-05-13 15:00:00+00:00,686990.973611111,702761.5915902051
2024-05-13 16:00:00+00:00,1085657.5647222225,939825.3269201621
2024-05-13 17:00:00+00:00,2525109.8530555554,2525109.8530555554
2024-05-13 18:00:00+00:00,1735614.7516666667,1735614.7516666667
2024-05-13 19:00:00+00:00,1921442.990555556,1807944.8492077133
2024-05-13 20:00:00+00:00,1037201.4811111112,1652412.7544559478
2024-05-13 21:00:00+00:00,1324223.398888889,1440736.3313336414
2024-05-13 22:00:00+00:00,411108.78944444447,1197404.326023625
2024-05-13 23:00:00+00:00,314355.46222222224,314355.46222222224
2024-05-14 00:00:00+00:00,280919.31888888887,280919.31888888887
2024-05-14 01:00:00+00:00,528142.9263888889,528142.9263888889
2024-05-14 02:00:00+00:00,670670.1427777777,670670.1427777777
2024-05-14 03:00:00+00:00,837286.0275,837286.0275
2024-05-14 04:00:00+00:00,926187.7869444444,926187.7869444444
2024-05-14 05:00:00+00:00,1148934.9969444445,794448.751897235
2024-05-14 06:00:00+00:00,1443243.3105555556,879687.6114419344
2024-05-14 07:00:00+00:00,1117241.4305555555,1117241.4305555555
2024-05-14 08:00:00+00:00,1045837.6255555556,1045837.6255555556
2024-05-14 09:00:00+00:00,1127231.828888889,1034687.4385777855
2024-05-14 10:00:00+00:00,1467850.6644444445,1016767.1670434724
2024-05-14 11:00:00+00:00,1574079.6827777778,983879.5648533495
2024-05-14 12:00:00+00:00,1464214.1358333332,942553.0057915968
2024-05-14 13:00:00+00:00,784661.39,784661.39
2024-05-14 14:00:00+00:00,931907.3580555556,931907.3580555556
2024-05-14 15:00:00+00:00,1167253.4955555554,1167253.4955555554
2024-05-14 16:00:00+00:00,961228.6627777778,1007790.3249067874
2024-05-14 17:00:00+00:00,1049737.0269444445,1057721.1216022116
2024-05-14 18:00:00+00:00,1032286.7572222222,1032286.7572222222
2024-05-14 19:00:00+00:00,799679.2330555556,799679.2330555556
2024-05-14 20:00:00+00:00,819025.0766666667,941626.172050704
2024-05-14 21:00:00+00:00,586192.8572222223,854160.2325360605
2024-05-14 22:00:00+00:00,623931.5008333334,623931.5008333334
2024-05-14 23:00:00+00:00,626652.2427777778,626652.2427777778
2024-05-15 00:00:00+00:00,725351.9388888889,725351.9388888889
2024-05-15 01:00:00+00:00,537048.6219444445,537048.6219444445
2024-05-15 02:00:00+00:00,1263496.6827777778,1263496.6827777778
2024-05-15 03:00:00+00:00,1408954.7891666666,1408954.7891666666
2024-05-15 04:00:00+00:00,1154900.6172222225,1124617.9349728941
2024-05-15 05:00:00+00:00,1782375.1741666666,1782375.1741666666
2024-05-15 06:00:00+00:00,1308472.465,1308472.465
2024-05-15 07:00:00+00:00,2522081.288888889,1431885.631153147
2024-05-15 08:00:00+00:00,2567715.7327777776,2567715.7327777776
2024-05-15 09:00:00+00:00,1093549.025,2051796.2028365133
2024-05-15 10:00:00+00:00,1163944.201111111,2290046.525620976
2024-05-15 11:00:00+00:00,1078186.4125,2437597.2195535777
2024-05-15 12:00:00+00:00,2688943.978888889,2688943.978888889
2024-05-15 13:00:00+00:00,1493353.8438888888,1493353.8438888888
2024-05-15 14:00:00+00:00,1401987.01,1401987.01
2024-05-15 15:00:00+00:00,970961.1833333332,970961.1833333332
2024-05-15 16:00:00+00:00,1332491.3047222225,1332491.3047222225
2024-05-15 17:00:00+00:00,1719021.9383333332,1719021.9383333332
2024-05-15 18:00:00+00:00,1329411.4105555555,1329411.4105555555
2024-05-15 19:00:00+00:00,1150658.7313888888,1445774.9109038874
2024-05-15 20:00:00+00:00,565666.6686111111,565666.6686111111
2024-05-15 21:00:00+00:00,587680.0641666667,587680.0641666667
2024-05-15 22:00:00+00:00,598364.4066666666,598364.4066666666
2024-05-15 23:00:00+00:00,540228.94,704140.3394053334
2024-05-16 00:00:00+00:00,420806.3541666667,420806.3541666667
2024-05-16 01:00:00+00:00,569998.5605555555,569998.5605555555
2024-05-16 02:00:00+00:00,642285.2197222222,548974.8851512868
2024-05-16 03:00:00+00:00,1353362.3169444446,1353362.3169444446
2024-05-16 04:00:00+00:00,1106879.3841666668,1001323.6563106307
2024-05-16 05:00:00+00:00,1078070.7891666666,1136403.627656538
2024-05-16 06:00:00+00:00,1349658.4397222225,1194094.6552203496
2024-05-16 07:00:00+00:00,1183976.5702777775,1183976.5702777775
2024-05-16 08:00:00+00:00,1028658.8097222224,1028658.8097222224
2024-05-16 09:00:00+00:00,1560750.5233333334,1123916.1556295448
2024-05-16 10:00:00+00:00,1344135.931111111,1344135.931111111
2024-05-16 11:00:00+00:00,1145762.4272222223,1235336.2691277904
2024-05-16 12:00:00+00:00,724941.9475,724941.9475
2024-05-16 13:00:00+00:00,2065712.0152777776,2065712.0152777776
2024-05-16 14:00:00+00:00,713389.3586111111,713389.3586111111
2024-05-16 15:00:00+00:00,902784.6302777778,902784.6302777778
2024-05-16 16:00:00+00:00,784308.0388888889,784308.0388888889
2024-05-16 17:00:00+00:00,1347304.3502777778,1347304.3502777778
2024-05-16 18:00:00+00:00,700865.3469444445,1107441.128981598
2024-05-16 19:00:00+00:00,716126.7958333333,1146911.3242205281
2024-05-16 20:00:00+00:00,840417.755,1104013.4928077417
2024-05-16 21:00:00+00:00,749818.1555555556,749818.1555555556
2024-05-16 22:00:00+00:00,406563.41055555554,406563.41055555554
2024-05-16 23:00:00+00:00,417651.9927777778,417651.9927777778
2024-05-17 00:00:00+00:00,277311.2077777778,567992.8942130945
2024-05-17 01:00:00+00:00,361953.37888888887,545182.703517273
2024-05-17 02:00:00+00:00,711786.7747222222,711786.7747222222
2024-05-17 03:00:00+00:00,1169206.9655555557,1169206.9655555557
2024-05-17 04:00:00+00:00,1320765.7744444443,867845.1220960169
2024-05-17 05:00:00+00:00,1403890.6233333333,974880.4548386709
2024-05-17 06:00:00+00:00,1286495.4363888889,1010818.5274145945
2024-05-17 07:00:00+00:00,945341.3883333332,945341.3883333332
2024-05-17 08:00:00+00:00,1127409.6755555556,979920.100760261
2024-05-17 09:00:00+00:00,1149042.3530555556,910391.3624032735
2024-05-17 10:00:00+00:00,570860.5983333334,570860.5983333334
2024-05-17 11:00:00+00:00,865673.0113888889,709495.237790977
2024-05-17 12:00:00+00:00,1384215.5344444443,639830.7357822169
2024-05-17 13:00:00+00:00,1299339.9525,591356.5866274515
2024-05-17 14:00:00+00:00,486531.54777777777,486531.54777777777
2024-05-17 15:00:00+00:00,875018.9172222222,875018.9172222222
2024-05-17 16:00:00+00:00,1208437.5869444443,677692.00471823
2024-05-17 17:00:00+00:00,1077402.7822222223,866057.042918064
2024-05-17 18:00:00+00:00,1578608.211666667,1578608.211666667
2024-05-17 19:00:00+00:00,944213.4444444444,944213.4444444444
2024-05-17 20:00:00+00:00,1025504.2405555556,1141664.2016070276
2024-05-17 21:00:00+00:00,508366.37888888887,985011.2756358075
2024-05-17 22:00:00+00:00,629479.0883333334,826156.558301993
2024-05-17 23:00:00+00:00,297409.9191666667,297409.9191666667
2024-05-18 00:00:00+00:00,481967.2455555556,481967.2455555556
2024-05-18 01:00:00+00:00,260185.6180555556,260185.6180555556
2024-05-18 02:00:00+00:00,304711.2988888889,392637.78185979184
2024-05-18 03:00:00+00:00,448150.1683333333,448150.1683333333
2024-05-18 04:00:00+00:00,494992.7158333333,494992.7158333333
2024-05-18 05:00:00+00:00,1258817.1180555555,445600.1788954977
2024-05-18 06:00:00+00:00,1278836.528333333,512535.57893065835
2024-05-18 07:00:00+00:00,757679.0394444445,595667.0540293982
2024-05-18 08:00:00+00:00,911262.5827777778,911262.5827777778
2024-05-18 09:00:00+00:00,909017.9166666666,909017.9166666666
2024-05-18 10:00:00+00:00,1193709.8716666666,1193709.8716666666
2024-05-18 11:00:00+00:00,1249374.9069444444,1249374.9069444444
2024-05-18 12:00:00+00:00,1181157.4852777778,1105318.7991241154
2024-05-18 13:00:00+00:00,1881020.5938888888,1159725.429044399
2024-05-18 14:00:00+00:00,1409944.0475,1181974.2263233352
2024-05-18 15:00:00+00:00,1172093.7327777778,1172093.7327777778
2024-05-18 16:00:00+00:00,1408934.0927777777,1408934.0927777777
2024-05-18 17:00:00+00:00,1874995.8008333333,1279847.4645859532
2024-05-18 18:00:00+00:00,1417498.7583333333,1310716.4567331534
2024-05-18 19:00:00+00:00,1233990.3658333332,1233990.3658333332
2024-05-18 20:00:00+00:00,872247.6433333333,872247.6433333333
2024-05-18 21:00:00+00:00,972735.4641666666,972735.4641666666
2024-05-18 22:00:00+00:00,403143.84527777776,1043388.3934215886
2024-05-18 23:00:00+00:00,310865.3036111111,310865.3036111111
2024-05-19 00:00:00+00:00,272390.13138888887,272390.13138888887
2024-05-19 01:00:00+00:00,224086.31972222225,224086.31972222225
2024-05-19 02:00:00+00:00,391392.2905555556,391392.2905555556
2024-05-19 03:00:00+00:00,476699.1636111111,476699.1636111111
2024-05-19 04:00:00+00:00,672019.6638888889,672019.6638888889
2024-05-19 05:00:00+00:00,666038.7525,666038.7525
2024-05-19 06:00:00+00:00,838504.9872222223,838504.9872222223
2024-05-19 07:00:00+00:00,884740.9872222223,697943.3670900171
2024-05-19 08:00:00+00:00,1386513.6294444446,1386513.6294444446
2024-05-19 09:00:00+00:00,810229.555,810229.555
2024-05-19 10:00:00+00:00,1007089.6444444444,973740.844810177
2024-05-19 11:00:00+00:00,1408278.9677777777,948601.315937985
2024-05-19 12:00:00+00:00,1127854.3722222222,1127854.3722222222
2024-05-19 13:00:00+00:00,1104155.7755555557,1104155.7755555557
2024-05-19 14:00:00+00:00,787716.4205555556,787716.4205555556
2024-05-19 15:00:00+00:00,864843.2983333333,864843.2983333333
2024-05-19 16:00:00+00:00,1397788.167777778,1397788.167777778
2024-05-19 17:00:00+00:00,1412245.7366666666,1412245.7366666666
2024-05-19 18:00:00+00:00,1426453.8672222225,1249446.5272072838
2024-05-19 19:00:00+00:00,699380.1919444444,1252721.1805851206
2024-05-19 20:00:00+00:00,946371.0925,946371.0925
2024-05-19 21:00:00+00:00,304362.8180555556,1081949.688817848
2024-05-19 22:00:00+00:00,270453.2972222222,270453.2972222222
2024-05-19 23:00:00+00:00,230486.2852777778,230486.2852777778
2024-05-20 00:00:00+00:00,220927.19222222225,220927.19222222225
2024-05-20 01:00:00+00:00,320690.8336111111,347453.3478130848
2024-05-20 02:00:00+00:00,484857.56916666665,484857.56916666665
2024-05-20 03:00:00+00:00,896127.8788888889,408723.22031253926
2024-05-20 04:00:00+00:00,862457.2188888888,862457.2188888888
2024-05-20 05:00:00+00:00,798870.5963888889,671784.8923826858
2024-05-20 06:00:00+00:00,1833090.526111111,1833090.526111111
2024-05-20 07:00:00+00:00,953216.2711111112,953216.2711111112
2024-05-20 08:00:00+00:00,1331129.5413888888,1173866.1177216524
2024-05-20 09:00:00+00:00,1387978.565,1077065.648431502
2024-05-20 10:00:00+00:00,949374.5988888888,949374.5988888888
2024-05-20 11:00:00+00:00,1098713.5436111111,990282.3475115467
2024-05-20 12:00:00+00:00,674451.4480555556,970475.5990796087
2024-05-20 13:00:00+00:00,935867.5233333332,935867.5233333332
2024-05-20 14:00:00+00:00,477467.0511111111,477467.0511111111
2024-05-20 15:00:00+00:00,650221.2786111111,650221.2786111111
2024-05-20 16:00:00+00:00,727840.9936111111,702392.5188760652
2024-05-20 17:00:00+00:00,1580090.460277778,1580090.460277778
2024-05-20 18:00:00+00:00,665674.4711111111,665674.4711111111
2024-05-20 19:00:00+00:00,632423.2794444445,632423.2794444445
2024-05-20 20:00:00+00:00,523879.34027777775,523879.34027777775
2024-05-20 21:00:00+00:00,247189.14027777777,689043.5863467264
2024-05-20 22:00:00+00:00,313144.9713888889,623037.6225832141
2024-05-20 23:00:00+00:00,565384.7069444444,565384.7069444444
2024-05-21 00:00:00+00:00,382007.9955555556,580310.075926451
2024-05-21 01:00:00+00:00,472513.4508333333,472513.4508333333
2024-05-21 02:00:00+00:00,551539.4102777778,518201.60861370474
2024-05-21 03:00:00+00:00,941570.3425,576169.8979611398
2024-05-21 04:00:00+00:00,1216524.2052777775,686750.1916355023
2024-05-21 05:00:00+00:00,1186872.0119444444,1186872.0119444444
2024-05-21 06:00:00+00:00,1502756.8236111111,1502756.8236111111
2024-05-21 07:00:00+00:00,872874.0036111111,1210248.4067039422
2024-05-21 08:00:00+00:00,981148.0180555556,1283760.6981981928
2024-05-21 09:00:00+00:00,882034.55,1271136.2394073387
2024-05-21 10:00:00+00:00,1006877.4311111112,1006877.4311111112
2024-05-21 11:00:00+00:00,738689.0580555556,1121372.4304420925
2024-05-21 12:00:00+00:00,1248578.2066666668,1248578.2066666668
2024-05-21 13:00:00+00:00,1329429.2327777778,1178419.3532558952
2024-05-21 14:00:00+00:00,1030194.4922222224,1148994.8148048003
2024-05-21 15:00:00+00:00,835720.4052777778,835720.4052777778
2024-05-21 16:00:00+00:00,1153868.7497222223,1153868.7497222223
2024-05-21 17:00:00+00:00,810183.2297222222,1049722.0228843829
2024-05-21 18:00:00+00:00,696842.8647222222,696842.8647222222
2024-05-21 19:00:00+00:00,473055.1355555556,865220.0651939786
2024-05-21 20:00:00+00:00,136127.93305555556,745704.0841584569
2024-05-21 21:00:00+00:00,470524.24,632243.8985128062
2024-05-21 22:00:00+00:00,274314.42,274314.42
2024-05-21 23:00:00+00:00,151312.1902777778,151312.1902777778
2024-05-22 00:00:00+00:00,120435.31944444444,299465.8567584995
2024-05-22 01:00:00+00:00,159602.5938888889,159602.5938888889
2024-05-22 02:00:00+00:00,379655.82416666666,379655.82416666666
2024-05-22 03:00:00+00:00,478297.2208333333,478297.2208333333
2024-05-22 04:00:00+00:00,919678.9047222222,919678.9047222222
2024-05-22 05:00:00+00:00,621860.7463888889,621860.7463888889
2024-05-22 06:00:00+00:00,735820.9772222223,735820.9772222223
2024-05-22 07:00:00+00:00,386077.5988888889,667098.5072629441
2024-05-22 08:00:00+00:00,1040886.4161111112,1040886.4161111112
2024-05-22 09:00:00+00:00,584316.2280555556,584316.2280555556
2024-05-22 10:00:00+00:00,451460.1788888889,451460.1788888889
2024-05-22 11:00:00+00:00,239109.55333333332,239109.55333333332
2024-05-22 12:00:00+00:00,363660.7944444445,454886.2543788997
2024-05-22 13:00:00+00:00,524798.3505555555,524798.3505555555
2024-05-22 14:00:00+00:00,508451.1680555556,467444.17984089884
2024-05-22 15:00:00+00:00,570281.3327777778,570281.3327777778
2024-05-22 16:00:00+00:00,416823.0125,531996.7977643223
2024-05-22 17:00:00+00:00,584904.0797222222,523827.78118313424
2024-05-22 18:00:00+00:00,399241.4355555556,399241.4355555556
2024-05-22 19:00:00+00:00,88715.36777777778,88715.36777777778
2024-05-22 20:00:00+00:00,227838.16222222225,227838.16222222225
2024-05-22 21:00:00+00:00,144082.56305555557,144082.56305555557
2024-05-22 22:00:00+00:00,268044.2138888889,212349.63642705837
2024-05-22 23:00:00+00:00,235561.9655555556,235561.9655555556
2024-05-23 00:00:00+00:00,171958.3711111111,216934.1969854973
2024-05-23 01:00:00+00:00,201594.4875,201594.4875
2024-05-23 02:00:00+00:00,351899.8616666667,351899.8616666667
2024-05-23 03:00:00+00:00,333147.03444444446,272258.3521637155
2024-05-23 04:00:00+00:00,184839.46944444443,184839.46944444443
2024-05-23 05:00:00+00:00,309656.0127777778,309656.0127777778
2024-05-23 06:00:00+00:00,175321.99666666667,266532.4622578695
2024-05-23 07:00:00+00:00,159464.9325,159464.9325
2024-05-23 08:00:00+00:00,260908.3411111111,260908.3411111111
2024-05-23 09:00:00+00:00,386526.0527777778,233315.415849147
2024-05-23 10:00:00+00:00,711582.0402777778,711582.0402777778
2024-05-23 11:00:00+00:00,692480.1561111112,504125.40521178395
2024-05-23 12:00:00+00:00,738102.5377777778,537730.5813296658
2024-05-23 13:00:00+00:00,320347.6977777778,320347.6977777778
2024-05-23 14:00:00+00:00,692531.3130555556,421525.0580001871
2024-05-23 15:00:00+00:00,494832.7555555556,479371.0477708126
2024-05-23 16:00:00+00:00,1021743.0525,1021743.0525
2024-05-23 17:00:00+00:00,1007103.7266666668,791826.4658445277
2024-05-23 18:00:00+00:00,1108961.0313888888,1108961.0313888888
2024-05-23 19:00:00+00:00,388920.0622222222,388920.0622222222
2024-05-23 20:00:00+00:00,348372.8538888889,732007.4650499239
2024-05-23 21:00:00+00:00,335818.2475,335818.2475
2024-05-23 22:00:00+00:00,144731.9127777778,468295.87478901114
2024-05-23 23:00:00+00:00,181165.1180555556,181165.1180555556
2024-05-24 00:00:00+00:00,130673.57666666666,291460.26866212266
2024-05-24 01:00:00+00:00,101766.53472222222,101766.53472222222
2024-05-24 02:00:00+00:00,931057.1672222222,171833.0388727687
2024-05-24 03:00:00+00:00,397201.8805555556,397201.8805555556
2024-05-24 04:00:00+00:00,668759.8363888889,289229.73723894474
2024-05-24 05:00:00+00:00,445005.4755555556,346180.80300957704
2024-05-24 06:00:00+00:00,464993.45972222224,464993.45972222224
2024-05-24 07:00:00+00:00,443229.50916666666,443229.50916666666
2024-05-24 08:00:00+00:00,284704.42333333334,284704.42333333334
2024-05-24 09:00:00+00:00,707602.7397222222,367229.7770855496
2024-05-24 10:00:00+00:00,597644.8652777778,328895.35885558603
2024-05-24 11:00:00+00:00,666910.3861111111,304942.519998355
2024-05-24 12:00:00+00:00,512676.01972222223,289098.3767304274
2024-05-24 13:00:00+00:00,257892.57222222225,257892.57222222225
2024-05-24 14:00:00+00:00,259541.31944444444,259541.31944444444
2024-05-24 15:00:00+00:00,235717.5638888889,235717.5638888889
2024-05-24 16:00:00+00:00,266020.79555555555,252198.7359414793
2024-05-24 17:00:00+00:00,151284.3047222222,151284.3047222222
2024-05-24 18:00:00+00:00,197682.59833333333,197682.59833333333
2024-05-24 19:00:00+00:00,240307.7708333333,195463.64227004733
2024-05-24 20:00:00+00:00,250818.43166666667,250818.43166666667
2024-05-24 21:00:00+00:00,130082.22444444444,226687.46206619305
2024-05-24 22:00:00+00:00,143795.53555555554,222516.32615572342
2024-05-24 23:00:00+00:00,149736.55416666667,149736.55416666667
2024-05-25 00:00:00+00:00,87257.21777777778,181159.38571613983
2024-05-25 01:00:00+00:00,103268.66,103268.66
2024-05-25 02:00:00+00:00,109983.66777777778,133743.86473470984
2024-05-25 03:00:00+00:00,138529.09027777778,124781.81362609017
2024-05-25 04:00:00+00:00,86944.10916666666,124059.2520902316
2024-05-25 05:00:00+00:00,104661.12194444444,127982.32167910432
2024-05-25 06:00:00+00:00,152910.07722222223,152910.07722222223
2024-05-25 07:00:00+00:00,243172.13722222223,142543.9481835632
2024-05-25 08:00:00+00:00,303204.56583333336,303204.56583333336
2024-05-25 09:00:00+00:00,203800.31805555557,203800.31805555557
2024-05-25 10:00:00+00:00,620704.1161111111,220630.35632447485
2024-05-25 11:00:00+00:00,887701.6969444444,296118.2468436807
2024-05-25 12:00:00+00:00,773494.26,773494.26
2024-05-25 13:00:00+00:00,309233.6641666667,309233.6641666667
2024-05-25 14:00:00+00:00,637682.35,637682.35
2024-05-25 15:00:00+00:00,713371.0261111112,536992.9972082322
2024-05-25 16:00:00+00:00,761386.71,761386.71
2024-05-25 17:00:00+00:00,440929.2688888889,440929.2688888889
2024-05-25 18:00:00+00:00,260374.09805555557,572814.6593843801
2024-05-25 19:00:00+00:00,254304.7625,481329.38603146025
2024-05-25 20:00:00+00:00,207352.0133333333,207352.0133333333
2024-05-25 21:00:00+00:00,231161.15694444443,313596.68033388595
2024-05-25 22:00:00+00:00,99962.12055555556,249114.53254518518
2024-05-25 23:00:00+00:00,175207.85083333333,194616.98642080458
2024-05-26 00:00:00+00:00,40988.54361111111,40988.54361111111
2024-05-26 01:00:00+00:00,95641.53444444443,95641.53444444443
2024-05-26 02:00:00+00:00,101273.67166666666,98130.02757862234
2024-05-26 03:00:00+00:00,185453.0936111111,185453.0936111111
2024-05-26 04:00:00+00:00,138027.43833333332,138027.43833333332
2024-05-26 05:00:00+00:00,183670.73944444445,142888.8774325829
2024-05-26 06:00:00+00:00,171996.05222222224,171996.05222222224
2024-05-26 07:00:00+00:00,402948.0652777778,158566.02886272382
2024-05-26 08:00:00+00:00,306574.9980555556,193373.04868291452
2024-05-26 09:00:00+00:00,371107.7958333333,371107.7958333333
2024-05-26 10:00:00+00:00,419413.0119444445,419413.0119444445
2024-05-26 11:00:00+00:00,748548.6769444444,351117.3575819389
2024-05-26 12:00:00+00:00,862174.8783333333,862174.8783333333
2024-05-26 13:00:00+00:00,823790.0002777778,823790.0002777778
2024-05-26 14:00:00+00:00,469247.06416666665,723134.2059347555
2024-05-26 15:00:00+00:00,501583.4986111112,501583.4986111112
2024-05-26 16:00:00+00:00,918132.77,918132.77
2024-05-26 17:00:00+00:00,1310443.2719444444,745320.9136431043
2024-05-26 18:00:00+00:00,1247089.9419444446,1247089.9419444446
2024-05-26 19:00:00+00:00,743516.5466666666,1047128.5728757527
2024-05-26 20:00:00+00:00,387733.51166666666,1000835.0008143778
2024-05-26 21:00:00+00:00,328799.8013888889,328799.8013888889
2024-05-26 22:00:00+00:00,380567.36833333335,380567.36833333335
2024-05-26 23:00:00+00:00,217804.1325,217804.1325
2024-05-27 00:00:00+00:00,65131.90277777778,65131.90277777778
2024-05-27 01:00:00+00:00,137753.475,137753.475
2024-05-27 02:00:00+00:00,273782.03833333333,198481.66061218065
2024-05-27 03:00:00+00:00,459640.86833333335,459640.86833333335
2024-05-27 04:00:00+00:00,644346.0844444444,644346.0844444444
2024-05-27 05:00:00+00:00,689020.0625,689020.0625
2024-05-27 06:00:00+00:00,422654.3413888889,422654.3413888889
2024-05-27 07:00:00+00:00,613629.6516666666,503554.6041653561
2024-05-27 08:00:00+00:00,471373.37388888886,487203.988937503
2024-05-27 09:00:00+00:00,531356.5388888889,496921.14937940455
2024-05-27 10:00:00+00:00,511970.7088888889,521335.97633747885
2024-05-27 11:00:00+00:00,639723.7827777778,639723.7827777778
2024-05-27 12:00:00+00:00,383949.2683333333,383949.2683333333
2024-05-27 13:00:00+00:00,437884.1005555556,500921.8685874762
2024-05-27 14:00:00+00:00,452265.47444444447,445134.61386624695
2024-05-27 15:00:00+00:00,351163.7233333333,351163.7233333333
2024-05-27 16:00:00+00:00,485504.83944444446,383724.5623990443
2024-05-27 17:00:00+00:00,646063.8230555556,646063.8230555556
2024-05-27 18:00:00+00:00,520301.3025,526404.645099587
2024-05-27 19:00:00+00:00,375038.9738888889,546176.4711506775
2024-05-27 20:00:00+00:00,389927.2416666666,524903.8205871428
2024-05-27 21:00:00+00:00,348747.27944444446,348747.27944444446
2024-05-27 22:00:00+00:00,131436.84944444444,423026.71821788047
2024-05-27 23:00:00+00:00,115966.60083333332,115966.60083333332
2024-05-28 00:00:00+00:00,232252.67833333332,242204.08210230747
2024-05-28 01:00:00+00:00,59681.51305555556,217483.99165405822
2024-05-28 02:00:00+00:00,324654.87944444444,324654.87944444444
2024-05-28 03:00:00+00:00,565552.8383333334,273478.07162325125
2024-05-28 04:00:00+00:00,229846.79361111112,317295.22357412317
2024-05-28 05:00:00+00:00,472497.7336111111,472497.7336111111
2024-05-28 06:00:00+00:00,488092.6608333333,488092.6608333333
2024-05-28 07:00:00+00:00,479182.1591666667,444648.18993125623
2024-05-28 08:00:00+00:00,682413.3338888889,467036.155590249
2024-05-28 09:00:00+00:00,511743.1172222222,511743.1172222222
2024-05-28 10:00:00+00:00,436761.1338888889,436761.1338888889
2024-05-28 11:00:00+00:00,371092.6016666667,371092.6016666667
2024-05-28 12:00:00+00:00,409319.76972222223,409319.76972222223
2024-05-28 13:00:00+00:00,352415.6975,352415.6975
2024-05-28 14:00:00+00:00,330192.8325,390063.08730823436
2024-05-28 15:00:00+00:00,701553.6283333333,405005.0600823717
2024-05-28 16:00:00+00:00,568128.3827777777,568128.3827777777
2024-05-28 17:00:00+00:00,569513.7961111111,569513.7961111111
2024-05-28 18:00:00+00:00,617359.7363888889,617359.7363888889
2024-05-28 19:00:00+00:00,405213.6622222223,405213.6622222223
2024-05-28 20:00:00+00:00,350113.8202777778,496904.187214448
2024-05-28 21:00:00+00:00,165647.83472222224,165647.83472222224
2024-05-28 22:00:00+00:00,169107.5613888889,169107.5613888889
2024-05-28 23:00:00+00:00,218352.0897222222,218352.0897222222
2024-05-29 00:00:00+00:00,167260.30277777778,167260.30277777778
2024-05-29 01:00:00+00:00,189291.41583333333,189291.41583333333
2024-05-29 02:00:00+00:00,380783.0858333333,197554.7170870876
2024-05-29 03:00:00+00:00,342200.58805555553,342200.58805555553
2024-05-29 04:00:00+00:00,518398.8869444445,518398.8869444445
2024-05-29 05:00:00+00:00,842530.7616666667,842530.7616666667
2024-05-29 06:00:00+00:00,457972.6411111111,457972.6411111111
2024-05-29 07:00:00+00:00,556001.74,556001.74
2024-05-29 08:00:00+00:00,403327.0422222222,403327.0422222222
2024-05-29 09:00:00+00:00,628773.0911111111,628773.0911111111
2024-05-29 10:00:00+00:00,707445.9558333333,545277.652887681
2024-05-29 11:00:00+00:00,469019.1963888889,469019.1963888889
2024-05-29 12:00:00+00:00,303531.6936111111,303531.6936111111
2024-05-29 13:00:00+00:00,448438.0188888889,448438.0188888889
2024-05-29 14:00:00+00:00,248941.9325,248941.9325
2024-05-29 15:00:00+00:00,379825.7291666667,352885.3118915303
2024-05-29 16:00:00+00:00,593376.7808333334,593376.7808333334
2024-05-29 17:00:00+00:00,690259.8505555555,690259.8505555555
2024-05-29 18:00:00+00:00,324540.2455555556,324540.2455555556
2024-05-29 19:00:00+00:00,136654.72222222222,462175.2554039978
2024-05-29 20:00:00+00:00,190203.31722222225,190203.31722222225
2024-05-29 21:00:00+00:00,252975.64833333332,293181.35362303455
2024-05-29 22:00:00+00:00,494631.81166666665,494631.81166666665
2024-05-29 23:00:00+00:00,144415.14694444445,144415.14694444445
2024-05-30 00:00:00+00:00,87337.57527777778,284662.31300300924
2024-05-30 01:00:00+00:00,110184.20166666666,110184.20166666666
2024-05-30 02:00:00+00:00,289114.4652777777,289114.4652777777
2024-05-30 03:00:00+00:00,346661.1538888889,346661.1538888889
2024-05-30 04:00:00+00:00,413106.6083333333,276303.9512491252
2024-05-30 05:00:00+00:00,512266.3580555556,512266.3580555556
2024-05-30 06:00:00+00:00,549900.7263888889,416890.8603302991
2024-05-30 07:00:00+00:00,624858.3947222222,624858.3947222222
2024-05-30 08:00:00+00:00,766321.7077777778,766321.7077777778
2024-05-30 09:00:00+00:00,747598.6105555556,641479.2087704265
2024-05-30 10:00:00+00:00,597344.1366666667,597344.1366666667
2024-05-30 11:00:00+00:00,499702.65472222224,499702.65472222224
2024-05-30 12:00:00+00:00,584565.2055555555,584565.2055555555
2024-05-30 13:00:00+00:00,669811.5277777778,578823.2540371728
2024-05-30 14:00:00+00:00,373309.6872222222,560263.2030272566
2024-05-30 15:00:00+00:00,439683.7833333333,439683.7833333333
2024-05-30 16:00:00+00:00,405270.63333333336,489892.5508912658
2024-05-30 17:00:00+00:00,379312.8008333333,379312.8008333333
2024-05-30 18:00:00+00:00,342347.8383333333,421889.37366218236
2024-05-30 19:00:00+00:00,212516.69777777776,364674.4135327013
2024-05-30 20:00:00+00:00,113519.45138888888,113519.45138888888
2024-05-30 21:00:00+00:00,220848.00222222225,215149.83131381386
2024-05-30 22:00:00+00:00,223885.9738888889,223885.9738888889
2024-05-30 23:00:00+00:00,57707.02111111111,207537.74672563962
2024-05-31 00:00:00+00:00,27351.293055555558,27351.293055555558
2024-05-31 01:00:00+00:00,82610.83638888889,108798.87139400208
2024-05-31 02:00:00+00:00,187351.1833333333,187351.1833333333
2024-05-31 03:00:00+00:00,498326.9288888889,498326.9288888889
2024-05-31 04:00:00+00:00,535445.7230555556,297818.58428599476
2024-05-31 05:00:00+00:00,3183547.895,3183547.895
2024-05-31 06:00:00+00:00,637197.9505555555,1935994.8343380895
2024-05-31 07:00:00+00:00,477342.83222222223,477342.83222222223
2024-05-31 08:00:00+00:00,698245.1422222222,1273810.062914867
2024-05-31 09:00:00+00:00,823898.4380555556,823898.4380555556
2024-05-31 10:00:00+00:00,635105.1794444445,924311.2054210508
2024-05-31 11:00:00+00:00,433984.58166666667,433984.58166666667
2024-05-31 12:00:00+00:00,640311.7438888889,640311.7438888889
2024-05-31 13:00:00+00:00,535003.0658333333,535003.0658333333
2024-05-31 14:00:00+00:00,433675.21527777775,593581.4872950441
2024-05-31 15:00:00+00:00,415453.3747222222,576827.1926235782
2024-05-31 16:00:00+00:00,286215.9675,576176.842361775
2024-05-31 17:00:00+00:00,615669.2575,615669.2575
2024-05-31 18:00:00+00:00,374599.0552777778,374599.0552777778
2024-05-31 19:00:00+00:00,327361.26416666666,500645.61341919575
2024-05-31 20:00:00+00:00,200622.1261111111,200622.1261111111
2024-05-31 21:00:00+00:00,110317.84083333334,110317.84083333334
2024-05-31 22:00:00+00:00,35546.03888888889,227071.43786794643
2024-05-31 23:00:00+00:00,146570.78944444444,146570.78944444444
2024-06-01 00:00:00+00:00,173103.96166666667,167704.06768037894
2024-06-01 01:00:00+00:00,37965.71166666667,152344.6257460095
2024-06-01 02:00:00+00:00,104328.76583333334,104328.76583333334
2024-06-01 03:00:00+00:00,93391.44666666668,123055.75693703948
2024-06-01 04:00:00+00:00,222084.38194444444,222084.38194444444
2024-06-01 05:00:00+00:00,405006.2141666667,405006.2141666667
2024-06-01 06:00:00+00:00,292861.8055555556,292861.8055555556
2024-06-01 07:00:00+00:00,328605.28305555554,328605.28305555554
2024-06-01 08:00:00+00:00,503522.81333333335,503522.81333333335
2024-06-01 09:00:00+00:00,471026.97944444447,390507.0161541379
2024-06-01 10:00:00+00:00,219220.17277777777,219220.17277777777
2024-06-01 11:00:00+00:00,231951.66916666663,231951.66916666663
2024-06-01 12:00:00+00:00,389338.0308333333,389338.0308333333
2024-06-01 13:00:00+00:00,589396.7863888888,324975.8493153675
2024-06-01 14:00:00+00:00,318366.77555555553,318366.77555555553
2024-06-01 15:00:00+00:00,539283.6586111111,539283.6586111111
2024-06-01 16:00:00+00:00,491571.4397222222,420830.19598989567
2024-06-01 17:00:00+00:00,526920.4547222222,526920.4547222222
2024-06-01 18:00:00+00:00,436896.0975,494714.7122787638
2024-06-01 19:00:00+00:00,352436.0511111111,449342.86836252257
2024-06-01 20:00:00+00:00,118236.81722222222,118236.81722222222
2024-06-01 21:00:00+00:00,69060.85166666667,69060.85166666667
2024-06-01 22:00:00+00:00,42648.94805555556,175023.9966581585
2024-06-01 23:00:00+00:00,70319.07972222222,133103.19747779952
2024-06-02 00:00:00+00:00,141258.58472222224,113764.86201906677
2024-06-02 01:00:00+00:00,108473.15083333332,108473.15083333332
2024-06-02 02:00:00+00:00,175711.69416666665,175711.69416666665
2024-06-02 03:00:00+00:00,168161.87027777778,168161.87027777778
2024-06-02 04:00:00+00:00,263580.1794444444,150808.06934709355
2024-06-02 05:00:00+00:00,138755.4938888889,138755.4938888889
2024-06-02 06:00:00+00:00,214638.78833333333,214638.78833333333
2024-06-02 07:00:00+00:00,373501.0863888889,373501.0863888889
2024-06-02 08:00:00+00:00,270715.97694444447,262174.84787957475
2024-06-02 09:00:00+00:00,463916.1716666667,315597.89792060154
2024-06-02 10:00:00+00:00,406964.7758333333,406964.7758333333
2024-06-02 11:00:00+00:00,422404.2397222222,422404.2397222222
2024-06-02 12:00:00+00:00,475553.6069444445,395775.86126056506
2024-06-02 13:00:00+00:00,583879.5616666666,583879.5616666666
2024-06-02 14:00:00+00:00,408010.2158333333,504226.1106128035
2024-06-02 15:00:00+00:00,476515.6694444445,546772.159195296
2024-06-02 16:00:00+00:00,637549.8688888889,637549.8688888889
2024-06-02 17:00:00+00:00,612711.2686111111,612711.2686111111
2024-06-02 18:00:00+00:00,556336.1425,556336.1425
2024-06-02 19:00:00+00:00,338889.56111111114,338889.56111111114
2024-06-02 20:00:00+00:00,143262.31944444444,143262.31944444444
2024-06-02 21:00:00+00:00,110929.09055555557,331941.66873708146
2024-06-02 22:00:00+00:00,128304.1386111111,128304.1386111111
2024-06-02 23:00:00+00:00,56942.17416666666,56942.17416666666
2024-06-03 00:00:00+00:00,87971.59222222223,87971.59222222223
2024-06-03 01:00:00+00:00,180843.09694444443,180843.09694444443
2024-06-03 02:00:00+00:00,209354.49138888888,209354.49138888888
2024-06-03 03:00:00+00:00,548716.6511111112,172133.52403418144
2024-06-03 04:00:00+00:00,441858.09555555554,246479.6997123038
2024-06-03 05:00:00+00:00,609042.7302777778,609042.7302777778
2024-06-03 06:00:00+00:00,578331.6727777778,578331.6727777778
2024-06-03 07:00:00+00:00,747121.4411111111,512188.2761148691
2024-06-03 08:00:00+00:00,729166.0252777778,539753.8454205797
2024-06-03 09:00:00+00:00,569496.7805555556,569496.7805555556
2024-06-03 10:00:00+00:00,518082.13138888887,560765.7827560782
2024-06-03 11:00:00+00:00,526765.4863888889,532273.108869829
2024-06-03 12:00:00+00:00,347331.8872222222,347331.8872222222
2024-06-03 13:00:00+00:00,473817.59305555554,473817.59305555554
2024-06-03 14:00:00+00:00,349915.0466666667,349915.0466666667
2024-06-03 15:00:00+00:00,441826.27,441826.27
2024-06-03 16:00:00+00:00,376400.18,420523.93008600414
2024-06-03 17:00:00+00:00,639706.7361111111,639706.7361111111
2024-06-03 18:00:00+00:00,291816.07694444444,545696.7838348524
2024-06-03 19:00:00+00:00,454661.3016666667,522761.961579794
2024-06-03 20:00:00+00:00,199931.74416666667,199931.74416666667
2024-06-03 21:00:00+00:00,146794.9025,146794.9025
2024-06-03 22:00:00+00:00,76807.705,76807.705
2024-06-03 23:00:00+00:00,124970.72333333331,177245.96881347074
2024-06-04 00:00:00+00:00,108910.47472222222,108910.47472222222
2024-06-04 01:00:00+00:00,147957.13,147957.13
2024-06-04 02:00:00+00:00,243139.2422222222,243139.2422222222
2024-06-04 03:00:00+00:00,474356.6438888889,474356.6438888889
2024-06-04 04:00:00+00:00,459831.695,309919.7097748401
2024-06-04 05:00:00+00:00,459959.9944444444,459959.9944444444
2024-06-04 06:00:00+00:00,822422.9438888889,822422.9438888889
2024-06-04 07:00:00+00:00,444182.1847222222,444182.1847222222
2024-06-04 08:00:00+00:00,605115.4666666667,605115.4666666667
2024-06-04 09:00:00+00:00,891520.035,891520.035
2024-06-04 10:00:00+00:00,670224.4213888888,705401.2974110355
2024-06-04 11:00:00+00:00,494086.6961111111,784692.5693623016
2024-06-04 12:00:00+00:00,878527.2119444445,878527.2119444445
2024-06-04 13:00:00+00:00,625736.3644444444,625736.3644444444
2024-06-04 14:00:00+00:00,446027.5094444445,446027.5094444445
2024-06-04 15:00:00+00:00,309837.96166666667,618569.4689160333
2024-06-04 16:00:00+00:00,280905.945,566301.5654125342
2024-06-04 17:00:00+00:00,604156.0519444444,604156.0519444444
2024-06-04 18:00:00+00:00,679285.1552777778,679285.1552777778
2024-06-04 19:00:00+00:00,348787.25138888886,622831.7960269718
2024-06-04 20:00:00+00:00,234567.22972222223,234567.22972222223
2024-06-04 21:00:00+00:00,223010.16583333333,412679.9816214987
2024-06-04 22:00:00+00:00,261312.2144444445,261312.2144444445
2024-06-04 23:00:00+00:00,222933.88805555555,306143.1910283518
2024-06-05 00:00:00+00:00,310819.9736111111,293100.71283300326
2024-06-05 01:00:00+00:00,228558.4727777778,292258.70414415054
2024-06-05 02:00:00+00:00,321028.33472222224,321028.33472222224
2024-06-05 03:00:00+00:00,562158.8122222222,562158.8122222222
2024-06-05 04:00:00+00:00,781321.67,781321.67
2024-06-05 05:00:00+00:00,738657.1969444444,738657.1969444444
2024-06-05 06:00:00+00:00,588941.1063888889,588941.1063888889
2024-06-05 07:00:00+00:00,615978.9358333333,621971.320364917
2024-06-05 08:00:00+00:00,777657.8544444444,777657.8544444444
2024-06-05 09:00:00+00:00,884653.3127777778,704960.0879234145
2024-06-05 10:00:00+00:00,618213.2866666666,618213.2866666666
2024-06-05 11:00:00+00:00,378888.4675,378888.4675
2024-06-05 12:00:00+00:00,458792.75416666665,458792.75416666665
2024-06-05 13:00:00+00:00,319662.4525,504821.0346784377
2024-06-05 14:00:00+00:00,298140.4588888889,298140.4588888889
2024-06-05 15:00:00+00:00,484524.25916666666,383598.2735440597
2024-06-05 16:00:00+00:00,465146.0522222222,402103.19063945895
2024-06-05 17:00:00+00:00,681790.2608333334,681790.2608333334
2024-06-05 18:00:00+00:00,747507.0722222222,747507.0722222222
2024-06-05 19:00:00+00:00,345721.315,345721.315
2024-06-05 20:00:00+00:00,332066.3786111111,513103.97965989663
2024-06-05 21:00:00+00:00,481187.2522222222,481187.2522222222
2024-06-05 22:00:00+00:00,272693.9677777777,272693.9677777777
2024-06-05 23:00:00+00:00,267128.5236111111,267128.5236111111
2024-06-06 00:00:00+00:00,248242.45972222224,248242.45972222224
2024-06-06 01:00:00+00:00,240145.03944444444,296863.3020267613
2024-06-06 02:00:00+00:00,362877.5416666667,362877.5416666667
2024-06-06 03:00:00+00:00,571730.9391666667,571730.9391666667
2024-06-06 04:00:00+00:00,733077.6655555556,733077.6655555556
2024-06-06 05:00:00+00:00,808007.6169444445,808007.6169444445
2024-06-06 06:00:00+00:00,683077.6869444444,683077.6869444444
2024-06-06 07:00:00+00:00,534159.0472222222,534159.0472222222
2024-06-06 08:00:00+00:00,767590.8430555556,767590.8430555556
2024-06-06 09:00:00+00:00,463783.8125,681106.7800380272
2024-06-06 10:00:00+00:00,385065.7727777778,677447.7799597903
2024-06-06 11:00:00+00:00,482972.1427777778,482972.1427777778
2024-06-06 12:00:00+00:00,586075.2816666666,586075.2816666666
2024-06-06 13:00:00+00:00,554058.6475,554058.6475
2024-06-06 14:00:00+00:00,657427.985,657427.985
2024-06-06 15:00:00+00:00,387560.3522222222,387560.3522222222
2024-06-06 16:00:00+00:00,806648.9233333333,510782.3548420359
2024-06-06 17:00:00+00:00,341766.3536111111,341766.3536111111
2024-06-06 18:00:00+00:00,571739.7141666666,571739.7141666666
2024-06-06 19:00:00+00:00,508361.24916666665,508361.24916666665
2024-06-06 20:00:00+00:00,513370.06638888887,513370.06638888887
2024-06-06 21:00:00+00:00,378906.205,378906.205
2024-06-06 22:00:00+00:00,329853.45666666667,329853.45666666667
2024-06-06 23:00:00+00:00,393478.045,393478.045
2024-06-07 00:00:00+00:00,341851.9786111111,341851.9786111111
2024-06-07 01:00:00+00:00,320658.2580555556,371775.212687004
2024-06-07 02:00:00+00:00,481442.1063888889,481442.1063888889
2024-06-07 03:00:00+00:00,538950.1986111111,538950.1986111111
2024-06-07 04:00:00+00:00,636676.1413888889,477191.3292057666
2024-06-07 05:00:00+00:00,934817.0502777778,934817.0502777778
2024-06-07 06:00:00+00:00,972364.3458333332,972364.3458333332
2024-06-07 07:00:00+00:00,771449.8158333333,771449.8158333333
2024-06-07 08:00:00+00:00,1364494.328888889,1364494.328888889
2024-06-07 09:00:00+00:00,846477.8894444444,1052461.1376171764
2024-06-07 10:00:00+00:00,1196141.3094444445,1184637.279523313
2024-06-07 11:00:00+00:00,1154545.1038888888,1255236.6068402568
2024-06-07 12:00:00+00:00,1328500.5044444446,1328500.5044444446
2024-06-07 13:00:00+00:00,756546.7694444444,756546.7694444444
2024-06-07 14:00:00+00:00,1397177.546111111,1397177.546111111
2024-06-07 15:00:00+00:00,772120.3094444445,772120.3094444445
2024-06-07 16:00:00+00:00,654476.8655555556,1019626.2120476105
2024-06-07 17:00:00+00:00,1222304.1061111111,891209.7086987189
2024-06-07 18:00:00+00:00,607777.6797222223,798344.6156082058
2024-06-07 19:00:00+00:00,584483.2461111111,584483.2461111111
2024-06-07 20:00:00+00:00,546641.1230555555,664005.7342094205
2024-06-07 21:00:00+00:00,601681.4780555556,601681.4780555556
2024-06-07 22:00:00+00:00,299033.735,299033.735
2024-06-07 23:00:00+00:00,328624.7708333333,328624.7708333333
2024-06-08 00:00:00+00:00,237288.12472222224,413778.1322303346
2024-06-08 01:00:00+00:00,216826.28833333333,404762.8573189944
2024-06-08 02:00:00+00:00,522078.01916666667,522078.01916666667
2024-06-08 03:00:00+00:00,516755.08555555553,516755.08555555553
2024-06-08 04:00:00+00:00,473157.9208333333,489787.42756280093
2024-06-08 05:00:00+00:00,626602.0783333334,626602.0783333334
2024-06-08 06:00:00+00:00,543107.5180555555,543107.5180555555
2024-06-08 07:00:00+00:00,569034.7561111111,569034.7561111111
2024-06-08 08:00:00+00:00,771546.5530555556,562838.8070829316
2024-06-08 09:00:00+00:00,553510.0205555556,589865.263351532
2024-06-08 10:00:00+00:00,1096148.7577777775,629427.3969532979
2024-06-08 11:00:00+00:00,921923.1116666668,676057.4602216131
2024-06-08 12:00:00+00:00,847867.1638888889,847867.1638888889
2024-06-08 13:00:00+00:00,831022.6122222223,831022.6122222223
2024-06-08 14:00:00+00:00,1134770.0013888888,1134770.0013888888
2024-06-08 15:00:00+00:00,863775.16,863775.16
2024-06-08 16:00:00+00:00,817130.7466666667,910779.2686028997
2024-06-08 17:00:00+00:00,466301.4452777778,905693.1221999798
2024-06-08 18:00:00+00:00,969805.0977777778,969805.0977777778
2024-06-08 19:00:00+00:00,638338.2147222222,638338.2147222222
2024-06-08 20:00:00+00:00,239909.64138888888,239909.64138888888
2024-06-08 21:00:00+00:00,465643.4222222222,560684.3250677411
2024-06-08 22:00:00+00:00,328160.9075,415396.55041132274
2024-06-08 23:00:00+00:00,315032.8677777778,328105.7420289202
2024-06-09 00:00:00+00:00,190627.4583333333,190627.4583333333
2024-06-09 01:00:00+00:00,137936.89944444445,137936.89944444445
2024-06-09 02:00:00+00:00,252890.0872222222,252890.0872222222
2024-06-09 03:00:00+00:00,376303.2463888889,376303.2463888889
2024-06-09 04:00:00+00:00,539707.2030555556,287997.143201881
2024-06-09 05:00:00+00:00,619326.3836111111,619326.3836111111
2024-06-09 06:00:00+00:00,716257.4841666666,484114.333065296
2024-06-09 07:00:00+00:00,839993.9877777778,839993.9877777778
2024-06-09 08:00:00+00:00,789599.3466666667,789599.3466666667
2024-06-09 09:00:00+00:00,787853.8683333333,787853.8683333333
2024-06-09 10:00:00+00:00,925541.5452777778,760267.4826179857
2024-06-09 11:00:00+00:00,919569.6469444444,919569.6469444444
2024-06-09 12:00:00+00:00,870403.3386111112,870403.3386111112
2024-06-09 13:00:00+00:00,640054.6263888889,860439.5102077377
2024-06-09 14:00:00+00:00,716441.6777777778,863513.3434809458
2024-06-09 15:00:00+00:00,861653.6019444445,861653.6019444445
2024-06-09 16:00:00+00:00,755060.825,862962.0750811856
2024-06-09 17:00:00+00:00,817938.2211111111,818641.1488957468
2024-06-09 18:00:00+00:00,1027173.9711111112,749901.6946994675
2024-06-09 19:00:00+00:00,646929.9755555555,667394.4612317267
2024-06-09 20:00:00+00:00,360132.2605555556,360132.2605555556
2024-06-09 21:00:00+00:00,262303.6925,262303.6925
2024-06-09 22:00:00+00:00,303207.62361111114,386443.4931136159
2024-06-09 23:00:00+00:00,112692.15166666669,112692.15166666669
2024-06-10 00:00:00+00:00,116623.26,218114.07304141065
2024-06-10 01:00:00+00:00,302350.9286111111,262894.0779266425
2024-06-10 02:00:00+00:00,648870.7888888889,378904.56887752225
2024-06-10 03:00:00+00:00,945040.8452777778,945040.8452777778
2024-06-10 04:00:00+00:00,1054577.2611111111,1054577.2611111111
2024-06-10 05:00:00+00:00,1164048.336388889,1164048.336388889
2024-06-10 06:00:00+00:00,1178152.5772222222,994022.5992888031
2024-06-10 07:00:00+00:00,931497.4922222224,1114822.8439876512
2024-06-10 08:00:00+00:00,939294.6152777778,1229572.3431189181
2024-06-10 09:00:00+00:00,1591760.1458333333,1591760.1458333333
2024-06-10 10:00:00+00:00,1151664.4388888888,1450324.6923072403
2024-06-10 11:00:00+00:00,1162258.2063888889,1162258.2063888889
2024-06-10 12:00:00+00:00,610065.6927777778,610065.6927777778
2024-06-10 13:00:00+00:00,1019642.8794444444,1019642.8794444444
2024-06-10 14:00:00+00:00,941213.6030555556,941213.6030555556
2024-06-10 15:00:00+00:00,1304414.0333333334,980084.686534682
2024-06-10 16:00:00+00:00,1650771.4655555557,1650771.4655555557
2024-06-10 17:00:00+00:00,1348115.8961111112,1350311.4833569778
2024-06-10 18:00:00+00:00,884037.3444444444,884037.3444444444
2024-06-10 19:00:00+00:00,507489.465,507489.465
2024-06-10 20:00:00+00:00,353700.9666666667,856528.733475354
2024-06-10 21:00:00+00:00,231967.07083333333,231967.07083333333
2024-06-10 22:00:00+00:00,251448.5922222222,464393.5555403058
2024-06-10 23:00:00+00:00,75497.37861111111,363222.49054653925
2024-06-11 00:00:00+00:00,233394.4647222222,233394.4647222222
2024-06-11 01:00:00+00:00,229097.8625,229097.8625
2024-06-11 02:00:00+00:00,465457.0461111111,465457.0461111111
2024-06-11 03:00:00+00:00,871311.8244444445,871311.8244444445
2024-06-11 04:00:00+00:00,970582.9925,970582.9925
2024-06-11 05:00:00+00:00,1882822.7702777777,747819.168435951
2024-06-11 06:00:00+00:00,1179931.3030555556,898591.0815534871
2024-06-11 07:00:00+00:00,1339296.976111111,1339296.976111111
2024-06-11 08:00:00+00:00,1484995.6552777777,1168971.6250881373
2024-06-11 09:00:00+00:00,1205531.413333333,1205531.413333333
2024-06-11 10:00:00+00:00,1385026.335277778,1210357.3407802992
2024-06-11 11:00:00+00:00,1086114.173888889,1130980.426193876
2024-06-11 12:00:00+00:00,674056.7580555555,674056.7580555555
2024-06-11 13:00:00+00:00,798280.4611111111,798280.4611111111
2024-06-11 14:00:00+00:00,947061.1088888888,947061.1088888888
2024-06-11 15:00:00+00:00,1160928.99,1160928.99
2024-06-11 16:00:00+00:00,585540.4922222223,1004626.5192144557
2024-06-11 17:00:00+00:00,530575.5463888888,530575.5463888888
2024-06-11 18:00:00+00:00,1012091.1569444444,758786.0233796602
2024-06-11 19:00:00+00:00,610095.3827777777,610095.3827777777
2024-06-11 20:00:00+00:00,275785.4319444444,647585.9406959541
2024-06-11 21:00:00+00:00,422134.11,422134.11
2024-06-11 22:00:00+00:00,330681.115,516917.28188930906
2024-06-11 23:00:00+00:00,130570.74777777778,130570.74777777778
2024-06-12 00:00:00+00:00,107101.72277777776,107101.72277777776
2024-06-12 01:00:00+00:00,196421.9788888889,196421.9788888889
2024-06-12 02:00:00+00:00,561158.8991666667,203962.94850775422
2024-06-12 03:00:00+00:00,1084503.4797222223,1084503.4797222223
2024-06-12 04:00:00+00:00,1497401.788888889,695379.4169070409
2024-06-12 05:00:00+00:00,1131953.9088888888,840037.9001870288
2024-06-12 06:00:00+00:00,903851.8591666666,896532.3240695049
2024-06-12 07:00:00+00:00,747528.4922222223,903317.6373568585
2024-06-12 08:00:00+00:00,797145.5622222222,797145.5622222222
2024-06-12 09:00:00+00:00,1383815.325277778,845031.3098900308
2024-06-12 10:00:00+00:00,1808670.5802777775,830181.0456833825
2024-06-12 11:00:00+00:00,838663.0586111111,838663.0586111111
2024-06-12 12:00:00+00:00,856913.5966666667,856913.5966666667
2024-06-12 13:00:00+00:00,667262.4911111111,667262.4911111111
2024-06-12 14:00:00+00:00,791339.0188888889,791339.0188888889
2024-06-12 15:00:00+00:00,736441.5641666667,777306.8631585442
2024-06-12 16:00:00+00:00,869852.4769444445,869852.4769444445
2024-06-12 17:00:00+00:00,846322.8219444444,830778.0771590613
2024-06-12 18:00:00+00:00,806473.7730555555,803459.494676514
2024-06-12 19:00:00+00:00,951705.7644444444,743694.7374067986
2024-06-12 20:00:00+00:00,463026.1730555556,463026.1730555556
2024-06-12 21:00:00+00:00,413348.4136111111,577262.6880484506
2024-06-12 22:00:00+00:00,193184.19833333333,193184.19833333333
2024-06-12 23:00:00+00:00,381504.40305555554,348462.8990937043
2024-06-13 00:00:00+00:00,116087.8325,116087.8325
2024-06-13 01:00:00+00:00,263398.2377777778,263398.2377777778
2024-06-13 02:00:00+00:00,401299.4686111111,227336.74677355302
2024-06-13 03:00:00+00:00,889333.9238888889,889333.9238888889
2024-06-13 04:00:00+00:00,874765.7008333333,874765.7008333333
2024-06-13 05:00:00+00:00,820968.1047222222,820968.1047222222
2024-06-13 06:00:00+00:00,1238771.2427777778,764562.8511934881
2024-06-13 07:00:00+00:00,986679.4344444444,986679.4344444444
2024-06-13 08:00:00+00:00,678939.6352777778,895692.4572682683
2024-06-13 09:00:00+00:00,1159157.5183333333,974879.3766710222
2024-06-13 10:00:00+00:00,1226893.8666666667,1059027.635062403
2024-06-13 11:00:00+00:00,1348925.7330555555,1348925.7330555555
2024-06-13 12:00:00+00:00,682437.2561111111,1234496.010352028
2024-06-13 13:00:00+00:00,631611.6747222223,631611.6747222223
2024-06-13 14:00:00+00:00,596073.7341666666,911471.0709960731
2024-06-13 15:00:00+00:00,576492.5730555556,576492.5730555556
2024-06-13 16:00:00+00:00,768207.0833333334,689759.4407373079
2024-06-13 17:00:00+00:00,708234.4569444444,708234.4569444444
2024-06-13 18:00:00+00:00,756368.4447222222,756368.4447222222
2024-06-13 19:00:00+00:00,563612.5111111111,716784.2158289937
2024-06-13 20:00:00+00:00,811441.5897222222,690362.2804426622
2024-06-13 21:00:00+00:00,455886.3458333333,455886.3458333333
2024-06-13 22:00:00+00:00,323384.8983333333,323384.8983333333
2024-06-13 23:00:00+00:00,334277.7177777777,334277.7177777777
2024-06-14 00:00:00+00:00,210732.92194444445,401784.69829903624
2024-06-14 01:00:00+00:00,298745.2775,298745.2775
2024-06-14 02:00:00+00:00,515780.1438888889,335870.56295899954
2024-06-14 03:00:00+00:00,866759.8441666666,393680.15447814635
2024-06-14 04:00:00+00:00,807734.0616666666,807734.0616666666
2024-06-14 05:00:00+00:00,1247586.115,1247586.115
2024-06-14 06:00:00+00:00,1222108.7413888888,1222108.7413888888
2024-06-14 07:00:00+00:00,817158.8197222222,817158.8197222222
2024-06-14 08:00:00+00:00,808240.1333333333,943668.7480351402
2024-06-14 09:00:00+00:00,965758.7355555556,965758.7355555556
2024-06-14 10:00:00+00:00,1173849.1847222222,940464.0381615706
2024-06-14 11:00:00+00:00,564782.3588888888,903500.3702679416
2024-06-14 12:00:00+00:00,746502.2211111111,834662.7463905809
2024-06-14 13:00:00+00:00,525599.6988888889,525599.6988888889
2024-06-14 14:00:00+00:00,672960.1552777778,672960.1552777778
2024-06-14 15:00:00+00:00,819437.2808333334,660528.9272984773
2024-06-14 16:00:00+00:00,991370.5486111112,991370.5486111112
2024-06-14 17:00:00+00:00,565125.2847222222,565125.2847222222
2024-06-14 18:00:00+00:00,798747.9911111111,798747.9911111111
2024-06-14 19:00:00+00:00,476832.0241666666,476832.0241666666
2024-06-14 20:00:00+00:00,288657.6736111111,634598.8140523944
2024-06-14 21:00:00+00:00,553338.4902777778,553338.4902777778
2024-06-14 22:00:00+00:00,379592.5444444445,379592.5444444445
2024-06-14 23:00:00+00:00,548349.2852777778,548349.2852777778
2024-06-15 00:00:00+00:00,268652.7275,268652.7275
2024-06-15 01:00:00+00:00,160700.05333333334,160700.05333333334
2024-06-15 02:00:00+00:00,350653.53194444446,299452.4404872431
2024-06-15 03:00:00+00:00,368268.8530555556,368268.8530555556
2024-06-15 04:00:00+00:00,563177.4216666666,320868.88192285446
2024-06-15 05:00:00+00:00,433315.8644444444,378425.5792087864
2024-06-15 06:00:00+00:00,621942.4672222222,621942.4672222222
2024-06-15 07:00:00+00:00,434837.3588888889,434837.3588888889
2024-06-15 08:00:00+00:00,1208329.263888889,1208329.263888889
2024-06-15 09:00:00+00:00,1668910.96,1668910.96
2024-06-15 10:00:00+00:00,967218.6158333332,967218.6158333332
2024-06-15 11:00:00+00:00,1601517.703611111,1601517.703611111
2024-06-15 12:00:00+00:00,1046745.4869444444,1046745.4869444444
2024-06-15 13:00:00+00:00,990659.0461111112,1195904.156632344
2024-06-15 14:00:00+00:00,794435.5583333333,794435.5583333333
2024-06-15 15:00:00+00:00,953026.6469444444,953086.7568804392
2024-06-15 16:00:00+00:00,1495242.9969444445,878334.7390207646
2024-06-15 17:00:00+00:00,839766.88,830635.3252592953
2024-06-15 18:00:00+00:00,743517.0013888889,743517.0013888889
2024-06-15 19:00:00+00:00,519311.8930555555,519311.8930555555
2024-06-15 20:00:00+00:00,446433.1202777778,446433.1202777778
2024-06-15 21:00:00+00:00,292696.4863888889,292696.4863888889
2024-06-15 22:00:00+00:00,289536.2127777777,289536.2127777777
2024-06-15 23:00:00+00:00,269379.9944444444,379026.761437818
2024-06-16 00:00:00+00:00,565481.3094444445,565481.3094444445
2024-06-16 01:00:00+00:00,315230.6819444444,315230.6819444444
2024-06-16 02:00:00+00:00,526177.5558333333,526177.5558333333
2024-06-16 03:00:00+00:00,444192.95,457165.09877592116
2024-06-16 04:00:00+00:00,640749.9102777778,537851.6295479859
2024-06-16 05:00:00+00:00,874100.1297222222,874100.1297222222
2024-06-16 06:00:00+00:00,901598.5955555557,738686.0396367597
2024-06-16 07:00:00+00:00,824870.9763888889,836099.8639329392
2024-06-16 08:00:00+00:00,1137867.7119444443,1137867.7119444443
2024-06-16 09:00:00+00:00,1501333.4555555556,1020313.6217457907
2024-06-16 10:00:00+00:00,1045561.7494444444,1072517.2441710231
2024-06-16 11:00:00+00:00,1144260.6536111112,1144260.6536111112
2024-06-16 12:00:00+00:00,893890.8747222222,893890.8747222222
2024-06-16 13:00:00+00:00,811008.5805555555,811008.5805555555
2024-06-16 14:00:00+00:00,1204187.861388889,929914.9795271035
2024-06-16 15:00:00+00:00,633271.0502777778,902802.8700775272
2024-06-16 16:00:00+00:00,981251.3652777778,981251.3652777778
2024-06-16 17:00:00+00:00,1112399.4275,1112399.4275
2024-06-16 18:00:00+00:00,809603.6091666666,1016525.2126924908
2024-06-16 19:00:00+00:00,592248.7675,592248.7675
2024-06-16 20:00:00+00:00,511809.6713888889,511809.6713888889
2024-06-16 21:00:00+00:00,377613.83722222224,377613.83722222224
2024-06-16 22:00:00+00:00,208307.20416666663,542058.1295734601
2024-06-16 23:00:00+00:00,145061.22694444444,469522.39560515806
2024-06-17 00:00:00+00:00,242076.00916666663,427815.6642923307
2024-06-17 01:00:00+00:00,220528.35083333333,403491.0988304278
2024-06-17 02:00:00+00:00,368337.0188888889,368337.0188888889
2024-06-17 03:00:00+00:00,624283.3830555555,624283.3830555555
2024-06-17 04:00:00+00:00,799651.5169444444,799651.5169444444
2024-06-17 05:00:00+00:00,828296.8972222222,828296.8972222222
2024-06-17 06:00:00+00:00,1148825.2838888888,712605.8149260678
2024-06-17 07:00:00+00:00,914069.9791666666,804674.1081339995
2024-06-17 08:00:00+00:00,1313455.490277778,898191.2720456909
2024-06-17 09:00:00+00:00,1045484.065,992525.3456430683
2024-06-17 10:00:00+00:00,1305247.1908333334,1305247.1908333334
2024-06-17 11:00:00+00:00,1157442.5244444443,1157442.5244444443
2024-06-17 12:00:00+00:00,1194487.6680555556,1194487.6680555556
2024-06-17 13:00:00+00:00,795792.195,795792.195
2024-06-17 14:00:00+00:00,1453155.0266666666,1453155.0266666666
2024-06-17 15:00:00+00:00,700335.4133333333,1205141.807652145
2024-06-17 16:00:00+00:00,583362.9077777778,583362.9077777778
2024-06-17 17:00:00+00:00,699522.9830555556,887978.0493593977
2024-06-17 18:00:00+00:00,875326.1330555555,875326.1330555555
2024-06-17 19:00:00+00:00,1210661.0194444444,1210661.0194444444
2024-06-17 20:00:00+00:00,397722.7941666667,1003616.7796878265
2024-06-17 21:00:00+00:00,422260.4272222222,997104.4548659606
2024-06-17 22:00:00+00:00,511442.78055555554,896612.8195280716
2024-06-17 23:00:00+00:00,322761.91694444447,322761.91694444447
2024-06-18 00:00:00+00:00,211467.35916666663,559777.8525383451
2024-06-18 01:00:00+00:00,189794.4980555556,515505.03380236984
2024-06-18 02:00:00+00:00,532878.0444444445,549650.4874662315
2024-06-18 03:00:00+00:00,864815.8694444444,864815.8694444444
2024-06-18 04:00:00+00:00,1482858.552777778,1482858.552777778
2024-06-18 05:00:00+00:00,1240952.7647222222,1240952.7647222222
2024-06-18 06:00:00+00:00,970771.3119444444,1138425.4274519233
2024-06-18 07:00:00+00:00,1083303.4713888888,1147268.8563806168
2024-06-18 08:00:00+00:00,994195.6363888888,994195.6363888888
2024-06-18 09:00:00+00:00,807491.6752777778,1063085.4496688289
2024-06-18 10:00:00+00:00,2324144.932777778,979618.5031590929
2024-06-18 11:00:00+00:00,626781.5011111111,626781.5011111111
2024-06-18 12:00:00+00:00,424069.59444444446,769066.8848564813
2024-06-18 13:00:00+00:00,399327.7972222222,705838.2678916573
2024-06-18 14:00:00+00:00,618752.8027777778,618752.8027777778
2024-06-18 15:00:00+00:00,645490.4822222223,645490.4822222223
2024-06-18 16:00:00+00:00,654754.7738888889,646395.3300490174
2024-06-18 17:00:00+00:00,1101116.8275,630142.2256777153
2024-06-18 18:00:00+00:00,536416.5794444444,536416.5794444444
2024-06-18 19:00:00+00:00,449007.70416666666,575153.2282426456
2024-06-18 20:00:00+00:00,249608.24194444445,496039.0730587096
2024-06-18 21:00:00+00:00,108481.34083333334,108481.34083333334
2024-06-18 22:00:00+00:00,224352.1230555556,224352.1230555556
2024-06-18 23:00:00+00:00,148035.3225,148035.3225
2024-06-19 00:00:00+00:00,154214.2188888889,204547.85733815294
2024-06-19 01:00:00+00:00,91531.6236111111,195232.21890264322
2024-06-19 02:00:00+00:00,253500.19833333333,253500.19833333333
2024-06-19 03:00:00+00:00,856266.0902777778,856266.0902777778
2024-06-19 04:00:00+00:00,584281.4994444444,501093.06489670335
2024-06-19 05:00:00+00:00,548497.5730555556,548497.5730555556
2024-06-19 06:00:00+00:00,595236.9375,571271.933720761
2024-06-19 07:00:00+00:00,671381.9097222222,671381.9097222222
2024-06-19 08:00:00+00:00,527582.8286111112,527582.8286111112
2024-06-19 09:00:00+00:00,611663.3958333334,611663.3958333334
2024-06-19 10:00:00+00:00,480662.7847222223,480662.7847222223
2024-06-19 11:00:00+00:00,633507.7897222223,633507.7897222223
2024-06-19 12:00:00+00:00,478680.3538888889,583693.3654700095
2024-06-19 13:00:00+00:00,487385.8255555556,549640.1476646347
2024-06-19 14:00:00+00:00,249847.33472222224,249847.33472222224
2024-06-19 15:00:00+00:00,313436.9877777778,376601.8361339718
2024-06-19 16:00:00+00:00,261987.88722222223,357229.6065045446
2024-06-19 17:00:00+00:00,428584.4697222223,382221.9579058352
2024-06-19 18:00:00+00:00,579209.7244444444,579209.7244444444
2024-06-19 19:00:00+00:00,505852.5075,505852.5075
2024-06-19 20:00:00+00:00,346105.33972222224,346105.33972222224
2024-06-19 21:00:00+00:00,181671.57,433150.1019674465
2024-06-19 22:00:00+00:00,355734.72583333333,376537.3808774401
2024-06-19 23:00:00+00:00,217858.7436111111,217858.7436111111
2024-06-20 00:00:00+00:00,212566.35472222223,278815.5576565119
2024-06-20 01:00:00+00:00,292674.9425,306334.0684008065
2024-06-20 02:00:00+00:00,529576.0038888889,375956.0381128563
2024-06-20 03:00:00+00:00,714048.1733333333,714048.1733333333
2024-06-20 04:00:00+00:00,1076002.8661111111,576062.5896379356
2024-06-20 05:00:00+00:00,1604178.975833333,653925.5404375567
2024-06-20 06:00:00+00:00,3140788.480555556,715503.7315094067
2024-06-20 07:00:00+00:00,778672.3994444445,767900.1661166081
2024-06-20 08:00:00+00:00,1247430.5025,815119.6958639639
2024-06-20 09:00:00+00:00,957213.536111111,957213.536111111
2024-06-20 10:00:00+00:00,1066285.5619444444,902075.2858268786
2024-06-20 11:00:00+00:00,1449316.9925,942985.8803754922
2024-06-20 12:00:00+00:00,1073180.8336111112,1073180.8336111112
2024-06-20 13:00:00+00:00,1339536.4725,1339536.4725
2024-06-20 14:00:00+00:00,1181927.9447222222,1160662.434900176
2024-06-20 15:00:00+00:00,1139026.110833333,1165795.3027181656
2024-06-20 16:00:00+00:00,967635.7938888888,1095801.84684818
2024-06-20 17:00:00+00:00,671111.9711111111,671111.9711111111
2024-06-20 18:00:00+00:00,983803.5141666668,847216.1546446938
2024-06-20 19:00:00+00:00,398650.65777777776,737046.353552795
2024-06-20 20:00:00+00:00,441679.37916666665,441679.37916666665
2024-06-20 21:00:00+00:00,375718.19138888887,554384.0132642223
2024-06-20 22:00:00+00:00,252993.57666666663,479991.6046705096
2024-06-20 23:00:00+00:00,71756.3313888889,412813.81927062286
2024-06-21 00:00:00+00:00,210272.40916666668,210272.40916666668
2024-06-21 01:00:00+00:00,240372.3413888889,240372.3413888889
2024-06-21 02:00:00+00:00,585387.5463888888,585387.5463888888
2024-06-21 03:00:00+00:00,722500.6830555556,722500.6830555556
2024-06-21 04:00:00+00:00,918247.4825,544208.7434424481
2024-06-21 05:00:00+00:00,948049.6161111112,948049.6161111112
2024-06-21 06:00:00+00:00,789223.4105555556,789223.4105555556
2024-06-21 07:00:00+00:00,899768.8111111111,899768.8111111111
2024-06-21 08:00:00+00:00,1821246.0894444445,1821246.0894444445
2024-06-21 09:00:00+00:00,624501.3336111112,1267037.8191400063
2024-06-21 10:00:00+00:00,1188346.8152777778,1499920.600011423
2024-06-21 11:00:00+00:00,1760383.233611111,1760383.233611111
2024-06-21 12:00:00+00:00,684057.0391666667,1682571.7464955125
2024-06-21 13:00:00+00:00,767985.7922222222,767985.7922222222
2024-06-21 14:00:00+00:00,597686.5808333333,1180759.8722005158
2024-06-21 15:00:00+00:00,618773.4063888888,981300.611098621
2024-06-21 16:00:00+00:00,634432.2119444445,634432.2119444445
2024-06-21 17:00:00+00:00,783438.7316666667,783438.7316666667
2024-06-21 18:00:00+00:00,481687.4194444445,481687.4194444445
2024-06-21 19:00:00+00:00,430816.4372222222,642988.1798124334
2024-06-21 20:00:00+00:00,683622.2694444444,683622.2694444444
2024-06-21 21:00:00+00:00,218695.085,218695.085
2024-06-21 22:00:00+00:00,199320.6383333333,199320.6383333333
2024-06-21 23:00:00+00:00,113749.89944444444,113749.89944444444
2024-06-22 00:00:00+00:00,180483.1255555556,180483.1255555556
2024-06-22 01:00:00+00:00,186464.77777777775,216703.30849941442
2024-06-22 02:00:00+00:00,658356.0388888889,658356.0388888889
2024-06-22 03:00:00+00:00,552815.7177777778,552815.7177777778
2024-06-22 04:00:00+00:00,366866.89666666667,366866.89666666667
2024-06-22 05:00:00+00:00,547868.4138888889,441947.4152066189
2024-06-22 06:00:00+00:00,648396.0625,648396.0625
2024-06-22 07:00:00+00:00,706211.7258333333,706211.7258333333
2024-06-22 08:00:00+00:00,619885.9266666666,619885.9266666666
2024-06-22 09:00:00+00:00,758311.5686111111,758311.5686111111
2024-06-22 10:00:00+00:00,667572.17,679375.4508062699
2024-06-22 11:00:00+00:00,902204.24,721854.8952777004
2024-06-22 12:00:00+00:00,813675.7741666667,813675.7741666667
2024-06-22 13:00:00+00:00,856804.5847222222,779947.5252296241
2024-06-22 14:00:00+00:00,883247.3497222222,883247.3497222222
2024-06-22 15:00:00+00:00,1061857.7672222222,1061857.7672222222
2024-06-22 16:00:00+00:00,804477.8997222222,804477.8997222222
2024-06-22 17:00:00+00:00,1093765.388888889,879656.1198461127
2024-06-22 18:00:00+00:00,926765.1430555556,926765.1430555556
2024-06-22 19:00:00+00:00,462718.6375,462718.6375
2024-06-22 20:00:00+00:00,684016.97,707437.7804610915
2024-06-22 21:00:00+00:00,473965.9830555556,473965.9830555556
2024-06-22 22:00:00+00:00,197816.0611111111,197816.0611111111
2024-06-22 23:00:00+00:00,184496.29944444445,184496.29944444445
2024-06-23 00:00:00+00:00,217826.20527777777,302948.94617646775
2024-06-23 01:00:00+00:00,281463.35194444447,317986.41727063915
2024-06-23 02:00:00+00:00,643281.5905555555,643281.5905555555
2024-06-23 03:00:00+00:00,679019.7838888889,502261.52813882206
2024-06-23 04:00:00+00:00,518951.125,518951.125
2024-06-23 05:00:00+00:00,729702.2758333334,729702.2758333334
2024-06-23 06:00:00+00:00,662354.6669444444,616503.8503618339
2024-06-23 07:00:00+00:00,662826.7613888889,662826.7613888889
2024-06-23 08:00:00+00:00,678393.1488888889,678393.1488888889
2024-06-23 09:00:00+00:00,681745.9666666667,681745.9666666667
2024-06-23 10:00:00+00:00,698019.2186111112,698019.2186111112
2024-06-23 11:00:00+00:00,782476.4619444445,782476.4619444445
2024-06-23 12:00:00+00:00,810086.7244444444,726852.8434087501
2024-06-23 13:00:00+00:00,578337.3336111112,735822.2620060024
2024-06-23 14:00:00+00:00,677297.0436111111,677297.0436111111
2024-06-23 15:00:00+00:00,593601.1425,704524.2680658923
2024-06-23 16:00:00+00:00,1003002.9947222222,682257.3302918631
2024-06-23 17:00:00+00:00,807369.1311111111,659311.565449376
2024-06-23 18:00:00+00:00,582004.0183333333,582004.0183333333
2024-06-23 19:00:00+00:00,645340.1477777777,612438.7579890336
2024-06-23 20:00:00+00:00,449122.03027777775,449122.03027777775
2024-06-23 21:00:00+00:00,247216.3733333333,517379.80635314365
2024-06-23 22:00:00+00:00,256400.61583333332,256400.61583333332
2024-06-23 23:00:00+00:00,263478.96222222224,363063.2133610889
2024-06-24 00:00:00+00:00,232675.15833333333,294690.69147473894
2024-06-24 01:00:00+00:00,106123.90916666666,106123.90916666666
2024-06-24 02:00:00+00:00,520196.1994444445,520196.1994444445
2024-06-24 03:00:00+00:00,907560.3680555556,327476.18472966313
2024-06-24 04:00:00+00:00,1240659.399166667,1240659.399166667
2024-06-24 05:00:00+00:00,1186598.95,1186598.95
2024-06-24 06:00:00+00:00,721020.6352777778,1003451.7501338533
2024-06-24 07:00:00+00:00,1199336.2183333333,1199336.2183333333
2024-06-24 08:00:00+00:00,1714708.5380555557,1135498.5745773679
2024-06-24 09:00:00+00:00,950606.6958333332,950606.6958333332
2024-06-24 10:00:00+00:00,1710022.816111111,1039968.1665345138
2024-06-24 11:00:00+00:00,905361.5661111112,905361.5661111112
2024-06-24 12:00:00+00:00,737850.5144444444,953716.3218613681
2024-06-24 13:00:00+00:00,495494.2763888889,495494.2763888889
2024-06-24 14:00:00+00:00,581812.2355555556,581812.2355555556
2024-06-24 15:00:00+00:00,899502.0222222222,899502.0222222222
2024-06-24 16:00:00+00:00,1021047.14,1021047.14
2024-06-24 17:00:00+00:00,739942.8627777778,739942.8627777778
2024-06-24 18:00:00+00:00,907292.445,813946.1522637368
2024-06-24 19:00:00+00:00,696222.0105555556,738180.7138992379
2024-06-24 20:00:00+00:00,415863.9625,651975.1953836222
2024-06-24 21:00:00+00:00,341138.96166666667,341138.96166666667
2024-06-24 22:00:00+00:00,257226.32416666663,257226.32416666663
2024-06-24 23:00:00+00:00,232835.97944444444,232835.97944444444
2024-06-25 00:00:00+00:00,286304.9847222222,286304.9847222222
2024-06-25 01:00:00+00:00,277570.2580555556,277570.2580555556
2024-06-25 02:00:00+00:00,501392.45,290813.3150913122
2024-06-25 03:00:00+00:00,941692.1580555557,424373.0633665187
2024-06-25 04:00:00+00:00,1235920.0447222225,1235920.0447222225
2024-06-25 05:00:00+00:00,1189332.0175,899369.1122088082
2024-06-25 06:00:00+00:00,1114671.9386111111,1008227.621225128
2024-06-25 07:00:00+00:00,974993.3555555556,974993.3555555556
2024-06-25 08:00:00+00:00,914678.975,914678.975
2024-06-25 09:00:00+00:00,1201073.1919444446,1201073.1919444446
2024-06-25 10:00:00+00:00,1221355.4055555556,1068929.1713983114
2024-06-25 11:00:00+00:00,1101498.8030555556,1101498.8030555556
2024-06-25 12:00:00+00:00,928446.9752777778,1103388.9409313519
2024-06-25 13:00:00+00:00,550604.1341666667,550604.1341666667
2024-06-25 14:00:00+00:00,548278.3383333334,794073.4955976524
2024-06-25 15:00:00+00:00,736399.8366666667,736399.8366666667
2024-06-25 16:00:00+00:00,817230.8308333333,817230.8308333333
2024-06-25 17:00:00+00:00,1013608.64,1013608.64
2024-06-25 18:00:00+00:00,904148.3188888888,875755.5809090245
2024-06-25 19:00:00+00:00,604674.2997222223,604674.2997222223
2024-06-25 20:00:00+00:00,403943.4505555556,741134.5677027033
2024-06-25 21:00:00+00:00,564742.26,564742.26
2024-06-25 22:00:00+00:00,486464.8619444444,625727.3256853222
2024-06-25 23:00:00+00:00,281751.1725,569409.3488817252
2024-06-26 00:00:00+00:00,360343.8180555556,360343.8180555556
2024-06-26 01:00:00+00:00,437600.61027777777,437600.61027777777
2024-06-26 02:00:00+00:00,544827.5516666666,544827.5516666666
2024-06-26 03:00:00+00:00,1244105.615,486265.156037283
2024-06-26 04:00:00+00:00,1432929.7283333333,1432929.7283333333
2024-06-26 05:00:00+00:00,1114626.576111111,1022782.3727479067
2024-06-26 06:00:00+00:00,1871885.3172222225,1188954.8375448976
2024-06-26 07:00:00+00:00,1345417.7275,1345417.7275
2024-06-26 08:00:00+00:00,1295880.5544444444,1302852.205216835
2024-06-26 09:00:00+00:00,1424906.9566666668,1424906.9566666668
2024-06-26 10:00:00+00:00,1117964.7283333333,1376331.6548097266
2024-06-26 11:00:00+00:00,1314692.9494444444,1347050.3101198683
2024-06-26 12:00:00+00:00,1077784.6930555557,1077784.6930555557
2024-06-26 13:00:00+00:00,681727.7919444444,1191839.402127954
2024-06-26 14:00:00+00:00,542516.1511111112,542516.1511111112
2024-06-26 15:00:00+00:00,660814.4563888889,660814.4563888889
2024-06-26 16:00:00+00:00,1328306.9008333334,747609.1692397306
2024-06-26 17:00:00+00:00,973783.4005555556,973783.4005555556
2024-06-26 18:00:00+00:00,968529.9288888888,863399.2379108382
2024-06-26 19:00:00+00:00,569168.695,841822.9886838838
2024-06-26 20:00:00+00:00,476339.5444444445,759934.7084719099
2024-06-26 21:00:00+00:00,334378.87833333336,334378.87833333336
2024-06-26 22:00:00+00:00,175788.0886111111,175788.0886111111
2024-06-26 23:00:00+00:00,220802.23916666667,220802.23916666667
2024-06-27 00:00:00+00:00,145319.72861111112,145319.72861111112
2024-06-27 01:00:00+00:00,317936.49861111114,233288.7585459483
2024-06-27 02:00:00+00:00,418082.4816666667,418082.4816666667
2024-06-27 03:00:00+00:00,1036271.935,1036271.935
2024-06-27 04:00:00+00:00,913877.9786111112,913877.9786111112
2024-06-27 05:00:00+00:00,1420134.3344444444,1420134.3344444444
2024-06-27 06:00:00+00:00,769443.2463888889,769443.2463888889
2024-06-27 07:00:00+00:00,857861.2080555556,925518.4378919743
2024-06-27 08:00:00+00:00,1738155.032777778,1738155.032777778
2024-06-27 09:00:00+00:00,1117978.2108333334,1117978.2108333334
2024-06-27 10:00:00+00:00,1210480.8816666666,1210480.8816666666
2024-06-27 11:00:00+00:00,1187731.6816666666,1235487.4585850337
2024-06-27 12:00:00+00:00,879145.0333333333,879145.0333333333
2024-06-27 13:00:00+00:00,655854.4744444444,1033167.9558048618
2024-06-27 14:00:00+00:00,754718.4861111111,754718.4861111111
2024-06-27 15:00:00+00:00,1073223.9363888889,1073223.9363888889
2024-06-27 16:00:00+00:00,807661.8158333333,952178.112493294
2024-06-27 17:00:00+00:00,596449.6408333334,596449.6408333334
2024-06-27 18:00:00+00:00,619824.6408333334,768160.9618358493
2024-06-27 19:00:00+00:00,411269.78277777776,411269.78277777776
2024-06-27 20:00:00+00:00,312610.74333333335,312610.74333333335
2024-06-27 21:00:00+00:00,288571.9675,445044.58191575436
2024-06-27 22:00:00+00:00,259438.6133333333,259438.6133333333
2024-06-27 23:00:00+00:00,198532.34916666665,324980.733923001
2024-06-28 00:00:00+00:00,139695.29027777776,139695.29027777776
2024-06-28 01:00:00+00:00,270459.8052777778,270459.8052777778
2024-06-28 02:00:00+00:00,349488.22444444447,238243.69348892733
2024-06-28 03:00:00+00:00,631796.4480555556,631796.4480555556
2024-06-28 04:00:00+00:00,858035.3483333334,858035.3483333334
2024-06-28 05:00:00+00:00,1618812.4452777775,1618812.4452777775
2024-06-28 06:00:00+00:00,1498190.203611111,1498190.203611111
2024-06-28 07:00:00+00:00,689211.7891666667,689211.7891666667
2024-06-28 08:00:00+00:00,872033.2369444445,872033.2369444445
2024-06-28 09:00:00+00:00,1539932.2894444445,948312.0269531601
2024-06-28 10:00:00+00:00,1230287.042777778,903974.0101909728
2024-06-28 11:00:00+00:00,795913.8341666666,795913.8341666666
2024-06-28 12:00:00+00:00,448696.36861111113,836505.9521299298
2024-06-28 13:00:00+00:00,460906.7963888889,460906.7963888889
2024-06-28 14:00:00+00:00,479004.9869444444,621502.8306479695
2024-06-28 15:00:00+00:00,403462.8308333333,403462.8308333333
2024-06-28 16:00:00+00:00,917004.0347222222,917004.0347222222
2024-06-28 17:00:00+00:00,650141.0419444444,650141.0419444444
2024-06-28 18:00:00+00:00,881916.9858333333,661631.503455146
2024-06-28 19:00:00+00:00,396779.22444444447,396779.22444444447
2024-06-28 20:00:00+00:00,236117.26638888888,236117.26638888888
2024-06-28 21:00:00+00:00,260711.15166666667,260711.15166666667
2024-06-28 22:00:00+00:00,96245.88111111111,96245.88111111111
2024-06-28 23:00:00+00:00,73291.31305555555,73291.31305555555
2024-06-29 00:00:00+00:00,107528.11555555556,162002.4912175461
2024-06-29 01:00:00+00:00,216555.73944444445,216555.73944444445
2024-06-29 02:00:00+00:00,234006.87444444443,181597.0805909942
2024-06-29 03:00:00+00:00,380744.65277777775,200851.26136960863
2024-06-29 04:00:00+00:00,244109.5377777778,244109.5377777778
2024-06-29 05:00:00+00:00,778717.4661111111,778717.4661111111
2024-06-29 06:00:00+00:00,657951.0644444445,657951.0644444445
2024-06-29 07:00:00+00:00,789500.7602777778,789500.7602777778
2024-06-29 08:00:00+00:00,746091.3705555556,746091.3705555556
2024-06-29 09:00:00+00:00,951720.0544444444,694747.9880070288
2024-06-29 10:00:00+00:00,584296.3313888889,584296.3313888889
2024-06-29 11:00:00+00:00,572729.2230555556,572729.2230555556
2024-06-29 12:00:00+00:00,845216.5366666666,845216.5366666666
2024-06-29 13:00:00+00:00,662121.0913888889,662121.0913888889
2024-06-29 14:00:00+00:00,609634.7333333333,609634.7333333333
2024-06-29 15:00:00+00:00,864215.1608333334,864215.1608333334
2024-06-29 16:00:00+00:00,950188.0908333332,950188.0908333332
2024-06-29 17:00:00+00:00,1018010.015,1018010.015
2024-06-29 18:00:00+00:00,609322.2477777777,609322.2477777777
2024-06-29 19:00:00+00:00,666315.1305555556,781669.6983000317
2024-06-29 20:00:00+00:00,429849.5130555556,429849.5130555556
2024-06-29 21:00:00+00:00,467760.7255555556,563761.2500460853
2024-06-29 22:00:00+00:00,130400.83166666668,130400.83166666668
2024-06-29 23:00:00+00:00,131488.42083333334,131488.42083333334
2024-06-30 00:00:00+00:00,399460.8038888889,399460.8038888889
2024-06-30 01:00:00+00:00,221422.59166666667,303526.1421781762
2024-06-30 02:00:00+00:00,300929.1105555556,300929.1105555556
2024-06-30 03:00:00+00:00,430699.2727777778,430699.2727777778
2024-06-30 04:00:00+00:00,847709.1213888889,364828.26219138526
2024-06-30 05:00:00+00:00,595668.7133333334,595668.7133333334
2024-06-30 06:00:00+00:00,728406.0236111111,501999.65445611835
2024-06-30 07:00:00+00:00,616042.3302777777,616042.3302777777
2024-06-30 08:00:00+00:00,596147.8236111111,577283.1008202892
2024-06-30 09:00:00+00:00,683958.7672222222,683958.7672222222
2024-06-30 10:00:00+00:00,1140887.6397222222,1140887.6397222222
2024-06-30 11:00:00+00:00,839691.0469444444,839691.0469444444
2024-06-30 12:00:00+00:00,1098516.6875,850820.6842521459
2024-06-30 13:00:00+00:00,766238.8641666666,766238.8641666666
2024-06-30 14:00:00+00:00,945380.3708333332,945380.3708333332
2024-06-30 15:00:00+00:00,953086.6833333332,864628.6970635018
2024-06-30 16:00:00+00:00,1354973.9625,863220.0639988122
2024-06-30 17:00:00+00:00,1011027.6138888889,825795.3559141431
2024-06-30 18:00:00+00:00,609455.6183333333,609455.6183333333
2024-06-30 19:00:00+00:00,504818.0958333333,698882.9392910993
2024-06-30 20:00:00+00:00,344661.20222222223,344661.20222222223
2024-06-30 21:00:00+00:00,457222.6508333333,457222.6508333333
2024-06-30 22:00:00+00:00,211457.45,211457.45
2024-06-30 23:00:00+00:00,265435.29333333333,265435.29333333333
2024-07-01 00:00:00+00:00,221735.13416666663,221735.13416666663
2024-07-01 01:00:00+00:00,270752.02555555553,276560.74037671054
2024-07-01 02:00:00+00:00,467361.7397222222,467361.7397222222
2024-07-01 03:00:00+00:00,1092352.269722222,376503.31145983393
2024-07-01 04:00:00+00:00,1574569.3344444444,518896.4814265558
2024-07-01 05:00:00+00:00,1174163.1244444444,1174163.1244444444
2024-07-01 06:00:00+00:00,1089359.2916666667,907914.3109622737
2024-07-01 07:00:00+00:00,1148099.638611111,1014872.8232000503
2024-07-01 08:00:00+00:00,1111074.6619444443,1111074.6619444443
2024-07-01 09:00:00+00:00,1843756.7586111112,1085663.922291117
2024-07-01 10:00:00+00:00,1084042.9816666667,1057849.8036608913
2024-07-01 11:00:00+00:00,843537.6291666667,843537.6291666667
2024-07-01 12:00:00+00:00,746296.015,746296.015
2024-07-01 13:00:00+00:00,769930.6963888889,769930.6963888889
2024-07-01 14:00:00+00:00,676173.6966666667,816148.1511758037
2024-07-01 15:00:00+00:00,709314.5708333333,709314.5708333333
2024-07-01 16:00:00+00:00,1361135.8719444445,1361135.8719444445
2024-07-01 17:00:00+00:00,714645.3877777777,1016973.9301206432
2024-07-01 18:00:00+00:00,850689.1141666666,1080612.9760950394
2024-07-01 19:00:00+00:00,598850.7713888889,1030018.5175452542
2024-07-01 20:00:00+00:00,568098.4647222222,568098.4647222222
2024-07-01 21:00:00+00:00,325905.06638888887,763699.4746734669
2024-07-01 22:00:00+00:00,351145.31166666665,351145.31166666665
2024-07-01 23:00:00+00:00,178908.2136111111,178908.2136111111
2024-07-02 00:00:00+00:00,171543.2325,365007.0375113965
2024-07-02 01:00:00+00:00,341572.5302777777,341572.5302777777
2024-07-02 02:00:00+00:00,572499.4802777778,329020.60971803183
2024-07-02 03:00:00+00:00,1088786.673611111,494858.34234361176
2024-07-02 04:00:00+00:00,1444544.555,1444544.555
2024-07-02 05:00:00+00:00,1359753.193611111,1359753.193611111
2024-07-02 06:00:00+00:00,856120.1697222223,856120.1697222223
2024-07-02 07:00:00+00:00,1031317.7422222224,1031317.7422222224
2024-07-02 08:00:00+00:00,995867.8861111111,1037519.9201687046
2024-07-02 09:00:00+00:00,1382308.0455555555,1382308.0455555555
2024-07-02 10:00:00+00:00,989358.4808333332,1229541.4463973776
2024-07-02 11:00:00+00:00,1114205.3105555556,1114205.3105555556
2024-07-02 12:00:00+00:00,953685.3213888888,953685.3213888888
2024-07-02 13:00:00+00:00,616874.7622222222,1083450.7800573856
2024-07-02 14:00:00+00:00,1119610.788888889,1119610.788888889
2024-07-02 15:00:00+00:00,698199.8377777778,698199.8377777778
2024-07-02 16:00:00+00:00,844547.4702777778,844547.4702777778
2024-07-02 17:00:00+00:00,847604.5522222222,885858.7003529451
2024-07-02 18:00:00+00:00,645117.6591666667,837680.0196960144
2024-07-02 19:00:00+00:00,619300.9038888889,780355.9102429486
2024-07-02 20:00:00+00:00,365760.5522222222,717875.378381777
2024-07-02 21:00:00+00:00,498817.3486111111,498817.3486111111
2024-07-02 22:00:00+00:00,200775.86666666667,585460.453514826
2024-07-02 23:00:00+00:00,491319.35027777776,491319.35027777776
2024-07-03 00:00:00+00:00,184983.91166666665,184983.91166666665
2024-07-03 01:00:00+00:00,372130.84277777775,375097.1441754848
2024-07-03 02:00:00+00:00,503046.3713888889,503046.3713888889
2024-07-03 03:00:00+00:00,773967.8505555555,773967.8505555555
2024-07-03 04:00:00+00:00,1561532.5894444445,576230.8037324172
2024-07-03 05:00:00+00:00,1012569.6683333332,1012569.6683333332
2024-07-03 06:00:00+00:00,1007423.9119444444,844518.8483729275
2024-07-03 07:00:00+00:00,1270818.226388889,1270818.226388889
2024-07-03 08:00:00+00:00,1231107.5202777777,1231107.5202777777
2024-07-03 09:00:00+00:00,1657853.2291666667,1657853.2291666667
2024-07-03 10:00:00+00:00,1500449.5108333332,1500449.5108333332
2024-07-03 11:00:00+00:00,1460564.4227777778,1460564.4227777778
2024-07-03 12:00:00+00:00,969612.1363888888,969612.1363888888
2024-07-03 13:00:00+00:00,1074724.6652777777,1236920.344266415
2024-07-03 14:00:00+00:00,1104603.8561111111,1059320.6433791667
2024-07-03 15:00:00+00:00,550010.4494444445,550010.4494444445
2024-07-03 16:00:00+00:00,841188.6077777778,841188.6077777778
2024-07-03 17:00:00+00:00,1000238.5608333332,1000238.5608333332
2024-07-03 18:00:00+00:00,605007.6627777778,605007.6627777778
2024-07-03 19:00:00+00:00,374901.71805555554,760282.1868149304
2024-07-03 20:00:00+00:00,380292.9436111111,652025.0682453193
2024-07-03 21:00:00+00:00,326241.475,326241.475
2024-07-03 22:00:00+00:00,124541.01277777778,452659.6581995003
2024-07-03 23:00:00+00:00,192710.73,192710.73
2024-07-04 00:00:00+00:00,161926.47055555554,161926.47055555554
2024-07-04 01:00:00+00:00,163503.2625,163503.2625
2024-07-04 02:00:00+00:00,500525.075,500525.075
2024-07-04 03:00:00+00:00,914294.415,914294.415
2024-07-04 04:00:00+00:00,1443103.2586111112,1443103.2586111112
2024-07-04 05:00:00+00:00,1755302.6408333334,960242.2283494181
2024-07-04 06:00:00+00:00,1697266.88,1697266.88
2024-07-04 07:00:00+00:00,1577394.8308333333,1577394.8308333333
2024-07-04 08:00:00+00:00,1248139.5638888888,1495256.8239964463
2024-07-04 09:00:00+00:00,1596401.789722222,1596401.789722222
2024-07-04 10:00:00+00:00,1630004.3013888889,1630004.3013888889
2024-07-04 11:00:00+00:00,707199.3680555555,1591611.4612302668
2024-07-04 12:00:00+00:00,797105.6033333334,797105.6033333334
2024-07-04 13:00:00+00:00,503301.12111111113,503301.12111111113
2024-07-04 14:00:00+00:00,433480.63972222223,433480.63972222223
2024-07-04 15:00:00+00:00,665585.3783333333,665585.3783333333
2024-07-04 16:00:00+00:00,345483.3263888889,345483.3263888889
2024-07-04 17:00:00+00:00,662264.4191666667,662264.4191666667
2024-07-04 18:00:00+00:00,861238.4797222222,861238.4797222222
2024-07-04 19:00:00+00:00,503216.88416666666,707088.0004363321
2024-07-04 20:00:00+00:00,440375.4916666666,681336.4624713119
2024-07-04 21:00:00+00:00,221668.60638888887,221668.60638888887
2024-07-04 22:00:00+00:00,252995.6988888889,252995.6988888889
2024-07-04 23:00:00+00:00,200818.63805555555,347284.04617561854
2024-07-05 00:00:00+00:00,185054.3761111111,314587.74847322295
2024-07-05 01:00:00+00:00,310976.4211111111,310976.4211111111
2024-07-05 02:00:00+00:00,616544.01,616544.01
2024-07-05 03:00:00+00:00,2101243.0769444443,2101243.0769444443
2024-07-05 04:00:00+00:00,464519.4188888889,464519.4188888889
2024-07-05 05:00:00+00:00,414596.3441666667,414596.3441666667
2024-07-05 06:00:00+00:00,466600.34944444447,466600.34944444447
2024-07-05 07:00:00+00:00,699986.2552777778,578855.1151060967
2024-07-05 08:00:00+00:00,572411.0183333333,572411.0183333333
2024-07-05 09:00:00+00:00,693278.8877777777,561448.7726117828
2024-07-05 10:00:00+00:00,476663.7888888889,476663.7888888889
2024-07-05 11:00:00+00:00,608723.7177777778,515390.2133229883
2024-07-05 12:00:00+00:00,703966.4444444445,703966.4444444445
2024-07-05 13:00:00+00:00,502035.14722222224,502035.14722222224
2024-07-05 14:00:00+00:00,450585.1969444445,566329.9802752843
2024-07-05 15:00:00+00:00,640171.9036111111,640171.9036111111
2024-07-05 16:00:00+00:00,890890.1402777778,599711.9135317283
2024-07-05 17:00:00+00:00,718363.1475,718363.1475
2024-07-05 18:00:00+00:00,568412.8197222222,568412.8197222222
2024-07-05 19:00:00+00:00,557634.9266666666,626270.6380479278
2024-07-05 20:00:00+00:00,342999.64666666667,342999.64666666667
2024-07-05 21:00:00+00:00,238359.54111111112,238359.54111111112
2024-07-05 22:00:00+00:00,454893.55,363759.38870138035
2024-07-05 23:00:00+00:00,174763.31722222222,174763.31722222222
2024-07-06 00:00:00+00:00,257015.70277777777,257015.70277777777
2024-07-06 01:00:00+00:00,319551.15305555554,319551.15305555554
2024-07-06 02:00:00+00:00,297900.48,279730.0020840994
2024-07-06 03:00:00+00:00,445370.8152777778,445370.8152777778
2024-07-06 04:00:00+00:00,468790.9,377242.62134425854
2024-07-06 05:00:00+00:00,419361.85277777776,419361.85277777776
2024-07-06 06:00:00+00:00,637080.6580555555,637080.6580555555
2024-07-06 07:00:00+00:00,489083.8572222222,489083.8572222222
2024-07-06 08:00:00+00:00,434768.1630555556,500075.7652764648
2024-07-06 09:00:00+00:00,505286.005,508972.07065686415
2024-07-06 10:00:00+00:00,583248.1477777777,583248.1477777777
2024-07-06 11:00:00+00:00,537678.7377777778,551916.7150028583
2024-07-06 12:00:00+00:00,426705.955,426705.955
2024-07-06 13:00:00+00:00,425174.1733333333,425174.1733333333
2024-07-06 14:00:00+00:00,534946.1544444445,534946.1544444445
2024-07-06 15:00:00+00:00,740678.3583333333,492313.86764017615
2024-07-06 16:00:00+00:00,457138.42277777777,543230.5579679793
2024-07-06 17:00:00+00:00,757253.0194444444,757253.0194444444
2024-07-06 18:00:00+00:00,780841.9086111111,780841.9086111111
2024-07-06 19:00:00+00:00,651435.4766666667,718905.6811754442
2024-07-06 20:00:00+00:00,414672.9872222222,687022.2875001242
2024-07-06 21:00:00+00:00,353430.9016666667,610147.2087264435
2024-07-06 22:00:00+00:00,240706.08416666667,240706.08416666667
2024-07-06 23:00:00+00:00,181444.9338888889,391359.3667454089
2024-07-07 00:00:00+00:00,259074.2083333333,324714.17291927576
2024-07-07 01:00:00+00:00,234281.95194444444,234281.95194444444
2024-07-07 02:00:00+00:00,293130.6844444444,263556.8636390141
2024-07-07 03:00:00+00:00,214864.94694444444,264144.06063801004
2024-07-07 04:00:00+00:00,326145.41333333333,326145.41333333333
2024-07-07 05:00:00+00:00,366698.0316666667,366698.0316666667
2024-07-07 06:00:00+00:00,431935.9583333333,328474.4554934984
2024-07-07 07:00:00+00:00,372007.80583333335,372007.80583333335
2024-07-07 08:00:00+00:00,464953.74916666665,357515.70121029427
2024-07-07 09:00:00+00:00,377404.12583333335,362370.10591656895
2024-07-07 10:00:00+00:00,361919.9663888889,361919.9663888889
2024-07-07 11:00:00+00:00,736970.8786111111,736970.8786111111
2024-07-07 12:00:00+00:00,550493.4047222222,550493.4047222222
2024-07-07 13:00:00+00:00,586569.5747222222,586569.5747222222
2024-07-07 14:00:00+00:00,368215.3088888889,558459.8894121709
2024-07-07 15:00:00+00:00,434875.68888888886,434875.68888888886
2024-07-07 16:00:00+00:00,638098.2591666667,638098.2591666667
2024-07-07 17:00:00+00:00,470367.83166666667,556184.3123885208
2024-07-07 18:00:00+00:00,518788.3169444445,518788.3169444445
2024-07-07 19:00:00+00:00,543240.5688888889,545347.1869905554
2024-07-07 20:00:00+00:00,281486.8880555556,281486.8880555556
2024-07-07 21:00:00+00:00,241627.8711111111,241627.8711111111
2024-07-07 22:00:00+00:00,192616.38583333333,327847.5647899412
2024-07-07 23:00:00+00:00,86565.94361111111,86565.94361111111
2024-07-08 00:00:00+00:00,60940.96555555556,182335.97816732182
2024-07-08 01:00:00+00:00,183196.38305555555,183196.38305555555
2024-07-08 02:00:00+00:00,620223.5558333333,171040.87552597802
2024-07-08 03:00:00+00:00,662173.2691666667,231634.55542880448
2024-07-08 04:00:00+00:00,825428.9555555555,321090.54649705684
2024-07-08 05:00:00+00:00,690256.7772222222,690256.7772222222
2024-07-08 06:00:00+00:00,1057261.4191666667,541724.4130550865
2024-07-08 07:00:00+00:00,805645.4538888889,805645.4538888889
2024-07-08 08:00:00+00:00,710119.9291666667,707556.7249746826
2024-07-08 09:00:00+00:00,889040.6861111111,889040.6861111111
2024-07-08 10:00:00+00:00,669907.4538888889,821092.617875062
2024-07-08 11:00:00+00:00,665083.9561111111,827655.7657372486
2024-07-08 12:00:00+00:00,730337.6486111111,730337.6486111111
2024-07-08 13:00:00+00:00,449740.3825,449740.3825
2024-07-08 14:00:00+00:00,606676.4,606676.4
2024-07-08 15:00:00+00:00,719323.9261111111,719323.9261111111
2024-07-08 16:00:00+00:00,783393.3475,783393.3475
2024-07-08 17:00:00+00:00,722704.1688888889,722704.1688888889
2024-07-08 18:00:00+00:00,729291.205,729291.205
2024-07-08 19:00:00+00:00,1220131.1247222223,1220131.1247222223
2024-07-08 20:00:00+00:00,311970.9427777778,311970.9427777778
2024-07-08 21:00:00+00:00,196153.79416666663,196153.79416666663
2024-07-08 22:00:00+00:00,147770.41555555555,147770.41555555555
2024-07-08 23:00:00+00:00,245891.94555555555,245891.94555555555
2024-07-09 00:00:00+00:00,168813.3502777778,168813.3502777778
2024-07-09 01:00:00+00:00,229119.6938888889,229119.6938888889
2024-07-09 02:00:00+00:00,432155.1713888889,432155.1713888889
2024-07-09 03:00:00+00:00,873790.6397222222,873790.6397222222
2024-07-09 04:00:00+00:00,1075032.7758333334,1075032.7758333334
2024-07-09 05:00:00+00:00,1126452.0902777778,1126452.0902777778
2024-07-09 06:00:00+00:00,999809.1872222222,999809.1872222222
2024-07-09 07:00:00+00:00,1196535.9891666668,1196535.9891666668
2024-07-09 08:00:00+00:00,724028.4641666666,1064782.2768881754
2024-07-09 09:00:00+00:00,1093040.6825,1093040.6825
2024-07-09 10:00:00+00:00,1539799.3127777777,1096783.4822816574
2024-07-09 11:00:00+00:00,1399063.6069444444,1052805.1561501052
2024-07-09 12:00:00+00:00,801787.2522222223,801787.2522222223
2024-07-09 13:00:00+00:00,585436.2380555555,585436.2380555555
2024-07-09 14:00:00+00:00,527218.4694444444,527218.4694444444
2024-07-09 15:00:00+00:00,404509.9886111111,661778.6348914742
2024-07-09 16:00:00+00:00,742056.2880555555,742056.2880555555
2024-07-09 17:00:00+00:00,530758.3658333333,530758.3658333333
2024-07-09 18:00:00+00:00,686117.3541666666,686117.3541666666
2024-07-09 19:00:00+00:00,521160.2466666666,521160.2466666666
2024-07-09 20:00:00+00:00,432098.8530555556,593342.4623880908
2024-07-09 21:00:00+00:00,546172.9952777778,581406.1980003598
2024-07-09 22:00:00+00:00,465387.09694444446,594224.0379311244
2024-07-09 23:00:00+00:00,467046.3525,620998.863482336
2024-07-10 00:00:00+00:00,688565.6825,655642.9880032467
2024-07-10 01:00:00+00:00,637437.5952777778,694724.0208909458
2024-07-10 02:00:00+00:00,801758.1483333333,736306.6941320079
2024-07-10 03:00:00+00:00,1129254.9305555555,779299.8550235293
2024-07-10 04:00:00+00:00,1304107.9116666666,823088.2842714406
2024-07-10 05:00:00+00:00,969324.6419444444,969324.6419444444
2024-07-10 06:00:00+00:00,1270660.0416666667,911814.7421274541
2024-07-10 07:00:00+00:00,802887.8869444445,802887.8869444445
2024-07-10 08:00:00+00:00,1153951.9083333334,857981.190968734
2024-07-10 09:00:00+00:00,1749411.808888889,909783.399196079
2024-07-10 10:00:00+00:00,1213667.868611111,1014823.3089939763
2024-07-10 11:00:00+00:00,1498320.163611111,1498320.163611111
2024-07-10 12:00:00+00:00,912076.0977777778,1301860.8337112844
2024-07-10 13:00:00+00:00,751667.7588888889,751667.7588888889
2024-07-10 14:00:00+00:00,728909.1019444445,1018384.2051951465
2024-07-10 15:00:00+00:00,532932.6663888888,532932.6663888888
2024-07-10 16:00:00+00:00,1121958.899166667,714153.4687164559
2024-07-10 17:00:00+00:00,752011.9788888888,752011.9788888888
2024-07-10 18:00:00+00:00,775464.645,775464.645
2024-07-10 19:00:00+00:00,575337.5472222222,740267.0010149705
2024-07-10 20:00:00+00:00,434628.07166666666,687740.7552172752
2024-07-10 21:00:00+00:00,308597.5052777778,308597.5052777778
2024-07-10 22:00:00+00:00,287973.8475,467398.31746875023
2024-07-10 23:00:00+00:00,185910.19472222225,376961.75186781195
2024-07-11 00:00:00+00:00,162979.50055555557,162979.50055555557
2024-07-11 01:00:00+00:00,263996.9927777778,242941.29377860826
2024-07-11 02:00:00+00:00,528777.4025,528777.4025
2024-07-11 03:00:00+00:00,993227.7016666668,993227.7016666668
2024-07-11 04:00:00+00:00,1251858.22,1251858.22
2024-07-11 05:00:00+00:00,1122545.1683333332,915202.1967238782
2024-07-11 06:00:00+00:00,1472288.2830555555,1472288.2830555555
2024-07-11 07:00:00+00:00,1007895.7311111112,1007895.7311111112
2024-07-11 08:00:00+00:00,510351.98527777777,1154597.8362256961
2024-07-11 09:00:00+00:00,1011266.1480555556,1011266.1480555556
2024-07-11 10:00:00+00:00,967130.7269444444,967130.7269444444
2024-07-11 11:00:00+00:00,798320.5141666667,798320.5141666667
2024-07-11 12:00:00+00:00,803467.2058333333,921883.8433760924
2024-07-11 13:00:00+00:00,779028.9563888889,865636.5750832128
2024-07-11 14:00:00+00:00,782143.1941666667,782143.1941666667
2024-07-11 15:00:00+00:00,939776.1352777778,939776.1352777778
2024-07-11 16:00:00+00:00,809182.1105555556,866611.7327871384
2024-07-11 17:00:00+00:00,770499.6655555556,859074.1460257291
2024-07-11 18:00:00+00:00,668439.5941666666,668439.5941666666
2024-07-11 19:00:00+00:00,658124.6080555556,751285.0165880041
2024-07-11 20:00:00+00:00,394905.82666666666,675487.6980513695
2024-07-11 21:00:00+00:00,395643.7961111111,395643.7961111111
2024-07-11 22:00:00+00:00,317107.6361111111,506968.3831974764
2024-07-11 23:00:00+00:00,170584.39111111112,448598.99717321765
2024-07-12 00:00:00+00:00,268935.6688888889,405876.47497341415
2024-07-12 01:00:00+00:00,305657.9038888889,305657.9038888889
2024-07-12 02:00:00+00:00,528043.3530555556,343049.7385915403
2024-07-12 03:00:00+00:00,949892.4944444444,949892.4944444444
2024-07-12 04:00:00+00:00,1040767.4547222222,1040767.4547222222
2024-07-12 05:00:00+00:00,1460997.112222222,1460997.112222222
2024-07-12 06:00:00+00:00,873839.1813888889,873839.1813888889
2024-07-12 07:00:00+00:00,979402.6127777778,979402.6127777778
2024-07-12 08:00:00+00:00,1159315.629166667,994533.0911130264
2024-07-12 09:00:00+00:00,825190.4908333333,825190.4908333333
2024-07-12 10:00:00+00:00,1277419.3661111111,1277419.3661111111
2024-07-12 11:00:00+00:00,865796.1927777778,865796.1927777778
2024-07-12 12:00:00+00:00,925461.1361111111,925461.1361111111
2024-07-12 13:00:00+00:00,577467.7322222223,954665.7924854463
2024-07-12 14:00:00+00:00,871990.7672222222,871990.7672222222
2024-07-12 15:00:00+00:00,1859067.8572222225,904847.9413742978
2024-07-12 16:00:00+00:00,1364083.5086111112,1364083.5086111112
2024-07-12 17:00:00+00:00,1146553.595277778,1157583.8059081542
2024-07-12 18:00:00+00:00,1280841.923888889,1280841.923888889
2024-07-12 19:00:00+00:00,712975.0216666666,712975.0216666666
2024-07-12 20:00:00+00:00,699634.1647222223,699634.1647222223
2024-07-12 21:00:00+00:00,432755.84027777775,878477.738559125
2024-07-12 22:00:00+00:00,602776.2516666667,602776.2516666667
2024-07-12 23:00:00+00:00,733626.9983333333,702331.3681517249
2024-07-13 00:00:00+00:00,594328.6163888889,614405.2835597534
2024-07-13 01:00:00+00:00,296688.1855555556,296688.1855555556
2024-07-13 02:00:00+00:00,352851.6927777778,352851.6927777778
2024-07-13 03:00:00+00:00,349193.5705555556,349193.5705555556
2024-07-13 04:00:00+00:00,626293.5808333333,373486.7941437322
2024-07-13 05:00:00+00:00,683682.3797222222,683682.3797222222
2024-07-13 06:00:00+00:00,453340.845,453340.845
2024-07-13 07:00:00+00:00,601201.8725,504423.928433952
2024-07-13 08:00:00+00:00,457550.3505555556,457550.3505555556
2024-07-13 09:00:00+00:00,812734.8563888889,812734.8563888889
2024-07-13 10:00:00+00:00,698940.1027777778,698940.1027777778
2024-07-13 11:00:00+00:00,831752.6933333334,831752.6933333334
2024-07-13 12:00:00+00:00,972779.7622222222,972779.7622222222
2024-07-13 13:00:00+00:00,621236.1333333333,836999.4681376001
2024-07-13 14:00:00+00:00,885922.9055555556,847895.9592065671
2024-07-13 15:00:00+00:00,640384.6736111111,640384.6736111111
2024-07-13 16:00:00+00:00,490089.5366666667,490089.5366666667
2024-07-13 17:00:00+00:00,644819.0033333333,644819.0033333333
2024-07-13 18:00:00+00:00,717693.7230555556,717693.7230555556
2024-07-13 19:00:00+00:00,532607.1066666667,532607.1066666667
2024-07-13 20:00:00+00:00,501912.7594444445,610672.32872664
2024-07-13 21:00:00+00:00,919108.6158333332,919108.6158333332
2024-07-13 22:00:00+00:00,272291.37388888886,272291.37388888886
2024-07-13 23:00:00+00:00,77655.395,77655.395
2024-07-14 00:00:00+00:00,130754.46805555555,346739.707738834
2024-07-14 01:00:00+00:00,159486.54,260372.40870715724
2024-07-14 02:00:00+00:00,175039.9963888889,242676.87787563278
2024-07-14 03:00:00+00:00,361949.8094444444,361949.8094444444
2024-07-14 04:00:00+00:00,574914.2719444444,574914.2719444444
2024-07-14 05:00:00+00:00,613071.0347222222,423606.1361401135
2024-07-14 06:00:00+00:00,567981.2933333333,567981.2933333333
2024-07-14 07:00:00+00:00,486579.5341666667,486579.5341666667
2024-07-14 08:00:00+00:00,738208.4616666667,507078.8492721453
2024-07-14 09:00:00+00:00,819071.2519444445,819071.2519444445
2024-07-14 10:00:00+00:00,690371.5108333334,690371.5108333334
2024-07-14 11:00:00+00:00,660298.8527777778,683962.7962407948
2024-07-14 12:00:00+00:00,806510.8897222222,806510.8897222222
2024-07-14 13:00:00+00:00,994217.1166666668,994217.1166666668
2024-07-14 14:00:00+00:00,870494.3886111111,858366.2862456256
2024-07-14 15:00:00+00:00,834274.8411111111,908108.5241949806
2024-07-14 16:00:00+00:00,928790.4966666668,928790.4966666668
2024-07-14 17:00:00+00:00,1350629.1033333333,927579.1000749026
2024-07-14 18:00:00+00:00,1451796.0519444444,1451796.0519444444
2024-07-14 19:00:00+00:00,1013868.2608333334,1013868.2608333334
2024-07-14 20:00:00+00:00,479766.6766666667,479766.6766666667
2024-07-14 21:00:00+00:00,488094.8041666666,488094.8041666666
