time,original,imputed
2023-10-09 00:00:00+00:00,4006.194722222222,4006.194722222222
2023-10-09 01:00:00+00:00,20826.77111111111,20826.77111111111
2023-10-09 02:00:00+00:00,22700.77083333333,22700.77083333333
2023-10-09 03:00:00+00:00,166460.59666666668,166460.59666666668
2023-10-09 04:00:00+00:00,520737.5602777778,65566.9523835403
2023-10-09 05:00:00+00:00,110189.145,110189.145
2023-10-09 06:00:00+00:00,63376.91888888889,63376.91888888889
2023-10-09 07:00:00+00:00,182249.06972222225,182249.06972222225
2023-10-09 08:00:00+00:00,201518.0855555556,122991.37163075377
2023-10-09 09:00:00+00:00,137600.2111111111,137600.2111111111
2023-10-09 10:00:00+00:00,91881.32722222224,137417.89553364675
2023-10-09 11:00:00+00:00,31262.304166666665,31262.304166666665
2023-10-09 12:00:00+00:00,20733.05277777778,20733.05277777778
2023-10-09 13:00:00+00:00,3083.893888888889,3083.893888888889
2023-10-09 14:00:00+00:00,1659.5522222222223,1659.5522222222223
2023-10-09 15:00:00+00:00,1404.3241666666668,23596.410488858666
2023-10-09 16:00:00+00:00,11903.668333333331,11903.668333333331
2023-10-09 17:00:00+00:00,4458.833333333333,15071.04557252506
2023-10-09 18:00:00+00:00,1436.9991666666667,1436.9991666666667
2023-10-09 19:00:00+00:00,781.1133333333333,781.1133333333333
2023-10-09 20:00:00+00:00,1492.138333333333,1492.138333333333
2023-10-09 21:00:00+00:00,984.4172222222222,3684.426252044955
2023-10-09 22:00:00+00:00,1708.8230555555556,1708.8230555555556
2023-10-09 23:00:00+00:00,1051.456111111111,1051.456111111111
2023-10-10 00:00:00+00:00,2928.8152777777777,2928.8152777777777
2023-10-10 01:00:00+00:00,2000.5880555555557,2293.7870486679676
2023-10-10 02:00:00+00:00,9239.05388888889,9239.05388888889
2023-10-10 03:00:00+00:00,38763.13222222222,5886.431106905565
2023-10-10 04:00:00+00:00,118822.9361111111,21403.29150325494
2023-10-10 05:00:00+00:00,119240.77527777778,119240.77527777778
2023-10-10 06:00:00+00:00,88098.18694444445,88098.18694444445
2023-10-10 07:00:00+00:00,78627.91055555556,78627.91055555556
2023-10-10 08:00:00+00:00,126312.4875,79088.45019174232
2023-10-10 09:00:00+00:00,45200.36944444444,78139.55996549065
2023-10-10 10:00:00+00:00,72667.62083333333,72667.62083333333
2023-10-10 11:00:00+00:00,20393.980555555558,75190.56655255784
2023-10-10 12:00:00+00:00,7596.325277777778,65120.927676497646
2023-10-10 13:00:00+00:00,2324.001388888889,2324.001388888889
2023-10-10 14:00:00+00:00,1514.1722222222222,31431.463092124584
2023-10-10 15:00:00+00:00,2700.409722222222,2700.409722222222
2023-10-10 16:00:00+00:00,4727.391666666666,4727.391666666666
2023-10-10 17:00:00+00:00,1987.39,1987.39
2023-10-10 18:00:00+00:00,3566.632222222222,3566.632222222222
2023-10-10 19:00:00+00:00,1699.7994444444444,5623.492288940881
2023-10-10 20:00:00+00:00,56751.95888888889,56751.95888888889
2023-10-10 21:00:00+00:00,11266.91777777778,11266.91777777778
2023-10-10 22:00:00+00:00,10388.751666666669,23515.549457690147
2023-10-10 23:00:00+00:00,974.8933333333332,17525.8139399216
2023-10-11 00:00:00+00:00,1668.0516666666667,1668.0516666666667
2023-10-11 01:00:00+00:00,2449.056666666667,8372.318154793862
2023-10-11 02:00:00+00:00,51800.809166666666,20548.839987367137
2023-10-11 03:00:00+00:00,146043.98388888888,42780.13171863879
2023-10-11 04:00:00+00:00,154104.01888888888,154104.01888888888
2023-10-11 05:00:00+00:00,142496.55444444445,142496.55444444445
2023-10-11 06:00:00+00:00,1222172.1047222223,1222172.1047222223
2023-10-11 07:00:00+00:00,90424.78277777776,90424.78277777776
2023-10-11 08:00:00+00:00,75413.26333333334,75413.26333333334
2023-10-11 09:00:00+00:00,204075.9580555556,204075.9580555556
2023-10-11 10:00:00+00:00,70818.90916666666,235592.62137506166
2023-10-11 11:00:00+00:00,26701.0875,198077.55791530738
2023-10-11 12:00:00+00:00,8358.264166666666,8358.264166666666
2023-10-11 13:00:00+00:00,5027.902222222222,5027.902222222222
2023-10-11 14:00:00+00:00,43931.84361111111,43931.84361111111
2023-10-11 15:00:00+00:00,2723.428888888889,2723.428888888889
2023-10-11 16:00:00+00:00,1933.7219444444445,1933.7219444444445
2023-10-11 17:00:00+00:00,5685.6641666666665,5685.6641666666665
2023-10-11 18:00:00+00:00,3433.633611111111,3433.633611111111
2023-10-11 19:00:00+00:00,3030.005833333333,10769.06045071069
2023-10-11 20:00:00+00:00,16729.456388888888,8258.356578716077
2023-10-11 21:00:00+00:00,6013.685555555556,6013.685555555556
2023-10-11 22:00:00+00:00,859.4772222222222,6650.994433852975
2023-10-11 23:00:00+00:00,2034.933888888889,2034.933888888889
2023-10-12 00:00:00+00:00,1295.8836111111111,1295.8836111111111
2023-10-12 01:00:00+00:00,7904.85,3097.0429515946216
2023-10-12 02:00:00+00:00,50607.83027777778,11944.766754562856
2023-10-12 03:00:00+00:00,121255.195,26908.057172215835
2023-10-12 04:00:00+00:00,232662.7613888889,45615.73185382181
2023-10-12 05:00:00+00:00,124398.43944444443,124398.43944444443
2023-10-12 06:00:00+00:00,145729.63194444444,145729.63194444444
2023-10-12 07:00:00+00:00,186813.14388888888,186813.14388888888
2023-10-12 08:00:00+00:00,79456.62972222222,79456.62972222222
2023-10-12 09:00:00+00:00,49381.90888888889,49381.90888888889
2023-10-12 10:00:00+00:00,258943.7,258943.7
2023-10-12 11:00:00+00:00,30835.481666666667,155897.38942309428
2023-10-12 12:00:00+00:00,13965.688055555556,172424.49013570714
2023-10-12 13:00:00+00:00,4461.787777777778,159116.61583998802
2023-10-12 14:00:00+00:00,17260.039444444443,17260.039444444443
2023-10-12 15:00:00+00:00,6186.590833333334,6186.590833333334
2023-10-12 16:00:00+00:00,10808.433611111112,54308.45127755083
2023-10-12 17:00:00+00:00,4172.556388888889,4172.556388888889
2023-10-12 18:00:00+00:00,7538.918888888889,23206.35181303969
2023-10-12 19:00:00+00:00,5129.714722222222,5129.714722222222
2023-10-12 20:00:00+00:00,1769.5225,1769.5225
2023-10-12 21:00:00+00:00,3126.5319444444444,7906.360234712003
2023-10-12 22:00:00+00:00,31824.395555555555,5436.966203964836
2023-10-12 23:00:00+00:00,1073.4363888888888,1073.4363888888888
2023-10-13 00:00:00+00:00,1142.8536111111111,2764.3006797843454
2023-10-13 01:00:00+00:00,10430.482222222225,9536.632302304639
2023-10-13 02:00:00+00:00,4262.171666666667,21111.063447569475
2023-10-13 03:00:00+00:00,77703.54916666666,77703.54916666666
2023-10-13 04:00:00+00:00,133089.85694444444,133089.85694444444
2023-10-13 05:00:00+00:00,159754.70777777777,159754.70777777777
2023-10-13 06:00:00+00:00,207986.00666666665,113007.65704362339
2023-10-13 07:00:00+00:00,240110.3433333333,240110.3433333333
2023-10-13 08:00:00+00:00,128668.50944444444,128668.50944444444
2023-10-13 09:00:00+00:00,28818.360555555555,28818.360555555555
2023-10-13 10:00:00+00:00,22529.379444444443,22529.379444444443
2023-10-13 11:00:00+00:00,3937.9775,76264.50755304482
2023-10-13 12:00:00+00:00,1352.8077777777778,52781.490587594395
2023-10-13 13:00:00+00:00,2038.1247222222223,2038.1247222222223
2023-10-13 14:00:00+00:00,3618.511944444445,3618.511944444445
2023-10-13 15:00:00+00:00,3748.4391666666666,15290.590863272846
2023-10-13 16:00:00+00:00,7178.7138888888885,10469.03957592422
2023-10-13 17:00:00+00:00,1328.653611111111,1328.653611111111
2023-10-13 18:00:00+00:00,1828.2625,4936.363701376292
2023-10-13 19:00:00+00:00,1068.5772222222222,1068.5772222222222
2023-10-13 20:00:00+00:00,2235.7791666666667,2235.7791666666667
2023-10-13 21:00:00+00:00,2703.0172222222222,2703.0172222222222
2023-10-13 22:00:00+00:00,1116.1680555555556,1116.1680555555556
2023-10-13 23:00:00+00:00,989.9172222222222,989.9172222222222
2023-10-14 00:00:00+00:00,1994.7769444444448,1994.7769444444448
2023-10-14 01:00:00+00:00,2074.1283333333336,2074.1283333333336
2023-10-14 02:00:00+00:00,705.9441666666667,1877.1455186210605
2023-10-14 03:00:00+00:00,926.2775,926.2775
2023-10-14 04:00:00+00:00,1757.3252777777775,1418.9820697525383
2023-10-14 05:00:00+00:00,998.3819444444443,998.3819444444443
2023-10-14 06:00:00+00:00,1433.268611111111,1147.49613325209
2023-10-14 07:00:00+00:00,2194.0819444444446,1126.6244049010156
2023-10-14 08:00:00+00:00,1442.0641666666668,1150.789412947147
2023-10-14 09:00:00+00:00,1379.5158333333334,1379.5158333333334
2023-10-14 10:00:00+00:00,1238.1825,1271.1519900792082
2023-10-14 11:00:00+00:00,2206.0691666666667,2206.0691666666667
2023-10-14 12:00:00+00:00,742.0583333333333,742.0583333333333
2023-10-14 13:00:00+00:00,1449.515,1363.7724754358235
2023-10-14 14:00:00+00:00,1421.1608333333334,1421.1608333333334
2023-10-14 15:00:00+00:00,6951.157222222222,1319.0394836594735
2023-10-14 16:00:00+00:00,3489.5652777777777,3489.5652777777777
2023-10-14 17:00:00+00:00,3781.0630555555554,3781.0630555555554
2023-10-14 18:00:00+00:00,1348.4425,1348.4425
2023-10-14 19:00:00+00:00,5176.854722222222,2331.5245566683625
2023-10-14 20:00:00+00:00,10561.798611111111,10561.798611111111
2023-10-14 21:00:00+00:00,2418.6969444444444,2418.6969444444444
2023-10-14 22:00:00+00:00,1102.39,1102.39
2023-10-14 23:00:00+00:00,6159.571666666667,6159.571666666667
2023-10-15 00:00:00+00:00,1117.8694444444443,1117.8694444444443
2023-10-15 01:00:00+00:00,1397.4094444444445,3168.1606184795814
2023-10-15 02:00:00+00:00,9454.851388888888,2989.925642896897
2023-10-15 03:00:00+00:00,5889.674166666667,5889.674166666667
2023-10-15 04:00:00+00:00,1702.841111111111,1702.841111111111
2023-10-15 05:00:00+00:00,3011.4966666666664,3369.5568973234836
2023-10-15 06:00:00+00:00,12130.727222222222,12130.727222222222
2023-10-15 07:00:00+00:00,5927.373333333333,5927.373333333333
2023-10-15 08:00:00+00:00,4803.096388888889,6956.746594164629
2023-10-15 09:00:00+00:00,3770.8125,3770.8125
2023-10-15 10:00:00+00:00,3008.724166666667,5221.120745955259
2023-10-15 11:00:00+00:00,3547.205,3547.205
2023-10-15 12:00:00+00:00,16574.775,4201.257201419763
2023-10-15 13:00:00+00:00,4342.918055555556,4342.918055555556
2023-10-15 14:00:00+00:00,2263.515,2263.515
2023-10-15 15:00:00+00:00,3550.4569444444446,3550.4569444444446
2023-10-15 16:00:00+00:00,7516.391111111111,3486.702987009011
2023-10-15 17:00:00+00:00,6636.848333333333,6636.848333333333
2023-10-15 18:00:00+00:00,1817.055555555556,5089.587760504185
2023-10-15 19:00:00+00:00,4333.545,5351.2542742723435
2023-10-15 20:00:00+00:00,4019.675555555556,4019.675555555556
2023-10-15 21:00:00+00:00,1831.2983333333332,4725.9536425505285
2023-10-15 22:00:00+00:00,1169.8708333333334,1169.8708333333334
2023-10-15 23:00:00+00:00,2151.9044444444444,2151.9044444444444
2023-10-16 00:00:00+00:00,1483.0019444444445,2573.9556162990416
2023-10-16 01:00:00+00:00,1248.3961111111112,1248.3961111111112
2023-10-16 02:00:00+00:00,30770.251944444444,1852.5605861973713
2023-10-16 03:00:00+00:00,156826.14638888888,156826.14638888888
2023-10-16 04:00:00+00:00,293118.79,80263.59060912617
2023-10-16 05:00:00+00:00,138537.17222222223,138537.17222222223
2023-10-16 06:00:00+00:00,81492.53194444445,118862.67342979339
2023-10-16 07:00:00+00:00,190175.7461111111,121844.97855054415
2023-10-16 08:00:00+00:00,102588.85472222224,102588.85472222224
2023-10-16 09:00:00+00:00,78829.61666666667,78829.61666666667
2023-10-16 10:00:00+00:00,66466.52583333333,66466.52583333333
2023-10-16 11:00:00+00:00,26416.53722222222,26416.53722222222
2023-10-16 12:00:00+00:00,70528.19416666667,70528.19416666667
2023-10-16 13:00:00+00:00,2540.2252777777776,2540.2252777777776
2023-10-16 14:00:00+00:00,10460.862777777778,10460.862777777778
2023-10-16 15:00:00+00:00,1887.568888888889,29447.480684759215
2023-10-16 16:00:00+00:00,5540.7525,5540.7525
2023-10-16 17:00:00+00:00,6164.679166666667,6164.679166666667
2023-10-16 18:00:00+00:00,1901.2836111111112,11627.442607309045
2023-10-16 19:00:00+00:00,1661.778611111111,8896.83705421501
2023-10-16 20:00:00+00:00,1425.2816666666668,1425.2816666666668
2023-10-16 21:00:00+00:00,1789.8038888888889,4601.223830878684
2023-10-16 22:00:00+00:00,2772.465277777778,2772.465277777778
2023-10-16 23:00:00+00:00,1000.5777777777778,3298.115154804197
2023-10-17 00:00:00+00:00,867.9563888888889,3106.176329826914
2023-10-17 01:00:00+00:00,2864.314444444444,2864.314444444444
2023-10-17 02:00:00+00:00,94445.22388888888,2947.7144310877666
2023-10-17 03:00:00+00:00,29231.38388888889,15708.46888776359
2023-10-17 04:00:00+00:00,101849.11055555556,101849.11055555556
2023-10-17 05:00:00+00:00,99567.975,99567.975
2023-10-17 06:00:00+00:00,225677.1855555556,76397.34536858751
2023-10-17 07:00:00+00:00,168754.75861111112,91058.53850929912
2023-10-17 08:00:00+00:00,143495.06722222222,143495.06722222222
2023-10-17 09:00:00+00:00,83755.98333333334,83755.98333333334
2023-10-17 10:00:00+00:00,32767.9725,32767.9725
2023-10-17 11:00:00+00:00,17399.923333333332,77709.1097741372
2023-10-17 12:00:00+00:00,1919.9091666666664,57978.2882361799
2023-10-17 13:00:00+00:00,1492.985,43591.83720449339
2023-10-17 14:00:00+00:00,1444.8919444444443,32477.589401917874
2023-10-17 15:00:00+00:00,3032.760555555556,3032.760555555556
2023-10-17 16:00:00+00:00,1177.1422222222222,15482.714118557902
2023-10-17 17:00:00+00:00,1139.5405555555556,1139.5405555555556
2023-10-17 18:00:00+00:00,739.4313888888889,739.4313888888889
2023-10-17 19:00:00+00:00,808.9677777777778,808.9677777777778
2023-10-17 20:00:00+00:00,397.7038888888889,3016.299336086251
2023-10-17 21:00:00+00:00,539.6675,539.6675
2023-10-17 22:00:00+00:00,635.1216666666667,635.1216666666667
2023-10-17 23:00:00+00:00,981.4711111111112,981.4711111111112
2023-10-18 00:00:00+00:00,742.6994444444445,1093.6566553247749
2023-10-18 01:00:00+00:00,1924.538611111111,1870.2324818323027
2023-10-18 02:00:00+00:00,7326.677222222223,7326.677222222223
2023-10-18 03:00:00+00:00,41179.48194444445,4779.08087260653
2023-10-18 04:00:00+00:00,217879.1058333333,28643.55425195562
2023-10-18 05:00:00+00:00,184331.99416666667,184331.99416666667
2023-10-18 06:00:00+00:00,37576.59388888889,37576.59388888889
2023-10-18 07:00:00+00:00,110658.43138888889,110658.43138888889
2023-10-18 08:00:00+00:00,131435.8813888889,93797.61365192084
2023-10-18 09:00:00+00:00,165587.26333333334,165587.26333333334
2023-10-18 10:00:00+00:00,64946.08111111111,132155.1390859306
2023-10-18 11:00:00+00:00,462853.6055555556,462853.6055555556
2023-10-18 12:00:00+00:00,6193.214166666667,6193.214166666667
2023-10-18 13:00:00+00:00,4015.0630555555554,188285.5149425978
2023-10-18 14:00:00+00:00,1603.1763888888888,117136.84076927048
2023-10-18 15:00:00+00:00,1966.959722222222,1966.959722222222
2023-10-18 16:00:00+00:00,985.7119444444444,985.7119444444444
2023-10-18 17:00:00+00:00,2127.425,2127.425
2023-10-18 18:00:00+00:00,1099.743333333333,1099.743333333333
2023-10-18 19:00:00+00:00,3043.576111111111,3043.576111111111
2023-10-18 20:00:00+00:00,963.8330555555556,963.8330555555556
2023-10-18 21:00:00+00:00,2392.028333333333,2392.028333333333
2023-10-18 22:00:00+00:00,806.6138888888889,4241.083171250767
2023-10-18 23:00:00+00:00,583.3508333333333,3300.9531720725277
2023-10-19 00:00:00+00:00,665.0652777777777,665.0652777777777
2023-10-19 01:00:00+00:00,1514.8455555555556,1514.8455555555556
2023-10-19 02:00:00+00:00,3484.2780555555555,1683.2249429792794
2023-10-19 03:00:00+00:00,42836.23527777778,42836.23527777778
2023-10-19 04:00:00+00:00,114765.20666666668,114765.20666666668
2023-10-19 05:00:00+00:00,153519.32333333333,153519.32333333333
2023-10-19 06:00:00+00:00,88273.0761111111,88273.0761111111
2023-10-19 07:00:00+00:00,63957.72472222222,63957.72472222222
2023-10-19 08:00:00+00:00,19901.8325,81443.8781508928
2023-10-19 09:00:00+00:00,25655.129444444443,25655.129444444443
2023-10-19 10:00:00+00:00,18172.261388888888,18172.261388888888
2023-10-19 11:00:00+00:00,4946.187222222222,4946.187222222222
2023-10-19 12:00:00+00:00,2838.368611111111,2838.368611111111
2023-10-19 13:00:00+00:00,4669.2363888888885,16648.355762360334
2023-10-19 14:00:00+00:00,1143.7286111111111,11080.113584585812
2023-10-19 15:00:00+00:00,1184.816111111111,1184.816111111111
2023-10-19 16:00:00+00:00,2506.163611111111,2506.163611111111
2023-10-19 17:00:00+00:00,1279.0497222222225,4048.479640781556
2023-10-19 18:00:00+00:00,877.9183333333333,3209.7114411807097
2023-10-19 19:00:00+00:00,643.2572222222223,643.2572222222223
2023-10-19 20:00:00+00:00,1258.0755555555556,1752.7738554477846
2023-10-19 21:00:00+00:00,810.3788888888889,810.3788888888889
2023-10-19 22:00:00+00:00,598.165,1143.8230259914665
2023-10-19 23:00:00+00:00,826.7227777777778,1027.5484323675846
2023-10-20 00:00:00+00:00,911.0525,911.0525
2023-10-20 01:00:00+00:00,1589.006111111111,946.7575294619312
2023-10-20 02:00:00+00:00,61150.40027777778,1497.9060769248401
2023-10-20 03:00:00+00:00,30453.582777777778,2400.3507869958803
2023-10-20 04:00:00+00:00,15967.646666666667,3517.8839600228193
2023-10-20 05:00:00+00:00,40925.65888888889,4767.109567584938
2023-10-20 06:00:00+00:00,41086.44111111111,6096.966637548454
2023-10-20 07:00:00+00:00,32504.30972222222,7476.192015964427
2023-10-20 08:00:00+00:00,82656.53638888888,8885.64417939546
2023-10-20 09:00:00+00:00,14025.707777777778,14025.707777777778
2023-10-20 10:00:00+00:00,16351.046944444444,16351.046944444444
2023-10-20 11:00:00+00:00,2389.8288888888887,13535.73096672117
2023-10-20 12:00:00+00:00,808.1444444444444,12595.417148430059
2023-10-20 13:00:00+00:00,629.5491666666667,629.5491666666667
2023-10-20 14:00:00+00:00,760.4113888888888,760.4113888888888
2023-10-20 15:00:00+00:00,9623.345,9623.345
2023-10-20 16:00:00+00:00,2483.634722222222,6295.72784895646
2023-10-20 17:00:00+00:00,4889.746111111112,7136.779187401875
2023-10-20 18:00:00+00:00,1247.8794444444443,7202.568320328898
2023-10-20 19:00:00+00:00,3814.3972222222224,6793.686864955872
2023-10-20 20:00:00+00:00,3831.1258333333335,3831.1258333333335
2023-10-20 21:00:00+00:00,480.57916666666665,480.57916666666665
2023-10-20 22:00:00+00:00,511.2205555555556,3380.3854775519662
2023-10-20 23:00:00+00:00,1031.971388888889,2241.4858656716697
2023-10-21 00:00:00+00:00,367.91777777777776,367.91777777777776
2023-10-21 01:00:00+00:00,909.9238888888888,1079.1882293828116
2023-10-21 02:00:00+00:00,1318.3141666666668,1318.3141666666668
2023-10-21 03:00:00+00:00,1366.9116666666666,1115.8618584980866
2023-10-21 04:00:00+00:00,728.6544444444445,728.6544444444445
2023-10-21 05:00:00+00:00,682.2827777777778,943.8003371355742
2023-10-21 06:00:00+00:00,597.2272222222222,597.2272222222222
2023-10-21 07:00:00+00:00,671.1675,671.1675
2023-10-21 08:00:00+00:00,465.6005555555556,465.6005555555556
2023-10-21 09:00:00+00:00,1124.550277777778,1124.550277777778
2023-10-21 10:00:00+00:00,465.0072222222222,465.0072222222222
2023-10-21 11:00:00+00:00,370.7925,370.7925
2023-10-21 12:00:00+00:00,1940.950833333333,1940.950833333333
2023-10-21 13:00:00+00:00,466.2105555555556,1095.144556922061
2023-10-21 14:00:00+00:00,347.4555555555556,347.4555555555556
2023-10-21 15:00:00+00:00,1087.907222222222,1087.907222222222
2023-10-21 16:00:00+00:00,3890.006666666666,3890.006666666666
2023-10-21 17:00:00+00:00,8378.455555555556,8378.455555555556
2023-10-21 18:00:00+00:00,5277.788611111111,4517.663673966782
2023-10-21 19:00:00+00:00,5260.101111111111,5260.101111111111
2023-10-21 20:00:00+00:00,599.3563888888889,5351.920486848976
2023-10-21 21:00:00+00:00,860.1794444444445,4716.326140416298
2023-10-21 22:00:00+00:00,617.7347222222222,617.7347222222222
2023-10-21 23:00:00+00:00,476.5180555555556,476.5180555555556
2023-10-22 00:00:00+00:00,662.4458333333333,1728.6355640954348
2023-10-22 01:00:00+00:00,943.0494444444444,1319.4101955420065
2023-10-22 02:00:00+00:00,585.5230555555555,1145.1102226862308
2023-10-22 03:00:00+00:00,904.9244444444444,1114.6482635871846
2023-10-22 04:00:00+00:00,922.0380555555556,1172.2541531770394
2023-10-22 05:00:00+00:00,1656.5722222222223,1656.5722222222223
2023-10-22 06:00:00+00:00,1421.1180555555557,1428.3232233997248
2023-10-22 07:00:00+00:00,7371.750277777778,7371.750277777778
2023-10-22 08:00:00+00:00,1347.9422222222222,1347.9422222222222
2023-10-22 09:00:00+00:00,1839.2897222222225,1839.2897222222225
2023-10-22 10:00:00+00:00,4076.840277777778,2707.0833850102454
2023-10-22 11:00:00+00:00,4207.794166666667,4207.794166666667
2023-10-22 12:00:00+00:00,929.5941666666666,929.5941666666666
2023-10-22 13:00:00+00:00,5647.694166666667,5647.694166666667
2023-10-22 14:00:00+00:00,5834.0633333333335,5834.0633333333335
2023-10-22 15:00:00+00:00,4583.432777777778,4583.432777777778
2023-10-22 16:00:00+00:00,1790.6594444444445,1790.6594444444445
2023-10-22 17:00:00+00:00,3347.535,3473.076616797248
2023-10-22 18:00:00+00:00,6550.663055555556,6550.663055555556
2023-10-22 19:00:00+00:00,1655.5783333333334,4831.949294644021
2023-10-22 20:00:00+00:00,1004.44,1004.44
2023-10-22 21:00:00+00:00,776.4097222222222,776.4097222222222
2023-10-22 22:00:00+00:00,513.6966666666667,2197.6097731244954
2023-10-22 23:00:00+00:00,733.6402777777778,733.6402777777778
2023-10-23 00:00:00+00:00,683.0372222222222,1287.5236631955447
2023-10-23 01:00:00+00:00,2889.630833333333,2889.630833333333
2023-10-23 02:00:00+00:00,7056.8358333333335,2033.128683663379
2023-10-23 03:00:00+00:00,174426.60944444445,174426.60944444445
2023-10-23 04:00:00+00:00,236420.26888888888,89439.43415208836
2023-10-23 05:00:00+00:00,128246.8225,128246.8225
2023-10-23 06:00:00+00:00,90982.58861111112,90982.58861111112
2023-10-23 07:00:00+00:00,94934.62138888887,94934.62138888887
2023-10-23 08:00:00+00:00,57901.07972222223,57901.07972222223
2023-10-23 09:00:00+00:00,31607.636666666665,31607.636666666665
2023-10-23 10:00:00+00:00,64985.39944444445,64985.39944444445
2023-10-23 11:00:00+00:00,11378.62722222222,64776.930016884784
2023-10-23 12:00:00+00:00,10628.943611111112,10628.943611111112
2023-10-23 13:00:00+00:00,3941.745833333333,37379.6953214282
2023-10-23 14:00:00+00:00,1718.71,1718.71
2023-10-23 15:00:00+00:00,2096.981111111111,16144.774278672647
2023-10-23 16:00:00+00:00,4213.3341666666665,4213.3341666666665
2023-10-23 17:00:00+00:00,1908.8558333333333,1908.8558333333333
2023-10-23 18:00:00+00:00,16354.326666666666,16354.326666666666
2023-10-23 19:00:00+00:00,977.3561111111112,977.3561111111112
2023-10-23 20:00:00+00:00,967.2922222222222,967.2922222222222
2023-10-23 21:00:00+00:00,781.02,781.02
2023-10-23 22:00:00+00:00,4463.014722222222,4463.014722222222
2023-10-23 23:00:00+00:00,10256.9775,10256.9775
2023-10-24 00:00:00+00:00,756.0394444444445,756.0394444444445
2023-10-24 01:00:00+00:00,7336.671388888889,4055.242653557703
2023-10-24 02:00:00+00:00,33945.791666666664,9484.218530408734
2023-10-24 03:00:00+00:00,33066.10888888889,19516.395719136817
2023-10-24 04:00:00+00:00,69960.7988888889,69960.7988888889
2023-10-24 05:00:00+00:00,95571.5825,95571.5825
2023-10-24 06:00:00+00:00,97391.25222222222,97391.25222222222
2023-10-24 07:00:00+00:00,65721.25277777777,65721.25277777777
2023-10-24 08:00:00+00:00,98378.68638888888,73268.26538961705
2023-10-24 09:00:00+00:00,77844.72666666667,77844.72666666667
2023-10-24 10:00:00+00:00,68355.4836111111,68355.4836111111
2023-10-24 11:00:00+00:00,20600.75138888889,72233.98244447233
2023-10-24 12:00:00+00:00,6086.718888888889,66393.56439577979
2023-10-24 13:00:00+00:00,735.7875,58481.033940527384
2023-10-24 14:00:00+00:00,3474.04,49299.809089953706
2023-10-24 15:00:00+00:00,1636.8211111111111,39341.799416498776
2023-10-24 16:00:00+00:00,1247.6013888888888,1247.6013888888888
2023-10-24 17:00:00+00:00,4472.433055555555,4472.433055555555
2023-10-24 18:00:00+00:00,24443.216944444444,12867.246532279321
2023-10-24 19:00:00+00:00,3156.365277777778,3156.365277777778
2023-10-24 20:00:00+00:00,2555.826111111111,2555.826111111111
2023-10-24 21:00:00+00:00,651.1975,651.1975
2023-10-24 22:00:00+00:00,4904.911666666667,4904.911666666667
2023-10-24 23:00:00+00:00,2947.686111111111,2947.686111111111
2023-10-25 00:00:00+00:00,657.7875,3606.5216943954206
2023-10-25 01:00:00+00:00,5216.020277777778,5216.020277777778
2023-10-25 02:00:00+00:00,16040.522777777778,16040.522777777778
2023-10-25 03:00:00+00:00,69723.31361111111,69723.31361111111
2023-10-25 04:00:00+00:00,183609.6255555556,32469.932248022953
2023-10-25 05:00:00+00:00,59826.43222222223,59826.43222222223
2023-10-25 06:00:00+00:00,91827.79638888888,91827.79638888888
2023-10-25 07:00:00+00:00,98596.48055555556,66674.52806908704
2023-10-25 08:00:00+00:00,152747.8463888889,152747.8463888889
2023-10-25 09:00:00+00:00,142338.17,142338.17
2023-10-25 10:00:00+00:00,53062.38138888889,124528.31213881246
2023-10-25 11:00:00+00:00,17372.07,17372.07
2023-10-25 12:00:00+00:00,49669.73388888889,49669.73388888889
2023-10-25 13:00:00+00:00,5708.4875,63571.835365855004
2023-10-25 14:00:00+00:00,3793.938611111111,3793.938611111111
2023-10-25 15:00:00+00:00,6831.791388888889,6831.791388888889
2023-10-25 16:00:00+00:00,1115.6847222222225,22026.3880576186
2023-10-25 17:00:00+00:00,3168.561111111111,3168.561111111111
2023-10-25 18:00:00+00:00,1095.8694444444443,1095.8694444444443
2023-10-25 19:00:00+00:00,1500.6419444444443,6959.498194179994
2023-10-25 20:00:00+00:00,905.5108333333334,905.5108333333334
2023-10-25 21:00:00+00:00,1489.2341666666666,1489.2341666666666
2023-10-25 22:00:00+00:00,612.3758333333334,2535.2166927697144
2023-10-25 23:00:00+00:00,762.0422222222222,762.0422222222222
2023-10-26 00:00:00+00:00,1047.245,1513.0783877081503
2023-10-26 01:00:00+00:00,7142.510555555556,7142.510555555556
2023-10-26 02:00:00+00:00,2261.1705555555554,2261.1705555555554
2023-10-26 03:00:00+00:00,5315.068888888889,5315.068888888889
2023-10-26 04:00:00+00:00,2141.551388888889,4200.126235378196
2023-10-26 05:00:00+00:00,2241.678888888889,2241.678888888889
2023-10-26 06:00:00+00:00,7223.689444444444,3340.657471506579
2023-10-26 07:00:00+00:00,1111.1269444444445,2786.6559504745655
2023-10-26 08:00:00+00:00,38362.48166666667,2319.5611831194365
2023-10-26 09:00:00+00:00,922.245,922.245
2023-10-26 10:00:00+00:00,2993.8741666666665,1524.3718633401454
2023-10-26 11:00:00+00:00,3893.388055555556,3893.388055555556
2023-10-26 12:00:00+00:00,935.7597222222222,935.7597222222222
2023-10-26 13:00:00+00:00,711.1763888888889,1986.9518646479141
2023-10-26 14:00:00+00:00,1620.503611111111,3916.5192615711594
2023-10-26 15:00:00+00:00,4765.7675,7435.082521819618
2023-10-26 16:00:00+00:00,25046.880833333333,25046.880833333333
2023-10-26 17:00:00+00:00,1930.3733333333328,1930.3733333333328
2023-10-26 18:00:00+00:00,2007.7980555555555,11165.443448615184
2023-10-26 19:00:00+00:00,1629.7730555555556,1629.7730555555556
2023-10-26 20:00:00+00:00,42470.23416666667,5240.145779883516
2023-10-26 21:00:00+00:00,4168.033611111111,4168.033611111111
2023-10-26 22:00:00+00:00,4730.689166666667,4730.689166666667
2023-10-26 23:00:00+00:00,11666.922777777778,11666.922777777778
2023-10-27 00:00:00+00:00,1073.0769444444445,1073.0769444444445
2023-10-27 01:00:00+00:00,2815.713333333333,2815.713333333333
2023-10-27 02:00:00+00:00,5819.6575,4063.1507116267935
2023-10-27 03:00:00+00:00,12295.760833333334,3630.0203408239995
2023-10-27 04:00:00+00:00,2966.6994444444445,3415.3644033092364
2023-10-27 05:00:00+00:00,3337.08,3337.08
2023-10-27 06:00:00+00:00,22916.0975,22916.0975
2023-10-27 07:00:00+00:00,1848.685,1848.685
2023-10-27 08:00:00+00:00,4129.764722222222,4129.764722222222
2023-10-27 09:00:00+00:00,2742.162222222222,6136.537125510875
2023-10-27 10:00:00+00:00,1458.9788888888888,1458.9788888888888
2023-10-27 11:00:00+00:00,2250.199722222222,3529.498225313768
2023-10-27 12:00:00+00:00,4468.080277777778,3151.408489698939
2023-10-27 13:00:00+00:00,4745.119166666666,4745.119166666666
2023-10-27 14:00:00+00:00,4601.130833333334,4601.130833333334
2023-10-27 15:00:00+00:00,2739.1902777777777,2739.1902777777777
2023-10-27 16:00:00+00:00,4766.57,3611.7311770107326
2023-10-27 17:00:00+00:00,1836.3561111111112,1836.3561111111112
2023-10-27 18:00:00+00:00,24911.846944444445,2609.0655382147675
2023-10-27 19:00:00+00:00,9154.4,9154.4
2023-10-27 20:00:00+00:00,781.1938888888889,781.1938888888889
2023-10-27 21:00:00+00:00,602.5666666666667,3873.7039729273256
2023-10-27 22:00:00+00:00,4995.638055555555,3245.4812015060925
2023-10-27 23:00:00+00:00,1331.2619444444445,3431.671580160911
2023-10-28 00:00:00+00:00,6670.183611111112,6670.183611111112
2023-10-28 01:00:00+00:00,1390.6922222222222,1390.6922222222222
2023-10-28 02:00:00+00:00,563.4033333333333,563.4033333333333
2023-10-28 03:00:00+00:00,1287.4902777777777,1287.4902777777777
2023-10-28 04:00:00+00:00,1817.960555555556,1817.960555555556
2023-10-28 05:00:00+00:00,1025.1266666666668,1933.8192775958714
2023-10-28 06:00:00+00:00,943.1636111111112,943.1636111111112
2023-10-28 07:00:00+00:00,841.1069444444445,1418.372764227574
2023-10-28 08:00:00+00:00,807.3655555555556,807.3655555555556
2023-10-28 09:00:00+00:00,904.0897222222222,904.0897222222222
2023-10-28 10:00:00+00:00,784.7047222222222,784.7047222222222
2023-10-28 11:00:00+00:00,710.8191666666667,710.8191666666667
2023-10-28 12:00:00+00:00,867.6188888888889,834.8839868325593
2023-10-28 13:00:00+00:00,463.7669444444445,463.7669444444445
2023-10-28 14:00:00+00:00,1073.9380555555556,1073.9380555555556
2023-10-28 15:00:00+00:00,983.9197222222224,983.9197222222224
2023-10-28 16:00:00+00:00,1870.4461111111111,873.4437710656728
2023-10-28 17:00:00+00:00,1454.0530555555556,1036.4928745329676
2023-10-28 18:00:00+00:00,1005.6133333333332,1256.5374934893591
2023-10-28 19:00:00+00:00,2405.2272222222223,1511.478815361358
2023-10-28 20:00:00+00:00,2534.1569444444444,2534.1569444444444
2023-10-28 21:00:00+00:00,1129.9269444444444,1129.9269444444444
2023-10-28 22:00:00+00:00,1512.7702777777777,1512.7702777777777
2023-10-28 23:00:00+00:00,1336.8902777777778,1336.8902777777778
2023-10-29 01:00:00+00:00,1528.342777777778,1528.342777777778
2023-10-29 02:00:00+00:00,5043.245833333333,1522.3014385217236
2023-10-29 03:00:00+00:00,1041.4177777777777,1041.4177777777777
2023-10-29 04:00:00+00:00,853.77,1279.486263809693
2023-10-29 05:00:00+00:00,927.3897222222222,1433.927234060848
2023-10-29 06:00:00+00:00,2950.589166666666,2950.589166666666
2023-10-29 07:00:00+00:00,2162.021388888889,2162.021388888889
2023-10-29 08:00:00+00:00,10500.126666666669,2204.2263644815703
2023-10-29 09:00:00+00:00,3251.068888888889,3251.068888888889
2023-10-29 10:00:00+00:00,2835.885555555556,2835.885555555556
2023-10-29 11:00:00+00:00,2760.605833333333,2760.605833333333
2023-10-29 12:00:00+00:00,2094.898888888889,2094.898888888889
2023-10-29 13:00:00+00:00,7335.899722222222,7335.899722222222
2023-10-29 14:00:00+00:00,32112.2975,4378.853357257248
2023-10-29 15:00:00+00:00,3794.4025,3794.4025
2023-10-29 16:00:00+00:00,2689.116666666667,2689.116666666667
2023-10-29 17:00:00+00:00,5799.072777777777,5799.072777777777
2023-10-29 18:00:00+00:00,6308.978888888889,6308.978888888889
2023-10-29 19:00:00+00:00,5782.2827777777775,5231.395516268767
2023-10-29 20:00:00+00:00,1027.1502777777778,1027.1502777777778
2023-10-29 21:00:00+00:00,12200.15,12200.15
2023-10-29 22:00:00+00:00,35012.37972222222,35012.37972222222
2023-10-29 23:00:00+00:00,1199.7441666666666,1199.7441666666666
2023-10-30 00:00:00+00:00,704.4111111111112,704.4111111111112
2023-10-30 01:00:00+00:00,1194.7041666666669,1194.7041666666669
2023-10-30 02:00:00+00:00,921.6733333333332,921.6733333333332
2023-10-30 03:00:00+00:00,9282.191111111111,3335.084623177976
2023-10-30 04:00:00+00:00,17324.9925,17324.9925
2023-10-30 05:00:00+00:00,134505.50722222222,134505.50722222222
2023-10-30 06:00:00+00:00,208026.5061111111,58356.117932624904
2023-10-30 07:00:00+00:00,334486.5177777778,80025.2820395152
2023-10-30 08:00:00+00:00,73719.53944444444,73719.53944444444
2023-10-30 09:00:00+00:00,233117.95027777777,80893.50914372009
2023-10-30 10:00:00+00:00,160117.85833333334,73749.11683608076
2023-10-30 11:00:00+00:00,112840.36333333331,65011.97598847205
2023-10-30 12:00:00+00:00,24957.269166666665,55299.641353394
2023-10-30 13:00:00+00:00,24203.79333333333,44990.223814609715
2023-10-30 14:00:00+00:00,6205.836666666667,6205.836666666667
2023-10-30 15:00:00+00:00,2374.1827777777776,23416.403670456522
2023-10-30 16:00:00+00:00,2737.8044444444445,2737.8044444444445
2023-10-30 17:00:00+00:00,1123.6980555555556,1123.6980555555556
2023-10-30 18:00:00+00:00,1605.8808333333334,7110.276135299833
2023-10-30 19:00:00+00:00,3231.596666666667,4804.811338465519
2023-10-30 20:00:00+00:00,1245.2130555555557,1245.2130555555557
2023-10-30 21:00:00+00:00,1407.1005555555555,2570.004662321905
2023-10-30 22:00:00+00:00,871.7544444444444,2060.7774667764065
2023-10-30 23:00:00+00:00,1279.5119444444445,1279.5119444444445
2023-10-31 00:00:00+00:00,751.1122222222223,751.1122222222223
2023-10-31 01:00:00+00:00,690.8144444444445,690.8144444444445
2023-10-31 02:00:00+00:00,1224.6427777777778,1034.5925491665919
2023-10-31 03:00:00+00:00,1863.1252777777777,1863.1252777777777
2023-10-31 04:00:00+00:00,16398.555555555555,16398.555555555555
2023-10-31 05:00:00+00:00,129835.81777777776,7223.565416545471
2023-10-31 06:00:00+00:00,129908.94222222222,129908.94222222222
2023-10-31 07:00:00+00:00,87441.78638888888,70443.75047471619
2023-10-31 08:00:00+00:00,125232.16694444444,95253.19518967193
2023-10-31 09:00:00+00:00,143473.0597222222,143473.0597222222
2023-10-31 10:00:00+00:00,180765.5608333333,124323.2466049551
2023-10-31 11:00:00+00:00,55102.78861111112,117276.9630971238
2023-10-31 12:00:00+00:00,31503.963333333333,31503.963333333333
2023-10-31 13:00:00+00:00,66334.55777777778,66334.55777777778
2023-10-31 14:00:00+00:00,79435.605,79435.605
2023-10-31 15:00:00+00:00,6121.525833333333,6121.525833333333
2023-10-31 16:00:00+00:00,1912.2875,1912.2875
2023-10-31 17:00:00+00:00,1811.7825,29835.171872382867
2023-10-31 18:00:00+00:00,4810.601111111111,4810.601111111111
2023-10-31 19:00:00+00:00,2025.0972222222224,13847.684525395161
2023-10-31 20:00:00+00:00,3280.3372222222224,14043.880774371079
2023-10-31 21:00:00+00:00,33439.89305555556,33439.89305555556
2023-10-31 22:00:00+00:00,1605.1586111111112,1605.1586111111112
2023-10-31 23:00:00+00:00,1262.181111111111,1262.181111111111
2023-11-01 00:00:00+00:00,774.1933333333334,9831.21450212858
2023-11-01 01:00:00+00:00,796.1294444444444,6459.280011920264
2023-11-01 02:00:00+00:00,879.3983333333333,879.3983333333333
2023-11-01 03:00:00+00:00,1548.0225,3001.451280363196
2023-11-01 04:00:00+00:00,10801.575833333334,22364.175114792615
2023-11-01 05:00:00+00:00,49136.71444444444,54404.91520074106
2023-11-01 06:00:00+00:00,209122.85444444444,209122.85444444444
2023-11-01 07:00:00+00:00,142043.28722222222,142043.28722222222
2023-11-01 08:00:00+00:00,57428.74,57428.74
2023-11-01 09:00:00+00:00,104915.775,108006.39087542618
2023-11-01 10:00:00+00:00,59774.15111111111,95664.73078554362
2023-11-01 11:00:00+00:00,113669.78194444445,113669.78194444445
2023-11-01 12:00:00+00:00,119085.50083333334,119085.50083333334
2023-11-01 13:00:00+00:00,89572.36333333333,89572.36333333333
2023-11-01 14:00:00+00:00,42059.80972222222,42059.80972222222
2023-11-01 15:00:00+00:00,2906.085833333333,2906.085833333333
2023-11-01 16:00:00+00:00,2907.625833333333,49129.05085286562
2023-11-01 17:00:00+00:00,2213.3744444444446,31512.753565380524
2023-11-01 18:00:00+00:00,5271.284722222223,5271.284722222223
2023-11-01 19:00:00+00:00,3455.223611111111,14921.414386737522
2023-11-01 20:00:00+00:00,7497.812222222222,7497.812222222222
2023-11-01 21:00:00+00:00,2829.6583333333333,2829.6583333333333
2023-11-01 22:00:00+00:00,1091.612777777778,1091.612777777778
2023-11-01 23:00:00+00:00,2082.150277777778,2082.150277777778
2023-11-02 00:00:00+00:00,3845.1916666666666,3845.1916666666666
2023-11-02 01:00:00+00:00,607.7758333333334,607.7758333333334
2023-11-02 02:00:00+00:00,1978.5577777777776,1978.5577777777776
2023-11-02 03:00:00+00:00,10624.141666666666,10624.141666666666
2023-11-02 04:00:00+00:00,10876.56361111111,5550.283710401957
2023-11-02 05:00:00+00:00,112450.2125,112450.2125
2023-11-02 06:00:00+00:00,160072.385,160072.385
2023-11-02 07:00:00+00:00,136777.635,98978.21762318813
2023-11-02 08:00:00+00:00,120839.88305555556,121911.95141645015
2023-11-02 09:00:00+00:00,154236.51833333334,154236.51833333334
2023-11-02 10:00:00+00:00,162778.86694444445,162778.86694444445
2023-11-02 11:00:00+00:00,81027.68722222222,150412.06691794976
2023-11-02 12:00:00+00:00,18315.19138888889,142730.6356584456
2023-11-02 13:00:00+00:00,18073.902777777777,125551.11992855069
2023-11-02 14:00:00+00:00,11207.879722222222,102556.2022466552
2023-11-02 15:00:00+00:00,1888.1566666666668,1888.1566666666668
2023-11-02 16:00:00+00:00,1060.513888888889,1060.513888888889
2023-11-02 17:00:00+00:00,1140.799166666667,29350.24892665869
2023-11-02 18:00:00+00:00,1838.7977777777776,1838.7977777777776
2023-11-02 19:00:00+00:00,2068.889166666667,12059.794955986396
2023-11-02 20:00:00+00:00,345947.5175,8220.972177148567
2023-11-02 21:00:00+00:00,2799.4219444444443,2799.4219444444443
2023-11-02 22:00:00+00:00,785.4919444444445,785.4919444444445
2023-11-02 23:00:00+00:00,561.5727777777778,561.5727777777778
2023-11-03 00:00:00+00:00,517.8269444444444,517.8269444444444
2023-11-03 01:00:00+00:00,1205.2444444444443,1205.2444444444443
2023-11-03 02:00:00+00:00,1536.6661111111111,1536.6661111111111
2023-11-03 03:00:00+00:00,14850.216944444444,14850.216944444444
2023-11-03 04:00:00+00:00,8683.083055555555,8683.083055555555
2023-11-03 05:00:00+00:00,91882.24277777778,91882.24277777778
2023-11-03 06:00:00+00:00,208227.0183333333,208227.0183333333
2023-11-03 07:00:00+00:00,271580.6388888889,271580.6388888889
2023-11-03 08:00:00+00:00,55568.852222222224,169794.33896243456
2023-11-03 09:00:00+00:00,133982.45944444445,133982.45944444445
2023-11-03 10:00:00+00:00,47818.42861111112,47818.42861111112
2023-11-03 11:00:00+00:00,41032.3075,41032.3075
2023-11-03 12:00:00+00:00,21449.465277777777,21449.465277777777
2023-11-03 13:00:00+00:00,4608.929444444444,4608.929444444444
2023-11-03 14:00:00+00:00,6137.508611111111,6137.508611111111
2023-11-03 15:00:00+00:00,1602.055833333333,26937.45577775089
2023-11-03 16:00:00+00:00,1128.8080555555557,1128.8080555555557
2023-11-03 17:00:00+00:00,690.4052777777778,690.4052777777778
2023-11-03 18:00:00+00:00,1154.1558333333332,7246.5797908108125
2023-11-03 19:00:00+00:00,2553.79,4843.061685692646
2023-11-03 20:00:00+00:00,3603.115277777778,3509.957874970688
2023-11-03 21:00:00+00:00,2119.245555555556,2119.245555555556
2023-11-03 22:00:00+00:00,811.5061111111111,811.5061111111111
2023-11-03 23:00:00+00:00,666.6636111111111,666.6636111111111
2023-11-04 00:00:00+00:00,851.0377777777778,851.0377777777778
2023-11-04 01:00:00+00:00,1433.4208333333331,1433.4208333333331
2023-11-04 02:00:00+00:00,2954.189444444444,2954.189444444444
2023-11-04 03:00:00+00:00,483.5633333333333,483.5633333333333
2023-11-04 04:00:00+00:00,843.6569444444444,1370.9296230310142
2023-11-04 05:00:00+00:00,734.2763888888888,734.2763888888888
2023-11-04 06:00:00+00:00,1059.2494444444444,1059.2494444444444
2023-11-04 07:00:00+00:00,1149.2302777777777,1149.2302777777777
2023-11-04 08:00:00+00:00,17004.723055555554,17004.723055555554
2023-11-04 09:00:00+00:00,3301.6669444444447,7236.49237607885
2023-11-04 10:00:00+00:00,2961.323611111111,9802.476335285584
2023-11-04 11:00:00+00:00,3079.673888888889,10152.111903470679
2023-11-04 12:00:00+00:00,3354.7536111111112,9144.741561712504
2023-11-04 13:00:00+00:00,1253.4875,1253.4875
2023-11-04 14:00:00+00:00,4840.131111111111,4840.131111111111
2023-11-04 15:00:00+00:00,6060.178611111111,6060.178611111111
2023-11-04 16:00:00+00:00,3870.5461111111113,3870.5461111111113
2023-11-04 17:00:00+00:00,1321.7811111111112,1321.7811111111112
2023-11-04 18:00:00+00:00,4864.033055555556,4864.033055555556
2023-11-04 19:00:00+00:00,1235.2305555555556,3992.084243999904
2023-11-04 20:00:00+00:00,2532.8966666666665,3883.9977985818773
2023-11-04 21:00:00+00:00,1411.8825,1411.8825
2023-11-04 22:00:00+00:00,917.4330555555556,917.4330555555556
2023-11-04 23:00:00+00:00,1254.3036111111112,1954.8408119200503
2023-11-05 00:00:00+00:00,1528.2305555555556,1528.2305555555556
2023-11-05 01:00:00+00:00,1059.1516666666666,1059.1516666666666
2023-11-05 02:00:00+00:00,1198.03,1399.8832821507667
2023-11-05 03:00:00+00:00,1412.4302777777775,1412.4302777777775
2023-11-05 04:00:00+00:00,1367.3633333333332,1367.3633333333332
2023-11-05 05:00:00+00:00,1258.4852777777778,1258.4852777777778
2023-11-05 06:00:00+00:00,2097.768055555556,1324.5596217854338
2023-11-05 07:00:00+00:00,1007.5980555555556,1007.5980555555556
2023-11-05 08:00:00+00:00,1678.7088888888889,1156.1989935240936
2023-11-05 09:00:00+00:00,2618.6930555555555,2618.6930555555555
2023-11-05 10:00:00+00:00,1920.5805555555555,1879.2062823504943
2023-11-05 11:00:00+00:00,1031.3983333333333,1031.3983333333333
2023-11-05 12:00:00+00:00,1060.2205555555556,1537.6291141858271
2023-11-05 13:00:00+00:00,1194.4644444444446,1485.5378549797772
2023-11-05 14:00:00+00:00,2147.0416666666665,2147.0416666666665
2023-11-05 15:00:00+00:00,1631.7794444444444,1810.7770907895017
2023-11-05 16:00:00+00:00,1616.0252777777778,1957.8300046389668
2023-11-05 17:00:00+00:00,3501.9222222222224,2064.539639368974
2023-11-05 18:00:00+00:00,2319.0525,2319.0525
2023-11-05 19:00:00+00:00,2373.0844444444447,2373.0844444444447
2023-11-05 20:00:00+00:00,1220.4625,1220.4625
2023-11-05 21:00:00+00:00,1439.861388888889,1866.3301141211841
2023-11-05 22:00:00+00:00,775.8908333333334,775.8908333333334
2023-11-05 23:00:00+00:00,2377.3158333333336,1237.4397385936495
2023-11-06 00:00:00+00:00,2344.717777777778,2344.717777777778
2023-11-06 01:00:00+00:00,877.7716666666666,877.7716666666666
2023-11-06 02:00:00+00:00,984.0122222222222,984.0122222222222
2023-11-06 03:00:00+00:00,2529.1766666666667,2529.1766666666667
2023-11-06 04:00:00+00:00,21712.021666666667,1741.9763891954894
2023-11-06 05:00:00+00:00,148857.24277777778,148857.24277777778
2023-11-06 06:00:00+00:00,310300.6122222222,310300.6122222222
2023-11-06 07:00:00+00:00,141989.65055555556,167052.38674163583
2023-11-06 08:00:00+00:00,74685.02638888889,205485.11287162048
2023-11-06 09:00:00+00:00,274604.5261111111,211907.5967092199
2023-11-06 10:00:00+00:00,126636.1536111111,198731.1365606441
2023-11-06 11:00:00+00:00,70988.775,173554.810810782
2023-11-06 12:00:00+00:00,45547.20638888889,45547.20638888889
2023-11-06 13:00:00+00:00,48842.859444444446,48842.859444444446
2023-11-06 14:00:00+00:00,24749.4075,82619.70939459353
2023-11-06 15:00:00+00:00,3428.4125,3428.4125
2023-11-06 16:00:00+00:00,3765.347222222222,3765.347222222222
2023-11-06 17:00:00+00:00,6202.0125,6202.0125
2023-11-06 18:00:00+00:00,2632.306666666667,2632.306666666667
2023-11-06 19:00:00+00:00,7892.766666666666,11878.333584255208
2023-11-06 20:00:00+00:00,18535.83027777778,18535.83027777778
2023-11-06 21:00:00+00:00,1392.04,14152.385580920854
2023-11-06 22:00:00+00:00,1622.7683333333334,13689.442923817936
2023-11-06 23:00:00+00:00,1803.540555555556,1803.540555555556
2023-11-07 00:00:00+00:00,845.0863888888889,845.0863888888889
2023-11-07 01:00:00+00:00,4921.526944444445,4921.526944444445
2023-11-07 02:00:00+00:00,1984.706111111111,1984.706111111111
2023-11-07 03:00:00+00:00,2809.623888888889,2809.623888888889
2023-11-07 04:00:00+00:00,13251.069444444443,3416.7847040804154
2023-11-07 05:00:00+00:00,100137.88111111111,8547.400587131891
2023-11-07 06:00:00+00:00,98711.14111111112,17054.75777430663
2023-11-07 07:00:00+00:00,116867.93444444444,27629.59583434747
2023-11-07 08:00:00+00:00,72007.82833333334,72007.82833333334
2023-11-07 09:00:00+00:00,90267.21972222222,52086.03781019359
2023-11-07 10:00:00+00:00,69897.16277777778,69897.16277777778
2023-11-07 11:00:00+00:00,116250.7925,116250.7925
2023-11-07 12:00:00+00:00,125368.49277777778,125368.49277777778
2023-11-07 13:00:00+00:00,55148.68194444444,55148.68194444444
2023-11-07 14:00:00+00:00,35074.91888888889,35074.91888888889
2023-11-07 15:00:00+00:00,11876.766944444444,11876.766944444444
2023-11-07 16:00:00+00:00,4548.976944444445,4548.976944444445
2023-11-07 17:00:00+00:00,3619.554166666667,3619.554166666667
2023-11-07 18:00:00+00:00,2549.760555555556,2549.760555555556
2023-11-07 19:00:00+00:00,2310.7077777777777,2310.7077777777777
2023-11-07 20:00:00+00:00,1814.3572222222224,8601.515114057056
2023-11-07 21:00:00+00:00,1451.413611111111,1451.413611111111
2023-11-07 22:00:00+00:00,1157.1675,4233.809886698905
2023-11-07 23:00:00+00:00,918.1166666666668,918.1166666666668
2023-11-08 00:00:00+00:00,4333.066944444445,4333.066944444445
2023-11-08 01:00:00+00:00,561.1913888888889,561.1913888888889
2023-11-08 02:00:00+00:00,2124.268611111111,2124.268611111111
2023-11-08 03:00:00+00:00,1689.5422222222223,2097.2315001143024
2023-11-08 04:00:00+00:00,50028.39027777778,50028.39027777778
2023-11-08 05:00:00+00:00,182413.7430555556,26374.053510132428
2023-11-08 06:00:00+00:00,215063.10416666663,37768.15230428477
2023-11-08 07:00:00+00:00,105831.3111111111,46967.056036262424
2023-11-08 08:00:00+00:00,65237.07555555556,54821.90542871623
2023-11-08 09:00:00+00:00,78690.51388888889,78690.51388888889
2023-11-08 10:00:00+00:00,58798.79861111111,58798.79861111111
2023-11-08 11:00:00+00:00,94869.91527777778,64666.253765531386
2023-11-08 12:00:00+00:00,131826.60833333334,58755.30290694521
2023-11-08 13:00:00+00:00,53762.61722222222,51500.23043348202
2023-11-08 14:00:00+00:00,11766.61638888889,43422.191235807295
2023-11-08 15:00:00+00:00,1557.796111111111,34840.27335508539
2023-11-08 16:00:00+00:00,2533.1783333333333,2533.1783333333333
2023-11-08 17:00:00+00:00,1115.4116666666666,16870.5250232205
2023-11-08 18:00:00+00:00,2207.5827777777777,11275.966162751864
2023-11-08 19:00:00+00:00,2054.891944444445,7815.025671373303
2023-11-08 20:00:00+00:00,2166.3841666666667,2166.3841666666667
2023-11-08 21:00:00+00:00,1673.518611111111,4305.692037776493
2023-11-08 22:00:00+00:00,2525.6519444444443,3396.742457201292
2023-11-08 23:00:00+00:00,1551.4344444444444,1551.4344444444444
2023-11-09 00:00:00+00:00,1008.6886111111112,2291.857826546569
2023-11-09 01:00:00+00:00,1714.0058333333334,1714.0058333333334
2023-11-09 02:00:00+00:00,1727.8802777777778,1727.8802777777778
2023-11-09 03:00:00+00:00,16881.12888888889,1840.2022896738622
2023-11-09 04:00:00+00:00,11055.693055555555,11055.693055555555
2023-11-09 05:00:00+00:00,141687.28194444443,141687.28194444443
2023-11-09 06:00:00+00:00,201753.21138888889,201753.21138888889
2023-11-09 07:00:00+00:00,141269.6913888889,114295.8312848496
2023-11-09 08:00:00+00:00,91624.1625,133164.5390537898
2023-11-09 09:00:00+00:00,59749.465,129676.24994782342
2023-11-09 10:00:00+00:00,46582.42611111111,46582.42611111111
2023-11-09 11:00:00+00:00,87869.74333333333,87869.74333333333
2023-11-09 12:00:00+00:00,79211.64944444444,87301.40156387449
2023-11-09 13:00:00+00:00,24952.924722222226,76414.2051297077
2023-11-09 14:00:00+00:00,1926.5213888888889,1926.5213888888889
2023-11-09 15:00:00+00:00,3713.9377777777777,36650.9889647126
2023-11-09 16:00:00+00:00,1398.0772222222222,1398.0772222222222
2023-11-09 17:00:00+00:00,2079.9891666666667,2079.9891666666667
2023-11-09 18:00:00+00:00,1598.776111111111,9792.324684430254
2023-11-09 19:00:00+00:00,4674.5841666666665,6718.659367374474
2023-11-09 20:00:00+00:00,6465.921388888889,4753.373738396117
2023-11-09 21:00:00+00:00,1219.91,1219.91
2023-11-09 22:00:00+00:00,1213.950833333333,2595.5647612707353
2023-11-09 23:00:00+00:00,1219.3177777777778,2185.3761436514646
2023-11-10 00:00:00+00:00,1298.9533333333334,2057.422124117433
2023-11-10 01:00:00+00:00,1010.7386111111113,2102.2721723660793
2023-11-10 02:00:00+00:00,2808.553055555556,2808.553055555556
2023-11-10 03:00:00+00:00,1096.5088888888888,2468.3581830357302
2023-11-10 04:00:00+00:00,13058.951388888889,13058.951388888889
2023-11-10 05:00:00+00:00,164141.1847222222,164141.1847222222
2023-11-10 06:00:00+00:00,172897.13583333333,172897.13583333333
2023-11-10 07:00:00+00:00,101920.84972222222,108954.6191125079
2023-11-10 08:00:00+00:00,192715.4725,192715.4725
2023-11-10 09:00:00+00:00,113176.87611111112,113176.87611111112
2023-11-10 10:00:00+00:00,70363.30361111111,141210.49452891754
2023-11-10 11:00:00+00:00,53636.52333333333,53636.52333333333
2023-11-10 12:00:00+00:00,112900.78444444443,112900.78444444443
2023-11-10 13:00:00+00:00,26910.58583333333,101042.56405607017
2023-11-10 14:00:00+00:00,5288.143333333333,5288.143333333333
2023-11-10 15:00:00+00:00,1194.2172222222223,1194.2172222222223
2023-11-10 16:00:00+00:00,3075.3544444444447,3075.3544444444447
2023-11-10 17:00:00+00:00,4009.733055555555,4009.733055555555
2023-11-10 18:00:00+00:00,1620.622777777778,14842.976597693161
2023-11-10 19:00:00+00:00,3111.464166666666,3111.464166666666
2023-11-10 20:00:00+00:00,3559.4094444444445,7615.94679456371
2023-11-10 21:00:00+00:00,820.0233333333333,820.0233333333333
2023-11-10 22:00:00+00:00,21095.37777777778,21095.37777777778
2023-11-10 23:00:00+00:00,806.7269444444445,10407.734764112734
2023-11-11 00:00:00+00:00,1729.3755555555556,1729.3755555555556
2023-11-11 01:00:00+00:00,686.7161111111111,7281.380659526561
2023-11-11 02:00:00+00:00,1049.9316666666666,5091.623326809369
2023-11-11 03:00:00+00:00,753.1188888888889,3713.814244853363
2023-11-11 04:00:00+00:00,1863.6052777777777,2833.1375538673246
2023-11-11 05:00:00+00:00,2024.2527777777775,2256.8406234384734
2023-11-11 06:00:00+00:00,2991.8180555555555,1866.9066022058716
2023-11-11 07:00:00+00:00,1059.8647222222223,1059.8647222222223
2023-11-11 08:00:00+00:00,1128.2269444444444,1128.2269444444444
2023-11-11 09:00:00+00:00,939.7208333333332,939.7208333333332
2023-11-11 10:00:00+00:00,1626.445,1151.437180831493
2023-11-11 11:00:00+00:00,1217.7572222222225,1217.7572222222225
2023-11-11 12:00:00+00:00,1371.9844444444443,1371.9844444444443
2023-11-11 13:00:00+00:00,1250.2022222222222,1242.1271129224515
2023-11-11 14:00:00+00:00,1352.3983333333333,1808.5816264589407
2023-11-11 15:00:00+00:00,5365.276944444445,5365.276944444445
2023-11-11 16:00:00+00:00,984.3847222222222,3715.9617171886
2023-11-11 17:00:00+00:00,1145.993333333333,1145.993333333333
2023-11-11 18:00:00+00:00,1899.9122222222225,1899.9122222222225
2023-11-11 19:00:00+00:00,1014.6433333333332,2334.819949145607
2023-11-11 20:00:00+00:00,1250.0194444444444,2151.5146715637175
2023-11-11 21:00:00+00:00,1786.3358333333333,1786.3358333333333
2023-11-11 22:00:00+00:00,602.7636111111111,602.7636111111111
2023-11-11 23:00:00+00:00,1424.7891666666667,1416.7512694429074
2023-11-12 00:00:00+00:00,2739.778333333333,2739.778333333333
2023-11-12 01:00:00+00:00,1518.665277777778,1518.665277777778
2023-11-12 02:00:00+00:00,1894.9147222222225,1894.9147222222225
2023-11-12 03:00:00+00:00,1188.6252777777777,1188.6252777777777
2023-11-12 04:00:00+00:00,994.7227777777778,1588.2365992784603
2023-11-12 05:00:00+00:00,1167.4525,1430.0697718442887
2023-11-12 06:00:00+00:00,1163.665,1163.665
2023-11-12 07:00:00+00:00,1139.2813888888888,1265.5088555908392
2023-11-12 08:00:00+00:00,2604.994166666667,2604.994166666667
2023-11-12 09:00:00+00:00,1194.9216666666666,1194.9216666666666
2023-11-12 10:00:00+00:00,1365.056111111111,1646.073286997781
2023-11-12 11:00:00+00:00,1219.9825,1219.9825
2023-11-12 12:00:00+00:00,57416.70361111111,1376.738969183866
2023-11-12 13:00:00+00:00,5462.905277777778,5462.905277777778
2023-11-12 14:00:00+00:00,1672.8055555555557,3427.47557633461
2023-11-12 15:00:00+00:00,3593.310833333333,3593.310833333333
2023-11-12 16:00:00+00:00,5443.824722222223,5443.824722222223
2023-11-12 17:00:00+00:00,5665.766666666666,4408.618218073154
2023-11-12 18:00:00+00:00,2381.177222222222,2381.177222222222
2023-11-12 19:00:00+00:00,1855.0397222222225,1855.0397222222225
2023-11-12 20:00:00+00:00,1708.2252777777778,1708.2252777777778
2023-11-12 21:00:00+00:00,7715.450555555555,7715.450555555555
2023-11-12 22:00:00+00:00,1339.1097222222222,1339.1097222222222
2023-11-12 23:00:00+00:00,1099.7211111111112,1099.7211111111112
2023-11-13 00:00:00+00:00,615.9972222222223,615.9972222222223
2023-11-13 01:00:00+00:00,1118.1655555555556,1720.7773711687528
2023-11-13 02:00:00+00:00,1143.923611111111,1143.923611111111
2023-11-13 03:00:00+00:00,4944.988888888889,4944.988888888889
2023-11-13 04:00:00+00:00,22510.654166666667,22510.654166666667
2023-11-13 05:00:00+00:00,119731.41666666669,10388.354049117796
2023-11-13 06:00:00+00:00,155568.715,155568.715
2023-11-13 07:00:00+00:00,79610.41527777778,85350.43561826512
2023-11-13 08:00:00+00:00,71904.97638888888,71904.97638888888
2023-11-13 09:00:00+00:00,214080.41805555555,86876.03949931824
2023-11-13 10:00:00+00:00,186903.4044444445,186903.4044444445
2023-11-13 11:00:00+00:00,68565.67555555556,135755.5263589231
2023-11-13 12:00:00+00:00,73433.94555555556,136733.01666788105
2023-11-13 13:00:00+00:00,41022.96805555555,41022.96805555555
2023-11-13 14:00:00+00:00,3416.055277777778,3416.055277777778
2023-11-13 15:00:00+00:00,1388.694166666667,55477.502278314336
2023-11-13 16:00:00+00:00,22926.31166666667,22926.31166666667
2023-11-13 17:00:00+00:00,19196.890555555558,19196.890555555558
2023-11-13 18:00:00+00:00,8497.944722222222,8497.944722222222
2023-11-13 19:00:00+00:00,1838.6855555555555,20153.003729264252
2023-11-13 20:00:00+00:00,1622.3152777777775,1622.3152777777775
2023-11-13 21:00:00+00:00,852.4763888888889,852.4763888888889
2023-11-13 22:00:00+00:00,1464.3244444444445,1464.3244444444445
2023-11-13 23:00:00+00:00,1451.306111111111,1451.306111111111
2023-11-14 00:00:00+00:00,999.0325,999.0325
2023-11-14 01:00:00+00:00,947.6013888888888,2339.5036263636803
2023-11-14 02:00:00+00:00,1332.7427777777775,1332.7427777777775
2023-11-14 03:00:00+00:00,1750.1822222222222,1750.1822222222222
2023-11-14 04:00:00+00:00,21585.01861111111,21585.01861111111
2023-11-14 05:00:00+00:00,83456.02416666667,9410.867904170897
2023-11-14 06:00:00+00:00,167141.67222222223,29632.43510263081
2023-11-14 07:00:00+00:00,141524.18305555556,141524.18305555556
2023-11-14 08:00:00+00:00,150642.79472222223,90087.67846328691
2023-11-14 09:00:00+00:00,99270.42361111112,99270.42361111112
2023-11-14 10:00:00+00:00,45840.77888888889,100843.45473510578
2023-11-14 11:00:00+00:00,57413.16,57413.16
2023-11-14 12:00:00+00:00,28626.418055555558,28626.418055555558
2023-11-14 13:00:00+00:00,57928.94666666666,59262.0517068709
2023-11-14 14:00:00+00:00,8647.1925,43895.484092663435
2023-11-14 15:00:00+00:00,1636.5991666666666,1636.5991666666666
2023-11-14 16:00:00+00:00,2309.0158333333334,2309.0158333333334
2023-11-14 17:00:00+00:00,10776.723055555556,10776.723055555556
2023-11-14 18:00:00+00:00,24220.60583333333,24220.60583333333
2023-11-14 19:00:00+00:00,42448.83361111111,42448.83361111111
2023-11-14 20:00:00+00:00,18686.415,18686.415
2023-11-14 21:00:00+00:00,921.6083333333332,23615.434677306326
2023-11-14 22:00:00+00:00,4357.634722222222,20539.407420438598
2023-11-14 23:00:00+00:00,653.8111111111111,17491.141517477907
2023-11-15 00:00:00+00:00,1584.1419444444443,14459.873087239683
2023-11-15 01:00:00+00:00,1619.8077777777778,11439.01171711526
2023-11-15 02:00:00+00:00,659.8508333333333,659.8508333333333
2023-11-15 03:00:00+00:00,1799.6022222222225,5413.934214795749
2023-11-15 04:00:00+00:00,66724.83444444444,66724.83444444444
2023-11-15 05:00:00+00:00,404996.12,35899.10535075974
2023-11-15 06:00:00+00:00,292566.39,54363.81641742542
2023-11-15 07:00:00+00:00,117115.82916666666,117115.82916666666
2023-11-15 08:00:00+00:00,172083.99277777778,172083.99277777778
2023-11-15 09:00:00+00:00,108025.58888888887,121583.93804727464
2023-11-15 10:00:00+00:00,213294.94555555555,134543.2229466517
2023-11-15 11:00:00+00:00,220431.73472222223,135856.7682889399
2023-11-15 12:00:00+00:00,103778.03833333332,103778.03833333332
2023-11-15 13:00:00+00:00,29392.189444444444,29392.189444444444
2023-11-15 14:00:00+00:00,28529.135833333334,84781.45067671442
2023-11-15 15:00:00+00:00,30192.115833333333,60012.6717863256
2023-11-15 16:00:00+00:00,3914.9266666666663,3914.9266666666663
2023-11-15 17:00:00+00:00,40032.18777777778,40032.18777777778
2023-11-15 18:00:00+00:00,16587.35111111111,16587.35111111111
2023-11-15 19:00:00+00:00,3342.395,3342.395
2023-11-15 20:00:00+00:00,1245.959722222222,17240.5532034813
2023-11-15 21:00:00+00:00,24861.161666666667,11623.866521507702
2023-11-15 22:00:00+00:00,6335.7975,7956.963884663192
2023-11-15 23:00:00+00:00,990.5655555555556,990.5655555555556
2023-11-16 00:00:00+00:00,1033.0666666666666,1033.0666666666666
2023-11-16 01:00:00+00:00,1901.326111111111,1901.326111111111
2023-11-16 02:00:00+00:00,2333.9255555555555,2333.9255555555555
2023-11-16 03:00:00+00:00,2136.612777777778,2136.612777777778
2023-11-16 04:00:00+00:00,21738.62583333333,21738.62583333333
2023-11-16 05:00:00+00:00,214010.63444444444,9822.59680661896
2023-11-16 06:00:00+00:00,272186.9552777778,32150.206386470487
2023-11-16 07:00:00+00:00,178984.31972222222,63528.17478518064
2023-11-16 08:00:00+00:00,204416.9525,204416.9525
2023-11-16 09:00:00+00:00,434312.46805555554,140759.417215359
2023-11-16 10:00:00+00:00,192473.42666666667,192473.42666666667
2023-11-16 11:00:00+00:00,129252.84138888888,129252.84138888888
2023-11-16 12:00:00+00:00,69493.32666666666,69493.32666666666
2023-11-16 13:00:00+00:00,27757.30861111111,123046.19724286288
2023-11-16 14:00:00+00:00,1117.8302777777778,95764.1102325465
2023-11-16 15:00:00+00:00,6486.275277777778,72541.9911395862
2023-11-16 16:00:00+00:00,2249.575555555556,2249.575555555556
2023-11-16 17:00:00+00:00,2848.5872222222224,2848.5872222222224
2023-11-16 18:00:00+00:00,2983.358333333333,2983.358333333333
2023-11-16 19:00:00+00:00,2014.180555555556,14050.679836336221
2023-11-16 20:00:00+00:00,1802.3630555555555,9932.883955189647
2023-11-16 21:00:00+00:00,4324.439166666667,4324.439166666667
2023-11-16 22:00:00+00:00,3002.155555555556,3002.155555555556
2023-11-16 23:00:00+00:00,2204.635277777778,2204.635277777778
2023-11-17 00:00:00+00:00,863.4094444444445,3937.0086523492673
2023-11-17 01:00:00+00:00,3132.060555555556,3132.060555555556
2023-11-17 02:00:00+00:00,4307.780555555555,3323.732965608351
2023-11-17 03:00:00+00:00,712.7497222222222,712.7497222222222
2023-11-17 04:00:00+00:00,899.1591666666667,1978.7105971088095
2023-11-17 05:00:00+00:00,871.2722222222222,1643.2281606217828
2023-11-17 06:00:00+00:00,1914.8827777777776,1914.8827777777776
2023-11-17 07:00:00+00:00,9539.605833333331,1717.9191535208142
2023-11-17 08:00:00+00:00,1969.358611111111,1969.358611111111
2023-11-17 09:00:00+00:00,1012.5219444444444,1012.5219444444444
2023-11-17 10:00:00+00:00,1071.8283333333334,1536.694485616686
2023-11-17 11:00:00+00:00,963.4886111111113,963.4886111111113
2023-11-17 12:00:00+00:00,878.4094444444445,878.4094444444445
2023-11-17 13:00:00+00:00,898.2177777777778,898.2177777777778
2023-11-17 14:00:00+00:00,722.3963888888889,1000.7193567660075
2023-11-17 15:00:00+00:00,3438.69,3438.69
2023-11-17 16:00:00+00:00,1749.7105555555556,2223.2057971954846
2023-11-17 17:00:00+00:00,2912.339166666666,2515.072079070427
2023-11-17 18:00:00+00:00,2236.441388888889,2514.361190425159
2023-11-17 19:00:00+00:00,1587.7872222222222,1587.7872222222222
2023-11-17 20:00:00+00:00,760.1791666666667,760.1791666666667
2023-11-17 21:00:00+00:00,1136.7675,1136.7675
2023-11-17 22:00:00+00:00,2825.866388888889,2825.866388888889
2023-11-17 23:00:00+00:00,2639.7208333333333,2639.7208333333333
2023-11-18 00:00:00+00:00,706.8913888888889,706.8913888888889
2023-11-18 01:00:00+00:00,560.6394444444444,560.6394444444444
2023-11-18 02:00:00+00:00,1968.7502777777777,1968.7502777777777
2023-11-18 03:00:00+00:00,1363.2111111111112,1507.491082353611
2023-11-18 04:00:00+00:00,2072.1675,1576.9109141947147
2023-11-18 05:00:00+00:00,1122.0991666666666,1122.0991666666666
2023-11-18 06:00:00+00:00,1105.7288888888888,1105.7288888888888
2023-11-18 07:00:00+00:00,955.7769444444444,955.7769444444444
2023-11-18 08:00:00+00:00,825.7927777777778,1142.7560899334776
2023-11-18 09:00:00+00:00,4357.786388888889,4357.786388888889
2023-11-18 10:00:00+00:00,5357.895277777778,2748.738908451239
2023-11-18 11:00:00+00:00,1656.3008333333332,3548.1250624672034
2023-11-18 12:00:00+00:00,3766.466388888889,4213.07787563626
2023-11-18 13:00:00+00:00,3928.265555555556,4795.721048876107
2023-11-18 14:00:00+00:00,6621.1177777777775,6621.1177777777775
2023-11-18 15:00:00+00:00,2338.870555555556,5829.359886307334
2023-11-18 16:00:00+00:00,4179.571111111111,4179.571111111111
2023-11-18 17:00:00+00:00,1424.7688888888888,1424.7688888888888
2023-11-18 18:00:00+00:00,2174.866111111111,2174.866111111111
2023-11-18 19:00:00+00:00,1901.795,1901.795
2023-11-18 20:00:00+00:00,5320.741666666667,2628.5644532806073
2023-11-18 21:00:00+00:00,3451.7272222222223,3451.7272222222223
2023-11-18 22:00:00+00:00,1517.5358333333334,1517.5358333333334
2023-11-18 23:00:00+00:00,2645.748333333333,2645.748333333333
2023-11-19 00:00:00+00:00,1482.3194444444443,1482.3194444444443
2023-11-19 01:00:00+00:00,980.4430555555556,2102.605653311255
2023-11-19 02:00:00+00:00,716.9919444444445,716.9919444444445
2023-11-19 03:00:00+00:00,675.3430555555556,1327.2675535626622
2023-11-19 04:00:00+00:00,783.8163888888889,1201.1459491500989
2023-11-19 05:00:00+00:00,686.6741666666667,1234.4252741911573
2023-11-19 06:00:00+00:00,1856.9627777777775,1856.9627777777775
2023-11-19 07:00:00+00:00,3198.893888888889,3198.893888888889
2023-11-19 08:00:00+00:00,4555.369722222223,4555.369722222223
2023-11-19 09:00:00+00:00,2959.633611111111,2959.633611111111
2023-11-19 10:00:00+00:00,18466.784166666668,3051.0449504274934
2023-11-19 11:00:00+00:00,17992.830833333333,17992.830833333333
2023-11-19 12:00:00+00:00,1333.6236111111111,1333.6236111111111
2023-11-19 13:00:00+00:00,4571.782222222222,4571.782222222222
2023-11-19 14:00:00+00:00,1557.9555555555555,6065.558073070764
2023-11-19 15:00:00+00:00,1856.569166666667,1856.569166666667
2023-11-19 16:00:00+00:00,18376.56555555556,3756.7065995233856
2023-11-19 17:00:00+00:00,6645.166111111111,3195.4659243318215
2023-11-19 18:00:00+00:00,3214.458333333333,3214.458333333333
2023-11-19 19:00:00+00:00,1467.1783333333333,3099.8864078708257
2023-11-19 20:00:00+00:00,5560.616111111111,2878.5609388253533
2023-11-19 21:00:00+00:00,1158.2669444444443,1158.2669444444443
2023-11-19 22:00:00+00:00,883.3716666666667,1965.873553728188
2023-11-19 23:00:00+00:00,1118.575833333333,1118.575833333333
2023-11-20 00:00:00+00:00,1255.5072222222225,1440.9184950047018
2023-11-20 01:00:00+00:00,1591.97,1591.97
2023-11-20 02:00:00+00:00,1053.930833333333,1053.930833333333
2023-11-20 03:00:00+00:00,10983.520555555557,10983.520555555557
2023-11-20 04:00:00+00:00,30919.85,30919.85
2023-11-20 05:00:00+00:00,146284.3538888889,146284.3538888889
2023-11-20 06:00:00+00:00,530070.11,530070.11
2023-11-20 07:00:00+00:00,131494.54,245907.1138897235
2023-11-20 08:00:00+00:00,108968.03833333332,306329.92581530806
2023-11-20 09:00:00+00:00,145094.38305555555,145094.38305555555
2023-11-20 10:00:00+00:00,84771.16555555556,84771.16555555556
2023-11-20 11:00:00+00:00,85100.09583333334,177365.10998361814
2023-11-20 12:00:00+00:00,33677.535833333335,33677.535833333335
2023-11-20 13:00:00+00:00,30954.693888888887,30954.693888888887
2023-11-20 14:00:00+00:00,2663.9411111111112,2663.9411111111112
2023-11-20 15:00:00+00:00,847.0891666666666,847.0891666666666
2023-11-20 16:00:00+00:00,3252.8641666666667,3252.8641666666667
2023-11-20 17:00:00+00:00,3780.163888888889,3780.163888888889
2023-11-20 18:00:00+00:00,2327.304722222222,12339.062199044558
2023-11-20 19:00:00+00:00,882.0158333333334,882.0158333333334
2023-11-20 20:00:00+00:00,1090.1547222222223,5520.988645299685
2023-11-20 21:00:00+00:00,736.2819444444444,736.2819444444444
2023-11-20 22:00:00+00:00,1164.2158333333334,1164.2158333333334
2023-11-20 23:00:00+00:00,1138.9227777777778,1138.9227777777778
2023-11-21 00:00:00+00:00,707.0458333333333,707.0458333333333
2023-11-21 01:00:00+00:00,584.3916666666667,584.3916666666667
2023-11-21 02:00:00+00:00,969.0422222222222,969.0422222222222
2023-11-21 03:00:00+00:00,13693.774444444443,13693.774444444443
2023-11-21 04:00:00+00:00,18508.08777777778,18508.08777777778
2023-11-21 05:00:00+00:00,141454.9386111111,10802.281984760584
2023-11-21 06:00:00+00:00,177724.6511111111,177724.6511111111
2023-11-21 07:00:00+00:00,247532.01027777776,247532.01027777776
2023-11-21 08:00:00+00:00,192859.2288888889,154906.9490572001
2023-11-21 09:00:00+00:00,123759.76861111113,201862.62965656153
2023-11-21 10:00:00+00:00,332969.9972222222,332969.9972222222
2023-11-21 11:00:00+00:00,199059.45777777777,199059.45777777777
2023-11-21 12:00:00+00:00,60940.709444444445,60940.709444444445
2023-11-21 13:00:00+00:00,35946.06527777778,174747.39417525113
2023-11-21 14:00:00+00:00,17312.183333333334,124888.1304789478
2023-11-21 15:00:00+00:00,31215.54138888889,88627.63286141919
2023-11-21 16:00:00+00:00,1795.1169444444445,1795.1169444444445
2023-11-21 17:00:00+00:00,20807.698333333334,20807.698333333334
2023-11-21 18:00:00+00:00,2198.617222222222,31246.336973768404
2023-11-21 19:00:00+00:00,1735.2172222222223,1735.2172222222223
2023-11-21 20:00:00+00:00,1368.4811111111112,15062.080116425444
2023-11-21 21:00:00+00:00,835.0766666666667,9971.446246705444
2023-11-21 22:00:00+00:00,940.4230555555556,6931.1755763531
2023-11-21 23:00:00+00:00,917.5269444444444,5146.282891855022
2023-11-22 00:00:00+00:00,2722.723611111111,2722.723611111111
2023-11-22 01:00:00+00:00,1264.84,1264.84
2023-11-22 02:00:00+00:00,2416.7327777777778,2685.02194323651
2023-11-22 03:00:00+00:00,1217.5408333333332,1217.5408333333332
2023-11-22 04:00:00+00:00,18213.193888888887,18213.193888888887
2023-11-22 05:00:00+00:00,145095.8011111111,145095.8011111111
2023-11-22 06:00:00+00:00,175645.9322222222,175645.9322222222
2023-11-22 07:00:00+00:00,172511.965,105602.36999930293
2023-11-22 08:00:00+00:00,108844.47027777776,108844.47027777776
2023-11-22 09:00:00+00:00,85883.65416666666,115558.25904575708
2023-11-22 10:00:00+00:00,54319.387777777774,54319.387777777774
2023-11-22 11:00:00+00:00,79822.77027777777,83748.35629715501
2023-11-22 12:00:00+00:00,118044.8075,118044.8075
2023-11-22 13:00:00+00:00,33186.60611111111,97623.84258339669
2023-11-22 14:00:00+00:00,135904.47472222222,135904.47472222222
2023-11-22 15:00:00+00:00,11692.902222222225,11692.902222222225
2023-11-22 16:00:00+00:00,13748.51972222222,13748.51972222222
2023-11-22 17:00:00+00:00,10862.396388888888,10862.396388888888
2023-11-22 18:00:00+00:00,1354.2983333333334,1354.2983333333334
2023-11-22 19:00:00+00:00,1403.0155555555557,1403.0155555555557
2023-11-22 20:00:00+00:00,5729.862222222222,14581.54217626766
2023-11-22 21:00:00+00:00,2147.046388888889,2147.046388888889
2023-11-22 22:00:00+00:00,1532.3141666666668,1532.3141666666668
2023-11-22 23:00:00+00:00,7416.389444444444,7416.389444444444
2023-11-23 00:00:00+00:00,1576.959722222222,5758.524832662262
2023-11-23 01:00:00+00:00,868.7225,5653.208626104064
2023-11-23 02:00:00+00:00,1627.9258333333332,1627.9258333333332
2023-11-23 03:00:00+00:00,2252.8980555555554,2252.8980555555554
2023-11-23 04:00:00+00:00,12697.475,12697.475
2023-11-23 05:00:00+00:00,83161.11083333334,83161.11083333334
2023-11-23 06:00:00+00:00,315209.3072222222,315209.3072222222
2023-11-23 07:00:00+00:00,87547.90666666666,87547.90666666666
2023-11-23 08:00:00+00:00,75691.30888888889,75691.30888888889
2023-11-23 09:00:00+00:00,133941.94916666666,133941.94916666666
2023-11-23 10:00:00+00:00,39798.19805555556,39798.19805555556
2023-11-23 11:00:00+00:00,74551.7486111111,86329.19085096242
2023-11-23 12:00:00+00:00,20952.43527777778,20952.43527777778
2023-11-23 13:00:00+00:00,4771.988611111111,47697.54663282982
2023-11-23 14:00:00+00:00,4492.171388888889,34787.753665595046
2023-11-23 15:00:00+00:00,1300.0080555555555,1300.0080555555555
2023-11-23 16:00:00+00:00,1636.8252777777775,1636.8252777777775
2023-11-23 17:00:00+00:00,1948.9175,10069.058240504251
2023-11-23 18:00:00+00:00,4370.9383333333335,4370.9383333333335
2023-11-23 19:00:00+00:00,5209.859166666667,5209.859166666667
2023-11-23 20:00:00+00:00,1751.1275,5805.37467599361
2023-11-23 21:00:00+00:00,1399.4783333333332,5157.034152757966
2023-11-23 22:00:00+00:00,753.3161111111111,4342.632125892398
2023-11-23 23:00:00+00:00,903.3261111111112,903.3261111111112
2023-11-24 00:00:00+00:00,761.5102777777778,761.5102777777778
2023-11-24 01:00:00+00:00,594.8902777777778,1794.2376540874334
2023-11-24 02:00:00+00:00,769.975,769.975
2023-11-24 03:00:00+00:00,1797.5730555555556,1152.9415528194309
2023-11-24 04:00:00+00:00,12136.823055555556,14873.576019041335
2023-11-24 05:00:00+00:00,108080.41138888888,108080.41138888888
2023-11-24 06:00:00+00:00,186095.15972222225,64647.76179904014
2023-11-24 07:00:00+00:00,122228.57583333334,83403.75254481968
2023-11-24 08:00:00+00:00,122904.38138888888,122904.38138888888
2023-11-24 09:00:00+00:00,551202.7288888888,551202.7288888888
2023-11-24 10:00:00+00:00,63835.06888888889,63835.06888888889
2023-11-24 11:00:00+00:00,89937.61638888888,89937.61638888888
2023-11-24 12:00:00+00:00,55328.07472222222,154684.6750922469
2023-11-24 13:00:00+00:00,62258.313888888886,119975.76928802949
2023-11-24 14:00:00+00:00,15623.370555555555,15623.370555555555
2023-11-24 15:00:00+00:00,1323.526388888889,60623.17634286317
2023-11-24 16:00:00+00:00,1085.5230555555556,1085.5230555555556
2023-11-24 17:00:00+00:00,1759.546111111111,1759.546111111111
2023-11-24 18:00:00+00:00,1101.7527777777775,16068.816514771434
2023-11-24 19:00:00+00:00,1923.3227777777777,1923.3227777777777
2023-11-24 20:00:00+00:00,1426.7122222222222,7206.686343075904
2023-11-24 21:00:00+00:00,5482.482222222222,5482.482222222222
2023-11-24 22:00:00+00:00,4552.758888888889,4552.758888888889
2023-11-24 23:00:00+00:00,773.7416666666667,773.7416666666667
2023-11-25 00:00:00+00:00,831.4505555555555,831.4505555555555
2023-11-25 01:00:00+00:00,732.3533333333334,732.3533333333334
2023-11-25 02:00:00+00:00,1147.8152777777775,1147.8152777777775
2023-11-25 03:00:00+00:00,719.1980555555556,719.1980555555556
2023-11-25 04:00:00+00:00,634.5452777777778,634.5452777777778
2023-11-25 05:00:00+00:00,988.5536111111112,996.9526694624957
2023-11-25 06:00:00+00:00,1199.1208333333334,1199.1208333333334
2023-11-25 07:00:00+00:00,968.2597222222222,968.2597222222222
2023-11-25 08:00:00+00:00,1149.1466666666668,1022.1759345310325
2023-11-25 09:00:00+00:00,8314.112222222222,8314.112222222222
2023-11-25 10:00:00+00:00,2266.4513888888887,2266.4513888888887
2023-11-25 11:00:00+00:00,1197.888611111111,3761.712247149854
2023-11-25 12:00:00+00:00,1890.0927777777777,1890.0927777777777
2023-11-25 13:00:00+00:00,802.9897222222222,2636.3905147439623
2023-11-25 14:00:00+00:00,628.0980555555556,628.0980555555556
2023-11-25 15:00:00+00:00,878.2541666666667,878.2541666666667
2023-11-25 16:00:00+00:00,871.5788888888889,871.5788888888889
2023-11-25 17:00:00+00:00,1100.8016666666667,1100.8016666666667
2023-11-25 18:00:00+00:00,942.3469444444444,1112.723034450253
2023-11-25 19:00:00+00:00,900.5513888888889,900.5513888888889
2023-11-25 20:00:00+00:00,1219.7869444444443,1219.7869444444443
2023-11-25 21:00:00+00:00,777.8561111111111,777.8561111111111
2023-11-25 22:00:00+00:00,818.4952777777778,818.4952777777778
2023-11-25 23:00:00+00:00,2360.6569444444444,909.7211992913494
2023-11-26 00:00:00+00:00,752.6744444444445,752.6744444444445
2023-11-26 01:00:00+00:00,819.4833333333333,819.3602498098782
2023-11-26 02:00:00+00:00,726.5394444444445,851.5581360274938
2023-11-26 03:00:00+00:00,1201.858611111111,1201.858611111111
2023-11-26 04:00:00+00:00,623.9602777777778,1034.9947116483927
2023-11-26 05:00:00+00:00,585.3497222222222,1791.2995736166386
2023-11-26 06:00:00+00:00,864.4963888888889,2945.9700236033123
2023-11-26 07:00:00+00:00,8336.810555555556,8336.810555555556
2023-11-26 08:00:00+00:00,1228.941388888889,1228.941388888889
2023-11-26 09:00:00+00:00,410.9586111111111,4084.2811547321617
2023-11-26 10:00:00+00:00,997.3513888888888,997.3513888888888
2023-11-26 11:00:00+00:00,3348.430555555556,3348.430555555556
2023-11-26 12:00:00+00:00,1834.8672222222224,2634.29312870514
2023-11-26 13:00:00+00:00,3764.9977777777776,2789.6801525882106
2023-11-26 14:00:00+00:00,2408.304166666667,2408.304166666667
2023-11-26 15:00:00+00:00,1475.796111111111,1475.796111111111
2023-11-26 16:00:00+00:00,1221.4358333333332,1221.4358333333332
2023-11-26 17:00:00+00:00,9552.38361111111,9552.38361111111
2023-11-26 18:00:00+00:00,3226.0741666666668,4810.863880391345
2023-11-26 19:00:00+00:00,1180.8005555555555,5566.6062742655495
2023-11-26 20:00:00+00:00,1175.2780555555555,1175.2780555555555
2023-11-26 21:00:00+00:00,511.7080555555556,3484.375719116745
2023-11-26 22:00:00+00:00,3232.188611111111,3232.188611111111
2023-11-26 23:00:00+00:00,255.66583333333327,255.66583333333327
2023-11-27 00:00:00+00:00,1355.2086111111112,1355.2086111111112
2023-11-27 01:00:00+00:00,304.05055555555555,304.05055555555555
2023-11-27 02:00:00+00:00,392.3919444444445,1184.3006899517457
2023-11-27 03:00:00+00:00,2701.1188888888887,6344.15050281698
2023-11-27 04:00:00+00:00,9345.203611111112,15004.525348826082
2023-11-27 05:00:00+00:00,57056.56277777778,57056.56277777778
2023-11-27 06:00:00+00:00,183398.64194444445,37924.077336317074
2023-11-27 07:00:00+00:00,94658.04527777778,48573.172815575446
2023-11-27 08:00:00+00:00,95132.52777777778,58324.18204827607
2023-11-27 09:00:00+00:00,64465.26583333333,67525.3190906863
2023-11-27 10:00:00+00:00,98720.6738888889,98720.6738888889
2023-11-27 11:00:00+00:00,36007.35,85048.11776765648
2023-11-27 12:00:00+00:00,208281.0297222222,208281.0297222222
2023-11-27 13:00:00+00:00,24320.81055555556,149079.4395022177
2023-11-27 14:00:00+00:00,26354.278611111116,26354.278611111116
2023-11-27 15:00:00+00:00,15010.629444444445,15010.629444444445
2023-11-27 16:00:00+00:00,1848.6208333333332,63346.12937714423
2023-11-27 17:00:00+00:00,4237.053333333333,4237.053333333333
2023-11-27 18:00:00+00:00,4318.945833333333,4318.945833333333
2023-11-27 19:00:00+00:00,4502.5575,4502.5575
2023-11-27 20:00:00+00:00,801.5852777777778,13145.537503938649
2023-11-27 21:00:00+00:00,1148.0880555555557,9489.644588821846
2023-11-27 22:00:00+00:00,2144.525,2144.525
2023-11-27 23:00:00+00:00,1188.2936111111112,5084.627888490089
2023-11-28 00:00:00+00:00,421.4605555555556,421.4605555555556
2023-11-28 01:00:00+00:00,523.7733333333333,523.7733333333333
2023-11-28 02:00:00+00:00,717.8394444444444,717.8394444444444
2023-11-28 03:00:00+00:00,794.0086111111111,794.0086111111111
2023-11-28 04:00:00+00:00,38910.956666666665,38910.956666666665
2023-11-28 05:00:00+00:00,58983.51416666667,15759.985408596394
2023-11-28 06:00:00+00:00,135903.82972222223,29475.002592387402
2023-11-28 07:00:00+00:00,75576.11666666667,75576.11666666667
2023-11-28 08:00:00+00:00,76407.86027777777,76407.86027777777
2023-11-28 09:00:00+00:00,119701.0775,63540.7922978206
2023-11-28 10:00:00+00:00,112251.95305555555,112251.95305555555
2023-11-28 11:00:00+00:00,83040.22305555556,83040.22305555556
2023-11-28 12:00:00+00:00,49858.613333333335,49858.613333333335
2023-11-28 13:00:00+00:00,30529.521944444445,30529.521944444445
2023-11-28 14:00:00+00:00,21259.835,56340.16248798452
2023-11-28 15:00:00+00:00,7732.156388888889,42724.95674750389
2023-11-28 16:00:00+00:00,2615.6472222222224,2615.6472222222224
2023-11-28 17:00:00+00:00,14513.147222222222,19860.530676555445
2023-11-28 18:00:00+00:00,1224.6266666666668,1224.6266666666668
2023-11-28 19:00:00+00:00,1956.611388888889,1956.611388888889
2023-11-28 20:00:00+00:00,2297.1916666666666,5886.947961144436
2023-11-28 21:00:00+00:00,1030.0358333333334,4384.281079888468
2023-11-28 22:00:00+00:00,3465.5316666666668,3485.480155968677
2023-11-28 23:00:00+00:00,2175.717777777778,2175.717777777778
2023-11-29 00:00:00+00:00,2873.867222222222,2873.867222222222
2023-11-29 01:00:00+00:00,3308.0027777777777,2739.0727487500567
2023-11-29 02:00:00+00:00,3912.1880555555554,3912.1880555555554
2023-11-29 03:00:00+00:00,1829.5916666666667,1829.5916666666667
2023-11-29 04:00:00+00:00,15623.802222222224,15623.802222222224
2023-11-29 05:00:00+00:00,86371.05222222222,86371.05222222222
2023-11-29 06:00:00+00:00,345863.73527777777,38232.22673979031
2023-11-29 07:00:00+00:00,138037.46333333335,57431.15908503893
2023-11-29 08:00:00+00:00,90503.69472222222,90503.69472222222
2023-11-29 09:00:00+00:00,161292.06666666668,77778.57785335497
2023-11-29 10:00:00+00:00,43381.52055555556,43381.52055555556
2023-11-29 11:00:00+00:00,53709.39944444445,61869.434730874455
2023-11-29 12:00:00+00:00,23264.719166666662,58211.87019047811
2023-11-29 13:00:00+00:00,118581.80388888888,59483.18478493216
2023-11-29 14:00:00+00:00,79599.96861111111,79599.96861111111
2023-11-29 15:00:00+00:00,5871.541388888889,69909.15134552703
2023-11-29 16:00:00+00:00,5877.291388888889,65253.480161825544
2023-11-29 17:00:00+00:00,14504.896388888888,14504.896388888888
2023-11-29 18:00:00+00:00,6731.108055555555,38680.39923027707
2023-11-29 19:00:00+00:00,2978.185833333333,28429.862443862512
2023-11-29 20:00:00+00:00,1194.3647222222223,21276.76179230392
2023-11-29 21:00:00+00:00,1222.815,16020.131550225437
2023-11-29 22:00:00+00:00,1578.9458333333334,11924.655197184566
2023-11-29 23:00:00+00:00,933.6544444444444,933.6544444444444
2023-11-30 00:00:00+00:00,1244.299166666667,5590.872772071289
2023-11-30 01:00:00+00:00,1437.2855555555554,1437.2855555555554
2023-11-30 02:00:00+00:00,1234.365,1234.365
2023-11-30 03:00:00+00:00,2464.2438888888887,2275.360529515272
2023-11-30 04:00:00+00:00,5712.07,10625.606012674962
2023-11-30 05:00:00+00:00,70173.98444444445,24492.08901552095
2023-11-30 06:00:00+00:00,91543.52694444444,91543.52694444444
2023-11-30 07:00:00+00:00,98320.38527777778,61047.823890217434
2023-11-30 08:00:00+00:00,90943.80944444444,90943.80944444444
2023-11-30 09:00:00+00:00,188978.0583333333,188978.0583333333
2023-11-30 10:00:00+00:00,88312.34055555555,88312.34055555555
2023-11-30 11:00:00+00:00,37174.54833333333,37174.54833333333
2023-11-30 12:00:00+00:00,70527.37277777778,70527.37277777778
2023-11-30 13:00:00+00:00,164522.03305555554,77040.17191590944
2023-11-30 14:00:00+00:00,3461.933611111111,3461.933611111111
2023-11-30 15:00:00+00:00,1164.060277777778,39005.142719525116
2023-11-30 16:00:00+00:00,2852.4819444444443,2852.4819444444443
2023-11-30 17:00:00+00:00,1591.381388888889,1591.381388888889
2023-11-30 18:00:00+00:00,5819.747222222222,5819.747222222222
2023-11-30 19:00:00+00:00,1644.2688888888888,8811.317314552323
2023-11-30 20:00:00+00:00,1513.5436111111112,1513.5436111111112
2023-11-30 21:00:00+00:00,2022.706111111111,2022.706111111111
2023-11-30 22:00:00+00:00,707.3447222222222,707.3447222222222
2023-11-30 23:00:00+00:00,512.5258333333334,512.5258333333334
2023-12-01 00:00:00+00:00,535.0366666666666,1753.2846399421223
2023-12-01 01:00:00+00:00,848.2819444444444,1320.0026446447196
2023-12-01 02:00:00+00:00,882.3419444444445,882.3419444444445
2023-12-01 03:00:00+00:00,5296.592777777778,1017.1461633517564
2023-12-01 04:00:00+00:00,5911.520555555556,7155.24272873206
2023-12-01 05:00:00+00:00,109965.17305555556,17103.78549524696
2023-12-01 06:00:00+00:00,163335.72555555555,29385.354078193646
2023-12-01 07:00:00+00:00,80710.83722222222,80710.83722222222
2023-12-01 08:00:00+00:00,127303.255,127303.255
2023-12-01 09:00:00+00:00,111422.64916666668,84674.93736346666
2023-12-01 10:00:00+00:00,57725.14166666667,57725.14166666667
2023-12-01 11:00:00+00:00,26642.282222222224,26642.282222222224
2023-12-01 12:00:00+00:00,12427.617222222225,12427.617222222225
2023-12-01 13:00:00+00:00,28064.551944444444,28064.551944444444
2023-12-01 14:00:00+00:00,47503.96111111111,47503.96111111111
2023-12-01 15:00:00+00:00,1872.9913888888889,39951.01504867009
2023-12-01 16:00:00+00:00,1118.4566666666667,37024.4655130862
2023-12-01 17:00:00+00:00,2201.345277777778,2201.345277777778
2023-12-01 18:00:00+00:00,2080.233888888889,2080.233888888889
2023-12-01 19:00:00+00:00,3855.481944444444,3855.481944444444
2023-12-01 20:00:00+00:00,1050.5555555555557,1050.5555555555557
2023-12-01 21:00:00+00:00,1002.6994444444445,1002.6994444444445
2023-12-01 22:00:00+00:00,1163.3994444444445,4031.3953753055034
2023-12-01 23:00:00+00:00,1914.586388888889,2840.9308655928944
2023-12-02 00:00:00+00:00,2115.7791666666667,2095.8925823704813
2023-12-02 01:00:00+00:00,11618.435555555556,1623.5758731747494
2023-12-02 02:00:00+00:00,855.4433333333334,1318.2386827326752
2023-12-02 03:00:00+00:00,752.7616666666667,752.7616666666667
2023-12-02 04:00:00+00:00,3344.0641666666666,974.6343282140535
2023-12-02 05:00:00+00:00,2429.9547222222222,980.2054282794169
2023-12-02 06:00:00+00:00,1461.4852777777778,1461.4852777777778
2023-12-02 07:00:00+00:00,1412.641388888889,1412.641388888889
2023-12-02 08:00:00+00:00,10595.656388888889,1297.7433315831272
2023-12-02 09:00:00+00:00,2421.7547222222224,2421.7547222222224
2023-12-02 10:00:00+00:00,1151.006388888889,1151.006388888889
2023-12-02 11:00:00+00:00,4603.464444444445,4603.464444444445
2023-12-02 12:00:00+00:00,21019.249722222223,21019.249722222223
2023-12-02 13:00:00+00:00,28660.73888888889,9841.559825514709
2023-12-02 14:00:00+00:00,3397.276388888889,3397.276388888889
2023-12-02 15:00:00+00:00,2702.8102777777776,7904.768464281267
2023-12-02 16:00:00+00:00,915.7616666666668,915.7616666666668
2023-12-02 17:00:00+00:00,609.9222222222222,609.9222222222222
2023-12-02 18:00:00+00:00,4305.824444444444,2581.679177207689
2023-12-02 19:00:00+00:00,1023.3986111111112,1939.5181791141845
2023-12-02 20:00:00+00:00,1556.56,1556.56
2023-12-02 21:00:00+00:00,984.5911111111112,984.5911111111112
2023-12-02 22:00:00+00:00,1218.0047222222222,1376.8251293725882
2023-12-02 23:00:00+00:00,722.1033333333334,722.1033333333334
2023-12-03 00:00:00+00:00,434.0833333333333,434.0833333333333
2023-12-03 01:00:00+00:00,614.3294444444444,614.3294444444444
2023-12-03 02:00:00+00:00,474.3338888888889,474.3338888888889
2023-12-03 03:00:00+00:00,783.3288888888889,622.0730387891967
2023-12-03 04:00:00+00:00,520.8966666666666,520.8966666666666
2023-12-03 05:00:00+00:00,675.3502777777778,553.2983510696328
2023-12-03 06:00:00+00:00,547.36,547.36
2023-12-03 07:00:00+00:00,931.99,546.445009817597
2023-12-03 08:00:00+00:00,1550.102777777778,1550.102777777778
2023-12-03 09:00:00+00:00,1115.8880555555556,1054.8325869274004
2023-12-03 10:00:00+00:00,1263.069166666667,1291.8305943307778
2023-12-03 11:00:00+00:00,1898.0319444444444,1898.0319444444444
2023-12-03 12:00:00+00:00,1750.7641666666666,1750.7641666666666
2023-12-03 13:00:00+00:00,1118.0216666666668,1118.0216666666668
2023-12-03 14:00:00+00:00,3620.079444444445,3620.079444444445
2023-12-03 15:00:00+00:00,2082.512222222222,2082.512222222222
2023-12-03 16:00:00+00:00,140.76305555555555,140.76305555555555
2023-12-03 17:00:00+00:00,1266.3113888888888,1411.419806034181
2023-12-03 18:00:00+00:00,1970.786388888889,1970.786388888889
2023-12-03 19:00:00+00:00,7375.622222222222,7375.622222222222
2023-12-03 20:00:00+00:00,5777.38,3805.011733864437
2023-12-03 21:00:00+00:00,4412.818611111111,4444.944409059561
2023-12-03 22:00:00+00:00,1615.1825,1615.1825
2023-12-03 23:00:00+00:00,826.645,826.645
2023-12-04 00:00:00+00:00,914.6202777777778,914.6202777777778
2023-12-04 01:00:00+00:00,800.3330555555556,800.3330555555556
2023-12-04 02:00:00+00:00,760.7191666666666,760.7191666666666
2023-12-04 03:00:00+00:00,1495.903611111111,1495.903611111111
2023-12-04 04:00:00+00:00,8110.625,1272.8362872243072
2023-12-04 05:00:00+00:00,121938.48666666666,121938.48666666666
2023-12-04 06:00:00+00:00,245290.3825,62407.60637535268
2023-12-04 07:00:00+00:00,197364.3608333333,197364.3608333333
2023-12-04 08:00:00+00:00,177774.19694444444,177774.19694444444
2023-12-04 09:00:00+00:00,178081.3225,153311.0732978038
2023-12-04 10:00:00+00:00,186556.72416666665,143041.39054709082
2023-12-04 11:00:00+00:00,24924.55722222222,24924.55722222222
2023-12-04 12:00:00+00:00,34310.55777777778,81298.95888347749
2023-12-04 13:00:00+00:00,21366.35,21366.35
2023-12-04 14:00:00+00:00,14657.588333333331,14657.588333333331
2023-12-04 15:00:00+00:00,19212.09833333333,19212.09833333333
2023-12-04 16:00:00+00:00,1629.5819444444444,27519.227256466267
2023-12-04 17:00:00+00:00,2692.1852777777776,2692.1852777777776
2023-12-04 18:00:00+00:00,2498.534722222222,13960.11698655826
2023-12-04 19:00:00+00:00,1184.3422222222223,1184.3422222222223
2023-12-04 20:00:00+00:00,1470.6491666666666,6152.648536723593
2023-12-04 21:00:00+00:00,4349.313888888889,4349.313888888889
2023-12-04 22:00:00+00:00,891.0958333333333,891.0958333333333
2023-12-04 23:00:00+00:00,730.5908333333333,3192.3593739022494
2023-12-05 00:00:00+00:00,495.03333333333336,2866.3794640401957
2023-12-05 01:00:00+00:00,754.5813888888889,3233.0780439775017
2023-12-05 02:00:00+00:00,791.2047222222222,4023.8835956147864
2023-12-05 03:00:00+00:00,1490.0005555555556,5074.357559211315
2023-12-05 04:00:00+00:00,9654.226944444445,9654.226944444445
2023-12-05 05:00:00+00:00,121202.21805555555,121202.21805555555
2023-12-05 06:00:00+00:00,70523.76722222222,70523.76722222222
2023-12-05 07:00:00+00:00,88791.47416666667,88791.47416666667
2023-12-05 08:00:00+00:00,36945.625,70528.04258275116
2023-12-05 09:00:00+00:00,41570.05222222222,41570.05222222222
2023-12-05 10:00:00+00:00,100473.95694444444,100473.95694444444
2023-12-05 11:00:00+00:00,76800.68777777778,76800.68777777778
2023-12-05 12:00:00+00:00,39797.66,39797.66
2023-12-05 13:00:00+00:00,11772.574166666667,11772.574166666667
2023-12-05 14:00:00+00:00,2148.733333333333,42272.06339509304
2023-12-05 15:00:00+00:00,5628.425833333334,5628.425833333334
2023-12-05 16:00:00+00:00,3190.0783333333334,3190.0783333333334
2023-12-05 17:00:00+00:00,1370.8758333333333,1370.8758333333333
2023-12-05 18:00:00+00:00,5544.381666666667,8821.792741162282
2023-12-05 19:00:00+00:00,1534.7127777777778,1534.7127777777778
2023-12-05 20:00:00+00:00,5997.383888888889,4247.015749489648
2023-12-05 21:00:00+00:00,9295.97361111111,9295.97361111111
2023-12-05 22:00:00+00:00,1002.7194444444444,6481.99833212744
2023-12-05 23:00:00+00:00,1759.1447222222223,1759.1447222222223
2023-12-06 00:00:00+00:00,946.7294444444444,946.7294444444444
2023-12-06 01:00:00+00:00,1008.2552777777778,3075.9034326731944
2023-12-06 02:00:00+00:00,1880.5191666666667,3554.604818740723
2023-12-06 03:00:00+00:00,11038.138055555555,11038.138055555555
2023-12-06 04:00:00+00:00,10288.717222222222,7434.191740683733
2023-12-06 05:00:00+00:00,77135.75833333333,77135.75833333333
2023-12-06 06:00:00+00:00,201684.8005555556,201684.8005555556
2023-12-06 07:00:00+00:00,153780.3802777778,153780.3802777778
2023-12-06 08:00:00+00:00,88761.6913888889,123684.01696199253
2023-12-06 09:00:00+00:00,379144.53944444447,379144.53944444447
2023-12-06 10:00:00+00:00,74826.30166666667,256628.38178065894
2023-12-06 11:00:00+00:00,46770.54805555556,46770.54805555556
2023-12-06 12:00:00+00:00,83892.84972222222,164893.17181992135
2023-12-06 13:00:00+00:00,41729.47027777778,114879.21966339476
2023-12-06 14:00:00+00:00,7550.122777777778,80042.73692340915
2023-12-06 15:00:00+00:00,3292.870555555556,3292.870555555556
2023-12-06 16:00:00+00:00,8233.690555555555,34644.88726298677
2023-12-06 17:00:00+00:00,1241.9283333333333,1241.9283333333333
2023-12-06 18:00:00+00:00,4954.875,4954.875
2023-12-06 19:00:00+00:00,2670.496111111111,2670.496111111111
2023-12-06 20:00:00+00:00,2312.6844444444446,2312.6844444444446
2023-12-06 21:00:00+00:00,1459.5813888888888,1459.5813888888888
2023-12-06 22:00:00+00:00,792.9786111111111,792.9786111111111
2023-12-06 23:00:00+00:00,775.635,2702.9887883589745
2023-12-07 00:00:00+00:00,615.0847222222222,615.0847222222222
2023-12-07 01:00:00+00:00,711.3072222222222,711.3072222222222
2023-12-07 02:00:00+00:00,861.4713888888889,861.4713888888889
2023-12-07 03:00:00+00:00,2067.314444444444,2067.314444444444
2023-12-07 04:00:00+00:00,30173.958055555555,30173.958055555555
2023-12-07 05:00:00+00:00,127357.88194444444,127357.88194444444
2023-12-07 06:00:00+00:00,148284.57277777776,148284.57277777776
2023-12-07 07:00:00+00:00,104076.69888888887,104076.69888888887
2023-12-07 08:00:00+00:00,86973.45277777778,96954.06935761662
2023-12-07 09:00:00+00:00,60131.60166666667,94697.50742290849
2023-12-07 10:00:00+00:00,29661.292222222222,88297.66817135009
2023-12-07 11:00:00+00:00,65278.380833333336,79361.02025366497
2023-12-07 12:00:00+00:00,23225.803888888888,68871.15788365163
2023-12-07 13:00:00+00:00,26421.241666666665,26421.241666666665
2023-12-07 14:00:00+00:00,4951.208888888889,4951.208888888889
2023-12-07 15:00:00+00:00,6375.970833333334,6375.970833333334
2023-12-07 16:00:00+00:00,1215.2380555555555,1215.2380555555555
2023-12-07 17:00:00+00:00,2143.8319444444446,13126.580720259877
2023-12-07 18:00:00+00:00,4682.098055555555,9577.916155316338
2023-12-07 19:00:00+00:00,2866.326666666667,8474.879720582276
2023-12-07 20:00:00+00:00,12250.865,12250.865
2023-12-07 21:00:00+00:00,1012.0883333333334,10180.388188097804
2023-12-07 22:00:00+00:00,1571.0727777777777,1571.0727777777777
2023-12-07 23:00:00+00:00,752.5891666666666,752.5891666666666
2023-12-08 00:00:00+00:00,593.6244444444444,593.6244444444444
2023-12-08 01:00:00+00:00,725.1444444444444,2682.8841295673133
2023-12-08 02:00:00+00:00,748.075,7468.608113942948
2023-12-08 03:00:00+00:00,3062.264166666667,15994.558754545822
2023-12-08 04:00:00+00:00,11952.168333333331,26810.54181856572
2023-12-08 05:00:00+00:00,42947.019166666665,39028.64539086282
2023-12-08 06:00:00+00:00,87186.955,87186.955
2023-12-08 07:00:00+00:00,102667.22583333332,102667.22583333332
2023-12-08 08:00:00+00:00,90390.88055555556,90390.88055555556
2023-12-08 09:00:00+00:00,123269.09444444445,123269.09444444445
2023-12-08 10:00:00+00:00,113866.98222222224,99257.60200851716
2023-12-08 11:00:00+00:00,41043.639444444445,41043.639444444445
2023-12-08 12:00:00+00:00,13458.075,13458.075
2023-12-08 13:00:00+00:00,20994.375555555554,20994.375555555554
2023-12-08 14:00:00+00:00,2405.088333333333,2405.088333333333
2023-12-08 15:00:00+00:00,2792.0994444444445,24542.287218245503
2023-12-08 16:00:00+00:00,1439.1055555555556,16187.71466448204
2023-12-08 17:00:00+00:00,1495.5080555555555,11301.11272152852
2023-12-08 18:00:00+00:00,4764.063888888889,4764.063888888889
2023-12-08 19:00:00+00:00,1141.1022222222225,1141.1022222222225
2023-12-08 20:00:00+00:00,1959.9641666666664,4774.037343530564
2023-12-08 21:00:00+00:00,1511.1672222222223,1511.1672222222223
2023-12-08 22:00:00+00:00,725.9711111111111,725.9711111111111
2023-12-08 23:00:00+00:00,886.1069444444445,1928.7416500814873
2023-12-09 00:00:00+00:00,1020.9288888888888,1483.6657038320282
2023-12-09 01:00:00+00:00,890.5683333333334,890.5683333333334
2023-12-09 02:00:00+00:00,650.5961111111111,650.5961111111111
2023-12-09 03:00:00+00:00,605.4586111111112,605.4586111111112
2023-12-09 04:00:00+00:00,1861.4808333333333,801.5211555476833
2023-12-09 05:00:00+00:00,1171.9644444444446,1171.9644444444446
2023-12-09 06:00:00+00:00,1213.4544444444443,965.8513280270932
2023-12-09 07:00:00+00:00,2569.8816666666667,2569.8816666666667
2023-12-09 08:00:00+00:00,2333.349166666667,1802.6400590163103
2023-12-09 09:00:00+00:00,10561.909722222224,1923.4556295871694
2023-12-09 10:00:00+00:00,1202.950833333333,1202.950833333333
2023-12-09 11:00:00+00:00,913.0530555555556,913.0530555555556
2023-12-09 12:00:00+00:00,1525.7575,1525.7575
2023-12-09 13:00:00+00:00,1051.1319444444443,1051.1319444444443
2023-12-09 14:00:00+00:00,3640.6475,3640.6475
2023-12-09 15:00:00+00:00,2093.4547222222222,2093.4547222222222
2023-12-09 16:00:00+00:00,940.8275,940.8275
2023-12-09 17:00:00+00:00,868.5997222222222,868.5997222222222
2023-12-09 18:00:00+00:00,1444.7841666666666,1366.2377437138734
2023-12-09 19:00:00+00:00,2039.708055555556,2039.708055555556
2023-12-09 20:00:00+00:00,3141.2780555555555,1648.232567016818
2023-12-09 21:00:00+00:00,772.3413888888889,772.3413888888889
2023-12-09 22:00:00+00:00,686.0408333333334,1251.1251981489331
2023-12-09 23:00:00+00:00,1411.423611111111,1411.423611111111
2023-12-10 00:00:00+00:00,1875.5697222222225,1875.5697222222225
2023-12-10 01:00:00+00:00,699.7241666666666,699.7241666666666
2023-12-10 02:00:00+00:00,514.2616666666667,514.2616666666667
2023-12-10 03:00:00+00:00,863.8886111111111,930.8737292113985
2023-12-10 04:00:00+00:00,601.9663888888889,601.9663888888889
2023-12-10 05:00:00+00:00,1012.8180555555556,1012.8180555555556
2023-12-10 06:00:00+00:00,2241.7633333333333,2241.7633333333333
2023-12-10 07:00:00+00:00,3209.4230555555555,3209.4230555555555
2023-12-10 08:00:00+00:00,2355.261388888889,2355.261388888889
2023-12-10 09:00:00+00:00,1756.8283333333334,1756.8283333333334
2023-12-10 10:00:00+00:00,2349.000833333333,2349.000833333333
2023-12-10 11:00:00+00:00,731.7816666666666,2149.3936424371695
2023-12-10 12:00:00+00:00,40979.965833333335,40979.965833333335
2023-12-10 13:00:00+00:00,46241.06444444445,46241.06444444445
2023-12-10 14:00:00+00:00,3257.554722222222,3257.554722222222
2023-12-10 15:00:00+00:00,1328.668888888889,20426.963978203516
2023-12-10 16:00:00+00:00,1680.1977777777777,1680.1977777777777
2023-12-10 17:00:00+00:00,1930.8297222222225,1930.8297222222225
2023-12-10 18:00:00+00:00,2756.021111111111,2756.021111111111
2023-12-10 19:00:00+00:00,2916.2775,2916.2775
2023-12-10 20:00:00+00:00,2296.279722222222,2296.279722222222
2023-12-10 21:00:00+00:00,881.2269444444445,3405.114555984167
2023-12-10 22:00:00+00:00,987.3616666666668,987.3616666666668
2023-12-10 23:00:00+00:00,1300.6172222222222,2049.084188798215
2023-12-11 00:00:00+00:00,813.1505555555556,1596.6250063089535
2023-12-11 01:00:00+00:00,671.6880555555556,671.6880555555556
2023-12-11 02:00:00+00:00,588.7075,588.7075
2023-12-11 03:00:00+00:00,1674.2266666666667,1674.2266666666667
2023-12-11 04:00:00+00:00,10821.753055555557,1180.0495802619446
2023-12-11 05:00:00+00:00,122515.63611111112,37951.157096145886
2023-12-11 06:00:00+00:00,284703.12166666664,284703.12166666664
2023-12-11 07:00:00+00:00,71077.17194444445,169805.20979824057
2023-12-11 08:00:00+00:00,30537.547777777778,195046.02108051052
2023-12-11 09:00:00+00:00,91760.30527777778,191191.8007174128
2023-12-11 10:00:00+00:00,85507.91777777778,85507.91777777778
2023-12-11 11:00:00+00:00,73185.74833333334,73185.74833333334
2023-12-11 12:00:00+00:00,55042.42472222223,55042.42472222223
2023-12-11 13:00:00+00:00,44615.99861111112,44615.99861111112
2023-12-11 14:00:00+00:00,3116.5725,72436.41605635233
2023-12-11 15:00:00+00:00,7280.629722222222,56025.47443151241
2023-12-11 16:00:00+00:00,1099.8297222222222,1099.8297222222222
2023-12-11 17:00:00+00:00,10566.866666666669,25133.63553810033
2023-12-11 18:00:00+00:00,1181.3219444444444,15806.343086897838
2023-12-11 19:00:00+00:00,1244.578888888889,10086.822487771202
2023-12-11 20:00:00+00:00,3486.108333333333,6576.2360728308195
2023-12-11 21:00:00+00:00,987.7713888888889,987.7713888888889
2023-12-11 22:00:00+00:00,6939.178888888889,6939.178888888889
2023-12-11 23:00:00+00:00,646.2008333333333,4581.257743615022
2023-12-12 00:00:00+00:00,598.9927777777777,598.9927777777777
2023-12-12 01:00:00+00:00,648.6247222222222,648.6247222222222
2023-12-12 02:00:00+00:00,837.5861111111111,837.5861111111111
2023-12-12 03:00:00+00:00,1563.2625,1563.2625
2023-12-12 04:00:00+00:00,10191.502777777778,10191.502777777778
2023-12-12 05:00:00+00:00,85940.16055555556,85940.16055555556
2023-12-12 06:00:00+00:00,74101.41194444445,36322.75039707653
2023-12-12 07:00:00+00:00,62760.47638888889,66239.39849428393
2023-12-12 08:00:00+00:00,133106.19805555555,95235.03611997147
2023-12-12 09:00:00+00:00,196105.1625,196105.1625
2023-12-12 10:00:00+00:00,64841.021944444445,151753.23076393016
2023-12-12 11:00:00+00:00,51319.47583333333,151347.58123808235
2023-12-12 12:00:00+00:00,59910.709444444445,59910.709444444445
2023-12-12 13:00:00+00:00,29364.588333333333,104965.4849588282
2023-12-12 14:00:00+00:00,2312.279722222222,83411.52409626199
2023-12-12 15:00:00+00:00,4897.844444444445,66129.73918767869
2023-12-12 16:00:00+00:00,17768.70388888889,17768.70388888889
2023-12-12 17:00:00+00:00,1639.943888888889,38399.16393885577
2023-12-12 18:00:00+00:00,1963.353055555556,28911.419897037078
2023-12-12 19:00:00+00:00,4726.8341666666665,21613.632094955778
2023-12-12 20:00:00+00:00,2410.3777777777777,2410.3777777777777
2023-12-12 21:00:00+00:00,7972.822777777777,7972.822777777777
2023-12-12 22:00:00+00:00,965.0938888888888,965.0938888888888
2023-12-12 23:00:00+00:00,2080.594722222222,2080.594722222222
2023-12-13 00:00:00+00:00,14975.083055555557,14975.083055555557
2023-12-13 01:00:00+00:00,2772.93,2772.93
2023-12-13 02:00:00+00:00,527.0441666666667,527.0441666666667
2023-12-13 03:00:00+00:00,24189.67111111111,24189.67111111111
2023-12-13 04:00:00+00:00,61909.53861111112,61909.53861111112
2023-12-13 05:00:00+00:00,148546.06194444443,148546.06194444443
2023-12-13 06:00:00+00:00,95816.92666666668,95816.92666666668
2023-12-13 07:00:00+00:00,101112.72861111112,84142.21015495133
2023-12-13 08:00:00+00:00,208240.4425,92183.64641463353
2023-12-13 09:00:00+00:00,123012.29277777778,123012.29277777778
2023-12-13 10:00:00+00:00,44243.826944444445,44243.826944444445
2023-12-13 11:00:00+00:00,125520.61944444444,125520.61944444444
2023-12-13 12:00:00+00:00,107555.80277777778,107555.80277777778
2023-12-13 13:00:00+00:00,21588.4,21588.4
2023-12-13 14:00:00+00:00,37274.52888888889,37274.52888888889
2023-12-13 15:00:00+00:00,2306.501388888889,58196.828243009084
2023-12-13 16:00:00+00:00,9262.430277777778,45615.117013119
2023-12-13 17:00:00+00:00,2692.153333333333,2692.153333333333
2023-12-13 18:00:00+00:00,4618.27,4618.27
2023-12-13 19:00:00+00:00,4550.738888888889,4550.738888888889
2023-12-13 20:00:00+00:00,8118.136944444444,8118.136944444444
2023-12-13 21:00:00+00:00,10516.165833333333,10516.165833333333
2023-12-13 22:00:00+00:00,2232.048333333333,10101.252316966744
2023-12-13 23:00:00+00:00,928.4808333333332,928.4808333333332
2023-12-14 00:00:00+00:00,665.9291666666667,5505.166276044737
2023-12-14 01:00:00+00:00,657.5875,657.5875
2023-12-14 02:00:00+00:00,553.125,553.125
2023-12-14 03:00:00+00:00,3282.2986111111118,1749.41498999644
2023-12-14 04:00:00+00:00,56328.25916666666,56328.25916666666
2023-12-14 05:00:00+00:00,215255.61,29247.59557450442
2023-12-14 06:00:00+00:00,218156.88861111112,40904.762462278144
2023-12-14 07:00:00+00:00,162772.1075,49199.31708619287
2023-12-14 08:00:00+00:00,167539.07916666666,55435.041639262556
2023-12-14 09:00:00+00:00,71251.1711111111,71251.1711111111
2023-12-14 10:00:00+00:00,68975.29388888889,68975.29388888889
2023-12-14 11:00:00+00:00,41537.18,41537.18
2023-12-14 12:00:00+00:00,46850.46305555556,46850.46305555556
2023-12-14 13:00:00+00:00,84877.76555555555,52882.049695418624
2023-12-14 14:00:00+00:00,6362.573055555556,44822.37321512054
2023-12-14 15:00:00+00:00,2584.576111111111,2584.576111111111
2023-12-14 16:00:00+00:00,4640.074722222223,21921.341234949192
2023-12-14 17:00:00+00:00,1236.0672222222222,1236.0672222222222
2023-12-14 18:00:00+00:00,1397.3541666666667,9150.540912834182
2023-12-14 19:00:00+00:00,6840.168333333333,6840.168333333333
2023-12-14 20:00:00+00:00,8456.810833333333,8456.810833333333
2023-12-14 21:00:00+00:00,10276.611944444445,7589.99847258661
2023-12-14 22:00:00+00:00,16618.814166666667,6935.682300850231
2023-12-14 23:00:00+00:00,793.6916666666667,793.6916666666667
2023-12-15 00:00:00+00:00,473.9552777777778,3702.5713420363027
2023-12-15 01:00:00+00:00,1400.8980555555556,1400.8980555555556
2023-12-15 02:00:00+00:00,2092.398888888889,2092.398888888889
2023-12-15 03:00:00+00:00,1835.7152777777776,2153.1771145176776
2023-12-15 04:00:00+00:00,6082.647777777778,6082.647777777778
2023-12-15 05:00:00+00:00,95295.34694444443,95295.34694444443
2023-12-15 06:00:00+00:00,123692.44888888887,39481.089953882016
2023-12-15 07:00:00+00:00,83740.41805555555,83740.41805555555
2023-12-15 08:00:00+00:00,124979.825,68520.20887394703
2023-12-15 09:00:00+00:00,120400.1025,69482.953162196
2023-12-15 10:00:00+00:00,45528.89305555556,45528.89305555556
2023-12-15 11:00:00+00:00,36135.44055555556,36135.44055555556
2023-12-15 12:00:00+00:00,26590.21444444445,49236.200496948724
2023-12-15 13:00:00+00:00,11824.9975,40549.806602998535
2023-12-15 14:00:00+00:00,8227.933055555555,8227.933055555555
2023-12-15 15:00:00+00:00,2434.095277777778,2434.095277777778
2023-12-15 16:00:00+00:00,788.4175,14752.312427435229
2023-12-15 17:00:00+00:00,5233.448333333334,10249.10422054621
2023-12-15 18:00:00+00:00,4545.787777777778,4545.787777777778
2023-12-15 19:00:00+00:00,2370.3172222222224,6516.721266538293
2023-12-15 20:00:00+00:00,1608.361666666667,5422.830291933006
2023-12-15 21:00:00+00:00,2562.314444444444,4423.369578268086
2023-12-15 22:00:00+00:00,1144.4122222222222,1144.4122222222222
2023-12-15 23:00:00+00:00,1115.7108333333333,1115.7108333333333
2023-12-16 00:00:00+00:00,783.9380555555556,783.9380555555556
2023-12-16 01:00:00+00:00,553.0886111111112,553.0886111111112
2023-12-16 02:00:00+00:00,545.4441666666667,545.4441666666667
2023-12-16 03:00:00+00:00,816.1252777777778,816.1252777777778
2023-12-16 04:00:00+00:00,1625.3469444444445,1625.3469444444445
2023-12-16 05:00:00+00:00,1579.4119444444443,1579.4119444444443
2023-12-16 06:00:00+00:00,8001.345,8001.345
2023-12-16 07:00:00+00:00,2267.579166666667,3915.175181435299
2023-12-16 08:00:00+00:00,2717.736388888889,2717.736388888889
2023-12-16 09:00:00+00:00,8832.801388888889,8832.801388888889
2023-12-16 10:00:00+00:00,1313.2666666666669,5747.553925123201
2023-12-16 11:00:00+00:00,1151.6463888888889,1151.6463888888889
2023-12-16 12:00:00+00:00,4406.608055555555,3786.2756880414745
2023-12-16 13:00:00+00:00,6041.651666666667,2728.93381428047
2023-12-16 14:00:00+00:00,874.4958333333333,874.4958333333333
2023-12-16 15:00:00+00:00,1452.5283333333334,1591.6111842983937
2023-12-16 16:00:00+00:00,918.2775,918.2775
2023-12-16 17:00:00+00:00,922.5886111111112,922.5886111111112
2023-12-16 18:00:00+00:00,1135.2258333333334,1135.2258333333334
2023-12-16 19:00:00+00:00,1385.3847222222223,1096.0947896424404
2023-12-16 20:00:00+00:00,2349.9572222222223,1059.144084860725
2023-12-16 21:00:00+00:00,9990.989444444444,984.3972947355577
2023-12-16 22:00:00+00:00,675.0602777777777,886.5090565458371
2023-12-16 23:00:00+00:00,463.06888888888886,463.06888888888886
2023-12-17 00:00:00+00:00,810.1333333333333,810.1333333333333
2023-12-17 01:00:00+00:00,739.8341666666666,714.36581827484
2023-12-17 02:00:00+00:00,389.48777777777775,389.48777777777775
2023-12-17 03:00:00+00:00,386.5811111111111,561.2063185819035
2023-12-17 04:00:00+00:00,453.3808333333333,592.8231931971582
2023-12-17 05:00:00+00:00,465.14666666666665,710.3784172976274
2023-12-17 06:00:00+00:00,1402.5369444444443,1402.5369444444443
2023-12-17 07:00:00+00:00,5339.480277777778,5339.480277777778
2023-12-17 08:00:00+00:00,2683.0758333333333,2733.3241029174574
2023-12-17 09:00:00+00:00,876.3927777777777,876.3927777777777
2023-12-17 10:00:00+00:00,1093.0447222222222,1093.0447222222222
2023-12-17 11:00:00+00:00,6276.233055555555,6276.233055555555
2023-12-17 12:00:00+00:00,1872.9269444444444,3481.05085853548
2023-12-17 13:00:00+00:00,1961.2072222222223,4699.500592567314
2023-12-17 14:00:00+00:00,7318.275,7318.275
2023-12-17 15:00:00+00:00,1869.9191666666663,6254.101224300641
2023-12-17 16:00:00+00:00,1571.4002777777778,1571.4002777777778
2023-12-17 17:00:00+00:00,16892.376111111113,16892.376111111113
2023-12-17 18:00:00+00:00,3870.475,9004.24094882398
2023-12-17 19:00:00+00:00,4538.7675,4538.7675
2023-12-17 20:00:00+00:00,6089.185,6089.185
2023-12-17 21:00:00+00:00,1396.8366666666666,1396.8366666666666
2023-12-17 22:00:00+00:00,946.7519444444443,946.7519444444443
2023-12-17 23:00:00+00:00,849.8319444444444,849.8319444444444
2023-12-18 00:00:00+00:00,749.7291666666666,749.7291666666666
2023-12-18 01:00:00+00:00,760.0280555555555,760.0280555555555
2023-12-18 02:00:00+00:00,699.15,699.15
2023-12-18 03:00:00+00:00,2858.3347222222224,2858.3347222222224
2023-12-18 04:00:00+00:00,11646.083611111111,1785.6592139812813
2023-12-18 05:00:00+00:00,99032.31777777776,18071.34497966826
2023-12-18 06:00:00+00:00,508570.0169444445,43912.376955663945
2023-12-18 07:00:00+00:00,166578.66083333333,166578.66083333333
2023-12-18 08:00:00+00:00,103564.77694444444,103564.77694444444
2023-12-18 09:00:00+00:00,174348.68694444443,174348.68694444443
2023-12-18 10:00:00+00:00,269133.5077777778,133751.0871918172
2023-12-18 11:00:00+00:00,143091.92333333334,143091.92333333334
2023-12-18 12:00:00+00:00,25937.43388888889,25937.43388888889
2023-12-18 13:00:00+00:00,41873.684166666666,97795.3613006236
2023-12-18 14:00:00+00:00,8491.673055555555,8491.673055555555
2023-12-18 15:00:00+00:00,1955.6091666666664,1955.6091666666664
2023-12-18 16:00:00+00:00,1915.341111111111,1915.341111111111
2023-12-18 17:00:00+00:00,5285.1325,17716.50472001145
2023-12-18 18:00:00+00:00,4891.272777777778,4891.272777777778
2023-12-18 19:00:00+00:00,11973.223055555556,11973.223055555556
2023-12-18 20:00:00+00:00,1892.4133333333332,1892.4133333333332
2023-12-18 21:00:00+00:00,2574.4147222222223,2574.4147222222223
2023-12-18 22:00:00+00:00,928.5169444444444,928.5169444444444
2023-12-18 23:00:00+00:00,1439.7022222222222,3625.1687582517643
2023-12-19 00:00:00+00:00,993.3586111111111,993.3586111111111
2023-12-19 01:00:00+00:00,2555.178611111111,2555.178611111111
2023-12-19 02:00:00+00:00,741.7877777777778,741.7877777777778
2023-12-19 03:00:00+00:00,1726.3183333333334,1633.553871312929
2023-12-19 04:00:00+00:00,24284.956666666665,24284.956666666665
2023-12-19 05:00:00+00:00,83059.96277777778,83059.96277777778
2023-12-19 06:00:00+00:00,167075.08472222224,40163.65018812697
2023-12-19 07:00:00+00:00,194055.3955555556,194055.3955555556
2023-12-19 08:00:00+00:00,109189.49777777778,123190.21003593077
2023-12-19 09:00:00+00:00,277315.7483333333,277315.7483333333
2023-12-19 10:00:00+00:00,116037.32361111112,116037.32361111112
2023-12-19 11:00:00+00:00,34343.99138888889,173356.71904405713
2023-12-19 12:00:00+00:00,26083.23361111111,26083.23361111111
2023-12-19 13:00:00+00:00,23128.263055555555,91969.8365002663
2023-12-19 14:00:00+00:00,9134.931111111113,9134.931111111113
2023-12-19 15:00:00+00:00,3572.2275,3572.2275
2023-12-19 16:00:00+00:00,1375.1819444444443,1375.1819444444443
2023-12-19 17:00:00+00:00,4411.0575,17200.783187724202
2023-12-19 18:00:00+00:00,4163.5675,11702.587077768292
2023-12-19 19:00:00+00:00,6310.443611111111,6310.443611111111
2023-12-19 20:00:00+00:00,3340.369166666667,3340.369166666667
2023-12-19 21:00:00+00:00,1979.5569444444443,1979.5569444444443
2023-12-19 22:00:00+00:00,979.1313888888888,4537.517508862687
2023-12-19 23:00:00+00:00,1040.1319444444443,3498.4074172680857
2023-12-20 00:00:00+00:00,1613.466111111111,1613.466111111111
2023-12-20 01:00:00+00:00,2496.235,2349.0544197307313
2023-12-20 02:00:00+00:00,1369.5519444444444,2101.3854766086424
2023-12-20 03:00:00+00:00,1903.9263888888888,1903.9263888888888
2023-12-20 04:00:00+00:00,2865.4919444444445,1954.9643981180466
2023-12-20 05:00:00+00:00,81799.5675,81799.5675
2023-12-20 06:00:00+00:00,217988.0986111111,42384.335512895894
2023-12-20 07:00:00+00:00,150710.11916666667,150710.11916666667
2023-12-20 08:00:00+00:00,119030.4075,119030.4075
2023-12-20 09:00:00+00:00,52261.30194444444,52261.30194444444
2023-12-20 10:00:00+00:00,81058.7125,86728.51974221758
2023-12-20 11:00:00+00:00,149339.39916666667,149339.39916666667
2023-12-20 12:00:00+00:00,63190.41666666666,63190.41666666666
2023-12-20 13:00:00+00:00,6136.449722222223,94510.98211403274
2023-12-20 14:00:00+00:00,2242.0094444444444,76496.87294135339
2023-12-20 15:00:00+00:00,3652.425,59597.13722215871
2023-12-20 16:00:00+00:00,2630.3966666666665,2630.3966666666665
2023-12-20 17:00:00+00:00,1730.826111111111,1730.826111111111
2023-12-20 18:00:00+00:00,2425.552222222222,2425.552222222222
2023-12-20 19:00:00+00:00,2478.363333333333,2478.363333333333
2023-12-20 20:00:00+00:00,3779.7747222222224,3779.7747222222224
2023-12-20 21:00:00+00:00,4195.576944444444,4195.576944444444
2023-12-20 22:00:00+00:00,1398.6802777777775,1398.6802777777775
2023-12-20 23:00:00+00:00,931.2536111111112,931.2536111111112
2023-12-21 00:00:00+00:00,1553.7358333333334,2780.246382685451
2023-12-21 01:00:00+00:00,1138.2172222222223,1138.2172222222223
2023-12-21 02:00:00+00:00,1132.5630555555556,1132.5630555555556
2023-12-21 03:00:00+00:00,1737.564722222222,1497.8715633084403
2023-12-21 04:00:00+00:00,7343.763611111111,7343.763611111111
2023-12-21 05:00:00+00:00,55229.960277777776,4415.0254285035935
2023-12-21 06:00:00+00:00,86375.18527777778,86375.18527777778
2023-12-21 07:00:00+00:00,84279.67861111111,84279.67861111111
2023-12-21 08:00:00+00:00,138403.57111111112,138403.57111111112
2023-12-21 09:00:00+00:00,81763.07083333333,91015.96928722516
2023-12-21 10:00:00+00:00,56076.054444444446,101866.48488702043
2023-12-21 11:00:00+00:00,67968.86333333333,100986.91074363484
2023-12-21 12:00:00+00:00,14664.839166666668,92925.34248319443
2023-12-21 13:00:00+00:00,59609.79166666666,80466.44729459508
2023-12-21 14:00:00+00:00,1452.023888888889,65315.19622294177
2023-12-21 15:00:00+00:00,2583.9202777777778,2583.9202777777778
2023-12-21 16:00:00+00:00,2548.6633333333334,30706.49196550993
2023-12-21 17:00:00+00:00,1233.3552777777777,19664.932861277248
2023-12-21 18:00:00+00:00,1519.078611111111,1519.078611111111
2023-12-21 19:00:00+00:00,1354.6597222222222,1354.6597222222222
2023-12-21 20:00:00+00:00,1258.715,1258.715
2023-12-21 21:00:00+00:00,5051.572777777777,5051.572777777777
2023-12-21 22:00:00+00:00,752.9038888888889,752.9038888888889
2023-12-21 23:00:00+00:00,802.1741666666667,802.1741666666667
2023-12-22 00:00:00+00:00,829.7916666666666,829.7916666666666
2023-12-22 01:00:00+00:00,610.5002777777778,610.5002777777778
2023-12-22 02:00:00+00:00,511.4161111111111,511.4161111111111
2023-12-22 03:00:00+00:00,2350.5661111111112,953.4330022100484
2023-12-22 04:00:00+00:00,10362.076111111111,10362.076111111111
2023-12-22 05:00:00+00:00,51065.590833333335,5665.753597660854
2023-12-22 06:00:00+00:00,74546.75194444445,74546.75194444445
2023-12-22 07:00:00+00:00,49135.71888888889,41106.3642007515
2023-12-22 08:00:00+00:00,78836.43222222223,47796.30345188092
2023-12-22 09:00:00+00:00,82140.79305555555,45616.49156163761
2023-12-22 10:00:00+00:00,9801.856944444444,9801.856944444444
2023-12-22 11:00:00+00:00,7640.85,27070.42929538198
2023-12-22 12:00:00+00:00,9677.455277777775,9677.455277777775
2023-12-22 13:00:00+00:00,2003.3941666666667,2003.3941666666667
2023-12-22 14:00:00+00:00,1789.161111111111,10703.173156265675
2023-12-22 15:00:00+00:00,1124.9502777777775,1124.9502777777775
2023-12-22 16:00:00+00:00,6149.712777777778,4819.863554124739
2023-12-22 17:00:00+00:00,880.4533333333334,3419.916895857642
2023-12-22 18:00:00+00:00,1377.793888888889,1377.793888888889
2023-12-22 19:00:00+00:00,1331.3155555555556,1331.3155555555556
2023-12-22 20:00:00+00:00,1803.0522222222223,1816.2421094762624
2023-12-22 21:00:00+00:00,1011.6338888888888,1011.6338888888888
2023-12-22 22:00:00+00:00,524.1163888888889,1351.2074988309278
2023-12-22 23:00:00+00:00,850.3988888888889,850.3988888888889
2023-12-23 00:00:00+00:00,573.7311111111111,573.7311111111111
2023-12-23 01:00:00+00:00,588.5433333333333,588.5433333333333
2023-12-23 02:00:00+00:00,1004.5838888888889,1004.5838888888889
2023-12-23 03:00:00+00:00,724.8430555555556,855.2879860699973
2023-12-23 04:00:00+00:00,756.9716666666667,756.9716666666667
2023-12-23 05:00:00+00:00,801.7902777777778,801.7902777777778
2023-12-23 06:00:00+00:00,1254.3719444444444,1254.3719444444444
2023-12-23 07:00:00+00:00,2717.3322222222223,985.3024321002399
2023-12-23 08:00:00+00:00,553.6375,553.6375
2023-12-23 09:00:00+00:00,575.9744444444444,575.9744444444444
2023-12-23 10:00:00+00:00,1109.8583333333331,712.3022833535694
2023-12-23 11:00:00+00:00,589.8391666666666,682.31372139574
2023-12-23 12:00:00+00:00,752.9255555555555,752.9255555555555
2023-12-23 13:00:00+00:00,556.9941666666666,556.9941666666666
2023-12-23 14:00:00+00:00,2199.1627777777776,652.1767622588417
2023-12-23 15:00:00+00:00,474.8075,474.8075
2023-12-23 16:00:00+00:00,727.8352777777778,727.8352777777778
2023-12-23 17:00:00+00:00,991.5933333333334,991.5933333333334
2023-12-23 18:00:00+00:00,1805.2494444444444,1805.2494444444444
2023-12-23 19:00:00+00:00,954.7047222222222,954.7047222222222
2023-12-23 20:00:00+00:00,1480.5433333333333,1480.5433333333333
2023-12-23 21:00:00+00:00,1351.2444444444443,1351.2444444444443
2023-12-23 22:00:00+00:00,619.0122222222222,619.0122222222222
2023-12-23 23:00:00+00:00,672.1363888888889,672.1363888888889
2023-12-24 00:00:00+00:00,901.0861111111112,901.0861111111112
2023-12-24 01:00:00+00:00,679.5813888888889,679.5813888888889
2023-12-24 02:00:00+00:00,530.8669444444445,810.3740165803761
2023-12-24 03:00:00+00:00,628.8819444444445,628.8819444444445
2023-12-24 04:00:00+00:00,559.6847222222223,559.6847222222223
2023-12-24 05:00:00+00:00,552.6830555555556,552.6830555555556
2023-12-24 06:00:00+00:00,708.8127777777778,708.8127777777778
2023-12-24 07:00:00+00:00,1069.306388888889,1069.306388888889
2023-12-24 08:00:00+00:00,803.8652777777778,803.8652777777778
2023-12-24 09:00:00+00:00,462.40777777777777,462.40777777777777
2023-12-24 10:00:00+00:00,852.3002777777778,674.4453065869592
2023-12-24 11:00:00+00:00,677.8055555555555,634.3443835077978
2023-12-24 12:00:00+00:00,497.10777777777776,651.9039198553685
2023-12-24 13:00:00+00:00,586.845,704.7672850274552
2023-12-24 14:00:00+00:00,1005.4697222222222,1005.4697222222222
2023-12-24 15:00:00+00:00,12390.753333333334,12390.753333333334
2023-12-24 16:00:00+00:00,828.7697222222222,828.7697222222222
2023-12-24 17:00:00+00:00,2244.135555555556,3587.8457773433897
2023-12-24 18:00:00+00:00,839.2802777777778,839.2802777777778
2023-12-24 19:00:00+00:00,1591.9952777777778,1868.4034260017625
2023-12-24 20:00:00+00:00,2135.970277777778,2135.970277777778
2023-12-24 21:00:00+00:00,837.3563888888889,1881.751935354981
2023-12-24 22:00:00+00:00,948.1494444444444,948.1494444444444
2023-12-24 23:00:00+00:00,10065.691944444445,1439.1259288537258
2023-12-25 00:00:00+00:00,732.4030555555555,732.4030555555555
2023-12-25 01:00:00+00:00,749.4313888888889,749.4313888888889
2023-12-25 02:00:00+00:00,745.4516666666667,745.4516666666667
2023-12-25 03:00:00+00:00,493.25055555555554,850.4219529160837
2023-12-25 04:00:00+00:00,1296.4622222222222,1296.4622222222222
2023-12-25 05:00:00+00:00,804.8419444444445,804.8419444444445
2023-12-25 06:00:00+00:00,831.0938888888888,831.0938888888888
2023-12-25 07:00:00+00:00,1260.8533333333332,1260.8533333333332
2023-12-25 08:00:00+00:00,808.5458333333333,808.5458333333333
2023-12-25 09:00:00+00:00,676.9077777777778,954.7474275246708
2023-12-25 10:00:00+00:00,821.3925,904.5567804060198
2023-12-25 11:00:00+00:00,1014.9211111111111,880.3224478086579
2023-12-25 12:00:00+00:00,666.8183333333334,871.9804146117073
2023-12-25 13:00:00+00:00,892.315,892.315
2023-12-25 14:00:00+00:00,770.9672222222222,770.9672222222222
2023-12-25 15:00:00+00:00,1421.9552777777778,1421.9552777777778
2023-12-25 16:00:00+00:00,3153.291388888889,3153.291388888889
2023-12-25 17:00:00+00:00,715.2422222222223,715.2422222222223
2023-12-25 18:00:00+00:00,4104.517777777778,4104.517777777778
2023-12-25 19:00:00+00:00,774.9402777777777,774.9402777777777
2023-12-25 20:00:00+00:00,616.4347222222223,1809.0418452310953
2023-12-25 21:00:00+00:00,529.0675,529.0675
2023-12-25 22:00:00+00:00,1249.147222222222,1249.147222222222
2023-12-25 23:00:00+00:00,5285.925555555556,1119.918979300614
2023-12-26 00:00:00+00:00,951.4966666666668,951.4966666666668
2023-12-26 01:00:00+00:00,712.425,712.425
2023-12-26 02:00:00+00:00,654.115,654.115
2023-12-26 03:00:00+00:00,228416.2577777778,228416.2577777778
2023-12-26 04:00:00+00:00,746.745,746.745
2023-12-26 05:00:00+00:00,586.3608333333333,54820.492128237915
2023-12-26 06:00:00+00:00,2726.5002777777777,33818.763786847674
2023-12-26 07:00:00+00:00,469.9794444444444,469.9794444444444
2023-12-26 08:00:00+00:00,673.0444444444445,673.0444444444445
2023-12-26 09:00:00+00:00,384.3305555555556,384.3305555555556
2023-12-26 10:00:00+00:00,504.9594444444445,504.9594444444445
2023-12-26 11:00:00+00:00,623.1197222222222,623.1197222222222
2023-12-26 12:00:00+00:00,681.0116666666667,681.0116666666667
2023-12-26 13:00:00+00:00,1207.6747222222225,1674.2559014089065
2023-12-26 14:00:00+00:00,2092.7791666666667,1344.127919926569
2023-12-26 15:00:00+00:00,415.7402777777778,1196.9817046385206
2023-12-26 16:00:00+00:00,2089.376111111111,1161.8699236223554
2023-12-26 17:00:00+00:00,1390.0325,1390.0325
2023-12-26 18:00:00+00:00,3068.7944444444443,3068.7944444444443
2023-12-26 19:00:00+00:00,2776.3,1967.9567232763443
2023-12-26 20:00:00+00:00,890.3530555555556,890.3530555555556
2023-12-26 21:00:00+00:00,1452.6130555555555,1452.6130555555555
2023-12-26 22:00:00+00:00,702.6194444444444,1514.0136350616885
2023-12-26 23:00:00+00:00,726.6216666666667,1406.8064575851204
2023-12-27 00:00:00+00:00,528.4177777777778,1257.7662147533122
2023-12-27 01:00:00+00:00,592.2141666666666,592.2141666666666
2023-12-27 02:00:00+00:00,422.715,892.7771767668373
2023-12-27 03:00:00+00:00,510.27472222222224,779.5467104873817
2023-12-27 04:00:00+00:00,397.1616666666667,713.5254967409994
2023-12-27 05:00:00+00:00,626.3258333333333,626.3258333333333
2023-12-27 06:00:00+00:00,608.7819444444444,656.9903914205147
2023-12-27 07:00:00+00:00,1278.2783333333334,1278.2783333333334
2023-12-27 08:00:00+00:00,1793.2483333333332,967.9873087515375
2023-12-27 09:00:00+00:00,1550.26,1550.26
2023-12-27 10:00:00+00:00,645.4986111111111,645.4986111111111
2023-12-27 11:00:00+00:00,670.7652777777778,670.7652777777778
2023-12-27 12:00:00+00:00,506.46972222222223,900.5381870416807
2023-12-27 13:00:00+00:00,4023.0275,4023.0275
2023-12-27 14:00:00+00:00,466.0422222222222,466.0422222222222
2023-12-27 15:00:00+00:00,451.9683333333333,1683.5640117714038
2023-12-27 16:00:00+00:00,1324.173888888889,1264.365976393923
2023-12-27 17:00:00+00:00,875.12,875.12
2023-12-27 18:00:00+00:00,674.95,674.95
2023-12-27 19:00:00+00:00,1287.568611111111,867.0303606341514
2023-12-27 20:00:00+00:00,3978.5525,2257.1547570097773
2023-12-27 21:00:00+00:00,12007.08888888889,12007.08888888889
2023-12-27 22:00:00+00:00,606.0186111111111,606.0186111111111
2023-12-27 23:00:00+00:00,716.3036111111111,716.3036111111111
2023-12-28 00:00:00+00:00,621.0991666666666,621.0991666666666
2023-12-28 01:00:00+00:00,494.8405555555556,494.8405555555556
2023-12-28 02:00:00+00:00,438.4775,1545.0699947222465
2023-12-28 03:00:00+00:00,395.2355555555556,395.2355555555556
2023-12-28 04:00:00+00:00,1055.5730555555556,838.1035509148562
2023-12-28 05:00:00+00:00,33948.09333333333,1014.7112772096859
2023-12-28 06:00:00+00:00,20883.79888888889,1471.1635499479082
2023-12-28 07:00:00+00:00,4729.605277777778,2098.9565310907456
2023-12-28 08:00:00+00:00,4887.0391666666665,4887.0391666666665
2023-12-28 09:00:00+00:00,2800.8927777777776,3628.5878844079853
2023-12-28 10:00:00+00:00,976.9475,976.9475
2023-12-28 11:00:00+00:00,499.0969444444444,499.0969444444444
2023-12-28 12:00:00+00:00,820.6288888888889,820.6288888888889
2023-12-28 13:00:00+00:00,2194.76,2194.76
2023-12-28 14:00:00+00:00,1907.556111111111,1907.556111111111
2023-12-28 15:00:00+00:00,773.5347222222222,773.5347222222222
2023-12-28 16:00:00+00:00,2767.7858333333334,1381.5260272467965
2023-12-28 17:00:00+00:00,1389.5019444444445,1389.5019444444445
2023-12-28 18:00:00+00:00,8494.691111111111,8494.691111111111
2023-12-28 19:00:00+00:00,1010.6405555555556,4097.793468239635
2023-12-28 20:00:00+00:00,1998.905555555556,5061.595444561579
2023-12-28 21:00:00+00:00,906.7922222222222,4910.700849894462
2023-12-28 22:00:00+00:00,850.1488888888889,850.1488888888889
2023-12-28 23:00:00+00:00,648.2752777777778,648.2752777777778
2023-12-29 00:00:00+00:00,478.22083333333336,1981.6612258804926
2023-12-29 01:00:00+00:00,478.7366666666667,478.7366666666667
2023-12-29 02:00:00+00:00,663.8655555555556,663.8655555555556
2023-12-29 03:00:00+00:00,486.9908333333333,907.7973976830251
2023-12-29 04:00:00+00:00,433.0036111111111,433.0036111111111
2023-12-29 05:00:00+00:00,17984.83111111111,638.3950784138563
2023-12-29 06:00:00+00:00,656.4519444444444,656.4519444444444
2023-12-29 07:00:00+00:00,1924.3038888888889,1924.3038888888889
2023-12-29 08:00:00+00:00,8766.26861111111,1127.6512298228215
2023-12-29 09:00:00+00:00,748.4255555555555,748.4255555555555
2023-12-29 10:00:00+00:00,687.2283333333334,687.2283333333334
2023-12-29 11:00:00+00:00,874.7405555555556,874.7405555555556
2023-12-29 12:00:00+00:00,343.0522222222222,343.0522222222222
2023-12-29 13:00:00+00:00,470.5391666666667,470.5391666666667
2023-12-29 14:00:00+00:00,1036.3725,596.9539609232316
2023-12-29 15:00:00+00:00,610.8925,610.8925
2023-12-29 16:00:00+00:00,602.7577777777777,602.7577777777777
2023-12-29 17:00:00+00:00,2456.351111111111,2456.351111111111
2023-12-29 18:00:00+00:00,453.2763888888889,453.2763888888889
2023-12-29 19:00:00+00:00,2394.4341666666664,2394.4341666666664
2023-12-29 20:00:00+00:00,1900.0844444444444,1529.444312151783
2023-12-29 21:00:00+00:00,2944.0094444444444,2944.0094444444444
2023-12-29 22:00:00+00:00,564.0372222222222,2348.4899196382325
2023-12-29 23:00:00+00:00,1076.8622222222225,1076.8622222222225
2023-12-30 00:00:00+00:00,604.3308333333333,604.3308333333333
2023-12-30 01:00:00+00:00,783.0411111111111,783.0411111111111
2023-12-30 02:00:00+00:00,500.4325,500.4325
2023-12-30 03:00:00+00:00,602.7502777777778,875.2136941661429
2023-12-30 04:00:00+00:00,407.56388888888887,407.56388888888887
2023-12-30 05:00:00+00:00,617.6580555555555,617.6580555555555
2023-12-30 06:00:00+00:00,929.1702777777778,603.1103221754512
2023-12-30 07:00:00+00:00,1037.1405555555557,602.074422393605
2023-12-30 08:00:00+00:00,641.7825,594.7636934922316
2023-12-30 09:00:00+00:00,548.7802777777778,548.7802777777778
2023-12-30 10:00:00+00:00,747.9297222222223,747.9297222222223
2023-12-30 11:00:00+00:00,601.0794444444444,601.0794444444444
2023-12-30 12:00:00+00:00,552.8463888888889,624.3298633766698
2023-12-30 13:00:00+00:00,618.1561111111112,618.1561111111112
2023-12-30 14:00:00+00:00,908.1019444444444,618.4435420240668
2023-12-30 15:00:00+00:00,1188.6702777777778,1188.6702777777778
2023-12-30 16:00:00+00:00,632.8722222222223,907.187399732117
2023-12-30 17:00:00+00:00,1324.1141666666667,1324.1141666666667
2023-12-30 18:00:00+00:00,768.4311111111111,768.4311111111111
2023-12-30 19:00:00+00:00,4716.067777777777,1003.1209820383592
2023-12-30 20:00:00+00:00,856.2597222222222,856.2597222222222
2023-12-30 21:00:00+00:00,3195.823888888889,3195.823888888889
2023-12-30 22:00:00+00:00,836.6152777777778,1790.701994264561
2023-12-30 23:00:00+00:00,593.8044444444445,2013.5312506277614
2023-12-31 00:00:00+00:00,704.5691666666667,704.5691666666667
2023-12-31 01:00:00+00:00,678.6297222222222,1392.4047096541353
2023-12-31 02:00:00+00:00,1071.6605555555554,1112.3226609694366
2023-12-31 03:00:00+00:00,600.9791666666666,600.9791666666666
2023-12-31 04:00:00+00:00,418.3355555555556,418.3355555555556
2023-12-31 05:00:00+00:00,450.9313888888889,652.5483123206686
2023-12-31 06:00:00+00:00,1040.8833333333334,598.33824569018
2023-12-31 07:00:00+00:00,701.5308333333334,701.5308333333334
2023-12-31 08:00:00+00:00,562.6708333333333,562.6708333333333
2023-12-31 09:00:00+00:00,518.6469444444444,518.6469444444444
2023-12-31 10:00:00+00:00,1011.7025,1011.7025
2023-12-31 11:00:00+00:00,494.62305555555554,494.62305555555554
2023-12-31 12:00:00+00:00,1200.8013888888888,1200.8013888888888
2023-12-31 13:00:00+00:00,522.9836111111111,861.9785729845789
2023-12-31 14:00:00+00:00,727.3386111111112,727.3386111111112
2023-12-31 15:00:00+00:00,464.6852777777778,464.6852777777778
2023-12-31 16:00:00+00:00,1461.6988888888889,690.8125802849102
2023-12-31 17:00:00+00:00,2606.637222222222,630.3795320959965
2023-12-31 18:00:00+00:00,675.4747222222222,675.4747222222222
2023-12-31 19:00:00+00:00,5643.0263888888885,641.8894909294949
2023-12-31 20:00:00+00:00,1563.0458333333331,685.5550788124892
2023-12-31 21:00:00+00:00,1056.9144444444444,742.933873948824
2023-12-31 22:00:00+00:00,991.6091666666666,991.6091666666666
2023-12-31 23:00:00+00:00,372.81666666666666,372.81666666666666
2024-01-01 00:00:00+00:00,1071.7402777777777,1071.7402777777777
2024-01-01 01:00:00+00:00,1421.2125,833.7996400933476
2024-01-01 02:00:00+00:00,802.8694444444444,809.1133632612211
2024-01-01 03:00:00+00:00,166.91166666666666,166.91166666666666
2024-01-01 04:00:00+00:00,250.4686111111111,479.25821094776546
2024-01-01 05:00:00+00:00,3554.978611111111,3554.978611111111
2024-01-01 06:00:00+00:00,375.9680555555556,1999.809983631551
2024-01-01 07:00:00+00:00,714.8766666666667,3520.327572707125
2024-01-01 08:00:00+00:00,333.65777777777777,5368.830098925017
2024-01-01 09:00:00+00:00,13020.700555555555,13020.700555555555
2024-01-01 10:00:00+00:00,412.9261111111111,9590.42012120565
2024-01-01 11:00:00+00:00,1770.3827777777778,1770.3827777777778
2024-01-01 12:00:00+00:00,1119.486388888889,6037.311443756275
2024-01-01 13:00:00+00:00,252.3738888888889,252.3738888888889
2024-01-01 14:00:00+00:00,286.8761111111112,286.8761111111112
2024-01-01 15:00:00+00:00,302.5780555555556,1703.8641194482348
2024-01-01 16:00:00+00:00,870.1294444444444,870.1294444444444
2024-01-01 17:00:00+00:00,52911.238333333335,1113.4456329603474
2024-01-01 18:00:00+00:00,15409.478611111112,15409.478611111112
2024-01-01 19:00:00+00:00,1065.0880555555557,8324.455658482553
2024-01-01 20:00:00+00:00,2366.9430555555555,2366.9430555555555
2024-01-01 21:00:00+00:00,502.6013888888889,502.6013888888889
2024-01-01 22:00:00+00:00,901.03,3959.353094398901
2024-01-01 23:00:00+00:00,392.39,392.39
2024-01-02 00:00:00+00:00,279.2994444444444,279.2994444444444
2024-01-02 01:00:00+00:00,613.7091666666666,1175.2604831137053
2024-01-02 02:00:00+00:00,118.92666666666666,118.92666666666666
2024-01-02 03:00:00+00:00,591.1025,591.1025
2024-01-02 04:00:00+00:00,23743.418611111112,23743.418611111112
2024-01-02 05:00:00+00:00,13099.363611111112,13099.363611111112
2024-01-02 06:00:00+00:00,829.0325,10924.050332153427
2024-01-02 07:00:00+00:00,3557.181111111111,3557.181111111111
2024-01-02 08:00:00+00:00,10472.456944444444,10472.456944444444
2024-01-02 09:00:00+00:00,4134.901944444445,8622.798100729433
2024-01-02 10:00:00+00:00,4350.6113888888885,8099.409063777025
2024-01-02 11:00:00+00:00,873.8291666666667,873.8291666666667
2024-01-02 12:00:00+00:00,1261.858611111111,4342.080409488162
2024-01-02 13:00:00+00:00,1167.3455555555556,1167.3455555555556
2024-01-02 14:00:00+00:00,9918.737222222222,9918.737222222222
2024-01-02 15:00:00+00:00,1634.8516666666667,5267.865227931197
2024-01-02 16:00:00+00:00,931.4727777777778,931.4727777777778
2024-01-02 17:00:00+00:00,977.155,977.155
2024-01-02 18:00:00+00:00,1865.9283333333333,1865.9283333333333
2024-01-02 19:00:00+00:00,2850.2919444444447,2313.93944052157
2024-01-02 20:00:00+00:00,853.6463888888889,2008.08665931838
2024-01-02 21:00:00+00:00,843.4675,843.4675
2024-01-02 22:00:00+00:00,451.4211111111111,1360.9641575756655
2024-01-02 23:00:00+00:00,602.9438888888889,602.9438888888889
2024-01-03 00:00:00+00:00,382.3852777777778,915.6569306392299
2024-01-03 01:00:00+00:00,325.8413888888889,325.8413888888889
2024-01-03 02:00:00+00:00,471.3808333333333,471.3808333333333
2024-01-03 03:00:00+00:00,487.6022222222222,487.6022222222222
2024-01-03 04:00:00+00:00,41457.765555555554,41457.765555555554
2024-01-03 05:00:00+00:00,53953.961388888885,16391.73472873952
2024-01-03 06:00:00+00:00,200539.3705555556,200539.3705555556
2024-01-03 07:00:00+00:00,67936.79027777778,67936.79027777778
2024-01-03 08:00:00+00:00,89750.40833333334,89750.40833333334
2024-01-03 09:00:00+00:00,36945.36888888889,93146.81720504943
2024-01-03 10:00:00+00:00,58205.85666666667,58205.85666666667
2024-01-03 11:00:00+00:00,67599.80083333333,75048.64048196709
2024-01-03 12:00:00+00:00,43685.199166666665,43685.199166666665
2024-01-03 13:00:00+00:00,33785.890555555554,33785.890555555554
2024-01-03 14:00:00+00:00,8134.3375,48100.95343393524
2024-01-03 15:00:00+00:00,1470.76,40419.879435349256
2024-01-03 16:00:00+00:00,1841.5597222222225,33586.27095595501
2024-01-03 17:00:00+00:00,2650.173888888889,27271.541062019183
2024-01-03 18:00:00+00:00,816.8972222222222,21274.505493516324
2024-01-03 19:00:00+00:00,813.7441666666666,813.7441666666666
2024-01-03 20:00:00+00:00,536.1688888888889,9788.560338085237
2024-01-03 21:00:00+00:00,401.9866666666667,401.9866666666667
2024-01-03 22:00:00+00:00,793.1072222222223,3969.660732657585
2024-01-03 23:00:00+00:00,344.3175,2599.888685640405
2024-01-04 00:00:00+00:00,577.6505555555556,1774.7354924821138
2024-01-04 01:00:00+00:00,541.4505555555555,541.4505555555555
2024-01-04 02:00:00+00:00,383.215,383.215
2024-01-04 03:00:00+00:00,486.7347222222222,758.1007346963657
2024-01-04 04:00:00+00:00,11853.979444444443,11853.979444444443
2024-01-04 05:00:00+00:00,42314.1725,42314.1725
2024-01-04 06:00:00+00:00,119175.68166666669,20283.851510944973
2024-01-04 07:00:00+00:00,52377.405277777776,52377.405277777776
2024-01-04 08:00:00+00:00,50198.66916666667,39151.82656004911
2024-01-04 09:00:00+00:00,84016.66972222223,42130.64097817149
2024-01-04 10:00:00+00:00,35748.839166666665,35748.839166666665
2024-01-04 11:00:00+00:00,149294.35944444445,39457.069656877225
2024-01-04 12:00:00+00:00,27594.393333333333,34912.052416838545
2024-01-04 13:00:00+00:00,11707.08,11707.08
2024-01-04 14:00:00+00:00,2446.5525,22308.52910254928
2024-01-04 15:00:00+00:00,4364.236111111111,4364.236111111111
2024-01-04 16:00:00+00:00,1091.4180555555556,1091.4180555555556
2024-01-04 17:00:00+00:00,2267.733888888889,2267.733888888889
2024-01-04 18:00:00+00:00,1050.526388888889,1050.526388888889
2024-01-04 19:00:00+00:00,1532.191388888889,1532.191388888889
2024-01-04 20:00:00+00:00,1154.2394444444444,1154.2394444444444
2024-01-04 21:00:00+00:00,408.0561111111112,2254.5581290185514
2024-01-04 22:00:00+00:00,3926.2477777777776,1719.0485298601445
2024-01-04 23:00:00+00:00,311.7630555555556,311.7630555555556
2024-01-05 00:00:00+00:00,349.22333333333336,349.22333333333336
2024-01-05 01:00:00+00:00,1199.9130555555555,690.1135738928108
2024-01-05 02:00:00+00:00,371.57972222222224,371.57972222222224
2024-01-05 03:00:00+00:00,6126.691111111111,488.3367089261732
2024-01-05 04:00:00+00:00,11210.21277777778,11210.21277777778
2024-01-05 05:00:00+00:00,35062.68444444444,5904.3209524173135
2024-01-05 06:00:00+00:00,101130.82138888889,7707.86170910758
2024-01-05 07:00:00+00:00,41255.00361111111,8558.410242895177
2024-01-05 08:00:00+00:00,57545.74055555555,8825.469247758678
2024-01-05 09:00:00+00:00,89677.68305555555,8735.274518350272
2024-01-05 10:00:00+00:00,28652.053888888888,8426.343677453182
2024-01-05 11:00:00+00:00,85410.47361111111,7983.4870525003935
2024-01-05 12:00:00+00:00,32216.85361111111,7458.631549937216
2024-01-05 13:00:00+00:00,17135.661666666667,6883.57051020453
2024-01-05 14:00:00+00:00,763.8025,6277.770074568707
2024-01-05 15:00:00+00:00,65401.91583333333,5653.148797373126
2024-01-05 16:00:00+00:00,367.25,5017.004064149531
2024-01-05 17:00:00+00:00,2466.435833333333,4373.803852646287
2024-01-05 18:00:00+00:00,813.0366666666666,3726.2837761968344
2024-01-05 19:00:00+00:00,480.7816666666667,3076.1187715917245
2024-01-05 20:00:00+00:00,740.7461111111111,740.7461111111111
2024-01-05 21:00:00+00:00,758.9747222222222,758.9747222222222
2024-01-05 22:00:00+00:00,610.9422222222222,610.9422222222222
2024-01-05 23:00:00+00:00,594.8816666666667,594.8816666666667
2024-01-06 00:00:00+00:00,349.5466666666667,349.5466666666667
2024-01-06 01:00:00+00:00,422.1933333333333,682.056427063425
2024-01-06 02:00:00+00:00,454.81944444444446,454.81944444444446
2024-01-06 03:00:00+00:00,369.9588888888889,369.9588888888889
2024-01-06 04:00:00+00:00,343.89,343.89
2024-01-06 05:00:00+00:00,311.87805555555553,311.87805555555553
2024-01-06 06:00:00+00:00,774.5238888888889,774.5238888888889
2024-01-06 07:00:00+00:00,567.0230555555555,567.0230555555555
2024-01-06 08:00:00+00:00,819.0352777777778,819.0352777777778
2024-01-06 09:00:00+00:00,1364.9902777777777,651.375315560718
2024-01-06 10:00:00+00:00,1478.6369444444445,1478.6369444444445
2024-01-06 11:00:00+00:00,547.6341666666667,1090.223428731529
2024-01-06 12:00:00+00:00,729.2472222222223,729.2472222222223
2024-01-06 13:00:00+00:00,542.9513888888889,542.9513888888889
2024-01-06 14:00:00+00:00,863.6236111111111,794.3301886911597
2024-01-06 15:00:00+00:00,417.6125,417.6125
2024-01-06 16:00:00+00:00,678.6055555555556,573.7122760951211
2024-01-06 17:00:00+00:00,768.2402777777778,768.2402777777778
2024-01-06 18:00:00+00:00,536.8916666666667,536.8916666666667
2024-01-06 19:00:00+00:00,352.6063888888889,352.6063888888889
2024-01-06 20:00:00+00:00,2054.162222222222,2054.162222222222
2024-01-06 21:00:00+00:00,1176.2697222222223,1108.2429624170477
2024-01-06 22:00:00+00:00,339.93888888888887,1249.611781629169
2024-01-06 23:00:00+00:00,310.2263888888889,310.2263888888889
2024-01-07 00:00:00+00:00,981.5294444444444,800.3799262875373
2024-01-07 01:00:00+00:00,212.5702777777778,212.5702777777778
2024-01-07 02:00:00+00:00,465.2116666666666,444.51744440609986
2024-01-07 03:00:00+00:00,375.02777777777777,371.79020944516327
2024-01-07 04:00:00+00:00,345.6947222222222,345.6947222222222
2024-01-07 05:00:00+00:00,274.93638888888887,274.93638888888887
2024-01-07 06:00:00+00:00,1762.6305555555557,317.79936000806424
2024-01-07 07:00:00+00:00,1919.118055555556,1919.118055555556
2024-01-07 08:00:00+00:00,1240.6261111111112,1240.6261111111112
2024-01-07 09:00:00+00:00,1539.2311111111112,1169.0123602529468
2024-01-07 10:00:00+00:00,1236.7375,1236.7375
2024-01-07 11:00:00+00:00,1231.8313888888888,1231.8313888888888
2024-01-07 12:00:00+00:00,3065.333333333333,1219.573210497752
2024-01-07 13:00:00+00:00,714.2844444444445,714.2844444444445
2024-01-07 14:00:00+00:00,2524.08,965.1365657273943
2024-01-07 15:00:00+00:00,1150.9763888888888,929.5697955426054
2024-01-07 16:00:00+00:00,1191.6477777777775,1191.6477777777775
2024-01-07 17:00:00+00:00,964.2583333333332,964.2583333333332
2024-01-07 18:00:00+00:00,4013.024444444444,4013.024444444444
2024-01-07 19:00:00+00:00,1351.5197222222223,2180.6049927088516
2024-01-07 20:00:00+00:00,1074.5755555555556,1074.5755555555556
2024-01-07 21:00:00+00:00,472.8797222222222,472.8797222222222
2024-01-07 22:00:00+00:00,849.3261111111111,849.3261111111111
2024-01-07 23:00:00+00:00,871.1561111111112,871.1561111111112
2024-01-08 00:00:00+00:00,406.9819444444444,1029.996447232135
2024-01-08 01:00:00+00:00,390.5833333333333,390.5833333333333
2024-01-08 02:00:00+00:00,413.72527777777776,687.3266834058131
2024-01-08 03:00:00+00:00,440.5175,440.5175
2024-01-08 04:00:00+00:00,10743.392222222225,10743.392222222225
2024-01-08 05:00:00+00:00,135046.45194444444,4488.260569573348
2024-01-08 06:00:00+00:00,252541.9058333333,252541.9058333333
2024-01-08 07:00:00+00:00,83779.13888888889,130851.68872613118
2024-01-08 08:00:00+00:00,64743.16138888889,64743.16138888889
2024-01-08 09:00:00+00:00,114795.945,114795.945
2024-01-08 10:00:00+00:00,156867.39472222223,112971.96883129457
2024-01-08 11:00:00+00:00,69589.85583333333,69589.85583333333
2024-01-08 12:00:00+00:00,78971.82638888889,78971.82638888889
2024-01-08 13:00:00+00:00,35565.530277777776,86470.18047521837
2024-01-08 14:00:00+00:00,1942.2794444444444,1942.2794444444444
2024-01-08 15:00:00+00:00,7566.857222222222,42772.96802785111
2024-01-08 16:00:00+00:00,1230.3069444444443,1230.3069444444443
2024-01-08 17:00:00+00:00,929.6119444444444,16888.155221887537
2024-01-08 18:00:00+00:00,3137.444722222222,3137.444722222222
2024-01-08 19:00:00+00:00,1315.1302777777778,1315.1302777777778
2024-01-08 20:00:00+00:00,1201.125,5448.419250480409
2024-01-08 21:00:00+00:00,3608.840277777778,3764.965149910149
2024-01-08 22:00:00+00:00,689.5008333333334,689.5008333333334
2024-01-08 23:00:00+00:00,61.00555555555555,61.00555555555555
2024-01-09 00:00:00+00:00,61.9925,61.9925
2024-01-09 01:00:00+00:00,188.54,747.7556994415261
2024-01-09 02:00:00+00:00,502.6427777777778,672.2410825456105
2024-01-09 03:00:00+00:00,1534.9980555555555,1534.9980555555555
2024-01-09 04:00:00+00:00,19933.32305555556,19933.32305555556
2024-01-09 05:00:00+00:00,163294.4313888889,163294.4313888889
2024-01-09 06:00:00+00:00,176165.9,176165.9
2024-01-09 07:00:00+00:00,73346.21666666666,73346.21666666666
2024-01-09 08:00:00+00:00,178379.84722222222,95922.09987491592
2024-01-09 09:00:00+00:00,72057.24555555555,89619.4589098764
2024-01-09 10:00:00+00:00,92308.04194444444,92308.04194444444
2024-01-09 11:00:00+00:00,140438.02805555557,140438.02805555557
2024-01-09 12:00:00+00:00,35120.669444444444,109433.63151893042
2024-01-09 13:00:00+00:00,14802.782222222222,103640.5319496134
2024-01-09 14:00:00+00:00,2601.521111111111,2601.521111111111
2024-01-09 15:00:00+00:00,1418.3238888888889,1418.3238888888889
2024-01-09 16:00:00+00:00,1891.6830555555557,32011.98938462788
2024-01-09 17:00:00+00:00,22225.86472222222,22225.86472222222
2024-01-09 18:00:00+00:00,25526.88861111111,23424.640834603957
2024-01-09 19:00:00+00:00,13654.954444444444,13654.954444444444
2024-01-09 20:00:00+00:00,8111.311388888889,18334.720120557657
2024-01-09 21:00:00+00:00,1387.2525,15213.327199541076
2024-01-09 22:00:00+00:00,3542.8997222222224,3542.8997222222224
2024-01-09 23:00:00+00:00,18190.104722222222,8718.045181803564
2024-01-10 00:00:00+00:00,16029.36,16029.36
2024-01-10 01:00:00+00:00,3608.216388888889,11806.411946291433
2024-01-10 02:00:00+00:00,487.19944444444445,487.19944444444445
2024-01-10 03:00:00+00:00,779.8172222222222,779.8172222222222
2024-01-10 04:00:00+00:00,46170.030277777776,46170.030277777776
2024-01-10 05:00:00+00:00,110490.97944444444,20551.51003325307
2024-01-10 06:00:00+00:00,199033.82638888888,34922.63664603352
2024-01-10 07:00:00+00:00,180606.72777777776,48159.74524405513
2024-01-10 08:00:00+00:00,91955.45722222222,91955.45722222222
2024-01-10 09:00:00+00:00,37197.01222222222,72820.1937613933
2024-01-10 10:00:00+00:00,98596.11388888888,75867.00032201881
2024-01-10 11:00:00+00:00,63905.14333333333,73359.98225870047
2024-01-10 12:00:00+00:00,94061.27416666668,67452.51827811991
2024-01-10 13:00:00+00:00,63369.76388888889,59463.05977679514
2024-01-10 14:00:00+00:00,9872.143333333332,50198.85634792896
2024-01-10 15:00:00+00:00,52602.39444444444,40154.16353059325
2024-01-10 16:00:00+00:00,1738.016111111111,1738.016111111111
2024-01-10 17:00:00+00:00,4497.1177777777775,18816.44921997156
2024-01-10 18:00:00+00:00,1514.0455555555557,12096.052801111115
2024-01-10 19:00:00+00:00,975.1652777777778,975.1652777777778
2024-01-10 20:00:00+00:00,2051.964166666666,2051.964166666666
2024-01-10 21:00:00+00:00,1557.451388888889,3982.159958248606
2024-01-10 22:00:00+00:00,539.4188888888889,539.4188888888889
2024-01-10 23:00:00+00:00,2851.141111111111,2851.141111111111
2024-01-11 00:00:00+00:00,1256.233888888889,1256.233888888889
2024-01-11 01:00:00+00:00,4344.945277777778,4344.945277777778
2024-01-11 02:00:00+00:00,398.6252777777778,398.6252777777778
2024-01-11 03:00:00+00:00,540.9927777777777,1904.761819673436
2024-01-11 04:00:00+00:00,6962.010833333334,6962.010833333334
2024-01-11 05:00:00+00:00,67493.44583333333,67493.44583333333
2024-01-11 06:00:00+00:00,115295.75611111111,115295.75611111111
2024-01-11 07:00:00+00:00,77232.78638888888,77232.78638888888
2024-01-11 08:00:00+00:00,125196.88583333332,68110.2384987188
2024-01-11 09:00:00+00:00,66167.51944444445,66167.51944444445
2024-01-11 10:00:00+00:00,58817.05861111111,68209.21854767724
2024-01-11 11:00:00+00:00,46949.043333333335,46949.043333333335
2024-01-11 12:00:00+00:00,121756.81694444444,121756.81694444444
2024-01-11 13:00:00+00:00,48104.837222222224,48104.837222222224
2024-01-11 14:00:00+00:00,1010.7552777777778,1010.7552777777778
2024-01-11 15:00:00+00:00,1533.1733333333334,1533.1733333333334
2024-01-11 16:00:00+00:00,3327.3980555555554,3327.3980555555554
2024-01-11 17:00:00+00:00,634.5272222222222,634.5272222222222
2024-01-11 18:00:00+00:00,1915.8116666666667,1915.8116666666667
2024-01-11 19:00:00+00:00,112695.55,112695.55
2024-01-11 20:00:00+00:00,2715.6608333333334,48290.750352132345
2024-01-11 21:00:00+00:00,974.2913888888888,974.2913888888888
2024-01-11 22:00:00+00:00,1253.1141666666667,31973.133570283087
2024-01-11 23:00:00+00:00,893.31,893.31
2024-01-12 00:00:00+00:00,686.93,686.93
2024-01-12 01:00:00+00:00,678.0194444444444,678.0194444444444
2024-01-12 02:00:00+00:00,4115.7025,5132.15129205853
2024-01-12 03:00:00+00:00,6377.2575,3671.2385766464786
2024-01-12 04:00:00+00:00,2736.802222222222,2736.802222222222
2024-01-12 05:00:00+00:00,76039.34083333334,2924.1847494352805
2024-01-12 06:00:00+00:00,114930.3025,11741.674451867635
2024-01-12 07:00:00+00:00,71523.07305555555,71523.07305555555
2024-01-12 08:00:00+00:00,108507.58083333333,108507.58083333333
2024-01-12 09:00:00+00:00,54557.85166666667,68808.97712305568
2024-01-12 10:00:00+00:00,54225.5475,73992.87408496527
2024-01-12 11:00:00+00:00,29521.465,29521.465
2024-01-12 12:00:00+00:00,12759.339722222225,12759.339722222225
2024-01-12 13:00:00+00:00,1460.685277777778,1460.685277777778
2024-01-12 14:00:00+00:00,1756.815,23254.979454789667
2024-01-12 15:00:00+00:00,6621.987222222222,15248.685170686025
2024-01-12 16:00:00+00:00,1138.256111111111,10790.648102374445
2024-01-12 17:00:00+00:00,6041.049444444445,6041.049444444445
2024-01-12 18:00:00+00:00,1260.7116666666666,7549.719967167697
2024-01-12 19:00:00+00:00,1108.8530555555556,6439.68589804588
2024-01-12 20:00:00+00:00,1978.3238888888889,1978.3238888888889
2024-01-12 21:00:00+00:00,7110.290555555555,7110.290555555555
2024-01-12 22:00:00+00:00,1868.1002777777776,1868.1002777777776
2024-01-12 23:00:00+00:00,414.2441666666667,414.2441666666667
2024-01-13 00:00:00+00:00,630.4105555555556,630.4105555555556
2024-01-13 01:00:00+00:00,687.2858333333334,687.2858333333334
2024-01-13 02:00:00+00:00,254.17277777777775,1371.812748477044
2024-01-13 03:00:00+00:00,450.1361111111111,450.1361111111111
2024-01-13 04:00:00+00:00,442.6125,442.6125
2024-01-13 05:00:00+00:00,4516.469722222222,4516.469722222222
2024-01-13 06:00:00+00:00,991.7630555555556,991.7630555555556
2024-01-13 07:00:00+00:00,1996.5675,1996.5675
2024-01-13 08:00:00+00:00,2442.613888888889,1821.1965268871681
2024-01-13 09:00:00+00:00,926.5413888888888,1841.269017578233
2024-01-13 10:00:00+00:00,923.0588888888888,1805.634905846589
2024-01-13 11:00:00+00:00,903.2913888888888,1735.8932553287568
2024-01-13 12:00:00+00:00,2434.2663888888887,1645.268546942418
2024-01-13 13:00:00+00:00,5641.1725,1541.8577472267336
2024-01-13 14:00:00+00:00,1131.356388888889,1131.356388888889
2024-01-13 15:00:00+00:00,1113.5955555555556,1113.5955555555556
2024-01-13 16:00:00+00:00,6393.085,6393.085
2024-01-13 17:00:00+00:00,777.2519444444445,3235.952963454317
2024-01-13 18:00:00+00:00,1231.0908333333334,3754.6292806615347
2024-01-13 19:00:00+00:00,934.8761111111112,934.8761111111112
2024-01-13 20:00:00+00:00,1993.309166666667,2423.8509322732452
2024-01-13 21:00:00+00:00,903.7802777777778,1803.2251926746294
2024-01-13 22:00:00+00:00,599.7936111111111,599.7936111111111
2024-01-13 23:00:00+00:00,638.7052777777777,1077.4466643770565
2024-01-14 00:00:00+00:00,556.8222222222222,878.667750946634
2024-01-14 01:00:00+00:00,494.7280555555556,494.7280555555556
2024-01-14 02:00:00+00:00,602.9488888888889,602.9488888888889
2024-01-14 03:00:00+00:00,651.9616666666667,651.9616666666667
2024-01-14 04:00:00+00:00,506.6272222222222,638.4556802759871
2024-01-14 05:00:00+00:00,1225.996666666667,1225.996666666667
2024-01-14 06:00:00+00:00,649.7897222222222,937.6051803433586
2024-01-14 07:00:00+00:00,1443.91,1443.91
2024-01-14 08:00:00+00:00,862.1575,862.1575
2024-01-14 09:00:00+00:00,1116.0230555555556,1116.0230555555556
2024-01-14 10:00:00+00:00,750.4275,1097.8250467186879
2024-01-14 11:00:00+00:00,409.56166666666667,409.56166666666667
2024-01-14 12:00:00+00:00,3433.01,751.4302377941844
2024-01-14 13:00:00+00:00,14246.986666666666,894.5434667331083
2024-01-14 14:00:00+00:00,2141.243055555556,1257.8331289229802
2024-01-14 15:00:00+00:00,3253.461388888889,3253.461388888889
2024-01-14 16:00:00+00:00,1758.1055555555556,2336.5665753908875
2024-01-14 17:00:00+00:00,1202.6788888888889,1202.6788888888889
2024-01-14 18:00:00+00:00,4447.4925,1871.1689344639913
2024-01-14 19:00:00+00:00,9003.638888888889,9003.638888888889
2024-01-14 20:00:00+00:00,10615.137777777778,10615.137777777778
2024-01-14 21:00:00+00:00,2050.536666666667,7424.44365151069
2024-01-14 22:00:00+00:00,4254.777222222222,7669.372915387125
2024-01-14 23:00:00+00:00,539.5455555555556,6827.140721258539
2024-01-15 00:00:00+00:00,379.17027777777776,379.17027777777776
2024-01-15 01:00:00+00:00,3799.116666666667,3403.8508685362785
2024-01-15 02:00:00+00:00,313.5,313.5
2024-01-15 03:00:00+00:00,1523.606388888889,1523.606388888889
2024-01-15 04:00:00+00:00,11639.503333333334,11639.503333333334
2024-01-15 05:00:00+00:00,77930.13527777778,77930.13527777778
2024-01-15 06:00:00+00:00,263537.1741666667,263537.1741666667
2024-01-15 07:00:00+00:00,75808.63333333333,75808.63333333333
2024-01-15 08:00:00+00:00,173851.6875,104529.01770343047
2024-01-15 09:00:00+00:00,60203.58861111111,60203.58861111111
2024-01-15 10:00:00+00:00,105684.21333333332,78672.40135701608
2024-01-15 11:00:00+00:00,34849.38222222222,34849.38222222222
2024-01-15 12:00:00+00:00,576477.5175,576477.5175
2024-01-15 13:00:00+00:00,30968.784444444445,30968.784444444445
2024-01-15 14:00:00+00:00,79215.89055555555,79215.89055555555
2024-01-15 15:00:00+00:00,9647.7625,134317.53612404392
2024-01-15 16:00:00+00:00,2402.006388888889,2402.006388888889
2024-01-15 17:00:00+00:00,1759.4133333333334,60971.572149579224
2024-01-15 18:00:00+00:00,3410.485277777778,3410.485277777778
2024-01-15 19:00:00+00:00,804.6291666666667,804.6291666666667
2024-01-15 20:00:00+00:00,789.5041666666667,15538.571043118442
2024-01-15 21:00:00+00:00,516.5277777777778,9799.333512958334
2024-01-15 22:00:00+00:00,390.5786111111111,6258.903237524422
2024-01-15 23:00:00+00:00,380.9608333333333,4064.7389424647363
2024-01-16 00:00:00+00:00,1302.475,2694.8543044860708
2024-01-16 01:00:00+00:00,395.1461111111111,395.1461111111111
2024-01-16 02:00:00+00:00,594.1130555555555,594.1130555555555
2024-01-16 03:00:00+00:00,733.6086111111111,1010.0530035813061
2024-01-16 04:00:00+00:00,4197.475555555556,4197.475555555556
2024-01-16 05:00:00+00:00,33803.397777777776,33803.397777777776
2024-01-16 06:00:00+00:00,68302.81166666666,14683.079488336552
2024-01-16 07:00:00+00:00,80505.21777777778,27673.76981100348
2024-01-16 08:00:00+00:00,87993.24305555556,41204.78212866743
2024-01-16 09:00:00+00:00,44631.31166666667,55066.61795018734
2024-01-16 10:00:00+00:00,105724.6288888889,105724.6288888889
2024-01-16 11:00:00+00:00,34353.163611111115,34353.163611111115
2024-01-16 12:00:00+00:00,40538.29833333333,64333.780499899134
2024-01-16 13:00:00+00:00,11718.545277777775,11718.545277777775
2024-01-16 14:00:00+00:00,14396.392777777775,34129.3994086663
2024-01-16 15:00:00+00:00,1672.82,1672.82
2024-01-16 16:00:00+00:00,806.3283333333334,806.3283333333334
2024-01-16 17:00:00+00:00,1603.4386111111112,9516.54608673541
2024-01-16 18:00:00+00:00,997.88,6157.60955998182
2024-01-16 19:00:00+00:00,947.6686111111112,947.6686111111112
2024-01-16 20:00:00+00:00,635.165,635.165
2024-01-16 21:00:00+00:00,6123.241111111111,2015.468781817815
2024-01-16 22:00:00+00:00,806.9852777777778,1543.5860794141317
2024-01-16 23:00:00+00:00,2278.738611111111,1317.9670342758973
2024-01-17 00:00:00+00:00,1288.2094444444444,1288.2094444444444
2024-01-17 01:00:00+00:00,2598.3275,2598.3275
2024-01-17 02:00:00+00:00,686.695,686.695
2024-01-17 03:00:00+00:00,3117.3741666666665,3117.3741666666665
2024-01-17 04:00:00+00:00,4588.655277777778,4588.655277777778
2024-01-17 05:00:00+00:00,70241.57805555555,70241.57805555555
2024-01-17 06:00:00+00:00,96823.51277777778,29088.28773051634
2024-01-17 07:00:00+00:00,73558.89333333333,73558.89333333333
2024-01-17 08:00:00+00:00,93874.77888888888,56494.1815181663
2024-01-17 09:00:00+00:00,66222.91666666667,61639.67444723588
2024-01-17 10:00:00+00:00,62177.30722222223,62177.30722222223
2024-01-17 11:00:00+00:00,39557.79944444444,39557.79944444444
2024-01-17 12:00:00+00:00,18386.17,18386.17
2024-01-17 13:00:00+00:00,5597.320833333333,5597.320833333333
2024-01-17 14:00:00+00:00,1466.9322222222222,1466.9322222222222
2024-01-17 15:00:00+00:00,1126.0,1126.0
2024-01-17 16:00:00+00:00,8556.176388888889,10800.199561358953
2024-01-17 17:00:00+00:00,1088.6577777777777,10375.90755943448
2024-01-17 18:00:00+00:00,26865.69722222222,26865.69722222222
2024-01-17 19:00:00+00:00,14093.419722222225,18647.246923024093
2024-01-17 20:00:00+00:00,3131.9975,3131.9975
2024-01-17 21:00:00+00:00,1747.9883333333332,11765.422626830645
2024-01-17 22:00:00+00:00,724.8655555555556,8141.196063541758
2024-01-17 23:00:00+00:00,990.3144444444443,990.3144444444443
2024-01-18 00:00:00+00:00,1169.401111111111,3840.4821084309024
2024-01-18 01:00:00+00:00,588.9577777777778,588.9577777777778
2024-01-18 02:00:00+00:00,514.6358333333334,514.6358333333334
2024-01-18 03:00:00+00:00,12567.064444444444,1335.617717261956
2024-01-18 04:00:00+00:00,5411.785,5411.785
2024-01-18 05:00:00+00:00,63480.57083333333,63480.57083333333
2024-01-18 06:00:00+00:00,130878.51583333334,130878.51583333334
2024-01-18 07:00:00+00:00,49310.639444444445,49310.639444444445
2024-01-18 08:00:00+00:00,198785.64111111112,198785.64111111112
2024-01-18 09:00:00+00:00,52734.405,52734.405
2024-01-18 10:00:00+00:00,35020.20361111111,90195.1969857793
2024-01-18 11:00:00+00:00,62538.895,62538.895
2024-01-18 12:00:00+00:00,15283.651666666668,15283.651666666668
2024-01-18 13:00:00+00:00,20493.45833333333,20493.45833333333
2024-01-18 14:00:00+00:00,4379.745277777778,4379.745277777778
2024-01-18 15:00:00+00:00,2140.0441666666666,2140.0441666666666
2024-01-18 16:00:00+00:00,4393.224722222222,4393.224722222222
2024-01-18 17:00:00+00:00,2082.046388888889,2082.046388888889
2024-01-18 18:00:00+00:00,1963.8041666666663,7957.120710245882
2024-01-18 19:00:00+00:00,1172.6597222222222,5590.021352652816
2024-01-18 20:00:00+00:00,1392.161111111111,1392.161111111111
2024-01-18 21:00:00+00:00,3835.5422222222223,3835.5422222222223
2024-01-18 22:00:00+00:00,959.8408333333332,959.8408333333332
2024-01-18 23:00:00+00:00,511.8352777777778,2414.9833261188674
2024-01-19 00:00:00+00:00,840.8186111111111,840.8186111111111
2024-01-19 01:00:00+00:00,1377.986111111111,1377.986111111111
2024-01-19 02:00:00+00:00,27074.842777777776,27074.842777777776
2024-01-19 03:00:00+00:00,827.1372222222222,827.1372222222222
2024-01-19 04:00:00+00:00,19498.96638888889,19498.96638888889
2024-01-19 05:00:00+00:00,57711.87527777778,57711.87527777778
2024-01-19 06:00:00+00:00,75169.25972222222,75169.25972222222
2024-01-19 07:00:00+00:00,47910.094722222224,47910.094722222224
2024-01-19 08:00:00+00:00,89617.12166666667,89617.12166666667
2024-01-19 09:00:00+00:00,63559.33583333333,63559.33583333333
2024-01-19 10:00:00+00:00,57556.615,63750.47502096169
2024-01-19 11:00:00+00:00,14800.004722222222,56878.29672381026
2024-01-19 12:00:00+00:00,10960.211666666666,10960.211666666666
2024-01-19 13:00:00+00:00,3090.7444444444445,3090.7444444444445
2024-01-19 14:00:00+00:00,2455.3097222222223,2455.3097222222223
2024-01-19 15:00:00+00:00,813.0677777777778,13807.726167290737
2024-01-19 16:00:00+00:00,709.525,709.525
2024-01-19 17:00:00+00:00,1200.013611111111,5826.944281100614
2024-01-19 18:00:00+00:00,2790.895555555556,2790.895555555556
2024-01-19 19:00:00+00:00,733.7416666666667,733.7416666666667
2024-01-19 20:00:00+00:00,416.8655555555556,416.8655555555556
2024-01-19 21:00:00+00:00,325.3305555555556,325.3305555555556
2024-01-19 22:00:00+00:00,294.4886111111111,1176.8608532013386
2024-01-19 23:00:00+00:00,311.1413888888889,311.1413888888889
2024-01-20 00:00:00+00:00,256.8786111111111,256.8786111111111
2024-01-20 01:00:00+00:00,186.98666666666668,186.98666666666668
2024-01-20 02:00:00+00:00,376.85833333333335,376.85833333333335
2024-01-20 03:00:00+00:00,174.31527777777777,374.1370959979725
2024-01-20 04:00:00+00:00,145.60305555555556,371.3509891744979
2024-01-20 05:00:00+00:00,291.5275,365.8039273074258
2024-01-20 06:00:00+00:00,413.58972222222224,358.56641265484984
2024-01-20 07:00:00+00:00,316.68,350.2938827358557
2024-01-20 08:00:00+00:00,317.4166666666667,317.4166666666667
2024-01-20 09:00:00+00:00,178.33583333333334,178.33583333333334
2024-01-20 10:00:00+00:00,2018.5933333333328,272.4771374919485
2024-01-20 11:00:00+00:00,431.0547222222222,233.27674820027394
2024-01-20 12:00:00+00:00,402.5905555555556,206.57640721281402
2024-01-20 13:00:00+00:00,150.49083333333334,150.49083333333334
2024-01-20 14:00:00+00:00,221.7838888888889,173.16852588251706
2024-01-20 15:00:00+00:00,378.2111111111111,378.2111111111111
2024-01-20 16:00:00+00:00,270.4766666666667,270.4766666666667
2024-01-20 17:00:00+00:00,737.1744444444445,272.8272280173343
2024-01-20 18:00:00+00:00,683.6841666666667,683.6841666666667
2024-01-20 19:00:00+00:00,1732.290277777778,1732.290277777778
2024-01-20 20:00:00+00:00,1084.5733333333333,1084.5733333333333
2024-01-20 21:00:00+00:00,587.7294444444444,1011.9296518312955
2024-01-20 22:00:00+00:00,272.5911111111111,272.5911111111111
2024-01-20 23:00:00+00:00,524.85,524.85
2024-01-21 00:00:00+00:00,274.395,274.395
2024-01-21 01:00:00+00:00,325.9952777777778,325.9952777777778
2024-01-21 02:00:00+00:00,215.1511111111111,416.1286751899563
2024-01-21 03:00:00+00:00,277.61583333333334,277.61583333333334
2024-01-21 04:00:00+00:00,558.3063888888889,558.3063888888889
2024-01-21 05:00:00+00:00,212.80055555555555,421.7559179928942
2024-01-21 06:00:00+00:00,4852.952777777778,4852.952777777778
2024-01-21 07:00:00+00:00,562.8427777777778,562.8427777777778
2024-01-21 08:00:00+00:00,837.6044444444444,837.6044444444444
2024-01-21 09:00:00+00:00,647.8319444444444,1463.8116171459426
2024-01-21 10:00:00+00:00,444.4436111111111,1217.0849009426663
2024-01-21 11:00:00+00:00,807.2116666666667,807.2116666666667
2024-01-21 12:00:00+00:00,1582.5933333333332,1582.5933333333332
2024-01-21 13:00:00+00:00,469.4655555555556,469.4655555555556
2024-01-21 14:00:00+00:00,883.5752777777777,883.5752777777777
2024-01-21 15:00:00+00:00,373.4527777777778,373.4527777777778
2024-01-21 16:00:00+00:00,533.045,533.045
2024-01-21 17:00:00+00:00,855.6088888888889,634.6560881720545
2024-01-21 18:00:00+00:00,663.5411111111111,607.5051604653512
2024-01-21 19:00:00+00:00,1340.9558333333334,603.1280689754086
2024-01-21 20:00:00+00:00,659.3872222222222,659.3872222222222
2024-01-21 21:00:00+00:00,1836.375555555556,630.7987666291024
2024-01-21 22:00:00+00:00,386.26,682.1685945935775
2024-01-21 23:00:00+00:00,971.0888888888888,971.0888888888888
2024-01-22 00:00:00+00:00,237.98583333333332,838.1141638603135
2024-01-22 01:00:00+00:00,1225.5666666666666,803.4216844562047
2024-01-22 02:00:00+00:00,303.7363888888889,303.7363888888889
2024-01-22 03:00:00+00:00,1526.4563888888888,543.8650839115818
2024-01-22 04:00:00+00:00,12924.25222222222,12924.25222222222
2024-01-22 05:00:00+00:00,52632.29916666666,52632.29916666666
2024-01-22 06:00:00+00:00,154755.9336111111,24561.399289064822
2024-01-22 07:00:00+00:00,96071.47555555556,96071.47555555556
2024-01-22 08:00:00+00:00,63465.73611111111,63465.73611111111
2024-01-22 09:00:00+00:00,139471.26222222223,139471.26222222223
2024-01-22 10:00:00+00:00,143642.62972222222,143642.62972222222
2024-01-22 11:00:00+00:00,94540.49583333332,94540.49583333332
2024-01-22 12:00:00+00:00,78590.28666666667,78590.28666666667
2024-01-22 13:00:00+00:00,72899.44083333333,72899.44083333333
2024-01-22 14:00:00+00:00,427341.4477777778,86541.15953958244
2024-01-22 15:00:00+00:00,3438.3975,3438.3975
2024-01-22 16:00:00+00:00,6473.546388888889,6473.546388888889
2024-01-22 17:00:00+00:00,1303.8983333333333,1303.8983333333333
2024-01-22 18:00:00+00:00,1306.1988888888889,18100.705617941305
2024-01-22 19:00:00+00:00,1074.3302777777778,11529.50353402222
2024-01-22 20:00:00+00:00,850.5408333333334,850.5408333333334
2024-01-22 21:00:00+00:00,3065.703055555556,3065.703055555556
2024-01-22 22:00:00+00:00,648.1919444444444,648.1919444444444
2024-01-22 23:00:00+00:00,897.6941666666667,2812.1365313168703
2024-01-23 00:00:00+00:00,907.5219444444444,1913.8927389098085
2024-01-23 01:00:00+00:00,189.98694444444445,189.98694444444445
2024-01-23 02:00:00+00:00,490.1586111111111,872.4960888746396
2024-01-23 03:00:00+00:00,2085.7502777777777,2085.7502777777777
2024-01-23 04:00:00+00:00,10741.179722222225,1405.908054377573
2024-01-23 05:00:00+00:00,147973.88805555555,9727.931651567875
2024-01-23 06:00:00+00:00,107837.95666666668,22881.69467404759
2024-01-23 07:00:00+00:00,85220.41055555556,85220.41055555556
2024-01-23 08:00:00+00:00,115035.07555555557,115035.07555555557
2024-01-23 09:00:00+00:00,65093.13277777778,65093.13277777778
2024-01-23 10:00:00+00:00,85609.74333333333,85609.74333333333
2024-01-23 11:00:00+00:00,56178.27972222222,78430.50119195216
2024-01-23 12:00:00+00:00,103687.70833333331,103687.70833333331
2024-01-23 13:00:00+00:00,41538.77222222222,92073.58107051029
2024-01-23 14:00:00+00:00,3031.3347222222224,83398.14902150689
2024-01-23 15:00:00+00:00,1720.355,1720.355
2024-01-23 16:00:00+00:00,2050.461111111111,40408.23839002305
2024-01-23 17:00:00+00:00,1816.9675,1816.9675
2024-01-23 18:00:00+00:00,5505.480555555556,5505.480555555556
2024-01-23 19:00:00+00:00,2395.505277777778,2395.505277777778
2024-01-23 20:00:00+00:00,700.86,700.86
2024-01-23 21:00:00+00:00,5584.358055555555,5584.358055555555
2024-01-23 22:00:00+00:00,1594.4869444444444,5456.534282076613
2024-01-23 23:00:00+00:00,419.7319444444444,5006.245681492974
2024-01-24 00:00:00+00:00,419.6802777777778,4230.697435929973
2024-01-24 01:00:00+00:00,427.6675,427.6675
2024-01-24 02:00:00+00:00,342.3961111111111,342.3961111111111
2024-01-24 03:00:00+00:00,854.9477777777778,1454.8795568424491
2024-01-24 04:00:00+00:00,8913.854722222222,8913.854722222222
2024-01-24 05:00:00+00:00,125348.3775,125348.3775
2024-01-24 06:00:00+00:00,146316.58055555556,146316.58055555556
2024-01-24 07:00:00+00:00,97527.68388888887,97527.68388888887
2024-01-24 08:00:00+00:00,55053.195,55053.195
2024-01-24 09:00:00+00:00,114132.87527777778,114132.87527777778
2024-01-24 10:00:00+00:00,118908.93083333332,118908.93083333332
2024-01-24 11:00:00+00:00,96292.45861111111,102303.43352387709
2024-01-24 12:00:00+00:00,73392.78555555556,73392.78555555556
2024-01-24 13:00:00+00:00,32834.60666666667,89633.3457859147
2024-01-24 14:00:00+00:00,2635.756388888889,2635.756388888889
2024-01-24 15:00:00+00:00,19411.33722222222,43647.73854974193
2024-01-24 16:00:00+00:00,14672.723055555556,28206.084611992643
2024-01-24 17:00:00+00:00,6114.83,19211.48697148834
2024-01-24 18:00:00+00:00,7380.098333333333,7380.098333333333
2024-01-24 19:00:00+00:00,1004.1152777777778,11533.828746862202
2024-01-24 20:00:00+00:00,891.2825,9074.205883563123
2024-01-24 21:00:00+00:00,810.2933333333333,810.2933333333333
2024-01-24 22:00:00+00:00,2288.996111111111,2288.996111111111
2024-01-24 23:00:00+00:00,629.8727777777777,629.8727777777777
2024-01-25 00:00:00+00:00,269.4561111111111,269.4561111111111
2024-01-25 01:00:00+00:00,688.2775,688.2775
2024-01-25 02:00:00+00:00,2161.759722222222,1248.382365019107
2024-01-25 03:00:00+00:00,520.1,1432.0494873251835
2024-01-25 04:00:00+00:00,3789.691388888889,3789.691388888889
2024-01-25 05:00:00+00:00,126410.42777777778,2660.448191047144
2024-01-25 06:00:00+00:00,111407.82305555556,111407.82305555556
2024-01-25 07:00:00+00:00,104932.42888888888,104932.42888888888
2024-01-25 08:00:00+00:00,113049.525,113049.525
2024-01-25 09:00:00+00:00,95059.60527777778,95059.60527777778
2024-01-25 10:00:00+00:00,30052.166666666668,30052.166666666668
2024-01-25 11:00:00+00:00,39188.54861111111,39188.54861111111
2024-01-25 12:00:00+00:00,67732.7663888889,67732.7663888889
2024-01-25 13:00:00+00:00,20102.97638888889,61102.06608266614
2024-01-25 14:00:00+00:00,3537.787222222222,59627.94941013507
2024-01-25 15:00:00+00:00,36434.88888888889,36434.88888888889
2024-01-25 16:00:00+00:00,563.7219444444445,47606.06176970887
2024-01-25 17:00:00+00:00,1538.6794444444445,1538.6794444444445
2024-01-25 18:00:00+00:00,12703.593611111111,22950.323433193866
2024-01-25 19:00:00+00:00,1589.8083333333334,1589.8083333333334
2024-01-25 20:00:00+00:00,1476.3602777777778,1476.3602777777778
2024-01-25 21:00:00+00:00,1969.8211111111111,1969.8211111111111
2024-01-25 22:00:00+00:00,4111.535833333333,4111.535833333333
2024-01-25 23:00:00+00:00,1944.1447222222223,4477.8212228759785
2024-01-26 00:00:00+00:00,1680.3425,1680.3425
2024-01-26 01:00:00+00:00,1679.1441666666667,3017.6264436945658
2024-01-26 02:00:00+00:00,518.1369444444445,518.1369444444445
2024-01-26 03:00:00+00:00,780.2386111111111,780.2386111111111
2024-01-26 04:00:00+00:00,6037.364166666666,6037.364166666666
2024-01-26 05:00:00+00:00,60884.53888888889,60884.53888888889
2024-01-26 06:00:00+00:00,70662.18,70662.18
2024-01-26 07:00:00+00:00,84759.53972222222,43022.32049422613
2024-01-26 08:00:00+00:00,114490.6075,114490.6075
2024-01-26 09:00:00+00:00,92838.81361111112,92838.81361111112
2024-01-26 10:00:00+00:00,127147.58527777778,127147.58527777778
2024-01-26 11:00:00+00:00,177302.7422222222,177302.7422222222
2024-01-26 12:00:00+00:00,41672.56472222223,131358.8487811129
2024-01-26 13:00:00+00:00,14780.786944444444,135473.24192881185
2024-01-26 14:00:00+00:00,1615.6466666666668,124292.9802739777
2024-01-26 15:00:00+00:00,4860.500277777778,103748.24458534215
2024-01-26 16:00:00+00:00,640.8675,640.8675
2024-01-26 17:00:00+00:00,745.7875,745.7875
2024-01-26 18:00:00+00:00,1390.288611111111,1390.288611111111
2024-01-26 19:00:00+00:00,1610.6861111111111,1610.6861111111111
2024-01-26 20:00:00+00:00,954.2016666666668,954.2016666666668
2024-01-26 21:00:00+00:00,3215.8811111111117,3215.8811111111117
2024-01-26 22:00:00+00:00,4368.7975,5974.540770840348
2024-01-26 23:00:00+00:00,692.8619444444445,692.8619444444445
2024-01-27 00:00:00+00:00,593.5858333333333,2972.3119281862582
2024-01-27 01:00:00+00:00,393.125,393.125
2024-01-27 02:00:00+00:00,549.9388888888889,549.9388888888889
2024-01-27 03:00:00+00:00,2760.5944444444444,2760.5944444444444
2024-01-27 04:00:00+00:00,615.8611111111111,615.8611111111111
2024-01-27 05:00:00+00:00,799.6613888888888,1294.3936882874818
2024-01-27 06:00:00+00:00,697.6094444444444,697.6094444444444
2024-01-27 07:00:00+00:00,8688.575833333334,8688.575833333334
2024-01-27 08:00:00+00:00,1680.824722222222,1680.824722222222
2024-01-27 09:00:00+00:00,1537.878333333333,1537.878333333333
2024-01-27 10:00:00+00:00,1142.1319444444443,1142.1319444444443
2024-01-27 11:00:00+00:00,695.0605555555555,695.0605555555555
2024-01-27 12:00:00+00:00,1187.8991666666666,1187.8991666666666
2024-01-27 13:00:00+00:00,684.5319444444444,684.5319444444444
2024-01-27 14:00:00+00:00,2566.460833333333,2566.460833333333
2024-01-27 15:00:00+00:00,966.56,966.56
2024-01-27 16:00:00+00:00,1274.8075,1274.8075
2024-01-27 17:00:00+00:00,1010.1675,1348.5241934902842
2024-01-27 18:00:00+00:00,866.5016666666667,866.5016666666667
2024-01-27 19:00:00+00:00,4548.260277777777,1095.665179017667
2024-01-27 20:00:00+00:00,1032.3052777777775,994.8658088781956
2024-01-27 21:00:00+00:00,774.0708333333333,774.0708333333333
2024-01-27 22:00:00+00:00,1881.6686111111112,864.1557418301727
2024-01-27 23:00:00+00:00,1122.9475,974.8716772816049
2024-01-28 00:00:00+00:00,1040.84,1188.3043013322258
2024-01-28 01:00:00+00:00,2276.6097222222224,2276.6097222222224
2024-01-28 02:00:00+00:00,709.5877777777778,709.5877777777778
2024-01-28 03:00:00+00:00,416.3197222222222,416.3197222222222
2024-01-28 04:00:00+00:00,500.6947222222222,996.9471471411832
2024-01-28 05:00:00+00:00,4870.811944444445,4870.811944444445
2024-01-28 06:00:00+00:00,1349.1230555555555,1349.1230555555555
2024-01-28 07:00:00+00:00,1837.7041666666669,1837.7041666666669
2024-01-28 08:00:00+00:00,7632.294166666667,7632.294166666667
2024-01-28 09:00:00+00:00,2496.110833333333,4254.915032919734
2024-01-28 10:00:00+00:00,660.3647222222222,660.3647222222222
2024-01-28 11:00:00+00:00,602.1630555555555,602.1630555555555
2024-01-28 12:00:00+00:00,1218.5580555555557,1218.5580555555557
2024-01-28 13:00:00+00:00,556.0358333333334,556.0358333333334
2024-01-28 14:00:00+00:00,448.915,448.915
2024-01-28 15:00:00+00:00,1192.9272222222223,1192.9272222222223
2024-01-28 16:00:00+00:00,1254.2719444444444,1035.1477455917563
2024-01-28 17:00:00+00:00,2166.0377777777776,2166.0377777777776
2024-01-28 18:00:00+00:00,1589.2997222222225,1589.2997222222225
2024-01-28 19:00:00+00:00,1704.6952777777778,1612.1305987327855
2024-01-28 20:00:00+00:00,2194.472222222222,2194.472222222222
2024-01-28 21:00:00+00:00,1194.4280555555556,1904.3339045232947
2024-01-28 22:00:00+00:00,940.9363888888888,940.9363888888888
2024-01-28 23:00:00+00:00,870.4541666666667,1450.8825207240934
2024-01-29 00:00:00+00:00,729.2011111111111,729.2011111111111
2024-01-29 01:00:00+00:00,510.6122222222222,1024.8744872196671
2024-01-29 02:00:00+00:00,2471.611388888889,2471.611388888889
2024-01-29 03:00:00+00:00,1235.5936111111112,1235.5936111111112
2024-01-29 04:00:00+00:00,48757.96,1533.6784800708942
2024-01-29 05:00:00+00:00,59223.47305555556,59223.47305555556
2024-01-29 06:00:00+00:00,251602.19472222225,251602.19472222225
2024-01-29 07:00:00+00:00,155425.79555555555,155425.79555555555
2024-01-29 08:00:00+00:00,83774.08777777778,131506.15506886275
2024-01-29 09:00:00+00:00,84003.91833333333,84003.91833333333
2024-01-29 10:00:00+00:00,100954.19694444444,110288.96393234095
2024-01-29 11:00:00+00:00,71722.86333333333,96366.24946181601
2024-01-29 12:00:00+00:00,55133.951944444445,55133.951944444445
2024-01-29 13:00:00+00:00,39977.43916666666,39977.43916666666
2024-01-29 14:00:00+00:00,8922.527222222223,8922.527222222223
2024-01-29 15:00:00+00:00,6068.493888888889,40269.22752675756
2024-01-29 16:00:00+00:00,2302.070833333333,2302.070833333333
2024-01-29 17:00:00+00:00,3768.761388888889,3768.761388888889
2024-01-29 18:00:00+00:00,16614.049722222222,16614.049722222222
2024-01-29 19:00:00+00:00,2058.8094444444446,2058.8094444444446
2024-01-29 20:00:00+00:00,2256.9222222222224,9265.729772776504
2024-01-29 21:00:00+00:00,3799.006388888889,6338.908933884835
2024-01-29 22:00:00+00:00,1033.693611111111,1033.693611111111
2024-01-29 23:00:00+00:00,765.7963888888889,765.7963888888889
2024-01-30 00:00:00+00:00,1182.4580555555556,2197.171760372701
2024-01-30 01:00:00+00:00,818.4197222222223,1639.6351269183663
2024-01-30 02:00:00+00:00,586.3736111111111,1295.7206651388215
2024-01-30 03:00:00+00:00,739.4797222222222,739.4797222222222
2024-01-30 04:00:00+00:00,4279.050555555556,949.5628605725666
2024-01-30 05:00:00+00:00,35145.190833333334,35145.190833333334
2024-01-30 06:00:00+00:00,83839.61722222222,83839.61722222222
2024-01-30 07:00:00+00:00,82161.4713888889,43676.219930673644
2024-01-30 08:00:00+00:00,106935.52666666669,106935.52666666669
2024-01-30 09:00:00+00:00,144482.96027777778,144482.96027777778
2024-01-30 10:00:00+00:00,58946.01805555556,58946.01805555556
2024-01-30 11:00:00+00:00,61624.982777777775,87324.54049089292
2024-01-30 12:00:00+00:00,46647.71611111111,46647.71611111111
2024-01-30 13:00:00+00:00,36524.36722222222,63356.25274128128
2024-01-30 14:00:00+00:00,4510.443611111111,4510.443611111111
2024-01-30 15:00:00+00:00,1801.7477777777776,1801.7477777777776
2024-01-30 16:00:00+00:00,941.2069444444444,20029.154165266853
2024-01-30 17:00:00+00:00,4325.296388888889,13563.355006223523
2024-01-30 18:00:00+00:00,6455.7283333333335,6455.7283333333335
2024-01-30 19:00:00+00:00,4513.460277777778,8751.928087137758
2024-01-30 20:00:00+00:00,5794.465,7500.351808928906
2024-01-30 21:00:00+00:00,3660.426944444445,3660.426944444445
2024-01-30 22:00:00+00:00,5616.682222222223,5321.118958638146
2024-01-30 23:00:00+00:00,1383.1694444444445,4296.685174807537
2024-01-31 00:00:00+00:00,716.0863888888889,716.0863888888889
2024-01-31 01:00:00+00:00,1355.2080555555556,2291.3570569579256
2024-01-31 02:00:00+00:00,575.0002777777778,575.0002777777778
2024-01-31 03:00:00+00:00,2509.748055555556,2509.748055555556
2024-01-31 04:00:00+00:00,7015.296111111111,7015.296111111111
2024-01-31 05:00:00+00:00,52214.45111111111,3778.8701468348304
2024-01-31 06:00:00+00:00,162783.13472222222,162783.13472222222
2024-01-31 07:00:00+00:00,104777.92805555556,84687.01193042495
2024-01-31 08:00:00+00:00,62916.25194444445,62916.25194444445
2024-01-31 09:00:00+00:00,203983.0975,82931.54339893814
2024-01-31 10:00:00+00:00,88001.6686111111,88001.6686111111
2024-01-31 11:00:00+00:00,34309.445555555554,83123.42234589258
2024-01-31 12:00:00+00:00,10773.639444444443,110405.13162351695
2024-01-31 13:00:00+00:00,284455.4322222222,284455.4322222222
2024-01-31 14:00:00+00:00,5600.6466666666665,203662.4564098443
2024-01-31 15:00:00+00:00,8530.061666666666,198474.56565445292
2024-01-31 16:00:00+00:00,1935.908055555556,1935.908055555556
2024-01-31 17:00:00+00:00,8206.06388888889,8206.06388888889
2024-01-31 18:00:00+00:00,4418.429166666667,63165.77340242292
2024-01-31 19:00:00+00:00,5987.013333333333,5987.013333333333
2024-01-31 20:00:00+00:00,1431.8630555555555,1431.8630555555555
2024-01-31 21:00:00+00:00,1516.9780555555556,1516.9780555555556
2024-01-31 22:00:00+00:00,4531.276111111111,4531.276111111111
2024-01-31 23:00:00+00:00,8379.71,8379.71
2024-02-01 00:00:00+00:00,5809.579166666666,5809.579166666666
2024-02-01 01:00:00+00:00,554.7,554.7
2024-02-01 02:00:00+00:00,2068.1441666666665,2068.1441666666665
2024-02-01 03:00:00+00:00,1106.2202777777777,3743.494782344613
2024-02-01 04:00:00+00:00,5638.708611111111,12308.029848991331
2024-02-01 05:00:00+00:00,33605.091944444444,26765.963583925884
2024-02-01 06:00:00+00:00,97125.44166666668,97125.44166666668
2024-02-01 07:00:00+00:00,46128.5175,46128.5175
2024-02-01 08:00:00+00:00,72929.18277777778,72929.18277777778
2024-02-01 09:00:00+00:00,57181.16111111111,57181.16111111111
2024-02-01 10:00:00+00:00,68787.97611111111,68787.97611111111
2024-02-01 11:00:00+00:00,66031.91027777777,64100.77272840624
2024-02-01 12:00:00+00:00,160793.60972222223,160793.60972222223
2024-02-01 13:00:00+00:00,42840.526666666665,42840.526666666665
2024-02-01 14:00:00+00:00,6701.035833333333,86179.7815698779
2024-02-01 15:00:00+00:00,1376.695,1376.695
2024-02-01 16:00:00+00:00,841.4175,38088.97865487126
2024-02-01 17:00:00+00:00,1192.7483333333332,1192.7483333333332
2024-02-01 18:00:00+00:00,2164.543611111111,2164.543611111111
2024-02-01 19:00:00+00:00,3364.876388888889,10051.539251938448
2024-02-01 20:00:00+00:00,6156.656388888889,6879.3248630685985
2024-02-01 21:00:00+00:00,886.7188888888888,4822.872210465988
2024-02-01 22:00:00+00:00,2307.0516666666667,3449.5681442213545
2024-02-01 23:00:00+00:00,691.8952777777778,691.8952777777778
2024-02-02 00:00:00+00:00,1252.048888888889,1795.6000692193775
2024-02-02 01:00:00+00:00,3420.092222222222,1323.254070044899
2024-02-02 02:00:00+00:00,348.2969444444444,348.2969444444444
2024-02-02 03:00:00+00:00,730.4027777777778,730.4027777777778
2024-02-02 04:00:00+00:00,4888.824166666666,4888.824166666666
2024-02-02 05:00:00+00:00,18525.35722222222,18525.35722222222
2024-02-02 06:00:00+00:00,28881.644166666665,8619.63793822422
2024-02-02 07:00:00+00:00,40777.28,40777.28
2024-02-02 08:00:00+00:00,4226.523888888889,26080.907782633032
2024-02-02 09:00:00+00:00,5616.99,5616.99
2024-02-02 10:00:00+00:00,1814.9269444444444,1814.9269444444444
2024-02-02 11:00:00+00:00,5488.158888888889,5488.158888888889
2024-02-02 12:00:00+00:00,2038.6683333333333,2038.6683333333333
2024-02-02 13:00:00+00:00,762.5172222222222,762.5172222222222
2024-02-02 14:00:00+00:00,756.6636111111111,4192.7902484643455
2024-02-02 15:00:00+00:00,487675.4561111111,487675.4561111111
2024-02-02 16:00:00+00:00,581.0933333333334,581.0933333333334
2024-02-02 17:00:00+00:00,2607.4527777777776,2607.4527777777776
2024-02-02 18:00:00+00:00,757.6741666666667,757.6741666666667
2024-02-02 19:00:00+00:00,2079.143333333333,58065.121430474675
2024-02-02 20:00:00+00:00,1008.4288888888888,1008.4288888888888
2024-02-02 21:00:00+00:00,9925.510555555556,22367.838902502503
2024-02-02 22:00:00+00:00,10238.43888888889,14170.770627701224
2024-02-02 23:00:00+00:00,1729.9369444444444,9236.536991917008
2024-02-03 00:00:00+00:00,1881.1394444444445,1881.1394444444445
2024-02-03 01:00:00+00:00,551.1630555555555,4586.705751718457
2024-02-03 02:00:00+00:00,636.85,3395.6448999402396
2024-02-03 03:00:00+00:00,378.515,2524.3584352217667
2024-02-03 04:00:00+00:00,415.8436111111111,415.8436111111111
2024-02-03 05:00:00+00:00,539.3938888888889,539.3938888888889
2024-02-03 06:00:00+00:00,315.87833333333333,1000.9510281490006
2024-02-03 07:00:00+00:00,1116.513333333333,798.5534499705916
2024-02-03 08:00:00+00:00,358.0416666666667,358.0416666666667
2024-02-03 09:00:00+00:00,10779.092777777778,537.52959619447
2024-02-03 10:00:00+00:00,2228.9919444444445,2228.9919444444445
2024-02-03 11:00:00+00:00,571.6280555555555,571.6280555555555
2024-02-03 12:00:00+00:00,588.4330555555556,588.4330555555556
2024-02-03 13:00:00+00:00,347.2038888888889,878.4936837029595
2024-02-03 14:00:00+00:00,1017.2183333333334,1017.2183333333334
2024-02-03 15:00:00+00:00,394.3713888888889,914.3180307013401
2024-02-03 16:00:00+00:00,450.73083333333335,450.73083333333335
2024-02-03 17:00:00+00:00,5077.139166666667,5077.139166666667
2024-02-03 18:00:00+00:00,1409.3222222222223,1409.3222222222223
2024-02-03 19:00:00+00:00,771.0802777777777,771.0802777777777
2024-02-03 20:00:00+00:00,3753.9825,1530.2762152874773
2024-02-03 21:00:00+00:00,12155.50222222222,12155.50222222222
2024-02-03 22:00:00+00:00,1116.7913888888888,1116.7913888888888
2024-02-03 23:00:00+00:00,967.0666666666668,4609.348779583111
2024-02-04 00:00:00+00:00,908.7702777777778,908.7702777777778
2024-02-04 01:00:00+00:00,983.215,983.215
2024-02-04 02:00:00+00:00,275.7372222222222,275.7372222222222
2024-02-04 03:00:00+00:00,387.4130555555556,387.4130555555556
2024-02-04 04:00:00+00:00,483.5291666666666,483.5291666666666
2024-02-04 05:00:00+00:00,1281.8522222222225,1281.8522222222225
2024-02-04 06:00:00+00:00,1223.076111111111,945.9049302715734
2024-02-04 07:00:00+00:00,675.585,1055.432791091602
2024-02-04 08:00:00+00:00,324.5388888888889,1101.7648901317577
2024-02-04 09:00:00+00:00,1068.0055555555557,1068.0055555555557
2024-02-04 10:00:00+00:00,5411.8983333333335,5411.8983333333335
2024-02-04 11:00:00+00:00,4173.661666666667,4173.661666666667
2024-02-04 12:00:00+00:00,2109.487777777778,3312.8797837862344
2024-02-04 13:00:00+00:00,3946.228611111111,3324.477307852659
2024-02-04 14:00:00+00:00,1681.050277777778,1681.050277777778
2024-02-04 15:00:00+00:00,6498.488888888889,2494.37599472674
2024-02-04 16:00:00+00:00,905.3505555555556,2276.288043273084
2024-02-04 17:00:00+00:00,2433.6016666666665,2433.6016666666665
2024-02-04 18:00:00+00:00,13061.270555555557,2315.0778943608843
2024-02-04 19:00:00+00:00,2463.258611111111,2205.7986645270225
2024-02-04 20:00:00+00:00,1232.4972222222225,1232.4972222222225
2024-02-04 21:00:00+00:00,725.2155555555555,725.2155555555555
2024-02-04 22:00:00+00:00,664.0241666666667,1317.400616533209
2024-02-04 23:00:00+00:00,506.33,506.33
2024-02-05 00:00:00+00:00,496.9461111111111,496.9461111111111
2024-02-05 01:00:00+00:00,484.31694444444446,484.31694444444446
2024-02-05 02:00:00+00:00,527.33,527.33
2024-02-05 03:00:00+00:00,483.8263888888889,483.8263888888889
2024-02-05 04:00:00+00:00,30591.09222222222,30591.09222222222
2024-02-05 05:00:00+00:00,220848.35888888888,220848.35888888888
2024-02-05 06:00:00+00:00,318625.7366666667,318625.7366666667
2024-02-05 07:00:00+00:00,344145.8777777778,180540.27126979828
2024-02-05 08:00:00+00:00,174055.05694444446,204577.70496809238
2024-02-05 09:00:00+00:00,90355.70333333334,90355.70333333334
2024-02-05 10:00:00+00:00,85452.92972222222,151238.17367724015
2024-02-05 11:00:00+00:00,57604.29861111111,57604.29861111111
2024-02-05 12:00:00+00:00,29399.37583333333,29399.37583333333
2024-02-05 13:00:00+00:00,41267.069444444445,41267.069444444445
2024-02-05 14:00:00+00:00,3082.2694444444446,59190.046603922376
2024-02-05 15:00:00+00:00,1793.9302777777775,1793.9302777777775
2024-02-05 16:00:00+00:00,962.3444444444444,962.3444444444444
2024-02-05 17:00:00+00:00,5787.185555555556,17514.092976472806
2024-02-05 18:00:00+00:00,4206.692777777777,11086.900092995782
2024-02-05 19:00:00+00:00,5462.403611111111,7142.11563626379
2024-02-05 20:00:00+00:00,1545.2455555555557,4717.237941317198
2024-02-05 21:00:00+00:00,1196.0841666666668,3222.9551233586903
2024-02-05 22:00:00+00:00,813.78,813.78
2024-02-05 23:00:00+00:00,388.9602777777778,388.9602777777778
2024-02-06 00:00:00+00:00,659.2352777777778,1205.6314301940029
2024-02-06 01:00:00+00:00,334.2133333333333,899.4835535522898
2024-02-06 02:00:00+00:00,327.2808333333333,722.5372670500707
2024-02-06 03:00:00+00:00,497.275,497.275
2024-02-06 04:00:00+00:00,9877.93861111111,575.2920262608404
2024-02-06 05:00:00+00:00,32818.91305555555,32818.91305555555
2024-02-06 06:00:00+00:00,74190.63583333333,16895.058285868614
2024-02-06 07:00:00+00:00,74236.93916666666,41230.66009451312
2024-02-06 08:00:00+00:00,173340.74666666667,173340.74666666667
2024-02-06 09:00:00+00:00,167859.8361111111,112696.13355060201
2024-02-06 10:00:00+00:00,210040.6211111111,123991.90455819365
2024-02-06 11:00:00+00:00,144274.92888888888,118690.0754621425
2024-02-06 12:00:00+00:00,47294.94305555556,47294.94305555556
2024-02-06 13:00:00+00:00,17999.393888888888,17999.393888888888
2024-02-06 14:00:00+00:00,10093.859444444444,10093.859444444444
2024-02-06 15:00:00+00:00,3560.2875,3560.2875
2024-02-06 16:00:00+00:00,2110.055555555556,25108.375112943526
2024-02-06 17:00:00+00:00,13321.100555555557,13321.100555555557
2024-02-06 18:00:00+00:00,4882.447222222222,16581.279525342234
2024-02-06 19:00:00+00:00,3641.505277777778,3641.505277777778
2024-02-06 20:00:00+00:00,1340.4327777777778,1340.4327777777778
2024-02-06 21:00:00+00:00,808.4783333333334,6422.787868186815
2024-02-06 22:00:00+00:00,1024.2827777777777,1024.2827777777777
2024-02-06 23:00:00+00:00,762.5616666666666,3085.5780109024604
2024-02-07 00:00:00+00:00,759.1269444444445,759.1269444444445
2024-02-07 01:00:00+00:00,396.6125,1662.7305423841392
2024-02-07 02:00:00+00:00,497.7813888888889,497.7813888888889
2024-02-07 03:00:00+00:00,1089.9455555555555,1089.9455555555555
2024-02-07 04:00:00+00:00,5615.0969444444445,1013.7595611147242
2024-02-07 05:00:00+00:00,51970.22444444445,51970.22444444445
2024-02-07 06:00:00+00:00,198179.30333333332,198179.30333333332
2024-02-07 07:00:00+00:00,118193.14361111113,118193.14361111113
2024-02-07 08:00:00+00:00,64072.71888888889,102931.08429978287
2024-02-07 09:00:00+00:00,263201.39944444445,263201.39944444445
2024-02-07 10:00:00+00:00,70520.46888888889,70520.46888888889
2024-02-07 11:00:00+00:00,131422.8163888889,131422.8163888889
2024-02-07 12:00:00+00:00,27361.137777777774,137389.99359001277
2024-02-07 13:00:00+00:00,6450.941111111111,119168.23326106808
2024-02-07 14:00:00+00:00,8335.964166666667,8335.964166666667
2024-02-07 15:00:00+00:00,9509.285277777775,59624.37776725976
2024-02-07 16:00:00+00:00,1758.0813888888888,1758.0813888888888
2024-02-07 17:00:00+00:00,1095.6102777777778,1095.6102777777778
2024-02-07 18:00:00+00:00,577.9536111111111,15261.066858471899
2024-02-07 19:00:00+00:00,4811.809444444444,9815.60811219676
2024-02-07 20:00:00+00:00,1458.486111111111,1458.486111111111
2024-02-07 21:00:00+00:00,783.5425,4562.654019363953
2024-02-07 22:00:00+00:00,3332.7952777777778,3332.7952777777778
2024-02-07 23:00:00+00:00,591.28,591.28
2024-02-08 00:00:00+00:00,1104.943888888889,1104.943888888889
2024-02-08 01:00:00+00:00,998.1008333333332,1907.6036176781713
2024-02-08 02:00:00+00:00,499.985,499.985
2024-02-08 03:00:00+00:00,892.5469444444444,892.5469444444444
2024-02-08 04:00:00+00:00,11095.835277777778,1019.2425979200458
2024-02-08 05:00:00+00:00,30528.948333333334,30528.948333333334
2024-02-08 06:00:00+00:00,170403.87805555554,170403.87805555554
2024-02-08 07:00:00+00:00,99474.29277777778,99474.29277777778
2024-02-08 08:00:00+00:00,209831.6813888889,209831.6813888889
2024-02-08 09:00:00+00:00,94534.93138888889,133401.41886948224
2024-02-08 10:00:00+00:00,139458.38666666666,147852.91512159572
2024-02-08 11:00:00+00:00,55775.56638888889,141518.41681261885
2024-02-08 12:00:00+00:00,33367.99166666667,122457.25622540413
2024-02-08 13:00:00+00:00,14041.16888888889,14041.16888888889
2024-02-08 14:00:00+00:00,1583.8016666666667,63979.68396650787
2024-02-08 15:00:00+00:00,1289.33,1289.33
2024-02-08 16:00:00+00:00,1773.1025,26304.0401798012
2024-02-08 17:00:00+00:00,3134.233888888889,16721.23002391478
2024-02-08 18:00:00+00:00,2187.7747222222224,2187.7747222222224
2024-02-08 19:00:00+00:00,15142.405277777778,7564.920100073352
2024-02-08 20:00:00+00:00,12675.485833333334,12675.485833333334
2024-02-08 21:00:00+00:00,954.8991666666668,954.8991666666668
2024-02-08 22:00:00+00:00,3855.7638888888887,3855.7638888888887
2024-02-08 23:00:00+00:00,897.6177777777777,5288.545292550643
2024-02-09 00:00:00+00:00,1482.455,1482.455
2024-02-09 01:00:00+00:00,775.7555555555556,3190.972280704506
2024-02-09 02:00:00+00:00,1196.128333333333,1196.128333333333
2024-02-09 03:00:00+00:00,1284.9147222222225,1284.9147222222225
2024-02-09 04:00:00+00:00,4081.034444444445,1709.229962926359
2024-02-09 05:00:00+00:00,28733.124722222223,13066.786138401923
2024-02-09 06:00:00+00:00,80414.8711111111,31542.76423177217
2024-02-09 07:00:00+00:00,88454.96666666666,54377.14583750721
2024-02-09 08:00:00+00:00,149869.05916666667,149869.05916666667
2024-02-09 09:00:00+00:00,105542.88972222224,105542.88972222224
2024-02-09 10:00:00+00:00,63051.36833333333,63051.36833333333
2024-02-09 11:00:00+00:00,48294.11888888889,89620.23573649452
2024-02-09 12:00:00+00:00,6938.735,6938.735
2024-02-09 13:00:00+00:00,28258.005833333333,44594.46515917455
2024-02-09 14:00:00+00:00,2707.849166666667,2707.849166666667
2024-02-09 15:00:00+00:00,1614.7444444444443,18912.32441578673
2024-02-09 16:00:00+00:00,1704.8283333333334,12410.688914553688
2024-02-09 17:00:00+00:00,1015.7575,1015.7575
2024-02-09 18:00:00+00:00,1396.3372222222222,5421.339832852453
2024-02-09 19:00:00+00:00,19049.07833333333,19049.07833333333
2024-02-09 20:00:00+00:00,9997.436666666666,9997.436666666666
2024-02-09 21:00:00+00:00,1003.3688888888888,11101.006257748622
2024-02-09 22:00:00+00:00,882.2091666666666,882.2091666666666
2024-02-09 23:00:00+00:00,1115.7019444444445,1115.7019444444445
2024-02-10 00:00:00+00:00,1547.1122222222225,1547.1122222222225
2024-02-10 01:00:00+00:00,625.7102777777778,625.7102777777778
2024-02-10 02:00:00+00:00,383.4063888888889,383.4063888888889
2024-02-10 03:00:00+00:00,376.9266666666667,376.9266666666667
2024-02-10 04:00:00+00:00,488.03,488.03
2024-02-10 05:00:00+00:00,352.37805555555553,352.37805555555553
2024-02-10 06:00:00+00:00,548.7816666666666,636.8077986761334
2024-02-10 07:00:00+00:00,576.3838888888889,610.0991163051757
2024-02-10 08:00:00+00:00,999.0125,999.0125
2024-02-10 09:00:00+00:00,783.3944444444444,802.0489712480368
2024-02-10 10:00:00+00:00,717.7194444444444,969.1174756389288
2024-02-10 11:00:00+00:00,1062.435277777778,1162.1087187909757
2024-02-10 12:00:00+00:00,1934.718055555556,1934.718055555556
2024-02-10 13:00:00+00:00,1307.2719444444444,1589.552496731812
2024-02-10 14:00:00+00:00,19231.778055555555,19231.778055555555
2024-02-10 15:00:00+00:00,714.4158333333334,714.4158333333334
2024-02-10 16:00:00+00:00,634.2977777777778,634.2977777777778
2024-02-10 17:00:00+00:00,1891.3652777777777,4376.103022337549
2024-02-10 18:00:00+00:00,748.5166666666667,748.5166666666667
2024-02-10 19:00:00+00:00,1163.9291666666666,1163.9291666666666
2024-02-10 20:00:00+00:00,1578.8905555555557,1578.8905555555557
2024-02-10 21:00:00+00:00,43833.385,43833.385
2024-02-10 22:00:00+00:00,686.2794444444445,18020.294195082526
2024-02-10 23:00:00+00:00,18905.492777777778,18905.492777777778
2024-02-11 00:00:00+00:00,669.7211111111111,21532.534419401865
2024-02-11 01:00:00+00:00,642.1616666666666,642.1616666666666
2024-02-11 02:00:00+00:00,484.3855555555556,484.3855555555556
2024-02-11 03:00:00+00:00,583.0938888888888,6703.152167297815
2024-02-11 04:00:00+00:00,404.8516666666667,404.8516666666667
2024-02-11 05:00:00+00:00,298.9747222222222,2775.3726692552646
2024-02-11 06:00:00+00:00,712.1247222222222,712.1247222222222
2024-02-11 07:00:00+00:00,361.06638888888887,361.06638888888887
2024-02-11 08:00:00+00:00,486.6163888888889,1027.2463562116232
2024-02-11 09:00:00+00:00,583.5158333333334,824.7400149202833
2024-02-11 10:00:00+00:00,792.7411111111111,792.7411111111111
2024-02-11 11:00:00+00:00,1294.7502777777777,770.5775548738578
2024-02-11 12:00:00+00:00,18807.077222222222,18807.077222222222
2024-02-11 13:00:00+00:00,1864.971388888889,1864.971388888889
2024-02-11 14:00:00+00:00,1610.7858333333334,1610.7858333333334
2024-02-11 15:00:00+00:00,1690.7797222222223,4781.317429750796
2024-02-11 16:00:00+00:00,656.6983333333334,656.6983333333334
2024-02-11 17:00:00+00:00,659.6797222222223,659.6797222222223
2024-02-11 18:00:00+00:00,706.4330555555556,1673.8983866659532
2024-02-11 19:00:00+00:00,447.0988888888889,1340.1532011672225
2024-02-11 20:00:00+00:00,1635.79,1195.3074666835873
2024-02-11 21:00:00+00:00,2585.576111111111,1166.1193934462347
2024-02-11 22:00:00+00:00,1426.9266666666667,1426.9266666666667
2024-02-11 23:00:00+00:00,434.63138888888886,434.63138888888886
2024-02-12 00:00:00+00:00,511.6225,511.6225
2024-02-12 01:00:00+00:00,1239.658888888889,786.1628042917721
2024-02-12 02:00:00+00:00,659.3669444444445,986.1280602537438
2024-02-12 03:00:00+00:00,2134.703055555556,1414.97347893056
2024-02-12 04:00:00+00:00,3672.722222222222,3672.722222222222
2024-02-12 05:00:00+00:00,1875.7688888888888,1875.7688888888888
2024-02-12 06:00:00+00:00,3335.5344444444445,2342.9135913477076
2024-02-12 07:00:00+00:00,1926.7841666666664,1926.7841666666664
2024-02-12 08:00:00+00:00,13345.343611111111,2076.7256315809996
2024-02-12 09:00:00+00:00,11814.248333333331,2257.371949257272
2024-02-12 10:00:00+00:00,951.8775,2606.75942364303
2024-02-12 11:00:00+00:00,4390.185,4390.185
2024-02-12 12:00:00+00:00,617.8722222222223,617.8722222222223
2024-02-12 13:00:00+00:00,1881.246111111111,1881.246111111111
2024-02-12 14:00:00+00:00,2764.5563888888887,2216.4327551426923
2024-02-12 15:00:00+00:00,778.9947222222222,1901.3298808719203
2024-02-12 16:00:00+00:00,448.7405555555556,448.7405555555556
2024-02-12 17:00:00+00:00,572.875,1106.6378150155726
2024-02-12 18:00:00+00:00,1121.41,1121.41
2024-02-12 19:00:00+00:00,719.8366666666667,719.8366666666667
2024-02-12 20:00:00+00:00,1773.44,1773.44
2024-02-12 21:00:00+00:00,872.1897222222223,872.1897222222223
2024-02-12 22:00:00+00:00,1023.7302777777778,1023.7302777777778
2024-02-12 23:00:00+00:00,728.6827777777778,728.6827777777778
2024-02-13 00:00:00+00:00,432.20666666666665,432.20666666666665
2024-02-13 01:00:00+00:00,525.4655555555555,525.4655555555555
2024-02-13 02:00:00+00:00,396.3008333333333,658.1720830539491
2024-02-13 03:00:00+00:00,340.3361111111111,340.3361111111111
2024-02-13 04:00:00+00:00,2104.000833333333,481.4595517007821
2024-02-13 05:00:00+00:00,5412.8125,5412.8125
2024-02-13 06:00:00+00:00,724.9205555555556,724.9205555555556
2024-02-13 07:00:00+00:00,1593.566388888889,1593.566388888889
2024-02-13 08:00:00+00:00,1472.17,1472.17
2024-02-13 09:00:00+00:00,4098.206388888889,4098.206388888889
2024-02-13 10:00:00+00:00,3169.426111111111,2650.884254669848
2024-02-13 11:00:00+00:00,6979.039722222222,5853.845478372941
2024-02-13 12:00:00+00:00,10380.480833333331,10456.718344448547
2024-02-13 13:00:00+00:00,31352.21833333333,31352.21833333333
2024-02-13 14:00:00+00:00,15104.881666666666,15104.881666666666
2024-02-13 15:00:00+00:00,1984.075833333333,19266.25892762941
2024-02-13 16:00:00+00:00,1920.1391666666664,1920.1391666666664
2024-02-13 17:00:00+00:00,1764.1819444444443,9987.777310344227
2024-02-13 18:00:00+00:00,818.4530555555556,818.4530555555556
2024-02-13 19:00:00+00:00,443.7186111111111,443.7186111111111
2024-02-13 20:00:00+00:00,789.9958333333333,2857.8174591654597
2024-02-13 21:00:00+00:00,452.0652777777778,452.0652777777778
2024-02-13 22:00:00+00:00,659.3411111111111,659.3411111111111
2024-02-13 23:00:00+00:00,1663.1008333333334,1084.007240670981
2024-02-14 00:00:00+00:00,851.2702777777778,851.2702777777778
2024-02-14 01:00:00+00:00,2606.029722222222,2606.029722222222
2024-02-14 02:00:00+00:00,1810.1744444444444,1810.1744444444444
2024-02-14 03:00:00+00:00,2887.8555555555554,2887.8555555555554
2024-02-14 04:00:00+00:00,10182.701944444443,10182.701944444443
2024-02-14 05:00:00+00:00,34984.85277777778,5257.411299245781
2024-02-14 06:00:00+00:00,12937.840555555556,12937.840555555556
2024-02-14 07:00:00+00:00,4889.900833333333,4889.900833333333
2024-02-14 08:00:00+00:00,9264.493611111113,7854.336044788011
2024-02-14 09:00:00+00:00,875.8202777777777,6512.267354058993
2024-02-14 10:00:00+00:00,1009.3205555555556,5497.886299299367
2024-02-14 11:00:00+00:00,2902.2105555555554,2902.2105555555554
2024-02-14 12:00:00+00:00,9514.273055555555,9514.273055555555
2024-02-14 13:00:00+00:00,4524.856388888889,4524.856388888889
2024-02-14 14:00:00+00:00,455.08166666666665,5510.0275303428825
2024-02-14 15:00:00+00:00,1179.8766666666668,4631.501307405846
2024-02-14 16:00:00+00:00,682.8930555555555,682.8930555555555
2024-02-14 17:00:00+00:00,629.6794444444445,629.6794444444445
2024-02-14 18:00:00+00:00,1874.67,1874.67
2024-02-14 19:00:00+00:00,1094.6041666666667,1094.6041666666667
2024-02-14 20:00:00+00:00,19781.61083333333,19781.61083333333
2024-02-14 21:00:00+00:00,1399.3197222222225,1399.3197222222225
2024-02-14 22:00:00+00:00,20142.414166666666,20142.414166666666
2024-02-14 23:00:00+00:00,3315.2191666666668,3315.2191666666668
2024-02-15 00:00:00+00:00,707.2113888888889,8245.57667356469
2024-02-15 01:00:00+00:00,459.73,6379.032997707818
2024-02-15 02:00:00+00:00,485.4766666666667,5281.301147725788
2024-02-15 03:00:00+00:00,639.0744444444445,4654.290505462157
2024-02-15 04:00:00+00:00,10610.334166666667,4315.488821409764
2024-02-15 05:00:00+00:00,4013.110277777778,4013.110277777778
2024-02-15 06:00:00+00:00,15286.897777777778,4098.852011615711
2024-02-15 07:00:00+00:00,1421.731388888889,1421.731388888889
2024-02-15 08:00:00+00:00,992.5875,992.5875
2024-02-15 09:00:00+00:00,1160.806388888889,1160.806388888889
2024-02-15 10:00:00+00:00,387.4841666666667,387.4841666666667
2024-02-15 11:00:00+00:00,1705.497777777778,1197.354248239129
2024-02-15 12:00:00+00:00,579.7116666666667,579.7116666666667
2024-02-15 13:00:00+00:00,2886.015,788.4339870839297
2024-02-15 14:00:00+00:00,384.1322222222222,384.1322222222222
2024-02-15 15:00:00+00:00,8942.931111111111,558.9099872264385
2024-02-15 16:00:00+00:00,6273.564166666667,2219.4206651029
2024-02-15 17:00:00+00:00,13756.440277777778,13756.440277777778
2024-02-15 18:00:00+00:00,751.9272222222222,751.9272222222222
2024-02-15 19:00:00+00:00,613.4575,613.4575
2024-02-15 20:00:00+00:00,2067.218888888889,2067.218888888889
2024-02-15 21:00:00+00:00,1056.9711111111112,2978.3358442614276
2024-02-15 22:00:00+00:00,1955.2455555555557,1955.2455555555557
2024-02-15 23:00:00+00:00,625.5358333333334,2352.0683260592964
2024-02-16 00:00:00+00:00,459.18638888888887,2117.692987054325
2024-02-16 01:00:00+00:00,465.1769444444444,1893.6761025555932
2024-02-16 02:00:00+00:00,372.60777777777776,1676.0013996560126
2024-02-16 03:00:00+00:00,710.2005555555555,1462.2098308101058
2024-02-16 04:00:00+00:00,709.2877777777778,709.2877777777778
2024-02-16 05:00:00+00:00,814.7952777777778,1040.8374471187603
2024-02-16 06:00:00+00:00,821.1886111111111,2905.704248905816
2024-02-16 07:00:00+00:00,16133.089166666668,16133.089166666668
2024-02-16 08:00:00+00:00,1397.5052777777778,9953.950271727002
2024-02-16 09:00:00+00:00,1175.536388888889,1175.536388888889
2024-02-16 10:00:00+00:00,7941.271111111111,7941.271111111111
2024-02-16 11:00:00+00:00,1216.233888888889,1216.233888888889
2024-02-16 12:00:00+00:00,741.6330555555555,741.6330555555555
2024-02-16 13:00:00+00:00,19539.785555555554,3163.193824809935
2024-02-16 14:00:00+00:00,19033.75833333333,3745.331526880899
2024-02-16 15:00:00+00:00,12510.52638888889,12510.52638888889
2024-02-16 16:00:00+00:00,2318.1983333333333,2318.1983333333333
2024-02-16 17:00:00+00:00,2172.9475,2172.9475
2024-02-16 18:00:00+00:00,1484.3522222222225,4501.829155500158
2024-02-16 19:00:00+00:00,1752.6330555555555,1752.6330555555555
2024-02-16 20:00:00+00:00,19429.614166666663,2833.1304975871226
2024-02-16 21:00:00+00:00,1055.799166666667,4050.115554852108
2024-02-16 22:00:00+00:00,769.6505555555556,6431.165466770301
2024-02-16 23:00:00+00:00,18629.630555555555,18629.630555555555
2024-02-17 00:00:00+00:00,709.8433333333334,13055.091422002244
2024-02-17 01:00:00+00:00,583.4311111111111,583.4311111111111
2024-02-17 02:00:00+00:00,515.8405555555555,515.8405555555555
2024-02-17 03:00:00+00:00,971.26,971.26
2024-02-17 04:00:00+00:00,419.1408333333333,419.1408333333333
2024-02-17 05:00:00+00:00,386.63416666666666,386.63416666666666
2024-02-17 06:00:00+00:00,1157.0219444444444,1476.5384020751446
2024-02-17 07:00:00+00:00,786.1125,1047.4341278849402
2024-02-17 08:00:00+00:00,336.2111111111111,336.2111111111111
2024-02-17 09:00:00+00:00,408.14722222222224,606.8214817510967
2024-02-17 10:00:00+00:00,752.0108333333334,507.08839968690495
2024-02-17 11:00:00+00:00,19555.63111111111,451.2151214004618
2024-02-17 12:00:00+00:00,729.7944444444445,422.1959303037684
2024-02-17 13:00:00+00:00,666.6866666666666,409.6187188029926
2024-02-17 14:00:00+00:00,1638.73,407.1084550678348
2024-02-17 15:00:00+00:00,429.91777777777776,429.91777777777776
2024-02-17 16:00:00+00:00,2026.346388888889,418.18918375906355
2024-02-17 17:00:00+00:00,767.7755555555556,767.7755555555556
2024-02-17 18:00:00+00:00,3071.7775,3071.7775
2024-02-17 19:00:00+00:00,643.7619444444445,1556.310987052293
2024-02-17 20:00:00+00:00,420.80805555555554,420.80805555555554
2024-02-17 21:00:00+00:00,424.2508333333333,424.2508333333333
2024-02-17 22:00:00+00:00,1963.7258333333332,1963.7258333333332
2024-02-17 23:00:00+00:00,577.8772222222223,1297.3934553771671
2024-02-18 00:00:00+00:00,2295.8119444444446,1417.5558666736172
2024-02-18 01:00:00+00:00,4267.341944444444,1352.9338739149794
2024-02-18 02:00:00+00:00,538.05,538.05
2024-02-18 03:00:00+00:00,604.1583333333333,604.1583333333333
2024-02-18 04:00:00+00:00,355.0733333333333,355.0733333333333
2024-02-18 05:00:00+00:00,280.1033333333333,280.1033333333333
2024-02-18 06:00:00+00:00,6396.850555555556,6396.850555555556
2024-02-18 07:00:00+00:00,109845.94583333332,109845.94583333332
2024-02-18 08:00:00+00:00,1724.8416666666667,44294.12990471919
2024-02-18 09:00:00+00:00,1460.6233333333332,1460.6233333333332
2024-02-18 10:00:00+00:00,1061.871111111111,30382.947455608504
2024-02-18 11:00:00+00:00,943.6580555555556,19098.85801764454
2024-02-18 12:00:00+00:00,918.4936111111112,918.4936111111112
2024-02-18 13:00:00+00:00,1188.1241666666667,1188.1241666666667
2024-02-18 14:00:00+00:00,4733.0952777777775,5222.162456051385
2024-02-18 15:00:00+00:00,1568.25,1568.25
2024-02-18 16:00:00+00:00,2104.3125,2892.8933751536724
2024-02-18 17:00:00+00:00,1717.9702777777777,2630.76423376427
2024-02-18 18:00:00+00:00,1062.591111111111,2721.743626071622
2024-02-18 19:00:00+00:00,4162.572222222222,4162.572222222222
2024-02-18 20:00:00+00:00,5119.861944444445,5119.861944444445
2024-02-18 21:00:00+00:00,1185.3019444444444,4108.762811535367
2024-02-18 22:00:00+00:00,1202.3938888888888,4140.556315584443
2024-02-18 23:00:00+00:00,4520.650555555556,3799.783634667784
2024-02-19 00:00:00+00:00,594.9725,3230.899472319963
2024-02-19 01:00:00+00:00,474.36277777777775,474.36277777777775
2024-02-19 02:00:00+00:00,2103.5680555555555,2103.5680555555555
2024-02-19 03:00:00+00:00,4087.0816666666665,4087.0816666666665
2024-02-19 04:00:00+00:00,19931.006388888887,2731.9494192784705
2024-02-19 05:00:00+00:00,190079.4347222222,190079.4347222222
2024-02-19 06:00:00+00:00,368126.1586111111,97770.54645095946
2024-02-19 07:00:00+00:00,107711.24833333334,126690.68001897061
2024-02-19 08:00:00+00:00,136918.35666666666,136918.35666666666
2024-02-19 09:00:00+00:00,238799.39361111115,238799.39361111115
2024-02-19 10:00:00+00:00,198433.4663888889,198433.4663888889
2024-02-19 11:00:00+00:00,83997.13361111112,83997.13361111112
2024-02-19 12:00:00+00:00,196335.20611111115,196335.20611111115
2024-02-19 13:00:00+00:00,40418.66805555556,40418.66805555556
2024-02-19 14:00:00+00:00,4827.294166666667,4827.294166666667
2024-02-19 15:00:00+00:00,21396.16972222222,73491.25220387406
2024-02-19 16:00:00+00:00,1550.3797222222222,46619.100800049804
2024-02-19 17:00:00+00:00,10172.360277777778,29916.915401473114
2024-02-19 18:00:00+00:00,1477.7266666666667,19441.505553594725
2024-02-19 19:00:00+00:00,1418.7613888888889,12778.569979353826
2024-02-19 20:00:00+00:00,971.8338888888889,971.8338888888889
2024-02-19 21:00:00+00:00,23492.63527777778,23492.63527777778
2024-02-19 22:00:00+00:00,1545.435277777778,1545.435277777778
2024-02-19 23:00:00+00:00,667.4016666666666,8256.974333391969
2024-02-20 00:00:00+00:00,1388.7116666666666,1388.7116666666666
2024-02-20 01:00:00+00:00,1557.8325,3982.059934998326
2024-02-20 02:00:00+00:00,803.2444444444444,15449.77577380531
2024-02-20 03:00:00+00:00,1027.933888888889,34944.358044842724
2024-02-20 04:00:00+00:00,9655.76972222222,59353.55808580617
2024-02-20 05:00:00+00:00,110248.09555555556,86771.83620579295
2024-02-20 06:00:00+00:00,194408.5738888889,194408.5738888889
2024-02-20 07:00:00+00:00,124779.10138888888,124779.10138888888
2024-02-20 08:00:00+00:00,426466.56166666665,426466.56166666665
2024-02-20 09:00:00+00:00,93444.66388888888,249865.1563848976
2024-02-20 10:00:00+00:00,154823.16611111112,154823.16611111112
2024-02-20 11:00:00+00:00,103522.42833333332,103522.42833333332
2024-02-20 12:00:00+00:00,83062.55888888889,176488.66638594784
2024-02-20 13:00:00+00:00,51206.85083333333,51206.85083333333
2024-02-20 14:00:00+00:00,11102.63361111111,11102.63361111111
2024-02-20 15:00:00+00:00,2999.488888888889,2999.488888888889
2024-02-20 16:00:00+00:00,4449.13,42928.87818461425
2024-02-20 17:00:00+00:00,4363.031666666667,4363.031666666667
2024-02-20 18:00:00+00:00,2005.2916666666667,18658.585465062097
2024-02-20 19:00:00+00:00,2060.603888888889,13300.137275108878
2024-02-20 20:00:00+00:00,3488.1219444444446,10203.666862620608
2024-02-20 21:00:00+00:00,6264.898055555555,6264.898055555555
2024-02-20 22:00:00+00:00,1115.086388888889,7628.573718454723
2024-02-20 23:00:00+00:00,812.1347222222222,6659.83268118084
2024-02-21 00:00:00+00:00,751.8036111111111,5626.696133787053
2024-02-21 01:00:00+00:00,1725.598611111111,1725.598611111111
2024-02-21 02:00:00+00:00,959.0166666666668,959.0166666666668
2024-02-21 03:00:00+00:00,548.2291666666666,548.2291666666666
2024-02-21 04:00:00+00:00,6297.5569444444445,1736.3363226143445
2024-02-21 05:00:00+00:00,85209.16361111111,20615.02706576702
2024-02-21 06:00:00+00:00,150183.8438888889,150183.8438888889
2024-02-21 07:00:00+00:00,125691.24583333332,89770.7019905457
2024-02-21 08:00:00+00:00,52381.9475,52381.9475
2024-02-21 09:00:00+00:00,86283.20138888889,86283.20138888889
2024-02-21 10:00:00+00:00,54153.40777777778,54153.40777777778
2024-02-21 11:00:00+00:00,40128.90666666667,40128.90666666667
2024-02-21 12:00:00+00:00,114468.44222222222,114468.44222222222
2024-02-21 13:00:00+00:00,22856.10138888889,80421.47593884291
2024-02-21 14:00:00+00:00,60580.00027777778,60580.00027777778
2024-02-21 15:00:00+00:00,5582.118333333333,74414.51875491551
2024-02-21 16:00:00+00:00,950.0247222222222,950.0247222222222
2024-02-21 17:00:00+00:00,996.0647222222224,35568.02210896072
2024-02-21 18:00:00+00:00,1334.4158333333332,22630.44250401119
2024-02-21 19:00:00+00:00,4701.260277777777,4701.260277777777
2024-02-21 20:00:00+00:00,3632.1647222222223,11125.635248193925
2024-02-21 21:00:00+00:00,1804.2525,8136.712860407873
2024-02-21 22:00:00+00:00,848.0061111111111,848.0061111111111
2024-02-21 23:00:00+00:00,1634.1561111111112,3885.280680726319
2024-02-22 00:00:00+00:00,947.2136111111112,947.2136111111112
2024-02-22 01:00:00+00:00,1048.7016666666666,2036.848199313229
2024-02-22 02:00:00+00:00,498.9358333333333,2025.3602188240288
2024-02-22 03:00:00+00:00,1149.0275,2429.321378374054
2024-02-22 04:00:00+00:00,5187.2363888888885,5187.2363888888885
2024-02-22 05:00:00+00:00,24836.761666666665,24836.761666666665
2024-02-22 06:00:00+00:00,280109.23055555555,12018.842455475306
2024-02-22 07:00:00+00:00,128881.22027777776,128881.22027777776
2024-02-22 08:00:00+00:00,188023.23527777777,188023.23527777777
2024-02-22 09:00:00+00:00,116208.83527777778,116208.83527777778
2024-02-22 10:00:00+00:00,36470.247777777775,36470.247777777775
2024-02-22 11:00:00+00:00,154716.44583333333,154716.44583333333
2024-02-22 12:00:00+00:00,47103.15861111111,47103.15861111111
2024-02-22 13:00:00+00:00,73827.35361111112,73827.35361111112
2024-02-22 14:00:00+00:00,43913.6825,43913.6825
2024-02-22 15:00:00+00:00,20883.774166666662,67218.56656299412
2024-02-22 16:00:00+00:00,1706.185,54066.79800336102
2024-02-22 17:00:00+00:00,12068.320277777775,12068.320277777775
2024-02-22 18:00:00+00:00,1936.223611111111,30332.512638441116
2024-02-22 19:00:00+00:00,19687.38472222222,26061.44128195345
2024-02-22 20:00:00+00:00,2042.1866666666667,26256.873181751565
2024-02-22 21:00:00+00:00,3083.4816666666666,29187.015626206772
2024-02-22 22:00:00+00:00,48311.22916666666,48311.22916666666
2024-02-22 23:00:00+00:00,1571.747777777778,1571.747777777778
2024-02-23 00:00:00+00:00,769.0686111111111,769.0686111111111
2024-02-23 01:00:00+00:00,771.9161111111111,15449.38701232893
2024-02-23 02:00:00+00:00,588.7969444444444,588.7969444444444
2024-02-23 03:00:00+00:00,647.2694444444444,6181.070542317064
2024-02-23 04:00:00+00:00,5166.233611111111,5166.233611111111
2024-02-23 05:00:00+00:00,122296.44055555556,122296.44055555556
2024-02-23 06:00:00+00:00,90611.87166666667,90611.87166666667
2024-02-23 07:00:00+00:00,229335.4255555556,229335.4255555556
2024-02-23 08:00:00+00:00,132905.31472222222,132905.31472222222
2024-02-23 09:00:00+00:00,151657.985,151657.985
2024-02-23 10:00:00+00:00,179558.66166666665,179558.66166666665
2024-02-23 11:00:00+00:00,267477.68694444443,267477.68694444443
2024-02-23 12:00:00+00:00,25503.208055555555,198384.97882398893
2024-02-23 13:00:00+00:00,9606.685,9606.685
2024-02-23 14:00:00+00:00,1713.7602777777777,110983.77246999412
2024-02-23 15:00:00+00:00,58306.637777777774,75098.37480866762
2024-02-23 16:00:00+00:00,36079.58027777778,36079.58027777778
2024-02-23 17:00:00+00:00,774.8258333333333,774.8258333333333
2024-02-23 18:00:00+00:00,1327.068888888889,30064.102722211344
2024-02-23 19:00:00+00:00,5632.6725,20502.96316185691
2024-02-23 20:00:00+00:00,1844.796388888889,16444.116034807666
2024-02-23 21:00:00+00:00,19294.58333333333,19294.58333333333
2024-02-23 22:00:00+00:00,1175.45,17126.886629344786
2024-02-23 23:00:00+00:00,1862.502222222222,1862.502222222222
2024-02-24 00:00:00+00:00,541.8630555555555,541.8630555555555
2024-02-24 01:00:00+00:00,1256.8022222222223,1256.8022222222223
2024-02-24 02:00:00+00:00,829.1277777777777,829.1277777777777
2024-02-24 03:00:00+00:00,661.445,2914.4121196538395
2024-02-24 04:00:00+00:00,650.5097222222222,2112.3208630520567
2024-02-24 05:00:00+00:00,878.9091666666667,878.9091666666667
2024-02-24 06:00:00+00:00,756.3272222222222,1337.3460911635393
2024-02-24 07:00:00+00:00,954.9147222222222,1138.5379828439693
2024-02-24 08:00:00+00:00,1381.0844444444444,995.7547064884504
2024-02-24 09:00:00+00:00,1010.6133333333332,887.2738116478482
2024-02-24 10:00:00+00:00,607.3427777777778,607.3427777777778
2024-02-24 11:00:00+00:00,792.4894444444444,792.4894444444444
2024-02-24 12:00:00+00:00,401.8497222222222,401.8497222222222
2024-02-24 13:00:00+00:00,972.6152777777778,972.6152777777778
2024-02-24 14:00:00+00:00,2942.2380555555555,2942.2380555555555
2024-02-24 15:00:00+00:00,734.7530555555555,734.7530555555555
2024-02-24 16:00:00+00:00,426.3675,426.3675
2024-02-24 17:00:00+00:00,1634.9433333333334,1634.9433333333334
2024-02-24 18:00:00+00:00,1841.8080555555557,1209.7509036542751
2024-02-24 19:00:00+00:00,6697.086388888889,6697.086388888889
2024-02-24 20:00:00+00:00,22134.618611111116,4039.152765888228
2024-02-24 21:00:00+00:00,1297.1377777777775,4682.77846454388
2024-02-24 22:00:00+00:00,5882.531666666667,4689.919663299373
2024-02-24 23:00:00+00:00,998.9491666666668,4307.359842372817
2024-02-25 00:00:00+00:00,769.5658333333333,3686.197377131984
2024-02-25 01:00:00+00:00,709.4166666666666,709.4166666666666
2024-02-25 02:00:00+00:00,682.6669444444444,682.6669444444444
2024-02-25 03:00:00+00:00,771.4875,1527.3439139833304
2024-02-25 04:00:00+00:00,896.1163888888889,896.1163888888889
2024-02-25 05:00:00+00:00,572.8305555555555,1107.412382009275
2024-02-25 06:00:00+00:00,874.7325,874.7325
2024-02-25 07:00:00+00:00,19205.09333333333,964.4967763809445
2024-02-25 08:00:00+00:00,559.7622222222222,1939.295330502056
2024-02-25 09:00:00+00:00,8686.396111111111,8686.396111111111
2024-02-25 10:00:00+00:00,932.0233333333332,932.0233333333332
2024-02-25 11:00:00+00:00,1218.8369444444445,1218.8369444444445
2024-02-25 12:00:00+00:00,1392.795,1392.795
2024-02-25 13:00:00+00:00,843.2455555555556,843.2455555555556
2024-02-25 14:00:00+00:00,3366.0075,1696.0909508492157
2024-02-25 15:00:00+00:00,5791.328055555556,1407.559501481583
2024-02-25 16:00:00+00:00,1320.5086111111111,1273.0414722758403
2024-02-25 17:00:00+00:00,1770.393611111111,1232.8213983089497
2024-02-25 18:00:00+00:00,23873.435833333333,1250.3372304266175
2024-02-25 19:00:00+00:00,1495.3725,1495.3725
2024-02-25 20:00:00+00:00,1693.4327777777778,1377.7127346450402
2024-02-25 21:00:00+00:00,52333.89027777778,52333.89027777778
2024-02-25 22:00:00+00:00,1400.7086111111112,1400.7086111111112
2024-02-25 23:00:00+00:00,1186.7655555555557,1186.7655555555557
2024-02-26 00:00:00+00:00,796.9961111111111,796.9961111111111
2024-02-26 01:00:00+00:00,554.35,7036.807372490585
2024-02-26 02:00:00+00:00,1345.5775,5004.770110062416
2024-02-26 03:00:00+00:00,3793.818888888889,3793.818888888889
2024-02-26 04:00:00+00:00,6996.632222222223,6996.632222222223
2024-02-26 05:00:00+00:00,60806.07222222223,5168.390435704958
2024-02-26 06:00:00+00:00,258551.14722222224,25544.67670332841
2024-02-26 07:00:00+00:00,159170.64111111112,159170.64111111112
2024-02-26 08:00:00+00:00,64299.60694444445,64299.60694444445
2024-02-26 09:00:00+00:00,236188.6461111111,84342.97148967281
2024-02-26 10:00:00+00:00,182292.25833333333,182292.25833333333
2024-02-26 11:00:00+00:00,40995.46388888889,40995.46388888889
2024-02-26 12:00:00+00:00,57754.84444444445,96450.40029172238
2024-02-26 13:00:00+00:00,35875.14527777778,35875.14527777778
2024-02-26 14:00:00+00:00,29149.643333333333,59191.11281574439
2024-02-26 15:00:00+00:00,3665.9666666666662,3665.9666666666662
2024-02-26 16:00:00+00:00,19772.8225,19772.8225
2024-02-26 17:00:00+00:00,1581.8,24996.309263820393
2024-02-26 18:00:00+00:00,928.4166666666666,928.4166666666666
2024-02-26 19:00:00+00:00,2215.560555555556,2215.560555555556
2024-02-26 20:00:00+00:00,638.8980555555555,638.8980555555555
2024-02-26 21:00:00+00:00,5617.479166666667,5342.546723367359
2024-02-26 22:00:00+00:00,878.0452777777778,878.0452777777778
2024-02-26 23:00:00+00:00,685.0794444444444,685.0794444444444
2024-02-27 00:00:00+00:00,958.9175,958.9175
2024-02-27 01:00:00+00:00,738.5386111111111,1480.3560741803412
2024-02-27 02:00:00+00:00,19079.21861111111,19079.21861111111
2024-02-27 03:00:00+00:00,1618.7086111111112,1618.7086111111112
2024-02-27 04:00:00+00:00,18250.540277777774,18250.540277777774
2024-02-27 05:00:00+00:00,62916.37472222222,62916.37472222222
2024-02-27 06:00:00+00:00,132567.985,31333.599490823297
2024-02-27 07:00:00+00:00,70447.11388888888,46775.354324694104
2024-02-27 08:00:00+00:00,87646.51972222222,87646.51972222222
2024-02-27 09:00:00+00:00,115945.02666666669,115945.02666666669
2024-02-27 10:00:00+00:00,101869.36055555556,88039.51466941622
2024-02-27 11:00:00+00:00,97801.72166666666,97801.72166666666
2024-02-27 12:00:00+00:00,85640.28472222222,85640.28472222222
2024-02-27 13:00:00+00:00,27766.13861111111,92164.27044343438
2024-02-27 14:00:00+00:00,3141.163055555556,79718.55971798726
2024-02-27 15:00:00+00:00,8915.253611111111,8915.253611111111
2024-02-27 16:00:00+00:00,7864.726111111111,7864.726111111111
2024-02-27 17:00:00+00:00,1922.6563888888888,28476.4381708265
2024-02-27 18:00:00+00:00,20375.168611111112,20375.168611111112
2024-02-27 19:00:00+00:00,6588.498333333333,6588.498333333333
2024-02-27 20:00:00+00:00,1281.3994444444445,1281.3994444444445
2024-02-27 21:00:00+00:00,1320.0258333333334,1320.0258333333334
2024-02-27 22:00:00+00:00,1276.9286111111112,1276.9286111111112
2024-02-27 23:00:00+00:00,1664.5522222222223,1664.5522222222223
2024-02-28 00:00:00+00:00,639.7963888888889,3500.1236754930483
2024-02-28 01:00:00+00:00,717.5983333333334,717.5983333333334
2024-02-28 02:00:00+00:00,742.0016666666667,1873.1009444822566
2024-02-28 03:00:00+00:00,615.0575,615.0575
2024-02-28 04:00:00+00:00,15617.5075,1098.8389105870165
2024-02-28 05:00:00+00:00,112672.90055555556,112672.90055555556
2024-02-28 06:00:00+00:00,138322.60694444444,57545.48556377925
2024-02-28 07:00:00+00:00,79007.76166666667,71539.5323529846
2024-02-28 08:00:00+00:00,47226.56722222222,72727.2326794787
2024-02-28 09:00:00+00:00,36532.61027777778,36532.61027777778
2024-02-28 10:00:00+00:00,97379.83694444444,97379.83694444444
2024-02-28 11:00:00+00:00,42689.93222222223,71199.18713252636
2024-02-28 12:00:00+00:00,196033.4030555556,196033.4030555556
2024-02-28 13:00:00+00:00,18918.81,18918.81
2024-02-28 14:00:00+00:00,3373.161666666667,91538.63742801001
2024-02-28 15:00:00+00:00,2130.7302777777777,2130.7302777777777
2024-02-28 16:00:00+00:00,684.9038888888889,684.9038888888889
2024-02-28 17:00:00+00:00,1146.9280555555556,23311.620491436697
2024-02-28 18:00:00+00:00,5998.922777777778,5998.922777777778
2024-02-28 19:00:00+00:00,2659.8902777777776,11858.273075994612
2024-02-28 20:00:00+00:00,1614.6091666666666,1614.6091666666666
2024-02-28 21:00:00+00:00,826.8847222222222,826.8847222222222
2024-02-28 22:00:00+00:00,3783.121111111111,3783.121111111111
2024-02-28 23:00:00+00:00,760.7047222222222,760.7047222222222
2024-02-29 00:00:00+00:00,1167.9177777777777,1167.9177777777777
2024-02-29 01:00:00+00:00,811.6497222222222,811.6497222222222
2024-02-29 02:00:00+00:00,2162.413888888889,1598.377046842164
2024-02-29 03:00:00+00:00,524.7513888888889,2701.020077282997
2024-02-29 04:00:00+00:00,11703.381666666666,11703.381666666666
2024-02-29 05:00:00+00:00,22290.473611111112,7466.732361555823
2024-02-29 06:00:00+00:00,119497.87777777776,20876.75714067807
2024-02-29 07:00:00+00:00,62934.40944444444,40854.679914272034
2024-02-29 08:00:00+00:00,133101.1,133101.1
2024-02-29 09:00:00+00:00,99327.01555555555,91315.33888793434
2024-02-29 10:00:00+00:00,72329.56222222222,101959.84925823238
2024-02-29 11:00:00+00:00,42782.16944444445,102920.13478653703
2024-02-29 12:00:00+00:00,150134.35944444445,97951.05000598571
2024-02-29 13:00:00+00:00,61439.705,61439.705
2024-02-29 14:00:00+00:00,21800.069444444445,78529.3396098341
2024-02-29 15:00:00+00:00,7404.470555555556,7404.470555555556
2024-02-29 16:00:00+00:00,1868.9788888888888,1868.9788888888888
2024-02-29 17:00:00+00:00,5104.062777777778,25510.19471569597
2024-02-29 18:00:00+00:00,4507.696111111111,4507.696111111111
2024-02-29 19:00:00+00:00,1017.8508333333332,1017.8508333333332
2024-02-29 20:00:00+00:00,3988.498888888889,3988.498888888889
2024-02-29 21:00:00+00:00,1148.1419444444443,6312.0216068134105
2024-02-29 22:00:00+00:00,817.6716666666666,5408.647556434234
2024-02-29 23:00:00+00:00,3969.333611111111,3969.333611111111
2024-03-01 00:00:00+00:00,798.4194444444445,798.4194444444445
2024-03-01 01:00:00+00:00,485.94194444444446,485.94194444444446
2024-03-01 02:00:00+00:00,717.1572222222222,717.1572222222222
2024-03-01 03:00:00+00:00,47086.84694444444,1544.7288804253621
2024-03-01 04:00:00+00:00,15053.776944444444,15053.776944444444
2024-03-01 05:00:00+00:00,42552.274722222224,42552.274722222224
2024-03-01 06:00:00+00:00,119253.40861111112,119253.40861111112
2024-03-01 07:00:00+00:00,84669.17638888888,59446.61828344918
2024-03-01 08:00:00+00:00,134583.71583333332,71109.27656024706
2024-03-01 09:00:00+00:00,30071.264444444445,30071.264444444445
2024-03-01 10:00:00+00:00,168502.3025,168502.3025
2024-03-01 11:00:00+00:00,87259.31583333333,87259.31583333333
2024-03-01 12:00:00+00:00,52040.99611111111,93520.29413793678
2024-03-01 13:00:00+00:00,3623.75,79974.94790210077
2024-03-01 14:00:00+00:00,1236.9827777777778,1236.9827777777778
2024-03-01 15:00:00+00:00,6263.08,6263.08
2024-03-01 16:00:00+00:00,1361.023888888889,1361.023888888889
2024-03-01 17:00:00+00:00,825.1816666666666,825.1816666666666
2024-03-01 18:00:00+00:00,612.2583333333333,612.2583333333333
2024-03-01 19:00:00+00:00,905.6766666666666,905.6766666666666
2024-03-01 20:00:00+00:00,1195.8066666666666,1195.8066666666666
2024-03-01 21:00:00+00:00,1296.4263888888888,1296.4263888888888
2024-03-01 22:00:00+00:00,11674.028333333334,11674.028333333334
2024-03-01 23:00:00+00:00,1060.810277777778,1060.810277777778
2024-03-02 00:00:00+00:00,820.7727777777778,820.7727777777778
2024-03-02 01:00:00+00:00,859.4752777777778,859.4752777777778
2024-03-02 02:00:00+00:00,464.7525,464.7525
2024-03-02 03:00:00+00:00,639.1480555555555,639.1480555555555
2024-03-02 04:00:00+00:00,2771.2858333333334,2771.2858333333334
2024-03-02 05:00:00+00:00,554.4108333333334,554.4108333333334
2024-03-02 06:00:00+00:00,16495.62638888889,16495.62638888889
2024-03-02 07:00:00+00:00,630.5275,630.5275
2024-03-02 08:00:00+00:00,525.5755555555555,525.5755555555555
2024-03-02 09:00:00+00:00,5204.943333333334,3048.674582362352
2024-03-02 10:00:00+00:00,8514.639166666666,8514.639166666666
2024-03-02 11:00:00+00:00,996.4275,996.4275
2024-03-02 12:00:00+00:00,7151.763333333333,3764.4258443697727
2024-03-02 13:00:00+00:00,653.4016666666666,653.4016666666666
2024-03-02 14:00:00+00:00,631.0102777777778,631.0102777777778
2024-03-02 15:00:00+00:00,913.4133333333332,1383.7090056238926
2024-03-02 16:00:00+00:00,1429.6633333333334,1429.6633333333334
2024-03-02 17:00:00+00:00,554.6397222222222,554.6397222222222
2024-03-02 18:00:00+00:00,481.48083333333335,481.48083333333335
2024-03-02 19:00:00+00:00,515.3258333333333,812.303486173984
2024-03-02 20:00:00+00:00,808.2419444444445,808.2419444444445
2024-03-02 21:00:00+00:00,2173.6466666666665,2173.6466666666665
2024-03-02 22:00:00+00:00,867.3441666666666,867.3441666666666
2024-03-02 23:00:00+00:00,841.1583333333333,1141.3290691913178
2024-03-03 00:00:00+00:00,656.8066666666666,656.8066666666666
2024-03-03 01:00:00+00:00,1086.6297222222222,1086.6297222222222
2024-03-03 02:00:00+00:00,696.5694444444445,696.5694444444445
2024-03-03 03:00:00+00:00,1602.0669444444443,1602.0669444444443
2024-03-03 04:00:00+00:00,5054.280833333333,5054.280833333333
2024-03-03 05:00:00+00:00,18936.69861111111,18936.69861111111
2024-03-03 06:00:00+00:00,443.13388888888886,8970.521276252253
2024-03-03 07:00:00+00:00,1399.3138888888889,1399.3138888888889
2024-03-03 08:00:00+00:00,19106.43,19106.43
2024-03-03 09:00:00+00:00,791.8625,791.8625
2024-03-03 10:00:00+00:00,19515.42361111111,19515.42361111111
2024-03-03 11:00:00+00:00,3356.2716666666665,3356.2716666666665
2024-03-03 12:00:00+00:00,322.4,322.4
2024-03-03 13:00:00+00:00,2425.821111111111,2425.821111111111
2024-03-03 14:00:00+00:00,1253.1269444444445,4255.159840380046
2024-03-03 15:00:00+00:00,1116.637222222222,1116.637222222222
2024-03-03 16:00:00+00:00,979.3180555555556,979.3180555555556
2024-03-03 17:00:00+00:00,587.5433333333333,587.5433333333333
2024-03-03 18:00:00+00:00,2478.5133333333333,2478.5133333333333
2024-03-03 19:00:00+00:00,3524.9766666666665,1804.829677453567
2024-03-03 20:00:00+00:00,1468.2083333333333,4295.453698461706
2024-03-03 21:00:00+00:00,19728.32583333333,19728.32583333333
2024-03-03 22:00:00+00:00,1368.443888888889,1368.443888888889
2024-03-03 23:00:00+00:00,890.9419444444444,8231.673825234237
2024-03-04 00:00:00+00:00,713.7786111111111,5487.1948932329615
2024-03-04 01:00:00+00:00,723.1025,723.1025
2024-03-04 02:00:00+00:00,336.0577777777778,336.0577777777778
2024-03-04 03:00:00+00:00,2741.408055555556,1697.7820479389843
2024-03-04 04:00:00+00:00,27413.46888888889,10244.789692956285
2024-03-04 05:00:00+00:00,70552.53583333333,70552.53583333333
2024-03-04 06:00:00+00:00,291706.0252777777,42388.26848046956
2024-03-04 07:00:00+00:00,93838.98888888888,93838.98888888888
2024-03-04 08:00:00+00:00,52836.839166666665,52836.839166666665
2024-03-04 09:00:00+00:00,153795.44055555554,64439.66465146655
2024-03-04 10:00:00+00:00,137982.45833333334,137982.45833333334
2024-03-04 11:00:00+00:00,89505.95722222222,100306.46243807192
2024-03-04 12:00:00+00:00,126622.80083333331,100956.06408274609
2024-03-04 13:00:00+00:00,29980.674722222226,29980.674722222226
2024-03-04 14:00:00+00:00,2938.2394444444444,2938.2394444444444
2024-03-04 15:00:00+00:00,1055.9055555555556,1055.9055555555556
2024-03-04 16:00:00+00:00,3958.077222222222,25524.090520496764
2024-03-04 17:00:00+00:00,5515.785277777778,16075.97074309487
2024-03-04 18:00:00+00:00,1356.9230555555555,1356.9230555555555
2024-03-04 19:00:00+00:00,1706.483611111111,1706.483611111111
2024-03-04 20:00:00+00:00,2603.080833333333,2603.080833333333
2024-03-04 21:00:00+00:00,961.0261111111112,3982.6443473645886
2024-03-04 22:00:00+00:00,698.1486111111111,698.1486111111111
2024-03-04 23:00:00+00:00,781.4869444444445,781.4869444444445
2024-03-05 00:00:00+00:00,2204.612222222222,2204.612222222222
2024-03-05 01:00:00+00:00,693.7533333333333,1848.3721699893592
2024-03-05 02:00:00+00:00,659.2811111111112,659.2811111111112
2024-03-05 03:00:00+00:00,1316.5830555555556,1288.469694947346
2024-03-05 04:00:00+00:00,8389.90361111111,8389.90361111111
2024-03-05 05:00:00+00:00,95946.60472222224,95946.60472222224
2024-03-05 06:00:00+00:00,181081.54305555555,181081.54305555555
2024-03-05 07:00:00+00:00,145997.83555555556,145997.83555555556
2024-03-05 08:00:00+00:00,180460.1758333333,180460.1758333333
2024-03-05 09:00:00+00:00,105683.66777777778,105683.66777777778
2024-03-05 10:00:00+00:00,82797.96361111112,82797.96361111112
2024-03-05 11:00:00+00:00,110685.94972222224,110685.94972222224
2024-03-05 12:00:00+00:00,54263.43194444444,110104.28868614703
2024-03-05 13:00:00+00:00,32168.9425,32168.9425
2024-03-05 14:00:00+00:00,1821.1002777777776,1821.1002777777776
2024-03-05 15:00:00+00:00,641.5411111111111,641.5411111111111
2024-03-05 16:00:00+00:00,588.5111111111111,588.5111111111111
2024-03-05 17:00:00+00:00,1096.0177777777778,1096.0177777777778
2024-03-05 18:00:00+00:00,4336.984444444444,10756.260283535728
2024-03-05 19:00:00+00:00,726.7252777777778,726.7252777777778
2024-03-05 20:00:00+00:00,5724.646944444445,4530.389502733726
2024-03-05 21:00:00+00:00,312.9711111111111,3368.1674018892672
2024-03-05 22:00:00+00:00,3145.183055555556,3145.183055555556
2024-03-05 23:00:00+00:00,175.83638888888888,3037.397724767289
2024-03-06 00:00:00+00:00,526.5180555555555,2731.5379260339823
2024-03-06 01:00:00+00:00,455.2786111111111,455.2786111111111
2024-03-06 02:00:00+00:00,2465.4972222222223,1521.4499878041047
2024-03-06 03:00:00+00:00,928.6930555555556,928.6930555555556
2024-03-06 04:00:00+00:00,10383.6275,1094.7101302386036
2024-03-06 05:00:00+00:00,52226.76583333333,52226.76583333333
2024-03-06 06:00:00+00:00,101253.55527777778,101253.55527777778
2024-03-06 07:00:00+00:00,86096.31944444444,86096.31944444444
2024-03-06 08:00:00+00:00,48138.274722222224,48138.274722222224
2024-03-06 09:00:00+00:00,54681.97416666667,54681.97416666667
2024-03-06 10:00:00+00:00,43212.55305555555,43212.55305555555
2024-03-06 11:00:00+00:00,78363.6086111111,52232.634931212
2024-03-06 12:00:00+00:00,79186.30222222222,79186.30222222222
2024-03-06 13:00:00+00:00,102759.94472222222,102759.94472222222
2024-03-06 14:00:00+00:00,3901.0716666666663,79525.53366681313
2024-03-06 15:00:00+00:00,2338.525833333333,2338.525833333333
2024-03-06 16:00:00+00:00,2453.105833333333,43193.850358868425
2024-03-06 17:00:00+00:00,4314.305833333333,4314.305833333333
2024-03-06 18:00:00+00:00,1844.535,18654.78633351373
2024-03-06 19:00:00+00:00,3132.723055555556,12761.909488404293
2024-03-06 20:00:00+00:00,1740.4169444444444,1740.4169444444444
2024-03-06 21:00:00+00:00,910.3902777777778,910.3902777777778
2024-03-06 22:00:00+00:00,3232.8116666666665,3232.8116666666665
2024-03-06 23:00:00+00:00,665.5122222222222,665.5122222222222
2024-03-07 00:00:00+00:00,833.4822222222223,833.4822222222223
2024-03-07 01:00:00+00:00,1233.3852777777777,1885.9048587017526
2024-03-07 02:00:00+00:00,1436.1233333333332,3922.3580634252503
2024-03-07 03:00:00+00:00,19747.52888888889,19747.52888888889
2024-03-07 04:00:00+00:00,11996.3975,12318.35371272927
2024-03-07 05:00:00+00:00,129751.0575,129751.0575
2024-03-07 06:00:00+00:00,173645.5275,72671.22148318026
2024-03-07 07:00:00+00:00,93444.68305555556,95208.50343794946
2024-03-07 08:00:00+00:00,187916.365,109413.20412058031
2024-03-07 09:00:00+00:00,111156.74277777778,118516.10669368104
2024-03-07 10:00:00+00:00,64993.41055555556,124495.32608862469
2024-03-07 11:00:00+00:00,136030.32833333334,136030.32833333334
2024-03-07 12:00:00+00:00,124077.08611111112,131457.69018040062
2024-03-07 13:00:00+00:00,17789.845555555556,17789.845555555556
2024-03-07 14:00:00+00:00,2757.2658333333334,2757.2658333333334
2024-03-07 15:00:00+00:00,1125.8472222222222,1125.8472222222222
2024-03-07 16:00:00+00:00,1241.263888888889,1241.263888888889
2024-03-07 17:00:00+00:00,1577.6344444444444,18234.289165137736
2024-03-07 18:00:00+00:00,1887.4252777777776,12349.211943088681
2024-03-07 19:00:00+00:00,1320.046111111111,9449.560639604742
2024-03-07 20:00:00+00:00,8500.055833333334,8500.055833333334
2024-03-07 21:00:00+00:00,1314.2188888888888,1314.2188888888888
2024-03-07 22:00:00+00:00,2179.913888888889,5668.067589835773
2024-03-07 23:00:00+00:00,1026.451388888889,1026.451388888889
2024-03-08 00:00:00+00:00,1136.6669444444444,1136.6669444444444
2024-03-08 01:00:00+00:00,18786.303333333333,18786.303333333333
2024-03-08 02:00:00+00:00,822.3505555555555,822.3505555555555
2024-03-08 03:00:00+00:00,21838.20138888889,21838.20138888889
2024-03-08 04:00:00+00:00,26814.639166666668,26814.639166666668
2024-03-08 05:00:00+00:00,105019.63472222222,105019.63472222222
2024-03-08 06:00:00+00:00,74322.66444444444,51541.290831041246
2024-03-08 07:00:00+00:00,63164.709444444445,63819.14335395397
2024-03-08 08:00:00+00:00,39582.81138888889,39582.81138888889
2024-03-08 09:00:00+00:00,60355.42277777778,60355.42277777778
2024-03-08 10:00:00+00:00,87461.78638888888,87461.78638888888
2024-03-08 11:00:00+00:00,89816.21722222223,89816.21722222223
2024-03-08 12:00:00+00:00,17577.909166666668,76719.19570601487
2024-03-08 13:00:00+00:00,49788.47444444445,49788.47444444445
2024-03-08 14:00:00+00:00,1859.0572222222224,64635.34779244334
2024-03-08 15:00:00+00:00,575.8930555555555,575.8930555555555
2024-03-08 16:00:00+00:00,2014.5752777777775,2014.5752777777775
2024-03-08 17:00:00+00:00,6686.047777777778,19413.52619798603
2024-03-08 18:00:00+00:00,758.37,12565.808726737514
2024-03-08 19:00:00+00:00,1228.1486111111112,1228.1486111111112
2024-03-08 20:00:00+00:00,2187.1736111111118,5540.594473105572
2024-03-08 21:00:00+00:00,542.2672222222222,3771.4021378631705
2024-03-08 22:00:00+00:00,476.6019444444444,476.6019444444444
2024-03-08 23:00:00+00:00,1197.5530555555556,1771.214039813548
2024-03-09 00:00:00+00:00,592.4872222222223,1242.4592865359675
2024-03-09 01:00:00+00:00,576.3086111111111,891.9219320032701
2024-03-09 02:00:00+00:00,200.16,200.16
2024-03-09 03:00:00+00:00,461.1638888888889,475.891315392172
2024-03-09 04:00:00+00:00,593.5061111111111,407.66006507270515
2024-03-09 05:00:00+00:00,516.9783333333334,404.5618161074318
2024-03-09 06:00:00+00:00,866.7066666666667,441.34261690167824
2024-03-09 07:00:00+00:00,1552.4752777777778,502.54020452682755
2024-03-09 08:00:00+00:00,346.11083333333335,578.6874833492561
2024-03-09 09:00:00+00:00,453.8441666666667,663.9880249839375
2024-03-09 10:00:00+00:00,998.1972222222222,998.1972222222222
2024-03-09 11:00:00+00:00,1378.5580555555557,1378.5580555555557
2024-03-09 12:00:00+00:00,930.6913888888888,1054.4652102707223
2024-03-09 13:00:00+00:00,4761.1,1184.9042629591363
2024-03-09 14:00:00+00:00,1415.533888888889,1415.533888888889
2024-03-09 15:00:00+00:00,19215.075277777774,19215.075277777774
2024-03-09 16:00:00+00:00,760.2594444444444,760.2594444444444
2024-03-09 17:00:00+00:00,1033.4563888888888,5353.483290289636
2024-03-09 18:00:00+00:00,65298.72111111111,65298.72111111111
2024-03-09 19:00:00+00:00,7366.594444444445,35166.14032652174
2024-03-09 20:00:00+00:00,1400.8955555555556,40627.09992605488
2024-03-09 21:00:00+00:00,9845.669444444444,37748.37233693468
2024-03-09 22:00:00+00:00,1106.3041666666666,1106.3041666666666
2024-03-09 23:00:00+00:00,1405.361388888889,18652.27243161391
2024-03-10 00:00:00+00:00,614.6158333333333,614.6158333333333
2024-03-10 01:00:00+00:00,580.4116666666666,7434.859242938031
2024-03-10 02:00:00+00:00,2278.010277777778,4787.929670618739
2024-03-10 03:00:00+00:00,595.0897222222222,595.0897222222222
2024-03-10 04:00:00+00:00,627.8519444444445,627.8519444444445
2024-03-10 05:00:00+00:00,870.6219444444445,1571.1027300827748
2024-03-10 06:00:00+00:00,469.18611111111113,469.18611111111113
2024-03-10 07:00:00+00:00,537.9955555555556,901.1012543159029
2024-03-10 08:00:00+00:00,534.8802777777778,778.3359389279415
2024-03-10 09:00:00+00:00,815.0516666666666,815.0516666666666
2024-03-10 10:00:00+00:00,653.8488888888888,773.9188856214173
2024-03-10 11:00:00+00:00,904.4911111111112,904.4911111111112
2024-03-10 12:00:00+00:00,2863.804166666667,2863.804166666667
2024-03-10 13:00:00+00:00,4413.841666666666,1627.7038565311452
2024-03-10 14:00:00+00:00,741.7644444444444,2178.910063755206
2024-03-10 15:00:00+00:00,1856.5991666666664,2588.3319613255453
2024-03-10 16:00:00+00:00,3605.913333333333,3605.913333333333
2024-03-10 17:00:00+00:00,2101.53,2101.53
2024-03-10 18:00:00+00:00,4150.541944444444,2762.0929254047333
2024-03-10 19:00:00+00:00,2601.7208333333333,2522.3790369216385
2024-03-10 20:00:00+00:00,2228.465277777778,2228.465277777778
2024-03-10 21:00:00+00:00,17557.473611111112,2328.601827935788
2024-03-10 22:00:00+00:00,4281.465833333334,4281.465833333334
2024-03-10 23:00:00+00:00,718.8541666666666,718.8541666666666
2024-03-11 00:00:00+00:00,667.1602777777778,667.1602777777778
2024-03-11 01:00:00+00:00,18789.58805555556,1668.556169447528
2024-03-11 02:00:00+00:00,427.3405555555556,2381.180131962446
2024-03-11 03:00:00+00:00,1611.6325,3918.39329994369
2024-03-11 04:00:00+00:00,12024.518055555556,12024.518055555556
2024-03-11 05:00:00+00:00,77262.54,77262.54
2024-03-11 06:00:00+00:00,308525.8719444444,35045.92743608353
2024-03-11 07:00:00+00:00,71426.77555555555,71426.77555555555
2024-03-11 08:00:00+00:00,86164.70555555556,86164.70555555556
2024-03-11 09:00:00+00:00,172622.24027777778,69214.87680968533
2024-03-11 10:00:00+00:00,204886.32083333333,73010.72501726904
2024-03-11 11:00:00+00:00,99186.68833333334,72558.7214541069
2024-03-11 12:00:00+00:00,57525.20055555556,57525.20055555556
2024-03-11 13:00:00+00:00,15403.596944444444,15403.596944444444
2024-03-11 14:00:00+00:00,3294.078611111111,3294.078611111111
2024-03-11 15:00:00+00:00,19355.262777777774,19355.262777777774
2024-03-11 16:00:00+00:00,1841.8741666666667,1841.8741666666667
2024-03-11 17:00:00+00:00,2269.8869444444445,2269.8869444444445
2024-03-11 18:00:00+00:00,2005.408888888889,2005.408888888889
2024-03-11 19:00:00+00:00,1869.4894444444444,1869.4894444444444
2024-03-11 20:00:00+00:00,9759.15361111111,9759.15361111111
2024-03-11 21:00:00+00:00,791.5480555555556,791.5480555555556
2024-03-11 22:00:00+00:00,1034.3647222222223,1034.3647222222223
2024-03-11 23:00:00+00:00,1375.290277777778,1375.290277777778
2024-03-12 00:00:00+00:00,894.0961111111111,894.0961111111111
2024-03-12 01:00:00+00:00,871.1525,871.1525
2024-03-12 02:00:00+00:00,577.7813888888888,577.7813888888888
2024-03-12 03:00:00+00:00,1823.230555555556,1823.230555555556
2024-03-12 04:00:00+00:00,14205.106666666668,14205.106666666668
2024-03-12 05:00:00+00:00,37762.95055555556,37762.95055555556
2024-03-12 06:00:00+00:00,83316.47555555556,83316.47555555556
2024-03-12 07:00:00+00:00,26910.727222222224,26910.727222222224
2024-03-12 08:00:00+00:00,145892.65194444446,37163.03677297654
2024-03-12 09:00:00+00:00,147150.82833333334,147150.82833333334
2024-03-12 10:00:00+00:00,242529.77333333332,242529.77333333332
2024-03-12 11:00:00+00:00,81960.40666666666,81960.40666666666
2024-03-12 12:00:00+00:00,50909.67444444444,50909.67444444444
2024-03-12 13:00:00+00:00,225843.86583333332,225843.86583333332
2024-03-12 14:00:00+00:00,10767.45611111111,10767.45611111111
2024-03-12 15:00:00+00:00,4210.074444444444,93583.4567211916
2024-03-12 16:00:00+00:00,4177.876666666667,4177.876666666667
2024-03-12 17:00:00+00:00,41560.45777777778,38476.03348759799
2024-03-12 18:00:00+00:00,7730.403333333334,7730.403333333334
2024-03-12 19:00:00+00:00,2088.4875,2088.4875
2024-03-12 20:00:00+00:00,10602.264166666666,10602.264166666666
2024-03-12 21:00:00+00:00,9378.920277777775,11667.20791825975
2024-03-12 22:00:00+00:00,27300.27083333333,13383.434687238916
2024-03-12 23:00:00+00:00,27076.165833333333,27076.165833333333
2024-03-13 00:00:00+00:00,1551.421388888889,1551.421388888889
2024-03-13 01:00:00+00:00,3336.9044444444444,13238.488899652713
2024-03-13 02:00:00+00:00,805.4855555555556,805.4855555555556
2024-03-13 03:00:00+00:00,7190.991388888889,5554.85859043175
2024-03-13 04:00:00+00:00,81494.685,81494.685
2024-03-13 05:00:00+00:00,117984.06194444445,43449.06587372194
2024-03-13 06:00:00+00:00,330544.1386111111,56912.70636490787
2024-03-13 07:00:00+00:00,105056.41583333332,63868.355117665466
2024-03-13 08:00:00+00:00,68209.64972222222,68209.64972222222
2024-03-13 09:00:00+00:00,70463.57388888889,70463.57388888889
2024-03-13 10:00:00+00:00,99068.83166666668,99068.83166666668
2024-03-13 11:00:00+00:00,129849.7063888889,129849.7063888889
2024-03-13 12:00:00+00:00,132254.71055555556,99570.14507061298
2024-03-13 13:00:00+00:00,56230.24305555556,98958.77400172588
2024-03-13 14:00:00+00:00,3514.2986111111118,86232.814986454
2024-03-13 15:00:00+00:00,2424.2608333333333,2424.2608333333333
2024-03-13 16:00:00+00:00,3441.4836111111117,41404.608496116125
2024-03-13 17:00:00+00:00,1344.0258333333334,1344.0258333333334
2024-03-13 18:00:00+00:00,2200.85,16489.99063590209
2024-03-13 19:00:00+00:00,1432.6547222222223,11962.831166457454
2024-03-13 20:00:00+00:00,990.2222222222222,10536.35245835528
2024-03-13 21:00:00+00:00,311.45944444444444,11008.330750530748
2024-03-13 22:00:00+00:00,18693.38555555556,18693.38555555556
2024-03-13 23:00:00+00:00,615.6211111111111,615.6211111111111
2024-03-14 00:00:00+00:00,1076.8497222222222,9415.84910920569
2024-03-14 01:00:00+00:00,607.8569444444445,607.8569444444445
2024-03-14 02:00:00+00:00,1150.7280555555556,1150.7280555555556
2024-03-14 03:00:00+00:00,1911.6558333333328,1911.6558333333328
2024-03-14 04:00:00+00:00,13876.265277777778,13876.265277777778
2024-03-14 05:00:00+00:00,116154.75944444444,116154.75944444444
2024-03-14 06:00:00+00:00,433183.3666666666,433183.3666666666
2024-03-14 07:00:00+00:00,116168.68833333334,116168.68833333334
2024-03-14 08:00:00+00:00,116504.75416666668,116504.75416666668
2024-03-14 09:00:00+00:00,229659.35694444444,229659.35694444444
2024-03-14 10:00:00+00:00,172204.25083333332,179061.6821357795
2024-03-14 11:00:00+00:00,66938.06305555555,66938.06305555555
2024-03-14 12:00:00+00:00,53256.63805555556,53256.63805555556
2024-03-14 13:00:00+00:00,41726.153333333335,99194.40651017558
2024-03-14 14:00:00+00:00,2609.0247222222224,2609.0247222222224
2024-03-14 15:00:00+00:00,782.0319444444444,782.0319444444444
2024-03-14 16:00:00+00:00,3827.8941666666665,27750.28506954229
2024-03-14 17:00:00+00:00,1839.3736111111111,1839.3736111111111
2024-03-14 18:00:00+00:00,969.4422222222222,969.4422222222222
2024-03-14 19:00:00+00:00,1379.8861111111112,1379.8861111111112
2024-03-14 20:00:00+00:00,5481.1525,5048.960032199484
2024-03-14 21:00:00+00:00,1189.8580555555557,3845.27083063156
2024-03-14 22:00:00+00:00,3073.7269444444446,3073.7269444444446
2024-03-14 23:00:00+00:00,1605.6,3228.9235157903854
2024-03-15 00:00:00+00:00,19801.04333333333,3008.148716463382
2024-03-15 01:00:00+00:00,1146.9980555555555,2712.374110494344
2024-03-15 02:00:00+00:00,796.1563888888888,2370.679295739481
2024-03-15 03:00:00+00:00,1002.685,1002.685
2024-03-15 04:00:00+00:00,4772.101388888889,4772.101388888889
2024-03-15 05:00:00+00:00,116248.14277777776,116248.14277777776
2024-03-15 06:00:00+00:00,75467.97694444444,75467.97694444444
2024-03-15 07:00:00+00:00,166656.2763888889,166656.2763888889
2024-03-15 08:00:00+00:00,282767.265,100081.37919729872
2024-03-15 09:00:00+00:00,92655.05694444444,118731.17791032276
2024-03-15 10:00:00+00:00,160901.63472222222,122986.69168756247
2024-03-15 11:00:00+00:00,90250.41722222224,118429.00181577534
2024-03-15 12:00:00+00:00,24225.91305555556,108475.24267721098
2024-03-15 13:00:00+00:00,2855.554722222222,95217.6266562435
2024-03-15 14:00:00+00:00,3941.9597222222224,79937.15478229294
2024-03-15 15:00:00+00:00,18857.825277777774,18857.825277777774
2024-03-15 16:00:00+00:00,9225.648888888889,9225.648888888889
2024-03-15 17:00:00+00:00,1722.2413888888889,1722.2413888888889
2024-03-15 18:00:00+00:00,1181.6886111111112,1181.6886111111112
2024-03-15 19:00:00+00:00,6402.164722222222,6402.164722222222
2024-03-15 20:00:00+00:00,1304.7911111111111,10318.440818968706
2024-03-15 21:00:00+00:00,3963.1827777777776,3963.1827777777776
2024-03-15 22:00:00+00:00,805.9586111111112,6635.116625142391
2024-03-15 23:00:00+00:00,2841.755,2841.755
2024-03-16 00:00:00+00:00,713.9091666666667,4396.905317740344
2024-03-16 01:00:00+00:00,18847.77138888889,18847.77138888889
2024-03-16 02:00:00+00:00,1860.7975,11530.615363606912
2024-03-16 03:00:00+00:00,929.9705555555556,929.9705555555556
2024-03-16 04:00:00+00:00,682.5419444444444,682.5419444444444
2024-03-16 05:00:00+00:00,851.2455555555556,851.2455555555556
2024-03-16 06:00:00+00:00,505.0294444444445,505.0294444444445
2024-03-16 07:00:00+00:00,715.6472222222222,715.6472222222222
2024-03-16 08:00:00+00:00,1173.5530555555556,1569.8762996097955
2024-03-16 09:00:00+00:00,366.0202777777778,366.0202777777778
2024-03-16 10:00:00+00:00,725.7627777777777,725.7627777777777
2024-03-16 11:00:00+00:00,762.6919444444444,807.2278179803451
2024-03-16 12:00:00+00:00,1220.7125,841.3753800772489
2024-03-16 13:00:00+00:00,1234.37,1234.37
2024-03-16 14:00:00+00:00,1171.809166666667,1171.809166666667
2024-03-16 15:00:00+00:00,1914.3608333333332,1914.3608333333332
2024-03-16 16:00:00+00:00,17801.864166666666,17801.864166666666
2024-03-16 17:00:00+00:00,1155.0075,1155.0075
2024-03-16 18:00:00+00:00,654.5561111111111,654.5561111111111
2024-03-16 19:00:00+00:00,3313.139722222222,3439.774677526622
2024-03-16 20:00:00+00:00,1511.7972222222222,1511.7972222222222
2024-03-16 21:00:00+00:00,1353.9005555555557,1353.9005555555557
2024-03-16 22:00:00+00:00,1055.5780555555557,1830.7962026651458
2024-03-16 23:00:00+00:00,19123.749722222223,19123.749722222223
2024-03-17 00:00:00+00:00,808.7413888888889,10531.801122633577
2024-03-17 01:00:00+00:00,2324.5841666666665,2324.5841666666665
2024-03-17 02:00:00+00:00,638.6672222222222,638.6672222222222
2024-03-17 03:00:00+00:00,1100.1291666666666,1100.1291666666666
2024-03-17 04:00:00+00:00,461.1227777777778,461.1227777777778
2024-03-17 05:00:00+00:00,1345.3225,1345.3225
2024-03-17 06:00:00+00:00,959.1288888888888,959.1288888888888
2024-03-17 07:00:00+00:00,1100.0225,1100.0225
2024-03-17 08:00:00+00:00,994.5775,994.5775
2024-03-17 09:00:00+00:00,4366.991944444444,1219.314969065349
2024-03-17 10:00:00+00:00,750.4505555555555,1114.341347147448
2024-03-17 11:00:00+00:00,856.5708333333333,856.5708333333333
2024-03-17 12:00:00+00:00,2831.6769444444444,964.1234717308448
2024-03-17 13:00:00+00:00,2096.030555555556,1002.3942061549039
2024-03-17 14:00:00+00:00,2368.675833333333,1105.798276341134
2024-03-17 15:00:00+00:00,1681.6008333333334,1681.6008333333334
2024-03-17 16:00:00+00:00,1892.8522222222225,1416.7818379216317
2024-03-17 17:00:00+00:00,4995.388333333333,4995.388333333333
2024-03-17 18:00:00+00:00,1417.0733333333333,1417.0733333333333
2024-03-17 19:00:00+00:00,1966.7155555555555,1966.7155555555555
2024-03-17 20:00:00+00:00,1945.7669444444443,2321.2478639272367
2024-03-17 21:00:00+00:00,18070.96277777778,18070.96277777778
2024-03-17 22:00:00+00:00,1409.872777777778,10255.239971770021
2024-03-17 23:00:00+00:00,20504.17944444445,20504.17944444445
2024-03-18 00:00:00+00:00,19274.10361111111,16373.282929863042
2024-03-18 01:00:00+00:00,776.6263888888889,776.6263888888889
2024-03-18 02:00:00+00:00,1097.1394444444445,8965.049048503577
2024-03-18 03:00:00+00:00,3845.366388888889,3845.366388888889
2024-03-18 04:00:00+00:00,16251.550277777778,5400.359490176075
2024-03-18 05:00:00+00:00,101449.95583333333,101449.95583333333
2024-03-18 06:00:00+00:00,261947.61777777775,261947.61777777775
2024-03-18 07:00:00+00:00,88038.78222222222,134540.28400436064
2024-03-18 08:00:00+00:00,132985.97083333333,166632.2526080181
2024-03-18 09:00:00+00:00,182744.73361111112,168973.68942585058
2024-03-18 10:00:00+00:00,70240.00361111111,153099.7375345505
2024-03-18 11:00:00+00:00,38756.328055555554,38756.328055555554
2024-03-18 12:00:00+00:00,118610.59666666666,118610.59666666666
2024-03-18 13:00:00+00:00,86808.65694444445,102451.06139981304
2024-03-18 14:00:00+00:00,4604.175,4604.175
2024-03-18 15:00:00+00:00,1977.058611111111,54816.89563277364
2024-03-18 16:00:00+00:00,1423.168888888889,1423.168888888889
2024-03-18 17:00:00+00:00,1141.0627777777777,1141.0627777777777
2024-03-18 18:00:00+00:00,1202.6408333333334,1202.6408333333334
2024-03-18 19:00:00+00:00,2347.4769444444446,2347.4769444444446
2024-03-18 20:00:00+00:00,3470.710833333333,3470.710833333333
2024-03-18 21:00:00+00:00,93401.73861111113,93401.73861111113
2024-03-18 22:00:00+00:00,1070.1058333333333,39426.09123368662
2024-03-18 23:00:00+00:00,1320.782222222222,1320.782222222222
2024-03-19 00:00:00+00:00,695.0230555555555,695.0230555555555
2024-03-19 01:00:00+00:00,954.6155555555556,954.6155555555556
2024-03-19 02:00:00+00:00,985.0983333333334,10482.58072901728
2024-03-19 03:00:00+00:00,1061.1091666666666,8395.814364509954
2024-03-19 04:00:00+00:00,13392.441111111111,13392.441111111111
2024-03-19 05:00:00+00:00,68103.8525,68103.8525
2024-03-19 06:00:00+00:00,159276.23,159276.23
2024-03-19 07:00:00+00:00,119074.00416666668,119074.00416666668
2024-03-19 08:00:00+00:00,544816.9441666667,544816.9441666667
2024-03-19 09:00:00+00:00,50471.00777777778,270201.0789202414
2024-03-19 10:00:00+00:00,175591.2563888889,175591.2563888889
2024-03-19 11:00:00+00:00,75105.26472222223,254884.39648206794
2024-03-19 12:00:00+00:00,59828.63111111111,207248.21921617902
2024-03-19 13:00:00+00:00,27657.31111111111,161190.0382966311
2024-03-19 14:00:00+00:00,1325.9225,1325.9225
2024-03-19 15:00:00+00:00,2763.513611111111,2763.513611111111
2024-03-19 16:00:00+00:00,6667.732222222222,6667.732222222222
2024-03-19 17:00:00+00:00,1376.0027777777775,30081.50837906389
2024-03-19 18:00:00+00:00,1741.1705555555557,1741.1705555555557
2024-03-19 19:00:00+00:00,1977.1461111111112,1977.1461111111112
2024-03-19 20:00:00+00:00,1354.576111111111,1354.576111111111
2024-03-19 21:00:00+00:00,1848.4766666666667,1848.4766666666667
2024-03-19 22:00:00+00:00,1495.3025,1495.3025
2024-03-19 23:00:00+00:00,362.0572222222222,362.0572222222222
2024-03-20 00:00:00+00:00,1494.3361111111112,1494.3361111111112
2024-03-20 01:00:00+00:00,412.5177777777778,412.5177777777778
2024-03-20 02:00:00+00:00,570.1858333333333,1304.400367443457
2024-03-20 03:00:00+00:00,3224.1936111111117,4586.13010417196
2024-03-20 04:00:00+00:00,21185.85111111111,10222.97660239705
2024-03-20 05:00:00+00:00,37835.96277777778,37835.96277777778
2024-03-20 06:00:00+00:00,182203.5816666667,182203.5816666667
2024-03-20 07:00:00+00:00,67554.40972222222,67554.40972222222
2024-03-20 08:00:00+00:00,77521.69083333333,77521.69083333333
2024-03-20 09:00:00+00:00,54498.6475,78376.44519779684
2024-03-20 10:00:00+00:00,56097.887777777774,56097.887777777774
2024-03-20 11:00:00+00:00,70701.1175,66992.53427892354
2024-03-20 12:00:00+00:00,86233.15638888889,86233.15638888889
2024-03-20 13:00:00+00:00,45736.32166666666,75443.3282328664
2024-03-20 14:00:00+00:00,9926.737222222222,9926.737222222222
2024-03-20 15:00:00+00:00,3271.635,3271.635
2024-03-20 16:00:00+00:00,28500.60944444445,28500.60944444445
2024-03-20 17:00:00+00:00,1258.888888888889,28151.041769250605
2024-03-20 18:00:00+00:00,4013.9963888888888,4013.9963888888888
2024-03-20 19:00:00+00:00,1916.2666666666669,1916.2666666666669
2024-03-20 20:00:00+00:00,7292.195833333333,7292.195833333333
2024-03-20 21:00:00+00:00,15258.085555555555,15258.085555555555
2024-03-20 22:00:00+00:00,1195.8227777777777,11590.933796702615
2024-03-20 23:00:00+00:00,45908.73888888889,45908.73888888889
2024-03-21 00:00:00+00:00,2398.117777777778,29405.664572045316
2024-03-21 01:00:00+00:00,19059.856944444444,32316.18119502625
2024-03-21 02:00:00+00:00,18919.24111111111,18919.24111111111
2024-03-21 03:00:00+00:00,765.7169444444445,765.7169444444445
2024-03-21 04:00:00+00:00,5354.786388888889,16263.177658134866
2024-03-21 05:00:00+00:00,153768.86055555556,18912.91729862772
2024-03-21 06:00:00+00:00,247000.0597222222,29193.83025130944
2024-03-21 07:00:00+00:00,114766.19027777776,44147.08954015006
2024-03-21 08:00:00+00:00,112423.01861111113,112423.01861111113
2024-03-21 09:00:00+00:00,68350.88694444444,81526.64234682411
2024-03-21 10:00:00+00:00,85232.42638888888,85232.42638888888
2024-03-21 11:00:00+00:00,103379.69833333332,87070.67584118801
2024-03-21 12:00:00+00:00,24522.28861111111,84928.42186325327
2024-03-21 13:00:00+00:00,74171.77694444444,74171.77694444444
2024-03-21 14:00:00+00:00,7785.518055555555,79079.43137424362
2024-03-21 15:00:00+00:00,9850.193611111112,9850.193611111112
2024-03-21 16:00:00+00:00,591.2366666666667,591.2366666666667
2024-03-21 17:00:00+00:00,6629.84,6629.84
2024-03-21 18:00:00+00:00,3397.388611111111,3397.388611111111
2024-03-21 19:00:00+00:00,3134.514722222222,12947.085011343755
2024-03-21 20:00:00+00:00,1957.6083333333331,1957.6083333333331
2024-03-21 21:00:00+00:00,1324.361111111111,1324.361111111111
2024-03-21 22:00:00+00:00,1786.3119444444444,1786.3119444444444
2024-03-21 23:00:00+00:00,1581.36,3349.299368466537
2024-03-22 00:00:00+00:00,2518.1852777777776,2903.0045043422915
2024-03-22 01:00:00+00:00,1714.5702777777778,2789.471730170676
2024-03-22 02:00:00+00:00,876.4233333333333,2879.679543219034
2024-03-22 03:00:00+00:00,3846.006388888889,3846.006388888889
2024-03-22 04:00:00+00:00,50097.58805555556,3385.9615055389413
2024-03-22 05:00:00+00:00,58995.74277777778,11086.071503259656
2024-03-22 06:00:00+00:00,76074.80194444445,23322.363043278674
2024-03-22 07:00:00+00:00,81443.8938888889,81443.8938888889
2024-03-22 08:00:00+00:00,269340.9580555556,55050.19594762419
2024-03-22 09:00:00+00:00,186943.2808333333,186943.2808333333
2024-03-22 10:00:00+00:00,36340.78305555556,124977.22853907455
2024-03-22 11:00:00+00:00,58183.26972222222,58183.26972222222
2024-03-22 12:00:00+00:00,18154.98361111111,98506.21466048597
2024-03-22 13:00:00+00:00,28075.3375,28075.3375
2024-03-22 14:00:00+00:00,1617.7525,58051.90936795481
2024-03-22 15:00:00+00:00,1376.878333333333,44677.08272610847
2024-03-22 16:00:00+00:00,616.7902777777778,34736.022579010816
2024-03-22 17:00:00+00:00,752.1761111111111,26897.358176921123
2024-03-22 18:00:00+00:00,2007.4038888888888,20345.929780945207
2024-03-22 19:00:00+00:00,962.9769444444444,962.9769444444444
2024-03-22 20:00:00+00:00,942.5397222222222,942.5397222222222
2024-03-22 21:00:00+00:00,1262.675277777778,6060.734613293651
2024-03-22 22:00:00+00:00,821.6483333333333,821.6483333333333
2024-03-22 23:00:00+00:00,590.4233333333333,590.4233333333333
2024-03-23 00:00:00+00:00,444.0391666666667,1943.2859169677831
2024-03-23 01:00:00+00:00,649.7619444444445,2816.450040988746
2024-03-23 02:00:00+00:00,359.0672222222222,4748.771279177726
2024-03-23 03:00:00+00:00,189.82694444444445,7329.583733507112
2024-03-23 04:00:00+00:00,18614.716666666667,18614.716666666667
2024-03-23 05:00:00+00:00,526.2519444444445,526.2519444444445
2024-03-23 06:00:00+00:00,19481.125,19481.125
2024-03-23 07:00:00+00:00,2650.198611111111,2650.198611111111
2024-03-23 08:00:00+00:00,1143.6622222222222,1143.6622222222222
2024-03-23 09:00:00+00:00,728.22,5852.168061297231
2024-03-23 10:00:00+00:00,1200.2577777777778,4097.050368391146
2024-03-23 11:00:00+00:00,14253.916666666666,3092.94908371134
2024-03-23 12:00:00+00:00,1641.5372222222222,2548.673388075165
2024-03-23 13:00:00+00:00,988.7755555555556,2285.9355789928813
2024-03-23 14:00:00+00:00,2234.73,2234.73
2024-03-23 15:00:00+00:00,661.3388888888888,2210.7566879123697
2024-03-23 16:00:00+00:00,669.3472222222222,2175.7031445287325
2024-03-23 17:00:00+00:00,1891.5880555555557,1891.5880555555557
2024-03-23 18:00:00+00:00,746.2786111111111,2025.2493491779912
2024-03-23 19:00:00+00:00,804.9216666666666,804.9216666666666
2024-03-23 20:00:00+00:00,939.6305555555556,1391.3776997666173
2024-03-23 21:00:00+00:00,422.1613888888889,422.1613888888889
2024-03-23 22:00:00+00:00,621.3719444444445,830.92987074907
2024-03-23 23:00:00+00:00,855.5538888888889,855.5538888888889
2024-03-24 00:00:00+00:00,967.0438888888888,794.8802869847583
2024-03-24 01:00:00+00:00,341.6511111111111,784.4944603144763
2024-03-24 02:00:00+00:00,593.1741666666667,593.1741666666667
2024-03-24 03:00:00+00:00,593.7044444444444,685.6580808918523
2024-03-24 04:00:00+00:00,1101.8522222222225,624.7251349413035
2024-03-24 05:00:00+00:00,399.1655555555556,399.1655555555556
2024-03-24 06:00:00+00:00,308.43888888888887,499.0746249577373
2024-03-24 07:00:00+00:00,759.0388888888889,759.0388888888889
2024-03-24 08:00:00+00:00,1346.631111111111,1346.631111111111
2024-03-24 09:00:00+00:00,1254.7813888888888,901.043130144137
2024-03-24 10:00:00+00:00,2875.6994444444445,2875.6994444444445
2024-03-24 11:00:00+00:00,1131.7605555555556,1953.9517996982595
2024-03-24 12:00:00+00:00,549.2372222222223,549.2372222222223
2024-03-24 13:00:00+00:00,1032.9066666666668,1351.9762423222846
2024-03-24 14:00:00+00:00,594.0205555555556,1059.6445141913175
2024-03-24 15:00:00+00:00,3269.79,899.5717123379275
2024-03-24 16:00:00+00:00,744.3575,744.3575
2024-03-24 17:00:00+00:00,550.8258333333333,550.8258333333333
2024-03-24 18:00:00+00:00,1039.217777777778,1039.217777777778
2024-03-24 19:00:00+00:00,1078.6708333333331,1078.6708333333331
2024-03-24 20:00:00+00:00,500.48527777777775,500.48527777777775
2024-03-24 21:00:00+00:00,1091.7705555555556,1091.7705555555556
2024-03-24 22:00:00+00:00,449.4191666666667,449.4191666666667
2024-03-24 23:00:00+00:00,684.3275,684.3275
2024-03-25 00:00:00+00:00,1557.945,705.4619731629508
2024-03-25 01:00:00+00:00,333.43666666666667,333.43666666666667
2024-03-25 02:00:00+00:00,384.5944444444444,384.5944444444444
2024-03-25 03:00:00+00:00,1068.8116666666667,464.1623795068559
2024-03-25 04:00:00+00:00,44568.35277777778,16539.482087442248
2024-03-25 05:00:00+00:00,48799.32333333333,42488.10512768438
2024-03-25 06:00:00+00:00,166543.6561111111,166543.6561111111
2024-03-25 07:00:00+00:00,59091.50972222223,110176.88900247817
2024-03-25 08:00:00+00:00,65439.2575,65439.2575
2024-03-25 09:00:00+00:00,82233.79777777777,82233.79777777777
2024-03-25 10:00:00+00:00,157538.4711111111,157538.4711111111
2024-03-25 11:00:00+00:00,88590.2575,115921.6260895016
2024-03-25 12:00:00+00:00,85423.3675,85423.3675
2024-03-25 13:00:00+00:00,24542.55305555556,24542.55305555556
2024-03-25 14:00:00+00:00,4286.665277777778,74059.21589620922
2024-03-25 15:00:00+00:00,1389.371388888889,54635.62596556872
2024-03-25 16:00:00+00:00,2428.666111111111,42518.57937333817
2024-03-25 17:00:00+00:00,6656.371944444444,34875.11758918401
2024-03-25 18:00:00+00:00,21646.906666666662,21646.906666666662
2024-03-25 19:00:00+00:00,1559.4133333333334,1559.4133333333334
2024-03-25 20:00:00+00:00,842.7741666666667,842.7741666666667
2024-03-25 21:00:00+00:00,520.5066666666667,520.5066666666667
2024-03-25 22:00:00+00:00,19024.274444444443,19024.274444444443
2024-03-25 23:00:00+00:00,525.4375,525.4375
2024-03-26 00:00:00+00:00,1083.0972222222222,1083.0972222222222
2024-03-26 01:00:00+00:00,991.6672222222222,4863.0264231962055
2024-03-26 02:00:00+00:00,19009.114444444444,19009.114444444444
2024-03-26 03:00:00+00:00,2447.4152777777776,11578.312832055632
2024-03-26 04:00:00+00:00,31389.972777777777,31389.972777777777
2024-03-26 05:00:00+00:00,80202.68277777778,80202.68277777778
2024-03-26 06:00:00+00:00,115756.15138888887,115756.15138888887
2024-03-26 07:00:00+00:00,92903.02833333334,72354.00916655699
2024-03-26 08:00:00+00:00,60757.5125,60757.5125
2024-03-26 09:00:00+00:00,80309.80583333333,71632.9654957649
2024-03-26 10:00:00+00:00,70687.27416666667,70687.27416666667
2024-03-26 11:00:00+00:00,42619.93166666666,69863.15201433521
2024-03-26 12:00:00+00:00,107923.47861111112,107923.47861111112
2024-03-26 13:00:00+00:00,47169.07361111111,47169.07361111111
2024-03-26 14:00:00+00:00,4053.419444444444,72925.27126026573
2024-03-26 15:00:00+00:00,903.5230555555556,57186.92052523823
2024-03-26 16:00:00+00:00,2664.325555555556,2664.325555555556
2024-03-26 17:00:00+00:00,7333.4175,7333.4175
2024-03-26 18:00:00+00:00,9319.948888888888,19145.25728559848
2024-03-26 19:00:00+00:00,3007.015,14649.5895646693
2024-03-26 20:00:00+00:00,7984.321388888889,7984.321388888889
2024-03-26 21:00:00+00:00,4304.338333333333,4304.338333333333
2024-03-26 22:00:00+00:00,1483.1730555555555,1483.1730555555555
2024-03-26 23:00:00+00:00,68469.30277777778,5507.401310349336
2024-03-27 00:00:00+00:00,3166.018611111111,3166.018611111111
2024-03-27 01:00:00+00:00,755.1272222222223,3843.9966117348063
2024-03-27 02:00:00+00:00,931.7225,5176.527692476737
2024-03-27 03:00:00+00:00,15510.23,15510.23
2024-03-27 04:00:00+00:00,7792.755277777777,10659.556037054503
2024-03-27 05:00:00+00:00,85586.24194444444,85586.24194444444
2024-03-27 06:00:00+00:00,176291.73583333334,176291.73583333334
2024-03-27 07:00:00+00:00,105852.29944444443,105852.29944444443
2024-03-27 08:00:00+00:00,112676.9811111111,112676.9811111111
2024-03-27 09:00:00+00:00,942290.0663888888,105729.1122080763
2024-03-27 10:00:00+00:00,53885.13638888889,103404.15480982287
2024-03-27 11:00:00+00:00,104191.07361111112,96961.80329243868
2024-03-27 12:00:00+00:00,60900.11805555556,60900.11805555556
2024-03-27 13:00:00+00:00,19500.78888888889,19500.78888888889
2024-03-27 14:00:00+00:00,3442.3119444444446,55006.923208664426
2024-03-27 15:00:00+00:00,2115.739722222222,39508.61151102204
2024-03-27 16:00:00+00:00,5763.119722222223,28287.889487647466
2024-03-27 17:00:00+00:00,1637.2305555555556,1637.2305555555556
2024-03-27 18:00:00+00:00,1212.4927777777775,1212.4927777777775
2024-03-27 19:00:00+00:00,3032.8325,3032.8325
2024-03-27 20:00:00+00:00,3225.721111111111,3225.721111111111
2024-03-27 21:00:00+00:00,2828.708888888889,5059.16502626691
2024-03-27 22:00:00+00:00,1128.2891666666667,1128.2891666666667
2024-03-27 23:00:00+00:00,1070.07,1070.07
2024-03-28 00:00:00+00:00,1499.6058333333333,2160.3836383302105
2024-03-28 01:00:00+00:00,695.5436111111111,695.5436111111111
2024-03-28 02:00:00+00:00,648.9305555555555,1289.1320936238426
2024-03-28 03:00:00+00:00,1285.5305555555556,1285.5305555555556
2024-03-28 04:00:00+00:00,1883.1777777777777,1883.1777777777777
2024-03-28 05:00:00+00:00,3594.116666666667,3594.116666666667
2024-03-28 06:00:00+00:00,694.2461111111111,694.2461111111111
2024-03-28 07:00:00+00:00,2709.0769444444445,1675.424098693904
2024-03-28 08:00:00+00:00,1654.181111111111,1654.181111111111
2024-03-28 09:00:00+00:00,712.9569444444444,712.9569444444444
2024-03-28 10:00:00+00:00,1134.723611111111,1134.723611111111
2024-03-28 11:00:00+00:00,4916.073055555556,4916.073055555556
2024-03-28 12:00:00+00:00,1455.6469444444444,2634.4624793997887
2024-03-28 13:00:00+00:00,1164.1602777777778,1164.1602777777778
2024-03-28 14:00:00+00:00,1496.3497222222222,1496.3497222222222
2024-03-28 15:00:00+00:00,772.1016666666667,1903.1024049427813
2024-03-28 16:00:00+00:00,811.2813888888888,811.2813888888888
2024-03-28 17:00:00+00:00,2303.258888888889,2303.258888888889
2024-03-28 18:00:00+00:00,3117.495555555556,3117.495555555556
2024-03-28 19:00:00+00:00,1415.7644444444445,1415.7644444444445
2024-03-28 20:00:00+00:00,1060.8505555555555,1922.608743629582
2024-03-28 21:00:00+00:00,2805.753888888889,2805.753888888889
2024-03-28 22:00:00+00:00,1632.558611111111,2309.69571239179
2024-03-28 23:00:00+00:00,1452.9286111111112,1452.9286111111112
2024-03-29 00:00:00+00:00,685.8127777777778,685.8127777777778
2024-03-29 01:00:00+00:00,867.1461111111112,867.1461111111112
2024-03-29 02:00:00+00:00,843.2011111111111,843.2011111111111
2024-03-29 03:00:00+00:00,2042.861111111111,2042.861111111111
2024-03-29 04:00:00+00:00,1559.9586111111112,1559.9586111111112
2024-03-29 05:00:00+00:00,796.7155555555555,796.7155555555555
2024-03-29 06:00:00+00:00,1744.155,1744.155
2024-03-29 07:00:00+00:00,792.8019444444444,792.8019444444444
2024-03-29 08:00:00+00:00,2738.072222222222,1180.0164008291927
2024-03-29 09:00:00+00:00,809.7444444444444,809.7444444444444
2024-03-29 10:00:00+00:00,2451.0655555555554,2451.0655555555554
2024-03-29 11:00:00+00:00,24931.329166666663,24931.329166666663
2024-03-29 12:00:00+00:00,1000.6397222222222,1000.6397222222222
2024-03-29 13:00:00+00:00,805.4902777777778,6880.073210876072
2024-03-29 14:00:00+00:00,4484.205,4484.205
2024-03-29 15:00:00+00:00,1004.7213888888888,4968.867177338234
2024-03-29 16:00:00+00:00,1915.1686111111112,4350.491290858669
2024-03-29 17:00:00+00:00,1153.5925,1153.5925
2024-03-29 18:00:00+00:00,1532.0616666666667,2615.589691070366
2024-03-29 19:00:00+00:00,700.7511111111111,1990.7393716653305
2024-03-29 20:00:00+00:00,704.89,704.89
2024-03-29 21:00:00+00:00,4037.3772222222224,4037.3772222222224
2024-03-29 22:00:00+00:00,18519.874722222223,18519.874722222223
2024-03-29 23:00:00+00:00,296.01916666666665,8597.405611462942
2024-03-30 00:00:00+00:00,491.7275,491.7275
2024-03-30 01:00:00+00:00,3022.476111111111,3022.476111111111
2024-03-30 02:00:00+00:00,330.3208333333333,330.3208333333333
2024-03-30 03:00:00+00:00,316.3075,316.3075
2024-03-30 04:00:00+00:00,316.3497222222222,1941.8428154188114
2024-03-30 05:00:00+00:00,20386.679166666665,20386.679166666665
2024-03-30 06:00:00+00:00,1356.538611111111,11089.851036193111
2024-03-30 07:00:00+00:00,352.3047222222222,352.3047222222222
2024-03-30 08:00:00+00:00,433.7836111111111,6755.58345034893
2024-03-30 09:00:00+00:00,708.6741666666667,708.6741666666667
2024-03-30 10:00:00+00:00,462.0227777777778,2933.213999442025
2024-03-30 11:00:00+00:00,657.3611111111111,657.3611111111111
2024-03-30 12:00:00+00:00,496.1477777777778,1516.614049676986
2024-03-30 13:00:00+00:00,1233.2944444444445,1233.2944444444445
2024-03-30 14:00:00+00:00,218.91611111111112,1271.142202724394
2024-03-30 15:00:00+00:00,2130.614722222222,1154.0066314768774
2024-03-30 16:00:00+00:00,440.51722222222224,440.51722222222224
2024-03-30 17:00:00+00:00,489.81166666666667,489.81166666666667
2024-03-30 18:00:00+00:00,380752.0580555556,380752.0580555556
2024-03-30 19:00:00+00:00,1539.7994444444444,1539.7994444444444
2024-03-30 20:00:00+00:00,640.3661111111111,640.3661111111111
2024-03-30 21:00:00+00:00,621.0827777777778,621.0827777777778
2024-03-30 22:00:00+00:00,509.4933333333333,34594.19021125653
2024-03-30 23:00:00+00:00,471.6272222222222,471.6272222222222
2024-03-31 00:00:00+00:00,217.1613888888889,217.1613888888889
2024-03-31 01:00:00+00:00,18768.68833333333,18768.68833333333
2024-03-31 02:00:00+00:00,568.565,568.565
2024-03-31 03:00:00+00:00,285.0961111111111,285.0961111111111
2024-03-31 04:00:00+00:00,661.9105555555556,661.9105555555556
2024-03-31 05:00:00+00:00,560.6563888888888,560.6563888888888
2024-03-31 06:00:00+00:00,672.7016666666667,2196.1474413008877
2024-03-31 07:00:00+00:00,405.81666666666666,405.81666666666666
2024-03-31 08:00:00+00:00,3220.24,3220.24
2024-03-31 09:00:00+00:00,3366.3122222222223,3366.3122222222223
2024-03-31 10:00:00+00:00,432.2013888888889,432.2013888888889
2024-03-31 11:00:00+00:00,762.1919444444444,1686.196273957781
2024-03-31 12:00:00+00:00,776.3083333333333,1268.059649093629
2024-03-31 13:00:00+00:00,455.3513888888889,1080.120229126098
2024-03-31 14:00:00+00:00,1134.4808333333333,1134.4808333333333
2024-03-31 15:00:00+00:00,752.4227777777778,1072.4229125292945
2024-03-31 16:00:00+00:00,999.4444444444443,999.4444444444443
2024-03-31 17:00:00+00:00,672.8775,672.8775
2024-03-31 18:00:00+00:00,685.0069444444445,685.0069444444445
2024-03-31 19:00:00+00:00,2157.7952777777778,816.2669823516839
2024-03-31 20:00:00+00:00,1015.3211111111112,1015.3211111111112
2024-03-31 21:00:00+00:00,1997.06,901.4930312958368
2024-03-31 22:00:00+00:00,626.2355555555556,626.2355555555556
2024-03-31 23:00:00+00:00,471.8691666666667,775.6064502993759
2024-04-01 00:00:00+00:00,624.4041666666667,763.6733673393334
2024-04-01 01:00:00+00:00,880.8177777777778,802.3494267162164
2024-04-01 02:00:00+00:00,1100.611666666667,1100.611666666667
2024-04-01 03:00:00+00:00,1227.5708333333334,960.6467121535659
2024-04-01 04:00:00+00:00,943.1066666666668,943.1066666666668
2024-04-01 05:00:00+00:00,2570.643055555556,2570.643055555556
2024-04-01 06:00:00+00:00,834.1413888888889,834.1413888888889
2024-04-01 07:00:00+00:00,1731.7766666666666,1296.7004380886697
2024-04-01 08:00:00+00:00,1973.1727777777776,1093.182695570813
2024-04-01 09:00:00+00:00,647.1277777777777,647.1277777777777
2024-04-01 10:00:00+00:00,749.5072222222223,829.1416898994839
2024-04-01 11:00:00+00:00,1060.216111111111,1060.216111111111
2024-04-01 12:00:00+00:00,6124.520555555556,924.5593025430264
2024-04-01 13:00:00+00:00,4180.686111111111,4180.686111111111
2024-04-01 14:00:00+00:00,1139.4108333333334,2589.6506018446016
2024-04-01 15:00:00+00:00,10942.041388888889,10942.041388888889
2024-04-01 16:00:00+00:00,795.2986111111111,7008.375404240429
2024-04-01 17:00:00+00:00,15621.855,15621.855
2024-04-01 18:00:00+00:00,6991.238888888889,11837.387152778912
2024-04-01 19:00:00+00:00,59385.07222222223,59385.07222222223
2024-04-01 20:00:00+00:00,523.9811111111111,523.9811111111111
2024-04-01 21:00:00+00:00,3810.2336111111113,22469.014524729864
2024-04-01 22:00:00+00:00,764.0083333333333,15341.754197054113
2024-04-01 23:00:00+00:00,1367.0352777777778,12359.40407928093
2024-04-02 00:00:00+00:00,712.2741666666667,11914.862400743803
2024-04-02 01:00:00+00:00,1658.2891666666667,13024.147306645318
2024-04-02 02:00:00+00:00,21901.77333333333,21901.77333333333
2024-04-02 03:00:00+00:00,183214.92166666663,183214.92166666663
2024-04-02 04:00:00+00:00,106577.24305555556,81892.03413494707
2024-04-02 05:00:00+00:00,135002.70361111112,135002.70361111112
2024-04-02 06:00:00+00:00,101527.85583333332,120815.47317707035
2024-04-02 07:00:00+00:00,94143.44916666669,94143.44916666669
2024-04-02 08:00:00+00:00,52691.789722222224,108992.04161821216
2024-04-02 09:00:00+00:00,59241.4225,59241.4225
2024-04-02 10:00:00+00:00,111075.32277777778,111075.32277777778
2024-04-02 11:00:00+00:00,52533.88555555556,93294.47651693087
2024-04-02 12:00:00+00:00,12819.270277777778,89536.88159838143
2024-04-02 13:00:00+00:00,513.4180555555556,76584.47094794255
2024-04-02 14:00:00+00:00,1186.7672222222222,1186.7672222222222
2024-04-02 15:00:00+00:00,21343.266944444444,21343.266944444444
2024-04-02 16:00:00+00:00,1359.245,1359.245
2024-04-02 17:00:00+00:00,3958.8841666666663,3958.8841666666663
2024-04-02 18:00:00+00:00,1551.4169444444444,1551.4169444444444
2024-04-02 19:00:00+00:00,1395.6730555555555,1395.6730555555555
2024-04-02 20:00:00+00:00,942.3505555555556,942.3505555555556
2024-04-02 21:00:00+00:00,1572.7922222222223,1572.7922222222223
2024-04-02 22:00:00+00:00,817.5708333333333,3031.8210678376163
2024-04-02 23:00:00+00:00,626.1986111111111,626.1986111111111
2024-04-03 00:00:00+00:00,1008.0358333333334,1640.3666825790087
2024-04-03 01:00:00+00:00,1395.5877777777778,2208.0559207365186
2024-04-03 02:00:00+00:00,8061.120833333333,8061.120833333333
2024-04-03 03:00:00+00:00,117253.765,5278.610043694784
2024-04-03 04:00:00+00:00,208527.565,14371.168053814743
2024-04-03 05:00:00+00:00,164122.7975,27951.975867501948
2024-04-03 06:00:00+00:00,90734.31333333334,90734.31333333334
2024-04-03 07:00:00+00:00,82575.35777777778,82575.35777777778
2024-04-03 08:00:00+00:00,142526.90444444446,70156.55469350408
2024-04-03 09:00:00+00:00,71805.63166666667,94071.2449605007
2024-04-03 10:00:00+00:00,230355.60083333333,230355.60083333333
2024-04-03 11:00:00+00:00,54037.88555555556,54037.88555555556
2024-04-03 12:00:00+00:00,8226.008055555556,123551.40272306299
2024-04-03 13:00:00+00:00,2532.150833333333,2532.150833333333
2024-04-03 14:00:00+00:00,3061.093333333333,3061.093333333333
2024-04-03 15:00:00+00:00,1465.183611111111,34257.438293669235
2024-04-03 16:00:00+00:00,1526.3202777777778,1526.3202777777778
2024-04-03 17:00:00+00:00,2355.7825,2355.7825
2024-04-03 18:00:00+00:00,1236.0183333333334,1236.0183333333334
2024-04-03 19:00:00+00:00,1155.8916666666669,1155.8916666666669
2024-04-03 20:00:00+00:00,1204.6680555555556,1204.6680555555556
2024-04-03 21:00:00+00:00,1180.628333333333,1180.628333333333
2024-04-03 22:00:00+00:00,15858.1025,15858.1025
2024-04-03 23:00:00+00:00,1135.6691666666666,1135.6691666666666
2024-04-04 00:00:00+00:00,2121.138055555556,2121.138055555556
2024-04-04 01:00:00+00:00,1703.403611111111,1703.403611111111
2024-04-04 02:00:00+00:00,10446.909444444444,10446.909444444444
2024-04-04 03:00:00+00:00,101881.60083333332,5930.855989151907
2024-04-04 04:00:00+00:00,97480.14277777776,21820.59574167653
2024-04-04 05:00:00+00:00,119843.44194444444,119843.44194444444
2024-04-04 06:00:00+00:00,118490.24527777778,118490.24527777778
2024-04-04 07:00:00+00:00,124311.55694444444,91519.74605817805
2024-04-04 08:00:00+00:00,92470.40333333334,92470.40333333334
2024-04-04 09:00:00+00:00,245613.9113888889,95202.51791452109
2024-04-04 10:00:00+00:00,32397.196944444444,86137.31349405636
2024-04-04 11:00:00+00:00,30525.965,30525.965
2024-04-04 12:00:00+00:00,3956.594722222222,56275.085581696396
2024-04-04 13:00:00+00:00,2394.5080555555555,2394.5080555555555
2024-04-04 14:00:00+00:00,1430.451388888889,25932.17000613668
2024-04-04 15:00:00+00:00,2125.051388888889,2125.051388888889
2024-04-04 16:00:00+00:00,2345.0658333333336,11081.748195733224
2024-04-04 17:00:00+00:00,2674.714166666666,2674.714166666666
2024-04-04 18:00:00+00:00,1482.5436111111112,1482.5436111111112
2024-04-04 19:00:00+00:00,9442.865,4102.157830281119
2024-04-04 20:00:00+00:00,1760.6558333333332,3019.1967060192833
2024-04-04 21:00:00+00:00,1972.0566666666664,2288.8701855380177
2024-04-04 22:00:00+00:00,788.6486111111111,788.6486111111111
2024-04-04 23:00:00+00:00,895.2497222222222,895.2497222222222
2024-04-05 00:00:00+00:00,1790.0572222222222,1790.0572222222222
2024-04-05 01:00:00+00:00,10509.840833333334,10509.840833333334
2024-04-05 02:00:00+00:00,2536.631388888889,2536.631388888889
2024-04-05 03:00:00+00:00,78751.61833333333,78751.61833333333
2024-04-05 04:00:00+00:00,133881.39305555556,133881.39305555556
2024-04-05 05:00:00+00:00,116757.78555555556,116757.78555555556
2024-04-05 06:00:00+00:00,98436.84416666666,98436.84416666666
2024-04-05 07:00:00+00:00,63050.15305555556,63050.15305555556
2024-04-05 08:00:00+00:00,102173.03833333332,81336.60063964408
2024-04-05 09:00:00+00:00,54962.13138888889,68569.1570858511
2024-04-05 10:00:00+00:00,17514.71416666667,55074.763235403145
2024-04-05 11:00:00+00:00,4480.807222222223,4480.807222222223
2024-04-05 12:00:00+00:00,4936.4783333333335,26923.278238795836
2024-04-05 13:00:00+00:00,2689.408055555556,2689.408055555556
2024-04-05 14:00:00+00:00,2397.467222222222,2397.467222222222
2024-04-05 15:00:00+00:00,851.9836111111111,851.9836111111111
2024-04-05 16:00:00+00:00,1867.8308333333332,1867.8308333333332
2024-04-05 17:00:00+00:00,3862.969444444445,4026.203788595939
2024-04-05 18:00:00+00:00,823.4125,823.4125
2024-04-05 19:00:00+00:00,1218.2736111111112,2148.0314458870816
2024-04-05 20:00:00+00:00,769.8041666666667,769.8041666666667
2024-04-05 21:00:00+00:00,947.7461111111112,947.7461111111112
2024-04-05 22:00:00+00:00,1015.7605555555556,1015.7605555555556
2024-04-05 23:00:00+00:00,914.2566666666668,914.2566666666668
2024-04-06 00:00:00+00:00,923.7211111111112,1030.113499325454
2024-04-06 01:00:00+00:00,1244.91,1244.91
2024-04-06 02:00:00+00:00,717.0502777777778,717.0502777777778
2024-04-06 03:00:00+00:00,1354.6119444444444,1354.6119444444444
2024-04-06 04:00:00+00:00,2370.641666666667,1117.234458385419
2024-04-06 05:00:00+00:00,1458.5127777777775,1229.2753449099134
2024-04-06 06:00:00+00:00,1509.3805555555557,1509.3805555555557
2024-04-06 07:00:00+00:00,1510.2877777777778,1392.1287777192747
2024-04-06 08:00:00+00:00,5041.6475,5041.6475
2024-04-06 09:00:00+00:00,2654.008611111111,2654.008611111111
2024-04-06 10:00:00+00:00,1152.121388888889,1152.121388888889
2024-04-06 11:00:00+00:00,1663.9575,2296.7029881391763
2024-04-06 12:00:00+00:00,19217.43388888889,19217.43388888889
2024-04-06 13:00:00+00:00,1151.8675,10729.951755188646
2024-04-06 14:00:00+00:00,1009.1669444444444,1009.1669444444444
2024-04-06 15:00:00+00:00,1106.398888888889,1106.398888888889
2024-04-06 16:00:00+00:00,1950.5805555555555,4601.323290883442
2024-04-06 17:00:00+00:00,2843.333055555556,3663.1811012388753
2024-04-06 18:00:00+00:00,894.4847222222222,3505.7250700005548
2024-04-06 19:00:00+00:00,5407.766944444445,5407.766944444445
2024-04-06 20:00:00+00:00,587.4913888888889,587.4913888888889
2024-04-06 21:00:00+00:00,798.6019444444445,2945.937970333529
2024-04-06 22:00:00+00:00,488.84,2045.8293616440128
2024-04-06 23:00:00+00:00,698.3636111111111,698.3636111111111
2024-04-07 00:00:00+00:00,2047.9608333333333,1194.7224180146038
2024-04-07 01:00:00+00:00,744.8744444444444,744.8744444444444
2024-04-07 02:00:00+00:00,804.9516666666667,804.9516666666667
2024-04-07 03:00:00+00:00,713.6127777777778,713.6127777777778
2024-04-07 04:00:00+00:00,647.4258333333333,647.4258333333333
2024-04-07 05:00:00+00:00,20689.27694444445,20689.27694444445
2024-04-07 06:00:00+00:00,2675.4636111111117,2675.4636111111117
2024-04-07 07:00:00+00:00,1008.1713888888888,6228.487893533811
2024-04-07 08:00:00+00:00,784.3275,4577.325859731876
2024-04-07 09:00:00+00:00,558.8955555555556,558.8955555555556
2024-04-07 10:00:00+00:00,604.5363888888888,2232.7955927957555
2024-04-07 11:00:00+00:00,604.1811111111111,604.1811111111111
2024-04-07 12:00:00+00:00,1264.746388888889,1264.746388888889
2024-04-07 13:00:00+00:00,4836.5725,4836.5725
2024-04-07 14:00:00+00:00,1313.7897222222225,2628.874087947375
2024-04-07 15:00:00+00:00,3378.973611111111,3378.973611111111
2024-04-07 16:00:00+00:00,808.8411111111111,808.8411111111111
2024-04-07 17:00:00+00:00,22748.234166666665,2316.2228932267103
2024-04-07 18:00:00+00:00,3024.15,3024.15
2024-04-07 19:00:00+00:00,639.6761111111111,639.6761111111111
2024-04-07 20:00:00+00:00,512.1697222222223,512.1697222222223
2024-04-07 21:00:00+00:00,539.0186111111111,539.0186111111111
2024-04-07 22:00:00+00:00,598.0255555555556,996.4098962389124
2024-04-07 23:00:00+00:00,5120.416944444444,5120.416944444444
2024-04-08 00:00:00+00:00,13346.756666666666,13346.756666666666
2024-04-08 01:00:00+00:00,4446.05,7030.488376974265
2024-04-08 02:00:00+00:00,4813.783888888889,4813.783888888889
2024-04-08 03:00:00+00:00,48123.333333333336,6657.6162439492355
2024-04-08 04:00:00+00:00,56831.56222222222,10179.608665031776
2024-04-08 05:00:00+00:00,37596.21666666667,37596.21666666667
2024-04-08 06:00:00+00:00,58474.71305555556,24724.262550405107
2024-04-08 07:00:00+00:00,54372.9675,54372.9675
2024-04-08 08:00:00+00:00,42585.98694444444,41267.024935477304
2024-04-08 09:00:00+00:00,26959.329444444444,26959.329444444444
2024-04-08 10:00:00+00:00,65300.29416666667,35576.87168721951
2024-04-08 11:00:00+00:00,23223.199166666665,23223.199166666665
2024-04-08 12:00:00+00:00,2461.521111111111,28297.761922665384
2024-04-08 13:00:00+00:00,667.1569444444444,667.1569444444444
2024-04-08 14:00:00+00:00,4008.5152777777776,13702.550705581662
2024-04-08 15:00:00+00:00,1543.1766666666667,11767.365591249887
2024-04-08 16:00:00+00:00,24800.1075,24800.1075
2024-04-08 17:00:00+00:00,1558.4358333333332,1558.4358333333332
2024-04-08 18:00:00+00:00,7363.272777777778,7363.272777777778
2024-04-08 19:00:00+00:00,861.5541666666667,9974.470471667175
2024-04-08 20:00:00+00:00,742.3236111111111,8820.256285729803
2024-04-08 21:00:00+00:00,6266.291111111111,6266.291111111111
2024-04-08 22:00:00+00:00,589.7052777777777,589.7052777777777
2024-04-08 23:00:00+00:00,3397.069722222222,4704.663555106907
2024-04-09 00:00:00+00:00,593.5158333333334,593.5158333333334
2024-04-09 01:00:00+00:00,9459.249166666666,9459.249166666666
2024-04-09 02:00:00+00:00,29818.303888888888,29818.303888888888
2024-04-09 03:00:00+00:00,64861.72472222222,14607.073255050896
2024-04-09 04:00:00+00:00,102722.865,102722.865
2024-04-09 05:00:00+00:00,131624.36805555556,61036.788919989136
2024-04-09 06:00:00+00:00,36751.00277777778,36751.00277777778
2024-04-09 07:00:00+00:00,56093.73805555556,53685.858843173824
2024-04-09 08:00:00+00:00,93530.1525,93530.1525
2024-04-09 09:00:00+00:00,147624.84194444446,147624.84194444446
2024-04-09 10:00:00+00:00,80262.90472222223,80262.90472222223
2024-04-09 11:00:00+00:00,13315.513888888889,93101.98935173206
2024-04-09 12:00:00+00:00,21676.61138888889,77895.76811024988
2024-04-09 13:00:00+00:00,1124.0969444444445,1124.0969444444445
2024-04-09 14:00:00+00:00,1867.486666666667,1867.486666666667
2024-04-09 15:00:00+00:00,20291.154444444444,20291.154444444444
2024-04-09 16:00:00+00:00,42558.896944444445,21868.683583144706
2024-04-09 17:00:00+00:00,2683.6916666666666,2683.6916666666666
2024-04-09 18:00:00+00:00,5804.129166666667,11965.644822449382
2024-04-09 19:00:00+00:00,3970.196388888889,10426.644106959464
2024-04-09 20:00:00+00:00,15909.575,11544.239985970973
2024-04-09 21:00:00+00:00,23934.426944444444,23934.426944444444
2024-04-09 22:00:00+00:00,2274.195833333333,18028.439812958277
2024-04-09 23:00:00+00:00,490.6483333333333,17319.98897700009
2024-04-10 00:00:00+00:00,734.9238888888889,734.9238888888889
2024-04-10 01:00:00+00:00,5323.780833333333,5323.780833333333
2024-04-10 02:00:00+00:00,48595.16416666667,7444.871252649969
2024-04-10 03:00:00+00:00,93894.67,25099.887882547704
2024-04-10 04:00:00+00:00,148290.33388888888,148290.33388888888
2024-04-10 05:00:00+00:00,114695.43638888888,90796.02338069881
2024-04-10 06:00:00+00:00,118148.22055555556,96402.41235424236
2024-04-10 07:00:00+00:00,19186.071944444444,19186.071944444444
2024-04-10 08:00:00+00:00,44093.25472222222,58348.85504585982
2024-04-10 09:00:00+00:00,29231.165277777774,29231.165277777774
2024-04-10 10:00:00+00:00,40713.08555555555,38954.35434902112
2024-04-10 11:00:00+00:00,82741.96583333334,33691.46196204135
2024-04-10 12:00:00+00:00,6030.508333333333,28976.215131539226
2024-04-10 13:00:00+00:00,2005.5202777777777,24596.27580941658
2024-04-10 14:00:00+00:00,3288.053055555556,20421.635560473296
2024-04-10 15:00:00+00:00,2026.3180555555557,16372.693986313649
2024-04-10 16:00:00+00:00,2278.028333333333,2278.028333333333
2024-04-10 17:00:00+00:00,7137.573055555556,7137.573055555556
2024-04-10 18:00:00+00:00,1478.736666666667,7956.964652301117
2024-04-10 19:00:00+00:00,2519.113611111111,2519.113611111111
2024-04-10 20:00:00+00:00,729.5458333333333,729.5458333333333
2024-04-10 21:00:00+00:00,19400.454166666663,19400.454166666663
2024-04-10 22:00:00+00:00,639.8786111111111,9609.361942316256
2024-04-10 23:00:00+00:00,686.6102777777778,18815.913750642594
2024-04-11 00:00:00+00:00,1532.3130555555556,29863.080394652257
2024-04-11 01:00:00+00:00,6960.345833333334,42037.20217805685
2024-04-11 02:00:00+00:00,42840.45,54901.32594427017
2024-04-11 03:00:00+00:00,103122.77722222224,103122.77722222224
2024-04-11 04:00:00+00:00,302064.165,302064.165
2024-04-11 05:00:00+00:00,104811.13111111111,167161.88302419422
2024-04-11 06:00:00+00:00,116208.33777777778,116208.33777777778
2024-04-11 07:00:00+00:00,157506.25833333333,157370.23160244635
2024-04-11 08:00:00+00:00,82033.3288888889,82033.3288888889
2024-04-11 09:00:00+00:00,93187.785,93187.785
2024-04-11 10:00:00+00:00,67651.0025,106133.65486959119
2024-04-11 11:00:00+00:00,131872.48,131872.48
2024-04-11 12:00:00+00:00,9843.70638888889,9843.70638888889
2024-04-11 13:00:00+00:00,19883.132777777777,19883.132777777777
2024-04-11 14:00:00+00:00,732.3169444444444,732.3169444444444
2024-04-11 15:00:00+00:00,684.5886111111112,684.5886111111112
2024-04-11 16:00:00+00:00,816.9011111111112,20736.351581331877
2024-04-11 17:00:00+00:00,2692.2291666666665,13211.578760182989
2024-04-11 18:00:00+00:00,2617.974722222222,2617.974722222222
2024-04-11 19:00:00+00:00,2030.35,6436.268443239106
2024-04-11 20:00:00+00:00,472.3413888888889,472.3413888888889
2024-04-11 21:00:00+00:00,445.60027777777776,445.60027777777776
2024-04-11 22:00:00+00:00,496.50138888888887,496.50138888888887
2024-04-11 23:00:00+00:00,19222.568888888887,1408.9565119652748
2024-04-12 00:00:00+00:00,623.0186111111111,623.0186111111111
2024-04-12 01:00:00+00:00,7327.795277777778,902.6304289505435
2024-04-12 02:00:00+00:00,21222.6525,8042.45985285096
2024-04-12 03:00:00+00:00,53505.85722222222,19662.213587262777
2024-04-12 04:00:00+00:00,75399.40694444445,75399.40694444445
2024-04-12 05:00:00+00:00,76679.81305555555,76679.81305555555
2024-04-12 06:00:00+00:00,47115.035,60385.553759701186
2024-04-12 07:00:00+00:00,85633.86388888888,85633.86388888888
2024-04-12 08:00:00+00:00,103736.70194444444,75106.05868816396
2024-04-12 09:00:00+00:00,119997.4361111111,119997.4361111111
2024-04-12 10:00:00+00:00,21798.557777777776,99089.87068034522
2024-04-12 11:00:00+00:00,3945.2505555555554,3945.2505555555554
2024-04-12 12:00:00+00:00,1467.6680555555556,1467.6680555555556
2024-04-12 13:00:00+00:00,1314.2602777777777,1314.2602777777777
2024-04-12 14:00:00+00:00,1328.2266666666667,20871.783163269727
2024-04-12 15:00:00+00:00,612.9377777777778,612.9377777777778
2024-04-12 16:00:00+00:00,20335.69805555556,20335.69805555556
2024-04-12 17:00:00+00:00,4425.364722222223,4425.364722222223
2024-04-12 18:00:00+00:00,4585.206944444444,4585.206944444444
2024-04-12 19:00:00+00:00,111587.40972222222,111587.40972222222
2024-04-12 20:00:00+00:00,745.6594444444445,47972.26738728884
2024-04-12 21:00:00+00:00,957.1575,957.1575
2024-04-12 22:00:00+00:00,602.4094444444445,31713.531352869108
2024-04-12 23:00:00+00:00,1665.6255555555556,1665.6255555555556
2024-04-13 00:00:00+00:00,715.2355555555556,12845.765204461946
2024-04-13 01:00:00+00:00,568.6969444444444,8371.163928552825
2024-04-13 02:00:00+00:00,584.4277777777778,584.4277777777778
2024-04-13 03:00:00+00:00,644.4369444444444,644.4369444444444
2024-04-13 04:00:00+00:00,790.9002777777778,790.9002777777778
2024-04-13 05:00:00+00:00,912.8277777777778,912.8277777777778
2024-04-13 06:00:00+00:00,1273.1961111111111,1459.1322141026521
2024-04-13 07:00:00+00:00,1186.5936111111112,1249.3008373078608
2024-04-13 08:00:00+00:00,863.5708333333333,1122.8138444924882
2024-04-13 09:00:00+00:00,933.3233333333334,933.3233333333334
2024-04-13 10:00:00+00:00,588.2794444444445,588.2794444444445
2024-04-13 11:00:00+00:00,576.4380555555556,576.4380555555556
2024-04-13 12:00:00+00:00,788.0719444444444,788.0719444444444
2024-04-13 13:00:00+00:00,740.3716666666667,758.1553543977775
2024-04-13 14:00:00+00:00,1032.4333333333334,1032.4333333333334
2024-04-13 15:00:00+00:00,713.1466666666666,713.1466666666666
2024-04-13 16:00:00+00:00,825.0136111111111,825.0136111111111
2024-04-13 17:00:00+00:00,893.2119444444445,826.7954568943615
2024-04-13 18:00:00+00:00,9211.100277777778,792.9577057312417
2024-04-13 19:00:00+00:00,568.5441666666667,568.5441666666667
2024-04-13 20:00:00+00:00,819.7894444444445,672.9662476131293
2024-04-13 21:00:00+00:00,485.7052777777778,485.7052777777778
2024-04-13 22:00:00+00:00,1165.3675,565.7376640365992
2024-04-13 23:00:00+00:00,845.1980555555556,845.1980555555556
2024-04-14 00:00:00+00:00,707.2405555555556,707.2405555555556
2024-04-14 01:00:00+00:00,628.6716666666666,628.6716666666666
2024-04-14 02:00:00+00:00,913.7544444444444,673.2246576020061
2024-04-14 03:00:00+00:00,746.6002777777778,1364.6203719991713
2024-04-14 04:00:00+00:00,1847.4247222222225,2496.6121372122047
2024-04-14 05:00:00+00:00,7939.656944444445,7939.656944444445
2024-04-14 06:00:00+00:00,2930.6072222222224,5465.292865152283
2024-04-14 07:00:00+00:00,3143.42,3143.42
2024-04-14 08:00:00+00:00,1654.57,4583.135830664949
2024-04-14 09:00:00+00:00,1230.4025,3821.9749287500576
2024-04-14 10:00:00+00:00,1573.1888888888889,1573.1888888888889
2024-04-14 11:00:00+00:00,1478.5841666666668,1478.5841666666668
2024-04-14 12:00:00+00:00,1891.2427777777775,1891.2427777777775
2024-04-14 13:00:00+00:00,1059.111111111111,1059.111111111111
2024-04-14 14:00:00+00:00,1402.0547222222222,1402.0547222222222
2024-04-14 15:00:00+00:00,12324.52638888889,12324.52638888889
2024-04-14 16:00:00+00:00,2927.718333333333,2927.718333333333
2024-04-14 17:00:00+00:00,2031.773888888889,4645.202997519285
2024-04-14 18:00:00+00:00,1347.372777777778,1347.372777777778
2024-04-14 19:00:00+00:00,2344.028611111112,2344.028611111112
2024-04-14 20:00:00+00:00,19503.34388888889,2605.5933591754474
2024-04-14 21:00:00+00:00,500.7527777777778,500.7527777777778
2024-04-14 22:00:00+00:00,19312.59083333333,19312.59083333333
2024-04-14 23:00:00+00:00,756.0763888888889,756.0763888888889
2024-04-15 00:00:00+00:00,525.31,5443.406682995395
2024-04-15 01:00:00+00:00,19563.64583333333,19563.64583333333
2024-04-15 02:00:00+00:00,7297.253888888888,7297.253888888888
2024-04-15 03:00:00+00:00,56516.85694444445,10199.811833081165
2024-04-15 04:00:00+00:00,219678.75333333333,16910.751435606297
2024-04-15 05:00:00+00:00,73424.25944444444,28856.010739009893
2024-04-15 06:00:00+00:00,49882.171944444446,44006.09235166713
2024-04-15 07:00:00+00:00,108351.67583333331,108351.67583333331
2024-04-15 08:00:00+00:00,77003.73527777777,77003.73527777777
2024-04-15 09:00:00+00:00,79190.5025,78490.55610517158
2024-04-15 10:00:00+00:00,59806.42694444444,72586.4051594421
2024-04-15 11:00:00+00:00,35781.63555555556,35781.63555555556
2024-04-15 12:00:00+00:00,5369.3677777777775,52840.82990356188
2024-04-15 13:00:00+00:00,5786.761111111111,5786.761111111111
2024-04-15 14:00:00+00:00,1197.1463888888889,26986.513250714204
2024-04-15 15:00:00+00:00,5201.153888888889,18478.949265825027
2024-04-15 16:00:00+00:00,3559.902222222222,3559.902222222222
2024-04-15 17:00:00+00:00,2360.010277777778,9328.90732644212
2024-04-15 18:00:00+00:00,942.7261111111112,942.7261111111112
2024-04-15 19:00:00+00:00,1457.9894444444444,4397.155155717399
2024-04-15 20:00:00+00:00,404.99861111111113,404.99861111111113
2024-04-15 21:00:00+00:00,591.4733333333334,591.4733333333334
2024-04-15 22:00:00+00:00,491.3772222222222,491.3772222222222
2024-04-15 23:00:00+00:00,19340.721388888887,1067.7107395798837
2024-04-16 00:00:00+00:00,345.81305555555554,345.81305555555554
2024-04-16 01:00:00+00:00,1003.2622222222222,1003.2622222222222
2024-04-16 02:00:00+00:00,8161.702222222222,776.9980346379945
2024-04-16 03:00:00+00:00,53122.74805555555,17636.554960790327
2024-04-16 04:00:00+00:00,130772.99055555556,130772.99055555556
2024-04-16 05:00:00+00:00,119995.51055555556,78091.9730589411
2024-04-16 06:00:00+00:00,98275.27916666666,98275.27916666666
2024-04-16 07:00:00+00:00,164426.41722222223,164426.41722222223
2024-04-16 08:00:00+00:00,113592.47416666668,121653.1810577968
2024-04-16 09:00:00+00:00,129885.0025,129885.0025
2024-04-16 10:00:00+00:00,63613.12,63613.12
2024-04-16 11:00:00+00:00,38583.133888888886,104810.36093441723
2024-04-16 12:00:00+00:00,1512.7158333333334,1512.7158333333334
2024-04-16 13:00:00+00:00,2575.307222222222,47607.67394588945
2024-04-16 14:00:00+00:00,69804.05166666667,29837.535445498506
2024-04-16 15:00:00+00:00,2303.5686111111117,2303.5686111111117
2024-04-16 16:00:00+00:00,920.1263888888888,12562.805255855239
2024-04-16 17:00:00+00:00,2152.37,2152.37
2024-04-16 18:00:00+00:00,770.3391666666666,6072.937292918294
2024-04-16 19:00:00+00:00,1268.0625,1268.0625
2024-04-16 20:00:00+00:00,574.3983333333333,3174.259029008022
2024-04-16 21:00:00+00:00,4473.138333333333,4473.138333333333
2024-04-16 22:00:00+00:00,763.7527777777777,763.7527777777777
2024-04-16 23:00:00+00:00,466.62611111111113,466.62611111111113
2024-04-17 00:00:00+00:00,648.4777777777778,648.4777777777778
2024-04-17 01:00:00+00:00,4626.0327777777775,4626.0327777777775
2024-04-17 02:00:00+00:00,20647.504722222224,20647.504722222224
2024-04-17 03:00:00+00:00,41374.749444444446,41374.749444444446
2024-04-17 04:00:00+00:00,261103.6230555556,261103.6230555556
2024-04-17 05:00:00+00:00,125767.90527777778,125767.90527777778
2024-04-17 06:00:00+00:00,104823.74916666666,104823.74916666666
2024-04-17 07:00:00+00:00,102256.88111111111,113481.37347887529
2024-04-17 08:00:00+00:00,54970.26083333333,54970.26083333333
2024-04-17 09:00:00+00:00,38914.61638888889,38914.61638888889
2024-04-17 10:00:00+00:00,129284.70305555555,65797.92813311571
2024-04-17 11:00:00+00:00,47322.50972222223,123887.90057091846
2024-04-17 12:00:00+00:00,569027.7858333334,569027.7858333334
2024-04-17 13:00:00+00:00,2628.365,2628.365
2024-04-17 14:00:00+00:00,4406.400833333333,221563.3013482723
2024-04-17 15:00:00+00:00,1003.4913888888888,136567.38388971268
2024-04-17 16:00:00+00:00,1070.6983333333333,84418.3461811307
2024-04-17 17:00:00+00:00,1509.0277777777778,1509.0277777777778
2024-04-17 18:00:00+00:00,1121.8080555555557,1121.8080555555557
2024-04-17 19:00:00+00:00,949.4558333333332,949.4558333333332
2024-04-17 20:00:00+00:00,752.6566666666666,752.6566666666666
2024-04-17 21:00:00+00:00,871.7108333333333,871.7108333333333
2024-04-17 22:00:00+00:00,920.5430555555556,5343.733132240459
2024-04-17 23:00:00+00:00,1362.4269444444444,1362.4269444444444
2024-04-18 00:00:00+00:00,2101.4283333333333,2796.675509489284
2024-04-18 01:00:00+00:00,2536.197222222222,2959.2225335581875
2024-04-18 02:00:00+00:00,6922.858055555555,6922.858055555555
2024-04-18 03:00:00+00:00,58719.28333333333,58719.28333333333
2024-04-18 04:00:00+00:00,202625.9030555556,25826.67362839775
2024-04-18 05:00:00+00:00,75072.19416666667,75072.19416666667
2024-04-18 06:00:00+00:00,190154.39277777777,190154.39277777777
2024-04-18 07:00:00+00:00,120811.14611111111,107201.3394440916
2024-04-18 08:00:00+00:00,167849.30833333332,123459.06431506909
2024-04-18 09:00:00+00:00,118314.13361111112,117507.62110938037
2024-04-18 10:00:00+00:00,26064.74944444445,26064.74944444445
2024-04-18 11:00:00+00:00,39634.69527777778,39634.69527777778
2024-04-18 12:00:00+00:00,24007.43694444445,24007.43694444445
2024-04-18 13:00:00+00:00,1480.8380555555557,44989.88536197454
2024-04-18 14:00:00+00:00,1927.9172222222223,1927.9172222222223
2024-04-18 15:00:00+00:00,908.9197222222224,908.9197222222224
2024-04-18 16:00:00+00:00,2857.7916666666665,2857.7916666666665
2024-04-18 17:00:00+00:00,2026.865,9080.599829705903
2024-04-18 18:00:00+00:00,773.1936111111111,773.1936111111111
2024-04-18 19:00:00+00:00,1232.2119444444445,1232.2119444444445
2024-04-18 20:00:00+00:00,2491.9891666666667,3009.429097514725
2024-04-18 21:00:00+00:00,918.8022222222222,3730.914935119773
2024-04-18 22:00:00+00:00,1403.7455555555557,5583.224226951518
2024-04-18 23:00:00+00:00,19379.834444444445,8127.903958694444
2024-04-19 00:00:00+00:00,19422.29472222222,19422.29472222222
2024-04-19 01:00:00+00:00,1039.6002777777778,14324.65307704322
2024-04-19 02:00:00+00:00,4500.691944444445,28361.006539795366
2024-04-19 03:00:00+00:00,112733.73916666668,112733.73916666668
2024-04-19 04:00:00+00:00,225884.09027777775,73720.54559644357
2024-04-19 05:00:00+00:00,173121.77777777778,118254.65282220842
2024-04-19 06:00:00+00:00,340270.7355555556,340270.7355555556
2024-04-19 07:00:00+00:00,163532.7563888889,239036.87791923838
2024-04-19 08:00:00+00:00,67299.25888888889,252342.7175858781
2024-04-19 09:00:00+00:00,59653.07777777778,234544.03794264424
2024-04-19 10:00:00+00:00,29493.86138888889,197700.96225570605
2024-04-19 11:00:00+00:00,5688.3116666666665,5688.3116666666665
2024-04-19 12:00:00+00:00,815.5022222222223,93554.86350941435
2024-04-19 13:00:00+00:00,818.7466666666667,59073.39909218474
2024-04-19 14:00:00+00:00,2492.3419444444444,2492.3419444444444
2024-04-19 15:00:00+00:00,824.1138888888889,824.1138888888889
2024-04-19 16:00:00+00:00,3032.5822222222223,14987.167631743525
2024-04-19 17:00:00+00:00,3446.833888888889,13218.09383697673
2024-04-19 18:00:00+00:00,29625.30805555556,29625.30805555556
2024-04-19 19:00:00+00:00,2089.448611111111,2089.448611111111
2024-04-19 20:00:00+00:00,667.3969444444444,667.3969444444444
2024-04-19 21:00:00+00:00,1250.3752777777777,8700.493915282364
2024-04-19 22:00:00+00:00,924.4791666666666,5829.748819002649
2024-04-19 23:00:00+00:00,2554.689444444444,2554.689444444444
2024-04-20 00:00:00+00:00,2696.299722222222,2696.299722222222
2024-04-20 01:00:00+00:00,1861.7302777777777,1861.7302777777777
2024-04-20 02:00:00+00:00,6390.881666666667,2723.891207641157
2024-04-20 03:00:00+00:00,901.9508333333332,901.9508333333332
2024-04-20 04:00:00+00:00,805.5419444444444,1698.8757365412293
2024-04-20 05:00:00+00:00,756.4675,756.4675
2024-04-20 06:00:00+00:00,995.8847222222222,995.8847222222222
2024-04-20 07:00:00+00:00,1139.9380555555556,1139.9380555555556
2024-04-20 08:00:00+00:00,20680.40861111111,1100.8985955756648
2024-04-20 09:00:00+00:00,1212.905,1212.905
2024-04-20 10:00:00+00:00,1130.5547222222222,1130.5547222222222
2024-04-20 11:00:00+00:00,22961.25222222222,22961.25222222222
2024-04-20 12:00:00+00:00,2968.625833333333,9606.832457810733
2024-04-20 13:00:00+00:00,12011.15027777778,12011.15027777778
2024-04-20 14:00:00+00:00,1831.506111111111,12409.580588935736
2024-04-20 15:00:00+00:00,1045.5741666666668,11526.097734587742
2024-04-20 16:00:00+00:00,731.5741666666667,10256.166898493675
2024-04-20 17:00:00+00:00,1402.7580555555555,8749.625158969691
2024-04-20 18:00:00+00:00,1233.4916666666666,7098.213418135398
2024-04-20 19:00:00+00:00,730.0761111111111,730.0761111111111
2024-04-20 20:00:00+00:00,2696.1375,3563.6822674167024
2024-04-20 21:00:00+00:00,874.8069444444444,2517.2284673215527
2024-04-20 22:00:00+00:00,611.8997222222222,1928.7325215324304
2024-04-20 23:00:00+00:00,683.0422222222222,1620.6309024275506
2024-04-21 00:00:00+00:00,1403.451111111111,1403.451111111111
2024-04-21 01:00:00+00:00,711.415,711.415
2024-04-21 02:00:00+00:00,1196.8963888888889,1165.401943724539
2024-04-21 03:00:00+00:00,1897.430555555556,1897.430555555556
2024-04-21 04:00:00+00:00,923.0,923.0
2024-04-21 05:00:00+00:00,3847.4513888888887,3847.4513888888887
2024-04-21 06:00:00+00:00,1000.6886111111112,2266.5376501505284
2024-04-21 07:00:00+00:00,1133.8438888888888,2516.5297950909985
2024-04-21 08:00:00+00:00,1038.9902777777777,1038.9902777777777
2024-04-21 09:00:00+00:00,4007.268611111111,4007.268611111111
2024-04-21 10:00:00+00:00,1710.0830555555556,1710.0830555555556
2024-04-21 11:00:00+00:00,892.1683333333333,892.1683333333333
2024-04-21 12:00:00+00:00,4414.444166666667,1750.9594773998892
2024-04-21 13:00:00+00:00,3126.061388888889,3126.061388888889
2024-04-21 14:00:00+00:00,4200.969722222222,4200.969722222222
2024-04-21 15:00:00+00:00,3940.324444444445,3064.864984054446
2024-04-21 16:00:00+00:00,1243.2230555555554,1243.2230555555554
2024-04-21 17:00:00+00:00,1571.9466666666667,1571.9466666666667
2024-04-21 18:00:00+00:00,1365.5211111111112,1365.5211111111112
2024-04-21 19:00:00+00:00,1361.1988888888889,1361.1988888888889
2024-04-21 20:00:00+00:00,1034.5711111111111,1034.5711111111111
2024-04-21 21:00:00+00:00,1665.9983333333332,1665.9983333333332
2024-04-21 22:00:00+00:00,1821.9947222222224,1821.9947222222224
2024-04-21 23:00:00+00:00,1089.4447222222225,1620.2679334862978
2024-04-22 00:00:00+00:00,662.2927777777778,23276.924118842402
2024-04-22 01:00:00+00:00,2014.325,58115.108150792425
2024-04-22 02:00:00+00:00,9594.629722222222,101023.959800871
2024-04-22 03:00:00+00:00,123976.41722222224,148874.2474180359
2024-04-22 04:00:00+00:00,335742.4775,335742.4775
2024-04-22 05:00:00+00:00,95881.70222222224,252478.24364593232
2024-04-22 06:00:00+00:00,126954.27361111112,263474.4244734633
2024-04-22 07:00:00+00:00,171031.22444444444,171031.22444444444
2024-04-22 08:00:00+00:00,260254.2158333333,218719.8320398433
2024-04-22 09:00:00+00:00,76215.65111111112,76215.65111111112
2024-04-22 10:00:00+00:00,67673.81527777777,67673.81527777777
2024-04-22 11:00:00+00:00,45028.38361111111,45028.38361111111
2024-04-22 12:00:00+00:00,2289.545833333333,86341.02827962034
2024-04-22 13:00:00+00:00,5880.5775,64693.96963918033
2024-04-22 14:00:00+00:00,1475.1555555555556,1475.1555555555556
2024-04-22 15:00:00+00:00,1897.3672222222224,1897.3672222222224
2024-04-22 16:00:00+00:00,3797.916388888889,18259.352461226117
2024-04-22 17:00:00+00:00,1867.1861111111111,1867.1861111111111
2024-04-22 18:00:00+00:00,850.4027777777778,850.4027777777778
2024-04-22 19:00:00+00:00,5105.507222222223,5237.564983185843
2024-04-22 20:00:00+00:00,1446.9186111111112,1446.9186111111112
2024-04-22 21:00:00+00:00,862.2341666666666,2797.13524878768
2024-04-22 22:00:00+00:00,694.1197222222222,2234.6895115214156
2024-04-22 23:00:00+00:00,1145.721388888889,1145.721388888889
2024-04-23 00:00:00+00:00,479.7944444444444,1577.7834589915137
2024-04-23 01:00:00+00:00,1798.8269444444445,1798.8269444444445
2024-04-23 02:00:00+00:00,49380.04388888889,49380.04388888889
2024-04-23 03:00:00+00:00,139721.54416666666,20149.243575880388
2024-04-23 04:00:00+00:00,229992.89194444445,229992.89194444445
2024-04-23 05:00:00+00:00,164202.19722222222,129889.27063212724
2024-04-23 06:00:00+00:00,132230.36194444445,155287.89185963728
2024-04-23 07:00:00+00:00,126200.39361111113,126200.39361111113
2024-04-23 08:00:00+00:00,177681.7577777778,177681.7577777778
2024-04-23 09:00:00+00:00,103961.74944444445,103961.74944444445
2024-04-23 10:00:00+00:00,50191.26111111111,136965.93756923507
2024-04-23 11:00:00+00:00,23536.21138888889,111479.15181509894
2024-04-23 12:00:00+00:00,5773.787222222222,5773.787222222222
2024-04-23 13:00:00+00:00,2139.6094444444443,53169.95587301247
2024-04-23 14:00:00+00:00,3630.6852777777776,35324.89808990339
2024-04-23 15:00:00+00:00,9888.593888888889,9888.593888888889
2024-04-23 16:00:00+00:00,32084.58777777778,19098.437298171204
2024-04-23 17:00:00+00:00,1179.763611111111,14759.546417568632
2024-04-23 18:00:00+00:00,1315.881111111111,11335.001461238904
2024-04-23 19:00:00+00:00,1965.8661111111112,1965.8661111111112
2024-04-23 20:00:00+00:00,16954.340833333332,16954.340833333332
2024-04-23 21:00:00+00:00,5347.5841666666665,5347.5841666666665
2024-04-23 22:00:00+00:00,1004.6569444444444,8328.178790516857
2024-04-23 23:00:00+00:00,1345.9327777777778,7008.152459340733
2024-04-24 00:00:00+00:00,4075.844444444445,4075.844444444445
2024-04-24 01:00:00+00:00,3253.3241666666668,5275.730770648485
2024-04-24 02:00:00+00:00,32593.258611111112,32593.258611111112
2024-04-24 03:00:00+00:00,130709.86583333332,130709.86583333332
2024-04-24 04:00:00+00:00,193296.36194444445,193296.36194444445
2024-04-24 05:00:00+00:00,143786.5652777778,143786.5652777778
2024-04-24 06:00:00+00:00,90648.71027777778,90648.71027777778
2024-04-24 07:00:00+00:00,116845.09027777778,111674.95562642952
2024-04-24 08:00:00+00:00,128968.10388888889,128968.10388888889
2024-04-24 09:00:00+00:00,159620.95,159620.95
2024-04-24 10:00:00+00:00,169874.51888888888,169874.51888888888
2024-04-24 11:00:00+00:00,61895.85888888889,61895.85888888889
2024-04-24 12:00:00+00:00,17309.526944444446,17309.526944444446
2024-04-24 13:00:00+00:00,6495.410277777778,6495.410277777778
2024-04-24 14:00:00+00:00,1628.5336111111112,49587.185975907836
2024-04-24 15:00:00+00:00,2061.275,2061.275
2024-04-24 16:00:00+00:00,1311.7255555555555,1311.7255555555555
2024-04-24 17:00:00+00:00,37341.57111111111,13001.317438088667
2024-04-24 18:00:00+00:00,1752.8669444444445,1752.8669444444445
2024-04-24 19:00:00+00:00,28538.42055555556,28538.42055555556
2024-04-24 20:00:00+00:00,1996.698055555556,14688.149432342247
2024-04-24 21:00:00+00:00,1566.265,16502.438733188894
2024-04-24 22:00:00+00:00,1025.4230555555555,1025.4230555555555
2024-04-24 23:00:00+00:00,1590.8052777777775,9004.533217949149
2024-04-25 00:00:00+00:00,1614.068888888889,6167.88032344282
2024-04-25 01:00:00+00:00,3014.538888888889,3014.538888888889
2024-04-25 02:00:00+00:00,8647.917777777779,4039.2481282618214
2024-04-25 03:00:00+00:00,62088.7525,11499.875899060284
2024-04-25 04:00:00+00:00,63814.255833333336,63814.255833333336
2024-04-25 05:00:00+00:00,69280.32305555555,39391.67281448578
2024-04-25 06:00:00+00:00,72487.95305555555,72487.95305555555
2024-04-25 07:00:00+00:00,287595.6716666667,287595.6716666667
2024-04-25 08:00:00+00:00,48493.270833333336,48493.270833333336
2024-04-25 09:00:00+00:00,64180.39305555556,64180.39305555556
2024-04-25 10:00:00+00:00,30522.631944444445,30522.631944444445
2024-04-25 11:00:00+00:00,21258.05083333333,68011.94972186786
2024-04-25 12:00:00+00:00,33416.899722222224,33416.899722222224
2024-04-25 13:00:00+00:00,3207.8483333333334,46042.20455181331
2024-04-25 14:00:00+00:00,3360.9625,3360.9625
2024-04-25 15:00:00+00:00,2983.5925,2983.5925
2024-04-25 16:00:00+00:00,809.01,15195.401338561373
2024-04-25 17:00:00+00:00,6070.280277777778,10253.331173345901
2024-04-25 18:00:00+00:00,1380.4255555555555,1380.4255555555555
2024-04-25 19:00:00+00:00,1208.5894444444446,4833.524649746909
2024-04-25 20:00:00+00:00,1208.0672222222222,4375.7112989323305
2024-04-25 21:00:00+00:00,1310.0725,4976.458655364726
2024-04-25 22:00:00+00:00,10469.7975,10469.7975
2024-04-25 23:00:00+00:00,744.6863888888889,744.6863888888889
2024-04-26 00:00:00+00:00,1297.9758333333334,1297.9758333333334
2024-04-26 01:00:00+00:00,3158.056666666667,3158.056666666667
2024-04-26 02:00:00+00:00,4058.15,3447.4475042868817
2024-04-26 03:00:00+00:00,77565.03444444445,11260.804445132693
2024-04-26 04:00:00+00:00,64481.01222222222,64481.01222222222
2024-04-26 05:00:00+00:00,33922.31805555556,33922.31805555556
2024-04-26 06:00:00+00:00,35668.40944444444,35668.40944444444
2024-04-26 07:00:00+00:00,128142.1086111111,128142.1086111111
2024-04-26 08:00:00+00:00,74709.1675,74709.1675
2024-04-26 09:00:00+00:00,26077.60388888889,26077.60388888889
2024-04-26 10:00:00+00:00,25495.79527777778,25495.79527777778
2024-04-26 11:00:00+00:00,12123.676666666666,12123.676666666666
2024-04-26 12:00:00+00:00,3726.379444444444,3726.379444444444
2024-04-26 13:00:00+00:00,1537.233888888889,1537.233888888889
2024-04-26 14:00:00+00:00,1199.331111111111,1199.331111111111
2024-04-26 15:00:00+00:00,941.3747222222222,941.3747222222222
2024-04-26 16:00:00+00:00,891.9847222222222,5608.656778888284
2024-04-26 17:00:00+00:00,1521.7697222222223,3921.0966175003387
2024-04-26 18:00:00+00:00,1885.9544444444443,1885.9544444444443
2024-04-26 19:00:00+00:00,48684.06,48684.06
2024-04-26 20:00:00+00:00,19355.86305555556,19355.86305555556
2024-04-26 21:00:00+00:00,50039.22416666667,50039.22416666667
2024-04-26 22:00:00+00:00,555.4852777777778,31663.71429044346
2024-04-26 23:00:00+00:00,431.5966666666667,431.5966666666667
2024-04-27 00:00:00+00:00,475.00805555555553,475.00805555555553
2024-04-27 01:00:00+00:00,531.9619444444445,531.9619444444445
2024-04-27 02:00:00+00:00,446.19694444444445,446.19694444444445
2024-04-27 03:00:00+00:00,1662.647222222222,4506.23454517631
2024-04-27 04:00:00+00:00,23340.56194444445,23340.56194444445
2024-04-27 05:00:00+00:00,533.8494444444444,533.8494444444444
2024-04-27 06:00:00+00:00,1597.706111111111,1597.706111111111
2024-04-27 07:00:00+00:00,998.3413888888888,998.3413888888888
2024-04-27 08:00:00+00:00,9498.229166666666,3956.9147442963676
2024-04-27 09:00:00+00:00,1198.5019444444445,1198.5019444444445
2024-04-27 10:00:00+00:00,1783.1583333333333,1783.1583333333333
2024-04-27 11:00:00+00:00,2048.908055555556,2043.7698269541897
2024-04-27 12:00:00+00:00,2410.5825,2410.5825
2024-04-27 13:00:00+00:00,898.4536111111111,2198.5995531995845
2024-04-27 14:00:00+00:00,742.8291666666667,2188.8507338111535
2024-04-27 15:00:00+00:00,22244.983333333334,2090.941064907193
2024-04-27 16:00:00+00:00,2064.6077777777778,1939.0530619548356
2024-04-27 17:00:00+00:00,1224.950833333333,1224.950833333333
2024-04-27 18:00:00+00:00,2189.833333333333,2189.833333333333
2024-04-27 19:00:00+00:00,9535.968333333334,1797.4348376075295
2024-04-27 20:00:00+00:00,898.0577777777778,898.0577777777778
2024-04-27 21:00:00+00:00,861.4530555555556,1388.5431527587425
2024-04-27 22:00:00+00:00,1188.0413888888888,1191.157350435878
2024-04-27 23:00:00+00:00,2060.2122222222224,1063.0933295622535
2024-04-28 00:00:00+00:00,823.6716666666666,823.6716666666666
2024-04-28 01:00:00+00:00,672.7822222222222,917.8397839061505
2024-04-28 02:00:00+00:00,1473.236111111111,1473.236111111111
2024-04-28 03:00:00+00:00,2893.6480555555554,1187.929715640147
2024-04-28 04:00:00+00:00,1009.3941666666668,1009.3941666666668
2024-04-28 05:00:00+00:00,4529.258333333333,4529.258333333333
2024-04-28 06:00:00+00:00,1438.3755555555556,2448.8357198563763
2024-04-28 07:00:00+00:00,1134.3997222222222,3145.4059386456183
2024-04-28 08:00:00+00:00,3677.6075,3677.6075
2024-04-28 09:00:00+00:00,895.2797222222222,895.2797222222222
2024-04-28 10:00:00+00:00,4346.955555555555,4346.955555555555
2024-04-28 11:00:00+00:00,973.3175,3227.094405451874
2024-04-28 12:00:00+00:00,1926.138055555556,3279.2291401299017
2024-04-28 13:00:00+00:00,1390.7575,1390.7575
2024-04-28 14:00:00+00:00,2285.764722222222,2285.764722222222
2024-04-28 15:00:00+00:00,5316.84,2314.458320967366
2024-04-28 16:00:00+00:00,1485.3966666666668,1485.3966666666668
2024-04-28 17:00:00+00:00,1887.1277777777775,1887.1277777777775
2024-04-28 18:00:00+00:00,1302.856388888889,1889.6171641718263
2024-04-28 19:00:00+00:00,2445.296388888889,1783.5452835314406
2024-04-28 20:00:00+00:00,757.4761111111111,1613.4938706108383
2024-04-28 21:00:00+00:00,802.7963888888889,802.7963888888889
2024-04-28 22:00:00+00:00,762.9258333333333,762.9258333333333
2024-04-28 23:00:00+00:00,684.1736111111111,684.1736111111111
2024-04-29 00:00:00+00:00,19538.9725,885.3913316794848
2024-04-29 01:00:00+00:00,1819.4183333333333,1819.4183333333333
2024-04-29 02:00:00+00:00,28911.908888888887,28911.908888888887
2024-04-29 03:00:00+00:00,72387.25972222222,72387.25972222222
2024-04-29 04:00:00+00:00,234230.1302777778,234230.1302777778
2024-04-29 05:00:00+00:00,77557.47277777777,112510.85595404348
2024-04-29 06:00:00+00:00,45792.82333333333,45792.82333333333
2024-04-29 07:00:00+00:00,77300.3575,93170.85764598311
2024-04-29 08:00:00+00:00,114094.61111111112,81646.27139559714
2024-04-29 09:00:00+00:00,54595.72611111112,81435.35135626452
2024-04-29 10:00:00+00:00,116411.74277777778,116411.74277777778
2024-04-29 11:00:00+00:00,21140.6175,21140.6175
2024-04-29 12:00:00+00:00,2157.150277777778,68878.27143923508
2024-04-29 13:00:00+00:00,2276.395,2276.395
2024-04-29 14:00:00+00:00,2609.1188888888887,2609.1188888888887
2024-04-29 15:00:00+00:00,1316.6075,19063.196704335
2024-04-29 16:00:00+00:00,2278.528888888889,2278.528888888889
2024-04-29 17:00:00+00:00,7816.743333333333,8609.935123118854
2024-04-29 18:00:00+00:00,3411.3841666666667,3411.3841666666667
2024-04-29 19:00:00+00:00,1107.7936111111112,5225.727970787021
2024-04-29 20:00:00+00:00,693.0091666666667,4190.206347122771
2024-04-29 21:00:00+00:00,842.2083333333334,842.2083333333334
2024-04-29 22:00:00+00:00,1088.5622222222223,2300.595161101045
2024-04-29 23:00:00+00:00,854.0563888888889,854.0563888888889
2024-04-30 00:00:00+00:00,1407.9583333333333,1407.9583333333333
2024-04-30 01:00:00+00:00,1090.9327777777778,1399.9768403630792
2024-04-30 02:00:00+00:00,8408.039166666667,8408.039166666667
2024-04-30 03:00:00+00:00,85974.835,85974.835
2024-04-30 04:00:00+00:00,61939.535833333335,61939.535833333335
2024-04-30 05:00:00+00:00,108780.62583333334,108780.62583333334
2024-04-30 06:00:00+00:00,125952.04722222222,70514.1603808096
2024-04-30 07:00:00+00:00,66770.41833333333,99073.3799026431
2024-04-30 08:00:00+00:00,214954.29305555555,214954.29305555555
2024-04-30 09:00:00+00:00,140206.05916666667,140206.05916666667
2024-04-30 10:00:00+00:00,79480.96527777778,79480.96527777778
2024-04-30 11:00:00+00:00,17885.758055555554,17885.758055555554
2024-04-30 12:00:00+00:00,1581.3641666666667,83620.5038467121
2024-04-30 13:00:00+00:00,746.3172222222222,746.3172222222222
2024-04-30 14:00:00+00:00,1759.486388888889,33848.25593340452
2024-04-30 15:00:00+00:00,1527.986666666667,22249.537985858184
2024-04-30 16:00:00+00:00,10308.636111111113,10308.636111111113
2024-04-30 17:00:00+00:00,1408.925,14028.30848893564
2024-04-30 18:00:00+00:00,1193.911111111111,1193.911111111111
2024-04-30 19:00:00+00:00,591.5080555555555,7087.112316842831
2024-04-30 20:00:00+00:00,19477.783888888887,19477.783888888887
2024-04-30 21:00:00+00:00,571.1819444444444,571.1819444444444
2024-04-30 22:00:00+00:00,9236.972222222224,9236.972222222224
2024-04-30 23:00:00+00:00,701.7927777777778,701.7927777777778
2024-05-01 00:00:00+00:00,1555.4297222222222,1555.4297222222222
2024-05-01 01:00:00+00:00,1030.0313888888888,3942.60944812605
2024-05-01 02:00:00+00:00,724.5844444444444,4735.154416017349
2024-05-01 03:00:00+00:00,906.2022222222222,6938.530445680986
2024-05-01 04:00:00+00:00,19280.426666666663,19280.426666666663
2024-05-01 05:00:00+00:00,1063.8736111111111,1063.8736111111111
2024-05-01 06:00:00+00:00,567.3313888888889,8740.47714183341
2024-05-01 07:00:00+00:00,1477.4702777777777,5726.138313976278
2024-05-01 08:00:00+00:00,770.6488888888889,770.6488888888889
2024-05-01 09:00:00+00:00,659.345,659.345
2024-05-01 10:00:00+00:00,817.38,1879.1115874012771
2024-05-01 11:00:00+00:00,4784.3388888888885,4784.3388888888885
2024-05-01 12:00:00+00:00,4587.568611111111,4587.568611111111
2024-05-01 13:00:00+00:00,1925.9047222222223,1925.9047222222223
2024-05-01 14:00:00+00:00,1928.996388888889,3037.502502722118
2024-05-01 15:00:00+00:00,4439.301111111111,4439.301111111111
2024-05-01 16:00:00+00:00,11591.013055555555,3615.466578851319
2024-05-01 17:00:00+00:00,3236.3541666666665,11666.138313643478
2024-05-01 18:00:00+00:00,64258.77138888889,64258.77138888889
2024-05-01 19:00:00+00:00,74425.02611111112,74425.02611111112
2024-05-01 20:00:00+00:00,715.3880555555555,53230.90963786315
2024-05-01 21:00:00+00:00,872.2516666666667,872.2516666666667
2024-05-01 22:00:00+00:00,502.615,29230.78452752894
2024-05-01 23:00:00+00:00,19595.54833333333,19595.54833333333
2024-05-02 00:00:00+00:00,1405.112777777778,1405.112777777778
2024-05-02 01:00:00+00:00,1547.8494444444443,1547.8494444444443
2024-05-02 02:00:00+00:00,7497.353333333333,7497.353333333333
2024-05-02 03:00:00+00:00,36629.841944444444,36629.841944444444
2024-05-02 04:00:00+00:00,114048.13194444444,114048.13194444444
2024-05-02 05:00:00+00:00,110893.93,110893.93
2024-05-02 06:00:00+00:00,132119.78916666663,132119.78916666663
2024-05-02 07:00:00+00:00,108043.74277777778,98554.85273367516
2024-05-02 08:00:00+00:00,85580.69194444445,85580.69194444445
2024-05-02 09:00:00+00:00,88025.81472222222,95968.47053730326
2024-05-02 10:00:00+00:00,40195.72111111111,40195.72111111111
2024-05-02 11:00:00+00:00,41779.87805555556,66490.66336957546
2024-05-02 12:00:00+00:00,45837.3875,51272.12177463464
2024-05-02 13:00:00+00:00,1329.1591666666666,1329.1591666666666
2024-05-02 14:00:00+00:00,5369.829444444445,23127.146497552778
2024-05-02 15:00:00+00:00,7104.465,17301.32864270974
2024-05-02 16:00:00+00:00,21646.65055555556,21646.65055555556
2024-05-02 17:00:00+00:00,1106.0544444444445,18409.936051754015
2024-05-02 18:00:00+00:00,1122.358888888889,16986.98557815867
2024-05-02 19:00:00+00:00,926.6219444444444,926.6219444444444
2024-05-02 20:00:00+00:00,795.9516666666667,8586.875707087145
2024-05-02 21:00:00+00:00,1092.1502777777778,6106.727096772455
2024-05-02 22:00:00+00:00,1015.3727777777776,5078.157653964776
2024-05-02 23:00:00+00:00,1094.2644444444445,4938.3480816887995
2024-05-03 00:00:00+00:00,824.3483333333334,5342.700429857108
2024-05-03 01:00:00+00:00,1911.3536111111111,6080.227356986168
2024-05-03 02:00:00+00:00,9772.171666666669,9772.171666666669
2024-05-03 03:00:00+00:00,116702.56444444443,116702.56444444443
2024-05-03 04:00:00+00:00,104414.54,50201.115306477746
2024-05-03 05:00:00+00:00,130805.0525,82701.55827441449
2024-05-03 06:00:00+00:00,168665.95916666667,168665.95916666667
2024-05-03 07:00:00+00:00,279977.4036111111,279977.4036111111
2024-05-03 08:00:00+00:00,122779.04194444444,122779.04194444444
2024-05-03 09:00:00+00:00,60222.95722222222,60222.95722222222
2024-05-03 10:00:00+00:00,87324.325,123564.78834497003
2024-05-03 11:00:00+00:00,26448.320555555558,26448.320555555558
2024-05-03 12:00:00+00:00,2399.426388888889,2399.426388888889
2024-05-03 13:00:00+00:00,1138.4563888888888,1138.4563888888888
2024-05-03 14:00:00+00:00,1133.0372222222222,26076.685219113562
2024-05-03 15:00:00+00:00,2643.4255555555555,18158.09154825142
2024-05-03 16:00:00+00:00,2248.064444444444,15060.446185945095
2024-05-03 17:00:00+00:00,5095.216388888889,14914.527805165186
2024-05-03 18:00:00+00:00,1664.2511111111112,16575.86634062487
2024-05-03 19:00:00+00:00,28229.75361111111,28229.75361111111
2024-05-03 20:00:00+00:00,924.08,22789.102420649157
2024-05-03 21:00:00+00:00,1689.115,1689.115
2024-05-03 22:00:00+00:00,761.0555555555555,12749.300255650622
2024-05-03 23:00:00+00:00,2385.82,8405.514191212525
2024-05-04 00:00:00+00:00,1260.2188888888888,1260.2188888888888
2024-05-04 01:00:00+00:00,2150.810833333333,2150.810833333333
2024-05-04 02:00:00+00:00,1102.8305555555555,3266.335423604583
2024-05-04 03:00:00+00:00,740.8327777777778,740.8327777777778
2024-05-04 04:00:00+00:00,1841.0369444444443,1854.9436577403549
2024-05-04 05:00:00+00:00,5410.7891666666665,1726.406746857215
2024-05-04 06:00:00+00:00,3088.6286111111112,3088.6286111111112
2024-05-04 07:00:00+00:00,21047.053888888888,2392.1794159976375
2024-05-04 08:00:00+00:00,825.4402777777777,825.4402777777777
2024-05-04 09:00:00+00:00,1842.503333333333,1681.4079275388824
2024-05-04 10:00:00+00:00,1278.1530555555555,1278.1530555555555
2024-05-04 11:00:00+00:00,906.5769444444444,906.5769444444444
2024-05-04 12:00:00+00:00,657.3938888888889,1193.738599283507
2024-05-04 13:00:00+00:00,904.7488888888888,1078.4881417786355
2024-05-04 14:00:00+00:00,876.3272222222222,876.3272222222222
2024-05-04 15:00:00+00:00,1335.5258333333334,1335.5258333333334
2024-05-04 16:00:00+00:00,1133.975,1133.975
2024-05-04 17:00:00+00:00,1924.2525,1924.2525
2024-05-04 18:00:00+00:00,40772.29972222223,40772.29972222223
2024-05-04 19:00:00+00:00,7780.961666666667,16683.225624228013
2024-05-04 20:00:00+00:00,11468.365555555556,11468.365555555556
2024-05-04 21:00:00+00:00,907.9380555555556,16901.59735442948
2024-05-04 22:00:00+00:00,1596.092777777778,1596.092777777778
2024-05-04 23:00:00+00:00,729.2811111111112,8505.571412682591
2024-05-05 00:00:00+00:00,1116.1025,5796.5186684441
2024-05-05 01:00:00+00:00,1363.602777777778,1363.602777777778
2024-05-05 02:00:00+00:00,20786.828611111112,20786.828611111112
2024-05-05 03:00:00+00:00,19604.50333333333,19604.50333333333
2024-05-05 04:00:00+00:00,5046.711111111111,5046.711111111111
2024-05-05 05:00:00+00:00,19998.729166666668,19998.729166666668
2024-05-05 06:00:00+00:00,5063.001388888889,5063.001388888889
2024-05-05 07:00:00+00:00,2207.2658333333334,2207.2658333333334
2024-05-05 08:00:00+00:00,2721.1525,2721.1525
2024-05-05 09:00:00+00:00,2053.9352777777776,2053.9352777777776
2024-05-05 10:00:00+00:00,1458.3133333333333,1458.3133333333333
2024-05-05 11:00:00+00:00,1068.17,1068.17
2024-05-05 12:00:00+00:00,1881.1013888888888,2331.969039292318
2024-05-05 13:00:00+00:00,2532.186388888889,2532.186388888889
2024-05-05 14:00:00+00:00,5687.218888888889,2283.3545037249414
2024-05-05 15:00:00+00:00,3376.3783333333336,2397.4692200533314
2024-05-05 16:00:00+00:00,2668.637777777778,2668.637777777778
2024-05-05 17:00:00+00:00,10463.32,2556.1856086124676
2024-05-05 18:00:00+00:00,1497.6525,1497.6525
2024-05-05 19:00:00+00:00,15226.169166666668,15226.169166666668
2024-05-05 20:00:00+00:00,1039.4405555555556,7148.658067302495
2024-05-05 21:00:00+00:00,1201.3922222222222,1201.3922222222222
2024-05-05 22:00:00+00:00,989.6655555555556,5095.585816984396
2024-05-05 23:00:00+00:00,27697.014444444445,27697.014444444445
2024-05-06 00:00:00+00:00,1302.7969444444443,1302.7969444444443
2024-05-06 01:00:00+00:00,20856.472777777777,10350.033022491414
2024-05-06 02:00:00+00:00,13342.590555555556,11768.029486547648
2024-05-06 03:00:00+00:00,129734.18722222222,17562.09963987745
2024-05-06 04:00:00+00:00,280075.80833333335,26035.512933819795
2024-05-06 05:00:00+00:00,150343.95305555555,36149.410409448574
2024-05-06 06:00:00+00:00,77529.32166666667,77529.32166666667
2024-05-06 07:00:00+00:00,165575.68583333332,59001.02507779121
2024-05-06 08:00:00+00:00,101371.80055555556,101371.80055555556
2024-05-06 09:00:00+00:00,94684.30361111111,82657.97644053739
2024-05-06 10:00:00+00:00,59615.342777777776,59615.342777777776
2024-05-06 11:00:00+00:00,16689.011666666665,73209.86046190755
2024-05-06 12:00:00+00:00,2641.641111111111,2641.641111111111
2024-05-06 13:00:00+00:00,4651.0841666666665,4651.0841666666665
2024-05-06 14:00:00+00:00,1346.569166666667,23758.543109131933
2024-05-06 15:00:00+00:00,5347.8516666666665,5347.8516666666665
2024-05-06 16:00:00+00:00,23277.99333333333,12166.869952073053
2024-05-06 17:00:00+00:00,2739.045833333333,2739.045833333333
2024-05-06 18:00:00+00:00,1925.096388888889,1925.096388888889
2024-05-06 19:00:00+00:00,2195.246111111111,2195.246111111111
2024-05-06 20:00:00+00:00,1382.2591666666667,3775.9646979827567
2024-05-06 21:00:00+00:00,1052.1902777777775,4744.562135612984
2024-05-06 22:00:00+00:00,829.1913888888889,6919.094114209973
2024-05-06 23:00:00+00:00,732.1827777777778,9831.984875084094
2024-05-07 00:00:00+00:00,784.4844444444444,13196.951327337547
2024-05-07 01:00:00+00:00,26668.33861111111,26668.33861111111
2024-05-07 02:00:00+00:00,19192.94722222222,19192.94722222222
2024-05-07 03:00:00+00:00,86599.47861111112,86599.47861111112
2024-05-07 04:00:00+00:00,123360.16611111112,45874.60444392319
2024-05-07 05:00:00+00:00,199209.38527777776,62935.53263956588
2024-05-07 06:00:00+00:00,96431.45972222222,96431.45972222222
2024-05-07 07:00:00+00:00,209462.6858333333,83096.625067401
2024-05-07 08:00:00+00:00,115317.59555555556,93375.06656731106
2024-05-07 09:00:00+00:00,135954.99416666667,135954.99416666667
2024-05-07 10:00:00+00:00,57191.59527777778,57191.59527777778
2024-05-07 11:00:00+00:00,28410.13833333333,28410.13833333333
2024-05-07 12:00:00+00:00,33074.91916666667,68402.3978649897
2024-05-07 13:00:00+00:00,771.4038888888889,771.4038888888889
2024-05-07 14:00:00+00:00,954.8383333333334,29405.279402036314
2024-05-07 15:00:00+00:00,6082.504722222222,18348.555560241715
2024-05-07 16:00:00+00:00,1123.138611111111,1123.138611111111
2024-05-07 17:00:00+00:00,3208.742222222222,7552.697412764677
2024-05-07 18:00:00+00:00,1739.486666666667,1739.486666666667
2024-05-07 19:00:00+00:00,1921.4683333333328,1921.4683333333328
2024-05-07 20:00:00+00:00,2010.3691666666664,3099.5337531735104
2024-05-07 21:00:00+00:00,4470.227777777778,4470.227777777778
2024-05-07 22:00:00+00:00,1025.4063888888888,1025.4063888888888
2024-05-07 23:00:00+00:00,937.1780555555556,937.1780555555556
2024-05-08 00:00:00+00:00,19605.35055555556,19605.35055555556
2024-05-08 01:00:00+00:00,2720.3186111111117,2720.3186111111117
2024-05-08 02:00:00+00:00,1005.6155555555556,6449.919778772983
2024-05-08 03:00:00+00:00,10622.680555555557,10622.680555555557
2024-05-08 04:00:00+00:00,1473.8236111111112,1473.8236111111112
2024-05-08 05:00:00+00:00,21711.639166666668,5543.3432499502605
2024-05-08 06:00:00+00:00,803.5094444444444,4525.828907989697
2024-05-08 07:00:00+00:00,5809.504166666667,5809.504166666667
2024-05-08 08:00:00+00:00,606.4541666666667,606.4541666666667
2024-05-08 09:00:00+00:00,10076.477222222222,10076.477222222222
2024-05-08 10:00:00+00:00,22581.809444444443,22581.809444444443
2024-05-08 11:00:00+00:00,1508.5211111111112,1508.5211111111112
2024-05-08 12:00:00+00:00,709.6025,709.6025
2024-05-08 13:00:00+00:00,1255.9672222222223,1255.9672222222223
2024-05-08 14:00:00+00:00,3451.8797222222224,3716.246566876288
2024-05-08 15:00:00+00:00,958.8311111111112,2879.8933873671676
2024-05-08 16:00:00+00:00,2165.6366666666668,2165.6366666666668
2024-05-08 17:00:00+00:00,20647.56527777778,20647.56527777778
2024-05-08 18:00:00+00:00,1593.2469444444444,1593.2469444444444
2024-05-08 19:00:00+00:00,588.8691666666666,6404.616903279521
2024-05-08 20:00:00+00:00,928.8694444444444,4426.620373833452
2024-05-08 21:00:00+00:00,722.8786111111111,722.8786111111111
2024-05-08 22:00:00+00:00,4662.580833333333,4662.580833333333
2024-05-08 23:00:00+00:00,710.8727777777777,3142.688256765672
2024-05-09 00:00:00+00:00,1698.2091666666668,1698.2091666666668
2024-05-09 01:00:00+00:00,2807.128888888889,2807.128888888889
2024-05-09 02:00:00+00:00,7103.187222222222,7103.187222222222
2024-05-09 03:00:00+00:00,78914.33888888889,4392.028576547178
2024-05-09 04:00:00+00:00,171581.76416666666,171581.76416666666
2024-05-09 05:00:00+00:00,77454.60972222222,77454.60972222222
2024-05-09 06:00:00+00:00,182259.78333333333,182259.78333333333
2024-05-09 07:00:00+00:00,93033.18333333332,122562.33775254595
2024-05-09 08:00:00+00:00,133779.14888888889,133779.14888888889
2024-05-09 09:00:00+00:00,107740.91833333332,107740.91833333332
2024-05-09 10:00:00+00:00,43799.265,124632.16252178553
2024-05-09 11:00:00+00:00,22974.59333333333,22974.59333333333
2024-05-09 12:00:00+00:00,4402.965555555556,4402.965555555556
2024-05-09 13:00:00+00:00,15827.718333333334,15827.718333333334
2024-05-09 14:00:00+00:00,1369.451111111111,33852.69156391115
2024-05-09 15:00:00+00:00,10859.963055555556,10859.963055555556
2024-05-09 16:00:00+00:00,1879.8566666666663,20069.041515222383
2024-05-09 17:00:00+00:00,2130.290555555556,2130.290555555556
2024-05-09 18:00:00+00:00,10652.886944444444,10652.886944444444
2024-05-09 19:00:00+00:00,8030.224722222222,10186.580535626154
2024-05-09 20:00:00+00:00,4291.559722222222,9393.851698955212
2024-05-09 21:00:00+00:00,627.7672222222222,7934.95745768333
2024-05-09 22:00:00+00:00,609.4863888888889,609.4863888888889
2024-05-09 23:00:00+00:00,1036.2888888888888,1036.2888888888888
2024-05-10 00:00:00+00:00,1626.8977777777775,1626.8977777777775
2024-05-10 01:00:00+00:00,5982.4825,2358.19922269354
2024-05-10 02:00:00+00:00,9676.16138888889,15155.848613019127
2024-05-10 03:00:00+00:00,41179.33472222222,36072.674720796116
2024-05-10 04:00:00+00:00,136578.85777777777,136578.85777777777
2024-05-10 05:00:00+00:00,124151.71444444444,124151.71444444444
2024-05-10 06:00:00+00:00,126816.55583333332,126816.55583333332
2024-05-10 07:00:00+00:00,153504.34166666667,112716.7943570536
2024-05-10 08:00:00+00:00,69759.01388888889,69759.01388888889
2024-05-10 09:00:00+00:00,62042.95611111111,92635.44051200751
2024-05-10 10:00:00+00:00,34865.16611111111,34865.16611111111
2024-05-10 11:00:00+00:00,2713.188055555556,2713.188055555556
2024-05-10 12:00:00+00:00,21161.67055555556,21161.67055555556
2024-05-10 13:00:00+00:00,10464.631111111112,10464.631111111112
2024-05-10 14:00:00+00:00,3037.748055555556,23399.345630813572
2024-05-10 15:00:00+00:00,1474.8197222222225,1474.8197222222225
2024-05-10 16:00:00+00:00,3411.4255555555555,10760.86330366971
2024-05-10 17:00:00+00:00,1130.4255555555555,1130.4255555555555
2024-05-10 18:00:00+00:00,4572.903888888889,4781.522499005616
2024-05-10 19:00:00+00:00,3545.4630555555555,3336.087894138568
2024-05-10 20:00:00+00:00,5165.9783333333335,2421.291617417583
2024-05-10 21:00:00+00:00,1129.1066666666666,1831.3898158854454
2024-05-10 22:00:00+00:00,746.1552777777778,746.1552777777778
2024-05-10 23:00:00+00:00,910.2855555555556,910.2855555555556
2024-05-11 00:00:00+00:00,852.8475,1070.0532030492643
2024-05-11 01:00:00+00:00,1863.6986111111112,1863.6986111111112
2024-05-11 02:00:00+00:00,1929.1788888888889,1929.1788888888889
2024-05-11 03:00:00+00:00,1001.3513888888888,1637.6358781375084
2024-05-11 04:00:00+00:00,1286.1630555555555,1286.1630555555555
2024-05-11 05:00:00+00:00,2164.820277777778,2164.820277777778
2024-05-11 06:00:00+00:00,1846.308611111111,1846.308611111111
2024-05-11 07:00:00+00:00,20070.21277777778,1789.9420583424658
2024-05-11 08:00:00+00:00,1312.8277777777778,1312.8277777777778
2024-05-11 09:00:00+00:00,928.1861111111112,1555.0092804071019
2024-05-11 10:00:00+00:00,1593.8211111111111,1437.1730886899416
2024-05-11 11:00:00+00:00,1127.6308333333334,1127.6308333333334
2024-05-11 12:00:00+00:00,1063.5397222222225,1063.5397222222225
2024-05-11 13:00:00+00:00,24193.150833333333,24193.150833333333
2024-05-11 14:00:00+00:00,733.9505555555555,10104.580588061475
2024-05-11 15:00:00+00:00,2632.493055555556,14110.993151845294
2024-05-11 16:00:00+00:00,4709.611944444445,15107.869214186498
2024-05-11 17:00:00+00:00,24736.759444444444,14262.093266044327
2024-05-11 18:00:00+00:00,5392.395555555556,12288.114875396188
2024-05-11 19:00:00+00:00,1659.8702777777778,1659.8702777777778
2024-05-11 20:00:00+00:00,1939.8416666666667,1939.8416666666667
2024-05-11 21:00:00+00:00,2332.9119444444445,2332.9119444444445
2024-05-11 22:00:00+00:00,1008.9608333333332,3815.119135524793
2024-05-11 23:00:00+00:00,1164.4922222222222,3139.001424724088
2024-05-12 00:00:00+00:00,1548.165,1548.165
2024-05-12 01:00:00+00:00,880.2241666666666,2206.6294880901887
2024-05-12 02:00:00+00:00,910.9730555555556,910.9730555555556
2024-05-12 03:00:00+00:00,2618.2919444444447,1472.3164736326735
2024-05-12 04:00:00+00:00,20232.37861111111,20232.37861111111
2024-05-12 05:00:00+00:00,4432.405833333333,4432.405833333333
2024-05-12 06:00:00+00:00,2898.2516666666666,2898.2516666666666
2024-05-12 07:00:00+00:00,20547.28083333333,20547.28083333333
2024-05-12 08:00:00+00:00,2446.4636111111117,2446.4636111111117
2024-05-12 09:00:00+00:00,5630.158611111111,8174.788834320816
2024-05-12 10:00:00+00:00,3436.6769444444444,3436.6769444444444
2024-05-12 11:00:00+00:00,21872.94027777778,21872.94027777778
2024-05-12 12:00:00+00:00,6303.094722222222,6303.094722222222
2024-05-12 13:00:00+00:00,30227.478333333333,30227.478333333333
2024-05-12 14:00:00+00:00,20147.36611111111,17565.14214758162
2024-05-12 15:00:00+00:00,7866.36,7866.36
2024-05-12 16:00:00+00:00,1674.5916666666667,1674.5916666666667
2024-05-12 17:00:00+00:00,1637.1172222222222,9316.847482913054
2024-05-12 18:00:00+00:00,2368.803611111111,6575.001230519789
2024-05-12 19:00:00+00:00,79383.30222222222,5117.525935800359
2024-05-12 20:00:00+00:00,3957.4,3957.4
2024-05-12 21:00:00+00:00,1266.233611111111,4256.821208904172
2024-05-12 22:00:00+00:00,968.0591666666668,3860.3685135213645
2024-05-12 23:00:00+00:00,1016.0088888888888,3337.273595626406
2024-05-13 00:00:00+00:00,1065.0866666666666,1065.0866666666666
2024-05-13 01:00:00+00:00,2874.355833333333,2088.529925942604
2024-05-13 02:00:00+00:00,11107.3375,22156.75728704304
2024-05-13 03:00:00+00:00,159410.58694444445,159410.58694444445
2024-05-13 04:00:00+00:00,266404.79305555555,95427.29122476034
2024-05-13 05:00:00+00:00,92475.24333333332,92475.24333333332
2024-05-13 06:00:00+00:00,30303.327777777777,30303.327777777777
2024-05-13 07:00:00+00:00,112340.32555555557,112340.32555555557
2024-05-13 08:00:00+00:00,111221.66583333332,111221.66583333332
2024-05-13 09:00:00+00:00,67561.82861111111,97500.54940970725
2024-05-13 10:00:00+00:00,58631.90416666667,96255.65227339942
2024-05-13 11:00:00+00:00,51376.43055555556,88928.46633425979
2024-05-13 12:00:00+00:00,6238.576111111112,77877.2711712725
2024-05-13 13:00:00+00:00,1833.1697222222224,64545.9730488786
2024-05-13 14:00:00+00:00,9630.523888888889,9630.523888888889
2024-05-13 15:00:00+00:00,1271.4480555555556,34236.53938336971
2024-05-13 16:00:00+00:00,21462.31777777778,23624.245753251802
2024-05-13 17:00:00+00:00,1337.3966666666668,1337.3966666666668
2024-05-13 18:00:00+00:00,2745.3283333333334,2745.3283333333334
2024-05-13 19:00:00+00:00,5323.826666666667,7400.497568784953
2024-05-13 20:00:00+00:00,1660.03,5433.091081174668
2024-05-13 21:00:00+00:00,3057.5241666666666,4066.042576576011
2024-05-13 22:00:00+00:00,771.675,3066.575871990691
2024-05-13 23:00:00+00:00,650.2758333333334,650.2758333333334
2024-05-14 00:00:00+00:00,1210.2825,1210.2825
2024-05-14 01:00:00+00:00,7523.883888888889,7523.883888888889
2024-05-14 02:00:00+00:00,31180.301111111112,31180.301111111112
2024-05-14 03:00:00+00:00,70536.90611111111,70536.90611111111
2024-05-14 04:00:00+00:00,113981.71555555557,113981.71555555557
2024-05-14 05:00:00+00:00,152641.6338888889,66349.1757102873
2024-05-14 06:00:00+00:00,185172.7111111111,83980.19672247478
2024-05-14 07:00:00+00:00,107501.715,107501.715
2024-05-14 08:00:00+00:00,88496.99194444444,88496.99194444444
2024-05-14 09:00:00+00:00,62075.649722222224,95048.1991836077
2024-05-14 10:00:00+00:00,126498.15722222222,85951.66697649063
2024-05-14 11:00:00+00:00,23774.99555555556,73825.68447659217
2024-05-14 12:00:00+00:00,4924.070277777778,59844.85732869653
2024-05-14 13:00:00+00:00,3947.733888888889,3947.733888888889
2024-05-14 14:00:00+00:00,1066.1922222222222,1066.1922222222222
2024-05-14 15:00:00+00:00,4952.6825,4952.6825
2024-05-14 16:00:00+00:00,1565.8397222222222,13013.515621225375
2024-05-14 17:00:00+00:00,1207.8833333333334,10231.810098457596
2024-05-14 18:00:00+00:00,7612.115,7612.115
2024-05-14 19:00:00+00:00,1836.6483333333333,1836.6483333333333
2024-05-14 20:00:00+00:00,28371.30888888889,5845.236647082964
2024-05-14 21:00:00+00:00,1272.4522222222222,4838.412973339886
2024-05-14 22:00:00+00:00,6072.2525,6072.2525
2024-05-14 23:00:00+00:00,20729.379444444443,20729.379444444443
2024-05-15 00:00:00+00:00,1304.9641666666666,1304.9641666666666
2024-05-15 01:00:00+00:00,16202.385277777776,16202.385277777776
2024-05-15 02:00:00+00:00,39029.796944444446,39029.796944444446
2024-05-15 03:00:00+00:00,145284.6902777778,145284.6902777778
2024-05-15 04:00:00+00:00,314798.5480555556,69651.07337229303
2024-05-15 05:00:00+00:00,110772.57666666666,110772.57666666666
2024-05-15 06:00:00+00:00,147208.14722222224,147208.14722222224
2024-05-15 07:00:00+00:00,48940.826944444445,117969.43677762472
2024-05-15 08:00:00+00:00,55796.975,55796.975
2024-05-15 09:00:00+00:00,129694.92333333334,89954.21464008639
2024-05-15 10:00:00+00:00,245309.23,71911.19533512654
2024-05-15 11:00:00+00:00,362383.41027777776,56064.70941308187
2024-05-15 12:00:00+00:00,6285.400833333333,6285.400833333333
2024-05-15 13:00:00+00:00,922.2780555555556,922.2780555555556
2024-05-15 14:00:00+00:00,1875.7569444444443,1875.7569444444443
2024-05-15 15:00:00+00:00,21401.27138888889,21401.27138888889
2024-05-15 16:00:00+00:00,1351.2002777777775,1351.2002777777775
2024-05-15 17:00:00+00:00,5237.704722222222,5237.704722222222
2024-05-15 18:00:00+00:00,3092.658055555556,3092.658055555556
2024-05-15 19:00:00+00:00,19820.280277777776,6145.503681955281
2024-05-15 20:00:00+00:00,851.6233333333333,851.6233333333333
2024-05-15 21:00:00+00:00,898.5308333333334,898.5308333333334
2024-05-15 22:00:00+00:00,904.0469444444444,904.0469444444444
2024-05-15 23:00:00+00:00,641.4122222222222,1726.7630477031635
2024-05-16 00:00:00+00:00,1046.62,1046.62
2024-05-16 01:00:00+00:00,1128.2505555555556,1128.2505555555556
2024-05-16 02:00:00+00:00,23098.908333333333,1224.0192602166467
2024-05-16 03:00:00+00:00,38259.155277777776,38259.155277777776
2024-05-16 04:00:00+00:00,210965.85083333333,19968.22898202846
2024-05-16 05:00:00+00:00,75546.06666666667,53417.56058700329
2024-05-16 06:00:00+00:00,118966.92027777778,100255.02684066225
2024-05-16 07:00:00+00:00,310174.96805555554,310174.96805555554
2024-05-16 08:00:00+00:00,65343.44833333333,65343.44833333333
2024-05-16 09:00:00+00:00,55637.255833333336,157183.93909918857
2024-05-16 10:00:00+00:00,50635.084444444445,50635.084444444445
2024-05-16 11:00:00+00:00,20356.595,92323.5205609663
2024-05-16 12:00:00+00:00,6985.443611111111,6985.443611111111
2024-05-16 13:00:00+00:00,2115.860277777778,2115.860277777778
2024-05-16 14:00:00+00:00,1227.371666666667,1227.371666666667
2024-05-16 15:00:00+00:00,1492.2780555555555,1492.2780555555555
2024-05-16 16:00:00+00:00,2425.4219444444443,2425.4219444444443
2024-05-16 17:00:00+00:00,3931.5397222222223,3931.5397222222223
2024-05-16 18:00:00+00:00,1531.8319444444444,6341.066402264545
2024-05-16 19:00:00+00:00,19483.62861111111,5089.49362247068
2024-05-16 20:00:00+00:00,1945.003888888889,4005.8623892565593
2024-05-16 21:00:00+00:00,657.815,657.815
2024-05-16 22:00:00+00:00,1532.0041666666666,1532.0041666666666
2024-05-16 23:00:00+00:00,867.7333333333333,867.7333333333333
2024-05-17 00:00:00+00:00,654.0605555555555,1490.0773621519638
2024-05-17 01:00:00+00:00,3454.177222222222,2074.544661825402
2024-05-17 02:00:00+00:00,7257.001388888889,7257.001388888889
2024-05-17 03:00:00+00:00,49500.93833333333,49500.93833333333
2024-05-17 04:00:00+00:00,96094.03777777778,22137.132612637408
2024-05-17 05:00:00+00:00,151596.46083333337,33195.911408698914
2024-05-17 06:00:00+00:00,221657.67055555555,40415.91984211144
2024-05-17 07:00:00+00:00,54133.43777777778,54133.43777777778
2024-05-17 08:00:00+00:00,80062.03638888888,48716.138788711585
2024-05-17 09:00:00+00:00,65404.475277777776,50754.384936775634
2024-05-17 10:00:00+00:00,53652.19222222222,53652.19222222222
2024-05-17 11:00:00+00:00,3467.251111111111,52603.95615793536
2024-05-17 12:00:00+00:00,4196.468333333333,48011.728214050636
2024-05-17 13:00:00+00:00,20002.570277777777,40201.380651070045
2024-05-17 14:00:00+00:00,2083.598611111111,2083.598611111111
2024-05-17 15:00:00+00:00,1037.0069444444443,1037.0069444444443
2024-05-17 16:00:00+00:00,1351.3291666666669,12300.68800280568
2024-05-17 17:00:00+00:00,3744.2225,7893.977595037799
2024-05-17 18:00:00+00:00,731.7297222222222,731.7297222222222
2024-05-17 19:00:00+00:00,80167.03333333334,80167.03333333334
2024-05-17 20:00:00+00:00,1341.3758333333333,33189.80819567665
2024-05-17 21:00:00+00:00,3909.240555555556,44101.70875778344
2024-05-17 22:00:00+00:00,946.4541666666668,43480.21874103093
2024-05-17 23:00:00+00:00,4830.588055555556,4830.588055555556
2024-05-18 00:00:00+00:00,835.63,835.63
2024-05-18 01:00:00+00:00,19889.86111111111,19889.86111111111
2024-05-18 02:00:00+00:00,782.065,16828.743359683984
2024-05-18 03:00:00+00:00,1700.5086111111111,1700.5086111111111
2024-05-18 04:00:00+00:00,1013.89,1013.89
2024-05-18 05:00:00+00:00,870.6855555555555,6228.516968869965
2024-05-18 06:00:00+00:00,875.4041666666667,4169.653775002502
2024-05-18 07:00:00+00:00,2468.0744444444445,2872.070243808619
2024-05-18 08:00:00+00:00,632.1672222222222,632.1672222222222
2024-05-18 09:00:00+00:00,862.2869444444444,862.2869444444444
2024-05-18 10:00:00+00:00,1048.1477777777775,1048.1477777777775
2024-05-18 11:00:00+00:00,2341.931666666667,2341.931666666667
2024-05-18 12:00:00+00:00,890.9113888888888,1625.2213400206372
2024-05-18 13:00:00+00:00,826.4338888888889,1783.9010828222674
2024-05-18 14:00:00+00:00,624.4830555555556,1761.8464775552015
2024-05-18 15:00:00+00:00,1112.1075,1112.1075
2024-05-18 16:00:00+00:00,2396.0925,2396.0925
2024-05-18 17:00:00+00:00,1556.1758333333332,1803.7662125501263
2024-05-18 18:00:00+00:00,1787.5877777777778,1814.0691372026095
2024-05-18 19:00:00+00:00,698.8311111111111,698.8311111111111
2024-05-18 20:00:00+00:00,998.1780555555556,998.1780555555556
2024-05-18 21:00:00+00:00,744.535,744.535
2024-05-18 22:00:00+00:00,10634.14388888889,994.6903940205048
2024-05-18 23:00:00+00:00,804.2488888888889,804.2488888888889
2024-05-19 00:00:00+00:00,774.7830555555555,774.7830555555555
2024-05-19 01:00:00+00:00,1144.9688888888888,1144.9688888888888
2024-05-19 02:00:00+00:00,19515.915,19515.915
2024-05-19 03:00:00+00:00,19706.229722222222,19706.229722222222
2024-05-19 04:00:00+00:00,4222.995277777778,4222.995277777778
2024-05-19 05:00:00+00:00,1427.2288888888888,1427.2288888888888
2024-05-19 06:00:00+00:00,1028.378333333333,1028.378333333333
2024-05-19 07:00:00+00:00,1353.0308333333332,4250.521774841786
2024-05-19 08:00:00+00:00,1346.8380555555557,1346.8380555555557
2024-05-19 09:00:00+00:00,1004.5241666666668,1004.5241666666668
2024-05-19 10:00:00+00:00,5252.837222222222,1857.438696450221
2024-05-19 11:00:00+00:00,2026.763055555556,1509.1531451563387
2024-05-19 12:00:00+00:00,868.4558333333333,868.4558333333333
2024-05-19 13:00:00+00:00,2859.108333333333,2859.108333333333
2024-05-19 14:00:00+00:00,869.8111111111111,869.8111111111111
2024-05-19 15:00:00+00:00,6492.713055555556,6492.713055555556
2024-05-19 16:00:00+00:00,11308.601944444445,11308.601944444445
2024-05-19 17:00:00+00:00,3772.925833333333,3772.925833333333
2024-05-19 18:00:00+00:00,1491.9202777777778,5420.711142316997
2024-05-19 19:00:00+00:00,1082.2897222222225,4385.372101211622
2024-05-19 20:00:00+00:00,705.4872222222223,705.4872222222223
2024-05-19 21:00:00+00:00,952.9433333333334,2327.718808308056
2024-05-19 22:00:00+00:00,637.3872222222222,637.3872222222222
2024-05-19 23:00:00+00:00,503.0097222222222,503.0097222222222
2024-05-20 00:00:00+00:00,846.6297222222222,846.6297222222222
2024-05-20 01:00:00+00:00,1459.0258333333334,927.1917294798776
2024-05-20 02:00:00+00:00,11148.013055555555,11148.013055555555
2024-05-20 03:00:00+00:00,123450.56444444443,6093.7247911536815
2024-05-20 04:00:00+00:00,259621.69944444444,259621.69944444444
2024-05-20 05:00:00+00:00,115353.77611111112,135086.9616152387
2024-05-20 06:00:00+00:00,150735.17333333334,150735.17333333334
2024-05-20 07:00:00+00:00,121348.61972222224,121348.61972222224
2024-05-20 08:00:00+00:00,58477.52972222222,143662.82985347442
2024-05-20 09:00:00+00:00,143424.64138888888,123227.41168227454
2024-05-20 10:00:00+00:00,30174.990833333333,30174.990833333333
2024-05-20 11:00:00+00:00,15191.325277777778,72272.82051984398
2024-05-20 12:00:00+00:00,28558.49,52666.888412992266
2024-05-20 13:00:00+00:00,4770.255833333334,4770.255833333334
2024-05-20 14:00:00+00:00,1281.0466666666666,1281.0466666666666
2024-05-20 15:00:00+00:00,2657.313888888889,2657.313888888889
2024-05-20 16:00:00+00:00,1135.9519444444445,10607.309714976895
2024-05-20 17:00:00+00:00,5159.765277777778,5159.765277777778
2024-05-20 18:00:00+00:00,798.9833333333333,798.9833333333333
2024-05-20 19:00:00+00:00,89914.3625,89914.3625
2024-05-20 20:00:00+00:00,826.4947222222222,826.4947222222222
2024-05-20 21:00:00+00:00,725.6063888888889,23366.67525414307
2024-05-20 22:00:00+00:00,805.6519444444444,14621.131532962974
2024-05-20 23:00:00+00:00,779.5852777777778,779.5852777777778
2024-05-21 00:00:00+00:00,855.0591666666667,5972.158208229859
2024-05-21 01:00:00+00:00,1395.3391666666666,1395.3391666666666
2024-05-21 02:00:00+00:00,27088.99388888889,3037.9894117396743
2024-05-21 03:00:00+00:00,142606.98555555556,24756.733203915326
2024-05-21 04:00:00+00:00,202775.505,60410.13769509547
2024-05-21 05:00:00+00:00,232027.0283333333,232027.0283333333
2024-05-21 06:00:00+00:00,98451.59916666668,98451.59916666668
2024-05-21 07:00:00+00:00,33946.608611111114,132464.90358494868
2024-05-21 08:00:00+00:00,76937.50527777777,113390.43214041322
2024-05-21 09:00:00+00:00,15578.01861111111,95825.15796050988
2024-05-21 10:00:00+00:00,37723.32388888889,37723.32388888889
2024-05-21 11:00:00+00:00,7579.9927777777775,63108.44667643892
2024-05-21 12:00:00+00:00,28167.6425,28167.6425
2024-05-21 13:00:00+00:00,303.6791666666667,42400.34139381952
2024-05-21 14:00:00+00:00,208.90444444444444,33268.02447835564
2024-05-21 15:00:00+00:00,205.6833333333333,205.6833333333333
2024-05-21 16:00:00+00:00,1621.175,1621.175
2024-05-21 17:00:00+00:00,347.87166666666667,9697.923048996483
2024-05-21 18:00:00+00:00,191.45388888888888,191.45388888888888
2024-05-21 19:00:00+00:00,365.6980555555556,3924.90371936473
2024-05-21 20:00:00+00:00,918.4908333333332,2786.9084041168207
2024-05-21 21:00:00+00:00,858.7980555555556,2399.7181873654154
2024-05-21 22:00:00+00:00,3385.141944444445,3385.141944444445
2024-05-21 23:00:00+00:00,144.85833333333332,144.85833333333332
2024-05-22 00:00:00+00:00,282.89972222222224,1786.5593253190361
2024-05-22 01:00:00+00:00,221.41583333333327,221.41583333333327
2024-05-22 02:00:00+00:00,4150.743333333333,4150.743333333333
2024-05-22 03:00:00+00:00,58081.38444444445,58081.38444444445
2024-05-22 04:00:00+00:00,220779.40944444443,220779.40944444443
2024-05-22 05:00:00+00:00,83934.74583333333,83934.74583333333
2024-05-22 06:00:00+00:00,86185.8875,86185.8875
2024-05-22 07:00:00+00:00,76036.10833333334,90896.60668746583
2024-05-22 08:00:00+00:00,58068.153333333335,58068.153333333335
2024-05-22 09:00:00+00:00,30954.601944444443,30954.601944444443
2024-05-22 10:00:00+00:00,16962.934444444443,16962.934444444443
2024-05-22 11:00:00+00:00,1352.525,1352.525
2024-05-22 12:00:00+00:00,2612.5680555555555,25969.43997188047
2024-05-22 13:00:00+00:00,1544.996666666667,1544.996666666667
2024-05-22 14:00:00+00:00,629.6944444444445,10678.283779504789
2024-05-22 15:00:00+00:00,406.6161111111112,406.6161111111112
2024-05-22 16:00:00+00:00,256.1305555555556,4392.338927364286
2024-05-22 17:00:00+00:00,416.8263888888889,2839.5168737525646
2024-05-22 18:00:00+00:00,349.03583333333336,349.03583333333336
2024-05-22 19:00:00+00:00,234.25611111111112,234.25611111111112
2024-05-22 20:00:00+00:00,769.0280555555555,769.0280555555555
2024-05-22 21:00:00+00:00,355.4513888888889,355.4513888888889
2024-05-22 22:00:00+00:00,184.76,649.8799780220394
2024-05-22 23:00:00+00:00,195.82444444444445,195.82444444444445
2024-05-23 00:00:00+00:00,202.71055555555557,384.9862181895538
2024-05-23 01:00:00+00:00,408.1877777777778,408.1877777777778
2024-05-23 02:00:00+00:00,1852.4419444444443,1852.4419444444443
2024-05-23 03:00:00+00:00,17495.38027777778,947.408079946988
2024-05-23 04:00:00+00:00,46027.55888888889,46027.55888888889
2024-05-23 05:00:00+00:00,12995.166666666666,12995.166666666666
2024-05-23 06:00:00+00:00,9172.40111111111,19662.463459182323
2024-05-23 07:00:00+00:00,13591.341944444444,13591.341944444444
2024-05-23 08:00:00+00:00,32003.992777777778,32003.992777777778
2024-05-23 09:00:00+00:00,23165.62277777778,22080.610810617414
2024-05-23 10:00:00+00:00,20911.41,20911.41
2024-05-23 11:00:00+00:00,15195.26,22666.378146907424
2024-05-23 12:00:00+00:00,2809.9194444444443,19327.670221420256
2024-05-23 13:00:00+00:00,343.5175,343.5175
2024-05-23 14:00:00+00:00,2261.966111111112,9087.79027872908
2024-05-23 15:00:00+00:00,501.7975,5705.061687270274
2024-05-23 16:00:00+00:00,402.935,402.935
2024-05-23 17:00:00+00:00,164.9125,2385.8722420388804
2024-05-23 18:00:00+00:00,238.775,238.775
2024-05-23 19:00:00+00:00,432.9608333333333,432.9608333333333
2024-05-23 20:00:00+00:00,123.57388888888887,818.8106009781508
2024-05-23 21:00:00+00:00,196.1530555555556,196.1530555555556
2024-05-23 22:00:00+00:00,103.59416666666668,457.680825853995
2024-05-23 23:00:00+00:00,131.97611111111112,131.97611111111112
2024-05-24 00:00:00+00:00,196.2225,261.69258061986153
2024-05-24 01:00:00+00:00,357.6147222222222,357.6147222222222
2024-05-24 02:00:00+00:00,1703.6408333333334,294.8730679942864
2024-05-24 03:00:00+00:00,15949.15138888889,15949.15138888889
2024-05-24 04:00:00+00:00,100906.38027777776,8230.062969802506
2024-05-24 05:00:00+00:00,109602.7961111111,21207.43800467492
2024-05-24 06:00:00+00:00,93202.55444444444,93202.55444444444
2024-05-24 07:00:00+00:00,85506.22527777778,85506.22527777778
2024-05-24 08:00:00+00:00,126699.63305555556,126699.63305555556
2024-05-24 09:00:00+00:00,61762.44944444444,91953.9724700684
2024-05-24 10:00:00+00:00,5446.701111111112,95608.04076426629
2024-05-24 11:00:00+00:00,3072.601111111111,88027.48998659573
2024-05-24 12:00:00+00:00,387.92,73568.30742962292
2024-05-24 13:00:00+00:00,92.75472222222224,92.75472222222224
2024-05-24 14:00:00+00:00,109.30166666666666,109.30166666666666
2024-05-24 15:00:00+00:00,460.44416666666666,460.44416666666666
2024-05-24 16:00:00+00:00,176.82166666666666,12818.347467423253
2024-05-24 17:00:00+00:00,315.3183333333333,315.3183333333333
2024-05-24 18:00:00+00:00,1174.7586111111111,1174.7586111111111
2024-05-24 19:00:00+00:00,473.1358333333333,3528.860523598216
2024-05-24 20:00:00+00:00,134.16416666666666,134.16416666666666
2024-05-24 21:00:00+00:00,114.7538888888889,1530.2697945860318
2024-05-24 22:00:00+00:00,82.39777777777778,983.3089079013046
2024-05-24 23:00:00+00:00,90.44583333333334,90.44583333333334
2024-05-25 00:00:00+00:00,86.9738888888889,428.61811197181595
2024-05-25 01:00:00+00:00,104.04916666666666,104.04916666666666
2024-05-25 02:00:00+00:00,114.81472222222222,224.10753076031713
2024-05-25 03:00:00+00:00,760.5958333333333,179.0129378043521
2024-05-25 04:00:00+00:00,68.0925,152.8583379906059
2024-05-25 05:00:00+00:00,17.372777777777777,138.30014726687122
2024-05-25 06:00:00+00:00,122.81888888888888,122.81888888888888
2024-05-25 07:00:00+00:00,203.15666666666667,127.73126975600063
2024-05-25 08:00:00+00:00,76.93527777777778,76.93527777777778
2024-05-25 09:00:00+00:00,62.45388888888889,62.45388888888889
2024-05-25 10:00:00+00:00,1167.581111111111,86.31400061584903
2024-05-25 11:00:00+00:00,977.5438888888888,78.78932269593291
2024-05-25 12:00:00+00:00,75.81305555555555,75.81305555555555
2024-05-25 13:00:00+00:00,81.90583333333333,81.90583333333333
2024-05-25 14:00:00+00:00,249.38777777777776,249.38777777777776
2024-05-25 15:00:00+00:00,134.74666666666667,144.58136669755737
2024-05-25 16:00:00+00:00,294.8275,294.8275
2024-05-25 17:00:00+00:00,286.5502777777777,286.5502777777777
2024-05-25 18:00:00+00:00,1817.2933333333333,253.83051063671556
2024-05-25 19:00:00+00:00,329.66277777777776,259.64585230426883
2024-05-25 20:00:00+00:00,233.3863888888889,233.3863888888889
2024-05-25 21:00:00+00:00,163.87777777777777,247.43737754669252
2024-05-25 22:00:00+00:00,68.01416666666667,255.75046879222648
2024-05-25 23:00:00+00:00,152.2138888888889,274.60140034278686
2024-05-26 00:00:00+00:00,375.3522222222222,375.3522222222222
2024-05-26 01:00:00+00:00,71.6763888888889,71.6763888888889
2024-05-26 02:00:00+00:00,83.96444444444444,229.32471998970104
2024-05-26 03:00:00+00:00,221.41722222222225,221.41722222222225
2024-05-26 04:00:00+00:00,99.4336111111111,99.4336111111111
2024-05-26 05:00:00+00:00,179.81916666666666,165.05318434647114
2024-05-26 06:00:00+00:00,67.29138888888889,67.29138888888889
2024-05-26 07:00:00+00:00,145.83694444444444,107.75512632848786
2024-05-26 08:00:00+00:00,420.4902777777778,90.97431108473859
2024-05-26 09:00:00+00:00,58.84333333333333,58.84333333333333
2024-05-26 10:00:00+00:00,128.1875,128.1875
2024-05-26 11:00:00+00:00,152.1302777777778,93.51426655140813
2024-05-26 12:00:00+00:00,155.42583333333334,155.42583333333334
2024-05-26 13:00:00+00:00,185.06027777777777,185.06027777777777
2024-05-26 14:00:00+00:00,154.57166666666666,150.72612771078036
2024-05-26 15:00:00+00:00,211.0425,211.0425
2024-05-26 16:00:00+00:00,172.77138888888888,172.77138888888888
2024-05-26 17:00:00+00:00,17660.744166666667,180.47126917668615
2024-05-26 18:00:00+00:00,37782.88722222222,37782.88722222222
2024-05-26 19:00:00+00:00,12473.932222222222,19222.420186873653
2024-05-26 20:00:00+00:00,3186.010555555556,21673.42317154348
2024-05-26 21:00:00+00:00,1065.7872222222222,1065.7872222222222
2024-05-26 22:00:00+00:00,267.1030555555556,267.1030555555556
2024-05-26 23:00:00+00:00,164.49583333333334,164.49583333333334
2024-05-27 00:00:00+00:00,187.6797222222222,187.6797222222222
2024-05-27 01:00:00+00:00,175.35833333333332,175.35833333333332
2024-05-27 02:00:00+00:00,3028.793611111111,1803.9680190317008
2024-05-27 03:00:00+00:00,26031.707222222223,26031.707222222223
2024-05-27 04:00:00+00:00,177675.05666666667,177675.05666666667
2024-05-27 05:00:00+00:00,83286.47166666666,83286.47166666666
2024-05-27 06:00:00+00:00,36099.57361111111,36099.57361111111
2024-05-27 07:00:00+00:00,54029.73055555556,62779.6352669045
2024-05-27 08:00:00+00:00,34386.24083333334,51246.77630891633
2024-05-27 09:00:00+00:00,37328.20722222222,42997.314782289046
2024-05-27 10:00:00+00:00,62935.23777777778,36758.18237950293
2024-05-27 11:00:00+00:00,20776.67805555556,20776.67805555556
2024-05-27 12:00:00+00:00,638.8830555555555,638.8830555555555
2024-05-27 13:00:00+00:00,555.7977777777778,17082.27311308654
2024-05-27 14:00:00+00:00,196.8983333333333,10653.660621895673
2024-05-27 15:00:00+00:00,228.5413888888889,228.5413888888889
2024-05-27 16:00:00+00:00,197.42805555555557,4169.137485740945
2024-05-27 17:00:00+00:00,285.7963888888889,285.7963888888889
2024-05-27 18:00:00+00:00,366.50194444444446,1734.771007889091
2024-05-27 19:00:00+00:00,167.78444444444443,1239.0959619011692
2024-05-27 20:00:00+00:00,174.7575,1001.7428835305761
2024-05-27 21:00:00+00:00,968.0708333333332,968.0708333333332
2024-05-27 22:00:00+00:00,139.20333333333335,940.2014982374067
2024-05-27 23:00:00+00:00,70.09083333333334,70.09083333333334
2024-05-28 00:00:00+00:00,117.76388888888889,502.8623542293648
2024-05-28 01:00:00+00:00,198.0905555555556,716.1882698448494
2024-05-28 02:00:00+00:00,3018.9855555555555,3018.9855555555555
2024-05-28 03:00:00+00:00,18182.641944444444,1922.3713845072527
2024-05-28 04:00:00+00:00,97619.32638888888,7345.2395681286625
2024-05-28 05:00:00+00:00,41687.84555555556,41687.84555555556
2024-05-28 06:00:00+00:00,35948.59722222222,35948.59722222222
2024-05-28 07:00:00+00:00,56620.3975,29706.55645451982
2024-05-28 08:00:00+00:00,46660.58083333333,36950.87203016963
2024-05-28 09:00:00+00:00,73274.37805555556,73274.37805555556
2024-05-28 10:00:00+00:00,28695.166666666668,28695.166666666668
2024-05-28 11:00:00+00:00,9163.469722222222,9163.469722222222
2024-05-28 12:00:00+00:00,17257.265,17257.265
2024-05-28 13:00:00+00:00,250.7863888888889,250.7863888888889
2024-05-28 14:00:00+00:00,261.6127777777777,16048.339581355285
2024-05-28 15:00:00+00:00,785.8108333333333,9920.890511512045
2024-05-28 16:00:00+00:00,233.145,233.145
2024-05-28 17:00:00+00:00,277.9925,277.9925
2024-05-28 18:00:00+00:00,333.12833333333333,333.12833333333333
2024-05-28 19:00:00+00:00,656.7044444444444,656.7044444444444
2024-05-28 20:00:00+00:00,195.1619444444445,1261.514301401951
2024-05-28 21:00:00+00:00,167.37055555555557,167.37055555555557
2024-05-28 22:00:00+00:00,121.40166666666669,121.40166666666669
2024-05-28 23:00:00+00:00,198.21277777777777,198.21277777777777
2024-05-29 00:00:00+00:00,793.6594444444445,793.6594444444445
2024-05-29 01:00:00+00:00,313.4236111111111,313.4236111111111
2024-05-29 02:00:00+00:00,1554.9772222222225,438.873684834528
2024-05-29 03:00:00+00:00,53070.95222222222,53070.95222222222
2024-05-29 04:00:00+00:00,78201.91777777778,78201.91777777778
2024-05-29 05:00:00+00:00,59317.83666666667,59317.83666666667
2024-05-29 06:00:00+00:00,436043.5133333333,436043.5133333333
2024-05-29 07:00:00+00:00,34069.28,34069.28
2024-05-29 08:00:00+00:00,26075.555555555555,26075.555555555555
2024-05-29 09:00:00+00:00,69224.01138888889,69224.01138888889
2024-05-29 10:00:00+00:00,39934.23611111111,84055.08511734717
2024-05-29 11:00:00+00:00,19630.54472222222,19630.54472222222
2024-05-29 12:00:00+00:00,2803.8341666666665,2803.8341666666665
2024-05-29 13:00:00+00:00,287.56138888888887,287.56138888888887
2024-05-29 14:00:00+00:00,110.39027777777778,110.39027777777778
2024-05-29 15:00:00+00:00,332.6625,11918.76809556914
2024-05-29 16:00:00+00:00,768.9302777777777,768.9302777777777
2024-05-29 17:00:00+00:00,445.5125,445.5125
2024-05-29 18:00:00+00:00,154.38,154.38
2024-05-29 19:00:00+00:00,1128.1430555555555,1991.4781497789663
2024-05-29 20:00:00+00:00,164.11833333333334,164.11833333333334
2024-05-29 21:00:00+00:00,189.47416666666663,847.9954131571656
2024-05-29 22:00:00+00:00,91.97277777777778,91.97277777777778
2024-05-29 23:00:00+00:00,177.79861111111111,177.79861111111111
2024-05-30 00:00:00+00:00,62.91138888888889,304.01967455034696
2024-05-30 01:00:00+00:00,228.11055555555555,228.11055555555555
2024-05-30 02:00:00+00:00,4929.631666666667,4929.631666666667
2024-05-30 03:00:00+00:00,22915.86972222222,22915.86972222222
2024-05-30 04:00:00+00:00,64556.56861111111,10149.359619168963
2024-05-30 05:00:00+00:00,63241.02111111111,63241.02111111111
2024-05-30 06:00:00+00:00,81513.64777777778,38551.74233662222
2024-05-30 07:00:00+00:00,72765.42444444445,72765.42444444445
2024-05-30 08:00:00+00:00,89329.52944444444,89329.52944444444
2024-05-30 09:00:00+00:00,24183.59555555556,70642.70490004931
2024-05-30 10:00:00+00:00,9351.251666666669,9351.251666666669
2024-05-30 11:00:00+00:00,87068.24166666667,87068.24166666667
2024-05-30 12:00:00+00:00,2912.016666666667,2912.016666666667
2024-05-30 13:00:00+00:00,2698.770833333333,37476.400602773356
2024-05-30 14:00:00+00:00,184.45638888888888,23725.52168710847
2024-05-30 15:00:00+00:00,209.61944444444444,209.61944444444444
2024-05-30 16:00:00+00:00,147.5525,9239.007805139134
2024-05-30 17:00:00+00:00,380.9636111111111,380.9636111111111
2024-05-30 18:00:00+00:00,218.00444444444443,3681.2919865409763
2024-05-30 19:00:00+00:00,182.6205555555556,2380.792637105076
2024-05-30 20:00:00+00:00,219.5125,219.5125
2024-05-30 21:00:00+00:00,113.94916666666668,1042.5000554907733
2024-05-30 22:00:00+00:00,1267.1247222222223,1267.1247222222223
2024-05-30 23:00:00+00:00,127.675,1058.5693027614836
2024-05-31 00:00:00+00:00,121.02694444444444,121.02694444444444
2024-05-31 01:00:00+00:00,233.74,608.5279629565679
2024-05-31 02:00:00+00:00,1932.020555555556,1932.020555555556
2024-05-31 03:00:00+00:00,16916.408888888887,16916.408888888887
2024-05-31 04:00:00+00:00,45804.11055555556,7306.512440657054
2024-05-31 05:00:00+00:00,137493.76194444444,137493.76194444444
2024-05-31 06:00:00+00:00,74589.80777777778,74377.46756441132
2024-05-31 07:00:00+00:00,61884.316666666666,61884.316666666666
2024-05-31 08:00:00+00:00,45426.36916666666,75542.35706411248
2024-05-31 09:00:00+00:00,10689.140277777778,10689.140277777778
2024-05-31 10:00:00+00:00,3735.7930555555554,41077.787621199954
2024-05-31 11:00:00+00:00,3013.5455555555554,3013.5455555555554
2024-05-31 12:00:00+00:00,1649.4327777777778,1649.4327777777778
2024-05-31 13:00:00+00:00,330.98277777777776,330.98277777777776
2024-05-31 14:00:00+00:00,201.5630555555556,7340.383596220665
2024-05-31 15:00:00+00:00,166.44916666666666,4604.740764181508
2024-05-31 16:00:00+00:00,184.89388888888888,2911.890847274726
2024-05-31 17:00:00+00:00,146.3686111111111,146.3686111111111
2024-05-31 18:00:00+00:00,202.075,202.075
2024-05-31 19:00:00+00:00,4678.8358333333335,809.4341688658421
2024-05-31 20:00:00+00:00,141.00222222222223,141.00222222222223
2024-05-31 21:00:00+00:00,159.96,159.96
2024-05-31 22:00:00+00:00,112.21888888888888,306.2134159527371
2024-05-31 23:00:00+00:00,58.70666666666666,58.70666666666666
2024-06-01 00:00:00+00:00,69.36166666666666,163.50948898106708
2024-06-01 01:00:00+00:00,171.18777777777777,122.8673260612042
2024-06-01 02:00:00+00:00,58.651944444444446,58.651944444444446
2024-06-01 03:00:00+00:00,216.2122222222222,82.72906809490985
2024-06-01 04:00:00+00:00,877.1258333333334,877.1258333333334
2024-06-01 05:00:00+00:00,136.26333333333332,136.26333333333332
2024-06-01 06:00:00+00:00,101.72555555555556,101.72555555555556
2024-06-01 07:00:00+00:00,181.66805555555555,181.66805555555555
2024-06-01 08:00:00+00:00,50.08111111111111,50.08111111111111
2024-06-01 09:00:00+00:00,130.23638888888888,157.21836753461812
2024-06-01 10:00:00+00:00,122.72666666666667,122.72666666666667
2024-06-01 11:00:00+00:00,158.51583333333335,158.51583333333335
2024-06-01 12:00:00+00:00,115.22,115.22
2024-06-01 13:00:00+00:00,463.1419444444445,129.92697559393824
2024-06-01 14:00:00+00:00,144.4922222222222,144.4922222222222
2024-06-01 15:00:00+00:00,383.1186111111112,383.1186111111112
2024-06-01 16:00:00+00:00,257.60027777777776,231.54412760702544
2024-06-01 17:00:00+00:00,1090.9652777777778,1090.9652777777778
2024-06-01 18:00:00+00:00,2643.985,684.7693692798847
2024-06-01 19:00:00+00:00,1416.7105555555556,722.5581819558357
2024-06-01 20:00:00+00:00,164.76333333333332,164.76333333333332
2024-06-01 21:00:00+00:00,195.39166666666668,195.39166666666668
2024-06-01 22:00:00+00:00,100.85,349.5415726831888
2024-06-01 23:00:00+00:00,114.49416666666669,275.824503879523
2024-06-02 00:00:00+00:00,163.35777777777778,216.740993949251
2024-06-02 01:00:00+00:00,51.49027777777778,51.49027777777778
2024-06-02 02:00:00+00:00,88.3625,88.3625
2024-06-02 03:00:00+00:00,148.81444444444443,148.81444444444443
2024-06-02 04:00:00+00:00,163.11194444444445,124.40353908688755
2024-06-02 05:00:00+00:00,261.54555555555555,261.54555555555555
2024-06-02 06:00:00+00:00,451.7705555555556,451.7705555555556
2024-06-02 07:00:00+00:00,146.43444444444444,146.43444444444444
2024-06-02 08:00:00+00:00,4285.0525,237.783142405016
2024-06-02 09:00:00+00:00,158.59805555555556,284.76663350542367
2024-06-02 10:00:00+00:00,784.0088888888889,784.0088888888889
2024-06-02 11:00:00+00:00,67.51583333333333,67.51583333333333
2024-06-02 12:00:00+00:00,107.54944444444445,360.72436849681765
2024-06-02 13:00:00+00:00,897.4147222222222,897.4147222222222
2024-06-02 14:00:00+00:00,492.0425,597.7154765656766
2024-06-02 15:00:00+00:00,226.17361111111111,652.2169531116059
2024-06-02 16:00:00+00:00,420.0147222222223,420.0147222222223
2024-06-02 17:00:00+00:00,457.78,457.78
2024-06-02 18:00:00+00:00,233.40972222222223,233.40972222222223
2024-06-02 19:00:00+00:00,260.7675,260.7675
2024-06-02 20:00:00+00:00,253.43138888888888,253.43138888888888
2024-06-02 21:00:00+00:00,138.2486111111111,311.400625206259
2024-06-02 22:00:00+00:00,119.07861111111112,119.07861111111112
2024-06-02 23:00:00+00:00,145.57083333333333,145.57083333333333
2024-06-03 00:00:00+00:00,221.8705555555556,221.8705555555556
2024-06-03 01:00:00+00:00,538.8416666666667,538.8416666666667
2024-06-03 02:00:00+00:00,11407.084444444445,11407.084444444445
2024-06-03 03:00:00+00:00,61879.9325,4625.086731594838
2024-06-03 04:00:00+00:00,39152.45416666667,18521.850101058782
2024-06-03 05:00:00+00:00,98585.40138888887,98585.40138888887
2024-06-03 06:00:00+00:00,55226.75111111111,55226.75111111111
2024-06-03 07:00:00+00:00,115041.04416666667,59173.56625521072
2024-06-03 08:00:00+00:00,15734.866944444444,55144.66835830228
2024-06-03 09:00:00+00:00,35894.148888888885,35894.148888888885
2024-06-03 10:00:00+00:00,28885.279444444444,44640.52545134796
2024-06-03 11:00:00+00:00,3872.34,36682.7411589766
2024-06-03 12:00:00+00:00,561.0086111111111,561.0086111111111
2024-06-03 13:00:00+00:00,331.9244444444444,331.9244444444444
2024-06-03 14:00:00+00:00,486.7108333333333,486.7108333333333
2024-06-03 15:00:00+00:00,140.4,140.4
2024-06-03 16:00:00+00:00,321.25666666666666,4096.782190999968
2024-06-03 17:00:00+00:00,305.12305555555554,305.12305555555554
2024-06-03 18:00:00+00:00,256.30361111111114,1706.9721236088344
2024-06-03 19:00:00+00:00,264.50333333333333,1148.7636088750307
2024-06-03 20:00:00+00:00,191.60805555555555,191.60805555555555
2024-06-03 21:00:00+00:00,177.12583333333333,177.12583333333333
2024-06-03 22:00:00+00:00,189.40694444444443,189.40694444444443
2024-06-03 23:00:00+00:00,236.53583333333333,325.1948496379457
2024-06-04 00:00:00+00:00,188.80638888888888,188.80638888888888
2024-06-04 01:00:00+00:00,298.0875,298.0875
2024-06-04 02:00:00+00:00,794.6105555555556,794.6105555555556
2024-06-04 03:00:00+00:00,26414.63888888889,26414.63888888889
2024-06-04 04:00:00+00:00,23426.179166666665,10528.772197360538
2024-06-04 05:00:00+00:00,132531.93194444446,132531.93194444446
2024-06-04 06:00:00+00:00,18572.69722222222,18572.69722222222
2024-06-04 07:00:00+00:00,61841.9375,61841.9375
2024-06-04 08:00:00+00:00,25784.695555555558,25784.695555555558
2024-06-04 09:00:00+00:00,64700.12694444445,64700.12694444445
2024-06-04 10:00:00+00:00,165901.935,52276.3385850183
2024-06-04 11:00:00+00:00,4972.06,48833.00186273324
2024-06-04 12:00:00+00:00,786.4138888888889,786.4138888888889
2024-06-04 13:00:00+00:00,744.6180555555555,744.6180555555555
2024-06-04 14:00:00+00:00,1268.9219444444443,1268.9219444444443
2024-06-04 15:00:00+00:00,253.41166666666663,9611.624336785517
2024-06-04 16:00:00+00:00,359.5108333333333,6250.054085585083
2024-06-04 17:00:00+00:00,287.3380555555556,287.3380555555556
2024-06-04 18:00:00+00:00,341.0308333333333,341.0308333333333
2024-06-04 19:00:00+00:00,584.955,1724.310082954343
2024-06-04 20:00:00+00:00,2259.0325,2259.0325
2024-06-04 21:00:00+00:00,3312.080833333333,1830.9157891972002
2024-06-04 22:00:00+00:00,610.3380555555556,610.3380555555556
2024-06-04 23:00:00+00:00,949.7380555555555,1263.5992126143046
2024-06-05 00:00:00+00:00,243.6472222222222,1675.4526354730565
2024-06-05 01:00:00+00:00,512.7319444444445,2592.7602535688175
2024-06-05 02:00:00+00:00,7472.262222222223,7472.262222222223
2024-06-05 03:00:00+00:00,36111.765,36111.765
2024-06-05 04:00:00+00:00,213402.3080555556,213402.3080555556
2024-06-05 05:00:00+00:00,89480.27444444444,89480.27444444444
2024-06-05 06:00:00+00:00,29826.31333333333,29826.31333333333
2024-06-05 07:00:00+00:00,28030.437222222223,67774.30421699854
2024-06-05 08:00:00+00:00,41905.16166666667,41905.16166666667
2024-06-05 09:00:00+00:00,112186.61027777776,50169.147105019176
2024-06-05 10:00:00+00:00,61905.80694444444,61905.80694444444
2024-06-05 11:00:00+00:00,6531.873888888889,6531.873888888889
2024-06-05 12:00:00+00:00,975.6536111111112,975.6536111111112
2024-06-05 13:00:00+00:00,4742.549166666667,22596.573713177328
2024-06-05 14:00:00+00:00,392.3380555555556,392.3380555555556
2024-06-05 15:00:00+00:00,204.64222222222224,8785.407109255211
2024-06-05 16:00:00+00:00,5170.433333333333,5538.583023235507
2024-06-05 17:00:00+00:00,449.68694444444446,449.68694444444446
2024-06-05 18:00:00+00:00,389.6766666666667,389.6766666666667
2024-06-05 19:00:00+00:00,587.9327777777778,587.9327777777778
2024-06-05 20:00:00+00:00,349.76166666666666,1202.4935841086567
2024-06-05 21:00:00+00:00,323.9502777777778,323.9502777777778
2024-06-05 22:00:00+00:00,322.3861111111111,322.3861111111111
2024-06-05 23:00:00+00:00,213.41083333333333,213.41083333333333
2024-06-06 00:00:00+00:00,196.55527777777775,196.55527777777775
2024-06-06 01:00:00+00:00,308.27,330.8716594859171
2024-06-06 02:00:00+00:00,1705.82,1705.82
2024-06-06 03:00:00+00:00,46088.46083333333,46088.46083333333
2024-06-06 04:00:00+00:00,136615.26638888888,136615.26638888888
2024-06-06 05:00:00+00:00,64803.68388888889,64803.68388888889
2024-06-06 06:00:00+00:00,115245.44055555556,115245.44055555556
2024-06-06 07:00:00+00:00,58351.27583333333,58351.27583333333
2024-06-06 08:00:00+00:00,18731.985555555555,18731.985555555555
2024-06-06 09:00:00+00:00,34808.38611111111,52668.10721982438
2024-06-06 10:00:00+00:00,24024.22638888889,37747.690625188814
2024-06-06 11:00:00+00:00,5095.663333333333,5095.663333333333
2024-06-06 12:00:00+00:00,2386.45,2386.45
2024-06-06 13:00:00+00:00,716.9827777777778,716.9827777777778
2024-06-06 14:00:00+00:00,397.5588888888889,397.5588888888889
2024-06-06 15:00:00+00:00,1604.5883333333334,1604.5883333333334
2024-06-06 16:00:00+00:00,774.6094444444444,3621.0370430662097
2024-06-06 17:00:00+00:00,406.9325,406.9325
2024-06-06 18:00:00+00:00,483.8311111111111,483.8311111111111
2024-06-06 19:00:00+00:00,1236.7141666666666,1236.7141666666666
2024-06-06 20:00:00+00:00,890.6161111111111,890.6161111111111
2024-06-06 21:00:00+00:00,415.21777777777777,415.21777777777777
2024-06-06 22:00:00+00:00,595.3372222222222,595.3372222222222
2024-06-06 23:00:00+00:00,406.1911111111111,406.1911111111111
2024-06-07 00:00:00+00:00,466.8319444444445,466.8319444444445
2024-06-07 01:00:00+00:00,795.4663888888889,557.1618929859934
2024-06-07 02:00:00+00:00,4720.823611111111,4720.823611111111
2024-06-07 03:00:00+00:00,60885.47861111111,60885.47861111111
2024-06-07 04:00:00+00:00,113476.34666666666,25232.661251357466
2024-06-07 05:00:00+00:00,90623.56222222222,90623.56222222222
2024-06-07 06:00:00+00:00,52362.57388888889,52362.57388888889
2024-06-07 07:00:00+00:00,31212.50527777778,31212.50527777778
2024-06-07 08:00:00+00:00,54736.37805555556,54736.37805555556
2024-06-07 09:00:00+00:00,48260.60277777778,50607.260967140945
2024-06-07 10:00:00+00:00,112525.48944444444,47281.370537205774
2024-06-07 11:00:00+00:00,17523.998333333333,40318.15543154529
2024-06-07 12:00:00+00:00,3908.411944444445,3908.411944444445
2024-06-07 13:00:00+00:00,4463.7475,4463.7475
2024-06-07 14:00:00+00:00,4820.2538888888885,4820.2538888888885
2024-06-07 15:00:00+00:00,1078.2380555555555,1078.2380555555555
2024-06-07 16:00:00+00:00,521.4069444444444,6933.463946481613
2024-06-07 17:00:00+00:00,3711.758055555556,4825.834155349523
2024-06-07 18:00:00+00:00,1165.973888888889,3698.0044130910537
2024-06-07 19:00:00+00:00,2755.811111111111,2755.811111111111
2024-06-07 20:00:00+00:00,1139.6608333333334,3009.454636631593
2024-06-07 21:00:00+00:00,801.11,801.11
2024-06-07 22:00:00+00:00,612.6519444444444,612.6519444444444
2024-06-07 23:00:00+00:00,3000.1991666666668,3000.1991666666668
2024-06-08 00:00:00+00:00,738.9672222222222,2006.3424178327293
2024-06-08 01:00:00+00:00,727.0188888888889,2079.5321807080995
2024-06-08 02:00:00+00:00,584.9247222222223,584.9247222222223
2024-06-08 03:00:00+00:00,983.4002777777778,983.4002777777778
2024-06-08 04:00:00+00:00,1037.9161111111111,1199.4961310921842
2024-06-08 05:00:00+00:00,1209.5144444444445,1209.5144444444445
2024-06-08 06:00:00+00:00,1229.6483333333333,1229.6483333333333
2024-06-08 07:00:00+00:00,1375.0683333333334,1375.0683333333334
2024-06-08 08:00:00+00:00,4026.635,1267.0149090354878
2024-06-08 09:00:00+00:00,3313.2444444444445,1393.9394877231966
2024-06-08 10:00:00+00:00,1126.0344444444445,1556.6808657880847
2024-06-08 11:00:00+00:00,1956.6491666666664,1741.351832462316
2024-06-08 12:00:00+00:00,2471.5705555555555,2471.5705555555555
2024-06-08 13:00:00+00:00,680.8844444444444,680.8844444444444
2024-06-08 14:00:00+00:00,778.3972222222222,778.3972222222222
2024-06-08 15:00:00+00:00,1051.0444444444445,1051.0444444444445
2024-06-08 16:00:00+00:00,1368.4916666666666,1183.7836223496736
2024-06-08 17:00:00+00:00,5656.5858333333335,1110.052933259181
2024-06-08 18:00:00+00:00,878.7808333333334,878.7808333333334
2024-06-08 19:00:00+00:00,1092.9475,1092.9475
2024-06-08 20:00:00+00:00,736.2063888888889,736.2063888888889
2024-06-08 21:00:00+00:00,1821.6830555555557,911.953961452697
2024-06-08 22:00:00+00:00,3273.3233333333333,859.0909384827647
2024-06-08 23:00:00+00:00,1767.7488888888888,842.0038435140567
2024-06-09 00:00:00+00:00,893.8361111111111,893.8361111111111
2024-06-09 01:00:00+00:00,19546.222222222223,19546.222222222223
2024-06-09 02:00:00+00:00,1087.7155555555555,1087.7155555555555
2024-06-09 03:00:00+00:00,1035.431111111111,1035.431111111111
2024-06-09 04:00:00+00:00,90294.9825,3699.2838676630217
2024-06-09 05:00:00+00:00,20708.505555555555,20708.505555555555
2024-06-09 06:00:00+00:00,4910.395,11997.012869007696
2024-06-09 07:00:00+00:00,1876.9730555555557,1876.9730555555557
2024-06-09 08:00:00+00:00,1318.4680555555556,1318.4680555555556
2024-06-09 09:00:00+00:00,21326.172777777778,21326.172777777778
2024-06-09 10:00:00+00:00,9394.142222222225,11545.537115730149
2024-06-09 11:00:00+00:00,20064.93611111111,20064.93611111111
2024-06-09 12:00:00+00:00,29591.12777777778,29591.12777777778
2024-06-09 13:00:00+00:00,1142.8255555555556,21894.756949338742
2024-06-09 14:00:00+00:00,1231.1208333333334,21264.277150306625
2024-06-09 15:00:00+00:00,1623.763888888889,1623.763888888889
2024-06-09 16:00:00+00:00,978.0447222222224,11199.623394967617
2024-06-09 17:00:00+00:00,24205.133055555558,7489.821482969501
2024-06-09 18:00:00+00:00,4452.222222222223,5221.453489958598
2024-06-09 19:00:00+00:00,1086.6788888888889,3835.6337257289506
2024-06-09 20:00:00+00:00,1662.9180555555556,1662.9180555555556
2024-06-09 21:00:00+00:00,1946.7244444444443,1946.7244444444443
2024-06-09 22:00:00+00:00,1306.0841666666668,2270.5136686085593
2024-06-09 23:00:00+00:00,773.9616666666667,773.9616666666667
2024-06-10 00:00:00+00:00,905.0761111111112,1474.186951483628
2024-06-10 01:00:00+00:00,1660.5869444444445,6631.155637441067
2024-06-10 02:00:00+00:00,26418.50833333333,15217.084476320073
2024-06-10 03:00:00+00:00,56776.65138888889,56776.65138888889
2024-06-10 04:00:00+00:00,264189.5152777778,264189.5152777778
2024-06-10 05:00:00+00:00,104620.45361111112,104620.45361111112
2024-06-10 06:00:00+00:00,56224.98777777778,117479.4853754872
2024-06-10 07:00:00+00:00,145975.6286111111,110234.27909074842
2024-06-10 08:00:00+00:00,104072.84555555556,103538.86205324717
2024-06-10 09:00:00+00:00,81311.52083333333,81311.52083333333
2024-06-10 10:00:00+00:00,99882.76666666666,91027.37072549398
2024-06-10 11:00:00+00:00,33226.480833333335,33226.480833333335
2024-06-10 12:00:00+00:00,5761.5775,5761.5775
2024-06-10 13:00:00+00:00,3433.2986111111118,3433.2986111111118
2024-06-10 14:00:00+00:00,1170.78,1170.78
2024-06-10 15:00:00+00:00,2459.1941666666667,16016.200399448977
2024-06-10 16:00:00+00:00,5910.123333333333,5910.123333333333
2024-06-10 17:00:00+00:00,46279.31166666667,9136.098471695355
2024-06-10 18:00:00+00:00,1569.316388888889,1569.316388888889
2024-06-10 19:00:00+00:00,2087.9325,2087.9325
2024-06-10 20:00:00+00:00,1249.5791666666669,3822.637682932206
2024-06-10 21:00:00+00:00,5711.310833333333,5711.310833333333
2024-06-10 22:00:00+00:00,828.7908333333334,4573.206609586423
2024-06-10 23:00:00+00:00,1708.5055555555557,4477.665689753461
2024-06-11 00:00:00+00:00,1557.763333333333,1557.763333333333
2024-06-11 01:00:00+00:00,2165.6097222222224,2165.6097222222224
2024-06-11 02:00:00+00:00,17138.835277777776,17138.835277777776
2024-06-11 03:00:00+00:00,124768.87416666666,124768.87416666666
2024-06-11 04:00:00+00:00,229027.88166666665,229027.88166666665
2024-06-11 05:00:00+00:00,96406.25,121523.0691276252
2024-06-11 06:00:00+00:00,54945.40194444444,142091.59120824546
2024-06-11 07:00:00+00:00,65659.57666666666,65659.57666666666
2024-06-11 08:00:00+00:00,82950.6386111111,107239.7082719688
2024-06-11 09:00:00+00:00,136777.07777777777,136777.07777777777
2024-06-11 10:00:00+00:00,39234.42916666667,117262.75510193173
2024-06-11 11:00:00+00:00,12359.790555555555,108254.81022219844
2024-06-11 12:00:00+00:00,8536.365555555556,8536.365555555556
2024-06-11 13:00:00+00:00,2833.7472222222223,2833.7472222222223
2024-06-11 14:00:00+00:00,3617.3372222222224,3617.3372222222224
2024-06-11 15:00:00+00:00,11698.880555555555,11698.880555555555
2024-06-11 16:00:00+00:00,19464.879444444443,18675.272452545265
2024-06-11 17:00:00+00:00,12183.375,12183.375
2024-06-11 18:00:00+00:00,2586.805,14559.52200329156
2024-06-11 19:00:00+00:00,1037.0972222222222,1037.0972222222222
2024-06-11 20:00:00+00:00,5904.676111111111,7429.36371536122
2024-06-11 21:00:00+00:00,3985.6244444444446,3985.6244444444446
2024-06-11 22:00:00+00:00,1628.503888888889,4926.615874653511
2024-06-11 23:00:00+00:00,795.2363888888889,795.2363888888889
2024-06-12 00:00:00+00:00,509.0747222222223,509.0747222222223
2024-06-12 01:00:00+00:00,1499.3744444444444,1499.3744444444444
2024-06-12 02:00:00+00:00,27679.884166666667,1722.8704658893284
2024-06-12 03:00:00+00:00,178809.77777777778,178809.77777777778
2024-06-12 04:00:00+00:00,191753.83,91377.85868702424
2024-06-12 05:00:00+00:00,79070.43416666667,116305.18076759428
2024-06-12 06:00:00+00:00,71706.49055555556,122594.89196449911
2024-06-12 07:00:00+00:00,86765.61055555556,117473.33396798151
2024-06-12 08:00:00+00:00,63103.10361111111,63103.10361111111
2024-06-12 09:00:00+00:00,29612.95527777778,88978.83009756511
2024-06-12 10:00:00+00:00,90798.17833333332,77300.22099142038
2024-06-12 11:00:00+00:00,50368.63888888889,50368.63888888889
2024-06-12 12:00:00+00:00,3582.1875,3582.1875
2024-06-12 13:00:00+00:00,8572.124166666666,8572.124166666666
2024-06-12 14:00:00+00:00,1825.9383333333333,1825.9383333333333
2024-06-12 15:00:00+00:00,1717.6555555555556,17373.097412391093
2024-06-12 16:00:00+00:00,3623.702222222222,3623.702222222222
2024-06-12 17:00:00+00:00,4611.512777777778,8564.627647957856
2024-06-12 18:00:00+00:00,2624.3777777777777,8198.117033655693
2024-06-12 19:00:00+00:00,20882.57888888889,9522.94251962338
2024-06-12 20:00:00+00:00,19606.30277777778,19606.30277777778
2024-06-12 21:00:00+00:00,3715.1897222222224,14877.746675994686
2024-06-12 22:00:00+00:00,784.4280555555556,784.4280555555556
2024-06-12 23:00:00+00:00,737.1013888888889,8301.783838300797
2024-06-13 00:00:00+00:00,677.2913888888888,677.2913888888888
2024-06-13 01:00:00+00:00,4678.824444444444,4678.824444444444
2024-06-13 02:00:00+00:00,12899.249722222225,3986.6040537029285
2024-06-13 03:00:00+00:00,59894.450833333336,59894.450833333336
2024-06-13 04:00:00+00:00,169056.9022222222,169056.9022222222
2024-06-13 05:00:00+00:00,103193.5925,103193.5925
2024-06-13 06:00:00+00:00,98251.35,92283.6695442342
2024-06-13 07:00:00+00:00,101632.35277777778,101632.35277777778
2024-06-13 08:00:00+00:00,147582.29083333333,98313.0729714074
2024-06-13 09:00:00+00:00,89496.61722222222,91092.03005357982
2024-06-13 10:00:00+00:00,45611.97194444444,78162.77081430382
2024-06-13 11:00:00+00:00,13859.454722222225,13859.454722222225
2024-06-13 12:00:00+00:00,5395.376111111111,43174.429140378845
2024-06-13 13:00:00+00:00,13010.8075,13010.8075
2024-06-13 14:00:00+00:00,1519.121111111111,24419.15207853704
2024-06-13 15:00:00+00:00,2024.6019444444444,2024.6019444444444
2024-06-13 16:00:00+00:00,1670.2511111111112,11723.813451781933
2024-06-13 17:00:00+00:00,3935.4661111111113,3935.4661111111113
2024-06-13 18:00:00+00:00,1190.2475,1190.2475
2024-06-13 19:00:00+00:00,2212.2652777777776,4519.818160958458
2024-06-13 20:00:00+00:00,36658.74472222223,3206.6815509846374
2024-06-13 21:00:00+00:00,1018.7441666666666,1018.7441666666666
2024-06-13 22:00:00+00:00,1238.9269444444444,1238.9269444444444
2024-06-13 23:00:00+00:00,492.3133333333333,492.3133333333333
2024-06-14 00:00:00+00:00,560.9222222222222,1179.4645361721143
2024-06-14 01:00:00+00:00,1166.4155555555556,1166.4155555555556
2024-06-14 02:00:00+00:00,37437.24861111112,1091.2929814291242
2024-06-14 03:00:00+00:00,40539.55416666667,16984.82362771928
2024-06-14 04:00:00+00:00,123915.07222222222,123915.07222222222
2024-06-14 05:00:00+00:00,114929.52138888888,114929.52138888888
2024-06-14 06:00:00+00:00,41658.35166666667,41658.35166666667
2024-06-14 07:00:00+00:00,34362.06055555555,34362.06055555555
2024-06-14 08:00:00+00:00,62324.35861111112,56929.25402826168
2024-06-14 09:00:00+00:00,53773.18333333333,53773.18333333333
2024-06-14 10:00:00+00:00,9167.90111111111,52652.26405791895
2024-06-14 11:00:00+00:00,7655.985555555556,48137.875969435896
2024-06-14 12:00:00+00:00,11465.165277777778,40424.84596355813
2024-06-14 13:00:00+00:00,2716.890555555556,2716.890555555556
2024-06-14 14:00:00+00:00,3790.6669444444447,3790.6669444444447
2024-06-14 15:00:00+00:00,1560.2833333333333,13643.426609301743
2024-06-14 16:00:00+00:00,21601.402222222223,21601.402222222223
2024-06-14 17:00:00+00:00,4557.711944444444,4557.711944444444
2024-06-14 18:00:00+00:00,1428.7088888888889,1428.7088888888889
2024-06-14 19:00:00+00:00,1411.334722222222,1411.334722222222
2024-06-14 20:00:00+00:00,1863.795,5336.95222127912
2024-06-14 21:00:00+00:00,2894.1575,2894.1575
2024-06-14 22:00:00+00:00,1100.266388888889,1100.266388888889
2024-06-14 23:00:00+00:00,3702.468888888889,3702.468888888889
2024-06-15 00:00:00+00:00,20162.10805555556,20162.10805555556
2024-06-15 01:00:00+00:00,1317.693888888889,1317.693888888889
2024-06-15 02:00:00+00:00,966.0197222222222,6444.0455677220325
2024-06-15 03:00:00+00:00,1356.4469444444444,1356.4469444444444
2024-06-15 04:00:00+00:00,4547.055833333333,3259.064719183939
2024-06-15 05:00:00+00:00,946.8666666666668,2532.9974178855364
2024-06-15 06:00:00+00:00,1446.453611111111,1446.453611111111
2024-06-15 07:00:00+00:00,779.3333333333334,779.3333333333334
2024-06-15 08:00:00+00:00,4073.7322222222224,4073.7322222222224
2024-06-15 09:00:00+00:00,22304.668055555558,22304.668055555558
2024-06-15 10:00:00+00:00,11754.023888888889,11754.023888888889
2024-06-15 11:00:00+00:00,1535.9733333333334,1535.9733333333334
2024-06-15 12:00:00+00:00,808.5538888888889,808.5538888888889
2024-06-15 13:00:00+00:00,1558.6280555555556,4716.813544017048
2024-06-15 14:00:00+00:00,793.7419444444445,793.7419444444445
2024-06-15 15:00:00+00:00,2346.3091666666664,2266.164741873245
2024-06-15 16:00:00+00:00,1019.9627777777778,1803.6559036482872
2024-06-15 17:00:00+00:00,9454.833611111111,1628.8672792894415
2024-06-15 18:00:00+00:00,1911.9677777777777,1911.9677777777777
2024-06-15 19:00:00+00:00,866.5902777777778,866.5902777777778
2024-06-15 20:00:00+00:00,786.4205555555556,786.4205555555556
2024-06-15 21:00:00+00:00,1149.5297222222223,1149.5297222222223
2024-06-15 22:00:00+00:00,872.3527777777778,872.3527777777778
2024-06-15 23:00:00+00:00,1561.0325,1047.0084605528325
2024-06-16 00:00:00+00:00,1324.5727777777777,1324.5727777777777
2024-06-16 01:00:00+00:00,2101.6608333333334,2101.6608333333334
2024-06-16 02:00:00+00:00,1755.0086111111111,1755.0086111111111
2024-06-16 03:00:00+00:00,955.9430555555556,1616.8132023329013
2024-06-16 04:00:00+00:00,1492.7397222222223,1736.1076565824444
2024-06-16 05:00:00+00:00,2263.4469444444444,2263.4469444444444
2024-06-16 06:00:00+00:00,1990.025,2025.5265908895292
2024-06-16 07:00:00+00:00,1777.7147222222222,2328.980545391504
2024-06-16 08:00:00+00:00,3897.619444444445,3897.619444444445
2024-06-16 09:00:00+00:00,90164.39,3180.259750741319
2024-06-16 10:00:00+00:00,4220.615277777778,3611.7688761634195
2024-06-16 11:00:00+00:00,5084.283333333334,5084.283333333334
2024-06-16 12:00:00+00:00,1759.283888888889,1759.283888888889
2024-06-16 13:00:00+00:00,3185.636388888889,3185.636388888889
2024-06-16 14:00:00+00:00,5045.515277777778,3316.6468481646752
2024-06-16 15:00:00+00:00,7241.218611111111,3853.4132365483792
2024-06-16 16:00:00+00:00,7731.824444444444,7731.824444444444
2024-06-16 17:00:00+00:00,5078.085,5078.085
2024-06-16 18:00:00+00:00,2363.362777777778,5592.434987456906
2024-06-16 19:00:00+00:00,2296.3125,2296.3125
2024-06-16 20:00:00+00:00,685.5202777777778,685.5202777777778
2024-06-16 21:00:00+00:00,2299.947777777778,2299.947777777778
2024-06-16 22:00:00+00:00,752.8902777777778,2502.318056562775
2024-06-16 23:00:00+00:00,559.5294444444445,3677.556425738807
2024-06-17 00:00:00+00:00,427.8380555555556,5650.824020462851
2024-06-17 01:00:00+00:00,7749.540555555555,8112.7017902672305
2024-06-17 02:00:00+00:00,18467.21,18467.21
2024-06-17 03:00:00+00:00,71147.40194444444,71147.40194444444
2024-06-17 04:00:00+00:00,232264.1002777778,232264.1002777778
2024-06-17 05:00:00+00:00,48997.82972222223,48997.82972222223
2024-06-17 06:00:00+00:00,69696.29833333334,87649.12748036398
2024-06-17 07:00:00+00:00,62191.90583333333,76256.06926829269
2024-06-17 08:00:00+00:00,110656.625,72873.59948996853
2024-06-17 09:00:00+00:00,157605.4911111111,74395.78093468935
2024-06-17 10:00:00+00:00,95333.93,95333.93
2024-06-17 11:00:00+00:00,61971.41388888889,61971.41388888889
2024-06-17 12:00:00+00:00,5291.730555555556,5291.730555555556
2024-06-17 13:00:00+00:00,4832.634166666667,4832.634166666667
2024-06-17 14:00:00+00:00,1477.3758333333333,1477.3758333333333
2024-06-17 15:00:00+00:00,2275.998888888889,19989.50986480614
2024-06-17 16:00:00+00:00,2049.263611111111,2049.263611111111
2024-06-17 17:00:00+00:00,1874.2741666666664,8706.74629825932
2024-06-17 18:00:00+00:00,1309.3302777777778,1309.3302777777778
2024-06-17 19:00:00+00:00,1028.8575,1028.8575
2024-06-17 20:00:00+00:00,9620.793333333331,2952.2539385968894
2024-06-17 21:00:00+00:00,1151.1977777777777,2267.886598424473
2024-06-17 22:00:00+00:00,1043.4822222222222,1910.2574846918192
2024-06-17 23:00:00+00:00,1662.1780555555556,1662.1780555555556
2024-06-18 00:00:00+00:00,2852.197777777778,1717.5902156938728
2024-06-18 01:00:00+00:00,2200.150277777778,5448.774438221411
2024-06-18 02:00:00+00:00,5289.828333333333,11485.939563812768
2024-06-18 03:00:00+00:00,40376.53166666667,40376.53166666667
2024-06-18 04:00:00+00:00,104169.84138888888,104169.84138888888
2024-06-18 05:00:00+00:00,110601.72666666668,110601.72666666668
2024-06-18 06:00:00+00:00,74990.98416666666,77827.71809579166
2024-06-18 07:00:00+00:00,111904.4811111111,80940.20578932189
2024-06-18 08:00:00+00:00,36362.149722222224,36362.149722222224
2024-06-18 09:00:00+00:00,80396.19638888889,58948.09153178267
2024-06-18 10:00:00+00:00,29898.68833333333,48900.51034953409
2024-06-18 11:00:00+00:00,26378.18694444445,26378.18694444445
2024-06-18 12:00:00+00:00,4078.2972222222224,35611.309573451785
2024-06-18 13:00:00+00:00,1897.819166666667,28925.548990121584
2024-06-18 14:00:00+00:00,2347.3947222222223,2347.3947222222223
2024-06-18 15:00:00+00:00,983.8633333333332,983.8633333333332
2024-06-18 16:00:00+00:00,3697.601111111111,9083.374488607076
2024-06-18 17:00:00+00:00,3427.6027777777776,5897.069089907379
2024-06-18 18:00:00+00:00,628.7936111111111,628.7936111111111
2024-06-18 19:00:00+00:00,4109.736666666667,2631.839948411597
2024-06-18 20:00:00+00:00,1702.096388888889,1836.6834918967834
2024-06-18 21:00:00+00:00,485.5180555555556,485.5180555555556
2024-06-18 22:00:00+00:00,559.7833333333333,559.7833333333333
2024-06-18 23:00:00+00:00,812.0516666666666,812.0516666666666
2024-06-19 00:00:00+00:00,411.63194444444446,823.886839064914
2024-06-19 01:00:00+00:00,3099.85,1249.2846898034625
2024-06-19 02:00:00+00:00,4139.015,4139.015
2024-06-19 03:00:00+00:00,51452.00972222223,51452.00972222223
2024-06-19 04:00:00+00:00,81153.80083333333,21659.175067228145
2024-06-19 05:00:00+00:00,52890.723333333335,52890.723333333335
2024-06-19 06:00:00+00:00,64957.37388888889,41011.99942389505
2024-06-19 07:00:00+00:00,57709.67138888889,57709.67138888889
2024-06-19 08:00:00+00:00,18254.63833333333,18254.63833333333
2024-06-19 09:00:00+00:00,51271.888333333336,51271.888333333336
2024-06-19 10:00:00+00:00,64553.75333333333,64553.75333333333
2024-06-19 11:00:00+00:00,22393.32277777778,22393.32277777778
2024-06-19 12:00:00+00:00,1343.1702777777778,40234.218041638596
2024-06-19 13:00:00+00:00,1332.638611111111,30450.060413912786
2024-06-19 14:00:00+00:00,212.42416666666668,212.42416666666668
2024-06-19 15:00:00+00:00,3666.1066666666666,13302.99570845891
2024-06-19 16:00:00+00:00,935.7183333333334,8349.24680755672
2024-06-19 17:00:00+00:00,3711.761944444445,5438.0548037999615
2024-06-19 18:00:00+00:00,1469.4355555555555,1469.4355555555555
2024-06-19 19:00:00+00:00,1635.9725,1635.9725
2024-06-19 20:00:00+00:00,746.9311111111111,746.9311111111111
2024-06-19 21:00:00+00:00,1137.6641666666667,1758.585697895975
2024-06-19 22:00:00+00:00,1300.5713888888888,1380.001977482071
2024-06-19 23:00:00+00:00,852.655,852.655
2024-06-20 00:00:00+00:00,1380.443888888889,1041.9785117289448
2024-06-20 01:00:00+00:00,2070.0383333333334,4855.14348921054
2024-06-20 02:00:00+00:00,6070.317777777777,11076.405121508495
2024-06-20 03:00:00+00:00,40948.407222222224,40948.407222222224
2024-06-20 04:00:00+00:00,143827.0425,27370.481210623817
2024-06-20 05:00:00+00:00,64348.925833333335,35507.11385759323
2024-06-20 06:00:00+00:00,35830.13722222222,43361.015666636085
2024-06-20 07:00:00+00:00,60063.68361111111,51041.809574618004
2024-06-20 08:00:00+00:00,54668.93666666667,58616.614529893224
2024-06-20 09:00:00+00:00,85393.02055555556,85393.02055555556
2024-06-20 10:00:00+00:00,901636.9686111112,73596.70381536872
2024-06-20 11:00:00+00:00,37804.2675,67907.01042092196
2024-06-20 12:00:00+00:00,5980.844166666667,5980.844166666667
2024-06-20 13:00:00+00:00,13980.321666666669,13980.321666666669
2024-06-20 14:00:00+00:00,1108.9888888888888,27143.639384005324
2024-06-20 15:00:00+00:00,1069.4802777777777,20775.867672373497
2024-06-20 16:00:00+00:00,1069.0019444444445,15613.093456354567
2024-06-20 17:00:00+00:00,940.5730555555556,940.5730555555556
2024-06-20 18:00:00+00:00,11583.834166666667,7214.839553165502
2024-06-20 19:00:00+00:00,889.6502777777778,5447.416702923465
2024-06-20 20:00:00+00:00,6088.179444444444,6088.179444444444
2024-06-20 21:00:00+00:00,716.9083333333333,5440.633947210425
2024-06-20 22:00:00+00:00,581.5391666666667,5214.728970904521
2024-06-20 23:00:00+00:00,1298.022222222222,4599.43677297183
2024-06-21 00:00:00+00:00,1167.4522222222222,1167.4522222222222
2024-06-21 01:00:00+00:00,2035.6005555555555,2035.6005555555555
2024-06-21 02:00:00+00:00,7483.543611111111,7483.543611111111
2024-06-21 03:00:00+00:00,46701.91527777778,46701.91527777778
2024-06-21 04:00:00+00:00,96784.60805555557,20810.408935301937
2024-06-21 05:00:00+00:00,85774.27972222223,85774.27972222223
2024-06-21 06:00:00+00:00,72583.96944444445,72583.96944444445
2024-06-21 07:00:00+00:00,77197.16694444444,77197.16694444444
2024-06-21 08:00:00+00:00,63599.1,63599.1
2024-06-21 09:00:00+00:00,38300.414722222224,66568.72216170901
2024-06-21 10:00:00+00:00,10161.306944444445,61241.376025476085
2024-06-21 11:00:00+00:00,31288.352777777774,31288.352777777774
2024-06-21 12:00:00+00:00,636.5858333333333,45073.8223231996
2024-06-21 13:00:00+00:00,408.79833333333335,408.79833333333335
2024-06-21 14:00:00+00:00,1191.055833333333,20817.96476032175
2024-06-21 15:00:00+00:00,508.8758333333333,12954.997091380887
2024-06-21 16:00:00+00:00,797.6583333333333,797.6583333333333
2024-06-21 17:00:00+00:00,555.775,555.775
2024-06-21 18:00:00+00:00,286.6297222222222,286.6297222222222
2024-06-21 19:00:00+00:00,1126.1963888888888,2239.0540351167156
2024-06-21 20:00:00+00:00,778.4872222222223,778.4872222222223
2024-06-21 21:00:00+00:00,870.4925,870.4925
2024-06-21 22:00:00+00:00,927.3413888888888,927.3413888888888
2024-06-21 23:00:00+00:00,1138.6038888888888,1138.6038888888888
2024-06-22 00:00:00+00:00,2361.761111111111,2361.761111111111
2024-06-22 01:00:00+00:00,430.0780555555556,1576.4232359783214
2024-06-22 02:00:00+00:00,1213.268611111111,1213.268611111111
2024-06-22 03:00:00+00:00,836.1647222222222,836.1647222222222
2024-06-22 04:00:00+00:00,1084.2583333333334,1084.2583333333334
2024-06-22 05:00:00+00:00,1145.1605555555554,1175.8640426960728
2024-06-22 06:00:00+00:00,1082.538611111111,1082.538611111111
2024-06-22 07:00:00+00:00,939.5922222222222,939.5922222222222
2024-06-22 08:00:00+00:00,38831.12722222223,38831.12722222223
2024-06-22 09:00:00+00:00,1299.8858333333333,1299.8858333333333
2024-06-22 10:00:00+00:00,582.8436111111112,10115.444394905726
2024-06-22 11:00:00+00:00,543.7347222222222,6618.755959893633
2024-06-22 12:00:00+00:00,691.4119444444444,691.4119444444444
2024-06-22 13:00:00+00:00,1313.6788888888889,2961.579447494162
2024-06-22 14:00:00+00:00,2253.2275,2253.2275
2024-06-22 15:00:00+00:00,726.6247222222222,726.6247222222222
2024-06-22 16:00:00+00:00,1258.2783333333334,1258.2783333333334
2024-06-22 17:00:00+00:00,6391.296944444444,1535.0988228402423
2024-06-22 18:00:00+00:00,739.4313888888889,739.4313888888889
2024-06-22 19:00:00+00:00,792.7883333333333,792.7883333333333
2024-06-22 20:00:00+00:00,1545.285,980.4527240076297
2024-06-22 21:00:00+00:00,1438.4708333333333,1438.4708333333333
2024-06-22 22:00:00+00:00,793.3219444444444,793.3219444444444
2024-06-22 23:00:00+00:00,753.1422222222222,753.1422222222222
2024-06-23 00:00:00+00:00,593.2661111111111,926.496827237731
2024-06-23 01:00:00+00:00,968.0494444444444,957.9377431407293
2024-06-23 02:00:00+00:00,1516.4758333333334,1516.4758333333334
2024-06-23 03:00:00+00:00,1260.6255555555556,1246.689496879518
2024-06-23 04:00:00+00:00,675.0558333333333,675.0558333333333
2024-06-23 05:00:00+00:00,3977.655555555556,3977.655555555556
2024-06-23 06:00:00+00:00,10217.380555555555,2147.924272972853
2024-06-23 07:00:00+00:00,1399.8355555555556,1399.8355555555556
2024-06-23 08:00:00+00:00,782.9161111111111,782.9161111111111
2024-06-23 09:00:00+00:00,959.6477777777778,959.6477777777778
2024-06-23 10:00:00+00:00,794.65,794.65
2024-06-23 11:00:00+00:00,908.7458333333332,908.7458333333332
2024-06-23 12:00:00+00:00,1598.4530555555557,1029.2852444030368
2024-06-23 13:00:00+00:00,13236.286944444444,2099.1234408685013
2024-06-23 14:00:00+00:00,9548.09111111111,9548.09111111111
2024-06-23 15:00:00+00:00,5875.136111111111,6072.006887353387
2024-06-23 16:00:00+00:00,5718.2725,6997.86335770793
2024-06-23 17:00:00+00:00,10943.603333333333,7142.816362586444
2024-06-23 18:00:00+00:00,5195.338333333333,5195.338333333333
2024-06-23 19:00:00+00:00,5170.653888888889,6183.73141422906
2024-06-23 20:00:00+00:00,983.605,983.605
2024-06-23 21:00:00+00:00,2027.0772222222224,3432.929289158018
2024-06-23 22:00:00+00:00,1185.4819444444445,1185.4819444444445
2024-06-23 23:00:00+00:00,495.13388888888886,2004.033284379043
2024-06-24 00:00:00+00:00,674.1069444444445,1790.630795990615
2024-06-24 01:00:00+00:00,1989.9633333333331,1989.9633333333331
2024-06-24 02:00:00+00:00,16197.039166666667,16197.039166666667
2024-06-24 03:00:00+00:00,51799.47083333333,7413.72912678919
2024-06-24 04:00:00+00:00,171612.93722222222,171612.93722222222
2024-06-24 05:00:00+00:00,133710.74694444446,133710.74694444446
2024-06-24 06:00:00+00:00,85373.99388888889,107934.37131588823
2024-06-24 07:00:00+00:00,58866.16444444445,58866.16444444445
2024-06-24 08:00:00+00:00,44090.47972222222,86144.52130062014
2024-06-24 09:00:00+00:00,28947.595,28947.595
2024-06-24 10:00:00+00:00,8733.663888888888,53940.60187238078
2024-06-24 11:00:00+00:00,11868.94,11868.94
2024-06-24 12:00:00+00:00,7628.9927777777775,29667.783942321636
2024-06-24 13:00:00+00:00,8234.099166666667,8234.099166666667
2024-06-24 14:00:00+00:00,1358.4002777777778,1358.4002777777778
2024-06-24 15:00:00+00:00,4750.0525,4750.0525
2024-06-24 16:00:00+00:00,25805.96305555556,25805.96305555556
2024-06-24 17:00:00+00:00,1732.726111111111,1732.726111111111
2024-06-24 18:00:00+00:00,2565.9944444444445,9956.305371583607
2024-06-24 19:00:00+00:00,62746.811944444446,6640.21265285104
2024-06-24 20:00:00+00:00,1227.1886111111112,4482.292357821188
2024-06-24 21:00:00+00:00,416.6233333333333,416.6233333333333
2024-06-24 22:00:00+00:00,3110.1305555555555,3110.1305555555555
2024-06-24 23:00:00+00:00,200.0655555555556,200.0655555555556
2024-06-25 00:00:00+00:00,929.2141666666666,929.2141666666666
2024-06-25 01:00:00+00:00,1166.5336111111112,1166.5336111111112
2024-06-25 02:00:00+00:00,6683.7891666666665,1262.4648073260635
2024-06-25 03:00:00+00:00,104477.57305555556,14806.0028041669
2024-06-25 04:00:00+00:00,106245.60416666669,106245.60416666669
2024-06-25 05:00:00+00:00,77819.82777777778,63652.01971998326
2024-06-25 06:00:00+00:00,68271.24805555555,75680.23915572622
2024-06-25 07:00:00+00:00,71531.55722222223,71531.55722222223
2024-06-25 08:00:00+00:00,405823.1613888889,405823.1613888889
2024-06-25 09:00:00+00:00,30307.67333333333,30307.67333333333
2024-06-25 10:00:00+00:00,34306.26583333333,136519.89023197143
2024-06-25 11:00:00+00:00,19725.57833333333,19725.57833333333
2024-06-25 12:00:00+00:00,2868.3125,64765.01031576503
2024-06-25 13:00:00+00:00,2514.6305555555555,2514.6305555555555
2024-06-25 14:00:00+00:00,423.6066666666667,27893.690606143948
2024-06-25 15:00:00+00:00,10804.341944444444,10804.341944444444
2024-06-25 16:00:00+00:00,17899.844722222224,17899.844722222224
2024-06-25 17:00:00+00:00,132679.6136111111,132679.6136111111
2024-06-25 18:00:00+00:00,184981.20277777777,61776.0861015458
2024-06-25 19:00:00+00:00,32645.78083333333,32645.78083333333
2024-06-25 20:00:00+00:00,31340.706388888888,55439.804373922554
2024-06-25 21:00:00+00:00,24671.26944444445,24671.26944444445
2024-06-25 22:00:00+00:00,45770.58416666667,37152.20441568452
2024-06-25 23:00:00+00:00,5004.259444444445,29228.537012435147
2024-06-26 00:00:00+00:00,805.7791666666667,805.7791666666667
2024-06-26 01:00:00+00:00,2156.3527777777776,2156.3527777777776
2024-06-26 02:00:00+00:00,4597.991388888889,4597.991388888889
2024-06-26 03:00:00+00:00,174423.54527777777,7299.012502824803
2024-06-26 04:00:00+00:00,80525.34,80525.34
2024-06-26 05:00:00+00:00,67013.20722222222,44062.1662880707
2024-06-26 06:00:00+00:00,76028.74694444444,62553.7251403089
2024-06-26 07:00:00+00:00,114211.73194444444,114211.73194444444
2024-06-26 08:00:00+00:00,44531.61027777778,92180.7318850969
2024-06-26 09:00:00+00:00,77256.59666666666,77256.59666666666
2024-06-26 10:00:00+00:00,20836.794166666667,87237.78015063531
2024-06-26 11:00:00+00:00,4044.6388888888887,73702.23060752539
2024-06-26 12:00:00+00:00,2470.679722222222,2470.679722222222
2024-06-26 13:00:00+00:00,2439.3747222222223,35091.60490316348
2024-06-26 14:00:00+00:00,1828.4872222222225,1828.4872222222225
2024-06-26 15:00:00+00:00,1537.1619444444443,1537.1619444444443
2024-06-26 16:00:00+00:00,2000.315,9396.94041465498
2024-06-26 17:00:00+00:00,3288.920833333333,3288.920833333333
2024-06-26 18:00:00+00:00,3950.5619444444446,5370.7400492938195
2024-06-26 19:00:00+00:00,28532.045,4303.489461851636
2024-06-26 20:00:00+00:00,1067.6016666666667,3389.9738815188666
2024-06-26 21:00:00+00:00,605.9233333333333,605.9233333333333
2024-06-26 22:00:00+00:00,771.4277777777778,771.4277777777778
2024-06-26 23:00:00+00:00,574.62,574.62
2024-06-27 00:00:00+00:00,594.4033333333333,594.4033333333333
2024-06-27 01:00:00+00:00,1415.5194444444444,894.1792396060046
2024-06-27 02:00:00+00:00,5831.987222222222,5831.987222222222
2024-06-27 03:00:00+00:00,45425.05194444444,45425.05194444444
2024-06-27 04:00:00+00:00,43101.78138888889,43101.78138888889
2024-06-27 05:00:00+00:00,34173.581666666665,34173.581666666665
2024-06-27 06:00:00+00:00,28745.05,28745.05
2024-06-27 07:00:00+00:00,45788.38611111111,30037.410558197396
2024-06-27 08:00:00+00:00,16108.643333333332,16108.643333333332
2024-06-27 09:00:00+00:00,36315.98888888889,36315.98888888889
2024-06-27 10:00:00+00:00,9237.897777777778,9237.897777777778
2024-06-27 11:00:00+00:00,20876.04138888889,20761.499616520126
2024-06-27 12:00:00+00:00,4833.735833333333,4833.735833333333
2024-06-27 13:00:00+00:00,7252.104444444444,11327.432717799411
2024-06-27 14:00:00+00:00,3063.638611111111,3063.638611111111
2024-06-27 15:00:00+00:00,2398.7747222222224,2398.7747222222224
2024-06-27 16:00:00+00:00,400.21222222222224,4831.245922212269
2024-06-27 17:00:00+00:00,676.0513888888889,676.0513888888889
2024-06-27 18:00:00+00:00,832.5075,2438.216456387838
2024-06-27 19:00:00+00:00,1741.4572222222223,1741.4572222222223
2024-06-27 20:00:00+00:00,809.4930555555555,809.4930555555555
2024-06-27 21:00:00+00:00,816.4886111111111,1462.6033134184943
2024-06-27 22:00:00+00:00,1403.4686111111112,1403.4686111111112
2024-06-27 23:00:00+00:00,637.6252777777778,1355.1333030402102
2024-06-28 00:00:00+00:00,689.4613888888889,689.4613888888889
2024-06-28 01:00:00+00:00,1311.2247222222222,1311.2247222222222
2024-06-28 02:00:00+00:00,5350.661944444444,1135.216342643613
2024-06-28 03:00:00+00:00,49675.895,49675.895
2024-06-28 04:00:00+00:00,56475.346666666665,56475.346666666665
2024-06-28 05:00:00+00:00,25620.63472222222,25620.63472222222
2024-06-28 06:00:00+00:00,9992.769444444444,9992.769444444444
2024-06-28 07:00:00+00:00,16866.49916666667,16866.49916666667
2024-06-28 08:00:00+00:00,4410.690277777778,4410.690277777778
2024-06-28 09:00:00+00:00,10670.028888888888,14738.574270763867
2024-06-28 10:00:00+00:00,8880.210555555555,10600.453712641754
2024-06-28 11:00:00+00:00,3376.1991666666668,3376.1991666666668
2024-06-28 12:00:00+00:00,2216.2327777777778,6166.258542642185
2024-06-28 13:00:00+00:00,1201.165277777778,1201.165277777778
2024-06-28 14:00:00+00:00,1607.118888888889,3320.6299716795866
2024-06-28 15:00:00+00:00,1116.6138888888888,1116.6138888888888
2024-06-28 16:00:00+00:00,1059.7727777777775,1059.7727777777775
2024-06-28 17:00:00+00:00,1541.9058333333332,1541.9058333333332
2024-06-28 18:00:00+00:00,1387.3038888888889,1581.5148734493077
2024-06-28 19:00:00+00:00,64636.66666666666,64636.66666666666
2024-06-28 20:00:00+00:00,947.6405555555556,947.6405555555556
2024-06-28 21:00:00+00:00,906.4713888888888,906.4713888888888
2024-06-28 22:00:00+00:00,469.005,469.005
2024-06-28 23:00:00+00:00,1293.6061111111112,1293.6061111111112
2024-06-29 00:00:00+00:00,532.1805555555555,5538.167460491042
2024-06-29 01:00:00+00:00,371.79777777777775,371.79777777777775
2024-06-29 02:00:00+00:00,868.6688888888889,2417.9612566816027
2024-06-29 03:00:00+00:00,484.3872222222223,1766.2124944989775
2024-06-29 04:00:00+00:00,1467.4711111111112,1467.4711111111112
2024-06-29 05:00:00+00:00,5051.011666666666,5051.011666666666
2024-06-29 06:00:00+00:00,2559.2672222222222,2559.2672222222222
2024-06-29 07:00:00+00:00,1708.7127777777778,1708.7127777777778
2024-06-29 08:00:00+00:00,784.7930555555556,784.7930555555556
2024-06-29 09:00:00+00:00,5353.638888888889,1741.2059113894275
2024-06-29 10:00:00+00:00,1199.7641666666666,1199.7641666666666
2024-06-29 11:00:00+00:00,997.7508333333334,997.7508333333334
2024-06-29 12:00:00+00:00,1110.8072222222222,1110.8072222222222
2024-06-29 13:00:00+00:00,1542.8011111111111,1542.8011111111111
2024-06-29 14:00:00+00:00,727.5833333333334,727.5833333333334
2024-06-29 15:00:00+00:00,8831.390833333333,8831.390833333333
2024-06-29 16:00:00+00:00,673.5594444444445,673.5594444444445
2024-06-29 17:00:00+00:00,1099.95,1099.95
2024-06-29 18:00:00+00:00,704.8427777777778,704.8427777777778
2024-06-29 19:00:00+00:00,816.2061111111111,1571.2645121987916
2024-06-29 20:00:00+00:00,1245.805,1245.805
2024-06-29 21:00:00+00:00,2234.763055555556,1303.600977399416
2024-06-29 22:00:00+00:00,659.4594444444444,659.4594444444444
2024-06-29 23:00:00+00:00,2026.6297222222224,2026.6297222222224
2024-06-30 00:00:00+00:00,836.3766666666667,836.3766666666667
2024-06-30 01:00:00+00:00,709.9786111111111,1169.2280153590564
2024-06-30 02:00:00+00:00,488.02,488.02
2024-06-30 03:00:00+00:00,1506.2352777777778,1506.2352777777778
2024-06-30 04:00:00+00:00,893.6877777777778,1064.4830980764882
2024-06-30 05:00:00+00:00,591.8316666666667,591.8316666666667
2024-06-30 06:00:00+00:00,964.5761111111112,877.554777656007
2024-06-30 07:00:00+00:00,982.6241666666666,982.6241666666666
2024-06-30 08:00:00+00:00,506.3725,896.8500590631861
2024-06-30 09:00:00+00:00,659.2027777777778,659.2027777777778
2024-06-30 10:00:00+00:00,460.1375,460.1375
2024-06-30 11:00:00+00:00,1138.0255555555557,1138.0255555555557
2024-06-30 12:00:00+00:00,2258.4577777777777,845.387351143076
2024-06-30 13:00:00+00:00,882.315,882.315
2024-06-30 14:00:00+00:00,737.6447222222222,737.6447222222222
2024-06-30 15:00:00+00:00,1106.6261111111112,836.3300931941968
2024-06-30 16:00:00+00:00,1202.423888888889,761.556982733993
2024-06-30 17:00:00+00:00,592.5480555555556,679.2656403344232
2024-06-30 18:00:00+00:00,360.9905555555556,360.9905555555556
2024-06-30 19:00:00+00:00,508.6644444444444,502.6581610140416
2024-06-30 20:00:00+00:00,824.5733333333334,824.5733333333334
2024-06-30 21:00:00+00:00,1079.2825,1079.2825
2024-06-30 22:00:00+00:00,431.2830555555556,431.2830555555556
2024-06-30 23:00:00+00:00,1230.7072222222223,1230.7072222222223
2024-07-01 00:00:00+00:00,881.87,881.87
2024-07-01 01:00:00+00:00,768.8144444444445,884.0137791335007
2024-07-01 02:00:00+00:00,697.0255555555556,697.0255555555556
2024-07-01 03:00:00+00:00,5657.748888888889,789.0635112892351
2024-07-01 04:00:00+00:00,4037.9997222222223,818.2643163215452
2024-07-01 05:00:00+00:00,1199.0766666666666,1199.0766666666666
2024-07-01 06:00:00+00:00,987.1583333333332,1016.5911499286182
2024-07-01 07:00:00+00:00,1652.165277777778,1768.2085918173557
2024-07-01 08:00:00+00:00,6467.1575,6467.1575
2024-07-01 09:00:00+00:00,1670.6663888888888,4288.7628122815295
2024-07-01 10:00:00+00:00,643.8761111111111,4457.368393390804
2024-07-01 11:00:00+00:00,1236.536111111111,1236.536111111111
2024-07-01 12:00:00+00:00,626.2558333333334,626.2558333333334
2024-07-01 13:00:00+00:00,815.8080555555556,815.8080555555556
2024-07-01 14:00:00+00:00,4717.761111111111,1536.3237965119615
2024-07-01 15:00:00+00:00,929.1458333333334,929.1458333333334
2024-07-01 16:00:00+00:00,524.8894444444444,524.8894444444444
2024-07-01 17:00:00+00:00,428.4616666666666,903.5299706923122
2024-07-01 18:00:00+00:00,785.0447222222223,797.3216737014903
2024-07-01 19:00:00+00:00,770.9738888888888,772.8950150556927
2024-07-01 20:00:00+00:00,943.7552777777778,943.7552777777778
2024-07-01 21:00:00+00:00,591.4347222222223,854.8447116429667
2024-07-01 22:00:00+00:00,407.4530555555556,407.4530555555556
2024-07-01 23:00:00+00:00,1689.9930555555557,1689.9930555555557
2024-07-02 00:00:00+00:00,710.9397222222223,1046.394629394928
2024-07-02 01:00:00+00:00,727.1094444444444,727.1094444444444
2024-07-02 02:00:00+00:00,1484.1141666666667,961.0937191541831
2024-07-02 03:00:00+00:00,4860.932222222223,4145.552894523961
2024-07-02 04:00:00+00:00,26068.380555555555,26068.380555555555
2024-07-02 05:00:00+00:00,1208.560277777778,1208.560277777778
2024-07-02 06:00:00+00:00,1277.8830555555555,1277.8830555555555
2024-07-02 07:00:00+00:00,24020.39638888889,24020.39638888889
2024-07-02 08:00:00+00:00,32900.662777777776,13429.205732910286
2024-07-02 09:00:00+00:00,7412.125277777778,7412.125277777778
2024-07-02 10:00:00+00:00,1592.7975,11639.145259170242
2024-07-02 11:00:00+00:00,2470.8708333333334,2470.8708333333334
2024-07-02 12:00:00+00:00,3442.286666666667,3442.286666666667
2024-07-02 13:00:00+00:00,16128.564444444444,5310.976774303848
2024-07-02 14:00:00+00:00,13967.93527777778,13967.93527777778
2024-07-02 15:00:00+00:00,1743.1886111111112,1743.1886111111112
2024-07-02 16:00:00+00:00,1870.253888888889,1870.253888888889
2024-07-02 17:00:00+00:00,1071.7372222222225,4690.280396811583
2024-07-02 18:00:00+00:00,6375.124722222222,3618.796853605416
2024-07-02 19:00:00+00:00,692.6794444444445,2984.680955041303
2024-07-02 20:00:00+00:00,7804.381111111111,2618.3525943036116
2024-07-02 21:00:00+00:00,2152.9569444444446,2152.9569444444446
2024-07-02 22:00:00+00:00,570.5894444444444,2314.000046426736
2024-07-02 23:00:00+00:00,640.8002777777778,640.8002777777778
2024-07-03 00:00:00+00:00,643.8125,643.8125
2024-07-03 01:00:00+00:00,671.6961111111111,1135.9065308992542
2024-07-03 02:00:00+00:00,10621.593333333334,10621.593333333334
2024-07-03 03:00:00+00:00,2906.9738888888887,2906.9738888888887
2024-07-03 04:00:00+00:00,6123.961666666667,4728.067636511399
2024-07-03 05:00:00+00:00,5559.251111111111,5559.251111111111
2024-07-03 06:00:00+00:00,2826.153333333333,4932.8415682805735
2024-07-03 07:00:00+00:00,1409.9911111111112,1409.9911111111112
2024-07-03 08:00:00+00:00,3086.2322222222224,3086.2322222222224
2024-07-03 09:00:00+00:00,1104.555833333333,1104.555833333333
2024-07-03 10:00:00+00:00,3197.393055555556,3197.393055555556
2024-07-03 11:00:00+00:00,1510.8830555555555,1510.8830555555555
2024-07-03 12:00:00+00:00,2172.7691666666665,2172.7691666666665
2024-07-03 13:00:00+00:00,1365.4788888888888,2209.6554217460434
2024-07-03 14:00:00+00:00,985.9427777777778,2038.6978362204386
2024-07-03 15:00:00+00:00,960.6669444444444,960.6669444444444
2024-07-03 16:00:00+00:00,685.8344444444444,685.8344444444444
2024-07-03 17:00:00+00:00,1263.701111111111,1263.701111111111
2024-07-03 18:00:00+00:00,2889.534722222222,2889.534722222222
2024-07-03 19:00:00+00:00,2322.9344444444446,1855.3095379376518
2024-07-03 20:00:00+00:00,1743.26,1931.1967852185937
2024-07-03 21:00:00+00:00,374.0263888888889,374.0263888888889
2024-07-03 22:00:00+00:00,556.6622222222222,1156.8284551668903
2024-07-03 23:00:00+00:00,510.2447222222222,510.2447222222222
2024-07-04 00:00:00+00:00,818.8766666666667,818.8766666666667
2024-07-04 01:00:00+00:00,762.5455555555556,762.5455555555556
2024-07-04 02:00:00+00:00,2597.2858333333334,2597.2858333333334
2024-07-04 03:00:00+00:00,8923.648055555555,8923.648055555555
2024-07-04 04:00:00+00:00,443.00638888888886,443.00638888888886
2024-07-04 05:00:00+00:00,760.9502777777777,2843.562825504668
2024-07-04 06:00:00+00:00,8075.488055555556,8075.488055555556
2024-07-04 07:00:00+00:00,4308.602222222222,4308.602222222222
2024-07-04 08:00:00+00:00,110969.83888888887,4859.405092555467
2024-07-04 09:00:00+00:00,841.7844444444445,841.7844444444445
2024-07-04 10:00:00+00:00,274.0780555555556,274.0780555555556
2024-07-04 11:00:00+00:00,166.0572222222222,1795.7663707106044
2024-07-04 12:00:00+00:00,1010.61,1010.61
2024-07-04 13:00:00+00:00,21173.07138888889,21173.07138888889
2024-07-04 14:00:00+00:00,367.1519444444445,367.1519444444445
2024-07-04 15:00:00+00:00,683.3372222222222,683.3372222222222
2024-07-04 16:00:00+00:00,405.6936111111111,405.6936111111111
2024-07-04 17:00:00+00:00,252.89444444444445,252.89444444444445
2024-07-04 18:00:00+00:00,702.1805555555555,702.1805555555555
2024-07-04 19:00:00+00:00,134.30638888888888,1242.5864317874039
2024-07-04 20:00:00+00:00,213.64083333333332,982.7639542500701
2024-07-04 21:00:00+00:00,313.0572222222222,313.0572222222222
2024-07-04 22:00:00+00:00,1200.564722222222,1200.564722222222
2024-07-04 23:00:00+00:00,544.6747222222223,829.7374844307378
2024-07-05 00:00:00+00:00,854.3102777777777,846.200821585317
2024-07-05 01:00:00+00:00,215.4658333333333,215.4658333333333
2024-07-05 02:00:00+00:00,606.0375,606.0375
2024-07-05 03:00:00+00:00,221.90972222222223,221.90972222222223
2024-07-05 04:00:00+00:00,2414.4283333333333,2414.4283333333333
2024-07-05 05:00:00+00:00,7355.529166666666,7355.529166666666
2024-07-05 06:00:00+00:00,1101.6297222222222,1101.6297222222222
2024-07-05 07:00:00+00:00,1292.53,2622.600931858468
2024-07-05 08:00:00+00:00,192.3136111111111,192.3136111111111
2024-07-05 09:00:00+00:00,479.6397222222223,1211.303193446316
2024-07-05 10:00:00+00:00,4806.101388888889,4806.101388888889
2024-07-05 11:00:00+00:00,3465.866666666667,2910.852919908159
2024-07-05 12:00:00+00:00,1370.9913888888889,1370.9913888888889
2024-07-05 13:00:00+00:00,1322.4505555555556,1322.4505555555556
2024-07-05 14:00:00+00:00,435.7875,1955.2553283626519
2024-07-05 15:00:00+00:00,468.3436111111111,468.3436111111111
2024-07-05 16:00:00+00:00,548.6663888888888,1127.1313011676932
2024-07-05 17:00:00+00:00,528.3277777777778,528.3277777777778
2024-07-05 18:00:00+00:00,343.75166666666667,343.75166666666667
2024-07-05 19:00:00+00:00,62000.880833333336,589.8436542538527
2024-07-05 20:00:00+00:00,529.7108333333333,529.7108333333333
2024-07-05 21:00:00+00:00,187.41611111111112,187.41611111111112
2024-07-05 22:00:00+00:00,953.8083333333332,397.280672422822
2024-07-05 23:00:00+00:00,396.29027777777776,396.29027777777776
2024-07-06 00:00:00+00:00,618.875,618.875
2024-07-06 01:00:00+00:00,473.0108333333333,473.0108333333333
2024-07-06 02:00:00+00:00,470.9036111111111,469.72254504566604
2024-07-06 03:00:00+00:00,277.6038888888889,277.6038888888889
2024-07-06 04:00:00+00:00,1202.871111111111,372.81886319099175
2024-07-06 05:00:00+00:00,587.2352777777778,587.2352777777778
2024-07-06 06:00:00+00:00,170.8622222222222,170.8622222222222
2024-07-06 07:00:00+00:00,871.4708333333333,871.4708333333333
2024-07-06 08:00:00+00:00,1189.8780555555556,554.6866997063166
2024-07-06 09:00:00+00:00,289.0180555555556,623.1859384873414
2024-07-06 10:00:00+00:00,451.12194444444447,451.12194444444447
2024-07-06 11:00:00+00:00,144.0013888888889,548.8875125181241
2024-07-06 12:00:00+00:00,122.87055555555555,122.87055555555555
2024-07-06 13:00:00+00:00,384.66527777777776,384.66527777777776
2024-07-06 14:00:00+00:00,8509.631111111112,8509.631111111112
2024-07-06 15:00:00+00:00,370.69694444444445,3511.28452926197
2024-07-06 16:00:00+00:00,668.1786111111111,4434.1217385880045
2024-07-06 17:00:00+00:00,654.9183333333333,654.9183333333333
2024-07-06 18:00:00+00:00,869.1380555555555,869.1380555555555
2024-07-06 19:00:00+00:00,408.4322222222222,1985.9628461612187
2024-07-06 20:00:00+00:00,664.0188888888889,1494.2552241841227
2024-07-06 21:00:00+00:00,332.8327777777778,1134.514597417112
2024-07-06 22:00:00+00:00,263.74305555555554,263.74305555555554
2024-07-06 23:00:00+00:00,967.9680555555556,626.103714388425
2024-07-07 00:00:00+00:00,532.905,490.5301110312484
2024-07-07 01:00:00+00:00,301.84277777777777,301.84277777777777
2024-07-07 02:00:00+00:00,160.3575,369.5621979570095
2024-07-07 03:00:00+00:00,192.67,394.1309408208265
2024-07-07 04:00:00+00:00,695.0983333333334,695.0983333333334
2024-07-07 05:00:00+00:00,17362.186944444446,17362.186944444446
2024-07-07 06:00:00+00:00,7118.9075,7069.278469584597
2024-07-07 07:00:00+00:00,1238.4533333333334,1238.4533333333334
2024-07-07 08:00:00+00:00,1200.2569444444443,5338.137258399589
2024-07-07 09:00:00+00:00,269.8491666666667,3667.052448491565
2024-07-07 10:00:00+00:00,607.7144444444444,607.7144444444444
2024-07-07 11:00:00+00:00,714.4166666666666,714.4166666666666
2024-07-07 12:00:00+00:00,1446.6544444444444,1446.6544444444444
2024-07-07 13:00:00+00:00,6823.223888888889,6823.223888888889
2024-07-07 14:00:00+00:00,214.26416666666665,3507.009460525619
2024-07-07 15:00:00+00:00,176.28944444444446,176.28944444444446
2024-07-07 16:00:00+00:00,717.4347222222223,717.4347222222223
2024-07-07 17:00:00+00:00,1055.9363888888888,1633.659324691435
2024-07-07 18:00:00+00:00,780.6375,780.6375
2024-07-07 19:00:00+00:00,260.7613888888889,1092.9127314311947
2024-07-07 20:00:00+00:00,1362.272222222222,1362.272222222222
2024-07-07 21:00:00+00:00,321.2413888888889,321.2413888888889
2024-07-07 22:00:00+00:00,781.9191666666667,854.5391443057549
2024-07-07 23:00:00+00:00,923.9477777777778,923.9477777777778
2024-07-08 00:00:00+00:00,311.23027777777776,826.3883531777299
2024-07-08 01:00:00+00:00,1124.1772222222223,1124.1772222222223
2024-07-08 02:00:00+00:00,574.7616666666667,988.7766217471659
2024-07-08 03:00:00+00:00,2699.093055555556,1381.5630230264908
2024-07-08 04:00:00+00:00,2542.860277777778,1962.3424228874123
2024-07-08 05:00:00+00:00,4634.749722222222,4634.749722222222
2024-07-08 06:00:00+00:00,1459.296111111111,3424.580584140963
2024-07-08 07:00:00+00:00,3347.4791666666665,3347.4791666666665
2024-07-08 08:00:00+00:00,1276.575,3529.178559046989
2024-07-08 09:00:00+00:00,3562.456388888889,3562.456388888889
2024-07-08 10:00:00+00:00,218.8213888888889,3524.4640533166353
2024-07-08 11:00:00+00:00,3372.9975,3130.400999088202
2024-07-08 12:00:00+00:00,399.47027777777777,399.47027777777777
2024-07-08 13:00:00+00:00,172.61833333333334,172.61833333333334
2024-07-08 14:00:00+00:00,865.5588888888889,865.5588888888889
2024-07-08 15:00:00+00:00,388.0291666666666,388.0291666666666
2024-07-08 16:00:00+00:00,698.6291666666667,698.6291666666667
2024-07-08 17:00:00+00:00,654.8666666666667,654.8666666666667
2024-07-08 18:00:00+00:00,543.2941666666667,543.2941666666667
2024-07-08 19:00:00+00:00,29428.164722222224,29428.164722222224
2024-07-08 20:00:00+00:00,1323.2358333333334,1323.2358333333334
2024-07-08 21:00:00+00:00,984.7791666666668,984.7791666666668
2024-07-08 22:00:00+00:00,120.11555555555556,120.11555555555556
2024-07-08 23:00:00+00:00,724.3919444444444,724.3919444444444
2024-07-09 00:00:00+00:00,348.1561111111111,348.1561111111111
2024-07-09 01:00:00+00:00,878.3933333333333,878.3933333333333
2024-07-09 02:00:00+00:00,2781.980833333333,2781.980833333333
2024-07-09 03:00:00+00:00,5397.699444444444,5397.699444444444
2024-07-09 04:00:00+00:00,8861.152777777777,8861.152777777777
2024-07-09 05:00:00+00:00,4463.373611111111,4463.373611111111
2024-07-09 06:00:00+00:00,3472.375833333333,3472.375833333333
2024-07-09 07:00:00+00:00,2524.1966666666667,2524.1966666666667
2024-07-09 08:00:00+00:00,3527.889722222222,3693.611470162481
2024-07-09 09:00:00+00:00,3187.395833333333,3187.395833333333
2024-07-09 10:00:00+00:00,524.1991666666667,3298.443676976755
2024-07-09 11:00:00+00:00,1104.475,2889.1355168314026
2024-07-09 12:00:00+00:00,353.5733333333333,353.5733333333333
2024-07-09 13:00:00+00:00,559.5191666666667,559.5191666666667
2024-07-09 14:00:00+00:00,1814.9608333333333,1814.9608333333333
2024-07-09 15:00:00+00:00,574.1027777777778,1409.477608405754
2024-07-09 16:00:00+00:00,331.42583333333334,331.42583333333334
2024-07-09 17:00:00+00:00,3786.237777777778,3786.237777777778
2024-07-09 18:00:00+00:00,524.0777777777778,524.0777777777778
2024-07-09 19:00:00+00:00,17334.932777777776,17334.932777777776
2024-07-09 20:00:00+00:00,431.7533333333333,7605.247473273688
2024-07-09 21:00:00+00:00,555.5227777777778,10795.731413153362
2024-07-09 22:00:00+00:00,989.0305555555556,12167.175366350206
2024-07-09 23:00:00+00:00,2448.515,12424.873835149683
2024-07-10 00:00:00+00:00,539.2302777777778,12000.658210198228
2024-07-10 01:00:00+00:00,1315.256666666667,11158.926341391685
2024-07-10 02:00:00+00:00,38024.22638888889,10061.5613723452
2024-07-10 03:00:00+00:00,17113.70111111111,8807.679661974118
2024-07-10 04:00:00+00:00,4331.761944444444,7457.9672853400325
2024-07-10 05:00:00+00:00,2324.526666666666,2324.526666666666
2024-07-10 06:00:00+00:00,16175.498333333331,4605.269251872486
2024-07-10 07:00:00+00:00,4943.733055555555,4943.733055555555
2024-07-10 08:00:00+00:00,6349.171388888889,4505.957628716165
2024-07-10 09:00:00+00:00,17501.769722222223,4953.636584041942
2024-07-10 10:00:00+00:00,11930.860277777778,5505.67817820916
2024-07-10 11:00:00+00:00,7811.104444444444,7811.104444444444
2024-07-10 12:00:00+00:00,10488.0025,6776.680836158785
2024-07-10 13:00:00+00:00,4659.044166666667,4659.044166666667
2024-07-10 14:00:00+00:00,464.99805555555554,5827.036949949004
2024-07-10 15:00:00+00:00,1912.901111111111,1912.901111111111
2024-07-10 16:00:00+00:00,1533.3461111111112,3706.176577586749
2024-07-10 17:00:00+00:00,4239.628333333333,4239.628333333333
2024-07-10 18:00:00+00:00,504.4663888888889,504.4663888888889
2024-07-10 19:00:00+00:00,1116.1622222222222,2499.861852940727
2024-07-10 20:00:00+00:00,4461.747777777778,1680.5771098371633
2024-07-10 21:00:00+00:00,151.54888888888888,151.54888888888888
2024-07-10 22:00:00+00:00,478.34583333333336,752.6715615892961
2024-07-10 23:00:00+00:00,666.2116666666667,572.0850749363682
2024-07-11 00:00:00+00:00,557.6536111111111,557.6536111111111
2024-07-11 01:00:00+00:00,2173.987777777778,530.9278450870282
2024-07-11 02:00:00+00:00,4623.444722222223,4623.444722222223
2024-07-11 03:00:00+00:00,4117.549444444445,4117.549444444445
2024-07-11 04:00:00+00:00,6600.612222222222,6600.612222222222
2024-07-11 05:00:00+00:00,11997.954444444444,4513.90870586392
2024-07-11 06:00:00+00:00,33484.54583333333,33484.54583333333
2024-07-11 07:00:00+00:00,9301.611388888889,9301.611388888889
2024-07-11 08:00:00+00:00,3050.597777777778,15504.825942871688
2024-07-11 09:00:00+00:00,10975.66222222222,10975.66222222222
2024-07-11 10:00:00+00:00,6915.473055555555,6915.473055555555
2024-07-11 11:00:00+00:00,2581.931111111111,2581.931111111111
2024-07-11 12:00:00+00:00,1952.200555555556,7319.301871992085
2024-07-11 13:00:00+00:00,263.74194444444447,5196.804116400712
2024-07-11 14:00:00+00:00,371.50666666666666,371.50666666666666
2024-07-11 15:00:00+00:00,643.1619444444444,643.1619444444444
2024-07-11 16:00:00+00:00,956.755,1691.4598003878255
2024-07-11 17:00:00+00:00,519.8383333333334,1297.7195280732697
2024-07-11 18:00:00+00:00,741.5438888888889,741.5438888888889
2024-07-11 19:00:00+00:00,513.1113888888889,942.25554943824
2024-07-11 20:00:00+00:00,219.765,1233.6404792864091
2024-07-11 21:00:00+00:00,3598.23,3598.23
2024-07-11 22:00:00+00:00,1163.7155555555555,2485.7480423414036
2024-07-11 23:00:00+00:00,1266.7458333333334,2762.742243652773
2024-07-12 00:00:00+00:00,52951.77527777778,2777.9904848976803
2024-07-12 01:00:00+00:00,2005.9086111111112,2005.9086111111112
2024-07-12 02:00:00+00:00,24707.580833333333,2389.845801226576
2024-07-12 03:00:00+00:00,27541.13611111111,27541.13611111111
2024-07-12 04:00:00+00:00,3820.090555555556,3820.090555555556
2024-07-12 05:00:00+00:00,3937.8758333333335,3937.8758333333335
2024-07-12 06:00:00+00:00,10343.906388888889,10343.906388888889
2024-07-12 07:00:00+00:00,6011.671388888889,6011.671388888889
2024-07-12 08:00:00+00:00,2407.2361111111118,7818.267476498009
2024-07-12 09:00:00+00:00,4139.4675,4139.4675
2024-07-12 10:00:00+00:00,4765.715833333334,4765.715833333334
2024-07-12 11:00:00+00:00,1035.5413888888888,1035.5413888888888
2024-07-12 12:00:00+00:00,640.6666666666666,640.6666666666666
2024-07-12 13:00:00+00:00,287.0930555555556,2504.5929344648694
2024-07-12 14:00:00+00:00,752.6658333333334,752.6658333333334
2024-07-12 15:00:00+00:00,576.6333333333333,1396.1268963712182
2024-07-12 16:00:00+00:00,623.5686111111111,623.5686111111111
2024-07-12 17:00:00+00:00,611.0961111111111,928.505557810592
2024-07-12 18:00:00+00:00,323.11694444444447,323.11694444444447
2024-07-12 19:00:00+00:00,254.2411111111111,254.2411111111111
2024-07-12 20:00:00+00:00,995.4413888888888,995.4413888888888
2024-07-12 21:00:00+00:00,708.6391666666667,665.8913695974187
2024-07-12 22:00:00+00:00,345.99666666666667,345.99666666666667
2024-07-12 23:00:00+00:00,564.3502777777778,543.0049885512575
2024-07-13 00:00:00+00:00,361.88,486.8954770645163
2024-07-13 01:00:00+00:00,502.88194444444446,502.88194444444446
2024-07-13 02:00:00+00:00,247.11277777777775,247.11277777777775
2024-07-13 03:00:00+00:00,583.1213888888889,583.1213888888889
2024-07-13 04:00:00+00:00,374.4602777777778,466.37418178833445
2024-07-13 05:00:00+00:00,719.8202777777777,719.8202777777777
2024-07-13 06:00:00+00:00,792.8458333333333,792.8458333333333
2024-07-13 07:00:00+00:00,277.75138888888887,680.027427790868
2024-07-13 08:00:00+00:00,170.14138888888888,170.14138888888888
2024-07-13 09:00:00+00:00,1095.861388888889,1095.861388888889
2024-07-13 10:00:00+00:00,179.96527777777777,179.96527777777777
2024-07-13 11:00:00+00:00,249.20666666666668,249.20666666666668
2024-07-13 12:00:00+00:00,320.2497222222222,320.2497222222222
2024-07-13 13:00:00+00:00,291.69,368.172655766405
2024-07-13 14:00:00+00:00,269.09222222222223,365.7452684093331
2024-07-13 15:00:00+00:00,445.2369444444444,445.2369444444444
2024-07-13 16:00:00+00:00,1087.6797222222222,1087.6797222222222
2024-07-13 17:00:00+00:00,792.3988888888889,792.3988888888889
2024-07-13 18:00:00+00:00,303.2627777777778,303.2627777777778
2024-07-13 19:00:00+00:00,1142.5233333333333,1142.5233333333333
2024-07-13 20:00:00+00:00,767.3463888888889,783.9468239200149
2024-07-13 21:00:00+00:00,1658.3213888888888,1658.3213888888888
2024-07-13 22:00:00+00:00,557.3661111111111,557.3661111111111
2024-07-13 23:00:00+00:00,490.9333333333333,490.9333333333333
2024-07-14 00:00:00+00:00,294.17333333333335,798.5008110700188
2024-07-14 01:00:00+00:00,246.19833333333327,2374.5138346486806
2024-07-14 02:00:00+00:00,516.125,5034.72679551852
2024-07-14 03:00:00+00:00,17980.1175,17980.1175
2024-07-14 04:00:00+00:00,1178.049166666667,1178.049166666667
2024-07-14 05:00:00+00:00,322.84777777777776,7858.656107171737
2024-07-14 06:00:00+00:00,391.5144444444445,391.5144444444445
2024-07-14 07:00:00+00:00,5352.294166666667,5352.294166666667
2024-07-14 08:00:00+00:00,313.9836111111111,4086.0141247156507
2024-07-14 09:00:00+00:00,1746.352777777778,1746.352777777778
2024-07-14 10:00:00+00:00,714.5405555555556,714.5405555555556
2024-07-14 11:00:00+00:00,10984.907222222222,2145.363635203772
2024-07-14 12:00:00+00:00,635.0847222222222,635.0847222222222
2024-07-14 13:00:00+00:00,431.4966666666666,431.4966666666666
2024-07-14 14:00:00+00:00,364.5047222222222,908.5698693310471
2024-07-14 15:00:00+00:00,375.7775,713.4461051463466
2024-07-14 16:00:00+00:00,352.97277777777776,352.97277777777776
2024-07-14 17:00:00+00:00,634.5536111111111,494.31924126889055
2024-07-14 18:00:00+00:00,207.6588888888889,207.6588888888889
2024-07-14 19:00:00+00:00,504.0391666666667,504.0391666666667
2024-07-14 20:00:00+00:00,572.5108333333334,572.5108333333334
2024-07-14 21:00:00+00:00,459.02,459.02
