time,original,imputed
2023-10-09 00:00:00+00:00,1779.5405555555556,1779.5405555555556
2023-10-09 01:00:00+00:00,2352.4869444444444,2352.4869444444444
2023-10-09 02:00:00+00:00,25107.104722222222,25107.104722222222
2023-10-09 03:00:00+00:00,43612.63555555556,43612.63555555556
2023-10-09 04:00:00+00:00,119303.38722222224,43612.63555555556
2023-10-09 05:00:00+00:00,30985.56611111111,30985.56611111111
2023-10-09 06:00:00+00:00,34884.44888888889,34884.44888888889
2023-10-09 07:00:00+00:00,24453.14222222222,24453.14222222222
2023-10-09 08:00:00+00:00,47566.23361111112,47566.23361111112
2023-10-09 09:00:00+00:00,19403.9775,19403.9775
2023-10-09 10:00:00+00:00,23475.167777777777,23475.167777777777
2023-10-09 11:00:00+00:00,11609.677777777775,11609.677777777775
2023-10-09 12:00:00+00:00,43285.956666666665,43285.956666666665
2023-10-09 13:00:00+00:00,17411.7825,17411.7825
2023-10-09 14:00:00+00:00,18930.48277777778,18930.48277777778
2023-10-09 15:00:00+00:00,11276.614444444444,11276.614444444444
2023-10-09 16:00:00+00:00,28726.116666666665,28726.116666666665
2023-10-09 17:00:00+00:00,24817.5525,28726.116666666665
2023-10-09 18:00:00+00:00,27138.26861111111,27138.26861111111
2023-10-09 19:00:00+00:00,2596.6330555555555,2596.6330555555555
2023-10-09 20:00:00+00:00,11412.796388888888,11412.796388888888
2023-10-09 21:00:00+00:00,61985.77333333333,61985.77333333333
2023-10-09 22:00:00+00:00,450.44555555555553,450.44555555555553
2023-10-09 23:00:00+00:00,4056.725833333333,4056.725833333333
2023-10-10 00:00:00+00:00,2097.1183333333333,2097.1183333333333
2023-10-10 01:00:00+00:00,2745.9402777777777,2745.9402777777777
2023-10-10 02:00:00+00:00,2729.33,2729.33
2023-10-10 03:00:00+00:00,17277.655555555557,2729.33
2023-10-10 04:00:00+00:00,28948.781666666662,28948.781666666662
2023-10-10 05:00:00+00:00,12486.498055555556,12486.498055555556
2023-10-10 06:00:00+00:00,45877.02861111111,45877.02861111111
2023-10-10 07:00:00+00:00,14106.06,14106.06
2023-10-10 08:00:00+00:00,41287.37305555555,41287.37305555555
2023-10-10 09:00:00+00:00,41548.60833333333,41548.60833333333
2023-10-10 10:00:00+00:00,56777.74555555556,56777.74555555556
2023-10-10 11:00:00+00:00,36715.81972222222,36715.81972222222
2023-10-10 12:00:00+00:00,18330.985277777778,18330.985277777778
2023-10-10 13:00:00+00:00,8335.361666666666,8335.361666666666
2023-10-10 14:00:00+00:00,3653.701944444445,3653.701944444445
2023-10-10 15:00:00+00:00,71657.99833333334,71657.99833333334
2023-10-10 16:00:00+00:00,32753.292777777777,32753.292777777777
2023-10-10 17:00:00+00:00,21867.58055555556,21867.58055555556
2023-10-10 18:00:00+00:00,6337.554722222222,6337.554722222222
2023-10-10 19:00:00+00:00,1033.6441666666667,1033.6441666666667
2023-10-10 20:00:00+00:00,1499.2836111111112,1499.2836111111112
2023-10-10 21:00:00+00:00,752.1013888888889,752.1013888888889
2023-10-10 22:00:00+00:00,1476.334722222222,1476.334722222222
2023-10-10 23:00:00+00:00,3555.6477777777777,3555.6477777777777
2023-10-11 00:00:00+00:00,940.1741666666668,940.1741666666668
2023-10-11 01:00:00+00:00,842.9786111111111,842.9786111111111
2023-10-11 02:00:00+00:00,11429.239166666666,11429.239166666666
2023-10-11 03:00:00+00:00,32526.135,11429.239166666666
2023-10-11 04:00:00+00:00,112649.30083333331,112649.30083333331
2023-10-11 05:00:00+00:00,167402.19666666666,167402.19666666666
2023-10-11 06:00:00+00:00,15601.4575,15601.4575
2023-10-11 07:00:00+00:00,106609.89611111111,106609.89611111111
2023-10-11 08:00:00+00:00,12512.85527777778,12512.85527777778
2023-10-11 09:00:00+00:00,44308.04555555555,44308.04555555555
2023-10-11 10:00:00+00:00,25325.371944444443,25325.371944444443
2023-10-11 11:00:00+00:00,63141.051666666666,63141.051666666666
2023-10-11 12:00:00+00:00,73514.57555555555,73514.57555555555
2023-10-11 13:00:00+00:00,62514.30861111111,62514.30861111111
2023-10-11 14:00:00+00:00,7742.932222222223,7742.932222222223
2023-10-11 15:00:00+00:00,31619.71861111111,31619.71861111111
2023-10-11 16:00:00+00:00,7308.671944444444,7308.671944444444
2023-10-11 17:00:00+00:00,10335.93,10335.93
2023-10-11 18:00:00+00:00,7845.280555555555,7845.280555555555
2023-10-11 19:00:00+00:00,67318.06055555555,67318.06055555555
2023-10-11 20:00:00+00:00,1255.1983333333333,67318.06055555555
2023-10-11 21:00:00+00:00,1417.9658333333334,1417.9658333333334
2023-10-11 22:00:00+00:00,1620.7088888888889,1620.7088888888889
2023-10-11 23:00:00+00:00,5734.513611111112,5734.513611111112
2023-10-12 00:00:00+00:00,1194.9427777777778,1194.9427777777778
2023-10-12 01:00:00+00:00,1648.955,1648.955
2023-10-12 02:00:00+00:00,9757.934166666666,1648.955
2023-10-12 03:00:00+00:00,37834.84027777778,37834.84027777778
2023-10-12 04:00:00+00:00,22725.0175,22725.0175
2023-10-12 05:00:00+00:00,87546.39305555556,87546.39305555556
2023-10-12 06:00:00+00:00,15213.938055555556,15213.938055555556
2023-10-12 07:00:00+00:00,47718.27138888889,47718.27138888889
2023-10-12 08:00:00+00:00,16075.749444444444,16075.749444444444
2023-10-12 09:00:00+00:00,26885.71805555556,26885.71805555556
2023-10-12 10:00:00+00:00,10208.527222222225,10208.527222222225
2023-10-12 11:00:00+00:00,11828.391666666666,11828.391666666666
2023-10-12 12:00:00+00:00,9497.843888888889,11828.391666666666
2023-10-12 13:00:00+00:00,6225.718888888889,11828.391666666666
2023-10-12 14:00:00+00:00,19164.120277777776,19164.120277777776
2023-10-12 15:00:00+00:00,22915.227777777774,22915.227777777774
2023-10-12 16:00:00+00:00,9787.233888888888,9787.233888888888
2023-10-12 17:00:00+00:00,8230.752777777778,8230.752777777778
2023-10-12 18:00:00+00:00,4444.715833333334,4444.715833333334
2023-10-12 19:00:00+00:00,2424.8888888888887,2424.8888888888887
2023-10-12 20:00:00+00:00,1600.8141666666668,1600.8141666666668
2023-10-12 21:00:00+00:00,523.9466666666667,523.9466666666667
2023-10-12 22:00:00+00:00,528.78,528.78
2023-10-12 23:00:00+00:00,1605.2747222222222,1605.2747222222222
2023-10-13 00:00:00+00:00,1607.872777777778,1607.872777777778
2023-10-13 01:00:00+00:00,23152.859166666665,1607.872777777778
2023-10-13 02:00:00+00:00,3606.661111111111,3606.661111111111
2023-10-13 03:00:00+00:00,60368.21611111111,60368.21611111111
2023-10-13 04:00:00+00:00,92373.70694444444,92373.70694444444
2023-10-13 05:00:00+00:00,20472.881944444445,20472.881944444445
2023-10-13 06:00:00+00:00,23597.83916666667,23597.83916666667
2023-10-13 07:00:00+00:00,10250.898888888889,10250.898888888889
2023-10-13 08:00:00+00:00,17846.14611111111,17846.14611111111
2023-10-13 09:00:00+00:00,15876.413888888888,15876.413888888888
2023-10-13 10:00:00+00:00,34673.74,34673.74
2023-10-13 11:00:00+00:00,16308.665555555555,16308.665555555555
2023-10-13 12:00:00+00:00,6031.477777777778,16308.665555555555
2023-10-13 13:00:00+00:00,51630.051666666666,51630.051666666666
2023-10-13 14:00:00+00:00,11808.626944444444,11808.626944444444
2023-10-13 15:00:00+00:00,14481.350277777778,14481.350277777778
2023-10-13 16:00:00+00:00,4747.246666666667,4747.246666666667
2023-10-13 17:00:00+00:00,3185.239722222222,3185.239722222222
2023-10-13 18:00:00+00:00,3170.2697222222223,3170.2697222222223
2023-10-13 19:00:00+00:00,3344.1472222222224,3344.1472222222224
2023-10-13 20:00:00+00:00,690.1966666666667,690.1966666666667
2023-10-13 21:00:00+00:00,693.2861111111112,693.2861111111112
2023-10-13 22:00:00+00:00,2850.474722222222,2850.474722222222
2023-10-13 23:00:00+00:00,5342.352777777778,5342.352777777778
2023-10-14 00:00:00+00:00,1058.1077777777778,1058.1077777777778
2023-10-14 01:00:00+00:00,65654.12333333334,65654.12333333334
2023-10-14 02:00:00+00:00,21302.729166666668,65654.12333333334
2023-10-14 03:00:00+00:00,32585.56527777778,32585.56527777778
2023-10-14 04:00:00+00:00,4825.8425,32585.56527777778
2023-10-14 05:00:00+00:00,9903.04277777778,9903.04277777778
2023-10-14 06:00:00+00:00,23275.22027777778,23275.22027777778
2023-10-14 07:00:00+00:00,5891.176666666666,5891.176666666666
2023-10-14 08:00:00+00:00,55156.563888888886,55156.563888888886
2023-10-14 09:00:00+00:00,97712.6386111111,97712.6386111111
2023-10-14 10:00:00+00:00,126831.83888888887,126831.83888888887
2023-10-14 11:00:00+00:00,20900.418055555558,20900.418055555558
2023-10-14 12:00:00+00:00,27940.8275,27940.8275
2023-10-14 13:00:00+00:00,4825.217222222223,4825.217222222223
2023-10-14 14:00:00+00:00,2579.0669444444443,2579.0669444444443
2023-10-14 15:00:00+00:00,14799.578055555556,2579.0669444444443
2023-10-14 16:00:00+00:00,2500.2747222222224,2500.2747222222224
2023-10-14 17:00:00+00:00,5424.366388888889,5424.366388888889
2023-10-14 18:00:00+00:00,4456.687222222222,4456.687222222222
2023-10-14 19:00:00+00:00,10964.636111111113,4456.687222222222
2023-10-14 20:00:00+00:00,1030.6680555555556,1030.6680555555556
2023-10-14 21:00:00+00:00,797.9908333333333,797.9908333333333
2023-10-14 22:00:00+00:00,1415.4916666666666,1415.4916666666666
2023-10-14 23:00:00+00:00,10294.999166666666,10294.999166666666
2023-10-15 00:00:00+00:00,495.5997222222222,495.5997222222222
2023-10-15 01:00:00+00:00,4765.36,4765.36
2023-10-15 02:00:00+00:00,1345.2530555555556,1345.2530555555556
2023-10-15 03:00:00+00:00,1783.6252777777777,1783.6252777777777
2023-10-15 04:00:00+00:00,2242.7466666666664,2242.7466666666664
2023-10-15 05:00:00+00:00,10233.728888888889,2242.7466666666664
2023-10-15 06:00:00+00:00,9883.7825,9883.7825
2023-10-15 07:00:00+00:00,11078.801666666666,11078.801666666666
2023-10-15 08:00:00+00:00,7269.361111111111,7269.361111111111
2023-10-15 09:00:00+00:00,6219.109444444444,6219.109444444444
2023-10-15 10:00:00+00:00,38938.64333333333,38938.64333333333
2023-10-15 11:00:00+00:00,260390.9358333333,260390.9358333333
2023-10-15 12:00:00+00:00,23262.573888888888,23262.573888888888
2023-10-15 13:00:00+00:00,24480.26,24480.26
2023-10-15 14:00:00+00:00,12167.665833333333,12167.665833333333
2023-10-15 15:00:00+00:00,20614.10055555556,20614.10055555556
2023-10-15 16:00:00+00:00,7427.2175,7427.2175
2023-10-15 17:00:00+00:00,13660.198611111113,13660.198611111113
2023-10-15 18:00:00+00:00,5488.984444444444,5488.984444444444
2023-10-15 19:00:00+00:00,5381.244166666666,5488.984444444444
2023-10-15 20:00:00+00:00,11377.605,11377.605
2023-10-15 21:00:00+00:00,2378.0172222222222,2378.0172222222222
2023-10-15 22:00:00+00:00,730.4941666666666,730.4941666666666
2023-10-15 23:00:00+00:00,1044.6591666666666,1044.6591666666666
2023-10-16 00:00:00+00:00,913.3272222222222,913.3272222222222
2023-10-16 01:00:00+00:00,30207.51722222222,30207.51722222222
2023-10-16 02:00:00+00:00,39341.910833333335,39341.910833333335
2023-10-16 03:00:00+00:00,22630.53805555556,22630.53805555556
2023-10-16 04:00:00+00:00,35217.395,35217.395
2023-10-16 05:00:00+00:00,10534.673611111111,10534.673611111111
2023-10-16 06:00:00+00:00,17781.840555555555,17781.840555555555
2023-10-16 07:00:00+00:00,21065.2325,17781.840555555555
2023-10-16 08:00:00+00:00,15476.664166666667,15476.664166666667
2023-10-16 09:00:00+00:00,21570.035,21570.035
2023-10-16 10:00:00+00:00,40480.5825,40480.5825
2023-10-16 11:00:00+00:00,22939.632777777777,22939.632777777777
2023-10-16 12:00:00+00:00,7871.192222222222,7871.192222222222
2023-10-16 13:00:00+00:00,16414.944722222222,16414.944722222222
2023-10-16 14:00:00+00:00,33548.81694444444,33548.81694444444
2023-10-16 15:00:00+00:00,7991.918611111111,7991.918611111111
2023-10-16 16:00:00+00:00,11429.29388888889,11429.29388888889
2023-10-16 17:00:00+00:00,7397.371388888889,7397.371388888889
2023-10-16 18:00:00+00:00,27828.138055555555,27828.138055555555
2023-10-16 19:00:00+00:00,63341.18166666666,27828.138055555555
2023-10-16 20:00:00+00:00,18271.039722222224,18271.039722222224
2023-10-16 21:00:00+00:00,4123.669722222222,4123.669722222222
2023-10-16 22:00:00+00:00,925.0147222222222,925.0147222222222
2023-10-16 23:00:00+00:00,1554.9675,1554.9675
2023-10-17 00:00:00+00:00,542.9202777777778,542.9202777777778
2023-10-17 01:00:00+00:00,864.6033333333334,864.6033333333334
2023-10-17 02:00:00+00:00,12248.191111111111,12248.191111111111
2023-10-17 03:00:00+00:00,12073.721111111112,12073.721111111112
2023-10-17 04:00:00+00:00,30698.73972222222,30698.73972222222
2023-10-17 05:00:00+00:00,43179.385,43179.385
2023-10-17 06:00:00+00:00,42438.723333333335,42438.723333333335
2023-10-17 07:00:00+00:00,9277.031388888889,9277.031388888889
2023-10-17 08:00:00+00:00,37291.98805555556,37291.98805555556
2023-10-17 09:00:00+00:00,44109.72472222222,44109.72472222222
2023-10-17 10:00:00+00:00,14151.625555555556,14151.625555555556
2023-10-17 11:00:00+00:00,15203.938333333334,15203.938333333334
2023-10-17 12:00:00+00:00,15480.412777777778,15203.938333333334
2023-10-17 13:00:00+00:00,6327.098055555555,6327.098055555555
2023-10-17 14:00:00+00:00,13172.843333333334,13172.843333333334
2023-10-17 15:00:00+00:00,39290.09916666667,39290.09916666667
2023-10-17 16:00:00+00:00,9393.622222222222,9393.622222222222
2023-10-17 17:00:00+00:00,4134.741111111111,4134.741111111111
2023-10-17 18:00:00+00:00,3524.432222222222,3524.432222222222
2023-10-17 19:00:00+00:00,325734.0833333333,325734.0833333333
2023-10-17 20:00:00+00:00,1222.3897222222222,1222.3897222222222
2023-10-17 21:00:00+00:00,981.8202777777776,981.8202777777776
2023-10-17 22:00:00+00:00,564.1694444444445,564.1694444444445
2023-10-17 23:00:00+00:00,15534.635833333334,15534.635833333334
2023-10-18 00:00:00+00:00,1393.8083333333334,1393.8083333333334
2023-10-18 01:00:00+00:00,1533.8927777777778,1533.8927777777778
2023-10-18 02:00:00+00:00,2931.365555555556,2931.365555555556
2023-10-18 03:00:00+00:00,14016.866666666669,14016.866666666669
2023-10-18 04:00:00+00:00,37322.09694444444,37322.09694444444
2023-10-18 05:00:00+00:00,8829.013611111111,8829.013611111111
2023-10-18 06:00:00+00:00,44712.64555555556,44712.64555555556
2023-10-18 07:00:00+00:00,13853.8475,13853.8475
2023-10-18 08:00:00+00:00,23140.66277777778,23140.66277777778
2023-10-18 09:00:00+00:00,26387.80361111111,26387.80361111111
2023-10-18 10:00:00+00:00,12690.376666666669,26387.80361111111
2023-10-18 11:00:00+00:00,8015.735555555556,8015.735555555556
2023-10-18 12:00:00+00:00,3816.442777777778,3816.442777777778
2023-10-18 13:00:00+00:00,6899.195555555556,6899.195555555556
2023-10-18 14:00:00+00:00,7996.033611111111,7996.033611111111
2023-10-18 15:00:00+00:00,2715.5016666666666,2715.5016666666666
2023-10-18 16:00:00+00:00,3605.679444444445,3605.679444444445
2023-10-18 17:00:00+00:00,6593.376111111111,6593.376111111111
2023-10-18 18:00:00+00:00,23456.20083333333,23456.20083333333
2023-10-18 19:00:00+00:00,44705.54361111111,44705.54361111111
2023-10-18 20:00:00+00:00,66281.83472222222,66281.83472222222
2023-10-18 21:00:00+00:00,462.19055555555553,462.19055555555553
2023-10-18 22:00:00+00:00,252.9405555555556,462.19055555555553
2023-10-18 23:00:00+00:00,450.9525,450.9525
2023-10-19 00:00:00+00:00,1742.8719444444444,1742.8719444444444
2023-10-19 01:00:00+00:00,2255.0627777777777,2255.0627777777777
2023-10-19 02:00:00+00:00,18140.23083333333,18140.23083333333
2023-10-19 03:00:00+00:00,7406.367222222222,7406.367222222222
2023-10-19 04:00:00+00:00,10579.532777777778,10579.532777777778
2023-10-19 05:00:00+00:00,13327.006111111112,13327.006111111112
2023-10-19 06:00:00+00:00,4811.273611111111,4811.273611111111
2023-10-19 07:00:00+00:00,28105.71305555556,28105.71305555556
2023-10-19 08:00:00+00:00,30324.573888888888,30324.573888888888
2023-10-19 09:00:00+00:00,7243.634444444445,7243.634444444445
2023-10-19 10:00:00+00:00,11868.35527777778,11868.35527777778
2023-10-19 11:00:00+00:00,73865.68083333333,73865.68083333333
2023-10-19 12:00:00+00:00,101084.18111111112,101084.18111111112
2023-10-19 13:00:00+00:00,3847.2672222222222,3847.2672222222222
2023-10-19 14:00:00+00:00,33490.48138888889,33490.48138888889
2023-10-19 15:00:00+00:00,19638.809166666662,19638.809166666662
2023-10-19 16:00:00+00:00,23636.65388888889,23636.65388888889
2023-10-19 17:00:00+00:00,7607.406111111111,7607.406111111111
2023-10-19 18:00:00+00:00,3493.9177777777777,7607.406111111111
2023-10-19 19:00:00+00:00,2272.114722222222,2272.114722222222
2023-10-19 20:00:00+00:00,6715.451111111112,6715.451111111112
2023-10-19 21:00:00+00:00,969.1308333333334,969.1308333333334
2023-10-19 22:00:00+00:00,560.4613888888889,560.4613888888889
2023-10-19 23:00:00+00:00,723.74,723.74
2023-10-20 00:00:00+00:00,2270.3244444444445,2270.3244444444445
2023-10-20 01:00:00+00:00,1459.4002777777778,1459.4002777777778
2023-10-20 02:00:00+00:00,3255.0061111111117,3255.0061111111117
2023-10-20 03:00:00+00:00,18301.036111111112,18301.036111111112
2023-10-20 04:00:00+00:00,124893.05416666668,124893.05416666668
2023-10-20 05:00:00+00:00,62128.03083333333,124893.05416666668
2023-10-20 06:00:00+00:00,7710.941666666667,124893.05416666668
2023-10-20 07:00:00+00:00,7819.790833333333,7819.790833333333
2023-10-20 08:00:00+00:00,13556.840277777776,7819.790833333333
2023-10-20 09:00:00+00:00,66956.04,66956.04
2023-10-20 10:00:00+00:00,8063.473611111111,8063.473611111111
2023-10-20 11:00:00+00:00,7316.887222222223,7316.887222222223
2023-10-20 12:00:00+00:00,6563.7175,6563.7175
2023-10-20 13:00:00+00:00,3918.8586111111113,3918.8586111111113
2023-10-20 14:00:00+00:00,3720.004444444444,3720.004444444444
2023-10-20 15:00:00+00:00,8602.360833333334,8602.360833333334
2023-10-20 16:00:00+00:00,3950.945277777778,8602.360833333334
2023-10-20 17:00:00+00:00,3077.950555555556,3077.950555555556
2023-10-20 18:00:00+00:00,28920.873888888887,28920.873888888887
2023-10-20 19:00:00+00:00,3745.491388888889,3745.491388888889
2023-10-20 20:00:00+00:00,589.7547222222222,589.7547222222222
2023-10-20 21:00:00+00:00,505.6166666666667,505.6166666666667
2023-10-20 22:00:00+00:00,4339.509166666667,505.6166666666667
2023-10-20 23:00:00+00:00,346.3538888888889,346.3538888888889
2023-10-21 00:00:00+00:00,12064.129166666668,12064.129166666668
2023-10-21 01:00:00+00:00,1374.445,1374.445
2023-10-21 02:00:00+00:00,25538.36138888889,25538.36138888889
2023-10-21 03:00:00+00:00,12016.78388888889,25538.36138888889
2023-10-21 04:00:00+00:00,44050.235,44050.235
2023-10-21 05:00:00+00:00,26122.96138888889,44050.235
2023-10-21 06:00:00+00:00,12459.87361111111,12459.87361111111
2023-10-21 07:00:00+00:00,8548.028888888888,8548.028888888888
2023-10-21 08:00:00+00:00,21642.056944444445,21642.056944444445
2023-10-21 09:00:00+00:00,10734.636666666667,10734.636666666667
2023-10-21 10:00:00+00:00,2195.2816666666668,2195.2816666666668
2023-10-21 11:00:00+00:00,2762.375555555556,2762.375555555556
2023-10-21 12:00:00+00:00,4215.240277777778,4215.240277777778
2023-10-21 13:00:00+00:00,2818.924722222222,2818.924722222222
2023-10-21 14:00:00+00:00,50047.59722222222,50047.59722222222
2023-10-21 15:00:00+00:00,14608.297777777778,14608.297777777778
2023-10-21 16:00:00+00:00,65830.6288888889,65830.6288888889
2023-10-21 17:00:00+00:00,6977.5775,6977.5775
2023-10-21 18:00:00+00:00,1773.2655555555557,1773.2655555555557
2023-10-21 19:00:00+00:00,1410.19,1410.19
2023-10-21 20:00:00+00:00,34296.19138888889,34296.19138888889
2023-10-21 21:00:00+00:00,1621.1691666666666,1621.1691666666666
2023-10-21 22:00:00+00:00,1092.2875,1092.2875
2023-10-21 23:00:00+00:00,1163.595,1163.595
2023-10-22 00:00:00+00:00,4771.405555555555,4771.405555555555
2023-10-22 01:00:00+00:00,3449.570277777778,3449.570277777778
2023-10-22 02:00:00+00:00,1532.1447222222223,1532.1447222222223
2023-10-22 03:00:00+00:00,51762.27055555556,51762.27055555556
2023-10-22 04:00:00+00:00,4216.170833333334,4216.170833333334
2023-10-22 05:00:00+00:00,3449.246111111111,3449.246111111111
2023-10-22 06:00:00+00:00,10051.465833333334,10051.465833333334
2023-10-22 07:00:00+00:00,6888.225277777778,6888.225277777778
2023-10-22 08:00:00+00:00,3355.472777777778,3355.472777777778
2023-10-22 09:00:00+00:00,6170.560555555556,6170.560555555556
2023-10-22 10:00:00+00:00,12847.101666666667,12847.101666666667
2023-10-22 11:00:00+00:00,7868.356388888889,7868.356388888889
2023-10-22 12:00:00+00:00,230604.77416666667,230604.77416666667
2023-10-22 13:00:00+00:00,36325.91583333333,36325.91583333333
2023-10-22 14:00:00+00:00,6566.108888888889,6566.108888888889
2023-10-22 15:00:00+00:00,5639.516111111111,5639.516111111111
2023-10-22 16:00:00+00:00,170409.94944444444,170409.94944444444
2023-10-22 17:00:00+00:00,7100.566111111111,7100.566111111111
2023-10-22 18:00:00+00:00,5336.371111111112,5336.371111111112
2023-10-22 19:00:00+00:00,233945.57194444444,233945.57194444444
2023-10-22 20:00:00+00:00,1224.9258333333332,1224.9258333333332
2023-10-22 21:00:00+00:00,3179.9144444444446,3179.9144444444446
2023-10-22 22:00:00+00:00,467.90833333333336,467.90833333333336
2023-10-22 23:00:00+00:00,1152.9166666666667,1152.9166666666667
2023-10-23 00:00:00+00:00,1710.953888888889,1152.9166666666667
2023-10-23 01:00:00+00:00,19898.906666666662,19898.906666666662
2023-10-23 02:00:00+00:00,14743.023611111112,19898.906666666662
2023-10-23 03:00:00+00:00,95000.2725,95000.2725
2023-10-23 04:00:00+00:00,10792.111111111111,10792.111111111111
2023-10-23 05:00:00+00:00,25267.41833333333,25267.41833333333
2023-10-23 06:00:00+00:00,13385.658333333333,13385.658333333333
2023-10-23 07:00:00+00:00,41379.44083333333,41379.44083333333
2023-10-23 08:00:00+00:00,6461.845555555556,6461.845555555556
2023-10-23 09:00:00+00:00,69253.43444444444,69253.43444444444
2023-10-23 10:00:00+00:00,24490.798055555555,24490.798055555555
2023-10-23 11:00:00+00:00,11879.670277777775,11879.670277777775
2023-10-23 12:00:00+00:00,9753.811666666666,9753.811666666666
2023-10-23 13:00:00+00:00,5693.439166666667,9753.811666666666
2023-10-23 14:00:00+00:00,19985.88861111111,19985.88861111111
2023-10-23 15:00:00+00:00,4449.308055555555,4449.308055555555
2023-10-23 16:00:00+00:00,6095.7775,6095.7775
2023-10-23 17:00:00+00:00,19087.33333333333,19087.33333333333
2023-10-23 18:00:00+00:00,4874.243055555556,4874.243055555556
2023-10-23 19:00:00+00:00,47332.01805555556,47332.01805555556
2023-10-23 20:00:00+00:00,1474.966111111111,1474.966111111111
2023-10-23 21:00:00+00:00,2820.826666666667,2820.826666666667
2023-10-23 22:00:00+00:00,921.2511111111112,921.2511111111112
2023-10-23 23:00:00+00:00,1585.3558333333333,1585.3558333333333
2023-10-24 00:00:00+00:00,1113.3397222222222,1113.3397222222222
2023-10-24 01:00:00+00:00,4386.596388888889,4386.596388888889
2023-10-24 02:00:00+00:00,21501.89861111111,21501.89861111111
2023-10-24 03:00:00+00:00,26804.27138888889,21501.89861111111
2023-10-24 04:00:00+00:00,21971.39138888889,21971.39138888889
2023-10-24 05:00:00+00:00,37908.25388888889,37908.25388888889
2023-10-24 06:00:00+00:00,16010.649722222222,16010.649722222222
2023-10-24 07:00:00+00:00,63254.1825,63254.1825
2023-10-24 08:00:00+00:00,40309.11666666667,40309.11666666667
2023-10-24 09:00:00+00:00,26711.900833333333,26711.900833333333
2023-10-24 10:00:00+00:00,19943.80722222222,19943.80722222222
2023-10-24 11:00:00+00:00,28955.92055555556,28955.92055555556
2023-10-24 12:00:00+00:00,12285.020277777778,12285.020277777778
2023-10-24 13:00:00+00:00,6166.651944444445,6166.651944444445
2023-10-24 14:00:00+00:00,9756.160277777775,9756.160277777775
2023-10-24 15:00:00+00:00,11125.184166666666,11125.184166666666
2023-10-24 16:00:00+00:00,12129.513611111111,12129.513611111111
2023-10-24 17:00:00+00:00,3441.0391666666665,3441.0391666666665
2023-10-24 18:00:00+00:00,12953.96361111111,12953.96361111111
2023-10-24 19:00:00+00:00,10626.381111111112,10626.381111111112
2023-10-24 20:00:00+00:00,2877.810555555556,2877.810555555556
2023-10-24 21:00:00+00:00,1134.3580555555557,1134.3580555555557
2023-10-24 22:00:00+00:00,838.0794444444444,838.0794444444444
2023-10-24 23:00:00+00:00,836.3233333333334,836.3233333333334
2023-10-25 00:00:00+00:00,722.365,722.365
2023-10-25 01:00:00+00:00,17707.414166666666,17707.414166666666
2023-10-25 02:00:00+00:00,6961.3358333333335,6961.3358333333335
2023-10-25 03:00:00+00:00,11496.61638888889,11496.61638888889
2023-10-25 04:00:00+00:00,60086.83416666667,60086.83416666667
2023-10-25 05:00:00+00:00,20177.95861111111,20177.95861111111
2023-10-25 06:00:00+00:00,9474.051666666666,9474.051666666666
2023-10-25 07:00:00+00:00,37021.96194444445,37021.96194444445
2023-10-25 08:00:00+00:00,12330.995,12330.995
2023-10-25 09:00:00+00:00,83858.21166666667,83858.21166666667
2023-10-25 10:00:00+00:00,68403.20194444444,83858.21166666667
2023-10-25 11:00:00+00:00,61025.17416666666,61025.17416666666
2023-10-25 12:00:00+00:00,31611.04555555556,31611.04555555556
2023-10-25 13:00:00+00:00,26236.04138888889,26236.04138888889
2023-10-25 14:00:00+00:00,4353.519722222222,4353.519722222222
2023-10-25 15:00:00+00:00,4373.469444444445,4373.469444444445
2023-10-25 16:00:00+00:00,4706.0775,4706.0775
2023-10-25 17:00:00+00:00,11742.053055555556,11742.053055555556
2023-10-25 18:00:00+00:00,4162.098333333333,4162.098333333333
2023-10-25 19:00:00+00:00,3983.748333333333,3983.748333333333
2023-10-25 20:00:00+00:00,6030.0408333333335,6030.0408333333335
2023-10-25 21:00:00+00:00,1097.8736111111111,1097.8736111111111
2023-10-25 22:00:00+00:00,874.5586111111111,874.5586111111111
2023-10-25 23:00:00+00:00,1251.361388888889,1251.361388888889
2023-10-26 00:00:00+00:00,2528.5647222222224,2528.5647222222224
2023-10-26 01:00:00+00:00,7128.659722222223,7128.659722222223
2023-10-26 02:00:00+00:00,12144.650833333331,12144.650833333331
2023-10-26 03:00:00+00:00,5784.4075,5784.4075
2023-10-26 04:00:00+00:00,71810.73583333334,5784.4075
2023-10-26 05:00:00+00:00,23701.193333333333,23701.193333333333
2023-10-26 06:00:00+00:00,38169.86972222223,23701.193333333333
2023-10-26 07:00:00+00:00,15711.201388888889,15711.201388888889
2023-10-26 08:00:00+00:00,20863.649166666662,20863.649166666662
2023-10-26 09:00:00+00:00,49807.91666666666,49807.91666666666
2023-10-26 10:00:00+00:00,123820.97861111112,123820.97861111112
2023-10-26 11:00:00+00:00,7814.151111111111,7814.151111111111
2023-10-26 12:00:00+00:00,7484.051111111111,7484.051111111111
2023-10-26 13:00:00+00:00,4237.800833333334,7484.051111111111
2023-10-26 14:00:00+00:00,9964.011944444444,7484.051111111111
2023-10-26 15:00:00+00:00,7795.489722222223,7484.051111111111
2023-10-26 16:00:00+00:00,4293.858888888889,4293.858888888889
2023-10-26 17:00:00+00:00,6098.244722222223,6098.244722222223
2023-10-26 18:00:00+00:00,7431.593611111111,7431.593611111111
2023-10-26 19:00:00+00:00,3295.5625,3295.5625
2023-10-26 20:00:00+00:00,6913.043888888889,3295.5625
2023-10-26 21:00:00+00:00,3166.081388888889,3166.081388888889
2023-10-26 22:00:00+00:00,868.9013888888888,868.9013888888888
2023-10-26 23:00:00+00:00,1531.2613888888889,1531.2613888888889
2023-10-27 00:00:00+00:00,1570.5436111111112,1570.5436111111112
2023-10-27 01:00:00+00:00,2478.0994444444445,2478.0994444444445
2023-10-27 02:00:00+00:00,3989.2269444444446,2478.0994444444445
2023-10-27 03:00:00+00:00,18799.040555555555,18799.040555555555
2023-10-27 04:00:00+00:00,21333.36527777778,21333.36527777778
2023-10-27 05:00:00+00:00,31387.83916666667,31387.83916666667
2023-10-27 06:00:00+00:00,76173.87138888889,76173.87138888889
2023-10-27 07:00:00+00:00,59963.73,59963.73
2023-10-27 08:00:00+00:00,19965.241388888888,19965.241388888888
2023-10-27 09:00:00+00:00,13618.640833333331,13618.640833333331
2023-10-27 10:00:00+00:00,9150.915277777778,9150.915277777778
2023-10-27 11:00:00+00:00,4656.104722222222,4656.104722222222
2023-10-27 12:00:00+00:00,5826.798611111111,5826.798611111111
2023-10-27 13:00:00+00:00,6739.7475,6739.7475
2023-10-27 14:00:00+00:00,2718.853611111111,2718.853611111111
2023-10-27 15:00:00+00:00,5410.6016666666665,5410.6016666666665
2023-10-27 16:00:00+00:00,5728.326111111112,5410.6016666666665
2023-10-27 17:00:00+00:00,3714.273888888889,3714.273888888889
2023-10-27 18:00:00+00:00,3010.020555555556,3714.273888888889
2023-10-27 19:00:00+00:00,21258.980277777777,21258.980277777777
2023-10-27 20:00:00+00:00,2501.9141666666665,2501.9141666666665
2023-10-27 21:00:00+00:00,1301.5808333333334,1301.5808333333334
2023-10-27 22:00:00+00:00,428.3858333333333,1301.5808333333334
2023-10-27 23:00:00+00:00,596.8616666666667,596.8616666666667
2023-10-28 00:00:00+00:00,5461.4927777777775,5461.4927777777775
2023-10-28 01:00:00+00:00,1263.8791666666666,1263.8791666666666
2023-10-28 02:00:00+00:00,823.945,823.945
2023-10-28 03:00:00+00:00,2657.051388888889,2657.051388888889
2023-10-28 04:00:00+00:00,1920.1891666666668,1920.1891666666668
2023-10-28 05:00:00+00:00,17977.98277777778,17977.98277777778
2023-10-28 06:00:00+00:00,9850.295555555556,9850.295555555556
2023-10-28 07:00:00+00:00,21298.12222222222,21298.12222222222
2023-10-28 08:00:00+00:00,19151.159722222223,19151.159722222223
2023-10-28 09:00:00+00:00,21163.430555555555,21163.430555555555
2023-10-28 10:00:00+00:00,2824.1116666666667,2824.1116666666667
2023-10-28 11:00:00+00:00,5600.184444444444,5600.184444444444
2023-10-28 12:00:00+00:00,4215.021111111111,4215.021111111111
2023-10-28 13:00:00+00:00,3736.849444444445,3736.849444444445
2023-10-28 14:00:00+00:00,12458.7825,12458.7825
2023-10-28 15:00:00+00:00,12381.309444444443,12381.309444444443
2023-10-28 16:00:00+00:00,3631.88,3631.88
2023-10-28 17:00:00+00:00,2657.5319444444444,2657.5319444444444
2023-10-28 18:00:00+00:00,3683.945833333333,3683.945833333333
2023-10-28 19:00:00+00:00,5208.943611111111,5208.943611111111
2023-10-28 20:00:00+00:00,2359.8161111111112,2359.8161111111112
2023-10-28 21:00:00+00:00,1890.574722222222,1890.574722222222
2023-10-28 22:00:00+00:00,10544.2625,10544.2625
2023-10-28 23:00:00+00:00,2071.181666666667,2071.181666666667
2023-10-29 01:00:00+00:00,997.1216666666668,997.1216666666668
2023-10-29 02:00:00+00:00,1692.3922222222222,1692.3922222222222
2023-10-29 03:00:00+00:00,7680.301666666666,7680.301666666666
2023-10-29 04:00:00+00:00,2924.3288888888887,2924.3288888888887
2023-10-29 05:00:00+00:00,9277.913055555557,2924.3288888888887
2023-10-29 06:00:00+00:00,7242.395,7242.395
2023-10-29 07:00:00+00:00,4204.640277777778,4204.640277777778
2023-10-29 08:00:00+00:00,5627.446944444445,5627.446944444445
2023-10-29 09:00:00+00:00,21945.335,21945.335
2023-10-29 10:00:00+00:00,26219.34,26219.34
2023-10-29 11:00:00+00:00,7365.0475,7365.0475
2023-10-29 12:00:00+00:00,29577.446111111112,29577.446111111112
2023-10-29 13:00:00+00:00,10142.93638888889,10142.93638888889
2023-10-29 14:00:00+00:00,20413.53055555556,20413.53055555556
2023-10-29 15:00:00+00:00,32957.764444444445,32957.764444444445
2023-10-29 16:00:00+00:00,4930.005555555556,4930.005555555556
2023-10-29 17:00:00+00:00,8867.3575,8867.3575
2023-10-29 18:00:00+00:00,7845.141666666666,7845.141666666666
2023-10-29 19:00:00+00:00,5197.722777777778,5197.722777777778
2023-10-29 20:00:00+00:00,4306.1175,4306.1175
2023-10-29 21:00:00+00:00,36525.97583333333,36525.97583333333
2023-10-29 22:00:00+00:00,2925.4375,2925.4375
2023-10-29 23:00:00+00:00,1478.762222222222,1478.762222222222
2023-10-30 00:00:00+00:00,2189.776666666666,2189.776666666666
2023-10-30 01:00:00+00:00,1901.1958333333332,1901.1958333333332
2023-10-30 02:00:00+00:00,3763.0452777777778,3763.0452777777778
2023-10-30 03:00:00+00:00,3944.174444444445,3944.174444444445
2023-10-30 04:00:00+00:00,13765.04611111111,13765.04611111111
2023-10-30 05:00:00+00:00,135015.72944444444,135015.72944444444
2023-10-30 06:00:00+00:00,141649.51555555555,141649.51555555555
2023-10-30 07:00:00+00:00,146409.0363888889,141649.51555555555
2023-10-30 08:00:00+00:00,175378.78,175378.78
2023-10-30 09:00:00+00:00,48029.91222222222,175378.78
2023-10-30 10:00:00+00:00,35843.945,35843.945
2023-10-30 11:00:00+00:00,83697.47305555556,83697.47305555556
2023-10-30 12:00:00+00:00,21747.31055555556,21747.31055555556
2023-10-30 13:00:00+00:00,28099.428888888888,28099.428888888888
2023-10-30 14:00:00+00:00,33417.005833333336,33417.005833333336
2023-10-30 15:00:00+00:00,15378.448888888888,33417.005833333336
2023-10-30 16:00:00+00:00,29309.78833333333,29309.78833333333
2023-10-30 17:00:00+00:00,8308.945833333333,8308.945833333333
2023-10-30 18:00:00+00:00,11623.599444444444,11623.599444444444
2023-10-30 19:00:00+00:00,19542.989166666663,19542.989166666663
2023-10-30 20:00:00+00:00,6563.096388888889,6563.096388888889
2023-10-30 21:00:00+00:00,3679.2675,3679.2675
2023-10-30 22:00:00+00:00,6573.038055555556,6573.038055555556
2023-10-30 23:00:00+00:00,2717.3722222222223,2717.3722222222223
2023-10-31 00:00:00+00:00,2482.438055555556,2482.438055555556
2023-10-31 01:00:00+00:00,2466.4622222222224,2466.4622222222224
2023-10-31 02:00:00+00:00,2571.2238888888887,2571.2238888888887
2023-10-31 03:00:00+00:00,5951.190277777778,5951.190277777778
2023-10-31 04:00:00+00:00,78028.565,78028.565
2023-10-31 05:00:00+00:00,76464.90055555555,76464.90055555555
2023-10-31 06:00:00+00:00,87455.79444444444,87455.79444444444
2023-10-31 07:00:00+00:00,99642.40138888887,87455.79444444444
2023-10-31 08:00:00+00:00,27670.735555555555,27670.735555555555
2023-10-31 09:00:00+00:00,22655.8225,22655.8225
2023-10-31 10:00:00+00:00,34246.786944444444,34246.786944444444
2023-10-31 11:00:00+00:00,39520.95361111111,39520.95361111111
2023-10-31 12:00:00+00:00,37033.14472222222,37033.14472222222
2023-10-31 13:00:00+00:00,27028.180277777778,27028.180277777778
2023-10-31 14:00:00+00:00,34458.44666666666,34458.44666666666
2023-10-31 15:00:00+00:00,14398.586111111112,14398.586111111112
2023-10-31 16:00:00+00:00,14328.605833333331,14328.605833333331
2023-10-31 17:00:00+00:00,84252.25888888889,84252.25888888889
2023-10-31 18:00:00+00:00,26672.9075,26672.9075
2023-10-31 19:00:00+00:00,119862.90305555557,119862.90305555557
2023-10-31 20:00:00+00:00,49798.46388888889,119862.90305555557
2023-10-31 21:00:00+00:00,22725.137222222223,22725.137222222223
2023-10-31 22:00:00+00:00,89457.40166666667,89457.40166666667
2023-10-31 23:00:00+00:00,27735.838888888888,27735.838888888888
2023-11-01 00:00:00+00:00,4036.2708333333335,4036.2708333333335
2023-11-01 01:00:00+00:00,4467.786666666667,4467.786666666667
2023-11-01 02:00:00+00:00,5561.04,5561.04
2023-11-01 03:00:00+00:00,5796.200833333333,5561.04
2023-11-01 04:00:00+00:00,35271.80416666667,35271.80416666667
2023-11-01 05:00:00+00:00,38890.30527777778,38890.30527777778
2023-11-01 06:00:00+00:00,63605.17833333334,63605.17833333334
2023-11-01 07:00:00+00:00,106245.5963888889,106245.5963888889
2023-11-01 08:00:00+00:00,134673.67166666666,134673.67166666666
2023-11-01 09:00:00+00:00,15541.954444444444,134673.67166666666
2023-11-01 10:00:00+00:00,50250.15277777778,50250.15277777778
2023-11-01 11:00:00+00:00,61119.82027777778,61119.82027777778
2023-11-01 12:00:00+00:00,13530.09972222222,13530.09972222222
2023-11-01 13:00:00+00:00,80805.24111111111,80805.24111111111
2023-11-01 14:00:00+00:00,20327.856944444444,20327.856944444444
2023-11-01 15:00:00+00:00,20485.01777777778,20485.01777777778
2023-11-01 16:00:00+00:00,6887.174444444445,20485.01777777778
2023-11-01 17:00:00+00:00,14897.46361111111,14897.46361111111
2023-11-01 18:00:00+00:00,5556.690277777778,5556.690277777778
2023-11-01 19:00:00+00:00,7777.399166666667,7777.399166666667
2023-11-01 20:00:00+00:00,3679.2791666666662,3679.2791666666662
2023-11-01 21:00:00+00:00,9237.212222222222,9237.212222222222
2023-11-01 22:00:00+00:00,2026.403611111111,2026.403611111111
2023-11-01 23:00:00+00:00,3598.287222222222,3598.287222222222
2023-11-02 00:00:00+00:00,1100.1875,1100.1875
2023-11-02 01:00:00+00:00,1445.0447222222222,1445.0447222222222
2023-11-02 02:00:00+00:00,4941.218333333333,4941.218333333333
2023-11-02 03:00:00+00:00,5560.963333333333,5560.963333333333
2023-11-02 04:00:00+00:00,21638.67583333333,21638.67583333333
2023-11-02 05:00:00+00:00,11327.168055555556,11327.168055555556
2023-11-02 06:00:00+00:00,162519.37805555554,162519.37805555554
2023-11-02 07:00:00+00:00,22703.544444444444,22703.544444444444
2023-11-02 08:00:00+00:00,12540.567222222222,12540.567222222222
2023-11-02 09:00:00+00:00,22535.279444444444,22535.279444444444
2023-11-02 10:00:00+00:00,8172.6547222222225,8172.6547222222225
2023-11-02 11:00:00+00:00,29049.698888888888,29049.698888888888
2023-11-02 12:00:00+00:00,41733.6875,41733.6875
2023-11-02 13:00:00+00:00,25810.779444444444,25810.779444444444
2023-11-02 14:00:00+00:00,22279.84555555556,25810.779444444444
2023-11-02 15:00:00+00:00,10183.716944444444,10183.716944444444
2023-11-02 16:00:00+00:00,12054.599444444444,12054.599444444444
2023-11-02 17:00:00+00:00,36316.029444444444,36316.029444444444
2023-11-02 18:00:00+00:00,10467.269166666669,10467.269166666669
2023-11-02 19:00:00+00:00,8820.81361111111,10467.269166666669
2023-11-02 20:00:00+00:00,9490.378055555557,9490.378055555557
2023-11-02 21:00:00+00:00,7399.428888888889,7399.428888888889
2023-11-02 22:00:00+00:00,6344.7025,6344.7025
2023-11-02 23:00:00+00:00,6505.244722222223,6505.244722222223
2023-11-03 00:00:00+00:00,6090.485833333333,6090.485833333333
2023-11-03 01:00:00+00:00,6508.977777777778,6508.977777777778
2023-11-03 02:00:00+00:00,7015.103611111111,7015.103611111111
2023-11-03 03:00:00+00:00,6695.0075,6695.0075
2023-11-03 04:00:00+00:00,11796.41777777778,11796.41777777778
2023-11-03 05:00:00+00:00,51542.43277777778,51542.43277777778
2023-11-03 06:00:00+00:00,18609.17055555556,18609.17055555556
2023-11-03 07:00:00+00:00,19721.585277777776,19721.585277777776
2023-11-03 08:00:00+00:00,16646.975833333334,16646.975833333334
2023-11-03 09:00:00+00:00,17949.012222222223,17949.012222222223
2023-11-03 10:00:00+00:00,34070.65638888889,34070.65638888889
2023-11-03 11:00:00+00:00,31055.178333333333,31055.178333333333
2023-11-03 12:00:00+00:00,26582.303333333333,26582.303333333333
2023-11-03 13:00:00+00:00,26981.443888888887,26981.443888888887
2023-11-03 14:00:00+00:00,17356.523333333334,17356.523333333334
2023-11-03 15:00:00+00:00,18387.674166666668,18387.674166666668
2023-11-03 16:00:00+00:00,12576.330277777775,12576.330277777775
2023-11-03 17:00:00+00:00,10726.440277777778,10726.440277777778
2023-11-03 18:00:00+00:00,7884.869722222223,7884.869722222223
2023-11-03 19:00:00+00:00,9510.486666666666,9510.486666666666
2023-11-03 20:00:00+00:00,6906.093888888889,9510.486666666666
2023-11-03 21:00:00+00:00,7512.140833333333,7512.140833333333
2023-11-03 22:00:00+00:00,13068.506666666666,13068.506666666666
2023-11-03 23:00:00+00:00,2259.838888888889,2259.838888888889
2023-11-04 00:00:00+00:00,2318.0055555555555,2318.0055555555555
2023-11-04 01:00:00+00:00,1467.9458333333334,1467.9458333333334
2023-11-04 02:00:00+00:00,3335.975,3335.975
2023-11-04 03:00:00+00:00,3419.0344444444445,3419.0344444444445
2023-11-04 04:00:00+00:00,3228.951111111111,3419.0344444444445
2023-11-04 05:00:00+00:00,2655.577222222222,2655.577222222222
2023-11-04 06:00:00+00:00,29926.25527777778,29926.25527777778
2023-11-04 07:00:00+00:00,5800.546111111111,5800.546111111111
2023-11-04 08:00:00+00:00,20872.584166666667,20872.584166666667
2023-11-04 09:00:00+00:00,9192.083888888888,20872.584166666667
2023-11-04 10:00:00+00:00,7647.792222222222,7647.792222222222
2023-11-04 11:00:00+00:00,103697.5875,7647.792222222222
2023-11-04 12:00:00+00:00,10900.8025,10900.8025
2023-11-04 13:00:00+00:00,82136.73388888889,82136.73388888889
2023-11-04 14:00:00+00:00,7338.530555555555,7338.530555555555
2023-11-04 15:00:00+00:00,10907.341388888888,10907.341388888888
2023-11-04 16:00:00+00:00,9068.74861111111,9068.74861111111
2023-11-04 17:00:00+00:00,11309.435555555556,11309.435555555556
2023-11-04 18:00:00+00:00,11764.19638888889,11764.19638888889
2023-11-04 19:00:00+00:00,8487.345833333333,11764.19638888889
2023-11-04 20:00:00+00:00,8122.126388888889,8122.126388888889
2023-11-04 21:00:00+00:00,9454.652222222225,9454.652222222225
2023-11-04 22:00:00+00:00,8426.66138888889,8426.66138888889
2023-11-04 23:00:00+00:00,7233.537777777778,8426.66138888889
2023-11-05 00:00:00+00:00,6202.366388888889,6202.366388888889
2023-11-05 01:00:00+00:00,7869.335833333333,7869.335833333333
2023-11-05 02:00:00+00:00,9461.684444444443,7869.335833333333
2023-11-05 03:00:00+00:00,7553.606388888889,7553.606388888889
2023-11-05 04:00:00+00:00,8291.582222222221,8291.582222222221
2023-11-05 05:00:00+00:00,11631.905833333334,11631.905833333334
2023-11-05 06:00:00+00:00,10502.585277777778,10502.585277777778
2023-11-05 07:00:00+00:00,10106.360555555557,10106.360555555557
2023-11-05 08:00:00+00:00,19444.758055555558,19444.758055555558
2023-11-05 09:00:00+00:00,20438.776388888888,20438.776388888888
2023-11-05 10:00:00+00:00,22932.17388888889,22932.17388888889
2023-11-05 11:00:00+00:00,23391.05444444445,23391.05444444445
2023-11-05 12:00:00+00:00,27128.352222222224,27128.352222222224
2023-11-05 13:00:00+00:00,26473.6175,26473.6175
2023-11-05 14:00:00+00:00,12595.431666666667,12595.431666666667
2023-11-05 15:00:00+00:00,29178.05361111111,29178.05361111111
2023-11-05 16:00:00+00:00,9565.4375,29178.05361111111
2023-11-05 17:00:00+00:00,6425.879722222222,6425.879722222222
2023-11-05 18:00:00+00:00,9294.954722222225,9294.954722222225
2023-11-05 19:00:00+00:00,5472.762777777778,5472.762777777778
2023-11-05 20:00:00+00:00,11700.465833333334,11700.465833333334
2023-11-05 21:00:00+00:00,5066.873055555556,5066.873055555556
2023-11-05 22:00:00+00:00,2741.768055555556,2741.768055555556
2023-11-05 23:00:00+00:00,1450.4233333333334,1450.4233333333334
2023-11-06 00:00:00+00:00,13842.347777777775,13842.347777777775
2023-11-06 01:00:00+00:00,3477.7702777777777,3477.7702777777777
2023-11-06 02:00:00+00:00,1861.7397222222223,1861.7397222222223
2023-11-06 03:00:00+00:00,18576.72611111111,18576.72611111111
2023-11-06 04:00:00+00:00,18988.62805555556,18988.62805555556
2023-11-06 05:00:00+00:00,19244.96833333333,19244.96833333333
2023-11-06 06:00:00+00:00,21354.446944444444,21354.446944444444
2023-11-06 07:00:00+00:00,31699.15555555556,31699.15555555556
2023-11-06 08:00:00+00:00,25652.867777777778,25652.867777777778
2023-11-06 09:00:00+00:00,29275.45083333333,25652.867777777778
2023-11-06 10:00:00+00:00,20898.7475,20898.7475
2023-11-06 11:00:00+00:00,15128.720833333333,20898.7475
2023-11-06 12:00:00+00:00,32117.507777777777,32117.507777777777
2023-11-06 13:00:00+00:00,28780.229444444445,28780.229444444445
2023-11-06 14:00:00+00:00,39194.03555555556,39194.03555555556
2023-11-06 15:00:00+00:00,16571.795555555556,16571.795555555556
2023-11-06 16:00:00+00:00,14650.471944444444,14650.471944444444
2023-11-06 17:00:00+00:00,6067.556111111111,6067.556111111111
2023-11-06 18:00:00+00:00,43326.05472222222,43326.05472222222
2023-11-06 19:00:00+00:00,8983.86,8983.86
2023-11-06 20:00:00+00:00,14547.84888888889,14547.84888888889
2023-11-06 21:00:00+00:00,2648.82,2648.82
2023-11-06 22:00:00+00:00,1470.263333333333,1470.263333333333
2023-11-06 23:00:00+00:00,1376.453888888889,1376.453888888889
2023-11-07 00:00:00+00:00,10182.623055555556,10182.623055555556
2023-11-07 01:00:00+00:00,7558.765,7558.765
2023-11-07 02:00:00+00:00,16938.926944444444,16938.926944444444
2023-11-07 03:00:00+00:00,13412.401666666668,13412.401666666668
2023-11-07 04:00:00+00:00,32627.80055555556,32627.80055555556
2023-11-07 05:00:00+00:00,126398.98222222224,126398.98222222224
2023-11-07 06:00:00+00:00,45725.98861111111,45725.98861111111
2023-11-07 07:00:00+00:00,36267.616944444446,36267.616944444446
2023-11-07 08:00:00+00:00,36397.836388888885,36397.836388888885
2023-11-07 09:00:00+00:00,27559.934444444443,27559.934444444443
2023-11-07 10:00:00+00:00,39042.37694444445,39042.37694444445
2023-11-07 11:00:00+00:00,36404.848333333335,36404.848333333335
2023-11-07 12:00:00+00:00,8927.431944444445,8927.431944444445
2023-11-07 13:00:00+00:00,16942.878055555557,16942.878055555557
2023-11-07 14:00:00+00:00,50473.115,50473.115
2023-11-07 15:00:00+00:00,4517.505833333334,4517.505833333334
2023-11-07 16:00:00+00:00,6880.379166666667,6880.379166666667
2023-11-07 17:00:00+00:00,9380.810833333331,9380.810833333331
2023-11-07 18:00:00+00:00,7865.7780555555555,7865.7780555555555
2023-11-07 19:00:00+00:00,6692.458333333333,6692.458333333333
2023-11-07 20:00:00+00:00,7925.044166666667,7925.044166666667
2023-11-07 21:00:00+00:00,6718.768055555555,6718.768055555555
2023-11-07 22:00:00+00:00,5296.933333333333,5296.933333333333
2023-11-07 23:00:00+00:00,1035.4219444444443,1035.4219444444443
2023-11-08 00:00:00+00:00,1308.637222222222,1308.637222222222
2023-11-08 01:00:00+00:00,705.8905555555556,705.8905555555556
2023-11-08 02:00:00+00:00,4691.0552777777775,4691.0552777777775
2023-11-08 03:00:00+00:00,2538.8161111111112,4691.0552777777775
2023-11-08 04:00:00+00:00,5770.761388888889,5770.761388888889
2023-11-08 05:00:00+00:00,28738.09888888889,28738.09888888889
2023-11-08 06:00:00+00:00,63350.28944444445,28738.09888888889
2023-11-08 07:00:00+00:00,68224.75333333333,68224.75333333333
2023-11-08 08:00:00+00:00,274287.0258333333,68224.75333333333
2023-11-08 09:00:00+00:00,66262.10222222222,66262.10222222222
2023-11-08 10:00:00+00:00,22165.46805555556,22165.46805555556
2023-11-08 11:00:00+00:00,31251.79694444445,31251.79694444445
2023-11-08 12:00:00+00:00,27555.33194444445,31251.79694444445
2023-11-08 13:00:00+00:00,19060.597222222223,19060.597222222223
2023-11-08 14:00:00+00:00,13869.138888888889,13869.138888888889
2023-11-08 15:00:00+00:00,7946.481388888889,13869.138888888889
2023-11-08 16:00:00+00:00,8738.0125,8738.0125
2023-11-08 17:00:00+00:00,4999.488055555556,4999.488055555556
2023-11-08 18:00:00+00:00,6148.5841666666665,6148.5841666666665
2023-11-08 19:00:00+00:00,6943.633055555556,6943.633055555556
2023-11-08 20:00:00+00:00,11467.476944444445,11467.476944444445
2023-11-08 21:00:00+00:00,25769.827222222222,11467.476944444445
2023-11-08 22:00:00+00:00,10339.802777777775,10339.802777777775
2023-11-08 23:00:00+00:00,8209.157222222222,8209.157222222222
2023-11-09 00:00:00+00:00,8384.610833333334,8209.157222222222
2023-11-09 01:00:00+00:00,7805.526111111111,7805.526111111111
2023-11-09 02:00:00+00:00,8132.121388888889,8132.121388888889
2023-11-09 03:00:00+00:00,10878.260277777776,10878.260277777776
2023-11-09 04:00:00+00:00,10138.011944444444,10138.011944444444
2023-11-09 05:00:00+00:00,21002.675277777777,21002.675277777777
2023-11-09 06:00:00+00:00,42405.70222222222,42405.70222222222
2023-11-09 07:00:00+00:00,66690.80055555556,66690.80055555556
2023-11-09 08:00:00+00:00,28726.37305555556,28726.37305555556
2023-11-09 09:00:00+00:00,31915.11888888889,31915.11888888889
2023-11-09 10:00:00+00:00,59452.676666666666,59452.676666666666
2023-11-09 11:00:00+00:00,39735.39305555556,39735.39305555556
2023-11-09 12:00:00+00:00,16343.941944444445,16343.941944444445
2023-11-09 13:00:00+00:00,19005.53777777778,19005.53777777778
2023-11-09 14:00:00+00:00,132603.8275,132603.8275
2023-11-09 15:00:00+00:00,48763.61166666666,132603.8275
2023-11-09 16:00:00+00:00,4337.781388888889,4337.781388888889
2023-11-09 17:00:00+00:00,6102.335555555555,6102.335555555555
2023-11-09 18:00:00+00:00,6141.918055555556,6141.918055555556
2023-11-09 19:00:00+00:00,13616.113055555556,6141.918055555556
2023-11-09 20:00:00+00:00,2733.586388888889,2733.586388888889
2023-11-09 21:00:00+00:00,32792.874444444446,32792.874444444446
2023-11-09 22:00:00+00:00,6534.016944444445,32792.874444444446
2023-11-09 23:00:00+00:00,1032.1816666666666,1032.1816666666666
2023-11-10 00:00:00+00:00,692.2625,1032.1816666666666
2023-11-10 01:00:00+00:00,890.28,890.28
2023-11-10 02:00:00+00:00,5749.2202777777775,5749.2202777777775
2023-11-10 03:00:00+00:00,4957.810555555556,4957.810555555556
2023-11-10 04:00:00+00:00,5377.355833333333,5377.355833333333
2023-11-10 05:00:00+00:00,19713.87861111111,19713.87861111111
2023-11-10 06:00:00+00:00,82952.83194444445,82952.83194444445
2023-11-10 07:00:00+00:00,32414.986944444445,82952.83194444445
2023-11-10 08:00:00+00:00,32236.17111111111,32236.17111111111
2023-11-10 09:00:00+00:00,52604.3375,52604.3375
2023-11-10 10:00:00+00:00,28345.54555555556,28345.54555555556
2023-11-10 11:00:00+00:00,34191.43194444444,34191.43194444444
2023-11-10 12:00:00+00:00,16468.75083333333,16468.75083333333
2023-11-10 13:00:00+00:00,18511.027777777777,18511.027777777777
2023-11-10 14:00:00+00:00,10040.309722222222,10040.309722222222
2023-11-10 15:00:00+00:00,20581.88833333333,20581.88833333333
2023-11-10 16:00:00+00:00,6891.156388888889,6891.156388888889
2023-11-10 17:00:00+00:00,3234.7744444444443,3234.7744444444443
2023-11-10 18:00:00+00:00,20251.08916666667,20251.08916666667
2023-11-10 19:00:00+00:00,26428.001111111116,26428.001111111116
2023-11-10 20:00:00+00:00,11917.421666666669,11917.421666666669
2023-11-10 21:00:00+00:00,23228.223611111112,23228.223611111112
2023-11-10 22:00:00+00:00,12683.627777777778,12683.627777777778
2023-11-10 23:00:00+00:00,10165.420277777775,10165.420277777775
2023-11-11 00:00:00+00:00,9949.337222222222,9949.337222222222
2023-11-11 01:00:00+00:00,29732.441666666666,29732.441666666666
2023-11-11 02:00:00+00:00,10291.527777777776,29732.441666666666
2023-11-11 03:00:00+00:00,15225.2075,29732.441666666666
2023-11-11 04:00:00+00:00,10453.148055555555,10453.148055555555
2023-11-11 05:00:00+00:00,11807.56138888889,10453.148055555555
2023-11-11 06:00:00+00:00,25294.629166666666,25294.629166666666
2023-11-11 07:00:00+00:00,12541.716666666667,12541.716666666667
2023-11-11 08:00:00+00:00,25422.929166666665,25422.929166666665
2023-11-11 09:00:00+00:00,13563.363333333333,13563.363333333333
2023-11-11 10:00:00+00:00,18505.171388888888,18505.171388888888
2023-11-11 11:00:00+00:00,20521.73361111111,20521.73361111111
2023-11-11 12:00:00+00:00,15956.923611111111,15956.923611111111
2023-11-11 13:00:00+00:00,13474.041666666666,13474.041666666666
2023-11-11 14:00:00+00:00,9155.969444444445,9155.969444444445
2023-11-11 15:00:00+00:00,15195.707777777778,15195.707777777778
2023-11-11 16:00:00+00:00,7492.124444444445,7492.124444444445
2023-11-11 17:00:00+00:00,4564.603055555555,4564.603055555555
2023-11-11 18:00:00+00:00,7572.544722222222,7572.544722222222
2023-11-11 19:00:00+00:00,6205.080277777778,7572.544722222222
2023-11-11 20:00:00+00:00,20792.798055555555,7572.544722222222
2023-11-11 21:00:00+00:00,1571.0191666666667,1571.0191666666667
2023-11-11 22:00:00+00:00,1121.5030555555556,1121.5030555555556
2023-11-11 23:00:00+00:00,889.0622222222222,889.0622222222222
2023-11-12 00:00:00+00:00,647.9813888888889,647.9813888888889
2023-11-12 01:00:00+00:00,678.4730555555556,678.4730555555556
2023-11-12 02:00:00+00:00,771.09,771.09
2023-11-12 03:00:00+00:00,2842.12,2842.12
2023-11-12 04:00:00+00:00,928.3911111111112,928.3911111111112
2023-11-12 05:00:00+00:00,4206.526666666667,928.3911111111112
2023-11-12 06:00:00+00:00,17982.009166666667,17982.009166666667
2023-11-12 07:00:00+00:00,21564.04555555556,21564.04555555556
2023-11-12 08:00:00+00:00,13376.353333333333,13376.353333333333
2023-11-12 09:00:00+00:00,15376.255833333333,15376.255833333333
2023-11-12 10:00:00+00:00,43510.68333333333,15376.255833333333
2023-11-12 11:00:00+00:00,24315.899166666662,24315.899166666662
2023-11-12 12:00:00+00:00,13298.72138888889,13298.72138888889
2023-11-12 13:00:00+00:00,12821.1,12821.1
2023-11-12 14:00:00+00:00,37711.20361111111,37711.20361111111
2023-11-12 15:00:00+00:00,16622.763055555555,16622.763055555555
2023-11-12 16:00:00+00:00,10205.359444444444,10205.359444444444
2023-11-12 17:00:00+00:00,19216.549444444445,19216.549444444445
2023-11-12 18:00:00+00:00,17074.6075,17074.6075
2023-11-12 19:00:00+00:00,14128.385277777776,14128.385277777776
2023-11-12 20:00:00+00:00,12705.76,12705.76
2023-11-12 21:00:00+00:00,17066.199166666665,17066.199166666665
2023-11-12 22:00:00+00:00,9283.817222222222,9283.817222222222
2023-11-12 23:00:00+00:00,9189.945,9189.945
2023-11-13 00:00:00+00:00,10119.734444444444,10119.734444444444
2023-11-13 01:00:00+00:00,10845.505555555555,10119.734444444444
2023-11-13 02:00:00+00:00,10366.644444444444,10366.644444444444
2023-11-13 03:00:00+00:00,12496.831666666669,12496.831666666669
2023-11-13 04:00:00+00:00,58940.23611111111,58940.23611111111
2023-11-13 05:00:00+00:00,32929.34222222222,58940.23611111111
2023-11-13 06:00:00+00:00,28331.00083333333,28331.00083333333
2023-11-13 07:00:00+00:00,31187.45138888889,31187.45138888889
2023-11-13 08:00:00+00:00,25878.693888888887,25878.693888888887
2023-11-13 09:00:00+00:00,24353.70083333333,24353.70083333333
2023-11-13 10:00:00+00:00,37632.42805555555,37632.42805555555
2023-11-13 11:00:00+00:00,77831.52416666667,77831.52416666667
2023-11-13 12:00:00+00:00,21516.86138888889,21516.86138888889
2023-11-13 13:00:00+00:00,49548.29388888889,49548.29388888889
2023-11-13 14:00:00+00:00,11785.344166666666,11785.344166666666
2023-11-13 15:00:00+00:00,5514.4275,5514.4275
2023-11-13 16:00:00+00:00,67909.13805555555,67909.13805555555
2023-11-13 17:00:00+00:00,25554.426944444444,25554.426944444444
2023-11-13 18:00:00+00:00,7882.627222222222,7882.627222222222
2023-11-13 19:00:00+00:00,8374.46,8374.46
2023-11-13 20:00:00+00:00,5686.375,5686.375
2023-11-13 21:00:00+00:00,4754.6577777777775,4754.6577777777775
2023-11-13 22:00:00+00:00,5299.42,5299.42
2023-11-13 23:00:00+00:00,2764.571388888889,2764.571388888889
2023-11-14 00:00:00+00:00,2081.279722222222,2081.279722222222
2023-11-14 01:00:00+00:00,8253.730833333333,8253.730833333333
2023-11-14 02:00:00+00:00,10472.384166666669,10472.384166666669
2023-11-14 03:00:00+00:00,58162.04138888889,58162.04138888889
2023-11-14 04:00:00+00:00,31776.04555555556,31776.04555555556
2023-11-14 05:00:00+00:00,166749.6338888889,31776.04555555556
2023-11-14 06:00:00+00:00,42514.85555555556,42514.85555555556
2023-11-14 07:00:00+00:00,45474.029444444444,45474.029444444444
2023-11-14 08:00:00+00:00,27742.07138888889,45474.029444444444
2023-11-14 09:00:00+00:00,27992.97611111111,27992.97611111111
2023-11-14 10:00:00+00:00,16486.14277777778,16486.14277777778
2023-11-14 11:00:00+00:00,27398.16611111111,27398.16611111111
2023-11-14 12:00:00+00:00,34569.52583333333,34569.52583333333
2023-11-14 13:00:00+00:00,29021.97,29021.97
2023-11-14 14:00:00+00:00,24677.680555555555,24677.680555555555
2023-11-14 15:00:00+00:00,12880.410277777775,12880.410277777775
2023-11-14 16:00:00+00:00,32286.94138888889,32286.94138888889
2023-11-14 17:00:00+00:00,16200.600277777778,16200.600277777778
2023-11-14 18:00:00+00:00,33792.97666666667,33792.97666666667
2023-11-14 19:00:00+00:00,12778.541944444443,12778.541944444443
2023-11-14 20:00:00+00:00,24002.509444444444,24002.509444444444
2023-11-14 21:00:00+00:00,13855.573055555556,13855.573055555556
2023-11-14 22:00:00+00:00,6272.587222222222,6272.587222222222
2023-11-14 23:00:00+00:00,6784.413055555556,6784.413055555556
2023-11-15 00:00:00+00:00,2652.07,2652.07
2023-11-15 01:00:00+00:00,2544.810833333333,2544.810833333333
2023-11-15 02:00:00+00:00,8229.006388888889,8229.006388888889
2023-11-15 03:00:00+00:00,9442.69638888889,9442.69638888889
2023-11-15 04:00:00+00:00,32535.88472222222,32535.88472222222
2023-11-15 05:00:00+00:00,30907.546388888888,30907.546388888888
2023-11-15 06:00:00+00:00,97723.32777777778,30907.546388888888
2023-11-15 07:00:00+00:00,26106.546666666665,26106.546666666665
2023-11-15 08:00:00+00:00,36112.04833333333,36112.04833333333
2023-11-15 09:00:00+00:00,62348.40277777778,62348.40277777778
2023-11-15 10:00:00+00:00,35301.815833333334,35301.815833333334
2023-11-15 11:00:00+00:00,39205.69527777778,39205.69527777778
2023-11-15 12:00:00+00:00,13122.789444444445,13122.789444444445
2023-11-15 13:00:00+00:00,26655.721944444445,26655.721944444445
2023-11-15 14:00:00+00:00,23268.049166666668,23268.049166666668
2023-11-15 15:00:00+00:00,9390.673888888889,23268.049166666668
2023-11-15 16:00:00+00:00,16616.525,16616.525
2023-11-15 17:00:00+00:00,9101.67861111111,9101.67861111111
2023-11-15 18:00:00+00:00,10491.064444444444,10491.064444444444
2023-11-15 19:00:00+00:00,13787.880277777778,13787.880277777778
2023-11-15 20:00:00+00:00,18018.5175,18018.5175
2023-11-15 21:00:00+00:00,5891.937222222222,5891.937222222222
2023-11-15 22:00:00+00:00,10997.126944444444,10997.126944444444
2023-11-15 23:00:00+00:00,4391.270277777778,4391.270277777778
2023-11-16 00:00:00+00:00,9184.840833333334,9184.840833333334
2023-11-16 01:00:00+00:00,4495.012222222223,4495.012222222223
2023-11-16 02:00:00+00:00,7638.0075,7638.0075
2023-11-16 03:00:00+00:00,7263.981666666667,7263.981666666667
2023-11-16 04:00:00+00:00,73541.00111111111,73541.00111111111
2023-11-16 05:00:00+00:00,20168.379722222224,73541.00111111111
2023-11-16 06:00:00+00:00,59856.84916666667,59856.84916666667
2023-11-16 07:00:00+00:00,46276.227222222224,46276.227222222224
2023-11-16 08:00:00+00:00,34017.883888888886,34017.883888888886
2023-11-16 09:00:00+00:00,39544.18972222223,34017.883888888886
2023-11-16 10:00:00+00:00,19009.13027777778,19009.13027777778
2023-11-16 11:00:00+00:00,27570.445,27570.445
2023-11-16 12:00:00+00:00,19278.715555555555,19278.715555555555
2023-11-16 13:00:00+00:00,20208.380833333333,20208.380833333333
2023-11-16 14:00:00+00:00,14711.66777777778,14711.66777777778
2023-11-16 15:00:00+00:00,17805.335,17805.335
2023-11-16 16:00:00+00:00,30449.411944444444,30449.411944444444
2023-11-16 17:00:00+00:00,26585.04833333333,26585.04833333333
2023-11-16 18:00:00+00:00,14093.875833333334,14093.875833333334
2023-11-16 19:00:00+00:00,10152.34972222222,10152.34972222222
2023-11-16 20:00:00+00:00,10960.629722222222,10960.629722222222
2023-11-16 21:00:00+00:00,68832.31333333334,68832.31333333334
2023-11-16 22:00:00+00:00,70910.78638888888,70910.78638888888
2023-11-16 23:00:00+00:00,12637.661944444444,12637.661944444444
2023-11-17 00:00:00+00:00,12150.594444444445,12150.594444444445
2023-11-17 01:00:00+00:00,11603.671388888888,11603.671388888888
2023-11-17 02:00:00+00:00,11614.766111111112,11614.766111111112
2023-11-17 03:00:00+00:00,13171.058888888889,13171.058888888889
2023-11-17 04:00:00+00:00,12757.4125,12757.4125
2023-11-17 05:00:00+00:00,11428.365,11428.365
2023-11-17 06:00:00+00:00,12692.51972222222,12692.51972222222
2023-11-17 07:00:00+00:00,16060.544444444444,16060.544444444444
2023-11-17 08:00:00+00:00,33978.78194444445,33978.78194444445
2023-11-17 09:00:00+00:00,19580.04111111111,19580.04111111111
2023-11-17 10:00:00+00:00,60112.47111111111,60112.47111111111
2023-11-17 11:00:00+00:00,18883.475,18883.475
2023-11-17 12:00:00+00:00,20809.231111111112,20809.231111111112
2023-11-17 13:00:00+00:00,51804.85694444445,51804.85694444445
2023-11-17 14:00:00+00:00,18636.95527777778,18636.95527777778
2023-11-17 15:00:00+00:00,33454.530277777776,33454.530277777776
2023-11-17 16:00:00+00:00,15745.569444444443,15745.569444444443
2023-11-17 17:00:00+00:00,17315.905833333334,17315.905833333334
2023-11-17 18:00:00+00:00,51025.12305555555,51025.12305555555
2023-11-17 19:00:00+00:00,12792.18527777778,12792.18527777778
2023-11-17 20:00:00+00:00,12872.162777777778,12872.162777777778
2023-11-17 21:00:00+00:00,38157.48972222222,38157.48972222222
2023-11-17 22:00:00+00:00,14892.031944444445,14892.031944444445
2023-11-17 23:00:00+00:00,10412.744722222222,10412.744722222222
2023-11-18 00:00:00+00:00,11904.235,11904.235
2023-11-18 01:00:00+00:00,11152.132777777775,11152.132777777775
2023-11-18 02:00:00+00:00,11431.428055555556,11431.428055555556
2023-11-18 03:00:00+00:00,13243.900833333331,13243.900833333331
2023-11-18 04:00:00+00:00,12104.262222222222,12104.262222222222
2023-11-18 05:00:00+00:00,12453.600277777778,12453.600277777778
2023-11-18 06:00:00+00:00,13677.604166666666,13677.604166666666
2023-11-18 07:00:00+00:00,14676.020833333334,14676.020833333334
2023-11-18 08:00:00+00:00,17309.3225,17309.3225
2023-11-18 09:00:00+00:00,13193.717222222222,13193.717222222222
2023-11-18 10:00:00+00:00,13990.6725,13990.6725
2023-11-18 11:00:00+00:00,45488.34777777778,45488.34777777778
2023-11-18 12:00:00+00:00,36635.545277777775,45488.34777777778
2023-11-18 13:00:00+00:00,16943.265833333335,16943.265833333335
2023-11-18 14:00:00+00:00,14929.741944444444,14929.741944444444
2023-11-18 15:00:00+00:00,21232.80277777778,21232.80277777778
2023-11-18 16:00:00+00:00,41253.793333333335,41253.793333333335
2023-11-18 17:00:00+00:00,15282.391111111112,15282.391111111112
2023-11-18 18:00:00+00:00,20739.196666666667,20739.196666666667
2023-11-18 19:00:00+00:00,16917.23277777778,16917.23277777778
2023-11-18 20:00:00+00:00,13431.599166666669,13431.599166666669
2023-11-18 21:00:00+00:00,12846.643055555556,12846.643055555556
2023-11-18 22:00:00+00:00,11017.87722222222,11017.87722222222
2023-11-18 23:00:00+00:00,12658.85638888889,12658.85638888889
2023-11-19 00:00:00+00:00,12752.556666666667,12752.556666666667
2023-11-19 01:00:00+00:00,12522.966388888888,12522.966388888888
2023-11-19 02:00:00+00:00,12187.72,12187.72
2023-11-19 03:00:00+00:00,11322.370277777778,11322.370277777778
2023-11-19 04:00:00+00:00,21489.7675,11322.370277777778
2023-11-19 05:00:00+00:00,12700.051944444444,12700.051944444444
2023-11-19 06:00:00+00:00,18260.39638888889,18260.39638888889
2023-11-19 07:00:00+00:00,18794.81333333333,18794.81333333333
2023-11-19 08:00:00+00:00,22913.10638888889,22913.10638888889
2023-11-19 09:00:00+00:00,35281.273888888885,35281.273888888885
2023-11-19 10:00:00+00:00,37747.18361111111,37747.18361111111
2023-11-19 11:00:00+00:00,16006.291388888889,16006.291388888889
2023-11-19 12:00:00+00:00,46230.934166666666,46230.934166666666
2023-11-19 13:00:00+00:00,29491.5175,29491.5175
2023-11-19 14:00:00+00:00,20642.109166666665,29491.5175
2023-11-19 15:00:00+00:00,21358.91888888889,21358.91888888889
2023-11-19 16:00:00+00:00,13300.881111111112,13300.881111111112
2023-11-19 17:00:00+00:00,18060.735277777778,13300.881111111112
2023-11-19 18:00:00+00:00,13996.643333333332,13996.643333333332
2023-11-19 19:00:00+00:00,13681.119166666667,13681.119166666667
2023-11-19 20:00:00+00:00,34796.49916666667,34796.49916666667
2023-11-19 21:00:00+00:00,14818.3675,14818.3675
2023-11-19 22:00:00+00:00,23070.910277777777,23070.910277777777
2023-11-19 23:00:00+00:00,15055.654444444444,15055.654444444444
2023-11-20 00:00:00+00:00,16254.926388888887,16254.926388888887
2023-11-20 01:00:00+00:00,12482.376666666669,12482.376666666669
2023-11-20 02:00:00+00:00,12472.091388888888,12472.091388888888
2023-11-20 03:00:00+00:00,20817.16833333333,20817.16833333333
2023-11-20 04:00:00+00:00,33390.87138888889,33390.87138888889
2023-11-20 05:00:00+00:00,48992.20722222222,48992.20722222222
2023-11-20 06:00:00+00:00,31870.554166666665,31870.554166666665
2023-11-20 07:00:00+00:00,45124.13055555556,45124.13055555556
2023-11-20 08:00:00+00:00,20352.35138888889,20352.35138888889
2023-11-20 09:00:00+00:00,20192.056111111116,20192.056111111116
2023-11-20 10:00:00+00:00,31838.1025,31838.1025
2023-11-20 11:00:00+00:00,26623.396666666667,31838.1025
2023-11-20 12:00:00+00:00,30267.882777777777,30267.882777777777
2023-11-20 13:00:00+00:00,19963.55083333333,19963.55083333333
2023-11-20 14:00:00+00:00,52301.76,52301.76
2023-11-20 15:00:00+00:00,25701.146944444445,25701.146944444445
2023-11-20 16:00:00+00:00,25834.553888888888,25834.553888888888
2023-11-20 17:00:00+00:00,12433.79611111111,12433.79611111111
2023-11-20 18:00:00+00:00,15033.503888888888,15033.503888888888
2023-11-20 19:00:00+00:00,31677.27972222222,31677.27972222222
2023-11-20 20:00:00+00:00,14187.259444444444,14187.259444444444
2023-11-20 21:00:00+00:00,14636.971111111112,14636.971111111112
2023-11-20 22:00:00+00:00,11809.331944444444,11809.331944444444
2023-11-20 23:00:00+00:00,9727.287777777778,9727.287777777778
2023-11-21 00:00:00+00:00,10234.138333333334,10234.138333333334
2023-11-21 01:00:00+00:00,10556.219444444445,10556.219444444445
2023-11-21 02:00:00+00:00,9183.099166666669,9183.099166666669
2023-11-21 03:00:00+00:00,13548.544166666668,13548.544166666668
2023-11-21 04:00:00+00:00,24022.62222222222,24022.62222222222
2023-11-21 05:00:00+00:00,35249.111666666664,35249.111666666664
2023-11-21 06:00:00+00:00,60355.19111111111,60355.19111111111
2023-11-21 07:00:00+00:00,23762.949722222223,23762.949722222223
2023-11-21 08:00:00+00:00,36286.383888888886,36286.383888888886
2023-11-21 09:00:00+00:00,45448.87305555555,36286.383888888886
2023-11-21 10:00:00+00:00,47434.0725,47434.0725
2023-11-21 11:00:00+00:00,37606.677777777775,37606.677777777775
2023-11-21 12:00:00+00:00,62909.076944444445,62909.076944444445
2023-11-21 13:00:00+00:00,86913.16527777778,62909.076944444445
2023-11-21 14:00:00+00:00,24619.297777777778,24619.297777777778
2023-11-21 15:00:00+00:00,50405.116944444446,50405.116944444446
2023-11-21 16:00:00+00:00,30447.939444444444,30447.939444444444
2023-11-21 17:00:00+00:00,125263.60583333332,125263.60583333332
2023-11-21 18:00:00+00:00,12768.347777777775,12768.347777777775
2023-11-21 19:00:00+00:00,13045.346111111112,13045.346111111112
2023-11-21 20:00:00+00:00,21210.571944444444,21210.571944444444
2023-11-21 21:00:00+00:00,6168.109722222222,6168.109722222222
2023-11-21 22:00:00+00:00,8828.086944444445,8828.086944444445
2023-11-21 23:00:00+00:00,3604.1466666666665,3604.1466666666665
2023-11-22 00:00:00+00:00,24350.470833333333,24350.470833333333
2023-11-22 01:00:00+00:00,1790.095,1790.095
2023-11-22 02:00:00+00:00,2195.763611111111,2195.763611111111
2023-11-22 03:00:00+00:00,7290.1175,7290.1175
2023-11-22 04:00:00+00:00,7058.2908333333335,7058.2908333333335
2023-11-22 05:00:00+00:00,22788.8775,22788.8775
2023-11-22 06:00:00+00:00,42742.12694444445,42742.12694444445
2023-11-22 07:00:00+00:00,20214.6125,20214.6125
2023-11-22 08:00:00+00:00,78788.0461111111,78788.0461111111
2023-11-22 09:00:00+00:00,79837.1675,79837.1675
2023-11-22 10:00:00+00:00,34766.5725,34766.5725
2023-11-22 11:00:00+00:00,20115.243611111116,20115.243611111116
2023-11-22 12:00:00+00:00,16940.81777777778,16940.81777777778
2023-11-22 13:00:00+00:00,63098.21388888889,16940.81777777778
2023-11-22 14:00:00+00:00,15868.585833333333,15868.585833333333
2023-11-22 15:00:00+00:00,31117.10583333333,31117.10583333333
2023-11-22 16:00:00+00:00,38763.07555555556,38763.07555555556
2023-11-22 17:00:00+00:00,22088.785,22088.785
2023-11-22 18:00:00+00:00,13061.851944444445,13061.851944444445
2023-11-22 19:00:00+00:00,15701.891111111112,15701.891111111112
2023-11-22 20:00:00+00:00,9279.647777777778,9279.647777777778
2023-11-22 21:00:00+00:00,2782.648888888889,2782.648888888889
2023-11-22 22:00:00+00:00,7807.535555555555,7807.535555555555
2023-11-22 23:00:00+00:00,2745.1847222222223,2745.1847222222223
2023-11-23 00:00:00+00:00,11873.170277777775,11873.170277777775
2023-11-23 01:00:00+00:00,9991.331666666669,9991.331666666669
2023-11-23 02:00:00+00:00,9014.763888888889,9014.763888888889
2023-11-23 03:00:00+00:00,10890.97,10890.97
2023-11-23 04:00:00+00:00,26309.871666666662,26309.871666666662
2023-11-23 05:00:00+00:00,47168.28916666667,47168.28916666667
2023-11-23 06:00:00+00:00,21409.559444444443,21409.559444444443
2023-11-23 07:00:00+00:00,21899.512777777774,21899.512777777774
2023-11-23 08:00:00+00:00,29112.42,29112.42
2023-11-23 09:00:00+00:00,17379.431111111113,17379.431111111113
2023-11-23 10:00:00+00:00,22277.915833333333,22277.915833333333
2023-11-23 11:00:00+00:00,27318.546666666665,27318.546666666665
2023-11-23 12:00:00+00:00,18601.358333333334,18601.358333333334
2023-11-23 13:00:00+00:00,27605.008611111112,27605.008611111112
2023-11-23 14:00:00+00:00,21798.297777777778,21798.297777777778
2023-11-23 15:00:00+00:00,5854.5008333333335,5854.5008333333335
2023-11-23 16:00:00+00:00,7982.041666666667,7982.041666666667
2023-11-23 17:00:00+00:00,14292.142222222225,14292.142222222225
2023-11-23 18:00:00+00:00,12946.243888888888,12946.243888888888
2023-11-23 19:00:00+00:00,8023.9944444444445,8023.9944444444445
2023-11-23 20:00:00+00:00,6662.1125,6662.1125
2023-11-23 21:00:00+00:00,7668.505,6662.1125
2023-11-23 22:00:00+00:00,4266.966666666666,4266.966666666666
2023-11-23 23:00:00+00:00,4473.549722222222,4473.549722222222
2023-11-24 00:00:00+00:00,3119.170833333333,3119.170833333333
2023-11-24 01:00:00+00:00,18682.181666666667,18682.181666666667
2023-11-24 02:00:00+00:00,6678.493888888889,6678.493888888889
2023-11-24 03:00:00+00:00,10116.404444444444,10116.404444444444
2023-11-24 04:00:00+00:00,13969.774166666666,13969.774166666666
2023-11-24 05:00:00+00:00,24403.438055555554,24403.438055555554
2023-11-24 06:00:00+00:00,41388.90944444444,41388.90944444444
2023-11-24 07:00:00+00:00,34813.071388888886,34813.071388888886
2023-11-24 08:00:00+00:00,54965.316666666666,54965.316666666666
2023-11-24 09:00:00+00:00,27018.66638888889,27018.66638888889
2023-11-24 10:00:00+00:00,21189.028611111116,21189.028611111116
2023-11-24 11:00:00+00:00,127302.4811111111,127302.4811111111
2023-11-24 12:00:00+00:00,37476.30583333333,127302.4811111111
2023-11-24 13:00:00+00:00,23912.131388888887,23912.131388888887
2023-11-24 14:00:00+00:00,20706.873888888887,20706.873888888887
2023-11-24 15:00:00+00:00,10120.084166666667,10120.084166666667
2023-11-24 16:00:00+00:00,8429.074166666667,8429.074166666667
2023-11-24 17:00:00+00:00,41913.79305555556,41913.79305555556
2023-11-24 18:00:00+00:00,9498.327777777778,9498.327777777778
2023-11-24 19:00:00+00:00,4578.009166666667,4578.009166666667
2023-11-24 20:00:00+00:00,5586.168611111111,5586.168611111111
2023-11-24 21:00:00+00:00,7260.066666666667,7260.066666666667
2023-11-24 22:00:00+00:00,3359.6097222222224,3359.6097222222224
2023-11-24 23:00:00+00:00,2435.5655555555554,2435.5655555555554
2023-11-25 00:00:00+00:00,21901.27555555556,21901.27555555556
2023-11-25 01:00:00+00:00,37161.61,37161.61
2023-11-25 02:00:00+00:00,4524.178611111111,4524.178611111111
2023-11-25 03:00:00+00:00,5984.123888888889,5984.123888888889
2023-11-25 04:00:00+00:00,2080.026388888889,2080.026388888889
2023-11-25 05:00:00+00:00,4541.901944444445,2080.026388888889
2023-11-25 06:00:00+00:00,3824.493055555556,3824.493055555556
2023-11-25 07:00:00+00:00,4191.405277777778,4191.405277777778
2023-11-25 08:00:00+00:00,13458.857777777775,13458.857777777775
2023-11-25 09:00:00+00:00,15380.816666666668,15380.816666666668
2023-11-25 10:00:00+00:00,9015.131944444443,9015.131944444443
2023-11-25 11:00:00+00:00,18476.867777777778,9015.131944444443
2023-11-25 12:00:00+00:00,7721.054166666667,7721.054166666667
2023-11-25 13:00:00+00:00,4739.7138888888885,4739.7138888888885
2023-11-25 14:00:00+00:00,25897.938055555554,25897.938055555554
2023-11-25 15:00:00+00:00,6220.645,6220.645
2023-11-25 16:00:00+00:00,9764.513611111111,9764.513611111111
2023-11-25 17:00:00+00:00,11375.468333333334,11375.468333333334
2023-11-25 18:00:00+00:00,8536.493055555555,8536.493055555555
2023-11-25 19:00:00+00:00,33653.407222222224,33653.407222222224
2023-11-25 20:00:00+00:00,6225.593611111111,6225.593611111111
2023-11-25 21:00:00+00:00,6163.826944444444,6163.826944444444
2023-11-25 22:00:00+00:00,6476.156111111111,6476.156111111111
2023-11-25 23:00:00+00:00,6138.2925,6138.2925
2023-11-26 00:00:00+00:00,38167.61861111111,38167.61861111111
2023-11-26 01:00:00+00:00,9808.43,38167.61861111111
2023-11-26 02:00:00+00:00,8468.46611111111,8468.46611111111
2023-11-26 03:00:00+00:00,8387.318888888889,8387.318888888889
2023-11-26 04:00:00+00:00,7686.0569444444445,8387.318888888889
2023-11-26 05:00:00+00:00,8037.414722222222,8387.318888888889
2023-11-26 06:00:00+00:00,7640.6475,8387.318888888889
2023-11-26 07:00:00+00:00,9312.009722222225,9312.009722222225
2023-11-26 08:00:00+00:00,10648.165555555555,10648.165555555555
2023-11-26 09:00:00+00:00,17041.661111111112,10648.165555555555
2023-11-26 10:00:00+00:00,14039.611666666666,14039.611666666666
2023-11-26 11:00:00+00:00,8012.794166666667,8012.794166666667
2023-11-26 12:00:00+00:00,10392.67111111111,10392.67111111111
2023-11-26 13:00:00+00:00,13823.659722222224,13823.659722222224
2023-11-26 14:00:00+00:00,9293.436944444444,9293.436944444444
2023-11-26 15:00:00+00:00,7391.6819444444445,7391.6819444444445
2023-11-26 16:00:00+00:00,5501.275555555556,5501.275555555556
2023-11-26 17:00:00+00:00,9849.389166666666,9849.389166666666
2023-11-26 18:00:00+00:00,5764.695,9849.389166666666
2023-11-26 19:00:00+00:00,13436.690277777778,13436.690277777778
2023-11-26 20:00:00+00:00,4517.2625,4517.2625
2023-11-26 21:00:00+00:00,19787.946666666667,19787.946666666667
2023-11-26 22:00:00+00:00,7798.953333333333,7798.953333333333
2023-11-26 23:00:00+00:00,1689.2444444444443,1689.2444444444443
2023-11-27 00:00:00+00:00,1646.7880555555555,1646.7880555555555
2023-11-27 01:00:00+00:00,1455.8561111111112,1455.8561111111112
2023-11-27 02:00:00+00:00,10418.176944444444,10418.176944444444
2023-11-27 03:00:00+00:00,1913.5177777777776,1913.5177777777776
2023-11-27 04:00:00+00:00,6254.281388888889,6254.281388888889
2023-11-27 05:00:00+00:00,12471.505277777778,12471.505277777778
2023-11-27 06:00:00+00:00,28455.14583333333,28455.14583333333
2023-11-27 07:00:00+00:00,78380.625,28455.14583333333
2023-11-27 08:00:00+00:00,71652.67305555556,71652.67305555556
2023-11-27 09:00:00+00:00,19306.076944444445,19306.076944444445
2023-11-27 10:00:00+00:00,29306.770277777778,29306.770277777778
2023-11-27 11:00:00+00:00,88199.44888888889,88199.44888888889
2023-11-27 12:00:00+00:00,21805.478055555555,21805.478055555555
2023-11-27 13:00:00+00:00,19240.211944444443,19240.211944444443
2023-11-27 14:00:00+00:00,29234.06527777778,29234.06527777778
2023-11-27 15:00:00+00:00,33304.61833333333,33304.61833333333
2023-11-27 16:00:00+00:00,17826.694722222222,17826.694722222222
2023-11-27 17:00:00+00:00,20528.11972222222,20528.11972222222
2023-11-27 18:00:00+00:00,14427.470833333333,14427.470833333333
2023-11-27 19:00:00+00:00,12370.271111111111,12370.271111111111
2023-11-27 20:00:00+00:00,12283.03722222222,12283.03722222222
2023-11-27 21:00:00+00:00,3761.41,3761.41
2023-11-27 22:00:00+00:00,4208.0952777777775,4208.0952777777775
2023-11-27 23:00:00+00:00,6749.387777777778,6749.387777777778
2023-11-28 00:00:00+00:00,10861.885555555556,10861.885555555556
2023-11-28 01:00:00+00:00,9422.64138888889,9422.64138888889
2023-11-28 02:00:00+00:00,9674.544444444444,9674.544444444444
2023-11-28 03:00:00+00:00,14929.476944444445,14929.476944444445
2023-11-28 04:00:00+00:00,19786.99472222222,19786.99472222222
2023-11-28 05:00:00+00:00,23381.410555555554,19786.99472222222
2023-11-28 06:00:00+00:00,28314.186388888887,19786.99472222222
2023-11-28 07:00:00+00:00,41092.84888888889,41092.84888888889
2023-11-28 08:00:00+00:00,48105.95166666667,48105.95166666667
2023-11-28 09:00:00+00:00,23755.858888888888,23755.858888888888
2023-11-28 10:00:00+00:00,15490.66888888889,15490.66888888889
2023-11-28 11:00:00+00:00,35908.4275,35908.4275
2023-11-28 12:00:00+00:00,14361.353333333333,14361.353333333333
2023-11-28 13:00:00+00:00,6261.184444444444,6261.184444444444
2023-11-28 14:00:00+00:00,26401.532222222224,26401.532222222224
2023-11-28 15:00:00+00:00,7703.186111111111,7703.186111111111
2023-11-28 16:00:00+00:00,10633.776944444444,10633.776944444444
2023-11-28 17:00:00+00:00,9320.041111111112,9320.041111111112
2023-11-28 18:00:00+00:00,7758.641111111111,7758.641111111111
2023-11-28 19:00:00+00:00,5943.947222222222,5943.947222222222
2023-11-28 20:00:00+00:00,13450.288888888888,5943.947222222222
2023-11-28 21:00:00+00:00,339553.8975,5943.947222222222
2023-11-28 22:00:00+00:00,1895.7183333333328,1895.7183333333328
2023-11-28 23:00:00+00:00,2065.270555555556,2065.270555555556
2023-11-29 00:00:00+00:00,73900.88111111111,73900.88111111111
2023-11-29 01:00:00+00:00,881.4311111111111,881.4311111111111
2023-11-29 02:00:00+00:00,10784.049722222222,10784.049722222222
2023-11-29 03:00:00+00:00,3483.2722222222224,3483.2722222222224
2023-11-29 04:00:00+00:00,8058.516944444445,8058.516944444445
2023-11-29 05:00:00+00:00,35629.69305555556,35629.69305555556
2023-11-29 06:00:00+00:00,24489.421388888888,35629.69305555556
2023-11-29 07:00:00+00:00,17879.519444444446,17879.519444444446
2023-11-29 08:00:00+00:00,18825.736666666668,18825.736666666668
2023-11-29 09:00:00+00:00,21051.737777777777,21051.737777777777
2023-11-29 10:00:00+00:00,55300.211388888885,55300.211388888885
2023-11-29 11:00:00+00:00,19774.06638888889,19774.06638888889
2023-11-29 12:00:00+00:00,13237.713333333331,19774.06638888889
2023-11-29 13:00:00+00:00,6139.853055555555,6139.853055555555
2023-11-29 14:00:00+00:00,11387.400833333331,11387.400833333331
2023-11-29 15:00:00+00:00,37748.67222222222,37748.67222222222
2023-11-29 16:00:00+00:00,29591.539444444443,29591.539444444443
2023-11-29 17:00:00+00:00,9725.710833333333,9725.710833333333
2023-11-29 18:00:00+00:00,33209.33472222222,33209.33472222222
2023-11-29 19:00:00+00:00,55824.61083333333,55824.61083333333
2023-11-29 20:00:00+00:00,4273.840833333334,55824.61083333333
2023-11-29 21:00:00+00:00,4105.859166666667,4105.859166666667
2023-11-29 22:00:00+00:00,15913.220555555556,15913.220555555556
2023-11-29 23:00:00+00:00,1809.7983333333332,1809.7983333333332
2023-11-30 00:00:00+00:00,1694.9566666666667,1694.9566666666667
2023-11-30 01:00:00+00:00,1024.601111111111,1024.601111111111
2023-11-30 02:00:00+00:00,1081.4419444444443,1081.4419444444443
2023-11-30 03:00:00+00:00,3268.159722222222,1081.4419444444443
2023-11-30 04:00:00+00:00,9066.154444444444,9066.154444444444
2023-11-30 05:00:00+00:00,19009.93361111111,19009.93361111111
2023-11-30 06:00:00+00:00,17194.766111111112,17194.766111111112
2023-11-30 07:00:00+00:00,48313.15361111111,48313.15361111111
2023-11-30 08:00:00+00:00,13167.385555555556,13167.385555555556
2023-11-30 09:00:00+00:00,24955.305,24955.305
2023-11-30 10:00:00+00:00,87916.78722222222,87916.78722222222
2023-11-30 11:00:00+00:00,12667.586388888889,12667.586388888889
2023-11-30 12:00:00+00:00,21138.53777777778,21138.53777777778
2023-11-30 13:00:00+00:00,15278.838055555556,21138.53777777778
2023-11-30 14:00:00+00:00,12403.485833333334,12403.485833333334
2023-11-30 15:00:00+00:00,15389.574722222222,15389.574722222222
2023-11-30 16:00:00+00:00,11591.860555555557,11591.860555555557
2023-11-30 17:00:00+00:00,8455.472222222223,8455.472222222223
2023-11-30 18:00:00+00:00,6530.122777777778,6530.122777777778
2023-11-30 19:00:00+00:00,13120.846111111112,13120.846111111112
2023-11-30 20:00:00+00:00,17183.630555555555,17183.630555555555
2023-11-30 21:00:00+00:00,10994.450833333334,10994.450833333334
2023-11-30 22:00:00+00:00,5897.092222222223,5897.092222222223
2023-11-30 23:00:00+00:00,6397.461388888889,6397.461388888889
2023-12-01 00:00:00+00:00,1996.6038888888888,1996.6038888888888
2023-12-01 01:00:00+00:00,1851.4633333333331,1851.4633333333331
2023-12-01 02:00:00+00:00,2706.9636111111117,2706.9636111111117
2023-12-01 03:00:00+00:00,3207.3675,3207.3675
2023-12-01 04:00:00+00:00,5866.4725,5866.4725
2023-12-01 05:00:00+00:00,13713.711388888889,13713.711388888889
2023-12-01 06:00:00+00:00,57053.21361111111,57053.21361111111
2023-12-01 07:00:00+00:00,31439.748888888887,31439.748888888887
2023-12-01 08:00:00+00:00,8762.514166666666,8762.514166666666
2023-12-01 09:00:00+00:00,12820.0425,12820.0425
2023-12-01 10:00:00+00:00,9272.92888888889,9272.92888888889
2023-12-01 11:00:00+00:00,24460.12833333333,24460.12833333333
2023-12-01 12:00:00+00:00,16064.72361111111,16064.72361111111
2023-12-01 13:00:00+00:00,26176.56611111111,26176.56611111111
2023-12-01 14:00:00+00:00,8918.775,8918.775
2023-12-01 15:00:00+00:00,39014.68916666666,39014.68916666666
2023-12-01 16:00:00+00:00,49915.43944444445,49915.43944444445
2023-12-01 17:00:00+00:00,21080.473611111112,21080.473611111112
2023-12-01 18:00:00+00:00,34203.462222222224,34203.462222222224
2023-12-01 19:00:00+00:00,20017.33916666667,20017.33916666667
2023-12-01 20:00:00+00:00,16393.905833333334,16393.905833333334
2023-12-01 21:00:00+00:00,16300.172777777778,16300.172777777778
2023-12-01 22:00:00+00:00,15056.903888888888,15056.903888888888
2023-12-01 23:00:00+00:00,10155.396944444445,10155.396944444445
2023-12-02 00:00:00+00:00,46048.43388888889,46048.43388888889
2023-12-02 01:00:00+00:00,10701.53638888889,46048.43388888889
2023-12-02 02:00:00+00:00,10487.153055555556,10487.153055555556
2023-12-02 03:00:00+00:00,12160.251944444444,12160.251944444444
2023-12-02 04:00:00+00:00,11151.2425,11151.2425
2023-12-02 05:00:00+00:00,11004.849444444444,11004.849444444444
2023-12-02 06:00:00+00:00,9036.010555555556,9036.010555555556
2023-12-02 07:00:00+00:00,13008.676666666666,13008.676666666666
2023-12-02 08:00:00+00:00,24585.511666666665,24585.511666666665
2023-12-02 09:00:00+00:00,11767.644166666669,11767.644166666669
2023-12-02 10:00:00+00:00,18778.86472222222,18778.86472222222
2023-12-02 11:00:00+00:00,13543.057777777778,13543.057777777778
2023-12-02 12:00:00+00:00,22909.42361111111,22909.42361111111
2023-12-02 13:00:00+00:00,20445.36611111111,22909.42361111111
2023-12-02 14:00:00+00:00,11611.913611111111,11611.913611111111
2023-12-02 15:00:00+00:00,15669.424722222222,15669.424722222222
2023-12-02 16:00:00+00:00,4177.336111111111,4177.336111111111
2023-12-02 17:00:00+00:00,15918.186944444444,15918.186944444444
2023-12-02 18:00:00+00:00,13463.222777777775,15918.186944444444
2023-12-02 19:00:00+00:00,10700.847222222224,15918.186944444444
2023-12-02 20:00:00+00:00,11432.185555555556,11432.185555555556
2023-12-02 21:00:00+00:00,14894.119444444445,14894.119444444445
2023-12-02 22:00:00+00:00,18732.722222222223,14894.119444444445
2023-12-02 23:00:00+00:00,9244.238611111112,9244.238611111112
2023-12-03 00:00:00+00:00,10746.760277777776,10746.760277777776
2023-12-03 01:00:00+00:00,9409.62638888889,9409.62638888889
2023-12-03 02:00:00+00:00,9339.432222222222,9339.432222222222
2023-12-03 03:00:00+00:00,10402.495,9339.432222222222
2023-12-03 04:00:00+00:00,7645.846111111111,7645.846111111111
2023-12-03 05:00:00+00:00,10028.566388888888,10028.566388888888
2023-12-03 06:00:00+00:00,19942.71805555556,19942.71805555556
2023-12-03 07:00:00+00:00,8143.131944444444,8143.131944444444
2023-12-03 08:00:00+00:00,11914.950277777778,11914.950277777778
2023-12-03 09:00:00+00:00,15848.9725,15848.9725
2023-12-03 10:00:00+00:00,28046.20388888889,28046.20388888889
2023-12-03 11:00:00+00:00,14698.34,14698.34
2023-12-03 12:00:00+00:00,11498.826388888889,11498.826388888889
2023-12-03 13:00:00+00:00,13870.631111111112,13870.631111111112
2023-12-03 14:00:00+00:00,32771.537777777776,32771.537777777776
2023-12-03 15:00:00+00:00,70829.11583333333,70829.11583333333
2023-12-03 16:00:00+00:00,10526.479444444443,10526.479444444443
2023-12-03 17:00:00+00:00,12257.379166666668,12257.379166666668
2023-12-03 18:00:00+00:00,32856.87666666666,32856.87666666666
2023-12-03 19:00:00+00:00,20077.78833333333,20077.78833333333
2023-12-03 20:00:00+00:00,33668.008888888886,33668.008888888886
2023-12-03 21:00:00+00:00,21549.188055555554,21549.188055555554
2023-12-03 22:00:00+00:00,22139.422222222223,22139.422222222223
2023-12-03 23:00:00+00:00,19019.01,19019.01
2023-12-04 00:00:00+00:00,10601.979444444443,10601.979444444443
2023-12-04 01:00:00+00:00,10373.205277777775,10373.205277777775
2023-12-04 02:00:00+00:00,10581.344444444445,10581.344444444445
2023-12-04 03:00:00+00:00,63876.55027777778,63876.55027777778
2023-12-04 04:00:00+00:00,27986.98638888889,27986.98638888889
2023-12-04 05:00:00+00:00,31983.575277777774,31983.575277777774
2023-12-04 06:00:00+00:00,62348.914722222224,62348.914722222224
2023-12-04 07:00:00+00:00,26008.238611111112,26008.238611111112
2023-12-04 08:00:00+00:00,43270.71722222222,43270.71722222222
2023-12-04 09:00:00+00:00,45913.34027777778,45913.34027777778
2023-12-04 10:00:00+00:00,24063.42361111111,24063.42361111111
2023-12-04 11:00:00+00:00,23545.692222222224,23545.692222222224
2023-12-04 12:00:00+00:00,5091.417222222222,23545.692222222224
2023-12-04 13:00:00+00:00,30449.34333333333,30449.34333333333
2023-12-04 14:00:00+00:00,37416.78388888889,37416.78388888889
2023-12-04 15:00:00+00:00,13466.906388888889,13466.906388888889
2023-12-04 16:00:00+00:00,52055.973333333335,52055.973333333335
2023-12-04 17:00:00+00:00,51002.27722222222,51002.27722222222
2023-12-04 18:00:00+00:00,29558.387222222223,29558.387222222223
2023-12-04 19:00:00+00:00,21011.78777777778,21011.78777777778
2023-12-04 20:00:00+00:00,21057.680277777778,21011.78777777778
2023-12-04 21:00:00+00:00,13641.12,13641.12
2023-12-04 22:00:00+00:00,10031.066111111111,10031.066111111111
2023-12-04 23:00:00+00:00,8742.855555555556,8742.855555555556
2023-12-05 00:00:00+00:00,7386.115,7386.115
2023-12-05 01:00:00+00:00,7978.171944444444,7978.171944444444
2023-12-05 02:00:00+00:00,7784.663888888889,7784.663888888889
2023-12-05 03:00:00+00:00,8300.485555555555,7784.663888888889
2023-12-05 04:00:00+00:00,35480.85805555555,35480.85805555555
2023-12-05 05:00:00+00:00,24438.764722222222,24438.764722222222
2023-12-05 06:00:00+00:00,31961.319166666668,31961.319166666668
2023-12-05 07:00:00+00:00,27545.339722222223,27545.339722222223
2023-12-05 08:00:00+00:00,32396.786944444444,27545.339722222223
2023-12-05 09:00:00+00:00,16804.096944444445,16804.096944444445
2023-12-05 10:00:00+00:00,36628.80527777778,36628.80527777778
2023-12-05 11:00:00+00:00,45783.55611111111,45783.55611111111
2023-12-05 12:00:00+00:00,22075.742777777778,22075.742777777778
2023-12-05 13:00:00+00:00,41351.28555555556,41351.28555555556
2023-12-05 14:00:00+00:00,38891.60861111112,41351.28555555556
2023-12-05 15:00:00+00:00,59343.80666666666,59343.80666666666
2023-12-05 16:00:00+00:00,13059.999722222225,13059.999722222225
2023-12-05 17:00:00+00:00,16298.208888888888,16298.208888888888
2023-12-05 18:00:00+00:00,15618.655833333334,16298.208888888888
2023-12-05 19:00:00+00:00,18417.687222222223,18417.687222222223
2023-12-05 20:00:00+00:00,76606.07277777778,76606.07277777778
2023-12-05 21:00:00+00:00,15976.675833333333,15976.675833333333
2023-12-05 22:00:00+00:00,13043.395555555557,15976.675833333333
2023-12-05 23:00:00+00:00,11067.879444444445,11067.879444444445
2023-12-06 00:00:00+00:00,10680.708888888888,10680.708888888888
2023-12-06 01:00:00+00:00,11042.39361111111,11042.39361111111
2023-12-06 02:00:00+00:00,15185.030555555555,11042.39361111111
2023-12-06 03:00:00+00:00,16359.76861111111,16359.76861111111
2023-12-06 04:00:00+00:00,32155.974166666667,32155.974166666667
2023-12-06 05:00:00+00:00,44433.50305555556,44433.50305555556
2023-12-06 06:00:00+00:00,25144.746666666662,25144.746666666662
2023-12-06 07:00:00+00:00,28631.415555555555,28631.415555555555
2023-12-06 08:00:00+00:00,79428.37583333334,79428.37583333334
2023-12-06 09:00:00+00:00,34980.86083333333,34980.86083333333
2023-12-06 10:00:00+00:00,27697.109166666665,34980.86083333333
2023-12-06 11:00:00+00:00,36747.953055555554,36747.953055555554
2023-12-06 12:00:00+00:00,26427.35111111111,26427.35111111111
2023-12-06 13:00:00+00:00,15131.3175,15131.3175
2023-12-06 14:00:00+00:00,28198.2525,28198.2525
2023-12-06 15:00:00+00:00,18402.52111111111,18402.52111111111
2023-12-06 16:00:00+00:00,17526.40611111111,18402.52111111111
2023-12-06 17:00:00+00:00,26197.594166666662,26197.594166666662
2023-12-06 18:00:00+00:00,24084.278055555555,24084.278055555555
2023-12-06 19:00:00+00:00,18636.76805555556,18636.76805555556
2023-12-06 20:00:00+00:00,62459.19833333333,62459.19833333333
2023-12-06 21:00:00+00:00,15864.087222222222,15864.087222222222
2023-12-06 22:00:00+00:00,25272.463888888888,25272.463888888888
2023-12-06 23:00:00+00:00,11242.840833333334,11242.840833333334
2023-12-07 00:00:00+00:00,10896.142222222225,10896.142222222225
2023-12-07 01:00:00+00:00,9755.886388888888,9755.886388888888
2023-12-07 02:00:00+00:00,10161.55361111111,10161.55361111111
2023-12-07 03:00:00+00:00,10083.142777777775,10083.142777777775
2023-12-07 04:00:00+00:00,9665.865555555556,9665.865555555556
2023-12-07 05:00:00+00:00,23555.16638888889,23555.16638888889
2023-12-07 06:00:00+00:00,43948.23583333333,43948.23583333333
2023-12-07 07:00:00+00:00,48642.79472222222,48642.79472222222
2023-12-07 08:00:00+00:00,22590.516666666663,22590.516666666663
2023-12-07 09:00:00+00:00,36809.11222222223,36809.11222222223
2023-12-07 10:00:00+00:00,66847.48666666666,66847.48666666666
2023-12-07 11:00:00+00:00,34347.56722222222,66847.48666666666
2023-12-07 12:00:00+00:00,21918.250555555554,66847.48666666666
2023-12-07 13:00:00+00:00,15103.892222222225,15103.892222222225
2023-12-07 14:00:00+00:00,25770.330833333333,25770.330833333333
2023-12-07 15:00:00+00:00,21502.768333333333,21502.768333333333
2023-12-07 16:00:00+00:00,16407.477777777778,16407.477777777778
2023-12-07 17:00:00+00:00,46494.0975,16407.477777777778
2023-12-07 18:00:00+00:00,17267.4675,17267.4675
2023-12-07 19:00:00+00:00,9725.045277777775,9725.045277777775
2023-12-07 20:00:00+00:00,28115.17861111111,28115.17861111111
2023-12-07 21:00:00+00:00,6666.989444444444,6666.989444444444
2023-12-07 22:00:00+00:00,3998.494166666667,3998.494166666667
2023-12-07 23:00:00+00:00,3137.5983333333334,3137.5983333333334
2023-12-08 00:00:00+00:00,3275.810555555556,3275.810555555556
2023-12-08 01:00:00+00:00,3187.236388888889,3187.236388888889
2023-12-08 02:00:00+00:00,4015.925,3187.236388888889
2023-12-08 03:00:00+00:00,9651.993333333334,9651.993333333334
2023-12-08 04:00:00+00:00,7315.686944444445,9651.993333333334
2023-12-08 05:00:00+00:00,49626.6375,49626.6375
2023-12-08 06:00:00+00:00,50934.01305555556,50934.01305555556
2023-12-08 07:00:00+00:00,12595.184166666666,12595.184166666666
2023-12-08 08:00:00+00:00,14667.691388888888,14667.691388888888
2023-12-08 09:00:00+00:00,11525.850277777778,11525.850277777778
2023-12-08 10:00:00+00:00,25259.518888888888,25259.518888888888
2023-12-08 11:00:00+00:00,45969.91222222222,45969.91222222222
2023-12-08 12:00:00+00:00,24416.705,24416.705
2023-12-08 13:00:00+00:00,13805.478055555555,13805.478055555555
2023-12-08 14:00:00+00:00,27866.274166666662,27866.274166666662
2023-12-08 15:00:00+00:00,13254.778055555556,13254.778055555556
2023-12-08 16:00:00+00:00,27133.487777777777,13254.778055555556
2023-12-08 17:00:00+00:00,12623.145,12623.145
2023-12-08 18:00:00+00:00,16711.748055555556,16711.748055555556
2023-12-08 19:00:00+00:00,15227.273333333333,15227.273333333333
2023-12-08 20:00:00+00:00,25398.80833333333,25398.80833333333
2023-12-08 21:00:00+00:00,9422.438055555556,9422.438055555556
2023-12-08 22:00:00+00:00,3760.255277777778,3760.255277777778
2023-12-08 23:00:00+00:00,2518.325277777778,2518.325277777778
2023-12-09 00:00:00+00:00,4805.575555555555,4805.575555555555
2023-12-09 01:00:00+00:00,1288.1366666666668,1288.1366666666668
2023-12-09 02:00:00+00:00,4891.0858333333335,4891.0858333333335
2023-12-09 03:00:00+00:00,2237.112777777778,2237.112777777778
2023-12-09 04:00:00+00:00,3907.446944444445,3907.446944444445
2023-12-09 05:00:00+00:00,5284.4325,5284.4325
2023-12-09 06:00:00+00:00,9774.176944444444,9774.176944444444
2023-12-09 07:00:00+00:00,37247.56805555556,37247.56805555556
2023-12-09 08:00:00+00:00,8849.324166666667,8849.324166666667
2023-12-09 09:00:00+00:00,10954.08888888889,10954.08888888889
2023-12-09 10:00:00+00:00,19400.74805555556,19400.74805555556
2023-12-09 11:00:00+00:00,14264.357777777775,14264.357777777775
2023-12-09 12:00:00+00:00,12767.84638888889,12767.84638888889
2023-12-09 13:00:00+00:00,10196.498333333331,10196.498333333331
2023-12-09 14:00:00+00:00,14200.14,14200.14
2023-12-09 15:00:00+00:00,3903.0316666666663,3903.0316666666663
2023-12-09 16:00:00+00:00,28034.365833333333,28034.365833333333
2023-12-09 17:00:00+00:00,11720.178055555556,11720.178055555556
2023-12-09 18:00:00+00:00,59047.49611111111,11720.178055555556
2023-12-09 19:00:00+00:00,11378.067777777778,11378.067777777778
2023-12-09 20:00:00+00:00,15284.27527777778,15284.27527777778
2023-12-09 21:00:00+00:00,8980.173888888889,8980.173888888889
2023-12-09 22:00:00+00:00,2946.2408333333333,8980.173888888889
2023-12-09 23:00:00+00:00,2088.560833333333,2088.560833333333
2023-12-10 00:00:00+00:00,1937.9030555555555,1937.9030555555555
2023-12-10 01:00:00+00:00,2124.713333333333,2124.713333333333
2023-12-10 02:00:00+00:00,2283.276388888889,2283.276388888889
2023-12-10 03:00:00+00:00,3515.7891666666665,2283.276388888889
2023-12-10 04:00:00+00:00,3251.843888888889,3251.843888888889
2023-12-10 05:00:00+00:00,6275.998333333333,6275.998333333333
2023-12-10 06:00:00+00:00,33944.303611111114,33944.303611111114
2023-12-10 07:00:00+00:00,17992.553333333333,17992.553333333333
2023-12-10 08:00:00+00:00,15101.290277777778,15101.290277777778
2023-12-10 09:00:00+00:00,27628.292222222222,27628.292222222222
2023-12-10 10:00:00+00:00,9765.678333333331,9765.678333333331
2023-12-10 11:00:00+00:00,8667.648333333333,8667.648333333333
2023-12-10 12:00:00+00:00,16113.52638888889,16113.52638888889
2023-12-10 13:00:00+00:00,32200.56388888889,32200.56388888889
2023-12-10 14:00:00+00:00,27655.036944444444,27655.036944444444
2023-12-10 15:00:00+00:00,33298.34444444445,33298.34444444445
2023-12-10 16:00:00+00:00,25166.33944444445,25166.33944444445
2023-12-10 17:00:00+00:00,24584.97888888889,24584.97888888889
2023-12-10 18:00:00+00:00,47357.91305555555,47357.91305555555
2023-12-10 19:00:00+00:00,27590.09527777778,27590.09527777778
2023-12-10 20:00:00+00:00,20635.78805555556,20635.78805555556
2023-12-10 21:00:00+00:00,15492.77861111111,15492.77861111111
2023-12-10 22:00:00+00:00,34629.35,34629.35
2023-12-10 23:00:00+00:00,12313.28388888889,12313.28388888889
2023-12-11 00:00:00+00:00,12354.703055555556,12354.703055555556
2023-12-11 01:00:00+00:00,12826.494444444445,12826.494444444445
2023-12-11 02:00:00+00:00,10888.110833333334,10888.110833333334
2023-12-11 03:00:00+00:00,41591.025,41591.025
2023-12-11 04:00:00+00:00,30591.59833333333,30591.59833333333
2023-12-11 05:00:00+00:00,43836.08083333333,43836.08083333333
2023-12-11 06:00:00+00:00,46446.293333333335,46446.293333333335
2023-12-11 07:00:00+00:00,46529.01305555556,46529.01305555556
2023-12-11 08:00:00+00:00,41727.29972222223,41727.29972222223
2023-12-11 09:00:00+00:00,36622.091944444444,36622.091944444444
2023-12-11 10:00:00+00:00,36554.67277777778,36554.67277777778
2023-12-11 11:00:00+00:00,25478.57972222222,25478.57972222222
2023-12-11 12:00:00+00:00,86134.56972222222,86134.56972222222
2023-12-11 13:00:00+00:00,62319.49,62319.49
2023-12-11 14:00:00+00:00,17915.995277777776,17915.995277777776
2023-12-11 15:00:00+00:00,31219.598055555554,31219.598055555554
2023-12-11 16:00:00+00:00,52677.78666666667,52677.78666666667
2023-12-11 17:00:00+00:00,68791.41305555556,68791.41305555556
2023-12-11 18:00:00+00:00,10454.397222222222,10454.397222222222
2023-12-11 19:00:00+00:00,14611.122222222222,14611.122222222222
2023-12-11 20:00:00+00:00,26668.283333333333,26668.283333333333
2023-12-11 21:00:00+00:00,27821.938611111116,27821.938611111116
2023-12-11 22:00:00+00:00,12127.820277777775,12127.820277777775
2023-12-11 23:00:00+00:00,16706.22527777778,12127.820277777775
2023-12-12 00:00:00+00:00,36677.58472222222,36677.58472222222
2023-12-12 01:00:00+00:00,22426.62777777778,22426.62777777778
2023-12-12 02:00:00+00:00,6521.058611111112,6521.058611111112
2023-12-12 03:00:00+00:00,11543.338055555556,11543.338055555556
2023-12-12 04:00:00+00:00,21617.605277777777,21617.605277777777
2023-12-12 05:00:00+00:00,12724.669444444444,12724.669444444444
2023-12-12 06:00:00+00:00,26411.0925,26411.0925
2023-12-12 07:00:00+00:00,16658.944722222222,16658.944722222222
2023-12-12 08:00:00+00:00,43546.31166666667,43546.31166666667
2023-12-12 09:00:00+00:00,36963.32027777778,36963.32027777778
2023-12-12 10:00:00+00:00,57703.22888888889,57703.22888888889
2023-12-12 11:00:00+00:00,29532.129166666666,29532.129166666666
2023-12-12 12:00:00+00:00,17509.796666666665,17509.796666666665
2023-12-12 13:00:00+00:00,16428.298333333332,16428.298333333332
2023-12-12 14:00:00+00:00,90192.28111111112,90192.28111111112
2023-12-12 15:00:00+00:00,69175.28027777778,69175.28027777778
2023-12-12 16:00:00+00:00,63666.74277777778,63666.74277777778
2023-12-12 17:00:00+00:00,42470.33805555556,42470.33805555556
2023-12-12 18:00:00+00:00,21762.669166666667,21762.669166666667
2023-12-12 19:00:00+00:00,21156.1075,21156.1075
2023-12-12 20:00:00+00:00,20467.0925,20467.0925
2023-12-12 21:00:00+00:00,34713.46638888889,34713.46638888889
2023-12-12 22:00:00+00:00,34152.21277777778,34152.21277777778
2023-12-12 23:00:00+00:00,12250.73027777778,12250.73027777778
2023-12-13 00:00:00+00:00,152586.92472222223,152586.92472222223
2023-12-13 01:00:00+00:00,15641.828333333331,15641.828333333331
2023-12-13 02:00:00+00:00,13328.901944444444,13328.901944444444
2023-12-13 03:00:00+00:00,20455.7025,20455.7025
2023-12-13 04:00:00+00:00,55324.52027777778,55324.52027777778
2023-12-13 05:00:00+00:00,64307.176666666666,64307.176666666666
2023-12-13 06:00:00+00:00,37518.57861111111,37518.57861111111
2023-12-13 07:00:00+00:00,40004.10055555555,37518.57861111111
2023-12-13 08:00:00+00:00,45711.45861111111,37518.57861111111
2023-12-13 09:00:00+00:00,73918.40555555555,73918.40555555555
2023-12-13 10:00:00+00:00,50562.64666666667,50562.64666666667
2023-12-13 11:00:00+00:00,77750.21083333333,77750.21083333333
2023-12-13 12:00:00+00:00,56698.81277777778,56698.81277777778
2023-12-13 13:00:00+00:00,64124.2275,64124.2275
2023-12-13 14:00:00+00:00,24716.519166666665,24716.519166666665
2023-12-13 15:00:00+00:00,25199.623333333333,25199.623333333333
2023-12-13 16:00:00+00:00,35474.93472222222,35474.93472222222
2023-12-13 17:00:00+00:00,36959.638333333336,36959.638333333336
2023-12-13 18:00:00+00:00,33767.07666666667,33767.07666666667
2023-12-13 19:00:00+00:00,14261.222777777775,14261.222777777775
2023-12-13 20:00:00+00:00,9711.565555555557,9711.565555555557
2023-12-13 21:00:00+00:00,15814.922222222222,15814.922222222222
2023-12-13 22:00:00+00:00,7689.414444444445,7689.414444444445
2023-12-13 23:00:00+00:00,1181.4741666666666,1181.4741666666666
2023-12-14 00:00:00+00:00,4583.622222222222,4583.622222222222
2023-12-14 01:00:00+00:00,1407.8366666666666,1407.8366666666666
2023-12-14 02:00:00+00:00,987.2408333333332,987.2408333333332
2023-12-14 03:00:00+00:00,11244.105833333331,11244.105833333331
2023-12-14 04:00:00+00:00,68106.79972222222,68106.79972222222
2023-12-14 05:00:00+00:00,49855.10194444445,49855.10194444445
2023-12-14 06:00:00+00:00,27016.48833333333,27016.48833333333
2023-12-14 07:00:00+00:00,36848.45,36848.45
2023-12-14 08:00:00+00:00,63455.81555555556,36848.45
2023-12-14 09:00:00+00:00,26414.06527777778,26414.06527777778
2023-12-14 10:00:00+00:00,14651.83111111111,14651.83111111111
2023-12-14 11:00:00+00:00,20080.73277777778,20080.73277777778
2023-12-14 12:00:00+00:00,32026.176666666663,32026.176666666663
2023-12-14 13:00:00+00:00,37050.12583333333,37050.12583333333
2023-12-14 14:00:00+00:00,19661.345,19661.345
2023-12-14 15:00:00+00:00,13102.536666666669,13102.536666666669
2023-12-14 16:00:00+00:00,6351.079722222222,6351.079722222222
2023-12-14 17:00:00+00:00,22449.457222222223,22449.457222222223
2023-12-14 18:00:00+00:00,62431.29,62431.29
2023-12-14 19:00:00+00:00,16406.034166666668,16406.034166666668
2023-12-14 20:00:00+00:00,19862.48611111111,19862.48611111111
2023-12-14 21:00:00+00:00,15994.763055555555,15994.763055555555
2023-12-14 22:00:00+00:00,13377.881111111112,13377.881111111112
2023-12-14 23:00:00+00:00,12173.86,12173.86
2023-12-15 00:00:00+00:00,49961.34166666667,49961.34166666667
2023-12-15 01:00:00+00:00,9611.088055555556,9611.088055555556
2023-12-15 02:00:00+00:00,16459.1575,16459.1575
2023-12-15 03:00:00+00:00,9716.350277777778,9716.350277777778
2023-12-15 04:00:00+00:00,15334.025,15334.025
2023-12-15 05:00:00+00:00,57870.98111111111,57870.98111111111
2023-12-15 06:00:00+00:00,11880.774722222222,11880.774722222222
2023-12-15 07:00:00+00:00,49495.69722222223,49495.69722222223
2023-12-15 08:00:00+00:00,13720.767222222225,13720.767222222225
2023-12-15 09:00:00+00:00,35104.63361111111,13720.767222222225
2023-12-15 10:00:00+00:00,24302.786666666667,24302.786666666667
2023-12-15 11:00:00+00:00,22755.935833333333,22755.935833333333
2023-12-15 12:00:00+00:00,17902.0725,22755.935833333333
2023-12-15 13:00:00+00:00,27314.448333333334,27314.448333333334
2023-12-15 14:00:00+00:00,26409.36083333333,26409.36083333333
2023-12-15 15:00:00+00:00,17863.047777777778,17863.047777777778
2023-12-15 16:00:00+00:00,46861.17055555555,17863.047777777778
2023-12-15 17:00:00+00:00,8033.131666666667,8033.131666666667
2023-12-15 18:00:00+00:00,26575.251111111116,26575.251111111116
2023-12-15 19:00:00+00:00,22926.881388888887,22926.881388888887
2023-12-15 20:00:00+00:00,7529.1594444444445,7529.1594444444445
2023-12-15 21:00:00+00:00,9229.323055555556,9229.323055555556
2023-12-15 22:00:00+00:00,2306.787222222222,2306.787222222222
2023-12-15 23:00:00+00:00,1715.5372222222222,1715.5372222222222
2023-12-16 00:00:00+00:00,9120.486111111111,9120.486111111111
2023-12-16 01:00:00+00:00,10530.923055555557,10530.923055555557
2023-12-16 02:00:00+00:00,10214.833055555557,10214.833055555557
2023-12-16 03:00:00+00:00,10724.028055555556,10724.028055555556
2023-12-16 04:00:00+00:00,13310.189166666669,13310.189166666669
2023-12-16 05:00:00+00:00,35099.14833333333,35099.14833333333
2023-12-16 06:00:00+00:00,11322.0975,11322.0975
2023-12-16 07:00:00+00:00,18588.24388888889,18588.24388888889
2023-12-16 08:00:00+00:00,22795.57583333333,22795.57583333333
2023-12-16 09:00:00+00:00,15917.068611111112,15917.068611111112
2023-12-16 10:00:00+00:00,13263.782777777778,15917.068611111112
2023-12-16 11:00:00+00:00,19090.0275,19090.0275
2023-12-16 12:00:00+00:00,27171.02361111111,27171.02361111111
2023-12-16 13:00:00+00:00,16517.03111111111,16517.03111111111
2023-12-16 14:00:00+00:00,10966.673333333334,10966.673333333334
2023-12-16 15:00:00+00:00,16187.394166666669,16187.394166666669
2023-12-16 16:00:00+00:00,7953.558333333333,7953.558333333333
2023-12-16 17:00:00+00:00,15813.300277777778,15813.300277777778
2023-12-16 18:00:00+00:00,14476.820833333331,14476.820833333331
2023-12-16 19:00:00+00:00,16967.715555555555,16967.715555555555
2023-12-16 20:00:00+00:00,18108.495277777776,18108.495277777776
2023-12-16 21:00:00+00:00,20224.44361111111,20224.44361111111
2023-12-16 22:00:00+00:00,14651.13,14651.13
2023-12-16 23:00:00+00:00,13016.552222222224,13016.552222222224
2023-12-17 00:00:00+00:00,11901.627777777778,11901.627777777778
2023-12-17 01:00:00+00:00,11017.158055555556,11017.158055555556
2023-12-17 02:00:00+00:00,8083.225277777778,8083.225277777778
2023-12-17 03:00:00+00:00,8634.5775,8634.5775
2023-12-17 04:00:00+00:00,8340.745277777778,8634.5775
2023-12-17 05:00:00+00:00,8990.89138888889,8990.89138888889
2023-12-17 06:00:00+00:00,12999.0775,12999.0775
2023-12-17 07:00:00+00:00,11025.614722222224,11025.614722222224
2023-12-17 08:00:00+00:00,15425.635555555556,15425.635555555556
2023-12-17 09:00:00+00:00,53981.20916666667,53981.20916666667
2023-12-17 10:00:00+00:00,18106.077777777777,18106.077777777777
2023-12-17 11:00:00+00:00,11234.509722222225,11234.509722222225
2023-12-17 12:00:00+00:00,16188.884722222225,16188.884722222225
2023-12-17 13:00:00+00:00,27557.86333333333,16188.884722222225
2023-12-17 14:00:00+00:00,16457.560833333333,16457.560833333333
2023-12-17 15:00:00+00:00,21252.379444444443,21252.379444444443
2023-12-17 16:00:00+00:00,11195.55,11195.55
2023-12-17 17:00:00+00:00,7874.866388888889,7874.866388888889
2023-12-17 18:00:00+00:00,10125.7625,10125.7625
2023-12-17 19:00:00+00:00,69343.51861111111,69343.51861111111
2023-12-17 20:00:00+00:00,11490.046388888888,11490.046388888888
2023-12-17 21:00:00+00:00,14028.99111111111,14028.99111111111
2023-12-17 22:00:00+00:00,15012.29388888889,15012.29388888889
2023-12-17 23:00:00+00:00,10744.882777777775,10744.882777777775
2023-12-18 00:00:00+00:00,10948.42861111111,10948.42861111111
2023-12-18 01:00:00+00:00,13624.0975,13624.0975
2023-12-18 02:00:00+00:00,10123.076944444443,10123.076944444443
2023-12-18 03:00:00+00:00,13233.586111111112,13233.586111111112
2023-12-18 04:00:00+00:00,29228.221388888887,29228.221388888887
2023-12-18 05:00:00+00:00,25520.92805555556,25520.92805555556
2023-12-18 06:00:00+00:00,61847.66194444445,61847.66194444445
2023-12-18 07:00:00+00:00,27958.05222222222,27958.05222222222
2023-12-18 08:00:00+00:00,25690.097777777777,25690.097777777777
2023-12-18 09:00:00+00:00,14478.1925,14478.1925
2023-12-18 10:00:00+00:00,18913.069166666668,18913.069166666668
2023-12-18 11:00:00+00:00,25456.540833333333,25456.540833333333
2023-12-18 12:00:00+00:00,30862.553888888888,30862.553888888888
2023-12-18 13:00:00+00:00,15266.985,15266.985
2023-12-18 14:00:00+00:00,17547.6925,17547.6925
2023-12-18 15:00:00+00:00,16750.93666666667,16750.93666666667
2023-12-18 16:00:00+00:00,12727.869166666667,12727.869166666667
2023-12-18 17:00:00+00:00,19840.791666666668,19840.791666666668
2023-12-18 18:00:00+00:00,20690.88833333333,20690.88833333333
2023-12-18 19:00:00+00:00,16733.65472222222,16733.65472222222
2023-12-18 20:00:00+00:00,13551.798611111111,13551.798611111111
2023-12-18 21:00:00+00:00,24893.24861111111,24893.24861111111
2023-12-18 22:00:00+00:00,14372.344444444445,14372.344444444445
2023-12-18 23:00:00+00:00,13756.06,13756.06
2023-12-19 00:00:00+00:00,12027.096111111112,12027.096111111112
2023-12-19 01:00:00+00:00,9990.650555555556,9990.650555555556
2023-12-19 02:00:00+00:00,8316.215,8316.215
2023-12-19 03:00:00+00:00,9775.896111111111,8316.215
2023-12-19 04:00:00+00:00,35943.41111111111,35943.41111111111
2023-12-19 05:00:00+00:00,17821.817222222224,17821.817222222224
2023-12-19 06:00:00+00:00,23025.07222222222,23025.07222222222
2023-12-19 07:00:00+00:00,17740.931944444445,17740.931944444445
2023-12-19 08:00:00+00:00,18673.446944444444,18673.446944444444
2023-12-19 09:00:00+00:00,16016.281111111111,16016.281111111111
2023-12-19 10:00:00+00:00,16186.74888888889,16186.74888888889
2023-12-19 11:00:00+00:00,40175.02416666667,40175.02416666667
2023-12-19 12:00:00+00:00,11311.556944444445,11311.556944444445
2023-12-19 13:00:00+00:00,22875.264722222222,22875.264722222222
2023-12-19 14:00:00+00:00,13147.379722222222,13147.379722222222
2023-12-19 15:00:00+00:00,14401.443888888887,14401.443888888887
2023-12-19 16:00:00+00:00,5747.2225,5747.2225
2023-12-19 17:00:00+00:00,5764.548333333333,5747.2225
2023-12-19 18:00:00+00:00,12190.364444444444,12190.364444444444
2023-12-19 19:00:00+00:00,20337.994166666667,20337.994166666667
2023-12-19 20:00:00+00:00,88801.5136111111,88801.5136111111
2023-12-19 21:00:00+00:00,29305.155,29305.155
2023-12-19 22:00:00+00:00,32642.7675,29305.155
2023-12-19 23:00:00+00:00,13580.285277777775,13580.285277777775
2023-12-20 00:00:00+00:00,14320.857777777775,14320.857777777775
2023-12-20 01:00:00+00:00,13175.405,14320.857777777775
2023-12-20 02:00:00+00:00,13207.5675,13207.5675
2023-12-20 03:00:00+00:00,13655.986944444445,13655.986944444445
2023-12-20 04:00:00+00:00,19456.399166666662,13655.986944444445
2023-12-20 05:00:00+00:00,29163.36611111111,29163.36611111111
2023-12-20 06:00:00+00:00,17811.003333333334,17811.003333333334
2023-12-20 07:00:00+00:00,26422.45388888889,26422.45388888889
2023-12-20 08:00:00+00:00,22993.45111111111,22993.45111111111
2023-12-20 09:00:00+00:00,19047.346388888887,19047.346388888887
2023-12-20 10:00:00+00:00,12940.134166666669,12940.134166666669
2023-12-20 11:00:00+00:00,17349.18833333333,17349.18833333333
2023-12-20 12:00:00+00:00,28072.37,28072.37
2023-12-20 13:00:00+00:00,12409.630555555555,12409.630555555555
2023-12-20 14:00:00+00:00,15851.45388888889,15851.45388888889
2023-12-20 15:00:00+00:00,10750.574444444444,15851.45388888889
2023-12-20 16:00:00+00:00,6845.055833333333,6845.055833333333
2023-12-20 17:00:00+00:00,11396.806944444445,11396.806944444445
2023-12-20 18:00:00+00:00,12756.600833333334,12756.600833333334
2023-12-20 19:00:00+00:00,16083.648888888889,16083.648888888889
2023-12-20 20:00:00+00:00,19702.75,19702.75
2023-12-20 21:00:00+00:00,9791.705277777775,9791.705277777775
2023-12-20 22:00:00+00:00,5242.7075,5242.7075
2023-12-20 23:00:00+00:00,2192.5827777777777,2192.5827777777777
2023-12-21 00:00:00+00:00,1682.888611111111,1682.888611111111
2023-12-21 01:00:00+00:00,3158.8927777777776,3158.8927777777776
2023-12-21 02:00:00+00:00,3360.6158333333333,3360.6158333333333
2023-12-21 03:00:00+00:00,3275.938611111111,3275.938611111111
2023-12-21 04:00:00+00:00,6206.459722222222,6206.459722222222
2023-12-21 05:00:00+00:00,4730.904166666666,4730.904166666666
2023-12-21 06:00:00+00:00,27462.56,27462.56
2023-12-21 07:00:00+00:00,41412.65138888889,41412.65138888889
2023-12-21 08:00:00+00:00,27499.930277777778,27499.930277777778
2023-12-21 09:00:00+00:00,8058.739722222223,8058.739722222223
2023-12-21 10:00:00+00:00,5219.163888888889,5219.163888888889
2023-12-21 11:00:00+00:00,26494.92638888889,26494.92638888889
2023-12-21 12:00:00+00:00,10628.06111111111,26494.92638888889
2023-12-21 13:00:00+00:00,64366.38416666666,64366.38416666666
2023-12-21 14:00:00+00:00,27818.751944444444,64366.38416666666
2023-12-21 15:00:00+00:00,3201.311111111111,3201.311111111111
2023-12-21 16:00:00+00:00,13231.278055555556,3201.311111111111
2023-12-21 17:00:00+00:00,25502.63888888889,25502.63888888889
2023-12-21 18:00:00+00:00,7409.741388888889,7409.741388888889
2023-12-21 19:00:00+00:00,55530.136666666665,55530.136666666665
2023-12-21 20:00:00+00:00,3093.657222222222,3093.657222222222
2023-12-21 21:00:00+00:00,40476.05583333333,40476.05583333333
2023-12-21 22:00:00+00:00,1407.2186111111112,1407.2186111111112
2023-12-21 23:00:00+00:00,1314.766111111111,1314.766111111111
2023-12-22 00:00:00+00:00,954.2688888888888,954.2688888888888
2023-12-22 01:00:00+00:00,654.4727777777778,654.4727777777778
2023-12-22 02:00:00+00:00,461.7705555555556,461.7705555555556
2023-12-22 03:00:00+00:00,3179.8991666666666,3179.8991666666666
2023-12-22 04:00:00+00:00,1077.2775,1077.2775
2023-12-22 05:00:00+00:00,2265.3119444444446,2265.3119444444446
2023-12-22 06:00:00+00:00,3124.280555555556,3124.280555555556
2023-12-22 07:00:00+00:00,3431.880833333333,3431.880833333333
2023-12-22 08:00:00+00:00,3547.613888888889,3547.613888888889
2023-12-22 09:00:00+00:00,4229.360277777778,4229.360277777778
2023-12-22 10:00:00+00:00,4248.863888888889,4248.863888888889
2023-12-22 11:00:00+00:00,4479.443888888889,4479.443888888889
2023-12-22 12:00:00+00:00,10855.02638888889,10855.02638888889
2023-12-22 13:00:00+00:00,2279.009722222222,2279.009722222222
2023-12-22 14:00:00+00:00,9419.614166666666,2279.009722222222
2023-12-22 15:00:00+00:00,5291.1275,5291.1275
2023-12-22 16:00:00+00:00,3529.1105555555555,3529.1105555555555
2023-12-22 17:00:00+00:00,6132.392222222222,6132.392222222222
2023-12-22 18:00:00+00:00,5273.167777777778,5273.167777777778
2023-12-22 19:00:00+00:00,11442.245277777778,11442.245277777778
2023-12-22 20:00:00+00:00,14225.288888888888,14225.288888888888
2023-12-22 21:00:00+00:00,2598.958333333333,2598.958333333333
2023-12-22 22:00:00+00:00,13816.804444444444,13816.804444444444
2023-12-22 23:00:00+00:00,1363.5666666666666,1363.5666666666666
2023-12-23 00:00:00+00:00,1082.683888888889,1082.683888888889
2023-12-23 01:00:00+00:00,623.7013888888889,623.7013888888889
2023-12-23 02:00:00+00:00,946.0241666666668,946.0241666666668
2023-12-23 03:00:00+00:00,807.8502777777778,807.8502777777778
2023-12-23 04:00:00+00:00,888.4238888888889,888.4238888888889
2023-12-23 05:00:00+00:00,866.5088888888889,866.5088888888889
2023-12-23 06:00:00+00:00,2220.465277777778,2220.465277777778
2023-12-23 07:00:00+00:00,2865.7633333333333,2220.465277777778
2023-12-23 08:00:00+00:00,3252.278333333333,3252.278333333333
2023-12-23 09:00:00+00:00,3282.255277777778,3282.255277777778
2023-12-23 10:00:00+00:00,2503.438055555556,3282.255277777778
2023-12-23 11:00:00+00:00,3396.005833333333,3396.005833333333
2023-12-23 12:00:00+00:00,2302.041388888889,2302.041388888889
2023-12-23 13:00:00+00:00,3815.429444444445,3815.429444444445
2023-12-23 14:00:00+00:00,2090.116111111111,2090.116111111111
2023-12-23 15:00:00+00:00,1260.2052777777778,1260.2052777777778
2023-12-23 16:00:00+00:00,3313.4822222222224,3313.4822222222224
2023-12-23 17:00:00+00:00,2893.5672222222224,2893.5672222222224
2023-12-23 18:00:00+00:00,2275.968888888889,2275.968888888889
2023-12-23 19:00:00+00:00,5787.788611111111,5787.788611111111
2023-12-23 20:00:00+00:00,4877.233888888889,4877.233888888889
2023-12-23 21:00:00+00:00,2769.569722222222,2769.569722222222
2023-12-23 22:00:00+00:00,1360.4083333333333,1360.4083333333333
2023-12-23 23:00:00+00:00,1281.3819444444443,1281.3819444444443
2023-12-24 00:00:00+00:00,780.4372222222222,780.4372222222222
2023-12-24 01:00:00+00:00,990.0075,990.0075
2023-12-24 02:00:00+00:00,973.7411111111112,990.0075
2023-12-24 03:00:00+00:00,4916.036111111112,4916.036111111112
2023-12-24 04:00:00+00:00,1150.375,1150.375
2023-12-24 05:00:00+00:00,1031.7091666666668,1031.7091666666668
2023-12-24 06:00:00+00:00,2230.845555555556,2230.845555555556
2023-12-24 07:00:00+00:00,3510.490555555556,3510.490555555556
2023-12-24 08:00:00+00:00,1230.9691666666668,1230.9691666666668
2023-12-24 09:00:00+00:00,1263.2572222222225,1263.2572222222225
2023-12-24 10:00:00+00:00,1996.3641666666667,1996.3641666666667
2023-12-24 11:00:00+00:00,1861.368888888889,1861.368888888889
2023-12-24 12:00:00+00:00,1692.0013888888889,1861.368888888889
2023-12-24 13:00:00+00:00,957.2516666666668,1861.368888888889
2023-12-24 14:00:00+00:00,4393.116944444444,4393.116944444444
2023-12-24 15:00:00+00:00,2263.445277777778,2263.445277777778
2023-12-24 16:00:00+00:00,2547.8747222222223,2547.8747222222223
2023-12-24 17:00:00+00:00,1862.0594444444444,2547.8747222222223
2023-12-24 18:00:00+00:00,1840.9633333333331,1840.9633333333331
2023-12-24 19:00:00+00:00,2591.9694444444444,2591.9694444444444
2023-12-24 20:00:00+00:00,3072.358888888889,3072.358888888889
2023-12-24 21:00:00+00:00,1838.223888888889,1838.223888888889
2023-12-24 22:00:00+00:00,3239.2102777777777,3239.2102777777777
2023-12-24 23:00:00+00:00,1030.0088888888888,1030.0088888888888
2023-12-25 00:00:00+00:00,779.9013888888888,779.9013888888888
2023-12-25 01:00:00+00:00,763.0025,763.0025
2023-12-25 02:00:00+00:00,549.7041666666667,549.7041666666667
2023-12-25 03:00:00+00:00,950.8541666666666,950.8541666666666
2023-12-25 04:00:00+00:00,2326.6094444444443,2326.6094444444443
2023-12-25 05:00:00+00:00,1422.7866666666666,1422.7866666666666
2023-12-25 06:00:00+00:00,7042.3775,7042.3775
2023-12-25 07:00:00+00:00,3062.5027777777777,3062.5027777777777
2023-12-25 08:00:00+00:00,2725.493611111111,2725.493611111111
2023-12-25 09:00:00+00:00,6525.471666666666,6525.471666666666
2023-12-25 10:00:00+00:00,5839.114444444444,5839.114444444444
2023-12-25 11:00:00+00:00,2903.5319444444444,2903.5319444444444
2023-12-25 12:00:00+00:00,4309.584444444445,4309.584444444445
2023-12-25 13:00:00+00:00,18186.67583333333,18186.67583333333
2023-12-25 14:00:00+00:00,5873.981944444445,5873.981944444445
2023-12-25 15:00:00+00:00,4482.637222222223,4482.637222222223
2023-12-25 16:00:00+00:00,1866.9877777777776,1866.9877777777776
2023-12-25 17:00:00+00:00,5284.0475,5284.0475
2023-12-25 18:00:00+00:00,2630.990555555556,2630.990555555556
2023-12-25 19:00:00+00:00,4882.783333333334,4882.783333333334
2023-12-25 20:00:00+00:00,2623.498888888889,2623.498888888889
2023-12-25 21:00:00+00:00,8584.79388888889,8584.79388888889
2023-12-25 22:00:00+00:00,968.3083333333332,968.3083333333332
2023-12-25 23:00:00+00:00,992.6025,992.6025
2023-12-26 00:00:00+00:00,837.2508333333334,837.2508333333334
2023-12-26 01:00:00+00:00,1359.2002777777775,1359.2002777777775
2023-12-26 02:00:00+00:00,1367.9711111111112,1367.9711111111112
2023-12-26 03:00:00+00:00,986.7830555555556,986.7830555555556
2023-12-26 04:00:00+00:00,668.9769444444445,668.9769444444445
2023-12-26 05:00:00+00:00,899.6861111111111,899.6861111111111
2023-12-26 06:00:00+00:00,5635.995555555555,5635.995555555555
2023-12-26 07:00:00+00:00,2475.8925,2475.8925
2023-12-26 08:00:00+00:00,6996.374444444445,6996.374444444445
2023-12-26 09:00:00+00:00,3402.8186111111117,3402.8186111111117
2023-12-26 10:00:00+00:00,3323.6633333333334,3323.6633333333334
2023-12-26 11:00:00+00:00,5297.980277777778,5297.980277777778
2023-12-26 12:00:00+00:00,27075.270277777778,27075.270277777778
2023-12-26 13:00:00+00:00,5515.805555555556,5515.805555555556
2023-12-26 14:00:00+00:00,2747.0333333333333,2747.0333333333333
2023-12-26 15:00:00+00:00,3689.544444444444,3689.544444444444
2023-12-26 16:00:00+00:00,5313.905555555555,5313.905555555555
2023-12-26 17:00:00+00:00,29941.75972222222,29941.75972222222
2023-12-26 18:00:00+00:00,11436.0275,11436.0275
2023-12-26 19:00:00+00:00,10308.663055555557,10308.663055555557
2023-12-26 20:00:00+00:00,2913.3005555555555,2913.3005555555555
2023-12-26 21:00:00+00:00,3773.6655555555553,3773.6655555555553
2023-12-26 22:00:00+00:00,1412.2030555555557,3773.6655555555553
2023-12-26 23:00:00+00:00,1828.333055555556,1828.333055555556
2023-12-27 00:00:00+00:00,666.6486111111111,666.6486111111111
2023-12-27 01:00:00+00:00,544.5138888888889,544.5138888888889
2023-12-27 02:00:00+00:00,3742.055555555556,3742.055555555556
2023-12-27 03:00:00+00:00,335.97083333333336,3742.055555555556
2023-12-27 04:00:00+00:00,14056.962222222222,3742.055555555556
2023-12-27 05:00:00+00:00,2552.6016666666665,2552.6016666666665
2023-12-27 06:00:00+00:00,5264.607222222222,2552.6016666666665
2023-12-27 07:00:00+00:00,3711.701111111111,3711.701111111111
2023-12-27 08:00:00+00:00,65610.4836111111,65610.4836111111
2023-12-27 09:00:00+00:00,37090.04222222222,37090.04222222222
2023-12-27 10:00:00+00:00,10052.486944444445,10052.486944444445
2023-12-27 11:00:00+00:00,16674.1475,16674.1475
2023-12-27 12:00:00+00:00,3889.968333333333,16674.1475
2023-12-27 13:00:00+00:00,4924.808055555555,4924.808055555555
2023-12-27 14:00:00+00:00,2422.378888888889,2422.378888888889
2023-12-27 15:00:00+00:00,77979.73527777777,2422.378888888889
2023-12-27 16:00:00+00:00,6025.438611111111,6025.438611111111
2023-12-27 17:00:00+00:00,5996.9638888888885,5996.9638888888885
2023-12-27 18:00:00+00:00,4881.270833333333,4881.270833333333
2023-12-27 19:00:00+00:00,3394.223611111111,3394.223611111111
2023-12-27 20:00:00+00:00,9788.85638888889,9788.85638888889
2023-12-27 21:00:00+00:00,3805.299722222222,3805.299722222222
2023-12-27 22:00:00+00:00,4283.689722222222,4283.689722222222
2023-12-27 23:00:00+00:00,1163.7855555555554,1163.7855555555554
2023-12-28 00:00:00+00:00,514.07,514.07
2023-12-28 01:00:00+00:00,643.0877777777778,643.0877777777778
2023-12-28 02:00:00+00:00,543.6738888888889,543.6738888888889
2023-12-28 03:00:00+00:00,3642.495,3642.495
2023-12-28 04:00:00+00:00,3574.5969444444445,3574.5969444444445
2023-12-28 05:00:00+00:00,1491.736666666667,1491.736666666667
2023-12-28 06:00:00+00:00,6598.758611111111,1491.736666666667
2023-12-28 07:00:00+00:00,5143.208055555556,5143.208055555556
2023-12-28 08:00:00+00:00,36015.28138888889,36015.28138888889
2023-12-28 09:00:00+00:00,8465.226944444445,36015.28138888889
2023-12-28 10:00:00+00:00,16108.14388888889,16108.14388888889
2023-12-28 11:00:00+00:00,13558.987222222222,13558.987222222222
2023-12-28 12:00:00+00:00,4187.028333333334,4187.028333333334
2023-12-28 13:00:00+00:00,9401.082777777778,9401.082777777778
2023-12-28 14:00:00+00:00,5583.329444444445,5583.329444444445
2023-12-28 15:00:00+00:00,10946.489722222224,10946.489722222224
2023-12-28 16:00:00+00:00,8386.934166666666,8386.934166666666
2023-12-28 17:00:00+00:00,4463.985833333333,4463.985833333333
2023-12-28 18:00:00+00:00,8688.308611111112,8688.308611111112
2023-12-28 19:00:00+00:00,5174.041944444444,5174.041944444444
2023-12-28 20:00:00+00:00,16509.073333333334,5174.041944444444
2023-12-28 21:00:00+00:00,4015.521111111111,4015.521111111111
2023-12-28 22:00:00+00:00,1482.5477777777778,1482.5477777777778
2023-12-28 23:00:00+00:00,1520.8633333333332,1520.8633333333332
2023-12-29 00:00:00+00:00,365.6488888888889,365.6488888888889
2023-12-29 01:00:00+00:00,3782.3372222222224,3782.3372222222224
2023-12-29 02:00:00+00:00,335.56166666666667,335.56166666666667
2023-12-29 03:00:00+00:00,642.9744444444444,642.9744444444444
2023-12-29 04:00:00+00:00,30003.29888888889,30003.29888888889
2023-12-29 05:00:00+00:00,2092.119722222222,30003.29888888889
2023-12-29 06:00:00+00:00,7245.249444444445,7245.249444444445
2023-12-29 07:00:00+00:00,13015.732777777775,13015.732777777775
2023-12-29 08:00:00+00:00,7754.758055555556,13015.732777777775
2023-12-29 09:00:00+00:00,11517.568888888887,11517.568888888887
2023-12-29 10:00:00+00:00,8069.555,8069.555
2023-12-29 11:00:00+00:00,41373.51777777778,41373.51777777778
2023-12-29 12:00:00+00:00,17610.40777777778,17610.40777777778
2023-12-29 13:00:00+00:00,15212.66777777778,15212.66777777778
2023-12-29 14:00:00+00:00,6660.208055555556,15212.66777777778
2023-12-29 15:00:00+00:00,9380.9975,9380.9975
2023-12-29 16:00:00+00:00,31907.665833333333,31907.665833333333
2023-12-29 17:00:00+00:00,10917.548888888889,10917.548888888889
2023-12-29 18:00:00+00:00,13359.948888888888,13359.948888888888
2023-12-29 19:00:00+00:00,3482.6652777777776,3482.6652777777776
2023-12-29 20:00:00+00:00,3234.463333333333,3234.463333333333
2023-12-29 21:00:00+00:00,2713.4411111111112,2713.4411111111112
2023-12-29 22:00:00+00:00,10413.514444444443,2713.4411111111112
2023-12-29 23:00:00+00:00,1017.1269444444443,1017.1269444444443
2023-12-30 00:00:00+00:00,2934.1222222222223,2934.1222222222223
2023-12-30 01:00:00+00:00,492.3808333333333,492.3808333333333
2023-12-30 02:00:00+00:00,493.72333333333336,493.72333333333336
2023-12-30 03:00:00+00:00,431.2433333333333,431.2433333333333
2023-12-30 04:00:00+00:00,2325.3658333333333,2325.3658333333333
2023-12-30 05:00:00+00:00,1636.2475,1636.2475
2023-12-30 06:00:00+00:00,5605.193055555556,5605.193055555556
2023-12-30 07:00:00+00:00,13274.333888888888,13274.333888888888
2023-12-30 08:00:00+00:00,9720.975277777778,9720.975277777778
2023-12-30 09:00:00+00:00,9202.078611111112,9202.078611111112
2023-12-30 10:00:00+00:00,6697.924444444445,6697.924444444445
2023-12-30 11:00:00+00:00,10214.825,10214.825
2023-12-30 12:00:00+00:00,15530.396111111111,15530.396111111111
2023-12-30 13:00:00+00:00,21122.059166666662,21122.059166666662
2023-12-30 14:00:00+00:00,4131.811111111111,4131.811111111111
2023-12-30 15:00:00+00:00,22605.834722222226,22605.834722222226
2023-12-30 16:00:00+00:00,8928.797777777778,8928.797777777778
2023-12-30 17:00:00+00:00,15894.553333333331,15894.553333333331
2023-12-30 18:00:00+00:00,5069.1288888888885,5069.1288888888885
2023-12-30 19:00:00+00:00,6030.277222222222,6030.277222222222
2023-12-30 20:00:00+00:00,4730.758611111111,4730.758611111111
2023-12-30 21:00:00+00:00,5756.294166666667,5756.294166666667
2023-12-30 22:00:00+00:00,5193.104444444444,5193.104444444444
2023-12-30 23:00:00+00:00,1615.2930555555556,5193.104444444444
2023-12-31 00:00:00+00:00,9961.816944444445,9961.816944444445
2023-12-31 01:00:00+00:00,859.7236111111112,859.7236111111112
2023-12-31 02:00:00+00:00,1555.086388888889,859.7236111111112
2023-12-31 03:00:00+00:00,1277.4952777777778,1277.4952777777778
2023-12-31 04:00:00+00:00,700.2508333333334,700.2508333333334
2023-12-31 05:00:00+00:00,915.5136111111112,915.5136111111112
2023-12-31 06:00:00+00:00,1594.1219444444444,1594.1219444444444
2023-12-31 07:00:00+00:00,2203.758333333333,2203.758333333333
2023-12-31 08:00:00+00:00,15095.504722222222,15095.504722222222
2023-12-31 09:00:00+00:00,4163.119166666666,4163.119166666666
2023-12-31 10:00:00+00:00,4445.899166666667,4445.899166666667
2023-12-31 11:00:00+00:00,4039.819722222222,4039.819722222222
2023-12-31 12:00:00+00:00,10536.5725,10536.5725
2023-12-31 13:00:00+00:00,3035.6808333333333,3035.6808333333333
2023-12-31 14:00:00+00:00,26410.079444444444,26410.079444444444
2023-12-31 15:00:00+00:00,6375.594166666667,6375.594166666667
2023-12-31 16:00:00+00:00,2596.1647222222223,2596.1647222222223
2023-12-31 17:00:00+00:00,1984.5580555555557,1984.5580555555557
2023-12-31 18:00:00+00:00,3695.9513888888887,3695.9513888888887
2023-12-31 19:00:00+00:00,2479.785277777778,3695.9513888888887
2023-12-31 20:00:00+00:00,20854.419444444444,20854.419444444444
2023-12-31 21:00:00+00:00,5330.481388888889,5330.481388888889
2023-12-31 22:00:00+00:00,6221.653333333334,6221.653333333334
2023-12-31 23:00:00+00:00,4417.753055555556,4417.753055555556
2024-01-01 00:00:00+00:00,1524.6961111111111,1524.6961111111111
2024-01-01 01:00:00+00:00,1146.681111111111,1146.681111111111
2024-01-01 02:00:00+00:00,717.9647222222222,1146.681111111111
2024-01-01 03:00:00+00:00,821.5255555555556,821.5255555555556
2024-01-01 04:00:00+00:00,1842.5813888888888,1842.5813888888888
2024-01-01 05:00:00+00:00,1600.4172222222223,1600.4172222222223
2024-01-01 06:00:00+00:00,1717.6763888888888,1717.6763888888888
2024-01-01 07:00:00+00:00,11246.439444444444,1717.6763888888888
2024-01-01 08:00:00+00:00,18827.34083333333,18827.34083333333
2024-01-01 09:00:00+00:00,60522.36,60522.36
2024-01-01 10:00:00+00:00,3874.839444444444,3874.839444444444
2024-01-01 11:00:00+00:00,6907.785277777778,6907.785277777778
2024-01-01 12:00:00+00:00,3532.367777777778,3532.367777777778
2024-01-01 13:00:00+00:00,55262.84333333333,55262.84333333333
2024-01-01 14:00:00+00:00,107914.86833333332,107914.86833333332
2024-01-01 15:00:00+00:00,48302.40361111111,107914.86833333332
2024-01-01 16:00:00+00:00,7019.593888888889,7019.593888888889
2024-01-01 17:00:00+00:00,10379.246111111112,10379.246111111112
2024-01-01 18:00:00+00:00,16446.134166666667,16446.134166666667
2024-01-01 19:00:00+00:00,12010.226388888888,12010.226388888888
2024-01-01 20:00:00+00:00,17313.390555555554,17313.390555555554
2024-01-01 21:00:00+00:00,8358.534722222223,8358.534722222223
2024-01-01 22:00:00+00:00,2020.8244444444445,8358.534722222223
2024-01-01 23:00:00+00:00,1416.280277777778,1416.280277777778
2024-01-02 00:00:00+00:00,1097.2191666666668,1097.2191666666668
2024-01-02 01:00:00+00:00,1000.5886111111112,1000.5886111111112
2024-01-02 02:00:00+00:00,890.5605555555555,890.5605555555555
2024-01-02 03:00:00+00:00,1852.493055555556,1852.493055555556
2024-01-02 04:00:00+00:00,48643.03638888889,48643.03638888889
2024-01-02 05:00:00+00:00,26182.809166666662,26182.809166666662
2024-01-02 06:00:00+00:00,55381.98305555555,26182.809166666662
2024-01-02 07:00:00+00:00,46565.66222222222,46565.66222222222
2024-01-02 08:00:00+00:00,18003.17777777778,18003.17777777778
2024-01-02 09:00:00+00:00,46473.41055555556,46473.41055555556
2024-01-02 10:00:00+00:00,19599.78083333333,19599.78083333333
2024-01-02 11:00:00+00:00,21248.637777777774,21248.637777777774
2024-01-02 12:00:00+00:00,16658.071944444444,21248.637777777774
2024-01-02 13:00:00+00:00,10837.746111111112,10837.746111111112
2024-01-02 14:00:00+00:00,99297.33888888887,99297.33888888887
2024-01-02 15:00:00+00:00,10652.676944444444,10652.676944444444
2024-01-02 16:00:00+00:00,7145.17,7145.17
2024-01-02 17:00:00+00:00,9179.60527777778,9179.60527777778
2024-01-02 18:00:00+00:00,6504.943055555556,6504.943055555556
2024-01-02 19:00:00+00:00,21400.305277777778,21400.305277777778
2024-01-02 20:00:00+00:00,3365.2927777777777,21400.305277777778
2024-01-02 21:00:00+00:00,3305.501944444444,3305.501944444444
2024-01-02 22:00:00+00:00,2071.8708333333334,2071.8708333333334
2024-01-02 23:00:00+00:00,863.4797222222222,863.4797222222222
2024-01-03 00:00:00+00:00,37736.508888888886,863.4797222222222
2024-01-03 01:00:00+00:00,553.2036111111111,553.2036111111111
2024-01-03 02:00:00+00:00,444.0858333333333,444.0858333333333
2024-01-03 03:00:00+00:00,776.3647222222222,776.3647222222222
2024-01-03 04:00:00+00:00,12840.798888888889,12840.798888888889
2024-01-03 05:00:00+00:00,21092.104722222222,21092.104722222222
2024-01-03 06:00:00+00:00,35305.30055555556,35305.30055555556
2024-01-03 07:00:00+00:00,10861.906944444445,10861.906944444445
2024-01-03 08:00:00+00:00,94098.70916666668,94098.70916666668
2024-01-03 09:00:00+00:00,14964.785555555556,14964.785555555556
2024-01-03 10:00:00+00:00,12260.5825,12260.5825
2024-01-03 11:00:00+00:00,22355.985277777778,22355.985277777778
2024-01-03 12:00:00+00:00,37056.1625,37056.1625
2024-01-03 13:00:00+00:00,26880.903055555555,26880.903055555555
2024-01-03 14:00:00+00:00,41261.36583333334,41261.36583333334
2024-01-03 15:00:00+00:00,8786.563055555556,8786.563055555556
2024-01-03 16:00:00+00:00,6176.268333333333,8786.563055555556
2024-01-03 17:00:00+00:00,39110.60333333333,39110.60333333333
2024-01-03 18:00:00+00:00,5042.100555555556,5042.100555555556
2024-01-03 19:00:00+00:00,12465.868333333334,12465.868333333334
2024-01-03 20:00:00+00:00,3584.8063888888887,3584.8063888888887
2024-01-03 21:00:00+00:00,10891.140555555556,10891.140555555556
2024-01-03 22:00:00+00:00,2152.228333333333,2152.228333333333
2024-01-03 23:00:00+00:00,16998.561388888887,16998.561388888887
2024-01-04 00:00:00+00:00,1757.8697222222222,1757.8697222222222
2024-01-04 01:00:00+00:00,1654.121111111111,1654.121111111111
2024-01-04 02:00:00+00:00,1159.9622222222222,1159.9622222222222
2024-01-04 03:00:00+00:00,1951.648055555556,1951.648055555556
2024-01-04 04:00:00+00:00,1805.421111111111,1805.421111111111
2024-01-04 05:00:00+00:00,13409.561944444444,13409.561944444444
2024-01-04 06:00:00+00:00,13946.87722222222,13946.87722222222
2024-01-04 07:00:00+00:00,9029.8325,9029.8325
2024-01-04 08:00:00+00:00,19881.376944444444,19881.376944444444
2024-01-04 09:00:00+00:00,7247.625,19881.376944444444
2024-01-04 10:00:00+00:00,19323.09888888889,19323.09888888889
2024-01-04 11:00:00+00:00,34043.93277777778,34043.93277777778
2024-01-04 12:00:00+00:00,17406.748055555556,17406.748055555556
2024-01-04 13:00:00+00:00,78155.17555555556,78155.17555555556
2024-01-04 14:00:00+00:00,8905.900277777779,8905.900277777779
2024-01-04 15:00:00+00:00,17875.28277777778,17875.28277777778
2024-01-04 16:00:00+00:00,25657.97333333333,25657.97333333333
2024-01-04 17:00:00+00:00,4836.503333333333,4836.503333333333
2024-01-04 18:00:00+00:00,12548.768055555556,12548.768055555556
2024-01-04 19:00:00+00:00,7600.683055555555,7600.683055555555
2024-01-04 20:00:00+00:00,9961.926666666666,9961.926666666666
2024-01-04 21:00:00+00:00,14387.191388888888,14387.191388888888
2024-01-04 22:00:00+00:00,10820.043333333331,10820.043333333331
2024-01-04 23:00:00+00:00,657.8641666666666,657.8641666666666
2024-01-05 00:00:00+00:00,930.5455555555556,930.5455555555556
2024-01-05 01:00:00+00:00,560.1738888888889,560.1738888888889
2024-01-05 02:00:00+00:00,476.64222222222224,476.64222222222224
2024-01-05 03:00:00+00:00,2335.415833333333,476.64222222222224
2024-01-05 04:00:00+00:00,16894.33722222222,16894.33722222222
2024-01-05 05:00:00+00:00,10159.69638888889,10159.69638888889
2024-01-05 06:00:00+00:00,76631.35583333333,10159.69638888889
2024-01-05 07:00:00+00:00,33412.98888888889,33412.98888888889
2024-01-05 08:00:00+00:00,23519.39833333333,23519.39833333333
2024-01-05 09:00:00+00:00,25554.39638888889,25554.39638888889
2024-01-05 10:00:00+00:00,46012.64222222223,25554.39638888889
2024-01-05 11:00:00+00:00,47691.177777777775,47691.177777777775
2024-01-05 12:00:00+00:00,21662.633611111112,21662.633611111112
2024-01-05 13:00:00+00:00,11907.297222222222,11907.297222222222
2024-01-05 14:00:00+00:00,7614.560555555556,7614.560555555556
2024-01-05 15:00:00+00:00,5792.0275,5792.0275
2024-01-05 16:00:00+00:00,45187.41388888889,45187.41388888889
2024-01-05 17:00:00+00:00,24386.236944444445,45187.41388888889
2024-01-05 18:00:00+00:00,7158.415277777778,45187.41388888889
2024-01-05 19:00:00+00:00,88984.50083333334,88984.50083333334
2024-01-05 20:00:00+00:00,2643.4880555555555,2643.4880555555555
2024-01-05 21:00:00+00:00,8707.598055555556,8707.598055555556
2024-01-05 22:00:00+00:00,1156.5827777777777,1156.5827777777777
2024-01-05 23:00:00+00:00,1094.8930555555555,1094.8930555555555
2024-01-06 00:00:00+00:00,8772.506944444445,8772.506944444445
2024-01-06 01:00:00+00:00,337.4658333333333,337.4658333333333
2024-01-06 02:00:00+00:00,8390.285277777777,8390.285277777777
2024-01-06 03:00:00+00:00,434.3272222222223,434.3272222222223
2024-01-06 04:00:00+00:00,1836.0313888888888,1836.0313888888888
2024-01-06 05:00:00+00:00,480.2238888888889,480.2238888888889
2024-01-06 06:00:00+00:00,1096.9683333333332,1096.9683333333332
2024-01-06 07:00:00+00:00,2260.143611111111,2260.143611111111
2024-01-06 08:00:00+00:00,4719.276944444445,4719.276944444445
2024-01-06 09:00:00+00:00,3564.64,3564.64
2024-01-06 10:00:00+00:00,4979.741111111111,4979.741111111111
2024-01-06 11:00:00+00:00,4208.061944444445,4979.741111111111
2024-01-06 12:00:00+00:00,9957.87277777778,9957.87277777778
2024-01-06 13:00:00+00:00,5487.423055555556,5487.423055555556
2024-01-06 14:00:00+00:00,52088.34777777778,5487.423055555556
2024-01-06 15:00:00+00:00,7568.965,7568.965
2024-01-06 16:00:00+00:00,38632.84694444444,7568.965
2024-01-06 17:00:00+00:00,38727.63694444444,38727.63694444444
2024-01-06 18:00:00+00:00,3152.568888888889,3152.568888888889
2024-01-06 19:00:00+00:00,2814.8947222222223,2814.8947222222223
2024-01-06 20:00:00+00:00,1972.0080555555555,1972.0080555555555
2024-01-06 21:00:00+00:00,4590.165,1972.0080555555555
2024-01-06 22:00:00+00:00,3392.030277777778,3392.030277777778
2024-01-06 23:00:00+00:00,655.5980555555556,655.5980555555556
2024-01-07 00:00:00+00:00,1818.888333333333,655.5980555555556
2024-01-07 01:00:00+00:00,366.09833333333336,366.09833333333336
2024-01-07 02:00:00+00:00,439.5394444444444,439.5394444444444
2024-01-07 03:00:00+00:00,827.8663888888889,827.8663888888889
2024-01-07 04:00:00+00:00,1898.773888888889,1898.773888888889
2024-01-07 05:00:00+00:00,2216.0069444444443,2216.0069444444443
2024-01-07 06:00:00+00:00,2520.271388888889,2520.271388888889
2024-01-07 07:00:00+00:00,47441.2275,47441.2275
2024-01-07 08:00:00+00:00,4164.408611111111,4164.408611111111
2024-01-07 09:00:00+00:00,29375.50138888889,29375.50138888889
2024-01-07 10:00:00+00:00,6419.388055555555,6419.388055555555
2024-01-07 11:00:00+00:00,24479.111666666668,24479.111666666668
2024-01-07 12:00:00+00:00,10686.063333333334,10686.063333333334
2024-01-07 13:00:00+00:00,7708.356111111111,7708.356111111111
2024-01-07 14:00:00+00:00,19109.368055555555,19109.368055555555
2024-01-07 15:00:00+00:00,9577.476388888888,9577.476388888888
2024-01-07 16:00:00+00:00,40415.16638888889,40415.16638888889
2024-01-07 17:00:00+00:00,10808.810555555556,10808.810555555556
2024-01-07 18:00:00+00:00,13431.2375,13431.2375
2024-01-07 19:00:00+00:00,6529.746388888889,6529.746388888889
2024-01-07 20:00:00+00:00,3208.6944444444443,3208.6944444444443
2024-01-07 21:00:00+00:00,2115.978611111111,2115.978611111111
2024-01-07 22:00:00+00:00,2183.069722222222,2183.069722222222
2024-01-07 23:00:00+00:00,41355.34944444445,41355.34944444445
2024-01-08 00:00:00+00:00,949.5775,949.5775
2024-01-08 01:00:00+00:00,1763.0633333333333,1763.0633333333333
2024-01-08 02:00:00+00:00,514.9897222222222,514.9897222222222
2024-01-08 03:00:00+00:00,6793.225555555556,6793.225555555556
2024-01-08 04:00:00+00:00,7677.846388888889,7677.846388888889
2024-01-08 05:00:00+00:00,50456.29416666667,50456.29416666667
2024-01-08 06:00:00+00:00,15679.951666666666,15679.951666666666
2024-01-08 07:00:00+00:00,41735.85861111112,41735.85861111112
2024-01-08 08:00:00+00:00,11842.270555555557,11842.270555555557
2024-01-08 09:00:00+00:00,59116.065,59116.065
2024-01-08 10:00:00+00:00,18166.73277777778,59116.065
2024-01-08 11:00:00+00:00,22381.535277777777,22381.535277777777
2024-01-08 12:00:00+00:00,57199.42861111112,57199.42861111112
2024-01-08 13:00:00+00:00,15888.7575,57199.42861111112
2024-01-08 14:00:00+00:00,22513.93,22513.93
2024-01-08 15:00:00+00:00,23002.167777777777,23002.167777777777
2024-01-08 16:00:00+00:00,8509.647777777778,8509.647777777778
2024-01-08 17:00:00+00:00,36185.295277777775,36185.295277777775
2024-01-08 18:00:00+00:00,8621.066111111111,8621.066111111111
2024-01-08 19:00:00+00:00,5673.392222222222,5673.392222222222
2024-01-08 20:00:00+00:00,3998.214444444444,3998.214444444444
2024-01-08 21:00:00+00:00,3382.6052777777777,3382.6052777777777
2024-01-08 22:00:00+00:00,232.58555555555557,232.58555555555557
2024-01-08 23:00:00+00:00,329.3977777777778,329.3977777777778
2024-01-09 00:00:00+00:00,226.235,226.235
2024-01-09 01:00:00+00:00,275.0736111111111,275.0736111111111
2024-01-09 02:00:00+00:00,518.0830555555556,518.0830555555556
2024-01-09 03:00:00+00:00,1912.3752777777777,1912.3752777777777
2024-01-09 04:00:00+00:00,3680.3088888888888,3680.3088888888888
2024-01-09 05:00:00+00:00,39124.18027777778,39124.18027777778
2024-01-09 06:00:00+00:00,18773.5275,18773.5275
2024-01-09 07:00:00+00:00,49247.61861111111,49247.61861111111
2024-01-09 08:00:00+00:00,37159.458333333336,49247.61861111111
2024-01-09 09:00:00+00:00,16564.358888888888,16564.358888888888
2024-01-09 10:00:00+00:00,21054.00222222222,21054.00222222222
2024-01-09 11:00:00+00:00,15978.687777777775,15978.687777777775
2024-01-09 12:00:00+00:00,50655.11194444444,50655.11194444444
2024-01-09 13:00:00+00:00,52531.943333333336,52531.943333333336
2024-01-09 14:00:00+00:00,18876.90777777778,18876.90777777778
2024-01-09 15:00:00+00:00,6393.119166666666,6393.119166666666
2024-01-09 16:00:00+00:00,12753.963333333331,12753.963333333331
2024-01-09 17:00:00+00:00,21036.664166666666,21036.664166666666
2024-01-09 18:00:00+00:00,13739.743055555557,13739.743055555557
2024-01-09 19:00:00+00:00,33947.55861111111,33947.55861111111
2024-01-09 20:00:00+00:00,8852.62,33947.55861111111
2024-01-09 21:00:00+00:00,3152.9094444444445,33947.55861111111
2024-01-09 22:00:00+00:00,8054.080277777778,8054.080277777778
2024-01-09 23:00:00+00:00,1224.6380555555556,1224.6380555555556
2024-01-10 00:00:00+00:00,5763.969722222222,5763.969722222222
2024-01-10 01:00:00+00:00,1490.9905555555556,5763.969722222222
2024-01-10 02:00:00+00:00,1987.7755555555557,1987.7755555555557
2024-01-10 03:00:00+00:00,10294.589166666668,10294.589166666668
2024-01-10 04:00:00+00:00,24735.09833333333,24735.09833333333
2024-01-10 05:00:00+00:00,41356.56138888889,41356.56138888889
2024-01-10 06:00:00+00:00,27322.727777777774,27322.727777777774
2024-01-10 07:00:00+00:00,22130.09833333333,22130.09833333333
2024-01-10 08:00:00+00:00,28057.556666666667,28057.556666666667
2024-01-10 09:00:00+00:00,37493.72472222222,37493.72472222222
2024-01-10 10:00:00+00:00,37187.61805555556,37493.72472222222
2024-01-10 11:00:00+00:00,51487.420277777775,51487.420277777775
2024-01-10 12:00:00+00:00,19885.830833333333,19885.830833333333
2024-01-10 13:00:00+00:00,57856.576944444445,57856.576944444445
2024-01-10 14:00:00+00:00,22729.613611111112,22729.613611111112
2024-01-10 15:00:00+00:00,43299.00194444445,43299.00194444445
2024-01-10 16:00:00+00:00,11351.934166666666,11351.934166666666
2024-01-10 17:00:00+00:00,6001.183055555555,6001.183055555555
2024-01-10 18:00:00+00:00,7748.968611111111,7748.968611111111
2024-01-10 19:00:00+00:00,21129.841111111116,21129.841111111116
2024-01-10 20:00:00+00:00,6542.3625,6542.3625
2024-01-10 21:00:00+00:00,31790.235277777778,31790.235277777778
2024-01-10 22:00:00+00:00,2787.036111111111,2787.036111111111
2024-01-10 23:00:00+00:00,1175.2452777777778,1175.2452777777778
2024-01-11 00:00:00+00:00,1465.653611111111,1465.653611111111
2024-01-11 01:00:00+00:00,1590.8780555555556,1590.8780555555556
2024-01-11 02:00:00+00:00,907.5122222222222,907.5122222222222
2024-01-11 03:00:00+00:00,17015.555555555555,907.5122222222222
2024-01-11 04:00:00+00:00,11779.665277777778,11779.665277777778
2024-01-11 05:00:00+00:00,29291.60027777778,29291.60027777778
2024-01-11 06:00:00+00:00,9917.3925,9917.3925
2024-01-11 07:00:00+00:00,10890.788333333334,10890.788333333334
2024-01-11 08:00:00+00:00,25128.442222222224,10890.788333333334
2024-01-11 09:00:00+00:00,56686.153333333335,56686.153333333335
2024-01-11 10:00:00+00:00,16004.3375,16004.3375
2024-01-11 11:00:00+00:00,44087.44194444444,44087.44194444444
2024-01-11 12:00:00+00:00,11020.241944444444,11020.241944444444
2024-01-11 13:00:00+00:00,12055.66888888889,12055.66888888889
2024-01-11 14:00:00+00:00,20064.41972222222,20064.41972222222
2024-01-11 15:00:00+00:00,4133.862222222222,4133.862222222222
2024-01-11 16:00:00+00:00,6302.940833333333,6302.940833333333
2024-01-11 17:00:00+00:00,6288.263333333333,6288.263333333333
2024-01-11 18:00:00+00:00,10754.7075,10754.7075
2024-01-11 19:00:00+00:00,19551.836944444443,19551.836944444443
2024-01-11 20:00:00+00:00,25298.84833333333,19551.836944444443
2024-01-11 21:00:00+00:00,23653.531666666662,23653.531666666662
2024-01-11 22:00:00+00:00,8005.116666666667,8005.116666666667
2024-01-11 23:00:00+00:00,2015.068611111111,2015.068611111111
2024-01-12 00:00:00+00:00,5097.239444444444,5097.239444444444
2024-01-12 01:00:00+00:00,838.2922222222222,838.2922222222222
2024-01-12 02:00:00+00:00,1137.6325,1137.6325
2024-01-12 03:00:00+00:00,4868.765277777778,4868.765277777778
2024-01-12 04:00:00+00:00,6467.891388888889,6467.891388888889
2024-01-12 05:00:00+00:00,11139.750555555556,11139.750555555556
2024-01-12 06:00:00+00:00,50010.78833333333,11139.750555555556
2024-01-12 07:00:00+00:00,14411.899722222222,14411.899722222222
2024-01-12 08:00:00+00:00,28888.465277777777,28888.465277777777
2024-01-12 09:00:00+00:00,22522.68972222222,22522.68972222222
2024-01-12 10:00:00+00:00,19675.248888888887,19675.248888888887
2024-01-12 11:00:00+00:00,27454.988611111112,27454.988611111112
2024-01-12 12:00:00+00:00,17752.2975,17752.2975
2024-01-12 13:00:00+00:00,42482.37722222223,42482.37722222223
2024-01-12 14:00:00+00:00,9836.035277777775,9836.035277777775
2024-01-12 15:00:00+00:00,10022.789166666667,10022.789166666667
2024-01-12 16:00:00+00:00,11836.623055555556,10022.789166666667
2024-01-12 17:00:00+00:00,9480.1525,9480.1525
2024-01-12 18:00:00+00:00,10740.608055555556,9480.1525
2024-01-12 19:00:00+00:00,8261.1075,9480.1525
2024-01-12 20:00:00+00:00,8695.252777777778,8695.252777777778
2024-01-12 21:00:00+00:00,18380.85805555556,18380.85805555556
2024-01-12 22:00:00+00:00,9057.066944444445,9057.066944444445
2024-01-12 23:00:00+00:00,2370.218611111111,2370.218611111111
2024-01-13 00:00:00+00:00,1054.795,1054.795
2024-01-13 01:00:00+00:00,1143.5405555555556,1143.5405555555556
2024-01-13 02:00:00+00:00,1639.2583333333334,1639.2583333333334
2024-01-13 03:00:00+00:00,370.94666666666666,370.94666666666666
2024-01-13 04:00:00+00:00,2222.119166666667,2222.119166666667
2024-01-13 05:00:00+00:00,1304.4275,1304.4275
2024-01-13 06:00:00+00:00,11240.518333333332,11240.518333333332
2024-01-13 07:00:00+00:00,5577.766944444445,5577.766944444445
2024-01-13 08:00:00+00:00,7826.430833333333,5577.766944444445
2024-01-13 09:00:00+00:00,9109.62638888889,9109.62638888889
2024-01-13 10:00:00+00:00,7739.716111111111,7739.716111111111
2024-01-13 11:00:00+00:00,5488.6483333333335,5488.6483333333335
2024-01-13 12:00:00+00:00,25071.3125,25071.3125
2024-01-13 13:00:00+00:00,10224.590833333334,10224.590833333334
2024-01-13 14:00:00+00:00,15557.859722222222,15557.859722222222
2024-01-13 15:00:00+00:00,6760.833888888889,6760.833888888889
2024-01-13 16:00:00+00:00,3116.0827777777777,3116.0827777777777
2024-01-13 17:00:00+00:00,5387.1725,3116.0827777777777
2024-01-13 18:00:00+00:00,9692.076388888889,3116.0827777777777
2024-01-13 19:00:00+00:00,56100.3475,56100.3475
2024-01-13 20:00:00+00:00,7399.736666666667,56100.3475
2024-01-13 21:00:00+00:00,3154.470277777778,3154.470277777778
2024-01-13 22:00:00+00:00,62868.090833333335,62868.090833333335
2024-01-13 23:00:00+00:00,5601.83,5601.83
2024-01-14 00:00:00+00:00,1062.4686111111112,1062.4686111111112
2024-01-14 01:00:00+00:00,3254.049722222222,3254.049722222222
2024-01-14 02:00:00+00:00,3343.214166666666,3343.214166666666
2024-01-14 03:00:00+00:00,3720.2961111111113,3720.2961111111113
2024-01-14 04:00:00+00:00,2039.1969444444444,2039.1969444444444
2024-01-14 05:00:00+00:00,1048.6297222222222,1048.6297222222222
2024-01-14 06:00:00+00:00,1635.8080555555557,1635.8080555555557
2024-01-14 07:00:00+00:00,4788.602777777778,4788.602777777778
2024-01-14 08:00:00+00:00,5022.268055555555,5022.268055555555
2024-01-14 09:00:00+00:00,3381.0925,3381.0925
2024-01-14 10:00:00+00:00,7760.8069444444445,7760.8069444444445
2024-01-14 11:00:00+00:00,4801.039722222222,4801.039722222222
2024-01-14 12:00:00+00:00,4478.174166666667,4801.039722222222
2024-01-14 13:00:00+00:00,5579.5391666666665,5579.5391666666665
2024-01-14 14:00:00+00:00,3695.4411111111112,5579.5391666666665
2024-01-14 15:00:00+00:00,14944.770833333334,14944.770833333334
2024-01-14 16:00:00+00:00,21645.49472222222,21645.49472222222
2024-01-14 17:00:00+00:00,10687.981666666668,10687.981666666668
2024-01-14 18:00:00+00:00,21858.31527777778,10687.981666666668
2024-01-14 19:00:00+00:00,8277.295277777777,8277.295277777777
2024-01-14 20:00:00+00:00,7024.931111111111,7024.931111111111
2024-01-14 21:00:00+00:00,5525.058333333333,7024.931111111111
2024-01-14 22:00:00+00:00,3375.382777777778,7024.931111111111
2024-01-14 23:00:00+00:00,988.0994444444444,7024.931111111111
2024-01-15 00:00:00+00:00,566.9711111111111,566.9711111111111
2024-01-15 01:00:00+00:00,588.2330555555556,588.2330555555556
2024-01-15 02:00:00+00:00,1135.0702777777778,1135.0702777777778
2024-01-15 03:00:00+00:00,5747.942777777777,5747.942777777777
2024-01-15 04:00:00+00:00,13987.139722222222,13987.139722222222
2024-01-15 05:00:00+00:00,36822.30333333334,36822.30333333334
2024-01-15 06:00:00+00:00,12673.299444444445,12673.299444444445
2024-01-15 07:00:00+00:00,26475.80722222222,26475.80722222222
2024-01-15 08:00:00+00:00,12765.611666666666,12765.611666666666
2024-01-15 09:00:00+00:00,31138.61333333333,31138.61333333333
2024-01-15 10:00:00+00:00,38844.70694444444,31138.61333333333
2024-01-15 11:00:00+00:00,22987.344444444443,22987.344444444443
2024-01-15 12:00:00+00:00,30671.61111111111,30671.61111111111
2024-01-15 13:00:00+00:00,11131.451666666666,11131.451666666666
2024-01-15 14:00:00+00:00,4243.600555555556,4243.600555555556
2024-01-15 15:00:00+00:00,8449.410833333333,8449.410833333333
2024-01-15 16:00:00+00:00,5997.345555555556,5997.345555555556
2024-01-15 17:00:00+00:00,16787.574166666665,16787.574166666665
2024-01-15 18:00:00+00:00,5022.845833333334,5022.845833333334
2024-01-15 19:00:00+00:00,5512.124444444445,5512.124444444445
2024-01-15 20:00:00+00:00,2573.248333333333,2573.248333333333
2024-01-15 21:00:00+00:00,2148.998611111111,2148.998611111111
2024-01-15 22:00:00+00:00,8124.1547222222225,8124.1547222222225
2024-01-15 23:00:00+00:00,641.0941666666666,641.0941666666666
2024-01-16 00:00:00+00:00,4690.731111111111,4690.731111111111
2024-01-16 01:00:00+00:00,687.8911111111111,687.8911111111111
2024-01-16 02:00:00+00:00,1311.6308333333334,1311.6308333333334
2024-01-16 03:00:00+00:00,2425.4341666666664,2425.4341666666664
2024-01-16 04:00:00+00:00,13135.710833333333,13135.710833333333
2024-01-16 05:00:00+00:00,15632.566944444445,15632.566944444445
2024-01-16 06:00:00+00:00,18403.31472222222,18403.31472222222
2024-01-16 07:00:00+00:00,15084.93,15084.93
2024-01-16 08:00:00+00:00,8896.037777777778,15084.93
2024-01-16 09:00:00+00:00,39586.3175,15084.93
2024-01-16 10:00:00+00:00,12560.721111111112,12560.721111111112
2024-01-16 11:00:00+00:00,29712.334722222226,29712.334722222226
2024-01-16 12:00:00+00:00,45772.438888888886,29712.334722222226
2024-01-16 13:00:00+00:00,20331.70833333333,20331.70833333333
2024-01-16 14:00:00+00:00,21910.758055555558,20331.70833333333
2024-01-16 15:00:00+00:00,11336.857222222225,11336.857222222225
2024-01-16 16:00:00+00:00,52396.79361111111,52396.79361111111
2024-01-16 17:00:00+00:00,6910.354444444444,6910.354444444444
2024-01-16 18:00:00+00:00,3346.626388888889,6910.354444444444
2024-01-16 19:00:00+00:00,5826.573611111111,5826.573611111111
2024-01-16 20:00:00+00:00,4188.890277777778,4188.890277777778
2024-01-16 21:00:00+00:00,21759.14222222222,21759.14222222222
2024-01-16 22:00:00+00:00,1658.8177777777778,1658.8177777777778
2024-01-16 23:00:00+00:00,4352.541111111111,4352.541111111111
2024-01-17 00:00:00+00:00,1118.598888888889,1118.598888888889
2024-01-17 01:00:00+00:00,1024.5897222222222,1024.5897222222222
2024-01-17 02:00:00+00:00,3678.431111111111,3678.431111111111
2024-01-17 03:00:00+00:00,4355.477222222222,4355.477222222222
2024-01-17 04:00:00+00:00,6266.120555555555,6266.120555555555
2024-01-17 05:00:00+00:00,16064.831944444444,16064.831944444444
2024-01-17 06:00:00+00:00,36858.875,36858.875
2024-01-17 07:00:00+00:00,22061.42388888889,22061.42388888889
2024-01-17 08:00:00+00:00,105418.67416666666,105418.67416666666
2024-01-17 09:00:00+00:00,94990.50083333334,94990.50083333334
2024-01-17 10:00:00+00:00,21756.371666666662,21756.371666666662
2024-01-17 11:00:00+00:00,57983.42527777778,57983.42527777778
2024-01-17 12:00:00+00:00,8769.479444444445,8769.479444444445
2024-01-17 13:00:00+00:00,27359.28638888889,27359.28638888889
2024-01-17 14:00:00+00:00,6384.791666666667,6384.791666666667
2024-01-17 15:00:00+00:00,6267.021388888889,6267.021388888889
2024-01-17 16:00:00+00:00,4932.5625,4932.5625
2024-01-17 17:00:00+00:00,3347.3972222222224,3347.3972222222224
2024-01-17 18:00:00+00:00,4259.036111111112,4259.036111111112
2024-01-17 19:00:00+00:00,33530.15861111111,4259.036111111112
2024-01-17 20:00:00+00:00,4921.233055555555,4921.233055555555
2024-01-17 21:00:00+00:00,3466.8394444444443,3466.8394444444443
2024-01-17 22:00:00+00:00,2333.1466666666665,2333.1466666666665
2024-01-17 23:00:00+00:00,15912.254444444445,15912.254444444445
2024-01-18 00:00:00+00:00,1226.6719444444443,15912.254444444445
2024-01-18 01:00:00+00:00,551.6308333333334,551.6308333333334
2024-01-18 02:00:00+00:00,632.095,632.095
2024-01-18 03:00:00+00:00,2820.6041666666665,632.095
2024-01-18 04:00:00+00:00,5666.335555555555,5666.335555555555
2024-01-18 05:00:00+00:00,11112.412777777778,11112.412777777778
2024-01-18 06:00:00+00:00,25181.265277777777,25181.265277777777
2024-01-18 07:00:00+00:00,20099.797777777778,20099.797777777778
2024-01-18 08:00:00+00:00,11008.4025,11008.4025
2024-01-18 09:00:00+00:00,12446.932222222222,12446.932222222222
2024-01-18 10:00:00+00:00,22851.356666666667,22851.356666666667
2024-01-18 11:00:00+00:00,49592.9325,49592.9325
2024-01-18 12:00:00+00:00,36241.21472222222,36241.21472222222
2024-01-18 13:00:00+00:00,9912.29611111111,9912.29611111111
2024-01-18 14:00:00+00:00,15053.798611111111,15053.798611111111
2024-01-18 15:00:00+00:00,10838.39,10838.39
2024-01-18 16:00:00+00:00,8246.112222222222,8246.112222222222
2024-01-18 17:00:00+00:00,7078.185,7078.185
2024-01-18 18:00:00+00:00,18075.36833333333,18075.36833333333
2024-01-18 19:00:00+00:00,8842.977777777778,8842.977777777778
2024-01-18 20:00:00+00:00,5171.636111111111,5171.636111111111
2024-01-18 21:00:00+00:00,20420.916944444445,20420.916944444445
2024-01-18 22:00:00+00:00,2148.764722222222,2148.764722222222
2024-01-18 23:00:00+00:00,1733.0155555555557,2148.764722222222
2024-01-19 00:00:00+00:00,2718.9527777777776,2718.9527777777776
2024-01-19 01:00:00+00:00,2519.4908333333333,2519.4908333333333
2024-01-19 02:00:00+00:00,2805.72,2805.72
2024-01-19 03:00:00+00:00,5645.923333333333,5645.923333333333
2024-01-19 04:00:00+00:00,10950.86638888889,10950.86638888889
2024-01-19 05:00:00+00:00,11382.281388888889,11382.281388888889
2024-01-19 06:00:00+00:00,33607.59111111111,33607.59111111111
2024-01-19 07:00:00+00:00,16655.90861111111,16655.90861111111
2024-01-19 08:00:00+00:00,25771.631666666668,25771.631666666668
2024-01-19 09:00:00+00:00,17611.95388888889,17611.95388888889
2024-01-19 10:00:00+00:00,23994.28055555556,23994.28055555556
2024-01-19 11:00:00+00:00,11488.2875,11488.2875
2024-01-19 12:00:00+00:00,15316.948333333334,15316.948333333334
2024-01-19 13:00:00+00:00,8017.319166666667,8017.319166666667
2024-01-19 14:00:00+00:00,3528.9972222222223,3528.9972222222223
2024-01-19 15:00:00+00:00,30539.359166666665,3528.9972222222223
2024-01-19 16:00:00+00:00,2023.0638888888889,2023.0638888888889
2024-01-19 17:00:00+00:00,2565.456388888889,2565.456388888889
2024-01-19 18:00:00+00:00,3118.158055555556,3118.158055555556
2024-01-19 19:00:00+00:00,3166.588333333333,3166.588333333333
2024-01-19 20:00:00+00:00,7586.158888888889,7586.158888888889
2024-01-19 21:00:00+00:00,11238.448888888888,11238.448888888888
2024-01-19 22:00:00+00:00,8533.803333333333,8533.803333333333
2024-01-19 23:00:00+00:00,4727.0263888888885,4727.0263888888885
2024-01-20 00:00:00+00:00,783.2333333333333,783.2333333333333
2024-01-20 01:00:00+00:00,414.5597222222222,414.5597222222222
2024-01-20 02:00:00+00:00,620.0694444444445,620.0694444444445
2024-01-20 03:00:00+00:00,627.6097222222222,627.6097222222222
2024-01-20 04:00:00+00:00,1126.0869444444445,627.6097222222222
2024-01-20 05:00:00+00:00,918.0661111111112,918.0661111111112
2024-01-20 06:00:00+00:00,16185.550833333333,16185.550833333333
2024-01-20 07:00:00+00:00,21512.987222222226,21512.987222222226
2024-01-20 08:00:00+00:00,2100.325555555556,2100.325555555556
2024-01-20 09:00:00+00:00,5656.638611111112,5656.638611111112
2024-01-20 10:00:00+00:00,2267.498333333333,2267.498333333333
2024-01-20 11:00:00+00:00,2005.7727777777775,2005.7727777777775
2024-01-20 12:00:00+00:00,2390.735,2390.735
2024-01-20 13:00:00+00:00,1404.6377777777775,1404.6377777777775
2024-01-20 14:00:00+00:00,4075.168888888889,4075.168888888889
2024-01-20 15:00:00+00:00,1906.3141666666668,1906.3141666666668
2024-01-20 16:00:00+00:00,1375.673888888889,1375.673888888889
2024-01-20 17:00:00+00:00,2017.8019444444444,2017.8019444444444
2024-01-20 18:00:00+00:00,4322.546944444444,4322.546944444444
2024-01-20 19:00:00+00:00,1671.2072222222223,1671.2072222222223
2024-01-20 20:00:00+00:00,1334.8933333333334,1334.8933333333334
2024-01-20 21:00:00+00:00,6957.758055555556,1334.8933333333334
2024-01-20 22:00:00+00:00,1113.01,1113.01
2024-01-20 23:00:00+00:00,664.6791666666667,664.6791666666667
2024-01-21 00:00:00+00:00,729.3019444444444,729.3019444444444
2024-01-21 01:00:00+00:00,455.5930555555556,455.5930555555556
2024-01-21 02:00:00+00:00,592.61,592.61
2024-01-21 03:00:00+00:00,1300.9347222222225,1300.9347222222225
2024-01-21 04:00:00+00:00,592.8413888888889,592.8413888888889
2024-01-21 05:00:00+00:00,478.48777777777775,592.8413888888889
2024-01-21 06:00:00+00:00,1701.5669444444443,1701.5669444444443
2024-01-21 07:00:00+00:00,2450.470277777778,2450.470277777778
2024-01-21 08:00:00+00:00,7836.466666666666,7836.466666666666
2024-01-21 09:00:00+00:00,3470.338888888889,3470.338888888889
2024-01-21 10:00:00+00:00,2385.8355555555554,3470.338888888889
2024-01-21 11:00:00+00:00,22475.86305555556,22475.86305555556
2024-01-21 12:00:00+00:00,1663.4522222222222,1663.4522222222222
2024-01-21 13:00:00+00:00,2594.815,2594.815
2024-01-21 14:00:00+00:00,2008.4027777777776,2008.4027777777776
2024-01-21 15:00:00+00:00,3010.9869444444444,3010.9869444444444
2024-01-21 16:00:00+00:00,3455.7225,3455.7225
2024-01-21 17:00:00+00:00,2744.533055555556,2744.533055555556
2024-01-21 18:00:00+00:00,1740.9869444444444,2744.533055555556
2024-01-21 19:00:00+00:00,2734.0744444444445,2734.0744444444445
2024-01-21 20:00:00+00:00,2741.948611111111,2741.948611111111
2024-01-21 21:00:00+00:00,1806.1083333333331,1806.1083333333331
2024-01-21 22:00:00+00:00,1461.3436111111112,1461.3436111111112
2024-01-21 23:00:00+00:00,1021.3475,1021.3475
2024-01-22 00:00:00+00:00,658.0594444444445,658.0594444444445
2024-01-22 01:00:00+00:00,429.2577777777778,429.2577777777778
2024-01-22 02:00:00+00:00,748.4133333333333,748.4133333333333
2024-01-22 03:00:00+00:00,1128.8791666666666,1128.8791666666666
2024-01-22 04:00:00+00:00,5683.725555555556,5683.725555555556
2024-01-22 05:00:00+00:00,4310.172222222222,4310.172222222222
2024-01-22 06:00:00+00:00,31967.034722222223,31967.034722222223
2024-01-22 07:00:00+00:00,19781.395,19781.395
2024-01-22 08:00:00+00:00,20823.243055555555,20823.243055555555
2024-01-22 09:00:00+00:00,5640.895,5640.895
2024-01-22 10:00:00+00:00,28562.41611111111,28562.41611111111
2024-01-22 11:00:00+00:00,28009.87777777778,28009.87777777778
2024-01-22 12:00:00+00:00,16530.15027777778,16530.15027777778
2024-01-22 13:00:00+00:00,32919.80333333334,32919.80333333334
2024-01-22 14:00:00+00:00,24848.22111111111,32919.80333333334
2024-01-22 15:00:00+00:00,9191.145555555557,9191.145555555557
2024-01-22 16:00:00+00:00,10792.753055555557,10792.753055555557
2024-01-22 17:00:00+00:00,12368.513055555555,12368.513055555555
2024-01-22 18:00:00+00:00,9212.589166666668,9212.589166666668
2024-01-22 19:00:00+00:00,22221.30055555556,9212.589166666668
2024-01-22 20:00:00+00:00,15973.59972222222,15973.59972222222
2024-01-22 21:00:00+00:00,9137.556388888888,9137.556388888888
2024-01-22 22:00:00+00:00,2911.406388888889,2911.406388888889
2024-01-22 23:00:00+00:00,1263.026111111111,1263.026111111111
2024-01-23 00:00:00+00:00,1410.836388888889,1410.836388888889
2024-01-23 01:00:00+00:00,856.4013888888888,856.4013888888888
2024-01-23 02:00:00+00:00,1013.35,1013.35
2024-01-23 03:00:00+00:00,1004.2711111111112,1004.2711111111112
2024-01-23 04:00:00+00:00,15174.028333333334,15174.028333333334
2024-01-23 05:00:00+00:00,11266.621388888889,11266.621388888889
2024-01-23 06:00:00+00:00,19419.32638888889,19419.32638888889
2024-01-23 07:00:00+00:00,28256.025833333333,28256.025833333333
2024-01-23 08:00:00+00:00,9995.49777777778,9995.49777777778
2024-01-23 09:00:00+00:00,8063.775,8063.775
2024-01-23 10:00:00+00:00,36830.45805555556,36830.45805555556
2024-01-23 11:00:00+00:00,40036.22888888889,40036.22888888889
2024-01-23 12:00:00+00:00,25373.239166666663,25373.239166666663
2024-01-23 13:00:00+00:00,11524.721666666666,25373.239166666663
2024-01-23 14:00:00+00:00,16950.131944444445,16950.131944444445
2024-01-23 15:00:00+00:00,7669.9927777777775,7669.9927777777775
2024-01-23 16:00:00+00:00,15873.686944444444,7669.9927777777775
2024-01-23 17:00:00+00:00,12123.363055555556,12123.363055555556
2024-01-23 18:00:00+00:00,11090.245555555555,11090.245555555555
2024-01-23 19:00:00+00:00,20819.421666666665,20819.421666666665
2024-01-23 20:00:00+00:00,10380.095555555556,10380.095555555556
2024-01-23 21:00:00+00:00,5078.321944444445,5078.321944444445
2024-01-23 22:00:00+00:00,2273.462777777778,2273.462777777778
2024-01-23 23:00:00+00:00,1142.7977777777778,2273.462777777778
2024-01-24 00:00:00+00:00,1301.081111111111,2273.462777777778
2024-01-24 01:00:00+00:00,745.7638888888889,745.7638888888889
2024-01-24 02:00:00+00:00,1221.361388888889,1221.361388888889
2024-01-24 03:00:00+00:00,1749.2172222222223,1221.361388888889
2024-01-24 04:00:00+00:00,2227.1652777777776,2227.1652777777776
2024-01-24 05:00:00+00:00,11672.782222222222,11672.782222222222
2024-01-24 06:00:00+00:00,18370.868611111116,18370.868611111116
2024-01-24 07:00:00+00:00,9110.494444444445,9110.494444444445
2024-01-24 08:00:00+00:00,11987.2725,11987.2725
2024-01-24 09:00:00+00:00,50416.59694444444,50416.59694444444
2024-01-24 10:00:00+00:00,40998.27611111111,40998.27611111111
2024-01-24 11:00:00+00:00,56188.64,56188.64
2024-01-24 12:00:00+00:00,44841.15888888889,44841.15888888889
2024-01-24 13:00:00+00:00,12423.438333333334,44841.15888888889
2024-01-24 14:00:00+00:00,9730.991666666669,9730.991666666669
2024-01-24 15:00:00+00:00,12618.833333333334,9730.991666666669
2024-01-24 16:00:00+00:00,11597.391111111112,11597.391111111112
2024-01-24 17:00:00+00:00,13792.047222222222,11597.391111111112
2024-01-24 18:00:00+00:00,17584.550555555557,17584.550555555557
2024-01-24 19:00:00+00:00,24516.548055555555,24516.548055555555
2024-01-24 20:00:00+00:00,17826.408888888887,17826.408888888887
2024-01-24 21:00:00+00:00,4267.001388888889,4267.001388888889
2024-01-24 22:00:00+00:00,1948.5605555555555,1948.5605555555555
2024-01-24 23:00:00+00:00,785.8461111111111,785.8461111111111
2024-01-25 00:00:00+00:00,1014.8077777777778,1014.8077777777778
2024-01-25 01:00:00+00:00,1030.3594444444443,1030.3594444444443
2024-01-25 02:00:00+00:00,1333.0830555555556,1333.0830555555556
2024-01-25 03:00:00+00:00,1263.21,1263.21
2024-01-25 04:00:00+00:00,2821.7166666666667,2821.7166666666667
2024-01-25 05:00:00+00:00,32944.71,2821.7166666666667
2024-01-25 06:00:00+00:00,41505.20472222223,41505.20472222223
2024-01-25 07:00:00+00:00,63366.86861111111,63366.86861111111
2024-01-25 08:00:00+00:00,11291.058055555555,11291.058055555555
2024-01-25 09:00:00+00:00,8717.523611111112,8717.523611111112
2024-01-25 10:00:00+00:00,4433.675555555556,4433.675555555556
2024-01-25 11:00:00+00:00,10066.405833333334,10066.405833333334
2024-01-25 12:00:00+00:00,12930.274722222222,12930.274722222222
2024-01-25 13:00:00+00:00,12002.480555555556,12930.274722222222
2024-01-25 14:00:00+00:00,41074.46944444445,41074.46944444445
2024-01-25 15:00:00+00:00,4859.506111111111,4859.506111111111
2024-01-25 16:00:00+00:00,7577.373055555556,7577.373055555556
2024-01-25 17:00:00+00:00,13959.929722222225,13959.929722222225
2024-01-25 18:00:00+00:00,6593.890277777778,6593.890277777778
2024-01-25 19:00:00+00:00,6093.913055555556,6093.913055555556
2024-01-25 20:00:00+00:00,6277.183333333333,6277.183333333333
2024-01-25 21:00:00+00:00,3737.927777777778,3737.927777777778
2024-01-25 22:00:00+00:00,3300.3716666666664,3300.3716666666664
2024-01-25 23:00:00+00:00,3250.060555555556,3250.060555555556
2024-01-26 00:00:00+00:00,1552.1219444444444,1552.1219444444444
2024-01-26 01:00:00+00:00,1052.3094444444444,1052.3094444444444
2024-01-26 02:00:00+00:00,7932.037777777778,7932.037777777778
2024-01-26 03:00:00+00:00,3086.760277777778,3086.760277777778
2024-01-26 04:00:00+00:00,2726.412222222222,2726.412222222222
2024-01-26 05:00:00+00:00,9397.01972222222,9397.01972222222
2024-01-26 06:00:00+00:00,12849.155833333334,12849.155833333334
2024-01-26 07:00:00+00:00,19594.500277777777,19594.500277777777
2024-01-26 08:00:00+00:00,18321.116388888888,18321.116388888888
2024-01-26 09:00:00+00:00,37933.175,37933.175
2024-01-26 10:00:00+00:00,8645.535833333333,8645.535833333333
2024-01-26 11:00:00+00:00,9865.246666666666,9865.246666666666
2024-01-26 12:00:00+00:00,6410.124722222222,6410.124722222222
2024-01-26 13:00:00+00:00,4516.857222222222,4516.857222222222
2024-01-26 14:00:00+00:00,7627.359444444444,7627.359444444444
2024-01-26 15:00:00+00:00,4523.497222222222,7627.359444444444
2024-01-26 16:00:00+00:00,10754.157777777778,10754.157777777778
2024-01-26 17:00:00+00:00,5012.943888888889,5012.943888888889
2024-01-26 18:00:00+00:00,17290.2375,17290.2375
2024-01-26 19:00:00+00:00,4885.1513888888885,4885.1513888888885
2024-01-26 20:00:00+00:00,35018.64666666667,35018.64666666667
2024-01-26 21:00:00+00:00,2416.912222222222,2416.912222222222
2024-01-26 22:00:00+00:00,2541.3025,2541.3025
2024-01-26 23:00:00+00:00,4313.465277777777,4313.465277777777
2024-01-27 00:00:00+00:00,702.8811111111111,702.8811111111111
2024-01-27 01:00:00+00:00,945.1111111111112,945.1111111111112
2024-01-27 02:00:00+00:00,723.2611111111111,723.2611111111111
2024-01-27 03:00:00+00:00,1249.9161111111111,1249.9161111111111
2024-01-27 04:00:00+00:00,1652.77,1652.77
2024-01-27 05:00:00+00:00,3470.145555555556,3470.145555555556
2024-01-27 06:00:00+00:00,3160.901388888889,3160.901388888889
2024-01-27 07:00:00+00:00,6114.484444444444,6114.484444444444
2024-01-27 08:00:00+00:00,7310.636111111111,7310.636111111111
2024-01-27 09:00:00+00:00,7754.409722222223,7754.409722222223
2024-01-27 10:00:00+00:00,7226.787222222222,7226.787222222222
2024-01-27 11:00:00+00:00,4477.596388888889,4477.596388888889
2024-01-27 12:00:00+00:00,5470.338055555556,5470.338055555556
2024-01-27 13:00:00+00:00,4845.878055555556,4845.878055555556
2024-01-27 14:00:00+00:00,18136.32222222222,18136.32222222222
2024-01-27 15:00:00+00:00,5350.866944444444,5350.866944444444
2024-01-27 16:00:00+00:00,8879.41,8879.41
2024-01-27 17:00:00+00:00,6860.596388888889,6860.596388888889
2024-01-27 18:00:00+00:00,4732.570555555556,4732.570555555556
2024-01-27 19:00:00+00:00,46381.596666666665,46381.596666666665
2024-01-27 20:00:00+00:00,10581.488888888887,10581.488888888887
2024-01-27 21:00:00+00:00,19229.81861111111,19229.81861111111
2024-01-27 22:00:00+00:00,4839.329444444445,4839.329444444445
2024-01-27 23:00:00+00:00,2338.7419444444445,2338.7419444444445
2024-01-28 00:00:00+00:00,1163.4186111111112,1163.4186111111112
2024-01-28 01:00:00+00:00,974.0166666666668,974.0166666666668
2024-01-28 02:00:00+00:00,1924.1091666666664,1924.1091666666664
2024-01-28 03:00:00+00:00,3092.250833333333,3092.250833333333
2024-01-28 04:00:00+00:00,1316.0716666666667,3092.250833333333
2024-01-28 05:00:00+00:00,1884.7058333333332,1884.7058333333332
2024-01-28 06:00:00+00:00,5509.479722222222,5509.479722222222
2024-01-28 07:00:00+00:00,13347.270555555557,13347.270555555557
2024-01-28 08:00:00+00:00,12783.632222222222,12783.632222222222
2024-01-28 09:00:00+00:00,26456.90777777778,26456.90777777778
2024-01-28 10:00:00+00:00,17070.99,17070.99
2024-01-28 11:00:00+00:00,4943.907222222222,4943.907222222222
2024-01-28 12:00:00+00:00,3653.009444444445,3653.009444444445
2024-01-28 13:00:00+00:00,3646.203055555556,3646.203055555556
2024-01-28 14:00:00+00:00,4769.310833333333,4769.310833333333
2024-01-28 15:00:00+00:00,5314.196944444445,5314.196944444445
2024-01-28 16:00:00+00:00,4529.224166666667,4529.224166666667
2024-01-28 17:00:00+00:00,5338.165277777778,5338.165277777778
2024-01-28 18:00:00+00:00,8992.62361111111,8992.62361111111
2024-01-28 19:00:00+00:00,10380.41861111111,10380.41861111111
2024-01-28 20:00:00+00:00,9822.57111111111,9822.57111111111
2024-01-28 21:00:00+00:00,12365.35861111111,12365.35861111111
2024-01-28 22:00:00+00:00,10297.391111111112,10297.391111111112
2024-01-28 23:00:00+00:00,2164.3597222222224,2164.3597222222224
2024-01-29 00:00:00+00:00,1318.9572222222223,1318.9572222222223
2024-01-29 01:00:00+00:00,969.5258333333334,969.5258333333334
2024-01-29 02:00:00+00:00,759.9652777777778,759.9652777777778
2024-01-29 03:00:00+00:00,4660.051111111111,4660.051111111111
2024-01-29 04:00:00+00:00,8300.380833333333,8300.380833333333
2024-01-29 05:00:00+00:00,25715.149166666662,25715.149166666662
2024-01-29 06:00:00+00:00,83169.74833333334,83169.74833333334
2024-01-29 07:00:00+00:00,43140.48805555556,43140.48805555556
2024-01-29 08:00:00+00:00,15776.388055555555,15776.388055555555
2024-01-29 09:00:00+00:00,22015.119166666667,22015.119166666667
2024-01-29 10:00:00+00:00,50319.45972222222,22015.119166666667
2024-01-29 11:00:00+00:00,18534.3425,18534.3425
2024-01-29 12:00:00+00:00,54086.61555555555,54086.61555555555
2024-01-29 13:00:00+00:00,12663.385555555556,12663.385555555556
2024-01-29 14:00:00+00:00,45212.01583333333,45212.01583333333
2024-01-29 15:00:00+00:00,9184.524166666666,9184.524166666666
2024-01-29 16:00:00+00:00,13805.484444444444,13805.484444444444
2024-01-29 17:00:00+00:00,8006.104722222222,8006.104722222222
2024-01-29 18:00:00+00:00,28068.397222222226,28068.397222222226
2024-01-29 19:00:00+00:00,22241.12805555556,22241.12805555556
2024-01-29 20:00:00+00:00,13547.003611111111,13547.003611111111
2024-01-29 21:00:00+00:00,9795.324444444444,9795.324444444444
2024-01-29 22:00:00+00:00,3270.351388888889,3270.351388888889
2024-01-29 23:00:00+00:00,1236.6580555555556,1236.6580555555556
2024-01-30 00:00:00+00:00,1131.6022222222225,1131.6022222222225
2024-01-30 01:00:00+00:00,2785.6044444444447,2785.6044444444447
2024-01-30 02:00:00+00:00,7775.932777777778,7775.932777777778
2024-01-30 03:00:00+00:00,846.7905555555556,846.7905555555556
2024-01-30 04:00:00+00:00,14516.406944444445,14516.406944444445
2024-01-30 05:00:00+00:00,12282.935555555556,12282.935555555556
2024-01-30 06:00:00+00:00,7537.6802777777775,7537.6802777777775
2024-01-30 07:00:00+00:00,31086.69138888889,7537.6802777777775
2024-01-30 08:00:00+00:00,42789.37472222222,42789.37472222222
2024-01-30 09:00:00+00:00,53433.70166666667,53433.70166666667
2024-01-30 10:00:00+00:00,21954.519166666665,21954.519166666665
2024-01-30 11:00:00+00:00,68424.90138888889,68424.90138888889
2024-01-30 12:00:00+00:00,53654.418333333335,53654.418333333335
2024-01-30 13:00:00+00:00,11852.449166666667,11852.449166666667
2024-01-30 14:00:00+00:00,7725.591944444444,7725.591944444444
2024-01-30 15:00:00+00:00,7372.965277777777,7372.965277777777
2024-01-30 16:00:00+00:00,34570.790555555555,34570.790555555555
2024-01-30 17:00:00+00:00,9986.850555555557,9986.850555555557
2024-01-30 18:00:00+00:00,6662.341111111111,6662.341111111111
2024-01-30 19:00:00+00:00,14338.927222222224,6662.341111111111
2024-01-30 20:00:00+00:00,7653.882777777778,7653.882777777778
2024-01-30 21:00:00+00:00,5241.681111111111,5241.681111111111
2024-01-30 22:00:00+00:00,1819.2619444444445,1819.2619444444445
2024-01-30 23:00:00+00:00,2582.533055555556,2582.533055555556
2024-01-31 00:00:00+00:00,1690.2144444444446,1690.2144444444446
2024-01-31 01:00:00+00:00,56731.116944444446,56731.116944444446
2024-01-31 02:00:00+00:00,2183.5594444444446,2183.5594444444446
2024-01-31 03:00:00+00:00,1682.049166666667,1682.049166666667
2024-01-31 04:00:00+00:00,8178.767777777778,8178.767777777778
2024-01-31 05:00:00+00:00,10237.998333333331,8178.767777777778
2024-01-31 06:00:00+00:00,10468.99888888889,10468.99888888889
2024-01-31 07:00:00+00:00,11747.108333333334,11747.108333333334
2024-01-31 08:00:00+00:00,20748.025,20748.025
2024-01-31 09:00:00+00:00,23716.513055555555,23716.513055555555
2024-01-31 10:00:00+00:00,56362.925,56362.925
2024-01-31 11:00:00+00:00,27321.672222222223,27321.672222222223
2024-01-31 12:00:00+00:00,43585.44083333333,43585.44083333333
2024-01-31 13:00:00+00:00,21059.28722222222,21059.28722222222
2024-01-31 14:00:00+00:00,31377.31194444445,21059.28722222222
2024-01-31 15:00:00+00:00,16858.6725,16858.6725
2024-01-31 16:00:00+00:00,15001.915833333333,15001.915833333333
2024-01-31 17:00:00+00:00,7872.516666666666,7872.516666666666
2024-01-31 18:00:00+00:00,12896.350277777778,7872.516666666666
2024-01-31 19:00:00+00:00,8658.539722222222,8658.539722222222
2024-01-31 20:00:00+00:00,9959.812777777775,9959.812777777775
2024-01-31 21:00:00+00:00,17381.605,17381.605
2024-01-31 22:00:00+00:00,15678.8,15678.8
2024-01-31 23:00:00+00:00,3369.743055555556,3369.743055555556
2024-02-01 00:00:00+00:00,1893.77,1893.77
2024-02-01 01:00:00+00:00,1905.9516666666664,1905.9516666666664
2024-02-01 02:00:00+00:00,1267.0791666666669,1267.0791666666669
2024-02-01 03:00:00+00:00,2237.7244444444445,2237.7244444444445
2024-02-01 04:00:00+00:00,2889.8297222222222,2889.8297222222222
2024-02-01 05:00:00+00:00,8031.575555555555,2889.8297222222222
2024-02-01 06:00:00+00:00,13717.545555555556,13717.545555555556
2024-02-01 07:00:00+00:00,11759.129444444445,11759.129444444445
2024-02-01 08:00:00+00:00,27840.385,27840.385
2024-02-01 09:00:00+00:00,17939.631666666668,17939.631666666668
2024-02-01 10:00:00+00:00,14132.744722222222,14132.744722222222
2024-02-01 11:00:00+00:00,12780.656388888889,12780.656388888889
2024-02-01 12:00:00+00:00,23282.50333333333,23282.50333333333
2024-02-01 13:00:00+00:00,37054.745,37054.745
2024-02-01 14:00:00+00:00,10691.511111111113,37054.745
2024-02-01 15:00:00+00:00,10002.668333333331,10002.668333333331
2024-02-01 16:00:00+00:00,24008.71,24008.71
2024-02-01 17:00:00+00:00,7563.738611111111,7563.738611111111
2024-02-01 18:00:00+00:00,21410.348611111112,21410.348611111112
2024-02-01 19:00:00+00:00,38932.91805555556,38932.91805555556
2024-02-01 20:00:00+00:00,7361.860277777778,7361.860277777778
2024-02-01 21:00:00+00:00,9233.655833333334,9233.655833333334
2024-02-01 22:00:00+00:00,3687.1466666666665,3687.1466666666665
2024-02-01 23:00:00+00:00,1895.7583333333332,1895.7583333333332
2024-02-02 00:00:00+00:00,8756.399722222222,8756.399722222222
2024-02-02 01:00:00+00:00,796.0566666666666,796.0566666666666
2024-02-02 02:00:00+00:00,1289.4444444444443,1289.4444444444443
2024-02-02 03:00:00+00:00,583.2905555555556,583.2905555555556
2024-02-02 04:00:00+00:00,2977.0066666666667,2977.0066666666667
2024-02-02 05:00:00+00:00,2894.8597222222224,2894.8597222222224
2024-02-02 06:00:00+00:00,40657.38888888889,40657.38888888889
2024-02-02 07:00:00+00:00,11204.8775,11204.8775
2024-02-02 08:00:00+00:00,19729.21222222222,11204.8775
2024-02-02 09:00:00+00:00,18477.10138888889,18477.10138888889
2024-02-02 10:00:00+00:00,21018.46583333333,21018.46583333333
2024-02-02 11:00:00+00:00,20463.259166666667,20463.259166666667
2024-02-02 12:00:00+00:00,16056.556388888888,16056.556388888888
2024-02-02 13:00:00+00:00,4378.505,4378.505
2024-02-02 14:00:00+00:00,3578.210833333333,3578.210833333333
2024-02-02 15:00:00+00:00,4657.633333333333,4657.633333333333
2024-02-02 16:00:00+00:00,4860.384722222222,4860.384722222222
2024-02-02 17:00:00+00:00,4623.6,4623.6
2024-02-02 18:00:00+00:00,14779.208055555557,14779.208055555557
2024-02-02 19:00:00+00:00,3663.8302777777776,14779.208055555557
2024-02-02 20:00:00+00:00,18166.61555555556,18166.61555555556
2024-02-02 21:00:00+00:00,327579.27,327579.27
2024-02-02 22:00:00+00:00,10405.4925,10405.4925
2024-02-02 23:00:00+00:00,2534.275833333333,2534.275833333333
2024-02-03 00:00:00+00:00,2852.8127777777777,2852.8127777777777
2024-02-03 01:00:00+00:00,72416.34805555556,72416.34805555556
2024-02-03 02:00:00+00:00,690.7283333333334,690.7283333333334
2024-02-03 03:00:00+00:00,892.6663888888888,690.7283333333334
2024-02-03 04:00:00+00:00,4197.959444444445,4197.959444444445
2024-02-03 05:00:00+00:00,1014.2225,1014.2225
2024-02-03 06:00:00+00:00,2200.1344444444444,1014.2225
2024-02-03 07:00:00+00:00,36719.17416666666,1014.2225
2024-02-03 08:00:00+00:00,3208.506388888889,3208.506388888889
2024-02-03 09:00:00+00:00,8011.718888888889,8011.718888888889
2024-02-03 10:00:00+00:00,4581.074166666666,4581.074166666666
2024-02-03 11:00:00+00:00,3971.171944444444,3971.171944444444
2024-02-03 12:00:00+00:00,3789.300277777778,3789.300277777778
2024-02-03 13:00:00+00:00,3950.823333333333,3950.823333333333
2024-02-03 14:00:00+00:00,2318.5163888888887,2318.5163888888887
2024-02-03 15:00:00+00:00,3285.891666666667,2318.5163888888887
2024-02-03 16:00:00+00:00,5199.728888888889,5199.728888888889
2024-02-03 17:00:00+00:00,3552.3441666666668,3552.3441666666668
2024-02-03 18:00:00+00:00,4810.871111111112,4810.871111111112
2024-02-03 19:00:00+00:00,2900.485833333333,2900.485833333333
2024-02-03 20:00:00+00:00,15161.78,15161.78
2024-02-03 21:00:00+00:00,2727.6069444444443,2727.6069444444443
2024-02-03 22:00:00+00:00,3565.0594444444446,3565.0594444444446
2024-02-03 23:00:00+00:00,1562.5780555555557,1562.5780555555557
2024-02-04 00:00:00+00:00,1806.2027777777776,1806.2027777777776
2024-02-04 01:00:00+00:00,3185.0191666666665,3185.0191666666665
2024-02-04 02:00:00+00:00,1052.3622222222225,1052.3622222222225
2024-02-04 03:00:00+00:00,2078.430555555556,2078.430555555556
2024-02-04 04:00:00+00:00,741.6358333333334,741.6358333333334
2024-02-04 05:00:00+00:00,1505.290277777778,1505.290277777778
2024-02-04 06:00:00+00:00,4182.207222222222,4182.207222222222
2024-02-04 07:00:00+00:00,3080.814444444444,3080.814444444444
2024-02-04 08:00:00+00:00,2262.9952777777776,3080.814444444444
2024-02-04 09:00:00+00:00,3887.817777777778,3887.817777777778
2024-02-04 10:00:00+00:00,4843.966388888889,4843.966388888889
2024-02-04 11:00:00+00:00,16104.623055555556,16104.623055555556
2024-02-04 12:00:00+00:00,7015.865833333333,7015.865833333333
2024-02-04 13:00:00+00:00,7910.643888888889,7910.643888888889
2024-02-04 14:00:00+00:00,11788.12,11788.12
2024-02-04 15:00:00+00:00,17150.727777777778,17150.727777777778
2024-02-04 16:00:00+00:00,17453.663333333334,17150.727777777778
2024-02-04 17:00:00+00:00,11934.69638888889,11934.69638888889
2024-02-04 18:00:00+00:00,10218.574444444444,10218.574444444444
2024-02-04 19:00:00+00:00,10818.010833333334,10818.010833333334
2024-02-04 20:00:00+00:00,32300.386944444443,32300.386944444443
2024-02-04 21:00:00+00:00,23257.008055555558,23257.008055555558
2024-02-04 22:00:00+00:00,10042.970833333333,10042.970833333333
2024-02-04 23:00:00+00:00,2228.4169444444447,2228.4169444444447
2024-02-05 00:00:00+00:00,1486.6225,1486.6225
2024-02-05 01:00:00+00:00,1014.8422222222222,1014.8422222222222
2024-02-05 02:00:00+00:00,8413.44611111111,8413.44611111111
2024-02-05 03:00:00+00:00,2211.6344444444444,2211.6344444444444
2024-02-05 04:00:00+00:00,8292.894166666667,8292.894166666667
2024-02-05 05:00:00+00:00,50662.318333333336,50662.318333333336
2024-02-05 06:00:00+00:00,33550.71055555555,33550.71055555555
2024-02-05 07:00:00+00:00,50582.49361111111,50582.49361111111
2024-02-05 08:00:00+00:00,11684.667222222222,11684.667222222222
2024-02-05 09:00:00+00:00,24394.55222222222,24394.55222222222
2024-02-05 10:00:00+00:00,18545.77666666667,18545.77666666667
2024-02-05 11:00:00+00:00,14323.772777777778,14323.772777777778
2024-02-05 12:00:00+00:00,26820.855277777777,26820.855277777777
2024-02-05 13:00:00+00:00,7887.020833333333,7887.020833333333
2024-02-05 14:00:00+00:00,15293.915,7887.020833333333
2024-02-05 15:00:00+00:00,8067.802222222223,8067.802222222223
2024-02-05 16:00:00+00:00,6849.274444444444,6849.274444444444
2024-02-05 17:00:00+00:00,11158.851944444445,6849.274444444444
2024-02-05 18:00:00+00:00,13130.989444444444,13130.989444444444
2024-02-05 19:00:00+00:00,84895.23055555555,84895.23055555555
2024-02-05 20:00:00+00:00,16105.362777777778,16105.362777777778
2024-02-05 21:00:00+00:00,4147.951388888889,4147.951388888889
2024-02-05 22:00:00+00:00,5659.363055555556,5659.363055555556
2024-02-05 23:00:00+00:00,1270.1597222222222,1270.1597222222222
2024-02-06 00:00:00+00:00,7753.237222222222,1270.1597222222222
2024-02-06 01:00:00+00:00,846.9091666666667,846.9091666666667
2024-02-06 02:00:00+00:00,7469.110833333333,846.9091666666667
2024-02-06 03:00:00+00:00,1281.6247222222223,1281.6247222222223
2024-02-06 04:00:00+00:00,5462.473333333333,5462.473333333333
2024-02-06 05:00:00+00:00,18771.39583333333,18771.39583333333
2024-02-06 06:00:00+00:00,16964.181666666667,16964.181666666667
2024-02-06 07:00:00+00:00,157815.62944444444,16964.181666666667
2024-02-06 08:00:00+00:00,20023.04527777778,20023.04527777778
2024-02-06 09:00:00+00:00,41555.99388888889,41555.99388888889
2024-02-06 10:00:00+00:00,42352.4275,42352.4275
2024-02-06 11:00:00+00:00,29041.72888888889,29041.72888888889
2024-02-06 12:00:00+00:00,13364.309722222222,13364.309722222222
2024-02-06 13:00:00+00:00,10402.875,10402.875
2024-02-06 14:00:00+00:00,18024.38388888889,18024.38388888889
2024-02-06 15:00:00+00:00,31634.597777777777,31634.597777777777
2024-02-06 16:00:00+00:00,8700.681944444445,31634.597777777777
2024-02-06 17:00:00+00:00,7277.080555555555,7277.080555555555
2024-02-06 18:00:00+00:00,10109.021666666667,10109.021666666667
2024-02-06 19:00:00+00:00,9905.809444444443,9905.809444444443
2024-02-06 20:00:00+00:00,11718.788333333334,11718.788333333334
2024-02-06 21:00:00+00:00,12961.589444444444,12961.589444444444
2024-02-06 22:00:00+00:00,11881.66138888889,11881.66138888889
2024-02-06 23:00:00+00:00,7124.656388888889,7124.656388888889
2024-02-07 00:00:00+00:00,1036.6266666666668,1036.6266666666668
2024-02-07 01:00:00+00:00,1844.9077777777777,1844.9077777777777
2024-02-07 02:00:00+00:00,561.5463888888889,561.5463888888889
2024-02-07 03:00:00+00:00,2076.438888888889,2076.438888888889
2024-02-07 04:00:00+00:00,4145.614722222223,2076.438888888889
2024-02-07 05:00:00+00:00,70754.85583333333,70754.85583333333
2024-02-07 06:00:00+00:00,15917.15,15917.15
2024-02-07 07:00:00+00:00,35726.584444444445,35726.584444444445
2024-02-07 08:00:00+00:00,27543.31527777778,27543.31527777778
2024-02-07 09:00:00+00:00,38987.77111111111,38987.77111111111
2024-02-07 10:00:00+00:00,33562.52916666667,33562.52916666667
2024-02-07 11:00:00+00:00,24096.03833333333,24096.03833333333
2024-02-07 12:00:00+00:00,14571.739444444444,14571.739444444444
2024-02-07 13:00:00+00:00,30178.584722222226,30178.584722222226
2024-02-07 14:00:00+00:00,13531.452222222222,13531.452222222222
2024-02-07 15:00:00+00:00,5450.729722222222,13531.452222222222
2024-02-07 16:00:00+00:00,3921.0022222222224,3921.0022222222224
2024-02-07 17:00:00+00:00,17082.25888888889,17082.25888888889
2024-02-07 18:00:00+00:00,4723.758888888889,17082.25888888889
2024-02-07 19:00:00+00:00,5749.033055555556,5749.033055555556
2024-02-07 20:00:00+00:00,14404.99,14404.99
2024-02-07 21:00:00+00:00,3755.383333333333,14404.99
2024-02-07 22:00:00+00:00,1392.8583333333331,1392.8583333333331
2024-02-07 23:00:00+00:00,1563.1769444444444,1563.1769444444444
2024-02-08 00:00:00+00:00,1154.3838888888888,1154.3838888888888
2024-02-08 01:00:00+00:00,1152.5791666666669,1152.5791666666669
2024-02-08 02:00:00+00:00,1214.1663888888888,1214.1663888888888
2024-02-08 03:00:00+00:00,4220.633333333333,4220.633333333333
2024-02-08 04:00:00+00:00,3010.6,3010.6
2024-02-08 05:00:00+00:00,6749.19,6749.19
2024-02-08 06:00:00+00:00,18508.15194444445,18508.15194444445
2024-02-08 07:00:00+00:00,79185.14444444445,79185.14444444445
2024-02-08 08:00:00+00:00,32587.885,32587.885
2024-02-08 09:00:00+00:00,13258.534166666666,13258.534166666666
2024-02-08 10:00:00+00:00,17676.4075,13258.534166666666
2024-02-08 11:00:00+00:00,23139.71083333333,23139.71083333333
2024-02-08 12:00:00+00:00,29386.83944444445,23139.71083333333
2024-02-08 13:00:00+00:00,16347.1175,16347.1175
2024-02-08 14:00:00+00:00,12615.091388888888,12615.091388888888
2024-02-08 15:00:00+00:00,48573.19194444444,48573.19194444444
2024-02-08 16:00:00+00:00,17453.742222222223,17453.742222222223
2024-02-08 17:00:00+00:00,10072.27861111111,10072.27861111111
2024-02-08 18:00:00+00:00,6984.933611111112,6984.933611111112
2024-02-08 19:00:00+00:00,7100.819166666667,7100.819166666667
2024-02-08 20:00:00+00:00,11589.93861111111,11589.93861111111
2024-02-08 21:00:00+00:00,6102.031944444445,6102.031944444445
2024-02-08 22:00:00+00:00,3018.170833333333,3018.170833333333
2024-02-08 23:00:00+00:00,2100.5244444444443,2100.5244444444443
2024-02-09 00:00:00+00:00,1150.3269444444445,1150.3269444444445
2024-02-09 01:00:00+00:00,5592.015277777778,5592.015277777778
2024-02-09 02:00:00+00:00,3004.6569444444444,3004.6569444444444
2024-02-09 03:00:00+00:00,2908.7327777777778,2908.7327777777778
2024-02-09 04:00:00+00:00,7981.912777777778,7981.912777777778
2024-02-09 05:00:00+00:00,15678.954444444444,15678.954444444444
2024-02-09 06:00:00+00:00,65119.48194444445,15678.954444444444
2024-02-09 07:00:00+00:00,57935.63,57935.63
2024-02-09 08:00:00+00:00,10168.574166666667,10168.574166666667
2024-02-09 09:00:00+00:00,9449.161666666669,9449.161666666669
2024-02-09 10:00:00+00:00,10227.318888888887,10227.318888888887
2024-02-09 11:00:00+00:00,61958.66194444445,61958.66194444445
2024-02-09 12:00:00+00:00,17453.901944444446,17453.901944444446
2024-02-09 13:00:00+00:00,3602.277777777778,3602.277777777778
2024-02-09 14:00:00+00:00,3587.881388888889,3587.881388888889
2024-02-09 15:00:00+00:00,2568.056111111111,2568.056111111111
2024-02-09 16:00:00+00:00,6060.926666666666,6060.926666666666
2024-02-09 17:00:00+00:00,7238.533333333334,7238.533333333334
2024-02-09 18:00:00+00:00,10111.392777777775,10111.392777777775
2024-02-09 19:00:00+00:00,3152.659722222222,3152.659722222222
2024-02-09 20:00:00+00:00,48050.4475,48050.4475
2024-02-09 21:00:00+00:00,2541.32,2541.32
2024-02-09 22:00:00+00:00,2193.330833333333,2193.330833333333
2024-02-09 23:00:00+00:00,1259.2411111111112,1259.2411111111112
2024-02-10 00:00:00+00:00,8036.851666666666,8036.851666666666
2024-02-10 01:00:00+00:00,1231.005,1231.005
2024-02-10 02:00:00+00:00,589.1663888888888,589.1663888888888
2024-02-10 03:00:00+00:00,1343.4377777777777,1343.4377777777777
2024-02-10 04:00:00+00:00,5148.560833333333,5148.560833333333
2024-02-10 05:00:00+00:00,12727.16888888889,12727.16888888889
2024-02-10 06:00:00+00:00,5100.970833333334,5100.970833333334
2024-02-10 07:00:00+00:00,2107.9283333333333,5100.970833333334
2024-02-10 08:00:00+00:00,11458.347222222224,11458.347222222224
2024-02-10 09:00:00+00:00,31222.23638888889,11458.347222222224
2024-02-10 10:00:00+00:00,11257.192222222222,11257.192222222222
2024-02-10 11:00:00+00:00,7335.895833333333,11257.192222222222
2024-02-10 12:00:00+00:00,3402.305277777778,3402.305277777778
2024-02-10 13:00:00+00:00,8241.242777777778,8241.242777777778
2024-02-10 14:00:00+00:00,17233.490833333333,17233.490833333333
2024-02-10 15:00:00+00:00,11840.007222222222,11840.007222222222
2024-02-10 16:00:00+00:00,8224.932222222222,8224.932222222222
2024-02-10 17:00:00+00:00,6071.879444444445,6071.879444444445
2024-02-10 18:00:00+00:00,6015.9638888888885,6015.9638888888885
2024-02-10 19:00:00+00:00,6878.288888888889,6878.288888888889
2024-02-10 20:00:00+00:00,4297.433333333333,4297.433333333333
2024-02-10 21:00:00+00:00,6650.997777777778,6650.997777777778
2024-02-10 22:00:00+00:00,3424.7144444444443,3424.7144444444443
2024-02-10 23:00:00+00:00,1938.1258333333333,1938.1258333333333
2024-02-11 00:00:00+00:00,1553.8133333333333,1938.1258333333333
2024-02-11 01:00:00+00:00,833.3488888888888,833.3488888888888
2024-02-11 02:00:00+00:00,422.4897222222222,422.4897222222222
2024-02-11 03:00:00+00:00,704.2561111111111,704.2561111111111
2024-02-11 04:00:00+00:00,12425.721111111112,12425.721111111112
2024-02-11 05:00:00+00:00,23479.992222222223,12425.721111111112
2024-02-11 06:00:00+00:00,4230.904166666666,4230.904166666666
2024-02-11 07:00:00+00:00,7183.070277777778,7183.070277777778
2024-02-11 08:00:00+00:00,33731.47888888889,33731.47888888889
2024-02-11 09:00:00+00:00,3763.9475,33731.47888888889
2024-02-11 10:00:00+00:00,18024.44111111111,18024.44111111111
2024-02-11 11:00:00+00:00,12213.289722222222,12213.289722222222
2024-02-11 12:00:00+00:00,3935.9425,3935.9425
2024-02-11 13:00:00+00:00,12693.836944444443,12693.836944444443
2024-02-11 14:00:00+00:00,11350.471944444444,11350.471944444444
2024-02-11 15:00:00+00:00,27926.39138888889,27926.39138888889
2024-02-11 16:00:00+00:00,43151.7875,43151.7875
2024-02-11 17:00:00+00:00,5696.56,5696.56
2024-02-11 18:00:00+00:00,4762.097222222223,5696.56
2024-02-11 19:00:00+00:00,5721.324166666666,5721.324166666666
2024-02-11 20:00:00+00:00,17617.469166666666,17617.469166666666
2024-02-11 21:00:00+00:00,4131.570555555556,4131.570555555556
2024-02-11 22:00:00+00:00,9592.714722222225,9592.714722222225
2024-02-11 23:00:00+00:00,1119.3438888888888,1119.3438888888888
2024-02-12 00:00:00+00:00,5012.0408333333335,5012.0408333333335
2024-02-12 01:00:00+00:00,64851.43444444444,64851.43444444444
2024-02-12 02:00:00+00:00,500.8380555555556,500.8380555555556
2024-02-12 03:00:00+00:00,12474.128888888888,12474.128888888888
2024-02-12 04:00:00+00:00,9492.216388888888,9492.216388888888
2024-02-12 05:00:00+00:00,17322.333055555555,17322.333055555555
2024-02-12 06:00:00+00:00,22517.28777777778,22517.28777777778
2024-02-12 07:00:00+00:00,43767.76805555556,43767.76805555556
2024-02-12 08:00:00+00:00,6973.144166666667,43767.76805555556
2024-02-12 09:00:00+00:00,22300.829444444444,22300.829444444444
2024-02-12 10:00:00+00:00,12640.288888888888,12640.288888888888
2024-02-12 11:00:00+00:00,25689.23611111111,25689.23611111111
2024-02-12 12:00:00+00:00,11103.344444444445,11103.344444444445
2024-02-12 13:00:00+00:00,14161.229722222222,14161.229722222222
2024-02-12 14:00:00+00:00,12385.3775,14161.229722222222
2024-02-12 15:00:00+00:00,11678.940277777778,11678.940277777778
2024-02-12 16:00:00+00:00,4857.370277777778,4857.370277777778
2024-02-12 17:00:00+00:00,9174.930277777778,9174.930277777778
2024-02-12 18:00:00+00:00,16259.275555555556,16259.275555555556
2024-02-12 19:00:00+00:00,4725.106388888889,4725.106388888889
2024-02-12 20:00:00+00:00,4874.487777777777,4874.487777777777
2024-02-12 21:00:00+00:00,8559.413888888888,8559.413888888888
2024-02-12 22:00:00+00:00,8051.087777777778,8051.087777777778
2024-02-12 23:00:00+00:00,1089.4216666666666,1089.4216666666666
2024-02-13 00:00:00+00:00,939.6486111111112,939.6486111111112
2024-02-13 01:00:00+00:00,668.0566666666666,668.0566666666666
2024-02-13 02:00:00+00:00,722.9027777777778,722.9027777777778
2024-02-13 03:00:00+00:00,1080.5080555555555,1080.5080555555555
2024-02-13 04:00:00+00:00,46404.84055555556,1080.5080555555555
2024-02-13 05:00:00+00:00,8822.82138888889,8822.82138888889
2024-02-13 06:00:00+00:00,11701.023333333333,11701.023333333333
2024-02-13 07:00:00+00:00,10529.024444444443,10529.024444444443
2024-02-13 08:00:00+00:00,26823.55361111111,26823.55361111111
2024-02-13 09:00:00+00:00,7694.302777777778,7694.302777777778
2024-02-13 10:00:00+00:00,21887.499722222223,21887.499722222223
2024-02-13 11:00:00+00:00,48977.57,48977.57
2024-02-13 12:00:00+00:00,18596.853055555555,18596.853055555555
2024-02-13 13:00:00+00:00,23926.48805555556,23926.48805555556
2024-02-13 14:00:00+00:00,32680.028055555555,32680.028055555555
2024-02-13 15:00:00+00:00,6047.150277777778,6047.150277777778
2024-02-13 16:00:00+00:00,13836.388611111111,13836.388611111111
2024-02-13 17:00:00+00:00,4734.2675,4734.2675
2024-02-13 18:00:00+00:00,5507.180833333333,5507.180833333333
2024-02-13 19:00:00+00:00,6212.159166666666,6212.159166666666
2024-02-13 20:00:00+00:00,9128.096944444444,9128.096944444444
2024-02-13 21:00:00+00:00,4247.344722222222,4247.344722222222
2024-02-13 22:00:00+00:00,987.8594444444444,987.8594444444444
2024-02-13 23:00:00+00:00,1477.7486111111111,987.8594444444444
2024-02-14 00:00:00+00:00,11283.891944444444,11283.891944444444
2024-02-14 01:00:00+00:00,1245.3605555555555,1245.3605555555555
2024-02-14 02:00:00+00:00,2924.6719444444443,2924.6719444444443
2024-02-14 03:00:00+00:00,4840.890277777778,4840.890277777778
2024-02-14 04:00:00+00:00,28318.99,28318.99
2024-02-14 05:00:00+00:00,41458.45638888889,41458.45638888889
2024-02-14 06:00:00+00:00,46409.43333333333,46409.43333333333
2024-02-14 07:00:00+00:00,14780.057777777778,14780.057777777778
2024-02-14 08:00:00+00:00,28594.056111111116,28594.056111111116
2024-02-14 09:00:00+00:00,99278.84944444444,99278.84944444444
2024-02-14 10:00:00+00:00,19373.448888888888,19373.448888888888
2024-02-14 11:00:00+00:00,14508.8275,14508.8275
2024-02-14 12:00:00+00:00,15006.3225,15006.3225
2024-02-14 13:00:00+00:00,24705.181944444445,24705.181944444445
2024-02-14 14:00:00+00:00,5256.506944444444,5256.506944444444
2024-02-14 15:00:00+00:00,4738.069166666667,4738.069166666667
2024-02-14 16:00:00+00:00,7792.974444444444,7792.974444444444
2024-02-14 17:00:00+00:00,7621.828333333333,7621.828333333333
2024-02-14 18:00:00+00:00,8920.021388888888,8920.021388888888
2024-02-14 19:00:00+00:00,25117.821666666667,25117.821666666667
2024-02-14 20:00:00+00:00,8203.035277777777,8203.035277777777
2024-02-14 21:00:00+00:00,14115.495555555555,14115.495555555555
2024-02-14 22:00:00+00:00,2060.1202777777776,2060.1202777777776
2024-02-14 23:00:00+00:00,2784.8275,2784.8275
2024-02-15 00:00:00+00:00,2587.853055555556,2784.8275
2024-02-15 01:00:00+00:00,7147.743333333333,2784.8275
2024-02-15 02:00:00+00:00,1218.6152777777777,1218.6152777777777
2024-02-15 03:00:00+00:00,2322.0447222222224,2322.0447222222224
2024-02-15 04:00:00+00:00,6097.150833333333,6097.150833333333
2024-02-15 05:00:00+00:00,19820.461944444443,19820.461944444443
2024-02-15 06:00:00+00:00,9891.89138888889,9891.89138888889
2024-02-15 07:00:00+00:00,50247.07444444444,50247.07444444444
2024-02-15 08:00:00+00:00,17012.861666666668,17012.861666666668
2024-02-15 09:00:00+00:00,45239.25333333333,45239.25333333333
2024-02-15 10:00:00+00:00,10855.711388888889,10855.711388888889
2024-02-15 11:00:00+00:00,37987.49,37987.49
2024-02-15 12:00:00+00:00,11401.109722222222,11401.109722222222
2024-02-15 13:00:00+00:00,7710.547222222222,7710.547222222222
2024-02-15 14:00:00+00:00,19165.220833333333,19165.220833333333
2024-02-15 15:00:00+00:00,4291.104722222222,4291.104722222222
2024-02-15 16:00:00+00:00,7478.198888888889,7478.198888888889
2024-02-15 17:00:00+00:00,4488.750277777778,4488.750277777778
2024-02-15 18:00:00+00:00,5913.101388888889,5913.101388888889
2024-02-15 19:00:00+00:00,11883.29,11883.29
2024-02-15 20:00:00+00:00,26275.139722222222,26275.139722222222
2024-02-15 21:00:00+00:00,4725.120277777778,4725.120277777778
2024-02-15 22:00:00+00:00,1680.2716666666668,1680.2716666666668
2024-02-15 23:00:00+00:00,5587.176388888889,5587.176388888889
2024-02-16 00:00:00+00:00,11642.408055555556,11642.408055555556
2024-02-16 01:00:00+00:00,1370.5955555555556,1370.5955555555556
2024-02-16 02:00:00+00:00,1113.0808333333334,1113.0808333333334
2024-02-16 03:00:00+00:00,1153.5069444444443,1153.5069444444443
2024-02-16 04:00:00+00:00,2487.180555555556,2487.180555555556
2024-02-16 05:00:00+00:00,14143.864166666666,14143.864166666666
2024-02-16 06:00:00+00:00,46302.97138888889,46302.97138888889
2024-02-16 07:00:00+00:00,21873.75888888889,21873.75888888889
2024-02-16 08:00:00+00:00,15235.509444444444,15235.509444444444
2024-02-16 09:00:00+00:00,9040.882222222222,9040.882222222222
2024-02-16 10:00:00+00:00,27048.694722222222,27048.694722222222
2024-02-16 11:00:00+00:00,4091.407777777778,4091.407777777778
2024-02-16 12:00:00+00:00,4263.530277777778,4263.530277777778
2024-02-16 13:00:00+00:00,8989.165555555555,4263.530277777778
2024-02-16 14:00:00+00:00,10926.215555555556,4263.530277777778
2024-02-16 15:00:00+00:00,3978.2491666666665,3978.2491666666665
2024-02-16 16:00:00+00:00,3691.881944444444,3691.881944444444
2024-02-16 17:00:00+00:00,3730.8386111111113,3730.8386111111113
2024-02-16 18:00:00+00:00,6179.796111111111,3730.8386111111113
2024-02-16 19:00:00+00:00,3265.226388888889,3265.226388888889
2024-02-16 20:00:00+00:00,3749.743611111111,3749.743611111111
2024-02-16 21:00:00+00:00,36318.48333333333,36318.48333333333
2024-02-16 22:00:00+00:00,2105.712777777778,2105.712777777778
2024-02-16 23:00:00+00:00,2163.683611111111,2163.683611111111
2024-02-17 00:00:00+00:00,3818.291388888889,2163.683611111111
2024-02-17 01:00:00+00:00,1541.6322222222225,1541.6322222222225
2024-02-17 02:00:00+00:00,1513.049166666667,1513.049166666667
2024-02-17 03:00:00+00:00,2006.1863888888888,2006.1863888888888
2024-02-17 04:00:00+00:00,5563.566944444445,5563.566944444445
2024-02-17 05:00:00+00:00,1703.3658333333333,1703.3658333333333
2024-02-17 06:00:00+00:00,3297.675833333333,3297.675833333333
2024-02-17 07:00:00+00:00,11519.6875,3297.675833333333
2024-02-17 08:00:00+00:00,4323.708055555556,4323.708055555556
2024-02-17 09:00:00+00:00,5241.335277777778,5241.335277777778
2024-02-17 10:00:00+00:00,35723.31555555556,35723.31555555556
2024-02-17 11:00:00+00:00,4091.907222222222,4091.907222222222
2024-02-17 12:00:00+00:00,7066.831944444444,7066.831944444444
2024-02-17 13:00:00+00:00,2909.1219444444446,7066.831944444444
2024-02-17 14:00:00+00:00,4156.823333333334,7066.831944444444
2024-02-17 15:00:00+00:00,7482.138888888889,7482.138888888889
2024-02-17 16:00:00+00:00,4654.741666666667,4654.741666666667
2024-02-17 17:00:00+00:00,1957.7441666666664,1957.7441666666664
2024-02-17 18:00:00+00:00,2177.716111111112,2177.716111111112
2024-02-17 19:00:00+00:00,4201.570277777778,4201.570277777778
2024-02-17 20:00:00+00:00,2688.573055555556,2688.573055555556
2024-02-17 21:00:00+00:00,2103.389722222222,2103.389722222222
2024-02-17 22:00:00+00:00,1102.6822222222222,1102.6822222222222
2024-02-17 23:00:00+00:00,1033.3702777777778,1102.6822222222222
2024-02-18 00:00:00+00:00,1157.98,1157.98
2024-02-18 01:00:00+00:00,1433.1772222222223,1157.98
2024-02-18 02:00:00+00:00,1125.5416666666667,1125.5416666666667
2024-02-18 03:00:00+00:00,580.8252777777777,580.8252777777777
2024-02-18 04:00:00+00:00,3710.177222222222,3710.177222222222
2024-02-18 05:00:00+00:00,5398.0725,5398.0725
2024-02-18 06:00:00+00:00,2761.415833333333,2761.415833333333
2024-02-18 07:00:00+00:00,3623.5866666666666,3623.5866666666666
2024-02-18 08:00:00+00:00,8442.994444444445,3623.5866666666666
2024-02-18 09:00:00+00:00,3550.7105555555554,3550.7105555555554
2024-02-18 10:00:00+00:00,4126.120833333333,4126.120833333333
2024-02-18 11:00:00+00:00,5893.6925,4126.120833333333
2024-02-18 12:00:00+00:00,9159.993888888888,9159.993888888888
2024-02-18 13:00:00+00:00,5719.715,5719.715
2024-02-18 14:00:00+00:00,7574.495833333333,7574.495833333333
2024-02-18 15:00:00+00:00,19860.293611111112,19860.293611111112
2024-02-18 16:00:00+00:00,17501.487222222222,17501.487222222222
2024-02-18 17:00:00+00:00,21861.215277777777,17501.487222222222
2024-02-18 18:00:00+00:00,5076.9238888888885,17501.487222222222
2024-02-18 19:00:00+00:00,7444.208888888889,7444.208888888889
2024-02-18 20:00:00+00:00,5239.2325,5239.2325
2024-02-18 21:00:00+00:00,17062.92111111111,17062.92111111111
2024-02-18 22:00:00+00:00,3152.8797222222224,3152.8797222222224
2024-02-18 23:00:00+00:00,3145.4908333333333,3145.4908333333333
2024-02-19 00:00:00+00:00,2271.9166666666665,3145.4908333333333
2024-02-19 01:00:00+00:00,2097.0441666666666,2097.0441666666666
2024-02-19 02:00:00+00:00,1756.7994444444444,1756.7994444444444
2024-02-19 03:00:00+00:00,3477.7761111111117,3477.7761111111117
2024-02-19 04:00:00+00:00,4051.030277777778,4051.030277777778
2024-02-19 05:00:00+00:00,39013.31472222223,39013.31472222223
2024-02-19 06:00:00+00:00,31128.570277777777,39013.31472222223
2024-02-19 07:00:00+00:00,48271.99277777778,48271.99277777778
2024-02-19 08:00:00+00:00,16494.36111111111,16494.36111111111
2024-02-19 09:00:00+00:00,36873.45888888889,36873.45888888889
2024-02-19 10:00:00+00:00,53900.52916666667,53900.52916666667
2024-02-19 11:00:00+00:00,24552.61972222222,24552.61972222222
2024-02-19 12:00:00+00:00,30252.81527777778,30252.81527777778
2024-02-19 13:00:00+00:00,19441.799166666668,19441.799166666668
2024-02-19 14:00:00+00:00,49322.50333333333,49322.50333333333
2024-02-19 15:00:00+00:00,7880.901944444445,49322.50333333333
2024-02-19 16:00:00+00:00,9659.10861111111,49322.50333333333
2024-02-19 17:00:00+00:00,13396.535,13396.535
2024-02-19 18:00:00+00:00,12727.738333333333,13396.535
2024-02-19 19:00:00+00:00,19380.96055555556,19380.96055555556
2024-02-19 20:00:00+00:00,7653.531388888889,7653.531388888889
2024-02-19 21:00:00+00:00,7156.427777777778,7156.427777777778
2024-02-19 22:00:00+00:00,7200.129444444445,7200.129444444445
2024-02-19 23:00:00+00:00,3718.0208333333335,3718.0208333333335
2024-02-20 00:00:00+00:00,2833.563333333333,2833.563333333333
2024-02-20 01:00:00+00:00,4056.428888888889,4056.428888888889
2024-02-20 02:00:00+00:00,2033.0180555555555,4056.428888888889
2024-02-20 03:00:00+00:00,1506.631666666667,1506.631666666667
2024-02-20 04:00:00+00:00,12085.576944444443,12085.576944444443
2024-02-20 05:00:00+00:00,13095.1025,13095.1025
2024-02-20 06:00:00+00:00,19654.6225,19654.6225
2024-02-20 07:00:00+00:00,14521.00138888889,14521.00138888889
2024-02-20 08:00:00+00:00,40164.16944444445,40164.16944444445
2024-02-20 09:00:00+00:00,41129.455,41129.455
2024-02-20 10:00:00+00:00,10592.058611111112,10592.058611111112
2024-02-20 11:00:00+00:00,18805.170833333334,18805.170833333334
2024-02-20 12:00:00+00:00,79989.3913888889,79989.3913888889
2024-02-20 13:00:00+00:00,12047.764722222222,12047.764722222222
2024-02-20 14:00:00+00:00,17369.24472222222,17369.24472222222
2024-02-20 15:00:00+00:00,4883.599166666667,4883.599166666667
2024-02-20 16:00:00+00:00,4996.516388888889,4996.516388888889
2024-02-20 17:00:00+00:00,10326.68638888889,10326.68638888889
2024-02-20 18:00:00+00:00,5301.528055555556,10326.68638888889
2024-02-20 19:00:00+00:00,19589.40055555556,19589.40055555556
2024-02-20 20:00:00+00:00,11767.88,11767.88
2024-02-20 21:00:00+00:00,24223.24027777778,24223.24027777778
2024-02-20 22:00:00+00:00,3039.8605555555555,3039.8605555555555
2024-02-20 23:00:00+00:00,1497.0697222222225,1497.0697222222225
2024-02-21 00:00:00+00:00,2886.197222222222,2886.197222222222
2024-02-21 01:00:00+00:00,17254.961666666666,17254.961666666666
2024-02-21 02:00:00+00:00,4976.067777777777,4976.067777777777
2024-02-21 03:00:00+00:00,6027.635555555556,6027.635555555556
2024-02-21 04:00:00+00:00,4901.343333333333,4901.343333333333
2024-02-21 05:00:00+00:00,15059.495833333332,15059.495833333332
2024-02-21 06:00:00+00:00,29077.6925,29077.6925
2024-02-21 07:00:00+00:00,23165.166666666668,23165.166666666668
2024-02-21 08:00:00+00:00,18953.820277777777,18953.820277777777
2024-02-21 09:00:00+00:00,9633.964722222225,9633.964722222225
2024-02-21 10:00:00+00:00,11803.841388888888,11803.841388888888
2024-02-21 11:00:00+00:00,29243.277777777777,29243.277777777777
2024-02-21 12:00:00+00:00,11666.511388888888,11666.511388888888
2024-02-21 13:00:00+00:00,24593.469166666662,24593.469166666662
2024-02-21 14:00:00+00:00,34242.524722222224,34242.524722222224
2024-02-21 15:00:00+00:00,20060.9225,34242.524722222224
2024-02-21 16:00:00+00:00,3655.015555555556,3655.015555555556
2024-02-21 17:00:00+00:00,4851.707777777778,4851.707777777778
2024-02-21 18:00:00+00:00,15159.923333333334,15159.923333333334
2024-02-21 19:00:00+00:00,6538.979722222222,6538.979722222222
2024-02-21 20:00:00+00:00,8274.675833333333,6538.979722222222
2024-02-21 21:00:00+00:00,12600.523888888889,6538.979722222222
2024-02-21 22:00:00+00:00,15128.679722222225,15128.679722222225
2024-02-21 23:00:00+00:00,2791.240277777778,15128.679722222225
2024-02-22 00:00:00+00:00,3399.685833333333,3399.685833333333
2024-02-22 01:00:00+00:00,3566.563333333333,3566.563333333333
2024-02-22 02:00:00+00:00,1877.0280555555555,1877.0280555555555
2024-02-22 03:00:00+00:00,3456.5655555555554,3456.5655555555554
2024-02-22 04:00:00+00:00,2578.6633333333334,2578.6633333333334
2024-02-22 05:00:00+00:00,8111.666111111111,8111.666111111111
2024-02-22 06:00:00+00:00,9022.396666666667,9022.396666666667
2024-02-22 07:00:00+00:00,8853.701388888889,8853.701388888889
2024-02-22 08:00:00+00:00,24974.959166666667,24974.959166666667
2024-02-22 09:00:00+00:00,12110.056388888888,12110.056388888888
2024-02-22 10:00:00+00:00,10739.316944444445,10739.316944444445
2024-02-22 11:00:00+00:00,20135.02833333333,20135.02833333333
2024-02-22 12:00:00+00:00,27636.056666666667,27636.056666666667
2024-02-22 13:00:00+00:00,25038.56611111111,25038.56611111111
2024-02-22 14:00:00+00:00,17963.456944444446,17963.456944444446
2024-02-22 15:00:00+00:00,6387.954166666666,6387.954166666666
2024-02-22 16:00:00+00:00,9485.305833333334,9485.305833333334
2024-02-22 17:00:00+00:00,7064.234444444444,7064.234444444444
2024-02-22 18:00:00+00:00,6659.285833333333,7064.234444444444
2024-02-22 19:00:00+00:00,4080.955555555556,4080.955555555556
2024-02-22 20:00:00+00:00,11635.369444444445,4080.955555555556
2024-02-22 21:00:00+00:00,5496.428055555555,5496.428055555555
2024-02-22 22:00:00+00:00,10504.5325,10504.5325
2024-02-22 23:00:00+00:00,2985.108333333333,2985.108333333333
2024-02-23 00:00:00+00:00,2091.802222222222,2091.802222222222
2024-02-23 01:00:00+00:00,2933.639166666667,2091.802222222222
2024-02-23 02:00:00+00:00,2604.089166666666,2604.089166666666
2024-02-23 03:00:00+00:00,1449.3230555555556,1449.3230555555556
2024-02-23 04:00:00+00:00,3188.5619444444446,3188.5619444444446
2024-02-23 05:00:00+00:00,14863.555833333334,14863.555833333334
2024-02-23 06:00:00+00:00,38572.55055555556,38572.55055555556
2024-02-23 07:00:00+00:00,30921.235277777778,30921.235277777778
2024-02-23 08:00:00+00:00,25998.516944444444,25998.516944444444
2024-02-23 09:00:00+00:00,10435.006111111112,10435.006111111112
2024-02-23 10:00:00+00:00,22148.008055555558,22148.008055555558
2024-02-23 11:00:00+00:00,10654.073333333334,10654.073333333334
2024-02-23 12:00:00+00:00,36783.896944444445,10654.073333333334
2024-02-23 13:00:00+00:00,4459.011388888889,4459.011388888889
2024-02-23 14:00:00+00:00,3227.686388888889,3227.686388888889
2024-02-23 15:00:00+00:00,4629.144722222222,4629.144722222222
2024-02-23 16:00:00+00:00,4042.476111111111,4042.476111111111
2024-02-23 17:00:00+00:00,5671.758611111111,5671.758611111111
2024-02-23 18:00:00+00:00,4152.811111111111,5671.758611111111
2024-02-23 19:00:00+00:00,2934.858333333333,5671.758611111111
2024-02-23 20:00:00+00:00,4484.732222222222,5671.758611111111
2024-02-23 21:00:00+00:00,2930.081388888889,2930.081388888889
2024-02-23 22:00:00+00:00,6675.19,2930.081388888889
2024-02-23 23:00:00+00:00,1126.3455555555556,1126.3455555555556
2024-02-24 00:00:00+00:00,3717.511111111111,3717.511111111111
2024-02-24 01:00:00+00:00,4284.434722222222,4284.434722222222
2024-02-24 02:00:00+00:00,1140.5388888888888,1140.5388888888888
2024-02-24 03:00:00+00:00,2519.285,2519.285
2024-02-24 04:00:00+00:00,2878.443333333333,2519.285
2024-02-24 05:00:00+00:00,3546.776666666666,3546.776666666666
2024-02-24 06:00:00+00:00,5905.078888888889,5905.078888888889
2024-02-24 07:00:00+00:00,2760.518333333333,5905.078888888889
2024-02-24 08:00:00+00:00,3960.676388888889,3960.676388888889
2024-02-24 09:00:00+00:00,6215.708888888889,3960.676388888889
2024-02-24 10:00:00+00:00,2898.068888888889,2898.068888888889
2024-02-24 11:00:00+00:00,4026.782777777778,4026.782777777778
2024-02-24 12:00:00+00:00,4893.915555555555,4893.915555555555
2024-02-24 13:00:00+00:00,4966.235277777778,4966.235277777778
2024-02-24 14:00:00+00:00,4768.993333333333,4768.993333333333
2024-02-24 15:00:00+00:00,3316.7102777777777,3316.7102777777777
2024-02-24 16:00:00+00:00,2300.716388888889,2300.716388888889
2024-02-24 17:00:00+00:00,4403.440277777778,4403.440277777778
2024-02-24 18:00:00+00:00,4431.8516666666665,4431.8516666666665
2024-02-24 19:00:00+00:00,7581.546111111111,7581.546111111111
2024-02-24 20:00:00+00:00,6141.647777777778,6141.647777777778
2024-02-24 21:00:00+00:00,1482.3458333333333,6141.647777777778
2024-02-24 22:00:00+00:00,2233.265,2233.265
2024-02-24 23:00:00+00:00,1361.469722222222,1361.469722222222
2024-02-25 00:00:00+00:00,1181.9969444444444,1181.9969444444444
2024-02-25 01:00:00+00:00,2067.365555555556,2067.365555555556
2024-02-25 02:00:00+00:00,1373.2155555555555,1373.2155555555555
2024-02-25 03:00:00+00:00,814.4844444444444,814.4844444444444
2024-02-25 04:00:00+00:00,727.7347222222222,727.7347222222222
2024-02-25 05:00:00+00:00,2233.230833333333,2233.230833333333
2024-02-25 06:00:00+00:00,2348.811388888889,2348.811388888889
2024-02-25 07:00:00+00:00,3532.2980555555555,3532.2980555555555
2024-02-25 08:00:00+00:00,3648.633888888889,3648.633888888889
2024-02-25 09:00:00+00:00,4045.023611111111,4045.023611111111
2024-02-25 10:00:00+00:00,5564.413611111111,5564.413611111111
2024-02-25 11:00:00+00:00,21455.249722222223,21455.249722222223
2024-02-25 12:00:00+00:00,7229.759722222222,7229.759722222222
2024-02-25 13:00:00+00:00,4005.870555555556,4005.870555555556
2024-02-25 14:00:00+00:00,10135.859166666669,10135.859166666669
2024-02-25 15:00:00+00:00,19129.909166666668,10135.859166666669
2024-02-25 16:00:00+00:00,8210.459722222222,8210.459722222222
2024-02-25 17:00:00+00:00,9375.439166666669,8210.459722222222
2024-02-25 18:00:00+00:00,11840.115,11840.115
2024-02-25 19:00:00+00:00,5751.433055555555,5751.433055555555
2024-02-25 20:00:00+00:00,4140.306666666666,4140.306666666666
2024-02-25 21:00:00+00:00,2713.9066666666668,2713.9066666666668
2024-02-25 22:00:00+00:00,3997.823611111111,3997.823611111111
2024-02-25 23:00:00+00:00,1685.0311111111112,1685.0311111111112
2024-02-26 00:00:00+00:00,1575.5094444444444,1575.5094444444444
2024-02-26 01:00:00+00:00,1242.1002777777778,1242.1002777777778
2024-02-26 02:00:00+00:00,1078.1980555555556,1078.1980555555556
2024-02-26 03:00:00+00:00,1289.0544444444445,1289.0544444444445
2024-02-26 04:00:00+00:00,5895.421111111111,5895.421111111111
2024-02-26 05:00:00+00:00,17114.26,17114.26
2024-02-26 06:00:00+00:00,65384.36944444444,65384.36944444444
2024-02-26 07:00:00+00:00,15426.255277777778,15426.255277777778
2024-02-26 08:00:00+00:00,16475.112777777777,16475.112777777777
2024-02-26 09:00:00+00:00,18432.78055555556,18432.78055555556
2024-02-26 10:00:00+00:00,18931.99916666667,18931.99916666667
2024-02-26 11:00:00+00:00,68544.72666666667,68544.72666666667
2024-02-26 12:00:00+00:00,93729.89611111111,68544.72666666667
2024-02-26 13:00:00+00:00,37943.22666666667,37943.22666666667
2024-02-26 14:00:00+00:00,12838.402222222225,12838.402222222225
2024-02-26 15:00:00+00:00,5411.366666666667,5411.366666666667
2024-02-26 16:00:00+00:00,41151.32333333333,41151.32333333333
2024-02-26 17:00:00+00:00,48318.79166666666,41151.32333333333
2024-02-26 18:00:00+00:00,25484.33805555556,25484.33805555556
2024-02-26 19:00:00+00:00,17477.493333333332,17477.493333333332
2024-02-26 20:00:00+00:00,13696.28722222222,13696.28722222222
2024-02-26 21:00:00+00:00,4239.248611111111,4239.248611111111
2024-02-26 22:00:00+00:00,3720.6511111111113,3720.6511111111113
2024-02-26 23:00:00+00:00,2027.0836111111112,2027.0836111111112
2024-02-27 00:00:00+00:00,9520.173611111111,9520.173611111111
2024-02-27 01:00:00+00:00,1186.7766666666666,1186.7766666666666
2024-02-27 02:00:00+00:00,883.0913888888889,883.0913888888889
2024-02-27 03:00:00+00:00,14401.510555555556,14401.510555555556
2024-02-27 04:00:00+00:00,4622.283888888889,4622.283888888889
2024-02-27 05:00:00+00:00,12220.507777777775,12220.507777777775
2024-02-27 06:00:00+00:00,28217.047222222223,28217.047222222223
2024-02-27 07:00:00+00:00,5476.160833333333,5476.160833333333
2024-02-27 08:00:00+00:00,26932.44083333333,26932.44083333333
2024-02-27 09:00:00+00:00,13247.225833333334,13247.225833333334
2024-02-27 10:00:00+00:00,15185.93527777778,13247.225833333334
2024-02-27 11:00:00+00:00,12352.830555555556,12352.830555555556
2024-02-27 12:00:00+00:00,8509.535,8509.535
2024-02-27 13:00:00+00:00,6634.766666666666,8509.535
2024-02-27 14:00:00+00:00,3589.8241666666668,3589.8241666666668
2024-02-27 15:00:00+00:00,15920.697777777776,15920.697777777776
2024-02-27 16:00:00+00:00,12411.211111111112,12411.211111111112
2024-02-27 17:00:00+00:00,6183.064722222222,12411.211111111112
2024-02-27 18:00:00+00:00,8271.081944444444,8271.081944444444
2024-02-27 19:00:00+00:00,6259.563611111111,6259.563611111111
2024-02-27 20:00:00+00:00,4056.258888888889,4056.258888888889
2024-02-27 21:00:00+00:00,2503.951111111111,2503.951111111111
2024-02-27 22:00:00+00:00,2105.968055555556,2105.968055555556
2024-02-27 23:00:00+00:00,1927.8333333333333,1927.8333333333333
2024-02-28 00:00:00+00:00,1468.0930555555556,1468.0930555555556
2024-02-28 01:00:00+00:00,2608.5505555555555,2608.5505555555555
2024-02-28 02:00:00+00:00,4057.3155555555554,4057.3155555555554
2024-02-28 03:00:00+00:00,7023.740833333333,7023.740833333333
2024-02-28 04:00:00+00:00,4611.157222222222,4611.157222222222
2024-02-28 05:00:00+00:00,26206.819722222222,26206.819722222222
2024-02-28 06:00:00+00:00,20415.421388888888,26206.819722222222
2024-02-28 07:00:00+00:00,57926.819444444445,57926.819444444445
2024-02-28 08:00:00+00:00,41758.06888888889,41758.06888888889
2024-02-28 09:00:00+00:00,7719.789166666666,7719.789166666666
2024-02-28 10:00:00+00:00,22228.059444444443,22228.059444444443
2024-02-28 11:00:00+00:00,13289.364444444444,22228.059444444443
2024-02-28 12:00:00+00:00,19825.071666666667,19825.071666666667
2024-02-28 13:00:00+00:00,25127.46861111111,25127.46861111111
2024-02-28 14:00:00+00:00,6867.263611111112,6867.263611111112
2024-02-28 15:00:00+00:00,6861.695555555556,6861.695555555556
2024-02-28 16:00:00+00:00,4990.936111111111,4990.936111111111
2024-02-28 17:00:00+00:00,13169.644166666669,13169.644166666669
2024-02-28 18:00:00+00:00,4291.04,4291.04
2024-02-28 19:00:00+00:00,8906.896388888888,4291.04
2024-02-28 20:00:00+00:00,4053.4369444444446,4053.4369444444446
2024-02-28 21:00:00+00:00,35992.010833333334,35992.010833333334
2024-02-28 22:00:00+00:00,4705.300277777777,4705.300277777777
2024-02-28 23:00:00+00:00,2127.343888888889,2127.343888888889
2024-02-29 00:00:00+00:00,1360.6875,1360.6875
2024-02-29 01:00:00+00:00,1728.9125,1728.9125
2024-02-29 02:00:00+00:00,1536.213888888889,1536.213888888889
2024-02-29 03:00:00+00:00,3861.724444444445,1536.213888888889
2024-02-29 04:00:00+00:00,9054.259166666669,9054.259166666669
2024-02-29 05:00:00+00:00,10119.454444444444,10119.454444444444
2024-02-29 06:00:00+00:00,15427.958055555557,15427.958055555557
2024-02-29 07:00:00+00:00,19752.365,15427.958055555557
2024-02-29 08:00:00+00:00,13469.599444444444,13469.599444444444
2024-02-29 09:00:00+00:00,5659.669722222222,5659.669722222222
2024-02-29 10:00:00+00:00,25379.66083333333,25379.66083333333
2024-02-29 11:00:00+00:00,14089.736944444445,25379.66083333333
2024-02-29 12:00:00+00:00,9834.917222222222,9834.917222222222
2024-02-29 13:00:00+00:00,8302.0,8302.0
2024-02-29 14:00:00+00:00,18292.90861111111,18292.90861111111
2024-02-29 15:00:00+00:00,11570.954722222225,11570.954722222225
2024-02-29 16:00:00+00:00,9928.732777777775,9928.732777777775
2024-02-29 17:00:00+00:00,4445.625555555555,4445.625555555555
2024-02-29 18:00:00+00:00,5957.624444444445,5957.624444444445
2024-02-29 19:00:00+00:00,7031.3275,7031.3275
2024-02-29 20:00:00+00:00,4865.669166666667,4865.669166666667
2024-02-29 21:00:00+00:00,5910.075833333333,4865.669166666667
2024-02-29 22:00:00+00:00,3465.005,4865.669166666667
2024-02-29 23:00:00+00:00,1209.3169444444443,1209.3169444444443
2024-03-01 00:00:00+00:00,2650.8747222222223,2650.8747222222223
2024-03-01 01:00:00+00:00,2801.079444444445,2801.079444444445
2024-03-01 02:00:00+00:00,11368.839444444444,11368.839444444444
2024-03-01 03:00:00+00:00,1781.8927777777778,11368.839444444444
2024-03-01 04:00:00+00:00,7667.918055555556,7667.918055555556
2024-03-01 05:00:00+00:00,81256.74138888888,81256.74138888888
2024-03-01 06:00:00+00:00,24849.032222222224,24849.032222222224
2024-03-01 07:00:00+00:00,6229.448333333334,24849.032222222224
2024-03-01 08:00:00+00:00,34575.561944444446,34575.561944444446
2024-03-01 09:00:00+00:00,9499.445277777775,9499.445277777775
2024-03-01 10:00:00+00:00,15074.68527777778,15074.68527777778
2024-03-01 11:00:00+00:00,44759.92138888889,44759.92138888889
2024-03-01 12:00:00+00:00,11820.646111111111,11820.646111111111
2024-03-01 13:00:00+00:00,2179.2944444444443,2179.2944444444443
2024-03-01 14:00:00+00:00,7422.085555555555,7422.085555555555
2024-03-01 15:00:00+00:00,3633.1422222222222,3633.1422222222222
2024-03-01 16:00:00+00:00,9366.819444444443,9366.819444444443
2024-03-01 17:00:00+00:00,3249.4802777777777,3249.4802777777777
2024-03-01 18:00:00+00:00,21929.858333333334,21929.858333333334
2024-03-01 19:00:00+00:00,2560.9919444444445,2560.9919444444445
2024-03-01 20:00:00+00:00,2002.743333333333,2002.743333333333
2024-03-01 21:00:00+00:00,1091.7255555555555,1091.7255555555555
2024-03-01 22:00:00+00:00,1906.023055555556,1906.023055555556
2024-03-01 23:00:00+00:00,4222.811111111111,4222.811111111111
2024-03-02 00:00:00+00:00,32908.34444444445,32908.34444444445
2024-03-02 01:00:00+00:00,63397.23944444444,63397.23944444444
2024-03-02 02:00:00+00:00,15032.384166666669,15032.384166666669
2024-03-02 03:00:00+00:00,1260.4544444444443,1260.4544444444443
2024-03-02 04:00:00+00:00,567.9261111111111,567.9261111111111
2024-03-02 05:00:00+00:00,722.4616666666667,722.4616666666667
2024-03-02 06:00:00+00:00,1979.6394444444445,1979.6394444444445
2024-03-02 07:00:00+00:00,3736.793888888889,3736.793888888889
2024-03-02 08:00:00+00:00,3499.134722222222,3499.134722222222
2024-03-02 09:00:00+00:00,2239.9605555555554,2239.9605555555554
2024-03-02 10:00:00+00:00,2214.9602777777777,2214.9602777777777
2024-03-02 11:00:00+00:00,4539.261111111111,4539.261111111111
2024-03-02 12:00:00+00:00,9733.503055555557,4539.261111111111
2024-03-02 13:00:00+00:00,1804.9572222222223,1804.9572222222223
2024-03-02 14:00:00+00:00,1790.3461111111112,1790.3461111111112
2024-03-02 15:00:00+00:00,1469.8027777777777,1469.8027777777777
2024-03-02 16:00:00+00:00,2811.485833333333,2811.485833333333
2024-03-02 17:00:00+00:00,34231.03361111111,34231.03361111111
2024-03-02 18:00:00+00:00,9718.5725,9718.5725
2024-03-02 19:00:00+00:00,2195.4963888888888,2195.4963888888888
2024-03-02 20:00:00+00:00,5140.764166666667,5140.764166666667
2024-03-02 21:00:00+00:00,9359.508333333331,9359.508333333331
2024-03-02 22:00:00+00:00,1802.0833333333333,1802.0833333333333
2024-03-02 23:00:00+00:00,1402.9872222222225,1802.0833333333333
2024-03-03 00:00:00+00:00,956.0813888888888,956.0813888888888
2024-03-03 01:00:00+00:00,2284.1702777777778,2284.1702777777778
2024-03-03 02:00:00+00:00,2238.1208333333334,2238.1208333333334
2024-03-03 03:00:00+00:00,1705.945,1705.945
2024-03-03 04:00:00+00:00,1997.973611111111,1997.973611111111
2024-03-03 05:00:00+00:00,1314.5841666666668,1314.5841666666668
2024-03-03 06:00:00+00:00,1469.7102777777775,1469.7102777777775
2024-03-03 07:00:00+00:00,3855.4191666666666,3855.4191666666666
2024-03-03 08:00:00+00:00,3719.3572222222224,3719.3572222222224
2024-03-03 09:00:00+00:00,8372.27638888889,8372.27638888889
2024-03-03 10:00:00+00:00,12903.706944444444,12903.706944444444
2024-03-03 11:00:00+00:00,11518.99,11518.99
2024-03-03 12:00:00+00:00,3060.849166666667,3060.849166666667
2024-03-03 13:00:00+00:00,10149.74,10149.74
2024-03-03 14:00:00+00:00,5463.569722222223,5463.569722222223
2024-03-03 15:00:00+00:00,4341.405277777778,4341.405277777778
2024-03-03 16:00:00+00:00,4089.538888888889,4089.538888888889
2024-03-03 17:00:00+00:00,15318.1325,15318.1325
2024-03-03 18:00:00+00:00,3616.653333333333,3616.653333333333
2024-03-03 19:00:00+00:00,4024.093333333333,4024.093333333333
2024-03-03 20:00:00+00:00,3248.120555555556,3248.120555555556
2024-03-03 21:00:00+00:00,5518.984444444444,5518.984444444444
2024-03-03 22:00:00+00:00,2343.853055555556,2343.853055555556
2024-03-03 23:00:00+00:00,8805.811944444444,8805.811944444444
2024-03-04 00:00:00+00:00,981.9480555555556,981.9480555555556
2024-03-04 01:00:00+00:00,1146.782222222222,1146.782222222222
2024-03-04 02:00:00+00:00,3155.4597222222224,3155.4597222222224
2024-03-04 03:00:00+00:00,1145.2180555555556,3155.4597222222224
2024-03-04 04:00:00+00:00,3789.966944444445,3155.4597222222224
2024-03-04 05:00:00+00:00,14348.43638888889,14348.43638888889
2024-03-04 06:00:00+00:00,12655.0725,12655.0725
2024-03-04 07:00:00+00:00,28642.73222222222,28642.73222222222
2024-03-04 08:00:00+00:00,13998.542222222222,13998.542222222222
2024-03-04 09:00:00+00:00,62588.16666666666,62588.16666666666
2024-03-04 10:00:00+00:00,14394.14388888889,14394.14388888889
2024-03-04 11:00:00+00:00,78302.4125,78302.4125
2024-03-04 12:00:00+00:00,30202.33111111111,30202.33111111111
2024-03-04 13:00:00+00:00,16129.504722222222,16129.504722222222
2024-03-04 14:00:00+00:00,14992.27638888889,14992.27638888889
2024-03-04 15:00:00+00:00,53340.305,53340.305
2024-03-04 16:00:00+00:00,24652.976666666666,24652.976666666666
2024-03-04 17:00:00+00:00,8213.111388888889,8213.111388888889
2024-03-04 18:00:00+00:00,8385.3025,8385.3025
2024-03-04 19:00:00+00:00,4003.5833333333335,4003.5833333333335
2024-03-04 20:00:00+00:00,10230.89361111111,10230.89361111111
2024-03-04 21:00:00+00:00,3964.5622222222223,3964.5622222222223
2024-03-04 22:00:00+00:00,1821.4333333333332,1821.4333333333332
2024-03-04 23:00:00+00:00,4069.226111111111,4069.226111111111
2024-03-05 00:00:00+00:00,1339.2286111111111,1339.2286111111111
2024-03-05 01:00:00+00:00,6015.660277777778,6015.660277777778
2024-03-05 02:00:00+00:00,2642.9794444444447,2642.9794444444447
2024-03-05 03:00:00+00:00,2558.1647222222223,2558.1647222222223
2024-03-05 04:00:00+00:00,4424.854444444444,4424.854444444444
2024-03-05 05:00:00+00:00,21598.10861111111,21598.10861111111
2024-03-05 06:00:00+00:00,24271.883611111112,24271.883611111112
2024-03-05 07:00:00+00:00,12238.709722222222,12238.709722222222
2024-03-05 08:00:00+00:00,16118.999722222225,16118.999722222225
2024-03-05 09:00:00+00:00,8647.53638888889,8647.53638888889
2024-03-05 10:00:00+00:00,8511.687777777777,8511.687777777777
2024-03-05 11:00:00+00:00,27821.147777777776,27821.147777777776
2024-03-05 12:00:00+00:00,8422.47361111111,8422.47361111111
2024-03-05 13:00:00+00:00,8580.190833333334,8580.190833333334
2024-03-05 14:00:00+00:00,2770.831111111111,2770.831111111111
2024-03-05 15:00:00+00:00,2661.652777777778,2661.652777777778
2024-03-05 16:00:00+00:00,4981.243888888889,4981.243888888889
2024-03-05 17:00:00+00:00,5265.340833333334,5265.340833333334
2024-03-05 18:00:00+00:00,11173.670833333334,11173.670833333334
2024-03-05 19:00:00+00:00,4355.674722222222,4355.674722222222
2024-03-05 20:00:00+00:00,10591.191111111111,10591.191111111111
2024-03-05 21:00:00+00:00,4160.633055555556,4160.633055555556
2024-03-05 22:00:00+00:00,2842.6125,2842.6125
2024-03-05 23:00:00+00:00,2714.9772222222223,2714.9772222222223
2024-03-06 00:00:00+00:00,5285.988333333334,5285.988333333334
2024-03-06 01:00:00+00:00,6579.683333333333,6579.683333333333
2024-03-06 02:00:00+00:00,1262.5125,1262.5125
2024-03-06 03:00:00+00:00,1452.1775,1452.1775
2024-03-06 04:00:00+00:00,3503.890555555556,1452.1775
2024-03-06 05:00:00+00:00,96798.39666666668,96798.39666666668
2024-03-06 06:00:00+00:00,24184.594722222224,24184.594722222224
2024-03-06 07:00:00+00:00,10123.857222222225,10123.857222222225
2024-03-06 08:00:00+00:00,13515.979166666666,13515.979166666666
2024-03-06 09:00:00+00:00,27708.425277777777,27708.425277777777
2024-03-06 10:00:00+00:00,25240.681111111116,25240.681111111116
2024-03-06 11:00:00+00:00,10103.4525,10103.4525
2024-03-06 12:00:00+00:00,15173.23,15173.23
2024-03-06 13:00:00+00:00,40630.95111111111,40630.95111111111
2024-03-06 14:00:00+00:00,5901.216111111111,5901.216111111111
2024-03-06 15:00:00+00:00,4353.886944444444,4353.886944444444
2024-03-06 16:00:00+00:00,4698.439166666667,4698.439166666667
2024-03-06 17:00:00+00:00,15633.468611111111,15633.468611111111
2024-03-06 18:00:00+00:00,5908.896388888889,15633.468611111111
2024-03-06 19:00:00+00:00,5198.281388888889,15633.468611111111
2024-03-06 20:00:00+00:00,4074.131666666666,4074.131666666666
2024-03-06 21:00:00+00:00,2746.4391666666666,2746.4391666666666
2024-03-06 22:00:00+00:00,1871.0597222222225,1871.0597222222225
2024-03-06 23:00:00+00:00,1361.3041666666666,1361.3041666666666
2024-03-07 00:00:00+00:00,1727.59,1727.59
2024-03-07 01:00:00+00:00,2587.905,2587.905
2024-03-07 02:00:00+00:00,2358.02,2358.02
2024-03-07 03:00:00+00:00,2559.0377777777776,2559.0377777777776
2024-03-07 04:00:00+00:00,12372.805555555557,12372.805555555557
2024-03-07 05:00:00+00:00,22041.54694444445,22041.54694444445
2024-03-07 06:00:00+00:00,9981.009166666669,22041.54694444445
2024-03-07 07:00:00+00:00,92234.75861111112,92234.75861111112
2024-03-07 08:00:00+00:00,13876.708611111111,13876.708611111111
2024-03-07 09:00:00+00:00,23480.22611111111,23480.22611111111
2024-03-07 10:00:00+00:00,6783.929444444444,6783.929444444444
2024-03-07 11:00:00+00:00,15170.824166666667,15170.824166666667
2024-03-07 12:00:00+00:00,10753.397222222222,10753.397222222222
2024-03-07 13:00:00+00:00,6925.006111111111,6925.006111111111
2024-03-07 14:00:00+00:00,7094.2988888888885,7094.2988888888885
2024-03-07 15:00:00+00:00,4575.056111111111,4575.056111111111
2024-03-07 16:00:00+00:00,6830.058611111112,6830.058611111112
2024-03-07 17:00:00+00:00,12065.230555555556,12065.230555555556
2024-03-07 18:00:00+00:00,4779.837222222222,4779.837222222222
2024-03-07 19:00:00+00:00,5265.009166666667,5265.009166666667
2024-03-07 20:00:00+00:00,13453.877777777778,13453.877777777778
2024-03-07 21:00:00+00:00,48825.24805555555,48825.24805555555
2024-03-07 22:00:00+00:00,57717.06527777778,57717.06527777778
2024-03-07 23:00:00+00:00,1672.1708333333331,1672.1708333333331
2024-03-08 00:00:00+00:00,1139.6625,1139.6625
2024-03-08 01:00:00+00:00,2124.9416666666666,2124.9416666666666
2024-03-08 02:00:00+00:00,1294.4541666666669,1294.4541666666669
2024-03-08 03:00:00+00:00,30089.97388888889,30089.97388888889
2024-03-08 04:00:00+00:00,11137.358333333334,11137.358333333334
2024-03-08 05:00:00+00:00,9254.718055555555,9254.718055555555
2024-03-08 06:00:00+00:00,10471.172777777778,10471.172777777778
2024-03-08 07:00:00+00:00,46472.12888888889,46472.12888888889
2024-03-08 08:00:00+00:00,42999.11277777778,42999.11277777778
2024-03-08 09:00:00+00:00,6414.978888888889,6414.978888888889
2024-03-08 10:00:00+00:00,47337.25555555556,47337.25555555556
2024-03-08 11:00:00+00:00,95634.34944444444,95634.34944444444
2024-03-08 12:00:00+00:00,4805.514166666667,95634.34944444444
2024-03-08 13:00:00+00:00,6869.362777777777,6869.362777777777
2024-03-08 14:00:00+00:00,2191.7038888888887,2191.7038888888887
2024-03-08 15:00:00+00:00,2150.633333333333,2150.633333333333
2024-03-08 16:00:00+00:00,3078.401666666666,3078.401666666666
2024-03-08 17:00:00+00:00,2562.689444444444,2562.689444444444
2024-03-08 18:00:00+00:00,2990.972777777778,2562.689444444444
2024-03-08 19:00:00+00:00,3215.217777777778,3215.217777777778
2024-03-08 20:00:00+00:00,1764.151388888889,1764.151388888889
2024-03-08 21:00:00+00:00,2046.225,1764.151388888889
2024-03-08 22:00:00+00:00,985.0375,985.0375
2024-03-08 23:00:00+00:00,882.6063888888889,882.6063888888889
2024-03-09 00:00:00+00:00,1354.3213888888888,1354.3213888888888
2024-03-09 01:00:00+00:00,65307.83027777778,65307.83027777778
2024-03-09 02:00:00+00:00,758.7152777777778,758.7152777777778
2024-03-09 03:00:00+00:00,2928.657222222222,2928.657222222222
2024-03-09 04:00:00+00:00,583.0358333333334,583.0358333333334
2024-03-09 05:00:00+00:00,2424.438888888889,2424.438888888889
2024-03-09 06:00:00+00:00,2776.373055555556,2776.373055555556
2024-03-09 07:00:00+00:00,3902.512222222222,3902.512222222222
2024-03-09 08:00:00+00:00,2194.3258333333333,3902.512222222222
2024-03-09 09:00:00+00:00,3489.4391666666666,3489.4391666666666
2024-03-09 10:00:00+00:00,4569.781111111111,4569.781111111111
2024-03-09 11:00:00+00:00,2521.731111111111,2521.731111111111
2024-03-09 12:00:00+00:00,6479.490833333333,2521.731111111111
2024-03-09 13:00:00+00:00,4195.417222222222,4195.417222222222
2024-03-09 14:00:00+00:00,11748.433888888889,11748.433888888889
2024-03-09 15:00:00+00:00,8352.835,8352.835
2024-03-09 16:00:00+00:00,3618.0963888888887,3618.0963888888887
2024-03-09 17:00:00+00:00,55064.59527777778,55064.59527777778
2024-03-09 18:00:00+00:00,42839.18472222222,42839.18472222222
2024-03-09 19:00:00+00:00,4207.0075,4207.0075
2024-03-09 20:00:00+00:00,6284.544444444445,6284.544444444445
2024-03-09 21:00:00+00:00,2429.28,2429.28
2024-03-09 22:00:00+00:00,1650.6863888888888,1650.6863888888888
2024-03-09 23:00:00+00:00,1800.3505555555555,1800.3505555555555
2024-03-10 00:00:00+00:00,3857.505,3857.505
2024-03-10 01:00:00+00:00,1561.1761111111111,1561.1761111111111
2024-03-10 02:00:00+00:00,1478.441111111111,1478.441111111111
2024-03-10 03:00:00+00:00,1859.201111111111,1859.201111111111
2024-03-10 04:00:00+00:00,8212.538055555555,8212.538055555555
2024-03-10 05:00:00+00:00,664.4402777777777,664.4402777777777
2024-03-10 06:00:00+00:00,783.1788888888889,783.1788888888889
2024-03-10 07:00:00+00:00,4972.137222222223,4972.137222222223
2024-03-10 08:00:00+00:00,5747.981666666667,4972.137222222223
2024-03-10 09:00:00+00:00,8577.503055555555,8577.503055555555
2024-03-10 10:00:00+00:00,3546.282777777778,3546.282777777778
2024-03-10 11:00:00+00:00,21628.42777777778,21628.42777777778
2024-03-10 12:00:00+00:00,13850.148611111112,13850.148611111112
2024-03-10 13:00:00+00:00,43244.58972222222,43244.58972222222
2024-03-10 14:00:00+00:00,5207.104722222222,43244.58972222222
2024-03-10 15:00:00+00:00,3688.998055555556,3688.998055555556
2024-03-10 16:00:00+00:00,4748.529722222223,4748.529722222223
2024-03-10 17:00:00+00:00,5613.973888888889,5613.973888888889
2024-03-10 18:00:00+00:00,6074.203333333333,6074.203333333333
2024-03-10 19:00:00+00:00,4133.514166666667,6074.203333333333
2024-03-10 20:00:00+00:00,51022.52805555556,51022.52805555556
2024-03-10 21:00:00+00:00,1672.6975,51022.52805555556
2024-03-10 22:00:00+00:00,2629.7975,2629.7975
2024-03-10 23:00:00+00:00,1242.6947222222225,1242.6947222222225
2024-03-11 00:00:00+00:00,1055.4047222222223,1055.4047222222223
2024-03-11 01:00:00+00:00,2575.0255555555555,2575.0255555555555
2024-03-11 02:00:00+00:00,586.4172222222222,2575.0255555555555
2024-03-11 03:00:00+00:00,10430.224166666669,2575.0255555555555
2024-03-11 04:00:00+00:00,30348.724166666667,30348.724166666667
2024-03-11 05:00:00+00:00,9921.767777777775,9921.767777777775
2024-03-11 06:00:00+00:00,13010.748055555556,13010.748055555556
2024-03-11 07:00:00+00:00,6139.7325,6139.7325
2024-03-11 08:00:00+00:00,70769.11666666667,70769.11666666667
2024-03-11 09:00:00+00:00,12547.058611111112,70769.11666666667
2024-03-11 10:00:00+00:00,8192.7275,8192.7275
2024-03-11 11:00:00+00:00,35683.58277777778,35683.58277777778
2024-03-11 12:00:00+00:00,68233.15194444444,68233.15194444444
2024-03-11 13:00:00+00:00,11800.8525,11800.8525
2024-03-11 14:00:00+00:00,29857.58333333333,29857.58333333333
2024-03-11 15:00:00+00:00,32388.604722222222,32388.604722222222
2024-03-11 16:00:00+00:00,21363.425,21363.425
2024-03-11 17:00:00+00:00,7686.8822222222225,7686.8822222222225
2024-03-11 18:00:00+00:00,8974.312222222223,8974.312222222223
2024-03-11 19:00:00+00:00,6908.169722222222,6908.169722222222
2024-03-11 20:00:00+00:00,13536.80361111111,13536.80361111111
2024-03-11 21:00:00+00:00,2756.4636111111117,2756.4636111111117
2024-03-11 22:00:00+00:00,1313.9833333333331,1313.9833333333331
2024-03-11 23:00:00+00:00,1586.266388888889,1586.266388888889
2024-03-12 00:00:00+00:00,1604.263333333333,1604.263333333333
2024-03-12 01:00:00+00:00,3401.152777777778,3401.152777777778
2024-03-12 02:00:00+00:00,1623.266111111111,1623.266111111111
2024-03-12 03:00:00+00:00,4944.996944444444,4944.996944444444
2024-03-12 04:00:00+00:00,2093.265555555556,2093.265555555556
2024-03-12 05:00:00+00:00,11069.433055555555,11069.433055555555
2024-03-12 06:00:00+00:00,60894.67722222222,60894.67722222222
2024-03-12 07:00:00+00:00,50105.32611111111,50105.32611111111
2024-03-12 08:00:00+00:00,37471.266388888886,37471.266388888886
2024-03-12 09:00:00+00:00,39741.31888888889,39741.31888888889
2024-03-12 10:00:00+00:00,184397.75222222225,184397.75222222225
2024-03-12 11:00:00+00:00,51866.613333333335,51866.613333333335
2024-03-12 12:00:00+00:00,17132.574166666665,17132.574166666665
2024-03-12 13:00:00+00:00,23286.72583333333,23286.72583333333
2024-03-12 14:00:00+00:00,27053.342777777776,27053.342777777776
2024-03-12 15:00:00+00:00,5152.5008333333335,5152.5008333333335
2024-03-12 16:00:00+00:00,11015.382777777775,11015.382777777775
2024-03-12 17:00:00+00:00,3956.6916666666666,3956.6916666666666
2024-03-12 18:00:00+00:00,3711.443055555556,3711.443055555556
2024-03-12 19:00:00+00:00,12692.81,12692.81
2024-03-12 20:00:00+00:00,5671.5075,5671.5075
2024-03-12 21:00:00+00:00,336425.6830555556,336425.6830555556
2024-03-12 22:00:00+00:00,22978.79833333333,22978.79833333333
2024-03-12 23:00:00+00:00,1696.0805555555555,1696.0805555555555
2024-03-13 00:00:00+00:00,1124.1036111111111,1124.1036111111111
2024-03-13 01:00:00+00:00,1616.0258333333334,1124.1036111111111
2024-03-13 02:00:00+00:00,17492.832777777778,17492.832777777778
2024-03-13 03:00:00+00:00,30217.307777777776,30217.307777777776
2024-03-13 04:00:00+00:00,35076.35,35076.35
2024-03-13 05:00:00+00:00,75373.75333333333,75373.75333333333
2024-03-13 06:00:00+00:00,15640.158055555556,15640.158055555556
2024-03-13 07:00:00+00:00,31769.926944444444,15640.158055555556
2024-03-13 08:00:00+00:00,15688.847222222224,15688.847222222224
2024-03-13 09:00:00+00:00,83635.89277777777,83635.89277777777
2024-03-13 10:00:00+00:00,33026.692777777775,33026.692777777775
2024-03-13 11:00:00+00:00,28692.656666666662,28692.656666666662
2024-03-13 12:00:00+00:00,30520.93361111111,30520.93361111111
2024-03-13 13:00:00+00:00,19102.79861111111,19102.79861111111
2024-03-13 14:00:00+00:00,17233.604444444445,17233.604444444445
2024-03-13 15:00:00+00:00,3086.839722222222,3086.839722222222
2024-03-13 16:00:00+00:00,4558.456388888889,4558.456388888889
2024-03-13 17:00:00+00:00,6012.256666666667,6012.256666666667
2024-03-13 18:00:00+00:00,6368.201388888889,6368.201388888889
2024-03-13 19:00:00+00:00,12348.521388888888,6368.201388888889
2024-03-13 20:00:00+00:00,6254.089722222222,6254.089722222222
2024-03-13 21:00:00+00:00,911.0127777777776,6254.089722222222
2024-03-13 22:00:00+00:00,3312.704166666667,3312.704166666667
2024-03-13 23:00:00+00:00,10150.619722222222,10150.619722222222
2024-03-14 00:00:00+00:00,5258.901666666667,5258.901666666667
2024-03-14 01:00:00+00:00,3757.411111111111,3757.411111111111
2024-03-14 02:00:00+00:00,1631.7016666666666,1631.7016666666666
2024-03-14 03:00:00+00:00,11842.594444444445,11842.594444444445
2024-03-14 04:00:00+00:00,45573.443333333336,45573.443333333336
2024-03-14 05:00:00+00:00,97643.44083333333,97643.44083333333
2024-03-14 06:00:00+00:00,24117.64611111111,24117.64611111111
2024-03-14 07:00:00+00:00,37197.624444444446,37197.624444444446
2024-03-14 08:00:00+00:00,17573.594722222224,17573.594722222224
2024-03-14 09:00:00+00:00,8679.020833333334,8679.020833333334
2024-03-14 10:00:00+00:00,10690.538888888888,8679.020833333334
2024-03-14 11:00:00+00:00,29509.481111111112,29509.481111111112
2024-03-14 12:00:00+00:00,24087.139722222222,24087.139722222222
2024-03-14 13:00:00+00:00,10991.788888888888,24087.139722222222
2024-03-14 14:00:00+00:00,4263.426111111111,4263.426111111111
2024-03-14 15:00:00+00:00,7195.111111111111,7195.111111111111
2024-03-14 16:00:00+00:00,4079.368333333333,4079.368333333333
2024-03-14 17:00:00+00:00,2709.958333333333,2709.958333333333
2024-03-14 18:00:00+00:00,4270.583611111111,4270.583611111111
2024-03-14 19:00:00+00:00,4971.638333333333,4971.638333333333
2024-03-14 20:00:00+00:00,5096.770833333333,5096.770833333333
2024-03-14 21:00:00+00:00,2213.518333333333,2213.518333333333
2024-03-14 22:00:00+00:00,1916.9883333333328,1916.9883333333328
2024-03-14 23:00:00+00:00,1636.4005555555557,1636.4005555555557
2024-03-15 00:00:00+00:00,2063.523333333333,2063.523333333333
2024-03-15 01:00:00+00:00,9879.891666666666,2063.523333333333
2024-03-15 02:00:00+00:00,1249.7063888888888,1249.7063888888888
2024-03-15 03:00:00+00:00,13027.880555555555,13027.880555555555
2024-03-15 04:00:00+00:00,5985.5344444444445,5985.5344444444445
2024-03-15 05:00:00+00:00,4961.418611111111,4961.418611111111
2024-03-15 06:00:00+00:00,16659.66222222222,16659.66222222222
2024-03-15 07:00:00+00:00,25667.079166666663,25667.079166666663
2024-03-15 08:00:00+00:00,45211.552777777775,45211.552777777775
2024-03-15 09:00:00+00:00,9557.243055555557,45211.552777777775
2024-03-15 10:00:00+00:00,19037.31555555556,19037.31555555556
2024-03-15 11:00:00+00:00,23036.79555555556,23036.79555555556
2024-03-15 12:00:00+00:00,26592.14861111111,26592.14861111111
2024-03-15 13:00:00+00:00,21430.707222222223,26592.14861111111
2024-03-15 14:00:00+00:00,15211.749166666666,15211.749166666666
2024-03-15 15:00:00+00:00,20075.0575,20075.0575
2024-03-15 16:00:00+00:00,4983.551666666666,4983.551666666666
2024-03-15 17:00:00+00:00,5247.592222222223,5247.592222222223
2024-03-15 18:00:00+00:00,12686.400833333331,12686.400833333331
2024-03-15 19:00:00+00:00,5654.985277777778,5654.985277777778
2024-03-15 20:00:00+00:00,10853.178055555556,10853.178055555556
2024-03-15 21:00:00+00:00,23157.096388888887,23157.096388888887
2024-03-15 22:00:00+00:00,56326.14527777778,23157.096388888887
2024-03-15 23:00:00+00:00,1671.925,1671.925
2024-03-16 00:00:00+00:00,2071.2716666666665,2071.2716666666665
2024-03-16 01:00:00+00:00,1446.713888888889,1446.713888888889
2024-03-16 02:00:00+00:00,2476.8244444444445,2476.8244444444445
2024-03-16 03:00:00+00:00,1930.2941666666663,1930.2941666666663
2024-03-16 04:00:00+00:00,1143.7163888888888,1143.7163888888888
2024-03-16 05:00:00+00:00,1221.5566666666666,1221.5566666666666
2024-03-16 06:00:00+00:00,3301.8441666666668,3301.8441666666668
2024-03-16 07:00:00+00:00,1764.9683333333332,1764.9683333333332
2024-03-16 08:00:00+00:00,3315.6766666666667,1764.9683333333332
2024-03-16 09:00:00+00:00,2197.5744444444445,2197.5744444444445
2024-03-16 10:00:00+00:00,6224.274444444444,6224.274444444444
2024-03-16 11:00:00+00:00,15826.558888888889,15826.558888888889
2024-03-16 12:00:00+00:00,11540.065833333334,11540.065833333334
2024-03-16 13:00:00+00:00,7289.5575,7289.5575
2024-03-16 14:00:00+00:00,22220.20111111111,22220.20111111111
2024-03-16 15:00:00+00:00,23224.31472222222,23224.31472222222
2024-03-16 16:00:00+00:00,9100.023611111112,9100.023611111112
2024-03-16 17:00:00+00:00,5046.6625,5046.6625
2024-03-16 18:00:00+00:00,6179.245833333333,6179.245833333333
2024-03-16 19:00:00+00:00,2071.373333333333,2071.373333333333
2024-03-16 20:00:00+00:00,3917.298055555556,3917.298055555556
2024-03-16 21:00:00+00:00,31147.26111111111,31147.26111111111
2024-03-16 22:00:00+00:00,51774.87027777778,31147.26111111111
2024-03-16 23:00:00+00:00,2074.9,2074.9
2024-03-17 00:00:00+00:00,1321.4216666666666,1321.4216666666666
2024-03-17 01:00:00+00:00,2053.300277777778,2053.300277777778
2024-03-17 02:00:00+00:00,8475.827222222222,8475.827222222222
2024-03-17 03:00:00+00:00,647.175,647.175
2024-03-17 04:00:00+00:00,836.6083333333333,836.6083333333333
2024-03-17 05:00:00+00:00,834.9041666666667,834.9041666666667
2024-03-17 06:00:00+00:00,1683.3294444444443,1683.3294444444443
2024-03-17 07:00:00+00:00,20860.12222222222,20860.12222222222
2024-03-17 08:00:00+00:00,11270.801944444444,11270.801944444444
2024-03-17 09:00:00+00:00,5027.764166666667,5027.764166666667
2024-03-17 10:00:00+00:00,1836.180555555556,1836.180555555556
2024-03-17 11:00:00+00:00,3240.3516666666665,3240.3516666666665
2024-03-17 12:00:00+00:00,3501.0316666666668,3501.0316666666668
2024-03-17 13:00:00+00:00,5891.613055555556,5891.613055555556
2024-03-17 14:00:00+00:00,5436.370555555555,5436.370555555555
2024-03-17 15:00:00+00:00,5608.381388888889,5608.381388888889
2024-03-17 16:00:00+00:00,7370.888333333333,7370.888333333333
2024-03-17 17:00:00+00:00,12303.9325,12303.9325
2024-03-17 18:00:00+00:00,5265.073055555556,5265.073055555556
2024-03-17 19:00:00+00:00,6020.726111111111,6020.726111111111
2024-03-17 20:00:00+00:00,40365.973333333335,6020.726111111111
2024-03-17 21:00:00+00:00,364709.97305555554,364709.97305555554
2024-03-17 22:00:00+00:00,9305.708055555557,364709.97305555554
2024-03-17 23:00:00+00:00,1094.3302777777778,1094.3302777777778
2024-03-18 00:00:00+00:00,1793.8011111111111,1793.8011111111111
2024-03-18 01:00:00+00:00,3674.873888888889,3674.873888888889
2024-03-18 02:00:00+00:00,974.4111111111112,974.4111111111112
2024-03-18 03:00:00+00:00,2900.740555555556,2900.740555555556
2024-03-18 04:00:00+00:00,23067.68527777778,23067.68527777778
2024-03-18 05:00:00+00:00,23631.004722222224,23631.004722222224
2024-03-18 06:00:00+00:00,70568.49,70568.49
2024-03-18 07:00:00+00:00,9754.151944444444,9754.151944444444
2024-03-18 08:00:00+00:00,15462.600833333334,15462.600833333334
2024-03-18 09:00:00+00:00,8510.898611111112,8510.898611111112
2024-03-18 10:00:00+00:00,6867.5263888888885,6867.5263888888885
2024-03-18 11:00:00+00:00,23112.977777777774,23112.977777777774
2024-03-18 12:00:00+00:00,69541.30888888889,69541.30888888889
2024-03-18 13:00:00+00:00,8515.691944444445,69541.30888888889
2024-03-18 14:00:00+00:00,6896.770555555556,6896.770555555556
2024-03-18 15:00:00+00:00,25667.902222222223,6896.770555555556
2024-03-18 16:00:00+00:00,8718.47388888889,8718.47388888889
2024-03-18 17:00:00+00:00,10080.5475,10080.5475
2024-03-18 18:00:00+00:00,6750.161666666667,6750.161666666667
2024-03-18 19:00:00+00:00,4539.279166666666,4539.279166666666
2024-03-18 20:00:00+00:00,9432.050277777778,9432.050277777778
2024-03-18 21:00:00+00:00,3174.523333333333,3174.523333333333
2024-03-18 22:00:00+00:00,4500.506111111111,3174.523333333333
2024-03-18 23:00:00+00:00,5726.9383333333335,5726.9383333333335
2024-03-19 00:00:00+00:00,1626.731388888889,1626.731388888889
2024-03-19 01:00:00+00:00,1757.137222222222,1757.137222222222
2024-03-19 02:00:00+00:00,8350.159722222223,8350.159722222223
2024-03-19 03:00:00+00:00,2406.665,2406.665
2024-03-19 04:00:00+00:00,6917.384722222222,6917.384722222222
2024-03-19 05:00:00+00:00,42633.8825,42633.8825
2024-03-19 06:00:00+00:00,21295.331666666665,21295.331666666665
2024-03-19 07:00:00+00:00,61794.24055555555,61794.24055555555
2024-03-19 08:00:00+00:00,16354.514444444443,16354.514444444443
2024-03-19 09:00:00+00:00,18368.014166666668,18368.014166666668
2024-03-19 10:00:00+00:00,84096.8313888889,84096.8313888889
2024-03-19 11:00:00+00:00,67869.73666666666,67869.73666666666
2024-03-19 12:00:00+00:00,13263.6625,13263.6625
2024-03-19 13:00:00+00:00,12969.301111111112,12969.301111111112
2024-03-19 14:00:00+00:00,12228.0475,12228.0475
2024-03-19 15:00:00+00:00,6681.770277777778,6681.770277777778
2024-03-19 16:00:00+00:00,8906.454722222223,8906.454722222223
2024-03-19 17:00:00+00:00,9864.099444444444,9864.099444444444
2024-03-19 18:00:00+00:00,5573.765555555556,5573.765555555556
2024-03-19 19:00:00+00:00,7143.680833333333,7143.680833333333
2024-03-19 20:00:00+00:00,3466.068888888889,3466.068888888889
2024-03-19 21:00:00+00:00,7135.351111111111,7135.351111111111
2024-03-19 22:00:00+00:00,2444.168611111111,2444.168611111111
2024-03-19 23:00:00+00:00,1097.9944444444443,1097.9944444444443
2024-03-20 00:00:00+00:00,1585.7175,1585.7175
2024-03-20 01:00:00+00:00,1556.3469444444445,1556.3469444444445
2024-03-20 02:00:00+00:00,1541.7063888888888,1541.7063888888888
2024-03-20 03:00:00+00:00,3744.818333333333,3744.818333333333
2024-03-20 04:00:00+00:00,70575.87833333333,70575.87833333333
2024-03-20 05:00:00+00:00,25979.408888888887,25979.408888888887
2024-03-20 06:00:00+00:00,14515.73361111111,14515.73361111111
2024-03-20 07:00:00+00:00,11633.073611111113,11633.073611111113
2024-03-20 08:00:00+00:00,14698.235555555557,14698.235555555557
2024-03-20 09:00:00+00:00,18477.652222222223,18477.652222222223
2024-03-20 10:00:00+00:00,14437.9875,14437.9875
2024-03-20 11:00:00+00:00,15486.285,15486.285
2024-03-20 12:00:00+00:00,11424.265277777778,11424.265277777778
2024-03-20 13:00:00+00:00,5566.422222222222,5566.422222222222
2024-03-20 14:00:00+00:00,8755.329722222223,8755.329722222223
2024-03-20 15:00:00+00:00,9913.64472222222,9913.64472222222
2024-03-20 16:00:00+00:00,16594.213055555556,16594.213055555556
2024-03-20 17:00:00+00:00,5847.236944444445,5847.236944444445
2024-03-20 18:00:00+00:00,12434.056111111113,12434.056111111113
2024-03-20 19:00:00+00:00,26162.17638888889,26162.17638888889
2024-03-20 20:00:00+00:00,5571.500555555555,5571.500555555555
2024-03-20 21:00:00+00:00,5207.234444444444,5207.234444444444
2024-03-20 22:00:00+00:00,2178.293611111111,5207.234444444444
2024-03-20 23:00:00+00:00,1973.986666666667,1973.986666666667
2024-03-21 00:00:00+00:00,1833.1405555555557,1833.1405555555557
2024-03-21 01:00:00+00:00,1864.3469444444445,1864.3469444444445
2024-03-21 02:00:00+00:00,1307.2413888888889,1307.2413888888889
2024-03-21 03:00:00+00:00,1168.1627777777778,1168.1627777777778
2024-03-21 04:00:00+00:00,6495.047777777778,1168.1627777777778
2024-03-21 05:00:00+00:00,10730.204444444444,1168.1627777777778
2024-03-21 06:00:00+00:00,191627.2458333333,191627.2458333333
2024-03-21 07:00:00+00:00,5917.4013888888885,5917.4013888888885
2024-03-21 08:00:00+00:00,8713.611388888889,8713.611388888889
2024-03-21 09:00:00+00:00,13106.836388888889,13106.836388888889
2024-03-21 10:00:00+00:00,8898.208888888888,8898.208888888888
2024-03-21 11:00:00+00:00,20439.75527777778,20439.75527777778
2024-03-21 12:00:00+00:00,8387.163333333334,20439.75527777778
2024-03-21 13:00:00+00:00,18127.797222222223,18127.797222222223
2024-03-21 14:00:00+00:00,5777.650555555556,5777.650555555556
2024-03-21 15:00:00+00:00,4521.359444444444,4521.359444444444
2024-03-21 16:00:00+00:00,4963.471666666666,4963.471666666666
2024-03-21 17:00:00+00:00,3609.686111111111,3609.686111111111
2024-03-21 18:00:00+00:00,6662.9366666666665,6662.9366666666665
2024-03-21 19:00:00+00:00,29932.75888888889,6662.9366666666665
2024-03-21 20:00:00+00:00,4481.666111111111,4481.666111111111
2024-03-21 21:00:00+00:00,12534.145555555557,12534.145555555557
2024-03-21 22:00:00+00:00,1692.368888888889,1692.368888888889
2024-03-21 23:00:00+00:00,2668.548888888889,2668.548888888889
2024-03-22 00:00:00+00:00,2267.136111111111,2267.136111111111
2024-03-22 01:00:00+00:00,5128.764722222222,5128.764722222222
2024-03-22 02:00:00+00:00,4212.457222222222,4212.457222222222
2024-03-22 03:00:00+00:00,4349.548333333333,4349.548333333333
2024-03-22 04:00:00+00:00,17698.861666666668,17698.861666666668
2024-03-22 05:00:00+00:00,20202.828055555558,20202.828055555558
2024-03-22 06:00:00+00:00,37305.62027777778,20202.828055555558
2024-03-22 07:00:00+00:00,9851.593055555555,9851.593055555555
2024-03-22 08:00:00+00:00,9157.583333333334,9157.583333333334
2024-03-22 09:00:00+00:00,73094.9,73094.9
2024-03-22 10:00:00+00:00,32616.25,32616.25
2024-03-22 11:00:00+00:00,20335.51361111111,20335.51361111111
2024-03-22 12:00:00+00:00,22399.82611111111,22399.82611111111
2024-03-22 13:00:00+00:00,14054.495,14054.495
2024-03-22 14:00:00+00:00,2628.1469444444447,2628.1469444444447
2024-03-22 15:00:00+00:00,5456.824722222223,2628.1469444444447
2024-03-22 16:00:00+00:00,3348.7244444444445,3348.7244444444445
2024-03-22 17:00:00+00:00,2069.444722222222,3348.7244444444445
2024-03-22 18:00:00+00:00,6233.6725,6233.6725
2024-03-22 19:00:00+00:00,6280.3388888888885,6280.3388888888885
2024-03-22 20:00:00+00:00,24586.50083333333,24586.50083333333
2024-03-22 21:00:00+00:00,1880.1733333333332,24586.50083333333
2024-03-22 22:00:00+00:00,1247.5355555555554,1247.5355555555554
2024-03-22 23:00:00+00:00,1323.6861111111111,1323.6861111111111
2024-03-23 00:00:00+00:00,1404.6683333333333,1404.6683333333333
2024-03-23 01:00:00+00:00,1000.9916666666668,1000.9916666666668
2024-03-23 02:00:00+00:00,1663.4327777777778,1000.9916666666668
2024-03-23 03:00:00+00:00,928.3488888888888,928.3488888888888
2024-03-23 04:00:00+00:00,879.2344444444444,879.2344444444444
2024-03-23 05:00:00+00:00,5044.479444444444,5044.479444444444
2024-03-23 06:00:00+00:00,11197.117222222225,11197.117222222225
2024-03-23 07:00:00+00:00,2204.298888888889,2204.298888888889
2024-03-23 08:00:00+00:00,2488.333611111111,2488.333611111111
2024-03-23 09:00:00+00:00,5582.468611111111,2488.333611111111
2024-03-23 10:00:00+00:00,4050.945277777778,4050.945277777778
2024-03-23 11:00:00+00:00,4080.1,4080.1
2024-03-23 12:00:00+00:00,3729.0855555555554,4080.1
2024-03-23 13:00:00+00:00,4991.775277777778,4080.1
2024-03-23 14:00:00+00:00,3031.0116666666668,3031.0116666666668
2024-03-23 15:00:00+00:00,6078.059166666667,6078.059166666667
2024-03-23 16:00:00+00:00,3692.7708333333335,3692.7708333333335
2024-03-23 17:00:00+00:00,4982.546111111111,4982.546111111111
2024-03-23 18:00:00+00:00,11034.318055555555,11034.318055555555
2024-03-23 19:00:00+00:00,3916.108888888889,3916.108888888889
2024-03-23 20:00:00+00:00,1898.693888888889,1898.693888888889
2024-03-23 21:00:00+00:00,1200.845,1200.845
2024-03-23 22:00:00+00:00,888.6438888888889,888.6438888888889
2024-03-23 23:00:00+00:00,904.8386111111112,904.8386111111112
2024-03-24 00:00:00+00:00,1351.1869444444444,1351.1869444444444
2024-03-24 01:00:00+00:00,848.7741666666667,848.7741666666667
2024-03-24 02:00:00+00:00,727.4205555555556,727.4205555555556
2024-03-24 03:00:00+00:00,2410.501944444444,2410.501944444444
2024-03-24 04:00:00+00:00,653.4863888888889,653.4863888888889
2024-03-24 05:00:00+00:00,1346.7330555555557,1346.7330555555557
2024-03-24 06:00:00+00:00,2399.2633333333333,1346.7330555555557
2024-03-24 07:00:00+00:00,3789.2925,3789.2925
2024-03-24 08:00:00+00:00,5905.107222222222,5905.107222222222
2024-03-24 09:00:00+00:00,3965.163888888889,3965.163888888889
2024-03-24 10:00:00+00:00,4243.173333333333,4243.173333333333
2024-03-24 11:00:00+00:00,2726.327222222222,4243.173333333333
2024-03-24 12:00:00+00:00,3436.991666666667,3436.991666666667
2024-03-24 13:00:00+00:00,4326.013611111112,4326.013611111112
2024-03-24 14:00:00+00:00,3212.156111111111,3212.156111111111
2024-03-24 15:00:00+00:00,2682.5197222222223,2682.5197222222223
2024-03-24 16:00:00+00:00,2443.5825,2443.5825
2024-03-24 17:00:00+00:00,7851.093611111111,7851.093611111111
2024-03-24 18:00:00+00:00,4238.979444444444,4238.979444444444
2024-03-24 19:00:00+00:00,3948.79,3948.79
2024-03-24 20:00:00+00:00,3090.903333333333,3090.903333333333
2024-03-24 21:00:00+00:00,2177.696388888889,2177.696388888889
2024-03-24 22:00:00+00:00,1708.1927777777778,1708.1927777777778
2024-03-24 23:00:00+00:00,896.3080555555556,896.3080555555556
2024-03-25 00:00:00+00:00,1110.0577777777778,1110.0577777777778
2024-03-25 01:00:00+00:00,1115.0908333333334,1115.0908333333334
2024-03-25 02:00:00+00:00,1097.3638888888888,1097.3638888888888
2024-03-25 03:00:00+00:00,20841.271666666667,20841.271666666667
2024-03-25 04:00:00+00:00,3631.615555555556,3631.615555555556
2024-03-25 05:00:00+00:00,10332.125833333334,10332.125833333334
2024-03-25 06:00:00+00:00,15427.279166666667,15427.279166666667
2024-03-25 07:00:00+00:00,43850.73305555555,43850.73305555555
2024-03-25 08:00:00+00:00,23370.23833333333,23370.23833333333
2024-03-25 09:00:00+00:00,33458.76388888889,33458.76388888889
2024-03-25 10:00:00+00:00,12122.618888888888,12122.618888888888
2024-03-25 11:00:00+00:00,17848.67861111111,17848.67861111111
2024-03-25 12:00:00+00:00,6074.92,6074.92
2024-03-25 13:00:00+00:00,5552.918888888889,5552.918888888889
2024-03-25 14:00:00+00:00,29791.042222222222,29791.042222222222
2024-03-25 15:00:00+00:00,5576.358333333334,5576.358333333334
2024-03-25 16:00:00+00:00,8296.989444444445,8296.989444444445
2024-03-25 17:00:00+00:00,6683.740277777778,6683.740277777778
2024-03-25 18:00:00+00:00,20466.985555555555,20466.985555555555
2024-03-25 19:00:00+00:00,44424.49,44424.49
2024-03-25 20:00:00+00:00,26275.41361111111,26275.41361111111
2024-03-25 21:00:00+00:00,3662.5316666666663,3662.5316666666663
2024-03-25 22:00:00+00:00,1638.3680555555557,1638.3680555555557
2024-03-25 23:00:00+00:00,2166.518888888889,2166.518888888889
2024-03-26 00:00:00+00:00,722.4211111111111,722.4211111111111
2024-03-26 01:00:00+00:00,2021.3647222222223,2021.3647222222223
2024-03-26 02:00:00+00:00,2253.0847222222224,2253.0847222222224
2024-03-26 03:00:00+00:00,1359.8275,1359.8275
2024-03-26 04:00:00+00:00,14054.846666666666,14054.846666666666
2024-03-26 05:00:00+00:00,14374.644444444444,14374.644444444444
2024-03-26 06:00:00+00:00,43612.62722222223,43612.62722222223
2024-03-26 07:00:00+00:00,3611.905,3611.905
2024-03-26 08:00:00+00:00,5205.755833333334,5205.755833333334
2024-03-26 09:00:00+00:00,49203.89305555556,49203.89305555556
2024-03-26 10:00:00+00:00,34979.846666666665,34979.846666666665
2024-03-26 11:00:00+00:00,26621.91611111111,26621.91611111111
2024-03-26 12:00:00+00:00,43794.15305555556,43794.15305555556
2024-03-26 13:00:00+00:00,14279.457777777778,14279.457777777778
2024-03-26 14:00:00+00:00,18286.151388888888,18286.151388888888
2024-03-26 15:00:00+00:00,3848.657222222222,3848.657222222222
2024-03-26 16:00:00+00:00,15298.8575,15298.8575
2024-03-26 17:00:00+00:00,9638.5125,9638.5125
2024-03-26 18:00:00+00:00,4992.444166666667,4992.444166666667
2024-03-26 19:00:00+00:00,7277.270277777778,4992.444166666667
2024-03-26 20:00:00+00:00,3012.1716666666666,3012.1716666666666
2024-03-26 21:00:00+00:00,3845.268055555556,3845.268055555556
2024-03-26 22:00:00+00:00,1785.9119444444443,1785.9119444444443
2024-03-26 23:00:00+00:00,648.4294444444445,648.4294444444445
2024-03-27 00:00:00+00:00,1127.596388888889,1127.596388888889
2024-03-27 01:00:00+00:00,1432.8405555555555,1432.8405555555555
2024-03-27 02:00:00+00:00,3545.603611111111,3545.603611111111
2024-03-27 03:00:00+00:00,7361.258333333333,7361.258333333333
2024-03-27 04:00:00+00:00,4144.2125,4144.2125
2024-03-27 05:00:00+00:00,11189.1475,11189.1475
2024-03-27 06:00:00+00:00,40018.21527777778,40018.21527777778
2024-03-27 07:00:00+00:00,16681.4875,16681.4875
2024-03-27 08:00:00+00:00,15658.857777777775,15658.857777777775
2024-03-27 09:00:00+00:00,11967.945555555556,15658.857777777775
2024-03-27 10:00:00+00:00,13536.681666666667,13536.681666666667
2024-03-27 11:00:00+00:00,28781.12305555556,28781.12305555556
2024-03-27 12:00:00+00:00,24328.39861111111,24328.39861111111
2024-03-27 13:00:00+00:00,12726.83,12726.83
2024-03-27 14:00:00+00:00,11502.696944444444,11502.696944444444
2024-03-27 15:00:00+00:00,8100.052777777778,8100.052777777778
2024-03-27 16:00:00+00:00,14681.587222222222,14681.587222222222
2024-03-27 17:00:00+00:00,3945.436111111111,3945.436111111111
2024-03-27 18:00:00+00:00,7627.310277777778,7627.310277777778
2024-03-27 19:00:00+00:00,13586.194722222222,13586.194722222222
2024-03-27 20:00:00+00:00,5834.3525,5834.3525
2024-03-27 21:00:00+00:00,3063.775277777778,3063.775277777778
2024-03-27 22:00:00+00:00,38743.89833333333,38743.89833333333
2024-03-27 23:00:00+00:00,5069.550555555556,5069.550555555556
2024-03-28 00:00:00+00:00,3324.653333333333,3324.653333333333
2024-03-28 01:00:00+00:00,2192.288611111111,2192.288611111111
2024-03-28 02:00:00+00:00,2864.228055555556,2192.288611111111
2024-03-28 03:00:00+00:00,2488.7375,2488.7375
2024-03-28 04:00:00+00:00,4314.250555555555,4314.250555555555
2024-03-28 05:00:00+00:00,22137.07833333333,22137.07833333333
2024-03-28 06:00:00+00:00,28366.948888888888,28366.948888888888
2024-03-28 07:00:00+00:00,25272.341944444444,25272.341944444444
2024-03-28 08:00:00+00:00,51208.5775,51208.5775
2024-03-28 09:00:00+00:00,32076.344722222224,32076.344722222224
2024-03-28 10:00:00+00:00,36630.53305555556,36630.53305555556
2024-03-28 11:00:00+00:00,19589.42638888889,19589.42638888889
2024-03-28 12:00:00+00:00,12982.691944444445,12982.691944444445
2024-03-28 13:00:00+00:00,17535.92861111111,17535.92861111111
2024-03-28 14:00:00+00:00,10737.846111111112,10737.846111111112
2024-03-28 15:00:00+00:00,12532.680833333334,12532.680833333334
2024-03-28 16:00:00+00:00,13043.72388888889,13043.72388888889
2024-03-28 17:00:00+00:00,9296.99111111111,9296.99111111111
2024-03-28 18:00:00+00:00,24836.10027777778,24836.10027777778
2024-03-28 19:00:00+00:00,40901.70777777778,40901.70777777778
2024-03-28 20:00:00+00:00,9700.611666666666,9700.611666666666
2024-03-28 21:00:00+00:00,8396.957777777778,8396.957777777778
2024-03-28 22:00:00+00:00,8287.692777777778,8287.692777777778
2024-03-28 23:00:00+00:00,7097.6275,7097.6275
2024-03-29 00:00:00+00:00,6100.643611111111,6100.643611111111
2024-03-29 01:00:00+00:00,5102.711388888889,5102.711388888889
2024-03-29 02:00:00+00:00,6662.328333333333,6662.328333333333
2024-03-29 03:00:00+00:00,3930.098055555556,3930.098055555556
2024-03-29 04:00:00+00:00,43707.17472222223,43707.17472222223
2024-03-29 05:00:00+00:00,40897.52527777778,40897.52527777778
2024-03-29 06:00:00+00:00,9456.297222222222,9456.297222222222
2024-03-29 07:00:00+00:00,10786.623333333331,10786.623333333331
2024-03-29 08:00:00+00:00,17239.584444444445,10786.623333333331
2024-03-29 09:00:00+00:00,13904.828055555556,13904.828055555556
2024-03-29 10:00:00+00:00,13338.785555555556,13338.785555555556
2024-03-29 11:00:00+00:00,20560.489444444444,20560.489444444444
2024-03-29 12:00:00+00:00,71357.83083333333,71357.83083333333
2024-03-29 13:00:00+00:00,9593.427777777775,9593.427777777775
2024-03-29 14:00:00+00:00,9535.7025,9535.7025
2024-03-29 15:00:00+00:00,7155.955,9535.7025
2024-03-29 16:00:00+00:00,6054.860833333333,6054.860833333333
2024-03-29 17:00:00+00:00,3219.909722222222,3219.909722222222
2024-03-29 18:00:00+00:00,7614.823333333334,7614.823333333334
2024-03-29 19:00:00+00:00,3127.9819444444443,7614.823333333334
2024-03-29 20:00:00+00:00,2648.640555555556,2648.640555555556
2024-03-29 21:00:00+00:00,6611.677777777778,6611.677777777778
2024-03-29 22:00:00+00:00,1376.2819444444444,1376.2819444444444
2024-03-29 23:00:00+00:00,938.6866666666666,938.6866666666666
2024-03-30 00:00:00+00:00,798.6555555555556,798.6555555555556
2024-03-30 01:00:00+00:00,1340.631666666667,1340.631666666667
2024-03-30 02:00:00+00:00,1480.6566666666668,1480.6566666666668
2024-03-30 03:00:00+00:00,2804.054722222222,2804.054722222222
2024-03-30 04:00:00+00:00,1786.6152777777777,2804.054722222222
2024-03-30 05:00:00+00:00,1526.983611111111,1526.983611111111
2024-03-30 06:00:00+00:00,3003.592222222222,1526.983611111111
2024-03-30 07:00:00+00:00,14539.968611111111,14539.968611111111
2024-03-30 08:00:00+00:00,14528.2425,14528.2425
2024-03-30 09:00:00+00:00,44444.50361111111,44444.50361111111
2024-03-30 10:00:00+00:00,3525.2277777777776,3525.2277777777776
2024-03-30 11:00:00+00:00,3079.3575,3079.3575
2024-03-30 12:00:00+00:00,1799.048888888889,1799.048888888889
2024-03-30 13:00:00+00:00,15587.711944444443,15587.711944444443
2024-03-30 14:00:00+00:00,29154.84138888889,29154.84138888889
2024-03-30 15:00:00+00:00,1417.9347222222225,29154.84138888889
2024-03-30 16:00:00+00:00,2229.0319444444444,2229.0319444444444
2024-03-30 17:00:00+00:00,5667.198333333334,5667.198333333334
2024-03-30 18:00:00+00:00,3163.760555555556,3163.760555555556
2024-03-30 19:00:00+00:00,4427.654444444444,4427.654444444444
2024-03-30 20:00:00+00:00,9168.500277777775,9168.500277777775
2024-03-30 21:00:00+00:00,2297.535,2297.535
2024-03-30 22:00:00+00:00,14348.586944444443,14348.586944444443
2024-03-30 23:00:00+00:00,3921.373611111111,3921.373611111111
2024-03-31 00:00:00+00:00,2079.9569444444446,2079.9569444444446
2024-03-31 01:00:00+00:00,1928.8336111111112,1928.8336111111112
2024-03-31 02:00:00+00:00,1055.3630555555555,1055.3630555555555
2024-03-31 03:00:00+00:00,412.3658333333333,412.3658333333333
2024-03-31 04:00:00+00:00,874.3327777777778,874.3327777777778
2024-03-31 05:00:00+00:00,1321.9530555555557,1321.9530555555557
2024-03-31 06:00:00+00:00,2379.0133333333333,2379.0133333333333
2024-03-31 07:00:00+00:00,2264.585833333333,2264.585833333333
2024-03-31 08:00:00+00:00,3154.987777777778,3154.987777777778
2024-03-31 09:00:00+00:00,38071.68055555556,38071.68055555556
2024-03-31 10:00:00+00:00,1978.105,1978.105
2024-03-31 11:00:00+00:00,5412.901944444445,5412.901944444445
2024-03-31 12:00:00+00:00,2280.5152777777776,2280.5152777777776
2024-03-31 13:00:00+00:00,5267.051666666666,2280.5152777777776
2024-03-31 14:00:00+00:00,11980.538333333334,11980.538333333334
2024-03-31 15:00:00+00:00,5792.130277777777,11980.538333333334
2024-03-31 16:00:00+00:00,4723.506944444444,4723.506944444444
2024-03-31 17:00:00+00:00,5897.012777777778,5897.012777777778
2024-03-31 18:00:00+00:00,5509.706944444444,5509.706944444444
2024-03-31 19:00:00+00:00,355671.5072222222,355671.5072222222
2024-03-31 20:00:00+00:00,12270.06138888889,12270.06138888889
2024-03-31 21:00:00+00:00,689.71,689.71
2024-03-31 22:00:00+00:00,683.9625,683.9625
2024-03-31 23:00:00+00:00,914.7633333333332,914.7633333333332
2024-04-01 00:00:00+00:00,2042.1397222222224,2042.1397222222224
2024-04-01 01:00:00+00:00,1409.2263888888888,1409.2263888888888
2024-04-01 02:00:00+00:00,2648.1125,2648.1125
2024-04-01 03:00:00+00:00,737.7041666666667,737.7041666666667
2024-04-01 04:00:00+00:00,1254.8569444444445,1254.8569444444445
2024-04-01 05:00:00+00:00,1831.203611111111,1831.203611111111
2024-04-01 06:00:00+00:00,40712.94583333333,40712.94583333333
2024-04-01 07:00:00+00:00,39234.13583333333,39234.13583333333
2024-04-01 08:00:00+00:00,12464.985277777778,39234.13583333333
2024-04-01 09:00:00+00:00,2989.529722222222,2989.529722222222
2024-04-01 10:00:00+00:00,4519.826666666667,4519.826666666667
2024-04-01 11:00:00+00:00,8024.312777777778,8024.312777777778
2024-04-01 12:00:00+00:00,7986.575555555555,7986.575555555555
2024-04-01 13:00:00+00:00,5094.955555555555,5094.955555555555
2024-04-01 14:00:00+00:00,5319.805833333333,5319.805833333333
2024-04-01 15:00:00+00:00,43800.57277777778,43800.57277777778
2024-04-01 16:00:00+00:00,4157.839166666667,4157.839166666667
2024-04-01 17:00:00+00:00,12115.552222222224,12115.552222222224
2024-04-01 18:00:00+00:00,12386.5925,12115.552222222224
2024-04-01 19:00:00+00:00,24219.245,24219.245
2024-04-01 20:00:00+00:00,3350.163611111111,3350.163611111111
2024-04-01 21:00:00+00:00,1052.569166666667,1052.569166666667
2024-04-01 22:00:00+00:00,1547.3925,1052.569166666667
2024-04-01 23:00:00+00:00,2634.3566666666666,2634.3566666666666
2024-04-02 00:00:00+00:00,881.2422222222223,881.2422222222223
2024-04-02 01:00:00+00:00,5126.744722222223,5126.744722222223
2024-04-02 02:00:00+00:00,85324.76777777777,85324.76777777777
2024-04-02 03:00:00+00:00,15696.975555555557,15696.975555555557
2024-04-02 04:00:00+00:00,62313.48611111111,62313.48611111111
2024-04-02 05:00:00+00:00,22581.01777777778,22581.01777777778
2024-04-02 06:00:00+00:00,64446.29888888889,64446.29888888889
2024-04-02 07:00:00+00:00,34096.35638888889,34096.35638888889
2024-04-02 08:00:00+00:00,24694.06027777778,34096.35638888889
2024-04-02 09:00:00+00:00,36462.51861111111,36462.51861111111
2024-04-02 10:00:00+00:00,20314.29555555556,20314.29555555556
2024-04-02 11:00:00+00:00,28669.309166666662,20314.29555555556
2024-04-02 12:00:00+00:00,8584.701666666666,8584.701666666666
2024-04-02 13:00:00+00:00,5159.957222222222,5159.957222222222
2024-04-02 14:00:00+00:00,3815.788611111111,3815.788611111111
2024-04-02 15:00:00+00:00,6476.706944444444,6476.706944444444
2024-04-02 16:00:00+00:00,11631.949444444444,11631.949444444444
2024-04-02 17:00:00+00:00,18734.150833333333,18734.150833333333
2024-04-02 18:00:00+00:00,3605.564444444444,3605.564444444444
2024-04-02 19:00:00+00:00,2673.6041666666665,2673.6041666666665
2024-04-02 20:00:00+00:00,1267.85,1267.85
2024-04-02 21:00:00+00:00,1482.3344444444444,1482.3344444444444
2024-04-02 22:00:00+00:00,998.2355555555556,998.2355555555556
2024-04-02 23:00:00+00:00,1865.168888888889,1865.168888888889
2024-04-03 00:00:00+00:00,9207.485,1865.168888888889
2024-04-03 01:00:00+00:00,4187.191111111111,4187.191111111111
2024-04-03 02:00:00+00:00,14799.757222222222,14799.757222222222
2024-04-03 03:00:00+00:00,75715.46222222222,75715.46222222222
2024-04-03 04:00:00+00:00,84957.40527777778,84957.40527777778
2024-04-03 05:00:00+00:00,156770.28833333333,156770.28833333333
2024-04-03 06:00:00+00:00,21146.9175,21146.9175
2024-04-03 07:00:00+00:00,22219.87,22219.87
2024-04-03 08:00:00+00:00,13032.25,22219.87
2024-04-03 09:00:00+00:00,23460.1925,22219.87
2024-04-03 10:00:00+00:00,19215.615833333333,19215.615833333333
2024-04-03 11:00:00+00:00,79348.54861111111,79348.54861111111
2024-04-03 12:00:00+00:00,34623.1675,34623.1675
2024-04-03 13:00:00+00:00,8624.629166666668,8624.629166666668
2024-04-03 14:00:00+00:00,22929.6025,22929.6025
2024-04-03 15:00:00+00:00,8876.208055555555,8876.208055555555
2024-04-03 16:00:00+00:00,4493.493888888889,4493.493888888889
2024-04-03 17:00:00+00:00,4067.7463888888888,4067.7463888888888
2024-04-03 18:00:00+00:00,5148.401944444445,5148.401944444445
2024-04-03 19:00:00+00:00,6114.811944444445,6114.811944444445
2024-04-03 20:00:00+00:00,10751.701944444443,10751.701944444443
2024-04-03 21:00:00+00:00,2954.6925,2954.6925
2024-04-03 22:00:00+00:00,2723.9827777777778,2723.9827777777778
2024-04-03 23:00:00+00:00,1970.7925,1970.7925
2024-04-04 00:00:00+00:00,1385.7222222222222,1385.7222222222222
2024-04-04 01:00:00+00:00,3473.6905555555554,3473.6905555555554
2024-04-04 02:00:00+00:00,9135.273611111112,9135.273611111112
2024-04-04 03:00:00+00:00,8390.2025,8390.2025
2024-04-04 04:00:00+00:00,45295.29472222222,8390.2025
2024-04-04 05:00:00+00:00,13064.878333333334,13064.878333333334
2024-04-04 06:00:00+00:00,32004.87222222222,32004.87222222222
2024-04-04 07:00:00+00:00,39059.65,39059.65
2024-04-04 08:00:00+00:00,54212.07333333333,54212.07333333333
2024-04-04 09:00:00+00:00,16456.977777777778,54212.07333333333
2024-04-04 10:00:00+00:00,8584.953055555556,8584.953055555556
2024-04-04 11:00:00+00:00,15042.665833333333,15042.665833333333
2024-04-04 12:00:00+00:00,6331.483888888889,6331.483888888889
2024-04-04 13:00:00+00:00,5417.570277777778,5417.570277777778
2024-04-04 14:00:00+00:00,3702.685555555556,3702.685555555556
2024-04-04 15:00:00+00:00,7950.295277777778,7950.295277777778
2024-04-04 16:00:00+00:00,7442.855555555556,7442.855555555556
2024-04-04 17:00:00+00:00,7160.001111111111,7160.001111111111
2024-04-04 18:00:00+00:00,9731.256944444443,9731.256944444443
2024-04-04 19:00:00+00:00,2365.5455555555554,9731.256944444443
2024-04-04 20:00:00+00:00,1799.4141666666667,9731.256944444443
2024-04-04 21:00:00+00:00,5861.875277777778,9731.256944444443
2024-04-04 22:00:00+00:00,4379.042222222222,4379.042222222222
2024-04-04 23:00:00+00:00,1771.746388888889,1771.746388888889
2024-04-05 00:00:00+00:00,4152.968055555555,4152.968055555555
2024-04-05 01:00:00+00:00,2189.2694444444446,2189.2694444444446
2024-04-05 02:00:00+00:00,55225.139444444445,55225.139444444445
2024-04-05 03:00:00+00:00,18730.465277777777,18730.465277777777
2024-04-05 04:00:00+00:00,64318.59444444445,64318.59444444445
2024-04-05 05:00:00+00:00,31642.946944444444,31642.946944444444
2024-04-05 06:00:00+00:00,50680.311944444446,50680.311944444446
2024-04-05 07:00:00+00:00,81960.00416666667,81960.00416666667
2024-04-05 08:00:00+00:00,33066.15138888889,33066.15138888889
2024-04-05 09:00:00+00:00,7789.671388888889,33066.15138888889
2024-04-05 10:00:00+00:00,5764.864722222223,5764.864722222223
2024-04-05 11:00:00+00:00,23165.98361111111,23165.98361111111
2024-04-05 12:00:00+00:00,24906.785277777777,24906.785277777777
2024-04-05 13:00:00+00:00,3233.6991666666668,3233.6991666666668
2024-04-05 14:00:00+00:00,4335.631944444444,4335.631944444444
2024-04-05 15:00:00+00:00,2314.2730555555554,2314.2730555555554
2024-04-05 16:00:00+00:00,4728.443888888889,4728.443888888889
2024-04-05 17:00:00+00:00,9782.351111111111,9782.351111111111
2024-04-05 18:00:00+00:00,3296.5775,3296.5775
2024-04-05 19:00:00+00:00,1464.5677777777778,3296.5775
2024-04-05 20:00:00+00:00,1040.8541666666667,1040.8541666666667
2024-04-05 21:00:00+00:00,778.7516666666667,778.7516666666667
2024-04-05 22:00:00+00:00,906.2022222222222,906.2022222222222
2024-04-05 23:00:00+00:00,857.825,857.825
2024-04-06 00:00:00+00:00,2350.093055555556,2350.093055555556
2024-04-06 01:00:00+00:00,2432.0919444444444,2432.0919444444444
2024-04-06 02:00:00+00:00,14873.548333333334,14873.548333333334
2024-04-06 03:00:00+00:00,98673.11916666669,98673.11916666669
2024-04-06 04:00:00+00:00,37430.81277777778,98673.11916666669
2024-04-06 05:00:00+00:00,4521.672222222222,4521.672222222222
2024-04-06 06:00:00+00:00,6534.245555555555,6534.245555555555
2024-04-06 07:00:00+00:00,3935.228611111111,6534.245555555555
2024-04-06 08:00:00+00:00,5395.961666666667,5395.961666666667
2024-04-06 09:00:00+00:00,3509.2191666666668,3509.2191666666668
2024-04-06 10:00:00+00:00,4307.139166666667,4307.139166666667
2024-04-06 11:00:00+00:00,15081.450277777778,15081.450277777778
2024-04-06 12:00:00+00:00,2191.415555555556,2191.415555555556
2024-04-06 13:00:00+00:00,6025.349722222222,2191.415555555556
2024-04-06 14:00:00+00:00,3581.6427777777776,3581.6427777777776
2024-04-06 15:00:00+00:00,12948.007777777775,12948.007777777775
2024-04-06 16:00:00+00:00,4588.3075,12948.007777777775
2024-04-06 17:00:00+00:00,5254.738055555556,12948.007777777775
2024-04-06 18:00:00+00:00,2859.964166666666,12948.007777777775
2024-04-06 19:00:00+00:00,2272.806111111111,2272.806111111111
2024-04-06 20:00:00+00:00,2025.575,2025.575
2024-04-06 21:00:00+00:00,20129.0225,20129.0225
2024-04-06 22:00:00+00:00,976.6477777777778,976.6477777777778
2024-04-06 23:00:00+00:00,898.0269444444444,898.0269444444444
2024-04-07 00:00:00+00:00,625.3422222222222,625.3422222222222
2024-04-07 01:00:00+00:00,1887.4333333333332,1887.4333333333332
2024-04-07 02:00:00+00:00,1659.3866666666668,1659.3866666666668
2024-04-07 03:00:00+00:00,1934.473611111111,1934.473611111111
2024-04-07 04:00:00+00:00,8964.852222222222,8964.852222222222
2024-04-07 05:00:00+00:00,2202.4594444444447,2202.4594444444447
2024-04-07 06:00:00+00:00,13854.003888888888,13854.003888888888
2024-04-07 07:00:00+00:00,6813.24,6813.24
2024-04-07 08:00:00+00:00,3955.3552777777777,6813.24
2024-04-07 09:00:00+00:00,1609.314722222222,1609.314722222222
2024-04-07 10:00:00+00:00,1344.723888888889,1609.314722222222
2024-04-07 11:00:00+00:00,1886.1219444444444,1886.1219444444444
2024-04-07 12:00:00+00:00,3162.9319444444445,3162.9319444444445
2024-04-07 13:00:00+00:00,3816.8172222222224,3816.8172222222224
2024-04-07 14:00:00+00:00,3413.616388888889,3413.616388888889
2024-04-07 15:00:00+00:00,4102.604722222222,4102.604722222222
2024-04-07 16:00:00+00:00,4733.606944444445,4733.606944444445
2024-04-07 17:00:00+00:00,5262.995833333333,5262.995833333333
2024-04-07 18:00:00+00:00,5019.8116666666665,5019.8116666666665
2024-04-07 19:00:00+00:00,1812.523055555556,1812.523055555556
2024-04-07 20:00:00+00:00,1901.3961111111112,1901.3961111111112
2024-04-07 21:00:00+00:00,857.2047222222222,857.2047222222222
2024-04-07 22:00:00+00:00,2206.1966666666667,2206.1966666666667
2024-04-07 23:00:00+00:00,1896.963888888889,1896.963888888889
2024-04-08 00:00:00+00:00,1596.3169444444443,1596.3169444444443
2024-04-08 01:00:00+00:00,6686.7,6686.7
2024-04-08 02:00:00+00:00,37740.37777777778,37740.37777777778
2024-04-08 03:00:00+00:00,14475.286666666669,14475.286666666669
2024-04-08 04:00:00+00:00,27934.332777777778,27934.332777777778
2024-04-08 05:00:00+00:00,44962.94305555556,44962.94305555556
2024-04-08 06:00:00+00:00,26017.895277777778,26017.895277777778
2024-04-08 07:00:00+00:00,4712.491388888889,4712.491388888889
2024-04-08 08:00:00+00:00,58005.86916666666,58005.86916666666
2024-04-08 09:00:00+00:00,6636.2508333333335,6636.2508333333335
2024-04-08 10:00:00+00:00,24341.534444444445,24341.534444444445
2024-04-08 11:00:00+00:00,4864.843333333333,4864.843333333333
2024-04-08 12:00:00+00:00,6203.3613888888885,4864.843333333333
2024-04-08 13:00:00+00:00,4213.122777777778,4213.122777777778
2024-04-08 14:00:00+00:00,16569.811944444446,16569.811944444446
2024-04-08 15:00:00+00:00,6707.6641666666665,6707.6641666666665
2024-04-08 16:00:00+00:00,4218.004166666667,4218.004166666667
2024-04-08 17:00:00+00:00,6016.055555555556,6016.055555555556
2024-04-08 18:00:00+00:00,21006.4875,21006.4875
2024-04-08 19:00:00+00:00,8345.15361111111,8345.15361111111
2024-04-08 20:00:00+00:00,1281.3036111111112,1281.3036111111112
2024-04-08 21:00:00+00:00,1269.1052777777777,1269.1052777777777
2024-04-08 22:00:00+00:00,1174.016388888889,1174.016388888889
2024-04-08 23:00:00+00:00,1054.2422222222222,1054.2422222222222
2024-04-09 00:00:00+00:00,726.0402777777778,726.0402777777778
2024-04-09 01:00:00+00:00,936.7905555555556,936.7905555555556
2024-04-09 02:00:00+00:00,11965.31138888889,11965.31138888889
2024-04-09 03:00:00+00:00,29713.299166666668,29713.299166666668
2024-04-09 04:00:00+00:00,28055.417777777777,28055.417777777777
2024-04-09 05:00:00+00:00,12274.3875,12274.3875
2024-04-09 06:00:00+00:00,51169.1575,51169.1575
2024-04-09 07:00:00+00:00,18952.70527777778,18952.70527777778
2024-04-09 08:00:00+00:00,17741.782222222224,17741.782222222224
2024-04-09 09:00:00+00:00,26699.22555555556,26699.22555555556
2024-04-09 10:00:00+00:00,8167.113611111111,8167.113611111111
2024-04-09 11:00:00+00:00,9342.340555555556,8167.113611111111
2024-04-09 12:00:00+00:00,4949.815833333333,4949.815833333333
2024-04-09 13:00:00+00:00,13779.875833333334,13779.875833333334
2024-04-09 14:00:00+00:00,5368.044722222222,5368.044722222222
2024-04-09 15:00:00+00:00,3844.3725,3844.3725
2024-04-09 16:00:00+00:00,5076.859722222222,5076.859722222222
2024-04-09 17:00:00+00:00,18013.165555555555,18013.165555555555
2024-04-09 18:00:00+00:00,5891.067777777777,5891.067777777777
2024-04-09 19:00:00+00:00,1660.8877777777775,1660.8877777777775
2024-04-09 20:00:00+00:00,967.1463888888889,1660.8877777777775
2024-04-09 21:00:00+00:00,1011.7061111111112,1011.7061111111112
2024-04-09 22:00:00+00:00,9031.995833333332,9031.995833333332
2024-04-09 23:00:00+00:00,893.5727777777778,893.5727777777778
2024-04-10 00:00:00+00:00,8091.920555555555,8091.920555555555
2024-04-10 01:00:00+00:00,13664.471944444444,13664.471944444444
2024-04-10 02:00:00+00:00,20104.52527777778,13664.471944444444
2024-04-10 03:00:00+00:00,14004.713333333331,13664.471944444444
2024-04-10 04:00:00+00:00,41610.62305555555,41610.62305555555
2024-04-10 05:00:00+00:00,48718.168333333335,48718.168333333335
2024-04-10 06:00:00+00:00,22601.95611111111,22601.95611111111
2024-04-10 07:00:00+00:00,8355.683333333332,8355.683333333332
2024-04-10 08:00:00+00:00,8161.836388888889,8161.836388888889
2024-04-10 09:00:00+00:00,11476.218333333334,11476.218333333334
2024-04-10 10:00:00+00:00,78814.41666666667,78814.41666666667
2024-04-10 11:00:00+00:00,23161.96138888889,23161.96138888889
2024-04-10 12:00:00+00:00,23750.85361111111,23750.85361111111
2024-04-10 13:00:00+00:00,7276.831388888889,7276.831388888889
2024-04-10 14:00:00+00:00,2623.603611111111,7276.831388888889
2024-04-10 15:00:00+00:00,54287.23777777778,54287.23777777778
2024-04-10 16:00:00+00:00,7347.5275,7347.5275
2024-04-10 17:00:00+00:00,5688.12,5688.12
2024-04-10 18:00:00+00:00,5478.446388888889,5478.446388888889
2024-04-10 19:00:00+00:00,2059.551111111111,2059.551111111111
2024-04-10 20:00:00+00:00,4362.013888888889,4362.013888888889
2024-04-10 21:00:00+00:00,720.4977777777777,720.4977777777777
2024-04-10 22:00:00+00:00,582.4958333333333,582.4958333333333
2024-04-10 23:00:00+00:00,1038.4688888888888,1038.4688888888888
2024-04-11 00:00:00+00:00,713.7063888888889,713.7063888888889
2024-04-11 01:00:00+00:00,1899.6525,713.7063888888889
2024-04-11 02:00:00+00:00,3736.579444444445,3736.579444444445
2024-04-11 03:00:00+00:00,8950.691666666668,8950.691666666668
2024-04-11 04:00:00+00:00,10051.998333333331,10051.998333333331
2024-04-11 05:00:00+00:00,13018.93611111111,13018.93611111111
2024-04-11 06:00:00+00:00,25604.90055555556,25604.90055555556
2024-04-11 07:00:00+00:00,18613.99722222222,18613.99722222222
2024-04-11 08:00:00+00:00,24410.24111111111,24410.24111111111
2024-04-11 09:00:00+00:00,15409.33222222222,15409.33222222222
2024-04-11 10:00:00+00:00,23084.08194444445,15409.33222222222
2024-04-11 11:00:00+00:00,9748.516111111112,9748.516111111112
2024-04-11 12:00:00+00:00,13602.849444444444,13602.849444444444
2024-04-11 13:00:00+00:00,4412.049166666667,4412.049166666667
2024-04-11 14:00:00+00:00,3517.8994444444443,3517.8994444444443
2024-04-11 15:00:00+00:00,2490.790833333333,2490.790833333333
2024-04-11 16:00:00+00:00,6553.641388888889,6553.641388888889
2024-04-11 17:00:00+00:00,41909.77916666667,41909.77916666667
2024-04-11 18:00:00+00:00,8864.565833333334,8864.565833333334
2024-04-11 19:00:00+00:00,4897.0675,8864.565833333334
2024-04-11 20:00:00+00:00,1305.3397222222222,1305.3397222222222
2024-04-11 21:00:00+00:00,1256.1263888888889,1256.1263888888889
2024-04-11 22:00:00+00:00,727.7072222222222,727.7072222222222
2024-04-11 23:00:00+00:00,2839.7672222222222,2839.7672222222222
2024-04-12 00:00:00+00:00,1732.1169444444445,1732.1169444444445
2024-04-12 01:00:00+00:00,2483.808611111111,2483.808611111111
2024-04-12 02:00:00+00:00,7255.652222222222,7255.652222222222
2024-04-12 03:00:00+00:00,6199.554166666667,6199.554166666667
2024-04-12 04:00:00+00:00,42316.27305555555,42316.27305555555
2024-04-12 05:00:00+00:00,21173.258055555558,21173.258055555558
2024-04-12 06:00:00+00:00,40785.960277777776,40785.960277777776
2024-04-12 07:00:00+00:00,80547.61777777778,80547.61777777778
2024-04-12 08:00:00+00:00,22436.575277777774,22436.575277777774
2024-04-12 09:00:00+00:00,20045.9475,20045.9475
2024-04-12 10:00:00+00:00,15865.192777777778,20045.9475
2024-04-12 11:00:00+00:00,16353.145,16353.145
2024-04-12 12:00:00+00:00,134725.32861111112,134725.32861111112
2024-04-12 13:00:00+00:00,4830.415277777778,4830.415277777778
2024-04-12 14:00:00+00:00,3804.849722222222,3804.849722222222
2024-04-12 15:00:00+00:00,3790.837777777778,3790.837777777778
2024-04-12 16:00:00+00:00,5227.995833333333,5227.995833333333
2024-04-12 17:00:00+00:00,10025.66861111111,10025.66861111111
2024-04-12 18:00:00+00:00,18435.93666666667,18435.93666666667
2024-04-12 19:00:00+00:00,7479.481388888889,7479.481388888889
2024-04-12 20:00:00+00:00,1270.9519444444445,1270.9519444444445
2024-04-12 21:00:00+00:00,973.5355555555556,973.5355555555556
2024-04-12 22:00:00+00:00,2546.3777777777777,2546.3777777777777
2024-04-12 23:00:00+00:00,858.1627777777778,858.1627777777778
2024-04-13 00:00:00+00:00,954.3647222222222,954.3647222222222
2024-04-13 01:00:00+00:00,1444.451111111111,1444.451111111111
2024-04-13 02:00:00+00:00,1410.1319444444443,1410.1319444444443
2024-04-13 03:00:00+00:00,1433.0080555555555,1433.0080555555555
2024-04-13 04:00:00+00:00,20156.86111111111,20156.86111111111
2024-04-13 05:00:00+00:00,3835.0441666666666,3835.0441666666666
2024-04-13 06:00:00+00:00,7771.36,7771.36
2024-04-13 07:00:00+00:00,19025.896944444445,19025.896944444445
2024-04-13 08:00:00+00:00,17083.73972222222,17083.73972222222
2024-04-13 09:00:00+00:00,2147.04,2147.04
2024-04-13 10:00:00+00:00,18058.08333333333,18058.08333333333
2024-04-13 11:00:00+00:00,25501.60638888889,25501.60638888889
2024-04-13 12:00:00+00:00,5652.121944444444,5652.121944444444
2024-04-13 13:00:00+00:00,6523.1016666666665,5652.121944444444
2024-04-13 14:00:00+00:00,27001.72583333333,27001.72583333333
2024-04-13 15:00:00+00:00,4452.3116666666665,4452.3116666666665
2024-04-13 16:00:00+00:00,4540.178888888889,4540.178888888889
2024-04-13 17:00:00+00:00,21146.665277777774,21146.665277777774
2024-04-13 18:00:00+00:00,3266.2791666666667,3266.2791666666667
2024-04-13 19:00:00+00:00,2465.598611111111,2465.598611111111
2024-04-13 20:00:00+00:00,14617.71388888889,14617.71388888889
2024-04-13 21:00:00+00:00,1707.8630555555555,1707.8630555555555
2024-04-13 22:00:00+00:00,812.5583333333333,812.5583333333333
2024-04-13 23:00:00+00:00,4908.375277777778,4908.375277777778
2024-04-14 00:00:00+00:00,5557.728611111111,5557.728611111111
2024-04-14 01:00:00+00:00,1233.7108333333333,1233.7108333333333
2024-04-14 02:00:00+00:00,2268.0452777777778,2268.0452777777778
2024-04-14 03:00:00+00:00,1878.8775,1878.8775
2024-04-14 04:00:00+00:00,4464.791944444444,4464.791944444444
2024-04-14 05:00:00+00:00,220862.1461111111,220862.1461111111
2024-04-14 06:00:00+00:00,12292.671388888888,12292.671388888888
2024-04-14 07:00:00+00:00,10869.745555555555,10869.745555555555
2024-04-14 08:00:00+00:00,8172.530555555555,8172.530555555555
2024-04-14 09:00:00+00:00,23806.45527777778,8172.530555555555
2024-04-14 10:00:00+00:00,43589.63222222222,43589.63222222222
2024-04-14 11:00:00+00:00,24055.131944444445,24055.131944444445
2024-04-14 12:00:00+00:00,9953.352777777778,9953.352777777778
2024-04-14 13:00:00+00:00,14231.419444444444,14231.419444444444
2024-04-14 14:00:00+00:00,6110.175833333334,6110.175833333334
2024-04-14 15:00:00+00:00,8225.901666666667,8225.901666666667
2024-04-14 16:00:00+00:00,17641.378333333334,17641.378333333334
2024-04-14 17:00:00+00:00,7246.568888888889,7246.568888888889
2024-04-14 18:00:00+00:00,7264.716944444444,7264.716944444444
2024-04-14 19:00:00+00:00,4664.090833333334,4664.090833333334
2024-04-14 20:00:00+00:00,3942.488611111111,3942.488611111111
2024-04-14 21:00:00+00:00,2245.5225,2245.5225
2024-04-14 22:00:00+00:00,1855.6352777777777,1855.6352777777777
2024-04-14 23:00:00+00:00,1229.4330555555557,1229.4330555555557
2024-04-15 00:00:00+00:00,68337.16388888888,1229.4330555555557
2024-04-15 01:00:00+00:00,35770.869722222225,35770.869722222225
2024-04-15 02:00:00+00:00,18732.172222222223,18732.172222222223
2024-04-15 03:00:00+00:00,48662.95416666667,48662.95416666667
2024-04-15 04:00:00+00:00,22676.789166666666,22676.789166666666
2024-04-15 05:00:00+00:00,15980.384166666669,22676.789166666666
2024-04-15 06:00:00+00:00,12891.823888888888,22676.789166666666
2024-04-15 07:00:00+00:00,26179.25,26179.25
2024-04-15 08:00:00+00:00,17043.41083333333,17043.41083333333
2024-04-15 09:00:00+00:00,19485.4775,19485.4775
2024-04-15 10:00:00+00:00,25079.52083333333,25079.52083333333
2024-04-15 11:00:00+00:00,22622.00833333333,22622.00833333333
2024-04-15 12:00:00+00:00,5549.270277777778,5549.270277777778
2024-04-15 13:00:00+00:00,21944.13833333333,21944.13833333333
2024-04-15 14:00:00+00:00,10663.43,10663.43
2024-04-15 15:00:00+00:00,7089.116944444444,10663.43
2024-04-15 16:00:00+00:00,20454.786111111112,20454.786111111112
2024-04-15 17:00:00+00:00,8906.55,20454.786111111112
2024-04-15 18:00:00+00:00,19177.85861111111,19177.85861111111
2024-04-15 19:00:00+00:00,340817.52194444445,340817.52194444445
2024-04-15 20:00:00+00:00,3921.526388888889,3921.526388888889
2024-04-15 21:00:00+00:00,1087.9483333333333,1087.9483333333333
2024-04-15 22:00:00+00:00,1379.7383333333332,1379.7383333333332
2024-04-15 23:00:00+00:00,17449.460833333334,1379.7383333333332
2024-04-16 00:00:00+00:00,2214.5602777777776,2214.5602777777776
2024-04-16 01:00:00+00:00,1694.9155555555556,1694.9155555555556
2024-04-16 02:00:00+00:00,9472.442222222222,9472.442222222222
2024-04-16 03:00:00+00:00,55431.66888888889,55431.66888888889
2024-04-16 04:00:00+00:00,53229.566666666666,53229.566666666666
2024-04-16 05:00:00+00:00,35617.36083333333,35617.36083333333
2024-04-16 06:00:00+00:00,31073.893888888888,31073.893888888888
2024-04-16 07:00:00+00:00,30680.46055555556,30680.46055555556
2024-04-16 08:00:00+00:00,17776.33027777778,30680.46055555556
2024-04-16 09:00:00+00:00,21773.987777777777,21773.987777777777
2024-04-16 10:00:00+00:00,23257.213333333333,23257.213333333333
2024-04-16 11:00:00+00:00,16100.866944444444,16100.866944444444
2024-04-16 12:00:00+00:00,7036.488611111111,7036.488611111111
2024-04-16 13:00:00+00:00,31121.43222222222,31121.43222222222
2024-04-16 14:00:00+00:00,11394.99777777778,11394.99777777778
2024-04-16 15:00:00+00:00,8289.514722222222,8289.514722222222
2024-04-16 16:00:00+00:00,13844.7275,13844.7275
2024-04-16 17:00:00+00:00,9820.965277777776,9820.965277777776
2024-04-16 18:00:00+00:00,8795.576388888889,9820.965277777776
2024-04-16 19:00:00+00:00,7882.766388888889,7882.766388888889
2024-04-16 20:00:00+00:00,4180.009166666667,7882.766388888889
2024-04-16 21:00:00+00:00,4295.039722222222,4295.039722222222
2024-04-16 22:00:00+00:00,2970.641944444445,2970.641944444445
2024-04-16 23:00:00+00:00,3475.085833333333,3475.085833333333
2024-04-17 00:00:00+00:00,10283.592777777778,10283.592777777778
2024-04-17 01:00:00+00:00,3503.903611111112,3503.903611111112
2024-04-17 02:00:00+00:00,37051.41944444445,37051.41944444445
2024-04-17 03:00:00+00:00,17370.408333333333,17370.408333333333
2024-04-17 04:00:00+00:00,29819.612222222226,29819.612222222226
2024-04-17 05:00:00+00:00,23074.01111111111,23074.01111111111
2024-04-17 06:00:00+00:00,18226.076944444445,18226.076944444445
2024-04-17 07:00:00+00:00,16938.694444444445,16938.694444444445
2024-04-17 08:00:00+00:00,12466.225277777778,12466.225277777778
2024-04-17 09:00:00+00:00,22499.39361111111,22499.39361111111
2024-04-17 10:00:00+00:00,52119.06166666667,52119.06166666667
2024-04-17 11:00:00+00:00,16786.485555555555,16786.485555555555
2024-04-17 12:00:00+00:00,318982.7866666667,318982.7866666667
2024-04-17 13:00:00+00:00,26078.248888888887,26078.248888888887
2024-04-17 14:00:00+00:00,10222.280277777778,10222.280277777778
2024-04-17 15:00:00+00:00,9883.518055555556,9883.518055555556
2024-04-17 16:00:00+00:00,6757.505555555556,6757.505555555556
2024-04-17 17:00:00+00:00,44721.61972222223,44721.61972222223
2024-04-17 18:00:00+00:00,7787.121111111111,7787.121111111111
2024-04-17 19:00:00+00:00,7768.461388888889,7768.461388888889
2024-04-17 20:00:00+00:00,6145.0175,6145.0175
2024-04-17 21:00:00+00:00,4138.361111111111,4138.361111111111
2024-04-17 22:00:00+00:00,3385.5158333333334,3385.5158333333334
2024-04-17 23:00:00+00:00,4405.275277777778,4405.275277777778
2024-04-18 00:00:00+00:00,4231.476111111111,4231.476111111111
2024-04-18 01:00:00+00:00,4577.7844444444445,4577.7844444444445
2024-04-18 02:00:00+00:00,5673.309444444444,5673.309444444444
2024-04-18 03:00:00+00:00,11686.103611111112,11686.103611111112
2024-04-18 04:00:00+00:00,42825.02694444444,42825.02694444444
2024-04-18 05:00:00+00:00,17157.331388888888,17157.331388888888
2024-04-18 06:00:00+00:00,15540.090277777776,15540.090277777776
2024-04-18 07:00:00+00:00,694272.3019444444,694272.3019444444
2024-04-18 08:00:00+00:00,352444.2402777778,352444.2402777778
2024-04-18 09:00:00+00:00,56476.29083333333,56476.29083333333
2024-04-18 10:00:00+00:00,19186.2775,19186.2775
2024-04-18 11:00:00+00:00,15876.159722222224,15876.159722222224
2024-04-18 12:00:00+00:00,175489.76444444444,175489.76444444444
2024-04-18 13:00:00+00:00,17052.275833333333,17052.275833333333
2024-04-18 14:00:00+00:00,17525.37138888889,17525.37138888889
2024-04-18 15:00:00+00:00,10445.368888888888,10445.368888888888
2024-04-18 16:00:00+00:00,34989.7775,34989.7775
2024-04-18 17:00:00+00:00,11517.721666666666,11517.721666666666
2024-04-18 18:00:00+00:00,19647.383611111112,19647.383611111112
2024-04-18 19:00:00+00:00,7823.0175,7823.0175
2024-04-18 20:00:00+00:00,12686.820833333331,12686.820833333331
2024-04-18 21:00:00+00:00,9486.906944444445,9486.906944444445
2024-04-18 22:00:00+00:00,12123.617222222225,12123.617222222225
2024-04-18 23:00:00+00:00,18637.667777777777,18637.667777777777
2024-04-19 00:00:00+00:00,22371.55222222222,22371.55222222222
2024-04-19 01:00:00+00:00,12746.139166666666,12746.139166666666
2024-04-19 02:00:00+00:00,19279.29611111111,19279.29611111111
2024-04-19 03:00:00+00:00,28343.549722222226,28343.549722222226
2024-04-19 04:00:00+00:00,39099.40666666667,28343.549722222226
2024-04-19 05:00:00+00:00,25202.598611111112,25202.598611111112
2024-04-19 06:00:00+00:00,32220.06388888889,32220.06388888889
2024-04-19 07:00:00+00:00,26460.563611111116,26460.563611111116
2024-04-19 08:00:00+00:00,43569.60833333333,43569.60833333333
2024-04-19 09:00:00+00:00,26785.928333333333,26785.928333333333
2024-04-19 10:00:00+00:00,18917.178888888888,26785.928333333333
2024-04-19 11:00:00+00:00,16027.5375,16027.5375
2024-04-19 12:00:00+00:00,14632.670555555556,16027.5375
2024-04-19 13:00:00+00:00,12197.46611111111,12197.46611111111
2024-04-19 14:00:00+00:00,49666.86083333333,49666.86083333333
2024-04-19 15:00:00+00:00,79413.43222222223,79413.43222222223
2024-04-19 16:00:00+00:00,31598.568333333333,31598.568333333333
2024-04-19 17:00:00+00:00,13626.0675,13626.0675
2024-04-19 18:00:00+00:00,14575.221666666666,14575.221666666666
2024-04-19 19:00:00+00:00,13268.728611111112,13268.728611111112
2024-04-19 20:00:00+00:00,11317.759166666669,11317.759166666669
2024-04-19 21:00:00+00:00,11344.121388888889,11344.121388888889
2024-04-19 22:00:00+00:00,12855.524444444443,12855.524444444443
2024-04-19 23:00:00+00:00,12239.396388888888,12239.396388888888
2024-04-20 00:00:00+00:00,76375.30416666667,76375.30416666667
2024-04-20 01:00:00+00:00,30107.226944444443,30107.226944444443
2024-04-20 02:00:00+00:00,44170.11666666667,44170.11666666667
2024-04-20 03:00:00+00:00,59316.35805555555,59316.35805555555
2024-04-20 04:00:00+00:00,12423.301111111112,12423.301111111112
2024-04-20 05:00:00+00:00,23635.245277777776,23635.245277777776
2024-04-20 06:00:00+00:00,14146.6825,14146.6825
2024-04-20 07:00:00+00:00,30101.414444444443,30101.414444444443
2024-04-20 08:00:00+00:00,28749.41833333333,30101.414444444443
2024-04-20 09:00:00+00:00,22528.63111111111,22528.63111111111
2024-04-20 10:00:00+00:00,15030.129444444445,15030.129444444445
2024-04-20 11:00:00+00:00,7495.924444444445,7495.924444444445
2024-04-20 12:00:00+00:00,20791.040277777774,20791.040277777774
2024-04-20 13:00:00+00:00,10602.4125,10602.4125
2024-04-20 14:00:00+00:00,34024.516388888886,34024.516388888886
2024-04-20 15:00:00+00:00,10237.867222222225,10237.867222222225
2024-04-20 16:00:00+00:00,9894.14388888889,9894.14388888889
2024-04-20 17:00:00+00:00,10742.322777777776,9894.14388888889
2024-04-20 18:00:00+00:00,7003.213333333333,7003.213333333333
2024-04-20 19:00:00+00:00,13863.59861111111,13863.59861111111
2024-04-20 20:00:00+00:00,6122.183055555555,6122.183055555555
2024-04-20 21:00:00+00:00,2480.606111111111,2480.606111111111
2024-04-20 22:00:00+00:00,1858.1969444444444,1858.1969444444444
2024-04-20 23:00:00+00:00,2268.343333333333,1858.1969444444444
2024-04-21 00:00:00+00:00,2173.7322222222224,2173.7322222222224
2024-04-21 01:00:00+00:00,1892.8547222222223,1892.8547222222223
2024-04-21 02:00:00+00:00,2742.5875,1892.8547222222223
2024-04-21 03:00:00+00:00,4632.872222222222,4632.872222222222
2024-04-21 04:00:00+00:00,3206.9205555555554,3206.9205555555554
2024-04-21 05:00:00+00:00,11464.156111111111,11464.156111111111
2024-04-21 06:00:00+00:00,7758.400833333333,7758.400833333333
2024-04-21 07:00:00+00:00,7343.9672222222225,7343.9672222222225
2024-04-21 08:00:00+00:00,29374.06,29374.06
2024-04-21 09:00:00+00:00,9855.39,9855.39
2024-04-21 10:00:00+00:00,18875.924444444445,18875.924444444445
2024-04-21 11:00:00+00:00,10618.001944444444,10618.001944444444
2024-04-21 12:00:00+00:00,9482.994722222222,9482.994722222222
2024-04-21 13:00:00+00:00,11160.925277777778,11160.925277777778
2024-04-21 14:00:00+00:00,23221.93972222222,23221.93972222222
2024-04-21 15:00:00+00:00,13687.743888888888,13687.743888888888
2024-04-21 16:00:00+00:00,18826.95333333333,18826.95333333333
2024-04-21 17:00:00+00:00,23918.90166666667,23918.90166666667
2024-04-21 18:00:00+00:00,14291.57888888889,14291.57888888889
2024-04-21 19:00:00+00:00,42543.059166666666,42543.059166666666
2024-04-21 20:00:00+00:00,23642.02833333333,23642.02833333333
2024-04-21 21:00:00+00:00,3664.0725,3664.0725
2024-04-21 22:00:00+00:00,4464.161944444444,4464.161944444444
2024-04-21 23:00:00+00:00,1857.2455555555557,1857.2455555555557
2024-04-22 00:00:00+00:00,7810.503055555556,7810.503055555556
2024-04-22 01:00:00+00:00,4604.526111111111,4604.526111111111
2024-04-22 02:00:00+00:00,28351.795833333334,28351.795833333334
2024-04-22 03:00:00+00:00,20574.33722222222,28351.795833333334
2024-04-22 04:00:00+00:00,19365.8825,19365.8825
2024-04-22 05:00:00+00:00,32073.59138888889,32073.59138888889
2024-04-22 06:00:00+00:00,62078.35472222222,62078.35472222222
2024-04-22 07:00:00+00:00,37047.80611111111,37047.80611111111
2024-04-22 08:00:00+00:00,123969.50055555555,123969.50055555555
2024-04-22 09:00:00+00:00,37448.94805555556,37448.94805555556
2024-04-22 10:00:00+00:00,28669.376111111116,28669.376111111116
2024-04-22 11:00:00+00:00,27129.43,27129.43
2024-04-22 12:00:00+00:00,17200.029166666667,17200.029166666667
2024-04-22 13:00:00+00:00,19665.88833333333,19665.88833333333
2024-04-22 14:00:00+00:00,10861.523611111112,10861.523611111112
2024-04-22 15:00:00+00:00,16934.693055555555,16934.693055555555
2024-04-22 16:00:00+00:00,15116.286944444444,15116.286944444444
2024-04-22 17:00:00+00:00,14193.910277777775,14193.910277777775
2024-04-22 18:00:00+00:00,7140.1625,7140.1625
2024-04-22 19:00:00+00:00,352174.43611111114,352174.43611111114
2024-04-22 20:00:00+00:00,3449.4430555555555,3449.4430555555555
2024-04-22 21:00:00+00:00,10059.725555555557,3449.4430555555555
2024-04-22 22:00:00+00:00,3210.978055555556,3210.978055555556
2024-04-22 23:00:00+00:00,6413.102777777778,6413.102777777778
2024-04-23 00:00:00+00:00,2472.365,2472.365
2024-04-23 01:00:00+00:00,4692.709444444445,4692.709444444445
2024-04-23 02:00:00+00:00,8807.613888888889,8807.613888888889
2024-04-23 03:00:00+00:00,14250.21388888889,14250.21388888889
2024-04-23 04:00:00+00:00,30616.778055555555,30616.778055555555
2024-04-23 05:00:00+00:00,18588.557777777776,18588.557777777776
2024-04-23 06:00:00+00:00,36270.130277777775,36270.130277777775
2024-04-23 07:00:00+00:00,30673.039166666666,30673.039166666666
2024-04-23 08:00:00+00:00,110666.13916666666,110666.13916666666
2024-04-23 09:00:00+00:00,37481.37944444444,37481.37944444444
2024-04-23 10:00:00+00:00,19638.22888888889,37481.37944444444
2024-04-23 11:00:00+00:00,30226.744444444445,30226.744444444445
2024-04-23 12:00:00+00:00,11677.05361111111,11677.05361111111
2024-04-23 13:00:00+00:00,26348.659444444445,26348.659444444445
2024-04-23 14:00:00+00:00,18314.81777777778,18314.81777777778
2024-04-23 15:00:00+00:00,12724.097777777775,12724.097777777775
2024-04-23 16:00:00+00:00,19997.453611111112,19997.453611111112
2024-04-23 17:00:00+00:00,20400.883055555558,19997.453611111112
2024-04-23 18:00:00+00:00,14368.931388888888,19997.453611111112
2024-04-23 19:00:00+00:00,10487.170833333334,10487.170833333334
2024-04-23 20:00:00+00:00,14819.71,14819.71
2024-04-23 21:00:00+00:00,6788.916944444444,6788.916944444444
2024-04-23 22:00:00+00:00,6309.520277777778,6309.520277777778
2024-04-23 23:00:00+00:00,10491.993333333334,10491.993333333334
2024-04-24 00:00:00+00:00,10241.506944444443,10241.506944444443
2024-04-24 01:00:00+00:00,7138.201111111112,7138.201111111112
2024-04-24 02:00:00+00:00,17162.753055555557,17162.753055555557
2024-04-24 03:00:00+00:00,10805.385277777776,10805.385277777776
2024-04-24 04:00:00+00:00,16736.51361111111,16736.51361111111
2024-04-24 05:00:00+00:00,28284.185833333333,28284.185833333333
2024-04-24 06:00:00+00:00,28626.23583333333,28626.23583333333
2024-04-24 07:00:00+00:00,76553.98722222222,28626.23583333333
2024-04-24 08:00:00+00:00,38385.210277777776,38385.210277777776
2024-04-24 09:00:00+00:00,17678.63611111111,17678.63611111111
2024-04-24 10:00:00+00:00,84796.8525,84796.8525
2024-04-24 11:00:00+00:00,16199.519444444444,16199.519444444444
2024-04-24 12:00:00+00:00,13356.926388888887,13356.926388888887
2024-04-24 13:00:00+00:00,20843.772222222226,20843.772222222226
2024-04-24 14:00:00+00:00,11466.33777777778,11466.33777777778
2024-04-24 15:00:00+00:00,15166.978611111112,15166.978611111112
2024-04-24 16:00:00+00:00,17719.34972222222,17719.34972222222
2024-04-24 17:00:00+00:00,11905.031388888889,11905.031388888889
2024-04-24 18:00:00+00:00,18965.4625,18965.4625
2024-04-24 19:00:00+00:00,9648.952777777778,9648.952777777778
2024-04-24 20:00:00+00:00,9685.322777777776,9685.322777777776
2024-04-24 21:00:00+00:00,9897.228611111112,9685.322777777776
2024-04-24 22:00:00+00:00,10969.267222222225,10969.267222222225
2024-04-24 23:00:00+00:00,12567.187222222225,10969.267222222225
2024-04-25 00:00:00+00:00,67438.20444444445,10969.267222222225
2024-04-25 01:00:00+00:00,16449.738611111112,16449.738611111112
2024-04-25 02:00:00+00:00,24522.47527777778,16449.738611111112
2024-04-25 03:00:00+00:00,39230.67861111112,39230.67861111112
2024-04-25 04:00:00+00:00,26868.13611111111,26868.13611111111
2024-04-25 05:00:00+00:00,32167.28277777778,32167.28277777778
2024-04-25 06:00:00+00:00,21683.871944444443,21683.871944444443
2024-04-25 07:00:00+00:00,18579.69638888889,18579.69638888889
2024-04-25 08:00:00+00:00,26825.42583333333,26825.42583333333
2024-04-25 09:00:00+00:00,50258.53916666667,50258.53916666667
2024-04-25 10:00:00+00:00,30965.944166666668,30965.944166666668
2024-04-25 11:00:00+00:00,52700.76972222222,52700.76972222222
2024-04-25 12:00:00+00:00,25825.42194444445,25825.42194444445
2024-04-25 13:00:00+00:00,45655.754166666666,45655.754166666666
2024-04-25 14:00:00+00:00,18738.471666666668,18738.471666666668
2024-04-25 15:00:00+00:00,24713.500555555554,24713.500555555554
2024-04-25 16:00:00+00:00,18485.439444444444,24713.500555555554
2024-04-25 17:00:00+00:00,26220.746944444443,26220.746944444443
2024-04-25 18:00:00+00:00,28972.09333333333,28972.09333333333
2024-04-25 19:00:00+00:00,17435.059166666666,17435.059166666666
2024-04-25 20:00:00+00:00,17175.867777777778,17175.867777777778
2024-04-25 21:00:00+00:00,18823.216111111116,18823.216111111116
2024-04-25 22:00:00+00:00,17103.930833333332,17103.930833333332
2024-04-25 23:00:00+00:00,9881.451388888889,9881.451388888889
2024-04-26 00:00:00+00:00,15332.986388888889,15332.986388888889
2024-04-26 01:00:00+00:00,15561.803333333331,15561.803333333331
2024-04-26 02:00:00+00:00,12903.718611111111,12903.718611111111
2024-04-26 03:00:00+00:00,15220.8625,12903.718611111111
2024-04-26 04:00:00+00:00,15526.167222222222,15526.167222222222
2024-04-26 05:00:00+00:00,10350.713055555556,10350.713055555556
2024-04-26 06:00:00+00:00,10194.291944444443,10194.291944444443
2024-04-26 07:00:00+00:00,11797.663333333334,11797.663333333334
2024-04-26 08:00:00+00:00,9454.312777777775,9454.312777777775
2024-04-26 09:00:00+00:00,11114.472222222224,11114.472222222224
2024-04-26 10:00:00+00:00,10078.596666666666,10078.596666666666
2024-04-26 11:00:00+00:00,11764.829166666666,11764.829166666666
2024-04-26 12:00:00+00:00,12821.949444444444,12821.949444444444
2024-04-26 13:00:00+00:00,16433.110833333332,16433.110833333332
2024-04-26 14:00:00+00:00,13092.593888888889,13092.593888888889
2024-04-26 15:00:00+00:00,14540.950833333334,14540.950833333334
2024-04-26 16:00:00+00:00,40262.59777777778,14540.950833333334
2024-04-26 17:00:00+00:00,13137.288611111111,13137.288611111111
2024-04-26 18:00:00+00:00,12976.78638888889,12976.78638888889
2024-04-26 19:00:00+00:00,11344.767222222225,11344.767222222225
2024-04-26 20:00:00+00:00,9081.5575,9081.5575
2024-04-26 21:00:00+00:00,9945.875,9945.875
2024-04-26 22:00:00+00:00,8859.588055555556,8859.588055555556
2024-04-26 23:00:00+00:00,11328.069166666666,11328.069166666666
2024-04-27 00:00:00+00:00,11150.451388888889,11150.451388888889
2024-04-27 01:00:00+00:00,9317.66111111111,9317.66111111111
2024-04-27 02:00:00+00:00,9205.955,9205.955
2024-04-27 03:00:00+00:00,14243.95638888889,14243.95638888889
2024-04-27 04:00:00+00:00,48145.14944444445,48145.14944444445
2024-04-27 05:00:00+00:00,55960.29083333333,55960.29083333333
2024-04-27 06:00:00+00:00,24764.039722222224,24764.039722222224
2024-04-27 07:00:00+00:00,18983.89861111111,18983.89861111111
2024-04-27 08:00:00+00:00,21570.039166666666,21570.039166666666
2024-04-27 09:00:00+00:00,18722.244444444445,18722.244444444445
2024-04-27 10:00:00+00:00,16401.473055555554,16401.473055555554
2024-04-27 11:00:00+00:00,42531.73888888889,42531.73888888889
2024-04-27 12:00:00+00:00,33804.57277777778,33804.57277777778
2024-04-27 13:00:00+00:00,33358.83694444445,33804.57277777778
2024-04-27 14:00:00+00:00,41452.95166666667,33804.57277777778
2024-04-27 15:00:00+00:00,36190.13527777778,36190.13527777778
2024-04-27 16:00:00+00:00,29222.080833333333,29222.080833333333
2024-04-27 17:00:00+00:00,29996.33944444445,29996.33944444445
2024-04-27 18:00:00+00:00,31441.499722222223,31441.499722222223
2024-04-27 19:00:00+00:00,30227.13,30227.13
2024-04-27 20:00:00+00:00,27871.47611111111,27871.47611111111
2024-04-27 21:00:00+00:00,29209.61138888889,29209.61138888889
2024-04-27 22:00:00+00:00,31092.104444444445,31092.104444444445
2024-04-27 23:00:00+00:00,14481.238333333333,14481.238333333333
2024-04-28 00:00:00+00:00,14063.114444444444,14063.114444444444
2024-04-28 01:00:00+00:00,23001.297222222223,23001.297222222223
2024-04-28 02:00:00+00:00,33089.52222222222,33089.52222222222
2024-04-28 03:00:00+00:00,30152.889444444445,30152.889444444445
2024-04-28 04:00:00+00:00,29938.836666666662,29938.836666666662
2024-04-28 05:00:00+00:00,31062.4275,31062.4275
2024-04-28 06:00:00+00:00,35938.131944444445,35938.131944444445
2024-04-28 07:00:00+00:00,37490.10083333333,35938.131944444445
2024-04-28 08:00:00+00:00,34871.924166666664,34871.924166666664
2024-04-28 09:00:00+00:00,39270.47583333333,39270.47583333333
2024-04-28 10:00:00+00:00,105826.095,105826.095
2024-04-28 11:00:00+00:00,39125.398888888885,105826.095
2024-04-28 12:00:00+00:00,36197.86277777778,36197.86277777778
2024-04-28 13:00:00+00:00,35264.39472222222,35264.39472222222
2024-04-28 14:00:00+00:00,33775.18,33775.18
2024-04-28 15:00:00+00:00,35310.233611111114,35310.233611111114
2024-04-28 16:00:00+00:00,38280.91,38280.91
2024-04-28 17:00:00+00:00,43971.84,43971.84
2024-04-28 18:00:00+00:00,40376.25361111111,40376.25361111111
2024-04-28 19:00:00+00:00,32368.222777777777,32368.222777777777
2024-04-28 20:00:00+00:00,33456.13,33456.13
2024-04-28 21:00:00+00:00,30702.704166666663,30702.704166666663
2024-04-28 22:00:00+00:00,26816.292222222222,26816.292222222222
2024-04-28 23:00:00+00:00,29880.543055555558,29880.543055555558
2024-04-29 00:00:00+00:00,27362.313055555554,27362.313055555554
2024-04-29 01:00:00+00:00,28317.076944444445,28317.076944444445
2024-04-29 02:00:00+00:00,85326.54333333333,85326.54333333333
2024-04-29 03:00:00+00:00,27731.68472222222,27731.68472222222
2024-04-29 04:00:00+00:00,27474.00611111111,27474.00611111111
2024-04-29 05:00:00+00:00,35731.40472222222,35731.40472222222
2024-04-29 06:00:00+00:00,35365.065833333334,35365.065833333334
2024-04-29 07:00:00+00:00,41191.78361111111,41191.78361111111
2024-04-29 08:00:00+00:00,45493.27527777778,45493.27527777778
2024-04-29 09:00:00+00:00,42987.272777777776,42987.272777777776
2024-04-29 10:00:00+00:00,36484.258888888886,36484.258888888886
2024-04-29 11:00:00+00:00,38534.45166666667,38534.45166666667
2024-04-29 12:00:00+00:00,31368.62361111111,31368.62361111111
2024-04-29 13:00:00+00:00,37491.11277777778,37491.11277777778
2024-04-29 14:00:00+00:00,42009.30388888889,42009.30388888889
2024-04-29 15:00:00+00:00,53155.29388888889,53155.29388888889
2024-04-29 16:00:00+00:00,48884.21833333333,48884.21833333333
2024-04-29 17:00:00+00:00,62606.22472222222,62606.22472222222
2024-04-29 18:00:00+00:00,43990.21083333333,43990.21083333333
2024-04-29 19:00:00+00:00,66960.79027777778,66960.79027777778
2024-04-29 20:00:00+00:00,26400.405,26400.405
2024-04-29 21:00:00+00:00,27820.340277777777,27820.340277777777
2024-04-29 22:00:00+00:00,49450.69416666667,49450.69416666667
2024-04-29 23:00:00+00:00,26956.349166666667,26956.349166666667
2024-04-30 00:00:00+00:00,28712.597222222223,28712.597222222223
2024-04-30 01:00:00+00:00,29929.09888888889,29929.09888888889
2024-04-30 02:00:00+00:00,29814.742222222223,29814.742222222223
2024-04-30 03:00:00+00:00,35338.681666666664,35338.681666666664
2024-04-30 04:00:00+00:00,52027.57111111111,52027.57111111111
2024-04-30 05:00:00+00:00,27174.90583333333,27174.90583333333
2024-04-30 06:00:00+00:00,39946.01805555556,39946.01805555556
2024-04-30 07:00:00+00:00,26951.987777777777,26951.987777777777
2024-04-30 08:00:00+00:00,43915.560277777775,43915.560277777775
2024-04-30 09:00:00+00:00,187575.7136111111,187575.7136111111
2024-04-30 10:00:00+00:00,91443.28083333334,91443.28083333334
2024-04-30 11:00:00+00:00,43267.19222222222,43267.19222222222
2024-04-30 12:00:00+00:00,25180.015277777777,25180.015277777777
2024-04-30 13:00:00+00:00,36229.1475,36229.1475
2024-04-30 14:00:00+00:00,31272.44361111111,31272.44361111111
2024-04-30 15:00:00+00:00,27492.08194444445,27492.08194444445
2024-04-30 16:00:00+00:00,28628.203055555558,28628.203055555558
2024-04-30 17:00:00+00:00,28520.167777777777,28520.167777777777
2024-04-30 18:00:00+00:00,22766.70555555556,22766.70555555556
2024-04-30 19:00:00+00:00,22554.90861111111,22554.90861111111
2024-04-30 20:00:00+00:00,20594.105,20594.105
2024-04-30 21:00:00+00:00,23370.231666666667,23370.231666666667
2024-04-30 22:00:00+00:00,23665.459166666667,23665.459166666667
2024-04-30 23:00:00+00:00,24901.72638888889,24901.72638888889
2024-05-01 00:00:00+00:00,22216.67722222222,22216.67722222222
2024-05-01 01:00:00+00:00,25670.310833333333,25670.310833333333
2024-05-01 02:00:00+00:00,28209.071111111112,28209.071111111112
2024-05-01 03:00:00+00:00,22305.235277777778,22305.235277777778
2024-05-01 04:00:00+00:00,56894.73555555556,56894.73555555556
2024-05-01 05:00:00+00:00,22178.14444444445,22178.14444444445
2024-05-01 06:00:00+00:00,28386.221388888887,28386.221388888887
2024-05-01 07:00:00+00:00,28485.04,28485.04
2024-05-01 08:00:00+00:00,26279.778611111116,26279.778611111116
2024-05-01 09:00:00+00:00,58511.973333333335,58511.973333333335
2024-05-01 10:00:00+00:00,34669.6875,34669.6875
2024-05-01 11:00:00+00:00,42265.337222222224,42265.337222222224
2024-05-01 12:00:00+00:00,26843.77527777778,26843.77527777778
2024-05-01 13:00:00+00:00,25768.77305555556,25768.77305555556
2024-05-01 14:00:00+00:00,20554.08055555556,20554.08055555556
2024-05-01 15:00:00+00:00,31910.707222222223,31910.707222222223
2024-05-01 16:00:00+00:00,25664.007222222222,25664.007222222222
2024-05-01 17:00:00+00:00,38378.47611111112,38378.47611111112
2024-05-01 18:00:00+00:00,25646.54888888889,25646.54888888889
2024-05-01 19:00:00+00:00,349799.8044444444,349799.8044444444
2024-05-01 20:00:00+00:00,21571.52305555556,21571.52305555556
2024-05-01 21:00:00+00:00,44587.629166666666,44587.629166666666
2024-05-01 22:00:00+00:00,47320.07944444445,44587.629166666666
2024-05-01 23:00:00+00:00,41562.82388888889,41562.82388888889
2024-05-02 00:00:00+00:00,33383.35833333333,33383.35833333333
2024-05-02 01:00:00+00:00,27424.222777777777,27424.222777777777
2024-05-02 02:00:00+00:00,62413.43666666667,62413.43666666667
2024-05-02 03:00:00+00:00,53324.76472222222,53324.76472222222
2024-05-02 04:00:00+00:00,72381.6386111111,72381.6386111111
2024-05-02 05:00:00+00:00,54397.90666666667,54397.90666666667
2024-05-02 06:00:00+00:00,72208.4925,72208.4925
2024-05-02 07:00:00+00:00,64155.51611111111,64155.51611111111
2024-05-02 08:00:00+00:00,31911.26111111111,31911.26111111111
2024-05-02 09:00:00+00:00,48741.68138888889,48741.68138888889
2024-05-02 10:00:00+00:00,34877.421111111114,34877.421111111114
2024-05-02 11:00:00+00:00,14116.766944444444,14116.766944444444
2024-05-02 12:00:00+00:00,15679.7425,15679.7425
2024-05-02 13:00:00+00:00,29053.831666666665,29053.831666666665
2024-05-02 14:00:00+00:00,12935.027222222225,12935.027222222225
2024-05-02 15:00:00+00:00,44054.425833333335,44054.425833333335
2024-05-02 16:00:00+00:00,33148.89027777778,33148.89027777778
2024-05-02 17:00:00+00:00,21736.186388888887,21736.186388888887
2024-05-02 18:00:00+00:00,13556.084722222222,13556.084722222222
2024-05-02 19:00:00+00:00,44102.22638888889,44102.22638888889
2024-05-02 20:00:00+00:00,3375.189444444444,3375.189444444444
2024-05-02 21:00:00+00:00,1414.921388888889,1414.921388888889
2024-05-02 22:00:00+00:00,1077.7758333333334,1414.921388888889
2024-05-02 23:00:00+00:00,716.7402777777778,716.7402777777778
2024-05-03 00:00:00+00:00,4281.549166666667,4281.549166666667
2024-05-03 01:00:00+00:00,3101.3752777777777,4281.549166666667
2024-05-03 02:00:00+00:00,7692.67,7692.67
2024-05-03 03:00:00+00:00,37121.27555555556,37121.27555555556
2024-05-03 04:00:00+00:00,33368.69805555556,37121.27555555556
2024-05-03 05:00:00+00:00,80629.62555555555,80629.62555555555
2024-05-03 06:00:00+00:00,23895.831666666665,23895.831666666665
2024-05-03 07:00:00+00:00,18270.0775,18270.0775
2024-05-03 08:00:00+00:00,35981.08388888889,35981.08388888889
2024-05-03 09:00:00+00:00,46936.26805555556,46936.26805555556
2024-05-03 10:00:00+00:00,34342.01805555556,34342.01805555556
2024-05-03 11:00:00+00:00,31658.306944444445,31658.306944444445
2024-05-03 12:00:00+00:00,50680.29222222222,50680.29222222222
2024-05-03 13:00:00+00:00,13575.682777777778,13575.682777777778
2024-05-03 14:00:00+00:00,52675.26833333333,52675.26833333333
2024-05-03 15:00:00+00:00,11899.906111111111,11899.906111111111
2024-05-03 16:00:00+00:00,11375.640833333331,11375.640833333331
2024-05-03 17:00:00+00:00,17867.32138888889,17867.32138888889
2024-05-03 18:00:00+00:00,6304.8175,6304.8175
2024-05-03 19:00:00+00:00,16282.386111111113,16282.386111111113
2024-05-03 20:00:00+00:00,9617.2425,9617.2425
2024-05-03 21:00:00+00:00,1809.536111111111,1809.536111111111
2024-05-03 22:00:00+00:00,1733.8575,1733.8575
2024-05-03 23:00:00+00:00,7227.028333333334,1733.8575
2024-05-04 00:00:00+00:00,9703.860277777778,9703.860277777778
2024-05-04 01:00:00+00:00,1681.6333333333334,1681.6333333333334
2024-05-04 02:00:00+00:00,10337.039166666667,10337.039166666667
2024-05-04 03:00:00+00:00,5371.073611111111,5371.073611111111
2024-05-04 04:00:00+00:00,30642.26944444445,30642.26944444445
2024-05-04 05:00:00+00:00,75478.69722222222,75478.69722222222
2024-05-04 06:00:00+00:00,9312.56138888889,9312.56138888889
2024-05-04 07:00:00+00:00,21495.70083333333,21495.70083333333
2024-05-04 08:00:00+00:00,9822.724166666669,9822.724166666669
2024-05-04 09:00:00+00:00,11822.633055555556,11822.633055555556
2024-05-04 10:00:00+00:00,6153.328611111111,6153.328611111111
2024-05-04 11:00:00+00:00,12285.243055555557,12285.243055555557
2024-05-04 12:00:00+00:00,17654.54527777778,17654.54527777778
2024-05-04 13:00:00+00:00,44160.805,17654.54527777778
2024-05-04 14:00:00+00:00,8828.815277777778,8828.815277777778
2024-05-04 15:00:00+00:00,8498.557777777778,8498.557777777778
2024-05-04 16:00:00+00:00,7868.631666666667,7868.631666666667
2024-05-04 17:00:00+00:00,39001.05611111111,39001.05611111111
2024-05-04 18:00:00+00:00,15912.618055555557,15912.618055555557
2024-05-04 19:00:00+00:00,5756.778333333334,5756.778333333334
2024-05-04 20:00:00+00:00,2792.724166666667,2792.724166666667
2024-05-04 21:00:00+00:00,1675.7891666666667,1675.7891666666667
2024-05-04 22:00:00+00:00,1695.967777777778,1695.967777777778
2024-05-04 23:00:00+00:00,1065.918888888889,1065.918888888889
2024-05-05 00:00:00+00:00,1804.6458333333333,1804.6458333333333
2024-05-05 01:00:00+00:00,1771.5616666666667,1771.5616666666667
2024-05-05 02:00:00+00:00,3700.596666666667,3700.596666666667
2024-05-05 03:00:00+00:00,3715.0777777777776,3715.0777777777776
2024-05-05 04:00:00+00:00,16130.9725,16130.9725
2024-05-05 05:00:00+00:00,13819.240833333331,13819.240833333331
2024-05-05 06:00:00+00:00,53425.022777777776,53425.022777777776
2024-05-05 07:00:00+00:00,24060.671388888888,24060.671388888888
2024-05-05 08:00:00+00:00,43830.20111111111,43830.20111111111
2024-05-05 09:00:00+00:00,23437.301944444444,23437.301944444444
2024-05-05 10:00:00+00:00,16602.836666666666,16602.836666666666
2024-05-05 11:00:00+00:00,14449.7475,14449.7475
2024-05-05 12:00:00+00:00,27631.786111111112,27631.786111111112
2024-05-05 13:00:00+00:00,26784.71305555556,26784.71305555556
2024-05-05 14:00:00+00:00,15608.257222222222,26784.71305555556
2024-05-05 15:00:00+00:00,24427.004722222224,26784.71305555556
2024-05-05 16:00:00+00:00,32941.465833333335,32941.465833333335
2024-05-05 17:00:00+00:00,38371.771944444445,32941.465833333335
2024-05-05 18:00:00+00:00,15879.797222222222,15879.797222222222
2024-05-05 19:00:00+00:00,18013.355555555554,18013.355555555554
2024-05-05 20:00:00+00:00,9189.902222222225,9189.902222222225
2024-05-05 21:00:00+00:00,2836.6422222222222,2836.6422222222222
2024-05-05 22:00:00+00:00,4345.733055555555,4345.733055555555
2024-05-05 23:00:00+00:00,1188.175,1188.175
2024-05-06 00:00:00+00:00,839.91,839.91
2024-05-06 01:00:00+00:00,5064.6577777777775,5064.6577777777775
2024-05-06 02:00:00+00:00,61959.4275,61959.4275
2024-05-06 03:00:00+00:00,64124.774722222224,64124.774722222224
2024-05-06 04:00:00+00:00,29040.15194444445,29040.15194444445
2024-05-06 05:00:00+00:00,61943.06333333333,61943.06333333333
2024-05-06 06:00:00+00:00,95893.10111111111,95893.10111111111
2024-05-06 07:00:00+00:00,59949.9325,59949.9325
2024-05-06 08:00:00+00:00,77499.1386111111,77499.1386111111
2024-05-06 09:00:00+00:00,93066.42055555557,93066.42055555557
2024-05-06 10:00:00+00:00,71736.19805555555,71736.19805555555
2024-05-06 11:00:00+00:00,60801.87222222222,60801.87222222222
2024-05-06 12:00:00+00:00,58056.40972222222,58056.40972222222
2024-05-06 13:00:00+00:00,162481.91666666666,162481.91666666666
2024-05-06 14:00:00+00:00,69181.80722222223,69181.80722222223
2024-05-06 15:00:00+00:00,64412.1075,64412.1075
2024-05-06 16:00:00+00:00,74179.1711111111,74179.1711111111
2024-05-06 17:00:00+00:00,62990.43777777778,62990.43777777778
2024-05-06 18:00:00+00:00,72889.62583333334,72889.62583333334
2024-05-06 19:00:00+00:00,60686.22083333333,60686.22083333333
2024-05-06 20:00:00+00:00,43816.48805555556,60686.22083333333
2024-05-06 21:00:00+00:00,60957.57111111111,60957.57111111111
2024-05-06 22:00:00+00:00,74471.04055555556,74471.04055555556
2024-05-06 23:00:00+00:00,55769.97777777778,55769.97777777778
2024-05-07 00:00:00+00:00,74617.39972222222,74617.39972222222
2024-05-07 01:00:00+00:00,38265.4375,38265.4375
2024-05-07 02:00:00+00:00,102405.16083333331,102405.16083333331
2024-05-07 03:00:00+00:00,107696.50083333334,107696.50083333334
2024-05-07 04:00:00+00:00,65503.89916666667,65503.89916666667
2024-05-07 05:00:00+00:00,67674.9375,67674.9375
2024-05-07 06:00:00+00:00,76363.84694444445,76363.84694444445
2024-05-07 07:00:00+00:00,52849.160833333335,52849.160833333335
2024-05-07 08:00:00+00:00,105920.1125,105920.1125
2024-05-07 09:00:00+00:00,79209.7461111111,79209.7461111111
2024-05-07 10:00:00+00:00,65409.846666666665,65409.846666666665
2024-05-07 11:00:00+00:00,50352.66805555556,50352.66805555556
2024-05-07 12:00:00+00:00,63224.8675,63224.8675
2024-05-07 13:00:00+00:00,55716.12777777778,55716.12777777778
2024-05-07 14:00:00+00:00,38604.155,38604.155
2024-05-07 15:00:00+00:00,60553.706666666665,60553.706666666665
2024-05-07 16:00:00+00:00,62217.48666666666,62217.48666666666
2024-05-07 17:00:00+00:00,59929.5525,59929.5525
2024-05-07 18:00:00+00:00,63805.93472222222,63805.93472222222
2024-05-07 19:00:00+00:00,57619.514444444445,57619.514444444445
2024-05-07 20:00:00+00:00,65156.063055555554,57619.514444444445
2024-05-07 21:00:00+00:00,48630.61611111112,48630.61611111112
2024-05-07 22:00:00+00:00,58715.64361111111,58715.64361111111
2024-05-07 23:00:00+00:00,66118.1025,66118.1025
2024-05-08 00:00:00+00:00,123472.19611111112,123472.19611111112
2024-05-08 01:00:00+00:00,33290.61194444444,33290.61194444444
2024-05-08 02:00:00+00:00,55473.0825,55473.0825
2024-05-08 03:00:00+00:00,54392.28916666667,54392.28916666667
2024-05-08 04:00:00+00:00,55455.024722222224,55455.024722222224
2024-05-08 05:00:00+00:00,68092.80416666667,68092.80416666667
2024-05-08 06:00:00+00:00,97755.55972222224,97755.55972222224
2024-05-08 07:00:00+00:00,61773.04777777778,61773.04777777778
2024-05-08 08:00:00+00:00,59692.23861111111,59692.23861111111
2024-05-08 09:00:00+00:00,40690.670277777775,40690.670277777775
2024-05-08 10:00:00+00:00,75102.03277777777,75102.03277777777
2024-05-08 11:00:00+00:00,65874.44527777778,65874.44527777778
2024-05-08 12:00:00+00:00,88843.49416666667,88843.49416666667
2024-05-08 13:00:00+00:00,66082.39861111112,66082.39861111112
2024-05-08 14:00:00+00:00,56190.47416666667,56190.47416666667
2024-05-08 15:00:00+00:00,72435.16611111112,56190.47416666667
2024-05-08 16:00:00+00:00,53461.418333333335,53461.418333333335
2024-05-08 17:00:00+00:00,102613.6836111111,102613.6836111111
2024-05-08 18:00:00+00:00,66712.1275,66712.1275
2024-05-08 19:00:00+00:00,64425.55833333333,64425.55833333333
2024-05-08 20:00:00+00:00,62578.38916666667,62578.38916666667
2024-05-08 21:00:00+00:00,63942.93833333333,63942.93833333333
2024-05-08 22:00:00+00:00,66494.7875,66494.7875
2024-05-08 23:00:00+00:00,67423.8913888889,67423.8913888889
2024-05-09 00:00:00+00:00,79970.39444444445,79970.39444444445
2024-05-09 01:00:00+00:00,35254.135,35254.135
2024-05-09 02:00:00+00:00,63833.195,63833.195
2024-05-09 03:00:00+00:00,58554.43666666667,58554.43666666667
2024-05-09 04:00:00+00:00,63584.46055555555,63584.46055555555
2024-05-09 05:00:00+00:00,56801.94416666667,56801.94416666667
2024-05-09 06:00:00+00:00,61252.18111111111,61252.18111111111
2024-05-09 07:00:00+00:00,126774.275,61252.18111111111
2024-05-09 08:00:00+00:00,44896.79472222222,44896.79472222222
2024-05-09 09:00:00+00:00,63159.21055555555,63159.21055555555
2024-05-09 10:00:00+00:00,60512.57444444444,60512.57444444444
2024-05-09 11:00:00+00:00,66777.04805555556,66777.04805555556
2024-05-09 12:00:00+00:00,55405.67388888889,55405.67388888889
2024-05-09 13:00:00+00:00,76712.38277777778,76712.38277777778
2024-05-09 14:00:00+00:00,58614.692777777775,76712.38277777778
2024-05-09 15:00:00+00:00,49389.79222222222,49389.79222222222
2024-05-09 16:00:00+00:00,82757.505,82757.505
2024-05-09 17:00:00+00:00,60939.67361111111,60939.67361111111
2024-05-09 18:00:00+00:00,62412.64,62412.64
2024-05-09 19:00:00+00:00,66803.11805555556,66803.11805555556
2024-05-09 20:00:00+00:00,63169.78805555555,63169.78805555555
2024-05-09 21:00:00+00:00,67705.75916666667,67705.75916666667
2024-05-09 22:00:00+00:00,65604.95305555555,65604.95305555555
2024-05-09 23:00:00+00:00,65457.20805555556,65457.20805555556
2024-05-10 00:00:00+00:00,68713.99972222222,68713.99972222222
2024-05-10 01:00:00+00:00,32165.755833333333,68713.99972222222
2024-05-10 02:00:00+00:00,62052.28611111111,68713.99972222222
2024-05-10 03:00:00+00:00,57381.51722222223,57381.51722222223
2024-05-10 04:00:00+00:00,96536.43444444444,96536.43444444444
2024-05-10 05:00:00+00:00,72843.80944444444,72843.80944444444
2024-05-10 06:00:00+00:00,79822.77527777778,79822.77527777778
2024-05-10 07:00:00+00:00,93006.21472222224,93006.21472222224
2024-05-10 08:00:00+00:00,71429.49555555555,71429.49555555555
2024-05-10 09:00:00+00:00,74455.1236111111,74455.1236111111
2024-05-10 10:00:00+00:00,97394.36777777778,97394.36777777778
2024-05-10 11:00:00+00:00,70170.35222222222,70170.35222222222
2024-05-10 12:00:00+00:00,58720.88888888889,58720.88888888889
2024-05-10 13:00:00+00:00,49064.67277777778,49064.67277777778
2024-05-10 14:00:00+00:00,59880.68166666666,59880.68166666666
2024-05-10 15:00:00+00:00,39768.11722222222,39768.11722222222
2024-05-10 16:00:00+00:00,28034.605555555558,39768.11722222222
2024-05-10 17:00:00+00:00,27323.820555555558,27323.820555555558
2024-05-10 18:00:00+00:00,21805.27694444445,21805.27694444445
2024-05-10 19:00:00+00:00,19742.083055555555,21805.27694444445
2024-05-10 20:00:00+00:00,30801.4025,21805.27694444445
2024-05-10 21:00:00+00:00,7962.535555555555,7962.535555555555
2024-05-10 22:00:00+00:00,6283.54,6283.54
2024-05-10 23:00:00+00:00,7547.044444444445,7547.044444444445
2024-05-11 00:00:00+00:00,8523.362777777778,8523.362777777778
2024-05-11 01:00:00+00:00,4227.043888888889,4227.043888888889
2024-05-11 02:00:00+00:00,13926.484444444444,13926.484444444444
2024-05-11 03:00:00+00:00,20226.042222222222,20226.042222222222
2024-05-11 04:00:00+00:00,19593.23611111111,19593.23611111111
2024-05-11 05:00:00+00:00,19385.74583333333,19385.74583333333
2024-05-11 06:00:00+00:00,21613.025,21613.025
2024-05-11 07:00:00+00:00,20802.832222222223,20802.832222222223
2024-05-11 08:00:00+00:00,18171.66611111111,18171.66611111111
2024-05-11 09:00:00+00:00,135440.57583333334,135440.57583333334
2024-05-11 10:00:00+00:00,28148.0575,28148.0575
2024-05-11 11:00:00+00:00,19721.11305555556,19721.11305555556
2024-05-11 12:00:00+00:00,32790.63222222222,32790.63222222222
2024-05-11 13:00:00+00:00,19477.94861111111,19477.94861111111
2024-05-11 14:00:00+00:00,38644.80694444444,19477.94861111111
2024-05-11 15:00:00+00:00,20538.456388888888,20538.456388888888
2024-05-11 16:00:00+00:00,29675.22583333333,20538.456388888888
2024-05-11 17:00:00+00:00,20052.849166666667,20052.849166666667
2024-05-11 18:00:00+00:00,36499.68083333333,20052.849166666667
2024-05-11 19:00:00+00:00,24515.316666666666,24515.316666666666
2024-05-11 20:00:00+00:00,18593.306111111116,18593.306111111116
2024-05-11 21:00:00+00:00,10687.0325,10687.0325
2024-05-11 22:00:00+00:00,24595.360555555555,24595.360555555555
2024-05-11 23:00:00+00:00,16326.592222222222,24595.360555555555
2024-05-12 00:00:00+00:00,24291.455833333333,24291.455833333333
2024-05-12 01:00:00+00:00,9177.989722222224,24291.455833333333
2024-05-12 02:00:00+00:00,16689.262777777778,16689.262777777778
2024-05-12 03:00:00+00:00,16705.3575,16689.262777777778
2024-05-12 04:00:00+00:00,26632.789444444443,26632.789444444443
2024-05-12 05:00:00+00:00,52151.0425,52151.0425
2024-05-12 06:00:00+00:00,21550.12111111111,21550.12111111111
2024-05-12 07:00:00+00:00,36228.45166666667,36228.45166666667
2024-05-12 08:00:00+00:00,23490.040277777774,23490.040277777774
2024-05-12 09:00:00+00:00,40525.62055555556,40525.62055555556
2024-05-12 10:00:00+00:00,29470.36611111111,29470.36611111111
2024-05-12 11:00:00+00:00,21285.0925,21285.0925
2024-05-12 12:00:00+00:00,19412.26388888889,19412.26388888889
2024-05-12 13:00:00+00:00,14134.065555555557,14134.065555555557
2024-05-12 14:00:00+00:00,26806.35722222222,26806.35722222222
2024-05-12 15:00:00+00:00,61815.92972222222,61815.92972222222
2024-05-12 16:00:00+00:00,57096.62416666667,57096.62416666667
2024-05-12 17:00:00+00:00,23968.53,23968.53
2024-05-12 18:00:00+00:00,23957.533888888887,23957.533888888887
2024-05-12 19:00:00+00:00,22419.25972222222,22419.25972222222
2024-05-12 20:00:00+00:00,46007.834444444445,46007.834444444445
2024-05-12 21:00:00+00:00,18594.97055555556,18594.97055555556
2024-05-12 22:00:00+00:00,16454.391111111112,18594.97055555556
2024-05-12 23:00:00+00:00,35545.52916666667,18594.97055555556
2024-05-13 00:00:00+00:00,18765.65111111111,18765.65111111111
2024-05-13 01:00:00+00:00,13657.312222222225,18765.65111111111
2024-05-13 02:00:00+00:00,35726.15416666667,18765.65111111111
2024-05-13 03:00:00+00:00,31872.987777777777,31872.987777777777
2024-05-13 04:00:00+00:00,27175.93305555556,27175.93305555556
2024-05-13 05:00:00+00:00,40204.90472222222,40204.90472222222
2024-05-13 06:00:00+00:00,31356.445,31356.445
2024-05-13 07:00:00+00:00,28087.95694444445,28087.95694444445
2024-05-13 08:00:00+00:00,54772.72305555556,54772.72305555556
2024-05-13 09:00:00+00:00,26391.19083333333,26391.19083333333
2024-05-13 10:00:00+00:00,28175.27083333333,26391.19083333333
2024-05-13 11:00:00+00:00,33732.849444444444,33732.849444444444
2024-05-13 12:00:00+00:00,36575.93305555556,36575.93305555556
2024-05-13 13:00:00+00:00,20157.954166666663,20157.954166666663
2024-05-13 14:00:00+00:00,26024.922777777778,26024.922777777778
2024-05-13 15:00:00+00:00,17436.99472222222,26024.922777777778
2024-05-13 16:00:00+00:00,49256.313888888886,49256.313888888886
2024-05-13 17:00:00+00:00,37231.68611111112,37231.68611111112
2024-05-13 18:00:00+00:00,27706.46,27706.46
2024-05-13 19:00:00+00:00,50315.45527777778,50315.45527777778
2024-05-13 20:00:00+00:00,15059.192777777778,50315.45527777778
2024-05-13 21:00:00+00:00,10273.593055555555,10273.593055555555
2024-05-13 22:00:00+00:00,18585.71722222222,18585.71722222222
2024-05-13 23:00:00+00:00,19076.387222222223,19076.387222222223
2024-05-14 00:00:00+00:00,17440.003055555557,17440.003055555557
2024-05-14 01:00:00+00:00,13510.163611111111,13510.163611111111
2024-05-14 02:00:00+00:00,53911.211388888885,53911.211388888885
2024-05-14 03:00:00+00:00,28502.71722222222,28502.71722222222
2024-05-14 04:00:00+00:00,26428.66972222222,26428.66972222222
2024-05-14 05:00:00+00:00,48326.91194444445,48326.91194444445
2024-05-14 06:00:00+00:00,42760.41361111112,42760.41361111112
2024-05-14 07:00:00+00:00,63851.655,63851.655
2024-05-14 08:00:00+00:00,30872.676944444444,30872.676944444444
2024-05-14 09:00:00+00:00,52083.941666666666,52083.941666666666
2024-05-14 10:00:00+00:00,34226.65583333333,34226.65583333333
2024-05-14 11:00:00+00:00,22226.789444444443,22226.789444444443
2024-05-14 12:00:00+00:00,27288.36111111111,27288.36111111111
2024-05-14 13:00:00+00:00,35227.392222222225,35227.392222222225
2024-05-14 14:00:00+00:00,45638.641388888886,45638.641388888886
2024-05-14 15:00:00+00:00,32149.237777777777,32149.237777777777
2024-05-14 16:00:00+00:00,30430.78361111111,30430.78361111111
2024-05-14 17:00:00+00:00,31918.50611111111,31918.50611111111
2024-05-14 18:00:00+00:00,29024.085277777776,29024.085277777776
2024-05-14 19:00:00+00:00,20194.948888888888,20194.948888888888
2024-05-14 20:00:00+00:00,19045.405,20194.948888888888
2024-05-14 21:00:00+00:00,22535.764722222222,22535.764722222222
2024-05-14 22:00:00+00:00,18295.004166666666,18295.004166666666
2024-05-14 23:00:00+00:00,26309.959166666667,26309.959166666667
2024-05-15 00:00:00+00:00,81990.67472222222,81990.67472222222
2024-05-15 01:00:00+00:00,53485.79194444444,53485.79194444444
2024-05-15 02:00:00+00:00,30109.201666666668,30109.201666666668
2024-05-15 03:00:00+00:00,36671.82166666666,36671.82166666666
2024-05-15 04:00:00+00:00,20221.346944444445,20221.346944444445
2024-05-15 05:00:00+00:00,20956.7075,20956.7075
2024-05-15 06:00:00+00:00,27294.674444444445,27294.674444444445
2024-05-15 07:00:00+00:00,15941.342222222222,15941.342222222222
2024-05-15 08:00:00+00:00,24207.37805555556,24207.37805555556
2024-05-15 09:00:00+00:00,15103.17888888889,15103.17888888889
2024-05-15 10:00:00+00:00,14243.860277777778,15103.17888888889
2024-05-15 11:00:00+00:00,15746.815555555557,15746.815555555557
2024-05-15 12:00:00+00:00,27535.772777777776,27535.772777777776
2024-05-15 13:00:00+00:00,16629.687222222223,16629.687222222223
2024-05-15 14:00:00+00:00,17238.77666666667,17238.77666666667
2024-05-15 15:00:00+00:00,30816.93833333333,30816.93833333333
2024-05-15 16:00:00+00:00,9797.05361111111,9797.05361111111
2024-05-15 17:00:00+00:00,8811.187777777777,8811.187777777777
2024-05-15 18:00:00+00:00,13192.300833333333,13192.300833333333
2024-05-15 19:00:00+00:00,18671.080833333333,18671.080833333333
2024-05-15 20:00:00+00:00,24001.35861111111,24001.35861111111
2024-05-15 21:00:00+00:00,18010.561944444446,18010.561944444446
2024-05-15 22:00:00+00:00,16428.28277777778,16428.28277777778
2024-05-15 23:00:00+00:00,16993.234166666665,16993.234166666665
2024-05-16 00:00:00+00:00,17190.2525,17190.2525
2024-05-16 01:00:00+00:00,9147.335833333333,9147.335833333333
2024-05-16 02:00:00+00:00,25874.96722222222,25874.96722222222
2024-05-16 03:00:00+00:00,100187.1975,100187.1975
2024-05-16 04:00:00+00:00,44759.49111111112,44759.49111111112
2024-05-16 05:00:00+00:00,44922.4775,44922.4775
2024-05-16 06:00:00+00:00,32219.830833333333,32219.830833333333
2024-05-16 07:00:00+00:00,24794.65472222222,24794.65472222222
2024-05-16 08:00:00+00:00,348334.39416666667,348334.39416666667
2024-05-16 09:00:00+00:00,23915.96888888889,23915.96888888889
2024-05-16 10:00:00+00:00,59834.15583333333,59834.15583333333
2024-05-16 11:00:00+00:00,34834.8775,34834.8775
2024-05-16 12:00:00+00:00,22891.835,22891.835
2024-05-16 13:00:00+00:00,36855.26972222222,36855.26972222222
2024-05-16 14:00:00+00:00,17093.031944444443,17093.031944444443
2024-05-16 15:00:00+00:00,23290.95472222222,23290.95472222222
2024-05-16 16:00:00+00:00,36669.39611111111,36669.39611111111
2024-05-16 17:00:00+00:00,29968.711944444443,29968.711944444443
2024-05-16 18:00:00+00:00,27106.931111111116,27106.931111111116
2024-05-16 19:00:00+00:00,28031.89972222222,28031.89972222222
2024-05-16 20:00:00+00:00,9809.04277777778,28031.89972222222
2024-05-16 21:00:00+00:00,11043.436666666666,11043.436666666666
2024-05-16 22:00:00+00:00,22644.73138888889,22644.73138888889
2024-05-16 23:00:00+00:00,14026.9375,14026.9375
2024-05-17 00:00:00+00:00,68937.93194444444,68937.93194444444
2024-05-17 01:00:00+00:00,20962.374722222223,68937.93194444444
2024-05-17 02:00:00+00:00,9444.892777777775,9444.892777777775
2024-05-17 03:00:00+00:00,48063.34805555556,48063.34805555556
2024-05-17 04:00:00+00:00,20402.910277777777,20402.910277777777
2024-05-17 05:00:00+00:00,32646.7175,32646.7175
2024-05-17 06:00:00+00:00,50276.49111111112,50276.49111111112
2024-05-17 07:00:00+00:00,18273.217777777776,18273.217777777776
2024-05-17 08:00:00+00:00,23512.6075,23512.6075
2024-05-17 09:00:00+00:00,17447.0125,17447.0125
2024-05-17 10:00:00+00:00,20910.00277777778,20910.00277777778
2024-05-17 11:00:00+00:00,30281.011944444443,30281.011944444443
2024-05-17 12:00:00+00:00,22996.12361111111,22996.12361111111
2024-05-17 13:00:00+00:00,19277.23083333333,22996.12361111111
2024-05-17 14:00:00+00:00,28676.615833333333,28676.615833333333
2024-05-17 15:00:00+00:00,12522.800555555556,12522.800555555556
2024-05-17 16:00:00+00:00,18694.079444444444,18694.079444444444
2024-05-17 17:00:00+00:00,19116.215277777777,18694.079444444444
2024-05-17 18:00:00+00:00,10908.976388888888,10908.976388888888
2024-05-17 19:00:00+00:00,8558.09111111111,8558.09111111111
2024-05-17 20:00:00+00:00,6301.38,8558.09111111111
2024-05-17 21:00:00+00:00,5973.4075,5973.4075
2024-05-17 22:00:00+00:00,5917.4375,5917.4375
2024-05-17 23:00:00+00:00,5396.761944444444,5396.761944444444
2024-05-18 00:00:00+00:00,5231.280555555555,5231.280555555555
2024-05-18 01:00:00+00:00,5065.833333333333,5065.833333333333
2024-05-18 02:00:00+00:00,3400.0344444444445,3400.0344444444445
2024-05-18 03:00:00+00:00,8819.971944444444,8819.971944444444
2024-05-18 04:00:00+00:00,12351.475833333334,12351.475833333334
2024-05-18 05:00:00+00:00,6767.956944444444,6767.956944444444
2024-05-18 06:00:00+00:00,6280.098611111112,6280.098611111112
2024-05-18 07:00:00+00:00,15137.414444444445,15137.414444444445
2024-05-18 08:00:00+00:00,33238.94416666667,33238.94416666667
2024-05-18 09:00:00+00:00,26516.05055555556,26516.05055555556
2024-05-18 10:00:00+00:00,31643.904166666667,31643.904166666667
2024-05-18 11:00:00+00:00,6924.974166666667,6924.974166666667
2024-05-18 12:00:00+00:00,10755.939166666669,10755.939166666669
2024-05-18 13:00:00+00:00,9392.430833333334,9392.430833333334
2024-05-18 14:00:00+00:00,6766.4225,9392.430833333334
2024-05-18 15:00:00+00:00,8256.028055555556,8256.028055555556
2024-05-18 16:00:00+00:00,9645.541666666666,9645.541666666666
2024-05-18 17:00:00+00:00,6948.485555555556,6948.485555555556
2024-05-18 18:00:00+00:00,5735.440555555556,6948.485555555556
2024-05-18 19:00:00+00:00,4753.4725,4753.4725
2024-05-18 20:00:00+00:00,2269.154722222222,2269.154722222222
2024-05-18 21:00:00+00:00,2453.545833333333,2453.545833333333
2024-05-18 22:00:00+00:00,3033.0666666666666,3033.0666666666666
2024-05-18 23:00:00+00:00,1413.128611111111,1413.128611111111
2024-05-19 00:00:00+00:00,70037.26861111111,70037.26861111111
2024-05-19 01:00:00+00:00,5256.265555555556,5256.265555555556
2024-05-19 02:00:00+00:00,3019.685,3019.685
2024-05-19 03:00:00+00:00,22559.937222222223,22559.937222222223
2024-05-19 04:00:00+00:00,18176.696111111112,18176.696111111112
2024-05-19 05:00:00+00:00,15158.435555555556,15158.435555555556
2024-05-19 06:00:00+00:00,19565.243055555555,19565.243055555555
2024-05-19 07:00:00+00:00,8940.49861111111,8940.49861111111
2024-05-19 08:00:00+00:00,13442.156666666666,13442.156666666666
2024-05-19 09:00:00+00:00,11239.419444444444,11239.419444444444
2024-05-19 10:00:00+00:00,43484.016388888886,11239.419444444444
2024-05-19 11:00:00+00:00,23480.146944444445,23480.146944444445
2024-05-19 12:00:00+00:00,19758.2475,19758.2475
2024-05-19 13:00:00+00:00,12255.847777777775,12255.847777777775
2024-05-19 14:00:00+00:00,11725.822222222225,11725.822222222225
2024-05-19 15:00:00+00:00,13149.826111111111,13149.826111111111
2024-05-19 16:00:00+00:00,19431.62277777778,19431.62277777778
2024-05-19 17:00:00+00:00,20877.34888888889,20877.34888888889
2024-05-19 18:00:00+00:00,12065.576111111111,12065.576111111111
2024-05-19 19:00:00+00:00,13464.963055555556,13464.963055555556
2024-05-19 20:00:00+00:00,47046.37222222222,47046.37222222222
2024-05-19 21:00:00+00:00,6823.281666666667,47046.37222222222
2024-05-19 22:00:00+00:00,1516.888888888889,1516.888888888889
2024-05-19 23:00:00+00:00,5872.735555555556,5872.735555555556
2024-05-20 00:00:00+00:00,19339.14638888889,19339.14638888889
2024-05-20 01:00:00+00:00,15048.239722222224,15048.239722222224
2024-05-20 02:00:00+00:00,36894.13416666666,36894.13416666666
2024-05-20 03:00:00+00:00,18688.84083333333,18688.84083333333
2024-05-20 04:00:00+00:00,55222.64472222222,55222.64472222222
2024-05-20 05:00:00+00:00,15655.319166666666,15655.319166666666
2024-05-20 06:00:00+00:00,13729.475833333334,13729.475833333334
2024-05-20 07:00:00+00:00,19376.18305555556,19376.18305555556
2024-05-20 08:00:00+00:00,18377.492222222223,18377.492222222223
2024-05-20 09:00:00+00:00,16232.520833333334,16232.520833333334
2024-05-20 10:00:00+00:00,23179.58111111111,23179.58111111111
2024-05-20 11:00:00+00:00,10538.253611111111,23179.58111111111
2024-05-20 12:00:00+00:00,12162.875,12162.875
2024-05-20 13:00:00+00:00,9225.409166666666,9225.409166666666
2024-05-20 14:00:00+00:00,21799.7325,21799.7325
2024-05-20 15:00:00+00:00,8493.02861111111,8493.02861111111
2024-05-20 16:00:00+00:00,21380.96444444445,21380.96444444445
2024-05-20 17:00:00+00:00,8953.332777777778,8953.332777777778
2024-05-20 18:00:00+00:00,11071.861666666666,11071.861666666666
2024-05-20 19:00:00+00:00,18007.754166666666,18007.754166666666
2024-05-20 20:00:00+00:00,15067.92861111111,15067.92861111111
2024-05-20 21:00:00+00:00,17353.906666666666,17353.906666666666
2024-05-20 22:00:00+00:00,17296.78361111111,17296.78361111111
2024-05-20 23:00:00+00:00,17210.77,17210.77
2024-05-21 00:00:00+00:00,30063.849444444444,17210.77
2024-05-21 01:00:00+00:00,9976.453055555556,9976.453055555556
2024-05-21 02:00:00+00:00,29483.27833333333,29483.27833333333
2024-05-21 03:00:00+00:00,30606.770277777778,30606.770277777778
2024-05-21 04:00:00+00:00,23434.45527777778,23434.45527777778
2024-05-21 05:00:00+00:00,50018.25944444445,50018.25944444445
2024-05-21 06:00:00+00:00,97970.70777777776,97970.70777777776
2024-05-21 07:00:00+00:00,26152.989444444444,26152.989444444444
2024-05-21 08:00:00+00:00,38359.40111111111,38359.40111111111
2024-05-21 09:00:00+00:00,26177.321944444444,26177.321944444444
2024-05-21 10:00:00+00:00,27055.684166666662,27055.684166666662
2024-05-21 11:00:00+00:00,37085.07722222222,37085.07722222222
2024-05-21 12:00:00+00:00,10388.285833333332,10388.285833333332
2024-05-21 13:00:00+00:00,10315.205833333332,10315.205833333332
2024-05-21 14:00:00+00:00,8309.993888888888,8309.993888888888
2024-05-21 15:00:00+00:00,8684.659722222223,8684.659722222223
2024-05-21 16:00:00+00:00,12510.478611111112,12510.478611111112
2024-05-21 17:00:00+00:00,8341.017777777777,12510.478611111112
2024-05-21 18:00:00+00:00,8950.08138888889,8950.08138888889
2024-05-21 19:00:00+00:00,9216.16222222222,9216.16222222222
2024-05-21 20:00:00+00:00,9753.66111111111,9753.66111111111
2024-05-21 21:00:00+00:00,9149.259166666669,9149.259166666669
2024-05-21 22:00:00+00:00,10492.322777777776,10492.322777777776
2024-05-21 23:00:00+00:00,9482.59888888889,9482.59888888889
2024-05-22 00:00:00+00:00,9218.629722222222,9482.59888888889
2024-05-22 01:00:00+00:00,5926.070555555556,5926.070555555556
2024-05-22 02:00:00+00:00,13646.49861111111,13646.49861111111
2024-05-22 03:00:00+00:00,11463.506111111112,11463.506111111112
2024-05-22 04:00:00+00:00,42549.7425,42549.7425
2024-05-22 05:00:00+00:00,15458.091666666667,15458.091666666667
2024-05-22 06:00:00+00:00,10254.701111111111,10254.701111111111
2024-05-22 07:00:00+00:00,14685.647777777778,14685.647777777778
2024-05-22 08:00:00+00:00,24560.098611111112,24560.098611111112
2024-05-22 09:00:00+00:00,42274.48027777778,42274.48027777778
2024-05-22 10:00:00+00:00,9818.958611111111,9818.958611111111
2024-05-22 11:00:00+00:00,15369.625277777775,15369.625277777775
2024-05-22 12:00:00+00:00,7248.521666666666,15369.625277777775
2024-05-22 13:00:00+00:00,6994.050555555556,6994.050555555556
2024-05-22 14:00:00+00:00,8293.289722222222,8293.289722222222
2024-05-22 15:00:00+00:00,7370.5875,7370.5875
2024-05-22 16:00:00+00:00,4186.183611111112,4186.183611111112
2024-05-22 17:00:00+00:00,535.8930555555555,535.8930555555555
2024-05-22 18:00:00+00:00,2136.5675,2136.5675
2024-05-22 19:00:00+00:00,356.18111111111114,356.18111111111114
2024-05-22 20:00:00+00:00,905.1969444444444,905.1969444444444
2024-05-22 21:00:00+00:00,1192.1833333333334,1192.1833333333334
2024-05-22 22:00:00+00:00,469.1933333333333,469.1933333333333
2024-05-22 23:00:00+00:00,506.9086111111111,506.9086111111111
2024-05-23 00:00:00+00:00,2871.518333333333,2871.518333333333
2024-05-23 01:00:00+00:00,2311.1819444444445,2311.1819444444445
2024-05-23 02:00:00+00:00,3736.014166666667,3736.014166666667
2024-05-23 03:00:00+00:00,11565.664166666667,3736.014166666667
2024-05-23 04:00:00+00:00,3251.755277777778,3251.755277777778
2024-05-23 05:00:00+00:00,19527.992222222223,19527.992222222223
2024-05-23 06:00:00+00:00,6235.590833333334,6235.590833333334
2024-05-23 07:00:00+00:00,1220.7872222222222,1220.7872222222222
2024-05-23 08:00:00+00:00,4691.761666666666,4691.761666666666
2024-05-23 09:00:00+00:00,6303.4625,6303.4625
2024-05-23 10:00:00+00:00,4080.1883333333335,4080.1883333333335
2024-05-23 11:00:00+00:00,10162.804444444444,10162.804444444444
2024-05-23 12:00:00+00:00,3600.494722222222,10162.804444444444
2024-05-23 13:00:00+00:00,1882.3025,1882.3025
2024-05-23 14:00:00+00:00,2711.0769444444445,2711.0769444444445
2024-05-23 15:00:00+00:00,3854.8155555555554,3854.8155555555554
2024-05-23 16:00:00+00:00,3619.3927777777776,3619.3927777777776
2024-05-23 17:00:00+00:00,3667.2916666666665,3619.3927777777776
2024-05-23 18:00:00+00:00,3334.3127777777777,3334.3127777777777
2024-05-23 19:00:00+00:00,4007.889444444445,4007.889444444445
2024-05-23 20:00:00+00:00,56638.63277777778,56638.63277777778
2024-05-23 21:00:00+00:00,4825.120277777778,4825.120277777778
2024-05-23 22:00:00+00:00,10064.460277777778,4825.120277777778
2024-05-23 23:00:00+00:00,9602.169444444444,9602.169444444444
2024-05-24 00:00:00+00:00,12007.074166666667,9602.169444444444
2024-05-24 01:00:00+00:00,5623.271388888889,5623.271388888889
2024-05-24 02:00:00+00:00,36278.29277777778,36278.29277777778
2024-05-24 03:00:00+00:00,35785.61138888889,35785.61138888889
2024-05-24 04:00:00+00:00,52666.34944444445,52666.34944444445
2024-05-24 05:00:00+00:00,12038.969444444445,12038.969444444445
2024-05-24 06:00:00+00:00,7309.6975,7309.6975
2024-05-24 07:00:00+00:00,10261.439166666669,10261.439166666669
2024-05-24 08:00:00+00:00,17030.161944444444,17030.161944444444
2024-05-24 09:00:00+00:00,11908.295277777775,17030.161944444444
2024-05-24 10:00:00+00:00,14901.948611111113,17030.161944444444
2024-05-24 11:00:00+00:00,15835.905833333334,15835.905833333334
2024-05-24 12:00:00+00:00,7692.100833333333,7692.100833333333
2024-05-24 13:00:00+00:00,4363.8133333333335,4363.8133333333335
2024-05-24 14:00:00+00:00,7138.531666666667,7138.531666666667
2024-05-24 15:00:00+00:00,8711.255833333333,8711.255833333333
2024-05-24 16:00:00+00:00,7957.779444444444,7957.779444444444
2024-05-24 17:00:00+00:00,7810.025833333333,7810.025833333333
2024-05-24 18:00:00+00:00,8156.533611111111,8156.533611111111
2024-05-24 19:00:00+00:00,7639.175833333334,7639.175833333334
2024-05-24 20:00:00+00:00,7389.104722222222,7389.104722222222
2024-05-24 21:00:00+00:00,7290.918055555556,7290.918055555556
2024-05-24 22:00:00+00:00,7318.392777777778,7318.392777777778
2024-05-24 23:00:00+00:00,5447.403333333334,5447.403333333334
2024-05-25 00:00:00+00:00,7155.693611111111,7155.693611111111
2024-05-25 01:00:00+00:00,4088.155277777778,4088.155277777778
2024-05-25 02:00:00+00:00,7277.731388888889,7277.731388888889
2024-05-25 03:00:00+00:00,7362.0922222222225,7277.731388888889
2024-05-25 04:00:00+00:00,3289.2555555555555,3289.2555555555555
2024-05-25 05:00:00+00:00,3720.942777777778,3720.942777777778
2024-05-25 06:00:00+00:00,8158.946388888889,8158.946388888889
2024-05-25 07:00:00+00:00,7411.893055555555,7411.893055555555
2024-05-25 08:00:00+00:00,7406.899722222222,7406.899722222222
2024-05-25 09:00:00+00:00,7691.685,7691.685
2024-05-25 10:00:00+00:00,8125.325555555555,8125.325555555555
2024-05-25 11:00:00+00:00,3963.545555555555,3963.545555555555
2024-05-25 12:00:00+00:00,6651.4575,6651.4575
2024-05-25 13:00:00+00:00,4444.454444444445,4444.454444444445
2024-05-25 14:00:00+00:00,6153.615555555555,6153.615555555555
2024-05-25 15:00:00+00:00,5598.244722222223,5598.244722222223
2024-05-25 16:00:00+00:00,14250.192777777778,14250.192777777778
2024-05-25 17:00:00+00:00,6856.661388888889,6856.661388888889
2024-05-25 18:00:00+00:00,7512.8405555555555,7512.8405555555555
2024-05-25 19:00:00+00:00,7655.205833333333,7655.205833333333
2024-05-25 20:00:00+00:00,7814.053333333333,7814.053333333333
2024-05-25 21:00:00+00:00,7659.353333333333,7659.353333333333
2024-05-25 22:00:00+00:00,7552.890277777778,7552.890277777778
2024-05-25 23:00:00+00:00,7273.6725,7273.6725
2024-05-26 00:00:00+00:00,8411.349444444444,8411.349444444444
2024-05-26 01:00:00+00:00,4053.268888888889,4053.268888888889
2024-05-26 02:00:00+00:00,7690.751944444444,7690.751944444444
2024-05-26 03:00:00+00:00,6834.848055555555,6834.848055555555
2024-05-26 04:00:00+00:00,6776.283055555556,6776.283055555556
2024-05-26 05:00:00+00:00,7277.599722222222,7277.599722222222
2024-05-26 06:00:00+00:00,6663.803055555555,6663.803055555555
2024-05-26 07:00:00+00:00,6528.783888888889,6528.783888888889
2024-05-26 08:00:00+00:00,6994.976944444445,6994.976944444445
2024-05-26 09:00:00+00:00,8228.248333333333,8228.248333333333
2024-05-26 10:00:00+00:00,7698.084166666666,7698.084166666666
2024-05-26 11:00:00+00:00,8253.522222222222,8253.522222222222
2024-05-26 12:00:00+00:00,8178.589166666667,8178.589166666667
2024-05-26 13:00:00+00:00,9248.379444444445,9248.379444444445
2024-05-26 14:00:00+00:00,7373.1305555555555,7373.1305555555555
2024-05-26 15:00:00+00:00,9633.018333333332,9633.018333333332
2024-05-26 16:00:00+00:00,9198.580277777775,9198.580277777775
2024-05-26 17:00:00+00:00,9609.395,9609.395
2024-05-26 18:00:00+00:00,10101.25138888889,10101.25138888889
2024-05-26 19:00:00+00:00,15225.433888888889,15225.433888888889
2024-05-26 20:00:00+00:00,80353.32861111111,15225.433888888889
2024-05-26 21:00:00+00:00,13602.28,13602.28
2024-05-26 22:00:00+00:00,8968.605833333333,8968.605833333333
2024-05-26 23:00:00+00:00,8821.980555555556,8821.980555555556
2024-05-27 00:00:00+00:00,9399.818055555555,9399.818055555555
2024-05-27 01:00:00+00:00,6172.805833333333,6172.805833333333
2024-05-27 02:00:00+00:00,11185.696666666669,11185.696666666669
2024-05-27 03:00:00+00:00,13222.698333333334,13222.698333333334
2024-05-27 04:00:00+00:00,34111.398888888885,34111.398888888885
2024-05-27 05:00:00+00:00,11074.248055555556,11074.248055555556
2024-05-27 06:00:00+00:00,7783.958333333333,7783.958333333333
2024-05-27 07:00:00+00:00,8406.788888888888,8406.788888888888
2024-05-27 08:00:00+00:00,9945.461111111112,8406.788888888888
2024-05-27 09:00:00+00:00,12210.106666666668,12210.106666666668
2024-05-27 10:00:00+00:00,8175.136388888889,8175.136388888889
2024-05-27 11:00:00+00:00,8394.073333333334,8394.073333333334
2024-05-27 12:00:00+00:00,7859.593333333333,7859.593333333333
2024-05-27 13:00:00+00:00,5968.4591666666665,5968.4591666666665
2024-05-27 14:00:00+00:00,6231.650833333333,6231.650833333333
2024-05-27 15:00:00+00:00,8157.845833333334,8157.845833333334
2024-05-27 16:00:00+00:00,7431.321111111111,7431.321111111111
2024-05-27 17:00:00+00:00,8455.219444444445,8455.219444444445
2024-05-27 18:00:00+00:00,8089.485277777778,8089.485277777778
2024-05-27 19:00:00+00:00,66047.8788888889,66047.8788888889
2024-05-27 20:00:00+00:00,36985.91888888889,36985.91888888889
2024-05-27 21:00:00+00:00,8495.635,8495.635
2024-05-27 22:00:00+00:00,6236.277777777777,6236.277777777777
2024-05-27 23:00:00+00:00,10142.681111111113,10142.681111111113
2024-05-28 00:00:00+00:00,10516.850555555557,10516.850555555557
2024-05-28 01:00:00+00:00,21167.20555555556,21167.20555555556
2024-05-28 02:00:00+00:00,10197.072777777776,10197.072777777776
2024-05-28 03:00:00+00:00,7603.544444444445,7603.544444444445
2024-05-28 04:00:00+00:00,10548.460555555555,7603.544444444445
2024-05-28 05:00:00+00:00,26475.6075,26475.6075
2024-05-28 06:00:00+00:00,7312.259722222222,7312.259722222222
2024-05-28 07:00:00+00:00,29951.83333333333,29951.83333333333
2024-05-28 08:00:00+00:00,11035.3675,11035.3675
2024-05-28 09:00:00+00:00,10487.720833333333,10487.720833333333
2024-05-28 10:00:00+00:00,11757.04388888889,11757.04388888889
2024-05-28 11:00:00+00:00,9458.023333333333,9458.023333333333
2024-05-28 12:00:00+00:00,8379.773611111112,8379.773611111112
2024-05-28 13:00:00+00:00,5105.037777777778,5105.037777777778
2024-05-28 14:00:00+00:00,9557.559722222222,9557.559722222222
2024-05-28 15:00:00+00:00,9360.216666666667,9360.216666666667
2024-05-28 16:00:00+00:00,4661.4991666666665,4661.4991666666665
2024-05-28 17:00:00+00:00,5484.775833333333,5484.775833333333
2024-05-28 18:00:00+00:00,3753.6883333333335,3753.6883333333335
2024-05-28 19:00:00+00:00,7053.4825,7053.4825
2024-05-28 20:00:00+00:00,6563.087777777778,6563.087777777778
2024-05-28 21:00:00+00:00,3649.198611111111,3649.198611111111
2024-05-28 22:00:00+00:00,11220.0575,11220.0575
2024-05-28 23:00:00+00:00,3636.941944444444,3636.941944444444
2024-05-29 00:00:00+00:00,7392.562777777778,7392.562777777778
2024-05-29 01:00:00+00:00,3822.443333333333,3822.443333333333
2024-05-29 02:00:00+00:00,7049.564722222222,3822.443333333333
2024-05-29 03:00:00+00:00,3600.8522222222223,3600.8522222222223
2024-05-29 04:00:00+00:00,9110.861388888889,9110.861388888889
2024-05-29 05:00:00+00:00,96555.25444444444,96555.25444444444
2024-05-29 06:00:00+00:00,21120.033333333333,21120.033333333333
2024-05-29 07:00:00+00:00,64399.13861111111,64399.13861111111
2024-05-29 08:00:00+00:00,6373.424444444445,6373.424444444445
2024-05-29 09:00:00+00:00,17402.577777777777,17402.577777777777
2024-05-29 10:00:00+00:00,14905.579722222225,17402.577777777777
2024-05-29 11:00:00+00:00,44704.990277777775,44704.990277777775
2024-05-29 12:00:00+00:00,9355.721666666666,9355.721666666666
2024-05-29 13:00:00+00:00,8184.138333333333,8184.138333333333
2024-05-29 14:00:00+00:00,11547.11638888889,11547.11638888889
2024-05-29 15:00:00+00:00,8853.573611111111,11547.11638888889
2024-05-29 16:00:00+00:00,9911.9775,9911.9775
2024-05-29 17:00:00+00:00,8391.068333333333,8391.068333333333
2024-05-29 18:00:00+00:00,7943.626944444444,7943.626944444444
2024-05-29 19:00:00+00:00,7571.120277777778,7943.626944444444
2024-05-29 20:00:00+00:00,8230.209444444445,8230.209444444445
2024-05-29 21:00:00+00:00,8111.713611111111,8111.713611111111
2024-05-29 22:00:00+00:00,9217.00138888889,9217.00138888889
2024-05-29 23:00:00+00:00,8124.4077777777775,8124.4077777777775
2024-05-30 00:00:00+00:00,7186.572777777777,7186.572777777777
2024-05-30 01:00:00+00:00,5298.1725,5298.1725
2024-05-30 02:00:00+00:00,18520.102222222224,18520.102222222224
2024-05-30 03:00:00+00:00,13609.554444444444,13609.554444444444
2024-05-30 04:00:00+00:00,14899.56,13609.554444444444
2024-05-30 05:00:00+00:00,23732.71583333333,23732.71583333333
2024-05-30 06:00:00+00:00,10285.952777777778,10285.952777777778
2024-05-30 07:00:00+00:00,9826.253055555557,9826.253055555557
2024-05-30 08:00:00+00:00,23189.31611111111,23189.31611111111
2024-05-30 09:00:00+00:00,19822.4925,23189.31611111111
2024-05-30 10:00:00+00:00,99692.17944444444,99692.17944444444
2024-05-30 11:00:00+00:00,11281.0575,11281.0575
2024-05-30 12:00:00+00:00,8161.314444444444,8161.314444444444
2024-05-30 13:00:00+00:00,7734.6825,8161.314444444444
2024-05-30 14:00:00+00:00,8488.676111111112,8488.676111111112
2024-05-30 15:00:00+00:00,8174.0775,8174.0775
2024-05-30 16:00:00+00:00,8175.958055555556,8175.958055555556
2024-05-30 17:00:00+00:00,7785.229444444444,7785.229444444444
2024-05-30 18:00:00+00:00,7610.885,7785.229444444444
2024-05-30 19:00:00+00:00,8176.705833333333,8176.705833333333
2024-05-30 20:00:00+00:00,7455.52,7455.52
2024-05-30 21:00:00+00:00,8113.270277777778,8113.270277777778
2024-05-30 22:00:00+00:00,7631.385555555556,7631.385555555556
2024-05-30 23:00:00+00:00,7172.833611111111,7631.385555555556
2024-05-31 00:00:00+00:00,7254.551111111111,7254.551111111111
2024-05-31 01:00:00+00:00,4202.337222222222,4202.337222222222
2024-05-31 02:00:00+00:00,11354.628055555557,11354.628055555557
2024-05-31 03:00:00+00:00,13303.998055555556,13303.998055555556
2024-05-31 04:00:00+00:00,16577.115555555556,16577.115555555556
2024-05-31 05:00:00+00:00,9470.176111111112,9470.176111111112
2024-05-31 06:00:00+00:00,10632.141111111112,10632.141111111112
2024-05-31 07:00:00+00:00,93782.54555555557,93782.54555555557
2024-05-31 08:00:00+00:00,13055.978888888889,93782.54555555557
2024-05-31 09:00:00+00:00,10197.070277777775,10197.070277777775
2024-05-31 10:00:00+00:00,29937.69722222222,29937.69722222222
2024-05-31 11:00:00+00:00,64695.69222222222,64695.69222222222
2024-05-31 12:00:00+00:00,4719.960277777778,4719.960277777778
2024-05-31 13:00:00+00:00,8163.086388888889,8163.086388888889
2024-05-31 14:00:00+00:00,8356.096666666666,8356.096666666666
2024-05-31 15:00:00+00:00,8571.4,8571.4
2024-05-31 16:00:00+00:00,9006.797222222222,9006.797222222222
2024-05-31 17:00:00+00:00,9415.828055555556,9415.828055555556
2024-05-31 18:00:00+00:00,9579.058055555555,9579.058055555555
2024-05-31 19:00:00+00:00,9060.431111111113,9060.431111111113
2024-05-31 20:00:00+00:00,8877.301666666666,8877.301666666666
2024-05-31 21:00:00+00:00,5084.6802777777775,5084.6802777777775
2024-05-31 22:00:00+00:00,4597.082777777778,5084.6802777777775
2024-05-31 23:00:00+00:00,3557.891111111111,3557.891111111111
2024-06-01 00:00:00+00:00,3538.3347222222224,3538.3347222222224
2024-06-01 01:00:00+00:00,2457.7747222222224,2457.7747222222224
2024-06-01 02:00:00+00:00,3817.592222222222,3817.592222222222
2024-06-01 03:00:00+00:00,3465.818888888889,3465.818888888889
2024-06-01 04:00:00+00:00,2257.920833333333,2257.920833333333
2024-06-01 05:00:00+00:00,2267.537222222222,2267.537222222222
2024-06-01 06:00:00+00:00,3023.5094444444444,3023.5094444444444
2024-06-01 07:00:00+00:00,2415.344722222222,2415.344722222222
2024-06-01 08:00:00+00:00,2606.4397222222224,2606.4397222222224
2024-06-01 09:00:00+00:00,1845.5383333333332,1845.5383333333332
2024-06-01 10:00:00+00:00,1993.0108333333333,1993.0108333333333
2024-06-01 11:00:00+00:00,1937.770555555556,1937.770555555556
2024-06-01 12:00:00+00:00,3242.8508333333334,3242.8508333333334
2024-06-01 13:00:00+00:00,4697.503333333333,4697.503333333333
2024-06-01 14:00:00+00:00,2873.4694444444444,2873.4694444444444
2024-06-01 15:00:00+00:00,3995.8530555555553,3995.8530555555553
2024-06-01 16:00:00+00:00,2760.823888888889,2760.823888888889
2024-06-01 17:00:00+00:00,2355.704444444445,2355.704444444445
2024-06-01 18:00:00+00:00,3034.45,3034.45
2024-06-01 19:00:00+00:00,2195.3325,2195.3325
2024-06-01 20:00:00+00:00,1886.8358333333333,1886.8358333333333
2024-06-01 21:00:00+00:00,2093.1813888888887,2093.1813888888887
2024-06-01 22:00:00+00:00,2200.7116666666666,2093.1813888888887
2024-06-01 23:00:00+00:00,1994.9658333333332,2093.1813888888887
2024-06-02 00:00:00+00:00,2095.7336111111117,2095.7336111111117
2024-06-02 01:00:00+00:00,1633.743333333333,1633.743333333333
2024-06-02 02:00:00+00:00,1603.1380555555556,1603.1380555555556
2024-06-02 03:00:00+00:00,1516.5483333333334,1516.5483333333334
2024-06-02 04:00:00+00:00,1625.316111111111,1625.316111111111
2024-06-02 05:00:00+00:00,1900.7052777777776,1900.7052777777776
2024-06-02 06:00:00+00:00,1627.3375,1627.3375
2024-06-02 07:00:00+00:00,3770.282222222222,3770.282222222222
2024-06-02 08:00:00+00:00,1547.5891666666666,1547.5891666666666
2024-06-02 09:00:00+00:00,3415.0422222222223,3415.0422222222223
2024-06-02 10:00:00+00:00,1983.3069444444443,1983.3069444444443
2024-06-02 11:00:00+00:00,1910.9486111111112,1910.9486111111112
2024-06-02 12:00:00+00:00,1706.3738888888888,1910.9486111111112
2024-06-02 13:00:00+00:00,1853.9994444444444,1853.9994444444444
2024-06-02 14:00:00+00:00,1661.2388888888888,1853.9994444444444
2024-06-02 15:00:00+00:00,1797.852777777778,1853.9994444444444
2024-06-02 16:00:00+00:00,9780.865,9780.865
2024-06-02 17:00:00+00:00,2377.3488888888887,2377.3488888888887
2024-06-02 18:00:00+00:00,2041.000555555556,2041.000555555556
2024-06-02 19:00:00+00:00,1650.3655555555556,1650.3655555555556
2024-06-02 20:00:00+00:00,1878.3944444444444,1878.3944444444444
2024-06-02 21:00:00+00:00,2654.9119444444445,1878.3944444444444
2024-06-02 22:00:00+00:00,1734.9125,1734.9125
2024-06-02 23:00:00+00:00,1803.9272222222223,1803.9272222222223
2024-06-03 00:00:00+00:00,3563.963888888889,3563.963888888889
2024-06-03 01:00:00+00:00,3745.203055555556,3745.203055555556
2024-06-03 02:00:00+00:00,2724.313888888889,2724.313888888889
2024-06-03 03:00:00+00:00,12423.602222222222,12423.602222222222
2024-06-03 04:00:00+00:00,3999.490555555556,3999.490555555556
2024-06-03 05:00:00+00:00,27617.94027777778,27617.94027777778
2024-06-03 06:00:00+00:00,12904.351111111111,12904.351111111111
2024-06-03 07:00:00+00:00,25793.63472222222,12904.351111111111
2024-06-03 08:00:00+00:00,17522.32277777778,17522.32277777778
2024-06-03 09:00:00+00:00,16275.657777777778,16275.657777777778
2024-06-03 10:00:00+00:00,27901.019722222223,16275.657777777778
2024-06-03 11:00:00+00:00,4190.355,16275.657777777778
2024-06-03 12:00:00+00:00,4659.169444444445,4659.169444444445
2024-06-03 13:00:00+00:00,5972.610555555556,5972.610555555556
2024-06-03 14:00:00+00:00,9555.377777777778,9555.377777777778
2024-06-03 15:00:00+00:00,7750.832777777778,7750.832777777778
2024-06-03 16:00:00+00:00,10551.51,10551.51
2024-06-03 17:00:00+00:00,8534.4725,8534.4725
2024-06-03 18:00:00+00:00,8257.028055555556,8257.028055555556
2024-06-03 19:00:00+00:00,10555.204166666666,10555.204166666666
2024-06-03 20:00:00+00:00,11931.948888888888,11931.948888888888
2024-06-03 21:00:00+00:00,12248.924722222222,12248.924722222222
2024-06-03 22:00:00+00:00,11585.705555555556,11585.705555555556
2024-06-03 23:00:00+00:00,11790.050555555556,11790.050555555556
2024-06-04 00:00:00+00:00,11810.47,11810.47
2024-06-04 01:00:00+00:00,8344.798055555555,8344.798055555555
2024-06-04 02:00:00+00:00,33156.36,33156.36
2024-06-04 03:00:00+00:00,13415.157222222222,13415.157222222222
2024-06-04 04:00:00+00:00,14259.416388888889,14259.416388888889
2024-06-04 05:00:00+00:00,13319.025833333331,13319.025833333331
2024-06-04 06:00:00+00:00,13170.210833333333,13170.210833333333
2024-06-04 07:00:00+00:00,147034.09472222222,147034.09472222222
2024-06-04 08:00:00+00:00,18539.435,18539.435
2024-06-04 09:00:00+00:00,32752.466666666667,32752.466666666667
2024-06-04 10:00:00+00:00,38127.834444444445,32752.466666666667
2024-06-04 11:00:00+00:00,26132.777222222223,26132.777222222223
2024-06-04 12:00:00+00:00,21169.09,21169.09
2024-06-04 13:00:00+00:00,14522.909444444444,14522.909444444444
2024-06-04 14:00:00+00:00,16412.511388888888,16412.511388888888
2024-06-04 15:00:00+00:00,8837.0025,16412.511388888888
2024-06-04 16:00:00+00:00,13069.495555555555,13069.495555555555
2024-06-04 17:00:00+00:00,14871.318055555555,14871.318055555555
2024-06-04 18:00:00+00:00,40670.9575,40670.9575
2024-06-04 19:00:00+00:00,44387.676666666666,40670.9575
2024-06-04 20:00:00+00:00,29816.101944444443,29816.101944444443
2024-06-04 21:00:00+00:00,18082.06555555556,18082.06555555556
2024-06-04 22:00:00+00:00,15286.262777777778,15286.262777777778
2024-06-04 23:00:00+00:00,15547.990555555556,15547.990555555556
2024-06-05 00:00:00+00:00,14961.564444444444,15547.990555555556
2024-06-05 01:00:00+00:00,24550.79694444445,15547.990555555556
2024-06-05 02:00:00+00:00,51939.87694444445,51939.87694444445
2024-06-05 03:00:00+00:00,40616.585277777776,40616.585277777776
2024-06-05 04:00:00+00:00,38533.37666666666,38533.37666666666
2024-06-05 05:00:00+00:00,15564.548055555557,15564.548055555557
2024-06-05 06:00:00+00:00,17283.41361111111,17283.41361111111
2024-06-05 07:00:00+00:00,21370.685,21370.685
2024-06-05 08:00:00+00:00,23490.573333333334,23490.573333333334
2024-06-05 09:00:00+00:00,41682.66888888889,41682.66888888889
2024-06-05 10:00:00+00:00,17180.894444444446,17180.894444444446
2024-06-05 11:00:00+00:00,11813.631388888887,11813.631388888887
2024-06-05 12:00:00+00:00,11868.364166666666,11868.364166666666
2024-06-05 13:00:00+00:00,13142.496111111112,13142.496111111112
2024-06-05 14:00:00+00:00,14817.120833333332,14817.120833333332
2024-06-05 15:00:00+00:00,13820.556944444445,13820.556944444445
2024-06-05 16:00:00+00:00,13814.612222222222,13820.556944444445
2024-06-05 17:00:00+00:00,14255.819722222222,14255.819722222222
2024-06-05 18:00:00+00:00,16067.610277777778,16067.610277777778
2024-06-05 19:00:00+00:00,17254.920833333334,17254.920833333334
2024-06-05 20:00:00+00:00,15350.410833333332,17254.920833333334
2024-06-05 21:00:00+00:00,14888.71361111111,14888.71361111111
2024-06-05 22:00:00+00:00,14323.638888888889,14323.638888888889
2024-06-05 23:00:00+00:00,14399.841388888888,14399.841388888888
2024-06-06 00:00:00+00:00,13963.133333333331,13963.133333333331
2024-06-06 01:00:00+00:00,8848.453333333333,8848.453333333333
2024-06-06 02:00:00+00:00,14299.146111111111,14299.146111111111
2024-06-06 03:00:00+00:00,27303.40194444445,27303.40194444445
2024-06-06 04:00:00+00:00,21388.22027777778,21388.22027777778
2024-06-06 05:00:00+00:00,33233.74388888889,33233.74388888889
2024-06-06 06:00:00+00:00,17902.875,17902.875
2024-06-06 07:00:00+00:00,19517.158888888887,19517.158888888887
2024-06-06 08:00:00+00:00,96392.59083333334,96392.59083333334
2024-06-06 09:00:00+00:00,15280.148611111112,15280.148611111112
2024-06-06 10:00:00+00:00,34050.43472222222,34050.43472222222
2024-06-06 11:00:00+00:00,23511.018888888888,23511.018888888888
2024-06-06 12:00:00+00:00,12683.333611111111,12683.333611111111
2024-06-06 13:00:00+00:00,11335.010833333334,11335.010833333334
2024-06-06 14:00:00+00:00,12679.847222222224,12679.847222222224
2024-06-06 15:00:00+00:00,18335.8725,18335.8725
2024-06-06 16:00:00+00:00,12549.76638888889,12549.76638888889
2024-06-06 17:00:00+00:00,13050.684444444443,13050.684444444443
2024-06-06 18:00:00+00:00,14060.013888888889,14060.013888888889
2024-06-06 19:00:00+00:00,15708.75138888889,15708.75138888889
2024-06-06 20:00:00+00:00,16613.66,16613.66
2024-06-06 21:00:00+00:00,15222.210833333333,15222.210833333333
2024-06-06 22:00:00+00:00,14503.964722222225,14503.964722222225
2024-06-06 23:00:00+00:00,16527.634444444444,16527.634444444444
2024-06-07 00:00:00+00:00,15961.987777777778,15961.987777777778
2024-06-07 01:00:00+00:00,3511.5819444444446,15961.987777777778
2024-06-07 02:00:00+00:00,16154.428333333331,16154.428333333331
2024-06-07 03:00:00+00:00,15113.537777777778,15113.537777777778
2024-06-07 04:00:00+00:00,22012.11138888889,15113.537777777778
2024-06-07 05:00:00+00:00,20374.40805555556,20374.40805555556
2024-06-07 06:00:00+00:00,21454.69722222222,21454.69722222222
2024-06-07 07:00:00+00:00,18803.196666666667,18803.196666666667
2024-06-07 08:00:00+00:00,27825.03833333333,27825.03833333333
2024-06-07 09:00:00+00:00,23897.618055555555,23897.618055555555
2024-06-07 10:00:00+00:00,16456.386388888888,16456.386388888888
2024-06-07 11:00:00+00:00,15341.584444444445,15341.584444444445
2024-06-07 12:00:00+00:00,14001.812222222225,14001.812222222225
2024-06-07 13:00:00+00:00,13810.955,13810.955
2024-06-07 14:00:00+00:00,21485.93,21485.93
2024-06-07 15:00:00+00:00,18920.438055555554,18920.438055555554
2024-06-07 16:00:00+00:00,14947.999722222225,14947.999722222225
2024-06-07 17:00:00+00:00,16101.838333333331,16101.838333333331
2024-06-07 18:00:00+00:00,16071.887777777778,16071.887777777778
2024-06-07 19:00:00+00:00,17294.675,17294.675
2024-06-07 20:00:00+00:00,14787.574166666667,14787.574166666667
2024-06-07 21:00:00+00:00,16858.96277777778,16858.96277777778
2024-06-07 22:00:00+00:00,15472.51,15472.51
2024-06-07 23:00:00+00:00,15882.751944444444,15882.751944444444
2024-06-08 00:00:00+00:00,14715.727777777778,14715.727777777778
2024-06-08 01:00:00+00:00,10623.577222222222,10623.577222222222
2024-06-08 02:00:00+00:00,19655.221388888887,19655.221388888887
2024-06-08 03:00:00+00:00,27302.83944444445,27302.83944444445
2024-06-08 04:00:00+00:00,17677.78277777778,27302.83944444445
2024-06-08 05:00:00+00:00,17045.050277777777,17045.050277777777
2024-06-08 06:00:00+00:00,20641.80277777778,20641.80277777778
2024-06-08 07:00:00+00:00,23183.10583333333,23183.10583333333
2024-06-08 08:00:00+00:00,23411.144722222223,23411.144722222223
2024-06-08 09:00:00+00:00,19589.985555555555,19589.985555555555
2024-06-08 10:00:00+00:00,22549.2525,22549.2525
2024-06-08 11:00:00+00:00,13987.974166666669,13987.974166666669
2024-06-08 12:00:00+00:00,16287.67861111111,16287.67861111111
2024-06-08 13:00:00+00:00,29624.26388888889,29624.26388888889
2024-06-08 14:00:00+00:00,31421.22027777778,31421.22027777778
2024-06-08 15:00:00+00:00,15542.845,15542.845
2024-06-08 16:00:00+00:00,23093.721666666668,23093.721666666668
2024-06-08 17:00:00+00:00,17622.80722222222,17622.80722222222
2024-06-08 18:00:00+00:00,17122.425555555557,17122.425555555557
2024-06-08 19:00:00+00:00,19118.700555555555,19118.700555555555
2024-06-08 20:00:00+00:00,11674.875555555556,11674.875555555556
2024-06-08 21:00:00+00:00,18224.639722222222,11674.875555555556
2024-06-08 22:00:00+00:00,11619.27,11619.27
2024-06-08 23:00:00+00:00,13230.704444444444,11619.27
2024-06-09 00:00:00+00:00,18830.687777777777,18830.687777777777
2024-06-09 01:00:00+00:00,14277.489166666666,14277.489166666666
2024-06-09 02:00:00+00:00,12674.662777777778,12674.662777777778
2024-06-09 03:00:00+00:00,15300.586388888889,15300.586388888889
2024-06-09 04:00:00+00:00,10927.359166666669,10927.359166666669
2024-06-09 05:00:00+00:00,15641.102222222222,15641.102222222222
2024-06-09 06:00:00+00:00,14072.606666666668,15641.102222222222
2024-06-09 07:00:00+00:00,13078.98138888889,13078.98138888889
2024-06-09 08:00:00+00:00,11979.721666666666,11979.721666666666
2024-06-09 09:00:00+00:00,9340.760833333334,9340.760833333334
2024-06-09 10:00:00+00:00,15520.285,15520.285
2024-06-09 11:00:00+00:00,13566.353611111112,13566.353611111112
2024-06-09 12:00:00+00:00,13438.359722222222,13438.359722222222
2024-06-09 13:00:00+00:00,9590.616666666669,9590.616666666669
2024-06-09 14:00:00+00:00,8223.157777777778,8223.157777777778
2024-06-09 15:00:00+00:00,8750.1475,8750.1475
2024-06-09 16:00:00+00:00,8439.4525,8439.4525
2024-06-09 17:00:00+00:00,9312.75111111111,9312.75111111111
2024-06-09 18:00:00+00:00,10937.86,10937.86
2024-06-09 19:00:00+00:00,10997.014166666666,10997.014166666666
2024-06-09 20:00:00+00:00,8797.76861111111,8797.76861111111
2024-06-09 21:00:00+00:00,15255.880833333333,15255.880833333333
2024-06-09 22:00:00+00:00,5413.178611111111,5413.178611111111
2024-06-09 23:00:00+00:00,4787.715833333334,4787.715833333334
2024-06-10 00:00:00+00:00,6439.785277777778,6439.785277777778
2024-06-10 01:00:00+00:00,7585.296388888889,7585.296388888889
2024-06-10 02:00:00+00:00,47457.12472222222,47457.12472222222
2024-06-10 03:00:00+00:00,9616.239444444444,9616.239444444444
2024-06-10 04:00:00+00:00,19990.55361111111,19990.55361111111
2024-06-10 05:00:00+00:00,29407.41,29407.41
2024-06-10 06:00:00+00:00,18844.96055555556,29407.41
2024-06-10 07:00:00+00:00,39601.89805555555,39601.89805555555
2024-06-10 08:00:00+00:00,15889.40027777778,15889.40027777778
2024-06-10 09:00:00+00:00,16378.726388888888,16378.726388888888
2024-06-10 10:00:00+00:00,131787.29833333334,16378.726388888888
2024-06-10 11:00:00+00:00,13235.095,13235.095
2024-06-10 12:00:00+00:00,21698.33388888889,21698.33388888889
2024-06-10 13:00:00+00:00,10977.164722222222,10977.164722222222
2024-06-10 14:00:00+00:00,16367.104722222222,16367.104722222222
2024-06-10 15:00:00+00:00,9172.29388888889,16367.104722222222
2024-06-10 16:00:00+00:00,8401.379444444445,8401.379444444445
2024-06-10 17:00:00+00:00,7684.364722222223,7684.364722222223
2024-06-10 18:00:00+00:00,21511.05,21511.05
2024-06-10 19:00:00+00:00,5058.415555555555,5058.415555555555
2024-06-10 20:00:00+00:00,7767.425277777777,5058.415555555555
2024-06-10 21:00:00+00:00,15486.856944444444,15486.856944444444
2024-06-10 22:00:00+00:00,7947.705277777778,15486.856944444444
2024-06-10 23:00:00+00:00,8165.2,8165.2
2024-06-11 00:00:00+00:00,5906.419722222222,5906.419722222222
2024-06-11 01:00:00+00:00,7717.435,7717.435
2024-06-11 02:00:00+00:00,21919.29472222222,21919.29472222222
2024-06-11 03:00:00+00:00,14398.500277777775,14398.500277777775
2024-06-11 04:00:00+00:00,17878.381666666668,17878.381666666668
2024-06-11 05:00:00+00:00,26454.97888888889,26454.97888888889
2024-06-11 06:00:00+00:00,40699.20694444444,40699.20694444444
2024-06-11 07:00:00+00:00,27032.737777777777,27032.737777777777
2024-06-11 08:00:00+00:00,28321.998333333333,28321.998333333333
2024-06-11 09:00:00+00:00,28637.09555555556,28637.09555555556
2024-06-11 10:00:00+00:00,77346.25111111111,77346.25111111111
2024-06-11 11:00:00+00:00,10627.175555555556,10627.175555555556
2024-06-11 12:00:00+00:00,9949.803055555556,9949.803055555556
2024-06-11 13:00:00+00:00,7707.231111111111,7707.231111111111
2024-06-11 14:00:00+00:00,10749.176944444444,10749.176944444444
2024-06-11 15:00:00+00:00,16699.137777777778,16699.137777777778
2024-06-11 16:00:00+00:00,21584.80222222222,21584.80222222222
2024-06-11 17:00:00+00:00,20647.49583333333,20647.49583333333
2024-06-11 18:00:00+00:00,13319.239444444444,20647.49583333333
2024-06-11 19:00:00+00:00,29037.731944444444,29037.731944444444
2024-06-11 20:00:00+00:00,66849.79833333334,66849.79833333334
2024-06-11 21:00:00+00:00,16973.424444444445,16973.424444444445
2024-06-11 22:00:00+00:00,15304.34,15304.34
2024-06-11 23:00:00+00:00,11681.882222222222,11681.882222222222
2024-06-12 00:00:00+00:00,14730.435,14730.435
2024-06-12 01:00:00+00:00,14659.905277777778,14659.905277777778
2024-06-12 02:00:00+00:00,21342.58027777778,14659.905277777778
2024-06-12 03:00:00+00:00,30756.03361111111,30756.03361111111
2024-06-12 04:00:00+00:00,14922.777222222225,14922.777222222225
2024-06-12 05:00:00+00:00,17447.481111111112,17447.481111111112
2024-06-12 06:00:00+00:00,13332.708888888888,13332.708888888888
2024-06-12 07:00:00+00:00,12252.40111111111,12252.40111111111
2024-06-12 08:00:00+00:00,7885.1775,7885.1775
2024-06-12 09:00:00+00:00,12750.566388888888,12750.566388888888
2024-06-12 10:00:00+00:00,11097.466666666667,11097.466666666667
2024-06-12 11:00:00+00:00,20612.30055555556,20612.30055555556
2024-06-12 12:00:00+00:00,7704.348888888889,7704.348888888889
2024-06-12 13:00:00+00:00,5782.122777777778,5782.122777777778
2024-06-12 14:00:00+00:00,7518.653333333334,7518.653333333334
2024-06-12 15:00:00+00:00,6887.623888888889,6887.623888888889
2024-06-12 16:00:00+00:00,11533.358333333334,11533.358333333334
2024-06-12 17:00:00+00:00,14149.181666666667,11533.358333333334
2024-06-12 18:00:00+00:00,7263.401388888888,7263.401388888888
2024-06-12 19:00:00+00:00,24500.04861111111,7263.401388888888
2024-06-12 20:00:00+00:00,9070.0,9070.0
2024-06-12 21:00:00+00:00,2391.115555555556,2391.115555555556
2024-06-12 22:00:00+00:00,15931.695277777775,15931.695277777775
2024-06-12 23:00:00+00:00,5487.7827777777775,5487.7827777777775
2024-06-13 00:00:00+00:00,4326.732222222222,4326.732222222222
2024-06-13 01:00:00+00:00,1363.5055555555557,1363.5055555555557
2024-06-13 02:00:00+00:00,15557.060555555556,1363.5055555555557
2024-06-13 03:00:00+00:00,34261.18138888889,34261.18138888889
2024-06-13 04:00:00+00:00,15268.483888888888,15268.483888888888
2024-06-13 05:00:00+00:00,43790.12611111111,43790.12611111111
2024-06-13 06:00:00+00:00,20798.305277777778,43790.12611111111
2024-06-13 07:00:00+00:00,20554.54555555556,20554.54555555556
2024-06-13 08:00:00+00:00,87778.98055555555,87778.98055555555
2024-06-13 09:00:00+00:00,17554.62416666667,87778.98055555555
2024-06-13 10:00:00+00:00,23472.845,23472.845
2024-06-13 11:00:00+00:00,197234.92416666663,197234.92416666663
2024-06-13 12:00:00+00:00,12618.410833333332,12618.410833333332
2024-06-13 13:00:00+00:00,18060.461666666662,18060.461666666662
2024-06-13 14:00:00+00:00,19183.67583333333,19183.67583333333
2024-06-13 15:00:00+00:00,17326.0275,17326.0275
2024-06-13 16:00:00+00:00,20131.460277777776,20131.460277777776
2024-06-13 17:00:00+00:00,19206.99,19206.99
2024-06-13 18:00:00+00:00,25995.114444444444,25995.114444444444
2024-06-13 19:00:00+00:00,19676.652222222223,19676.652222222223
2024-06-13 20:00:00+00:00,13920.946666666669,19676.652222222223
2024-06-13 21:00:00+00:00,15485.41138888889,15485.41138888889
2024-06-13 22:00:00+00:00,15165.476388888888,15165.476388888888
2024-06-13 23:00:00+00:00,17344.696111111112,17344.696111111112
2024-06-14 00:00:00+00:00,16524.873333333333,16524.873333333333
2024-06-14 01:00:00+00:00,10505.760555555556,10505.760555555556
2024-06-14 02:00:00+00:00,16148.825833333334,16148.825833333334
2024-06-14 03:00:00+00:00,15964.949444444444,15964.949444444444
2024-06-14 04:00:00+00:00,31039.49111111111,31039.49111111111
2024-06-14 05:00:00+00:00,21911.597222222223,21911.597222222223
2024-06-14 06:00:00+00:00,19015.5775,19015.5775
2024-06-14 07:00:00+00:00,23410.39277777778,23410.39277777778
2024-06-14 08:00:00+00:00,37875.75305555556,37875.75305555556
2024-06-14 09:00:00+00:00,36538.6625,36538.6625
2024-06-14 10:00:00+00:00,22944.97,22944.97
2024-06-14 11:00:00+00:00,27613.908333333333,22944.97
2024-06-14 12:00:00+00:00,32581.705833333333,32581.705833333333
2024-06-14 13:00:00+00:00,18898.605277777777,18898.605277777777
2024-06-14 14:00:00+00:00,14471.681944444445,14471.681944444445
2024-06-14 15:00:00+00:00,29725.887222222223,29725.887222222223
2024-06-14 16:00:00+00:00,16852.957777777778,16852.957777777778
2024-06-14 17:00:00+00:00,14206.909166666666,14206.909166666666
2024-06-14 18:00:00+00:00,15456.16888888889,15456.16888888889
2024-06-14 19:00:00+00:00,19303.491388888888,19303.491388888888
2024-06-14 20:00:00+00:00,30849.035555555554,30849.035555555554
2024-06-14 21:00:00+00:00,16641.043611111112,16641.043611111112
2024-06-14 22:00:00+00:00,20557.0525,20557.0525
2024-06-14 23:00:00+00:00,21895.03805555556,21895.03805555556
2024-06-15 00:00:00+00:00,30022.64444444445,30022.64444444445
2024-06-15 01:00:00+00:00,16507.1725,16507.1725
2024-06-15 02:00:00+00:00,31440.19083333333,31440.19083333333
2024-06-15 03:00:00+00:00,25464.05583333333,25464.05583333333
2024-06-15 04:00:00+00:00,20480.73583333333,20480.73583333333
2024-06-15 05:00:00+00:00,26324.047222222223,20480.73583333333
2024-06-15 06:00:00+00:00,26514.744444444445,26514.744444444445
2024-06-15 07:00:00+00:00,28450.652777777777,28450.652777777777
2024-06-15 08:00:00+00:00,104200.74222222222,104200.74222222222
2024-06-15 09:00:00+00:00,35383.131944444445,35383.131944444445
2024-06-15 10:00:00+00:00,19117.584166666667,19117.584166666667
2024-06-15 11:00:00+00:00,20156.22861111111,20156.22861111111
2024-06-15 12:00:00+00:00,23258.49472222222,23258.49472222222
2024-06-15 13:00:00+00:00,43998.334444444445,23258.49472222222
2024-06-15 14:00:00+00:00,28159.092777777776,28159.092777777776
2024-06-15 15:00:00+00:00,25895.7175,25895.7175
2024-06-15 16:00:00+00:00,21413.60777777778,25895.7175
2024-06-15 17:00:00+00:00,25299.06555555556,25299.06555555556
2024-06-15 18:00:00+00:00,11716.948055555556,11716.948055555556
2024-06-15 19:00:00+00:00,14251.11,14251.11
2024-06-15 20:00:00+00:00,21960.3425,21960.3425
2024-06-15 21:00:00+00:00,27232.95111111111,27232.95111111111
2024-06-15 22:00:00+00:00,32659.353055555555,32659.353055555555
2024-06-15 23:00:00+00:00,21360.971666666668,21360.971666666668
2024-06-16 00:00:00+00:00,10678.303333333331,10678.303333333331
2024-06-16 01:00:00+00:00,9222.73,9222.73
2024-06-16 02:00:00+00:00,12263.148333333333,12263.148333333333
2024-06-16 03:00:00+00:00,9872.398333333333,9872.398333333333
2024-06-16 04:00:00+00:00,12480.08111111111,12480.08111111111
2024-06-16 05:00:00+00:00,17926.86388888889,17926.86388888889
2024-06-16 06:00:00+00:00,12608.964166666668,12608.964166666668
2024-06-16 07:00:00+00:00,14458.623333333331,14458.623333333331
2024-06-16 08:00:00+00:00,15551.150555555556,15551.150555555556
2024-06-16 09:00:00+00:00,10258.58861111111,10258.58861111111
2024-06-16 10:00:00+00:00,27030.38388888889,10258.58861111111
2024-06-16 11:00:00+00:00,8907.783055555556,8907.783055555556
2024-06-16 12:00:00+00:00,21173.078611111112,21173.078611111112
2024-06-16 13:00:00+00:00,17241.036111111112,17241.036111111112
2024-06-16 14:00:00+00:00,11858.699444444444,11858.699444444444
2024-06-16 15:00:00+00:00,11368.390555555556,11368.390555555556
2024-06-16 16:00:00+00:00,16303.608055555556,16303.608055555556
2024-06-16 17:00:00+00:00,16323.124166666666,16323.124166666666
2024-06-16 18:00:00+00:00,9460.371388888889,16323.124166666666
2024-06-16 19:00:00+00:00,10139.123055555556,10139.123055555556
2024-06-16 20:00:00+00:00,9992.881111111112,9992.881111111112
2024-06-16 21:00:00+00:00,8930.33,8930.33
2024-06-16 22:00:00+00:00,6159.185833333333,6159.185833333333
2024-06-16 23:00:00+00:00,27978.632777777777,27978.632777777777
2024-06-17 00:00:00+00:00,6884.053055555555,27978.632777777777
2024-06-17 01:00:00+00:00,6838.411666666667,6838.411666666667
2024-06-17 02:00:00+00:00,26125.53583333333,26125.53583333333
2024-06-17 03:00:00+00:00,33323.42333333333,33323.42333333333
2024-06-17 04:00:00+00:00,27150.60944444445,27150.60944444445
2024-06-17 05:00:00+00:00,76258.74916666666,76258.74916666666
2024-06-17 06:00:00+00:00,24478.04333333333,24478.04333333333
2024-06-17 07:00:00+00:00,46502.53805555555,24478.04333333333
2024-06-17 08:00:00+00:00,46732.14472222222,24478.04333333333
2024-06-17 09:00:00+00:00,30185.406944444443,30185.406944444443
2024-06-17 10:00:00+00:00,16586.699722222223,16586.699722222223
2024-06-17 11:00:00+00:00,22397.57222222222,22397.57222222222
2024-06-17 12:00:00+00:00,14131.910277777775,14131.910277777775
2024-06-17 13:00:00+00:00,10612.979722222222,10612.979722222222
2024-06-17 14:00:00+00:00,16095.419444444444,16095.419444444444
2024-06-17 15:00:00+00:00,18554.820555555558,18554.820555555558
2024-06-17 16:00:00+00:00,12532.31472222222,12532.31472222222
2024-06-17 17:00:00+00:00,12081.579166666666,12081.579166666666
2024-06-17 18:00:00+00:00,24660.729722222222,24660.729722222222
2024-06-17 19:00:00+00:00,15139.2,15139.2
2024-06-17 20:00:00+00:00,18199.865833333333,18199.865833333333
2024-06-17 21:00:00+00:00,14648.948888888888,14648.948888888888
2024-06-17 22:00:00+00:00,12853.602222222222,12853.602222222222
2024-06-17 23:00:00+00:00,15834.990833333331,15834.990833333331
2024-06-18 00:00:00+00:00,17635.334166666667,15834.990833333331
2024-06-18 01:00:00+00:00,11400.146666666667,15834.990833333331
2024-06-18 02:00:00+00:00,14111.551666666666,14111.551666666666
2024-06-18 03:00:00+00:00,52735.625555555554,52735.625555555554
2024-06-18 04:00:00+00:00,163795.48416666666,163795.48416666666
2024-06-18 05:00:00+00:00,30175.83861111111,30175.83861111111
2024-06-18 06:00:00+00:00,21050.208055555555,21050.208055555555
2024-06-18 07:00:00+00:00,16869.483055555556,21050.208055555555
2024-06-18 08:00:00+00:00,19875.87638888889,19875.87638888889
2024-06-18 09:00:00+00:00,8420.60861111111,8420.60861111111
2024-06-18 10:00:00+00:00,8781.121388888889,8420.60861111111
2024-06-18 11:00:00+00:00,9065.035833333332,9065.035833333332
2024-06-18 12:00:00+00:00,8095.581944444444,9065.035833333332
2024-06-18 13:00:00+00:00,11324.165833333333,9065.035833333332
2024-06-18 14:00:00+00:00,6467.5725,6467.5725
2024-06-18 15:00:00+00:00,6163.099722222222,6163.099722222222
2024-06-18 16:00:00+00:00,8952.570555555556,8952.570555555556
2024-06-18 17:00:00+00:00,12195.594444444445,12195.594444444445
2024-06-18 18:00:00+00:00,6065.356111111111,6065.356111111111
2024-06-18 19:00:00+00:00,5651.586111111111,6065.356111111111
2024-06-18 20:00:00+00:00,3252.430555555556,3252.430555555556
2024-06-18 21:00:00+00:00,7637.556111111111,7637.556111111111
2024-06-18 22:00:00+00:00,3073.3713888888888,3073.3713888888888
2024-06-18 23:00:00+00:00,3673.412222222222,3673.412222222222
2024-06-19 00:00:00+00:00,6345.673333333333,6345.673333333333
2024-06-19 01:00:00+00:00,5634.619166666666,6345.673333333333
2024-06-19 02:00:00+00:00,13884.41111111111,13884.41111111111
2024-06-19 03:00:00+00:00,16663.335833333334,16663.335833333334
2024-06-19 04:00:00+00:00,15257.564444444444,15257.564444444444
2024-06-19 05:00:00+00:00,17417.431666666667,17417.431666666667
2024-06-19 06:00:00+00:00,14898.079444444444,14898.079444444444
2024-06-19 07:00:00+00:00,10949.948055555556,10949.948055555556
2024-06-19 08:00:00+00:00,21687.82888888889,21687.82888888889
2024-06-19 09:00:00+00:00,12484.246666666666,12484.246666666666
2024-06-19 10:00:00+00:00,7276.680555555556,7276.680555555556
2024-06-19 11:00:00+00:00,7021.922222222222,7021.922222222222
2024-06-19 12:00:00+00:00,7123.819166666667,7123.819166666667
2024-06-19 13:00:00+00:00,6646.198055555556,6646.198055555556
2024-06-19 14:00:00+00:00,4597.140277777778,4597.140277777778
2024-06-19 15:00:00+00:00,4410.9013888888885,4597.140277777778
2024-06-19 16:00:00+00:00,5676.1975,5676.1975
2024-06-19 17:00:00+00:00,6276.035555555555,6276.035555555555
2024-06-19 18:00:00+00:00,5399.225555555556,5399.225555555556
2024-06-19 19:00:00+00:00,38323.133055555554,38323.133055555554
2024-06-19 20:00:00+00:00,22625.856666666667,22625.856666666667
2024-06-19 21:00:00+00:00,6332.999444444445,6332.999444444445
2024-06-19 22:00:00+00:00,8669.500277777777,8669.500277777777
2024-06-19 23:00:00+00:00,9780.7825,9780.7825
2024-06-20 00:00:00+00:00,11217.431944444445,9780.7825
2024-06-20 01:00:00+00:00,15791.62388888889,9780.7825
2024-06-20 02:00:00+00:00,22739.157222222224,22739.157222222224
2024-06-20 03:00:00+00:00,7224.249166666666,7224.249166666666
2024-06-20 04:00:00+00:00,21648.53305555556,21648.53305555556
2024-06-20 05:00:00+00:00,17292.510555555556,21648.53305555556
2024-06-20 06:00:00+00:00,43160.44027777778,43160.44027777778
2024-06-20 07:00:00+00:00,23706.395555555555,23706.395555555555
2024-06-20 08:00:00+00:00,8859.242222222223,23706.395555555555
2024-06-20 09:00:00+00:00,20522.246666666662,20522.246666666662
2024-06-20 10:00:00+00:00,15217.792222222222,15217.792222222222
2024-06-20 11:00:00+00:00,15648.5275,15648.5275
2024-06-20 12:00:00+00:00,31733.259166666667,31733.259166666667
2024-06-20 13:00:00+00:00,8163.336111111111,8163.336111111111
2024-06-20 14:00:00+00:00,12209.089722222225,12209.089722222225
2024-06-20 15:00:00+00:00,13104.418055555556,13104.418055555556
2024-06-20 16:00:00+00:00,5086.066944444445,5086.066944444445
2024-06-20 17:00:00+00:00,3876.9605555555554,3876.9605555555554
2024-06-20 18:00:00+00:00,6321.419444444445,6321.419444444445
2024-06-20 19:00:00+00:00,8186.7575,8186.7575
2024-06-20 20:00:00+00:00,20641.986666666668,20641.986666666668
2024-06-20 21:00:00+00:00,3531.518333333333,3531.518333333333
2024-06-20 22:00:00+00:00,2062.698611111111,2062.698611111111
2024-06-20 23:00:00+00:00,1999.7016666666664,2062.698611111111
2024-06-21 00:00:00+00:00,3369.051111111111,3369.051111111111
2024-06-21 01:00:00+00:00,30465.047777777778,30465.047777777778
2024-06-21 02:00:00+00:00,17046.695555555554,17046.695555555554
2024-06-21 03:00:00+00:00,35186.72194444444,35186.72194444444
2024-06-21 04:00:00+00:00,11343.101944444445,11343.101944444445
2024-06-21 05:00:00+00:00,8093.651944444445,8093.651944444445
2024-06-21 06:00:00+00:00,10297.185,10297.185
2024-06-21 07:00:00+00:00,10822.231944444444,10822.231944444444
2024-06-21 08:00:00+00:00,12895.716388888888,12895.716388888888
2024-06-21 09:00:00+00:00,25115.459722222226,25115.459722222226
2024-06-21 10:00:00+00:00,23796.21138888889,23796.21138888889
2024-06-21 11:00:00+00:00,21217.36972222222,21217.36972222222
2024-06-21 12:00:00+00:00,6288.683611111112,21217.36972222222
2024-06-21 13:00:00+00:00,12420.161666666669,12420.161666666669
2024-06-21 14:00:00+00:00,8911.426388888889,12420.161666666669
2024-06-21 15:00:00+00:00,10985.251944444444,12420.161666666669
2024-06-21 16:00:00+00:00,8577.029722222222,8577.029722222222
2024-06-21 17:00:00+00:00,50870.3475,50870.3475
2024-06-21 18:00:00+00:00,8705.193333333333,8705.193333333333
2024-06-21 19:00:00+00:00,16267.24,16267.24
2024-06-21 20:00:00+00:00,16137.33111111111,16137.33111111111
2024-06-21 21:00:00+00:00,15541.21611111111,15541.21611111111
2024-06-21 22:00:00+00:00,11778.826944444443,11778.826944444443
2024-06-21 23:00:00+00:00,11053.27,11053.27
2024-06-22 00:00:00+00:00,10759.501944444444,10759.501944444444
2024-06-22 01:00:00+00:00,8019.564722222222,8019.564722222222
2024-06-22 02:00:00+00:00,10396.961388888889,10396.961388888889
2024-06-22 03:00:00+00:00,12602.788333333334,12602.788333333334
2024-06-22 04:00:00+00:00,21806.1025,21806.1025
2024-06-22 05:00:00+00:00,8601.218888888889,8601.218888888889
2024-06-22 06:00:00+00:00,8659.818888888889,8659.818888888889
2024-06-22 07:00:00+00:00,9723.676944444444,9723.676944444444
2024-06-22 08:00:00+00:00,5846.496111111112,5846.496111111112
2024-06-22 09:00:00+00:00,13365.219444444445,13365.219444444445
2024-06-22 10:00:00+00:00,8835.248055555556,8835.248055555556
2024-06-22 11:00:00+00:00,4927.305555555556,4927.305555555556
2024-06-22 12:00:00+00:00,5391.6525,5391.6525
2024-06-22 13:00:00+00:00,7644.306388888889,5391.6525
2024-06-22 14:00:00+00:00,7760.9825,7760.9825
2024-06-22 15:00:00+00:00,5943.111666666667,5943.111666666667
2024-06-22 16:00:00+00:00,5038.810555555556,5038.810555555556
2024-06-22 17:00:00+00:00,5855.0775,5855.0775
2024-06-22 18:00:00+00:00,19161.81472222222,19161.81472222222
2024-06-22 19:00:00+00:00,4827.85,4827.85
2024-06-22 20:00:00+00:00,4607.986666666667,4607.986666666667
2024-06-22 21:00:00+00:00,4741.501666666667,4741.501666666667
2024-06-22 22:00:00+00:00,3062.6244444444446,3062.6244444444446
2024-06-22 23:00:00+00:00,2677.8752777777777,2677.8752777777777
2024-06-23 00:00:00+00:00,2268.100555555556,2268.100555555556
2024-06-23 01:00:00+00:00,6840.654166666666,6840.654166666666
2024-06-23 02:00:00+00:00,6517.352222222222,6517.352222222222
2024-06-23 03:00:00+00:00,3339.449722222222,6517.352222222222
2024-06-23 04:00:00+00:00,6987.999444444445,6987.999444444445
2024-06-23 05:00:00+00:00,6915.479444444444,6915.479444444444
2024-06-23 06:00:00+00:00,20453.084722222226,20453.084722222226
2024-06-23 07:00:00+00:00,8978.944722222222,8978.944722222222
2024-06-23 08:00:00+00:00,5645.1075,5645.1075
2024-06-23 09:00:00+00:00,8138.085833333333,8138.085833333333
2024-06-23 10:00:00+00:00,5532.173055555556,5532.173055555556
2024-06-23 11:00:00+00:00,6897.932777777778,6897.932777777778
2024-06-23 12:00:00+00:00,5603.746388888889,5603.746388888889
2024-06-23 13:00:00+00:00,12070.953333333331,12070.953333333331
2024-06-23 14:00:00+00:00,8105.350277777778,8105.350277777778
2024-06-23 15:00:00+00:00,12489.641111111112,12489.641111111112
2024-06-23 16:00:00+00:00,5047.8741666666665,5047.8741666666665
2024-06-23 17:00:00+00:00,28438.164444444443,5047.8741666666665
2024-06-23 18:00:00+00:00,26067.528611111116,26067.528611111116
2024-06-23 19:00:00+00:00,68308.19638888889,26067.528611111116
2024-06-23 20:00:00+00:00,11527.76,11527.76
2024-06-23 21:00:00+00:00,16359.063055555556,16359.063055555556
2024-06-23 22:00:00+00:00,17637.92361111111,17637.92361111111
2024-06-23 23:00:00+00:00,6174.850555555556,6174.850555555556
2024-06-24 00:00:00+00:00,7045.075555555555,7045.075555555555
2024-06-24 01:00:00+00:00,3462.738888888889,3462.738888888889
2024-06-24 02:00:00+00:00,15020.711388888889,15020.711388888889
2024-06-24 03:00:00+00:00,19887.5125,19887.5125
2024-06-24 04:00:00+00:00,27746.52527777778,27746.52527777778
2024-06-24 05:00:00+00:00,20148.559166666662,20148.559166666662
2024-06-24 06:00:00+00:00,16713.775833333333,16713.775833333333
2024-06-24 07:00:00+00:00,14423.229166666666,14423.229166666666
2024-06-24 08:00:00+00:00,10677.013888888889,10677.013888888889
2024-06-24 09:00:00+00:00,7362.4319444444445,7362.4319444444445
2024-06-24 10:00:00+00:00,8857.137222222222,8857.137222222222
2024-06-24 11:00:00+00:00,18282.536944444444,18282.536944444444
2024-06-24 12:00:00+00:00,9350.369444444445,9350.369444444445
2024-06-24 13:00:00+00:00,10943.924722222222,10943.924722222222
2024-06-24 14:00:00+00:00,6329.289722222222,6329.289722222222
2024-06-24 15:00:00+00:00,9432.570555555556,9432.570555555556
2024-06-24 16:00:00+00:00,6757.025277777778,6757.025277777778
2024-06-24 17:00:00+00:00,8625.7425,8625.7425
2024-06-24 18:00:00+00:00,4868.1016666666665,4868.1016666666665
2024-06-24 19:00:00+00:00,8177.831944444444,8177.831944444444
2024-06-24 20:00:00+00:00,12935.138888888889,8177.831944444444
2024-06-24 21:00:00+00:00,5434.366944444444,5434.366944444444
2024-06-24 22:00:00+00:00,6233.605833333333,6233.605833333333
2024-06-24 23:00:00+00:00,15555.655277777778,15555.655277777778
2024-06-25 00:00:00+00:00,7472.290833333333,7472.290833333333
2024-06-25 01:00:00+00:00,45175.3825,45175.3825
2024-06-25 02:00:00+00:00,12557.021666666667,12557.021666666667
2024-06-25 03:00:00+00:00,44110.64027777778,12557.021666666667
2024-06-25 04:00:00+00:00,18522.740833333333,18522.740833333333
2024-06-25 05:00:00+00:00,18442.674444444445,18442.674444444445
2024-06-25 06:00:00+00:00,36315.469722222224,18442.674444444445
2024-06-25 07:00:00+00:00,47463.21916666667,47463.21916666667
2024-06-25 08:00:00+00:00,24942.62861111111,24942.62861111111
2024-06-25 09:00:00+00:00,22325.535555555554,22325.535555555554
2024-06-25 10:00:00+00:00,12756.217777777778,12756.217777777778
2024-06-25 11:00:00+00:00,51170.18361111111,51170.18361111111
2024-06-25 12:00:00+00:00,10640.780555555555,10640.780555555555
2024-06-25 13:00:00+00:00,9324.842777777778,9324.842777777778
2024-06-25 14:00:00+00:00,14807.785833333332,14807.785833333332
2024-06-25 15:00:00+00:00,4813.775277777778,4813.775277777778
2024-06-25 16:00:00+00:00,11374.251944444444,11374.251944444444
2024-06-25 17:00:00+00:00,8652.735833333334,8652.735833333334
2024-06-25 18:00:00+00:00,9960.495,9960.495
2024-06-25 19:00:00+00:00,7483.214166666667,7483.214166666667
2024-06-25 20:00:00+00:00,7871.267222222222,7871.267222222222
2024-06-25 21:00:00+00:00,5039.440277777778,5039.440277777778
2024-06-25 22:00:00+00:00,7359.5552777777775,7359.5552777777775
2024-06-25 23:00:00+00:00,7684.314444444444,7359.5552777777775
2024-06-26 00:00:00+00:00,7563.3825,7563.3825
2024-06-26 01:00:00+00:00,8995.777777777777,8995.777777777777
2024-06-26 02:00:00+00:00,7856.429444444444,7856.429444444444
2024-06-26 03:00:00+00:00,15318.827777777778,7856.429444444444
2024-06-26 04:00:00+00:00,35128.36777777778,35128.36777777778
2024-06-26 05:00:00+00:00,19932.69861111111,35128.36777777778
2024-06-26 06:00:00+00:00,19536.08333333333,35128.36777777778
2024-06-26 07:00:00+00:00,12483.570555555556,12483.570555555556
2024-06-26 08:00:00+00:00,31472.114166666663,31472.114166666663
2024-06-26 09:00:00+00:00,13935.700833333334,13935.700833333334
2024-06-26 10:00:00+00:00,21224.85388888889,13935.700833333334
2024-06-26 11:00:00+00:00,10971.659166666666,13935.700833333334
2024-06-26 12:00:00+00:00,9182.285277777775,9182.285277777775
2024-06-26 13:00:00+00:00,12973.91888888889,12973.91888888889
2024-06-26 14:00:00+00:00,14674.713055555556,14674.713055555556
2024-06-26 15:00:00+00:00,14902.0475,14902.0475
2024-06-26 16:00:00+00:00,10391.007777777775,14902.0475
2024-06-26 17:00:00+00:00,6705.348611111112,6705.348611111112
2024-06-26 18:00:00+00:00,7510.591111111111,7510.591111111111
2024-06-26 19:00:00+00:00,5136.937222222222,5136.937222222222
2024-06-26 20:00:00+00:00,6702.352222222222,5136.937222222222
2024-06-26 21:00:00+00:00,4224.473611111112,4224.473611111112
2024-06-26 22:00:00+00:00,6812.067777777777,6812.067777777777
2024-06-26 23:00:00+00:00,6243.621111111112,6243.621111111112
2024-06-27 00:00:00+00:00,4506.393333333333,4506.393333333333
2024-06-27 01:00:00+00:00,7863.608333333334,7863.608333333334
2024-06-27 02:00:00+00:00,3673.780555555556,3673.780555555556
2024-06-27 03:00:00+00:00,15935.410555555556,15935.410555555556
2024-06-27 04:00:00+00:00,15723.388888888889,15723.388888888889
2024-06-27 05:00:00+00:00,13750.448611111113,13750.448611111113
2024-06-27 06:00:00+00:00,33237.90472222222,33237.90472222222
2024-06-27 07:00:00+00:00,7989.147222222222,7989.147222222222
2024-06-27 08:00:00+00:00,13311.34111111111,13311.34111111111
2024-06-27 09:00:00+00:00,16128.962222222222,16128.962222222222
2024-06-27 10:00:00+00:00,10605.74138888889,10605.74138888889
2024-06-27 11:00:00+00:00,12711.070277777775,12711.070277777775
2024-06-27 12:00:00+00:00,35756.24333333333,35756.24333333333
2024-06-27 13:00:00+00:00,5187.549722222222,5187.549722222222
2024-06-27 14:00:00+00:00,6654.669166666667,6654.669166666667
2024-06-27 15:00:00+00:00,15060.434166666666,15060.434166666666
2024-06-27 16:00:00+00:00,7235.668611111111,7235.668611111111
2024-06-27 17:00:00+00:00,40160.365,40160.365
2024-06-27 18:00:00+00:00,10907.844722222222,40160.365
2024-06-27 19:00:00+00:00,5960.368055555556,5960.368055555556
2024-06-27 20:00:00+00:00,2379.4436111111117,2379.4436111111117
2024-06-27 21:00:00+00:00,7270.881944444444,7270.881944444444
2024-06-27 22:00:00+00:00,1592.0483333333334,1592.0483333333334
2024-06-27 23:00:00+00:00,5605.668888888889,5605.668888888889
2024-06-28 00:00:00+00:00,1219.7319444444445,1219.7319444444445
2024-06-28 01:00:00+00:00,8082.145277777778,8082.145277777778
2024-06-28 02:00:00+00:00,8262.279722222222,8262.279722222222
2024-06-28 03:00:00+00:00,18854.52527777778,18854.52527777778
2024-06-28 04:00:00+00:00,29041.4775,29041.4775
2024-06-28 05:00:00+00:00,16472.53861111111,16472.53861111111
2024-06-28 06:00:00+00:00,13078.7725,13078.7725
2024-06-28 07:00:00+00:00,70144.46055555556,70144.46055555556
2024-06-28 08:00:00+00:00,13618.083611111111,13618.083611111111
2024-06-28 09:00:00+00:00,11463.22361111111,11463.22361111111
2024-06-28 10:00:00+00:00,8948.669444444444,8948.669444444444
2024-06-28 11:00:00+00:00,14982.013611111111,14982.013611111111
2024-06-28 12:00:00+00:00,3778.383055555556,3778.383055555556
2024-06-28 13:00:00+00:00,12562.21,12562.21
2024-06-28 14:00:00+00:00,4103.446388888889,4103.446388888889
2024-06-28 15:00:00+00:00,6296.122222222222,6296.122222222222
2024-06-28 16:00:00+00:00,11234.74138888889,11234.74138888889
2024-06-28 17:00:00+00:00,7214.242222222222,7214.242222222222
2024-06-28 18:00:00+00:00,5359.140555555556,5359.140555555556
2024-06-28 19:00:00+00:00,8776.377222222221,8776.377222222221
2024-06-28 20:00:00+00:00,5055.386111111111,5055.386111111111
2024-06-28 21:00:00+00:00,6033.896111111111,6033.896111111111
2024-06-28 22:00:00+00:00,3750.432222222222,3750.432222222222
2024-06-28 23:00:00+00:00,8326.263055555555,8326.263055555555
2024-06-29 00:00:00+00:00,6969.108888888889,6969.108888888889
2024-06-29 01:00:00+00:00,5784.614722222223,5784.614722222223
2024-06-29 02:00:00+00:00,4014.173055555556,4014.173055555556
2024-06-29 03:00:00+00:00,4525.658333333334,4525.658333333334
2024-06-29 04:00:00+00:00,17437.03583333333,17437.03583333333
2024-06-29 05:00:00+00:00,7697.260555555556,7697.260555555556
2024-06-29 06:00:00+00:00,2062.4405555555554,2062.4405555555554
2024-06-29 07:00:00+00:00,2161.308611111111,2161.308611111111
2024-06-29 08:00:00+00:00,1386.0508333333332,1386.0508333333332
2024-06-29 09:00:00+00:00,3100.9425,3100.9425
2024-06-29 10:00:00+00:00,3812.6655555555553,3812.6655555555553
2024-06-29 11:00:00+00:00,2949.9469444444444,2949.9469444444444
2024-06-29 12:00:00+00:00,2357.955555555556,2357.955555555556
2024-06-29 13:00:00+00:00,4121.005555555556,4121.005555555556
2024-06-29 14:00:00+00:00,3879.720555555556,3879.720555555556
2024-06-29 15:00:00+00:00,1619.163611111111,1619.163611111111
2024-06-29 16:00:00+00:00,5147.578333333333,5147.578333333333
2024-06-29 17:00:00+00:00,8012.4325,8012.4325
2024-06-29 18:00:00+00:00,3086.5294444444444,3086.5294444444444
2024-06-29 19:00:00+00:00,43876.2475,43876.2475
2024-06-29 20:00:00+00:00,4514.178333333333,4514.178333333333
2024-06-29 21:00:00+00:00,4795.399444444444,4795.399444444444
2024-06-29 22:00:00+00:00,3300.4141666666665,3300.4141666666665
2024-06-29 23:00:00+00:00,3295.9075,3295.9075
2024-06-30 00:00:00+00:00,4819.405833333333,4819.405833333333
2024-06-30 01:00:00+00:00,11660.125,11660.125
2024-06-30 02:00:00+00:00,7322.494722222223,7322.494722222223
2024-06-30 03:00:00+00:00,7554.706388888889,7554.706388888889
2024-06-30 04:00:00+00:00,5732.074166666666,5732.074166666666
2024-06-30 05:00:00+00:00,9994.129722222222,9994.129722222222
2024-06-30 06:00:00+00:00,2188.531388888889,2188.531388888889
2024-06-30 07:00:00+00:00,4382.219444444445,4382.219444444445
2024-06-30 08:00:00+00:00,8358.09888888889,8358.09888888889
2024-06-30 09:00:00+00:00,9266.9475,9266.9475
2024-06-30 10:00:00+00:00,130330.90138888887,130330.90138888887
2024-06-30 11:00:00+00:00,7339.268888888889,7339.268888888889
2024-06-30 12:00:00+00:00,8740.942777777778,7339.268888888889
2024-06-30 13:00:00+00:00,13895.4075,13895.4075
2024-06-30 14:00:00+00:00,5265.925555555556,5265.925555555556
2024-06-30 15:00:00+00:00,11449.040555555555,11449.040555555555
2024-06-30 16:00:00+00:00,7485.176111111111,7485.176111111111
2024-06-30 17:00:00+00:00,7354.106944444445,7354.106944444445
2024-06-30 18:00:00+00:00,7453.003888888888,7453.003888888888
2024-06-30 19:00:00+00:00,7678.128888888888,7678.128888888888
2024-06-30 20:00:00+00:00,22741.321111111112,22741.321111111112
2024-06-30 21:00:00+00:00,10581.738611111112,10581.738611111112
2024-06-30 22:00:00+00:00,10650.647222222222,10650.647222222222
2024-06-30 23:00:00+00:00,8530.605555555556,8530.605555555556
2024-07-01 00:00:00+00:00,11656.785277777775,11656.785277777775
2024-07-01 01:00:00+00:00,5809.695833333333,5809.695833333333
2024-07-01 02:00:00+00:00,43317.25083333333,43317.25083333333
2024-07-01 03:00:00+00:00,51780.23722222223,51780.23722222223
2024-07-01 04:00:00+00:00,36978.721666666665,36978.721666666665
2024-07-01 05:00:00+00:00,39948.70916666667,39948.70916666667
2024-07-01 06:00:00+00:00,108106.96694444444,108106.96694444444
2024-07-01 07:00:00+00:00,53027.52527777778,53027.52527777778
2024-07-01 08:00:00+00:00,15836.204166666666,15836.204166666666
2024-07-01 09:00:00+00:00,16743.92111111111,16743.92111111111
2024-07-01 10:00:00+00:00,28078.12111111111,28078.12111111111
2024-07-01 11:00:00+00:00,6983.788055555556,6983.788055555556
2024-07-01 12:00:00+00:00,7275.033333333334,7275.033333333334
2024-07-01 13:00:00+00:00,6920.832777777778,6920.832777777778
2024-07-01 14:00:00+00:00,9784.875,9784.875
2024-07-01 15:00:00+00:00,9861.9825,9861.9825
2024-07-01 16:00:00+00:00,11461.4175,11461.4175
2024-07-01 17:00:00+00:00,5918.590833333334,5918.590833333334
2024-07-01 18:00:00+00:00,5240.143333333333,5240.143333333333
2024-07-01 19:00:00+00:00,13273.761388888888,5240.143333333333
2024-07-01 20:00:00+00:00,4235.284166666666,4235.284166666666
2024-07-01 21:00:00+00:00,5555.820555555556,5555.820555555556
2024-07-01 22:00:00+00:00,6207.221388888889,6207.221388888889
2024-07-01 23:00:00+00:00,3611.5847222222224,3611.5847222222224
2024-07-02 00:00:00+00:00,3395.467777777778,3395.467777777778
2024-07-02 01:00:00+00:00,2571.3952777777777,2571.3952777777777
2024-07-02 02:00:00+00:00,26203.79555555556,26203.79555555556
2024-07-02 03:00:00+00:00,50613.29972222223,26203.79555555556
2024-07-02 04:00:00+00:00,98451.49,98451.49
2024-07-02 05:00:00+00:00,23249.11305555556,23249.11305555556
2024-07-02 06:00:00+00:00,23092.12777777778,23092.12777777778
2024-07-02 07:00:00+00:00,27271.703055555558,27271.703055555558
2024-07-02 08:00:00+00:00,41779.35361111111,41779.35361111111
2024-07-02 09:00:00+00:00,29967.924444444445,29967.924444444445
2024-07-02 10:00:00+00:00,15190.68611111111,15190.68611111111
2024-07-02 11:00:00+00:00,16877.840277777777,16877.840277777777
2024-07-02 12:00:00+00:00,7452.5569444444445,7452.5569444444445
2024-07-02 13:00:00+00:00,3237.1994444444445,3237.1994444444445
2024-07-02 14:00:00+00:00,5058.592777777778,5058.592777777778
2024-07-02 15:00:00+00:00,2734.3997222222224,2734.3997222222224
2024-07-02 16:00:00+00:00,2326.395833333333,2326.395833333333
2024-07-02 17:00:00+00:00,4411.623611111111,2326.395833333333
2024-07-02 18:00:00+00:00,4133.607777777778,2326.395833333333
2024-07-02 19:00:00+00:00,5009.583888888889,5009.583888888889
2024-07-02 20:00:00+00:00,5350.063055555555,5350.063055555555
2024-07-02 21:00:00+00:00,2506.048333333333,2506.048333333333
2024-07-02 22:00:00+00:00,10693.262222222222,10693.262222222222
2024-07-02 23:00:00+00:00,9020.307777777778,9020.307777777778
2024-07-03 00:00:00+00:00,40954.87388888889,40954.87388888889
2024-07-03 01:00:00+00:00,2674.2858333333334,2674.2858333333334
2024-07-03 02:00:00+00:00,3701.734444444444,3701.734444444444
2024-07-03 03:00:00+00:00,9928.900555555556,9928.900555555556
2024-07-03 04:00:00+00:00,32688.391944444444,32688.391944444444
2024-07-03 05:00:00+00:00,20511.35,20511.35
2024-07-03 06:00:00+00:00,21556.495277777776,21556.495277777776
2024-07-03 07:00:00+00:00,13052.153333333334,13052.153333333334
2024-07-03 08:00:00+00:00,13641.9475,13641.9475
2024-07-03 09:00:00+00:00,13479.56111111111,13479.56111111111
2024-07-03 10:00:00+00:00,13991.989444444444,13991.989444444444
2024-07-03 11:00:00+00:00,10924.506666666666,10924.506666666666
2024-07-03 12:00:00+00:00,6143.7775,6143.7775
2024-07-03 13:00:00+00:00,15222.170277777775,15222.170277777775
2024-07-03 14:00:00+00:00,8178.790277777778,8178.790277777778
2024-07-03 15:00:00+00:00,3944.6297222222224,3944.6297222222224
2024-07-03 16:00:00+00:00,6389.336111111111,6389.336111111111
2024-07-03 17:00:00+00:00,4498.708611111111,4498.708611111111
2024-07-03 18:00:00+00:00,4231.773888888889,4231.773888888889
2024-07-03 19:00:00+00:00,4276.294722222222,4276.294722222222
2024-07-03 20:00:00+00:00,8066.864722222223,8066.864722222223
2024-07-03 21:00:00+00:00,12929.065555555557,12929.065555555557
2024-07-03 22:00:00+00:00,2972.4880555555555,2972.4880555555555
2024-07-03 23:00:00+00:00,12284.037777777778,12284.037777777778
2024-07-04 00:00:00+00:00,16013.949444444444,16013.949444444444
2024-07-04 01:00:00+00:00,6694.186388888889,6694.186388888889
2024-07-04 02:00:00+00:00,8291.50861111111,8291.50861111111
2024-07-04 03:00:00+00:00,9596.616666666669,9596.616666666669
2024-07-04 04:00:00+00:00,28503.945555555558,28503.945555555558
2024-07-04 05:00:00+00:00,19106.65472222222,19106.65472222222
2024-07-04 06:00:00+00:00,15053.423333333334,15053.423333333334
2024-07-04 07:00:00+00:00,26121.07222222222,26121.07222222222
2024-07-04 08:00:00+00:00,36385.04305555556,36385.04305555556
2024-07-04 09:00:00+00:00,20599.58055555556,20599.58055555556
2024-07-04 10:00:00+00:00,20085.32833333333,20085.32833333333
2024-07-04 11:00:00+00:00,9265.827777777778,9265.827777777778
2024-07-04 12:00:00+00:00,5393.530833333333,5393.530833333333
2024-07-04 13:00:00+00:00,5423.019444444444,5423.019444444444
2024-07-04 14:00:00+00:00,8234.227777777778,8234.227777777778
2024-07-04 15:00:00+00:00,7403.552222222223,7403.552222222223
2024-07-04 16:00:00+00:00,15015.175277777778,15015.175277777778
2024-07-04 17:00:00+00:00,2596.5569444444445,2596.5569444444445
2024-07-04 18:00:00+00:00,5147.714166666667,5147.714166666667
2024-07-04 19:00:00+00:00,16503.274444444443,16503.274444444443
2024-07-04 20:00:00+00:00,11436.583611111111,16503.274444444443
2024-07-04 21:00:00+00:00,6870.169722222222,6870.169722222222
2024-07-04 22:00:00+00:00,5917.033888888889,5917.033888888889
2024-07-04 23:00:00+00:00,5572.926944444444,5572.926944444444
2024-07-05 00:00:00+00:00,5534.234444444444,5534.234444444444
2024-07-05 01:00:00+00:00,5932.780277777778,5932.780277777778
2024-07-05 02:00:00+00:00,7694.687222222222,7694.687222222222
2024-07-05 03:00:00+00:00,5988.774722222222,5988.774722222222
2024-07-05 04:00:00+00:00,4380.637222222223,4380.637222222223
2024-07-05 05:00:00+00:00,5170.769722222222,5170.769722222222
2024-07-05 06:00:00+00:00,3052.1930555555555,3052.1930555555555
2024-07-05 07:00:00+00:00,5517.590833333334,5517.590833333334
2024-07-05 08:00:00+00:00,11689.409722222224,11689.409722222224
2024-07-05 09:00:00+00:00,3421.401666666666,11689.409722222224
2024-07-05 10:00:00+00:00,3530.333333333333,3530.333333333333
2024-07-05 11:00:00+00:00,2979.8819444444443,2979.8819444444443
2024-07-05 12:00:00+00:00,3912.6666666666665,3912.6666666666665
2024-07-05 13:00:00+00:00,3995.489444444445,3995.489444444445
2024-07-05 14:00:00+00:00,4136.9275,4136.9275
2024-07-05 15:00:00+00:00,6324.936944444445,6324.936944444445
2024-07-05 16:00:00+00:00,4752.9325,6324.936944444445
2024-07-05 17:00:00+00:00,8242.026666666667,8242.026666666667
2024-07-05 18:00:00+00:00,6952.856944444445,6952.856944444445
2024-07-05 19:00:00+00:00,2959.548333333333,2959.548333333333
2024-07-05 20:00:00+00:00,10115.443611111112,10115.443611111112
2024-07-05 21:00:00+00:00,6780.636666666666,6780.636666666666
2024-07-05 22:00:00+00:00,6125.281666666667,6125.281666666667
2024-07-05 23:00:00+00:00,1451.6758333333332,1451.6758333333332
2024-07-06 00:00:00+00:00,10258.371111111112,10258.371111111112
2024-07-06 01:00:00+00:00,3628.7191666666663,3628.7191666666663
2024-07-06 02:00:00+00:00,1234.9844444444443,3628.7191666666663
2024-07-06 03:00:00+00:00,6625.835555555555,6625.835555555555
2024-07-06 04:00:00+00:00,9505.0,6625.835555555555
2024-07-06 05:00:00+00:00,9642.563055555556,9642.563055555556
2024-07-06 06:00:00+00:00,11218.660555555556,11218.660555555556
2024-07-06 07:00:00+00:00,4594.236666666667,4594.236666666667
2024-07-06 08:00:00+00:00,4426.361111111111,4426.361111111111
2024-07-06 09:00:00+00:00,8693.351111111111,8693.351111111111
2024-07-06 10:00:00+00:00,5018.483055555555,5018.483055555555
2024-07-06 11:00:00+00:00,5958.639444444444,5958.639444444444
2024-07-06 12:00:00+00:00,5021.2225,5021.2225
2024-07-06 13:00:00+00:00,5779.718333333333,5779.718333333333
2024-07-06 14:00:00+00:00,2757.895833333333,2757.895833333333
2024-07-06 15:00:00+00:00,4411.064722222222,4411.064722222222
2024-07-06 16:00:00+00:00,5239.9719444444445,5239.9719444444445
2024-07-06 17:00:00+00:00,5167.420555555555,5167.420555555555
2024-07-06 18:00:00+00:00,3069.370555555556,3069.370555555556
2024-07-06 19:00:00+00:00,4559.274166666667,3069.370555555556
2024-07-06 20:00:00+00:00,3416.4666666666667,3416.4666666666667
2024-07-06 21:00:00+00:00,6055.0075,6055.0075
2024-07-06 22:00:00+00:00,1072.2736111111112,1072.2736111111112
2024-07-06 23:00:00+00:00,3220.6427777777776,3220.6427777777776
2024-07-07 00:00:00+00:00,5434.756666666667,3220.6427777777776
2024-07-07 01:00:00+00:00,4777.5,4777.5
2024-07-07 02:00:00+00:00,5841.2733333333335,4777.5
2024-07-07 03:00:00+00:00,11402.202222222222,11402.202222222222
2024-07-07 04:00:00+00:00,1835.2502777777777,1835.2502777777777
2024-07-07 05:00:00+00:00,9401.869444444445,9401.869444444445
2024-07-07 06:00:00+00:00,12322.990277777775,9401.869444444445
2024-07-07 07:00:00+00:00,15445.47138888889,15445.47138888889
2024-07-07 08:00:00+00:00,16210.067222222222,16210.067222222222
2024-07-07 09:00:00+00:00,4506.580555555555,4506.580555555555
2024-07-07 10:00:00+00:00,2817.743611111111,2817.743611111111
2024-07-07 11:00:00+00:00,3257.538055555556,3257.538055555556
2024-07-07 12:00:00+00:00,7877.973055555555,7877.973055555555
2024-07-07 13:00:00+00:00,2754.0216666666665,2754.0216666666665
2024-07-07 14:00:00+00:00,3846.265833333333,3846.265833333333
2024-07-07 15:00:00+00:00,11928.1525,11928.1525
2024-07-07 16:00:00+00:00,5765.439444444444,5765.439444444444
2024-07-07 17:00:00+00:00,3792.495,3792.495
2024-07-07 18:00:00+00:00,5316.924722222222,5316.924722222222
2024-07-07 19:00:00+00:00,1661.7316666666666,5316.924722222222
2024-07-07 20:00:00+00:00,1520.53,1520.53
2024-07-07 21:00:00+00:00,5990.042777777778,5990.042777777778
2024-07-07 22:00:00+00:00,1732.6072222222222,1732.6072222222222
2024-07-07 23:00:00+00:00,599.0472222222222,599.0472222222222
2024-07-08 00:00:00+00:00,1689.2208333333333,1689.2208333333333
2024-07-08 01:00:00+00:00,1325.3961111111112,1325.3961111111112
2024-07-08 02:00:00+00:00,1532.8055555555557,1325.3961111111112
2024-07-08 03:00:00+00:00,19592.4825,19592.4825
2024-07-08 04:00:00+00:00,26467.77,26467.77
2024-07-08 05:00:00+00:00,100232.2725,100232.2725
2024-07-08 06:00:00+00:00,61229.703888888886,61229.703888888886
2024-07-08 07:00:00+00:00,9638.14388888889,9638.14388888889
2024-07-08 08:00:00+00:00,11799.409444444444,11799.409444444444
2024-07-08 09:00:00+00:00,19467.00083333333,19467.00083333333
2024-07-08 10:00:00+00:00,15082.950555555555,15082.950555555555
2024-07-08 11:00:00+00:00,13424.216944444444,13424.216944444444
2024-07-08 12:00:00+00:00,7750.016944444445,7750.016944444445
2024-07-08 13:00:00+00:00,2451.168611111111,2451.168611111111
2024-07-08 14:00:00+00:00,15580.491666666669,15580.491666666669
2024-07-08 15:00:00+00:00,2012.0,2012.0
2024-07-08 16:00:00+00:00,2581.2994444444444,2581.2994444444444
2024-07-08 17:00:00+00:00,4392.6033333333335,4392.6033333333335
2024-07-08 18:00:00+00:00,11771.450555555555,11771.450555555555
2024-07-08 19:00:00+00:00,3725.640833333333,3725.640833333333
2024-07-08 20:00:00+00:00,5348.067777777777,5348.067777777777
2024-07-08 21:00:00+00:00,30699.31777777778,30699.31777777778
2024-07-08 22:00:00+00:00,25917.60777777778,25917.60777777778
2024-07-08 23:00:00+00:00,1883.6522222222225,1883.6522222222225
2024-07-09 00:00:00+00:00,4545.236111111111,4545.236111111111
2024-07-09 01:00:00+00:00,7326.757777777778,7326.757777777778
2024-07-09 02:00:00+00:00,8659.565833333334,8659.565833333334
2024-07-09 03:00:00+00:00,64423.240277777775,64423.240277777775
2024-07-09 04:00:00+00:00,80955.01666666666,80955.01666666666
2024-07-09 05:00:00+00:00,31661.985555555555,31661.985555555555
2024-07-09 06:00:00+00:00,32650.949444444443,32650.949444444443
2024-07-09 07:00:00+00:00,20526.103055555555,20526.103055555555
2024-07-09 08:00:00+00:00,18359.734166666665,18359.734166666665
2024-07-09 09:00:00+00:00,17620.960833333334,17620.960833333334
2024-07-09 10:00:00+00:00,43693.46388888889,43693.46388888889
2024-07-09 11:00:00+00:00,11067.66777777778,43693.46388888889
2024-07-09 12:00:00+00:00,8388.9725,8388.9725
2024-07-09 13:00:00+00:00,4393.846388888889,4393.846388888889
2024-07-09 14:00:00+00:00,5896.861111111111,5896.861111111111
2024-07-09 15:00:00+00:00,3717.658333333333,3717.658333333333
2024-07-09 16:00:00+00:00,5971.5408333333335,5971.5408333333335
2024-07-09 17:00:00+00:00,4312.884166666667,4312.884166666667
2024-07-09 18:00:00+00:00,3296.285277777778,3296.285277777778
2024-07-09 19:00:00+00:00,3833.840833333333,3833.840833333333
2024-07-09 20:00:00+00:00,29962.95888888889,29962.95888888889
2024-07-09 21:00:00+00:00,5629.4625,5629.4625
2024-07-09 22:00:00+00:00,4455.715555555556,4455.715555555556
2024-07-09 23:00:00+00:00,4654.186111111111,4455.715555555556
2024-07-10 00:00:00+00:00,16482.268888888888,16482.268888888888
2024-07-10 01:00:00+00:00,17662.664166666666,16482.268888888888
2024-07-10 02:00:00+00:00,11161.743055555557,11161.743055555557
2024-07-10 03:00:00+00:00,36928.84638888889,36928.84638888889
2024-07-10 04:00:00+00:00,21966.55722222222,21966.55722222222
2024-07-10 05:00:00+00:00,14745.2925,14745.2925
2024-07-10 06:00:00+00:00,43345.342777777776,43345.342777777776
2024-07-10 07:00:00+00:00,12853.387777777778,12853.387777777778
2024-07-10 08:00:00+00:00,27218.34305555556,27218.34305555556
2024-07-10 09:00:00+00:00,88715.11055555556,88715.11055555556
2024-07-10 10:00:00+00:00,65350.68777777778,88715.11055555556
2024-07-10 11:00:00+00:00,17833.08111111111,17833.08111111111
2024-07-10 12:00:00+00:00,4749.036666666667,4749.036666666667
2024-07-10 13:00:00+00:00,4364.107777777778,4364.107777777778
2024-07-10 14:00:00+00:00,2833.0519444444444,2833.0519444444444
2024-07-10 15:00:00+00:00,5368.893611111111,5368.893611111111
2024-07-10 16:00:00+00:00,5523.312777777778,5523.312777777778
2024-07-10 17:00:00+00:00,12219.291111111112,12219.291111111112
2024-07-10 18:00:00+00:00,1382.102777777778,1382.102777777778
2024-07-10 19:00:00+00:00,4774.745277777778,4774.745277777778
2024-07-10 20:00:00+00:00,4233.348611111112,4233.348611111112
2024-07-10 21:00:00+00:00,8444.83,8444.83
2024-07-10 22:00:00+00:00,5412.512222222223,5412.512222222223
2024-07-10 23:00:00+00:00,6142.678611111111,5412.512222222223
2024-07-11 00:00:00+00:00,6345.013888888889,6345.013888888889
2024-07-11 01:00:00+00:00,10576.645833333334,6345.013888888889
2024-07-11 02:00:00+00:00,13006.240555555556,13006.240555555556
2024-07-11 03:00:00+00:00,33683.91694444444,33683.91694444444
2024-07-11 04:00:00+00:00,92938.59444444445,92938.59444444445
2024-07-11 05:00:00+00:00,14692.540555555555,14692.540555555555
2024-07-11 06:00:00+00:00,24623.4425,24623.4425
2024-07-11 07:00:00+00:00,19575.790555555555,19575.790555555555
2024-07-11 08:00:00+00:00,17739.470555555556,19575.790555555555
2024-07-11 09:00:00+00:00,16216.9075,16216.9075
2024-07-11 10:00:00+00:00,8251.339166666667,8251.339166666667
2024-07-11 11:00:00+00:00,28931.65166666667,28931.65166666667
2024-07-11 12:00:00+00:00,11111.710833333333,11111.710833333333
2024-07-11 13:00:00+00:00,15626.33777777778,15626.33777777778
2024-07-11 14:00:00+00:00,2709.118611111111,2709.118611111111
2024-07-11 15:00:00+00:00,6647.320833333333,6647.320833333333
2024-07-11 16:00:00+00:00,3484.0666666666666,3484.0666666666666
2024-07-11 17:00:00+00:00,5592.9425,3484.0666666666666
2024-07-11 18:00:00+00:00,13118.274166666666,13118.274166666666
2024-07-11 19:00:00+00:00,3237.635555555556,3237.635555555556
2024-07-11 20:00:00+00:00,6839.171944444444,6839.171944444444
2024-07-11 21:00:00+00:00,3552.610833333333,3552.610833333333
2024-07-11 22:00:00+00:00,5194.944166666667,3552.610833333333
2024-07-11 23:00:00+00:00,3470.4825,3552.610833333333
2024-07-12 00:00:00+00:00,39766.65388888889,3552.610833333333
2024-07-12 01:00:00+00:00,6943.66,6943.66
2024-07-12 02:00:00+00:00,15727.023055555555,15727.023055555555
2024-07-12 03:00:00+00:00,17370.016666666666,17370.016666666666
2024-07-12 04:00:00+00:00,34879.89305555556,34879.89305555556
2024-07-12 05:00:00+00:00,12810.874166666666,12810.874166666666
2024-07-12 06:00:00+00:00,12101.838055555556,12101.838055555556
2024-07-12 07:00:00+00:00,11182.17888888889,11182.17888888889
2024-07-12 08:00:00+00:00,37806.75972222223,37806.75972222223
2024-07-12 09:00:00+00:00,24778.553333333333,24778.553333333333
2024-07-12 10:00:00+00:00,5892.948055555556,5892.948055555556
2024-07-12 11:00:00+00:00,9494.1,9494.1
2024-07-12 12:00:00+00:00,8284.288611111111,8284.288611111111
2024-07-12 13:00:00+00:00,3781.895,3781.895
2024-07-12 14:00:00+00:00,5830.901944444445,5830.901944444445
2024-07-12 15:00:00+00:00,5127.204444444445,5127.204444444445
2024-07-12 16:00:00+00:00,3146.008333333333,3146.008333333333
2024-07-12 17:00:00+00:00,7985.5952777777775,7985.5952777777775
2024-07-12 18:00:00+00:00,1609.525,1609.525
2024-07-12 19:00:00+00:00,12873.13388888889,12873.13388888889
2024-07-12 20:00:00+00:00,3335.0958333333333,3335.0958333333333
2024-07-12 21:00:00+00:00,4376.571944444445,4376.571944444445
2024-07-12 22:00:00+00:00,7389.208888888889,7389.208888888889
2024-07-12 23:00:00+00:00,4438.390555555556,4438.390555555556
2024-07-13 00:00:00+00:00,2044.3277777777776,2044.3277777777776
2024-07-13 01:00:00+00:00,2379.9569444444446,2379.9569444444446
2024-07-13 02:00:00+00:00,4298.621666666667,4298.621666666667
2024-07-13 03:00:00+00:00,8532.160833333333,8532.160833333333
2024-07-13 04:00:00+00:00,5815.856388888889,5815.856388888889
2024-07-13 05:00:00+00:00,6373.420277777778,6373.420277777778
2024-07-13 06:00:00+00:00,5822.968333333333,5822.968333333333
2024-07-13 07:00:00+00:00,11055.377777777778,5822.968333333333
2024-07-13 08:00:00+00:00,3817.004444444444,3817.004444444444
2024-07-13 09:00:00+00:00,11580.063333333334,11580.063333333334
2024-07-13 10:00:00+00:00,7784.486388888888,7784.486388888888
2024-07-13 11:00:00+00:00,4332.761666666666,4332.761666666666
2024-07-13 12:00:00+00:00,8892.966666666667,8892.966666666667
2024-07-13 13:00:00+00:00,5283.668611111111,5283.668611111111
2024-07-13 14:00:00+00:00,10261.256666666666,10261.256666666666
2024-07-13 15:00:00+00:00,5420.773055555555,5420.773055555555
2024-07-13 16:00:00+00:00,7725.878611111111,7725.878611111111
2024-07-13 17:00:00+00:00,2301.4538888888887,2301.4538888888887
2024-07-13 18:00:00+00:00,5215.023055555555,5215.023055555555
2024-07-13 19:00:00+00:00,23871.27083333333,23871.27083333333
2024-07-13 20:00:00+00:00,30061.87305555556,23871.27083333333
2024-07-13 21:00:00+00:00,5017.380555555556,5017.380555555556
2024-07-13 22:00:00+00:00,3719.458611111111,3719.458611111111
2024-07-13 23:00:00+00:00,1538.7144444444446,1538.7144444444446
2024-07-14 00:00:00+00:00,3593.4775,3593.4775
2024-07-14 01:00:00+00:00,4699.158333333334,4699.158333333334
2024-07-14 02:00:00+00:00,4779.233888888889,4779.233888888889
2024-07-14 03:00:00+00:00,9379.58111111111,9379.58111111111
2024-07-14 04:00:00+00:00,9808.576666666666,9808.576666666666
2024-07-14 05:00:00+00:00,10244.953333333331,10244.953333333331
2024-07-14 06:00:00+00:00,8500.205833333333,8500.205833333333
2024-07-14 07:00:00+00:00,69327.52,69327.52
2024-07-14 08:00:00+00:00,64432.176666666666,64432.176666666666
2024-07-14 09:00:00+00:00,8725.856944444444,8725.856944444444
2024-07-14 10:00:00+00:00,3822.323055555556,3822.323055555556
2024-07-14 11:00:00+00:00,9547.788888888888,9547.788888888888
2024-07-14 12:00:00+00:00,7510.417222222222,7510.417222222222
2024-07-14 13:00:00+00:00,9170.949166666667,9170.949166666667
2024-07-14 14:00:00+00:00,10113.761388888888,10113.761388888888
2024-07-14 15:00:00+00:00,10808.936666666666,10808.936666666666
2024-07-14 16:00:00+00:00,7393.950277777778,7393.950277777778
2024-07-14 17:00:00+00:00,4110.483333333334,4110.483333333334
2024-07-14 18:00:00+00:00,10810.07,10810.07
2024-07-14 19:00:00+00:00,15479.166944444443,15479.166944444443
2024-07-14 20:00:00+00:00,31146.27888888889,31146.27888888889
2024-07-14 21:00:00+00:00,5294.481111111111,5294.481111111111
