dataset_base,imputed_file,original_file,method,missing_rate,n,dtw_distance,dtw_similarity,period_dom_ori,period_dom_imp,period_diff_ratio,period_similarity,spectral_cosine_similarity,trend_window,trend_corr
esmond data perfsonar-ankara.ulakbim.gov.tr to psmp-gn-bw-lis-pt.geant.org 10-24-2023,esmond data perfsonar-ankara.ulakbim.gov.tr to psmp-gn-bw-lis-pt.geant.org 10-24-2023_mr10_ARIMA_imputed.csv,esmond data perfsonar-ankara.ulakbim.gov.tr to psmp-gn-bw-lis-pt.geant.org 10-24-2023_longest.csv,ARIMA,,1015,114.11778446741671,0.008686755088507137,6,5,0.16666666666666666,0.8333333333333334,0.9694911971797403,5,0.9544759796235117
esmond data perfsonar-ankara.ulakbim.gov.tr to psmp-gn-bw-lis-pt.geant.org 10-24-2023,esmond data perfsonar-ankara.ulakbim.gov.tr to psmp-gn-bw-lis-pt.geant.org 10-24-2023_mr20_ARIMA_imputed.csv,esmond data perfsonar-ankara.ulakbim.gov.tr to psmp-gn-bw-lis-pt.geant.org 10-24-2023_longest.csv,ARIMA,,1015,241.88568629490274,0.004117163161215838,6,7,0.14285714285714285,0.8571428571428572,0.9370698518244711,6,0.8849976090541154
esmond data perfsonar-ankara.ulakbim.gov.tr to psmp-gn-bw-lis-pt.geant.org 10-24-2023,esmond data perfsonar-ankara.ulakbim.gov.tr to psmp-gn-bw-lis-pt.geant.org 10-24-2023_mr30_ARIMA_imputed.csv,esmond data perfsonar-ankara.ulakbim.gov.tr to psmp-gn-bw-lis-pt.geant.org 10-24-2023_longest.csv,ARIMA,,1015,366.0581607078875,0.002724363893916585,6,13,0.5384615384615384,0.46153846153846156,0.901649737681283,9,0.7908735709214829
esmond data perfsonar-ankara.ulakbim.gov.tr to psmp-gn-bw-lis-pt.geant.org 10-24-2023,esmond data perfsonar-ankara.ulakbim.gov.tr to psmp-gn-bw-lis-pt.geant.org 10-24-2023_mr40_ARIMA_imputed.csv,esmond data perfsonar-ankara.ulakbim.gov.tr to psmp-gn-bw-lis-pt.geant.org 10-24-2023_longest.csv,ARIMA,,1015,435.45787677676395,0.0022911718477507787,6,41,0.8536585365853658,0.14634146341463417,0.8670650227618658,23,0.24318094837370924
esmond data perfsonar-ankara.ulakbim.gov.tr to psmp-gn-bw-lis-pt.geant.org 10-24-2023,esmond data perfsonar-ankara.ulakbim.gov.tr to psmp-gn-bw-lis-pt.geant.org 10-24-2023_mr10_HoltWinters_imputed.csv,esmond data perfsonar-ankara.ulakbim.gov.tr to psmp-gn-bw-lis-pt.geant.org 10-24-2023_longest.csv,HoltWinters,,1015,110.55694611878194,0.00896403168777348,6,6,0.0,1.0,0.9618311603280876,6,0.9478728351554314
esmond data perfsonar-ankara.ulakbim.gov.tr to psmp-gn-bw-lis-pt.geant.org 10-24-2023,esmond data perfsonar-ankara.ulakbim.gov.tr to psmp-gn-bw-lis-pt.geant.org 10-24-2023_mr20_HoltWinters_imputed.csv,esmond data perfsonar-ankara.ulakbim.gov.tr to psmp-gn-bw-lis-pt.geant.org 10-24-2023_longest.csv,HoltWinters,,1015,238.6038579097306,0.004173555504171992,6,41,0.8536585365853658,0.14634146341463417,0.9297642992387269,23,0.891645365049499
esmond data perfsonar-ankara.ulakbim.gov.tr to psmp-gn-bw-lis-pt.geant.org 10-24-2023,esmond data perfsonar-ankara.ulakbim.gov.tr to psmp-gn-bw-lis-pt.geant.org 10-24-2023_mr30_HoltWinters_imputed.csv,esmond data perfsonar-ankara.ulakbim.gov.tr to psmp-gn-bw-lis-pt.geant.org 10-24-2023_longest.csv,HoltWinters,,1015,344.3316390552717,0.0028957671029961607,6,13,0.5384615384615384,0.46153846153846156,0.8995119500475102,9,0.7889126311934458
esmond data perfsonar-ankara.ulakbim.gov.tr to psmp-gn-bw-lis-pt.geant.org 10-24-2023,esmond data perfsonar-ankara.ulakbim.gov.tr to psmp-gn-bw-lis-pt.geant.org 10-24-2023_mr40_HoltWinters_imputed.csv,esmond data perfsonar-ankara.ulakbim.gov.tr to psmp-gn-bw-lis-pt.geant.org 10-24-2023_longest.csv,HoltWinters,,1015,422.64921572340637,0.0023604434114021435,6,31,0.8064516129032258,0.19354838709677424,0.8651827136503835,18,0.727545287592798
esmond data perfsonar-ankara.ulakbim.gov.tr to psmp-gn-bw-lis-pt.geant.org 10-24-2023,esmond data perfsonar-ankara.ulakbim.gov.tr to psmp-gn-bw-lis-pt.geant.org 10-24-2023_mr10_KNN_Sklearn_imputed.csv,esmond data perfsonar-ankara.ulakbim.gov.tr to psmp-gn-bw-lis-pt.geant.org 10-24-2023_longest.csv,KNN_Sklearn,,1015,113.35164293998243,0.008744955247602791,6,5,0.16666666666666666,0.8333333333333334,0.965123235021125,5,0.9474406901301375
esmond data perfsonar-ankara.ulakbim.gov.tr to psmp-gn-bw-lis-pt.geant.org 10-24-2023,esmond data perfsonar-ankara.ulakbim.gov.tr to psmp-gn-bw-lis-pt.geant.org 10-24-2023_mr20_KNN_Sklearn_imputed.csv,esmond data perfsonar-ankara.ulakbim.gov.tr to psmp-gn-bw-lis-pt.geant.org 10-24-2023_longest.csv,KNN_Sklearn,,1015,237.78745142216786,0.004187824753956752,6,7,0.14285714285714285,0.8571428571428572,0.9307926349568122,6,0.8868283568378112
esmond data perfsonar-ankara.ulakbim.gov.tr to psmp-gn-bw-lis-pt.geant.org 10-24-2023,esmond data perfsonar-ankara.ulakbim.gov.tr to psmp-gn-bw-lis-pt.geant.org 10-24-2023_mr30_KNN_Sklearn_imputed.csv,esmond data perfsonar-ankara.ulakbim.gov.tr to psmp-gn-bw-lis-pt.geant.org 10-24-2023_longest.csv,KNN_Sklearn,,1015,357.4982292553034,0.0027894140567368136,6,13,0.5384615384615384,0.46153846153846156,0.8984015150192356,9,0.8082703564143845
esmond data perfsonar-ankara.ulakbim.gov.tr to psmp-gn-bw-lis-pt.geant.org 10-24-2023,esmond data perfsonar-ankara.ulakbim.gov.tr to psmp-gn-bw-lis-pt.geant.org 10-24-2023_mr40_KNN_Sklearn_imputed.csv,esmond data perfsonar-ankara.ulakbim.gov.tr to psmp-gn-bw-lis-pt.geant.org 10-24-2023_longest.csv,KNN_Sklearn,,1015,444.6596158877177,0.0022438649685771537,6,13,0.5384615384615384,0.46153846153846156,0.8810126582194981,9,0.7624017474872445
esmond data perfsonar-ankara.ulakbim.gov.tr to psmp-gn-bw-lis-pt.geant.org 10-24-2023,esmond data perfsonar-ankara.ulakbim.gov.tr to psmp-gn-bw-lis-pt.geant.org 10-24-2023_mr10_Kalman_imputed.csv,esmond data perfsonar-ankara.ulakbim.gov.tr to psmp-gn-bw-lis-pt.geant.org 10-24-2023_longest.csv,Kalman,,1015,109.06254492247669,0.009085743026425173,6,15,0.6,0.4,0.938837114209635,10,0.9212482491448091
esmond data perfsonar-ankara.ulakbim.gov.tr to psmp-gn-bw-lis-pt.geant.org 10-24-2023,esmond data perfsonar-ankara.ulakbim.gov.tr to psmp-gn-bw-lis-pt.geant.org 10-24-2023_mr20_Kalman_imputed.csv,esmond data perfsonar-ankara.ulakbim.gov.tr to psmp-gn-bw-lis-pt.geant.org 10-24-2023_longest.csv,Kalman,,1015,219.28502910205555,0.00453957313429916,6,60,0.9,0.09999999999999998,0.8928966101243307,33,0.859304655051113
esmond data perfsonar-ankara.ulakbim.gov.tr to psmp-gn-bw-lis-pt.geant.org 10-24-2023,esmond data perfsonar-ankara.ulakbim.gov.tr to psmp-gn-bw-lis-pt.geant.org 10-24-2023_mr30_Kalman_imputed.csv,esmond data perfsonar-ankara.ulakbim.gov.tr to psmp-gn-bw-lis-pt.geant.org 10-24-2023_longest.csv,Kalman,,1015,335.13024312216237,0.00297503726743375,6,13,0.5384615384615384,0.46153846153846156,0.8622497151496289,9,0.6316240100810449
esmond data perfsonar-ankara.ulakbim.gov.tr to psmp-gn-bw-lis-pt.geant.org 10-24-2023,esmond data perfsonar-ankara.ulakbim.gov.tr to psmp-gn-bw-lis-pt.geant.org 10-24-2023_mr40_Kalman_imputed.csv,esmond data perfsonar-ankara.ulakbim.gov.tr to psmp-gn-bw-lis-pt.geant.org 10-24-2023_longest.csv,Kalman,,1015,453.3883806876304,0.0022007605002722346,6,44,0.8636363636363636,0.13636363636363635,0.7870193631624816,25,0.16673481821185582
esmond data perfsonar-ankara.ulakbim.gov.tr to psmp-gn-bw-lis-pt.geant.org 10-24-2023,esmond data perfsonar-ankara.ulakbim.gov.tr to psmp-gn-bw-lis-pt.geant.org 10-24-2023_mr10_LOCF_imputed.csv,esmond data perfsonar-ankara.ulakbim.gov.tr to psmp-gn-bw-lis-pt.geant.org 10-24-2023_longest.csv,LOCF,,1015,78.79135906208012,0.01253268539043143,6,15,0.6,0.4,0.9639328465703427,10,0.9531297568334224
esmond data perfsonar-ankara.ulakbim.gov.tr to psmp-gn-bw-lis-pt.geant.org 10-24-2023,esmond data perfsonar-ankara.ulakbim.gov.tr to psmp-gn-bw-lis-pt.geant.org 10-24-2023_mr20_LOCF_imputed.csv,esmond data perfsonar-ankara.ulakbim.gov.tr to psmp-gn-bw-lis-pt.geant.org 10-24-2023_longest.csv,LOCF,,1015,169.24960373171515,0.005873728796313866,6,127,0.952755905511811,0.047244094488189003,0.9167962205565481,66,0.883291925823406
esmond data perfsonar-ankara.ulakbim.gov.tr to psmp-gn-bw-lis-pt.geant.org 10-24-2023,esmond data perfsonar-ankara.ulakbim.gov.tr to psmp-gn-bw-lis-pt.geant.org 10-24-2023_mr30_LOCF_imputed.csv,esmond data perfsonar-ankara.ulakbim.gov.tr to psmp-gn-bw-lis-pt.geant.org 10-24-2023_longest.csv,LOCF,,1015,272.12468699203333,0.003661331427097136,6,36,0.8333333333333334,0.16666666666666663,0.8787746811135524,21,0.7641956462518253
esmond data perfsonar-ankara.ulakbim.gov.tr to psmp-gn-bw-lis-pt.geant.org 10-24-2023,esmond data perfsonar-ankara.ulakbim.gov.tr to psmp-gn-bw-lis-pt.geant.org 10-24-2023_mr40_LOCF_imputed.csv,esmond data perfsonar-ankara.ulakbim.gov.tr to psmp-gn-bw-lis-pt.geant.org 10-24-2023_longest.csv,LOCF,,1015,347.0956762455354,0.0028727734018006946,6,31,0.8064516129032258,0.19354838709677424,0.8454857199447552,18,0.666108171312076
esmond data perfsonar-ankara.ulakbim.gov.tr to psmp-gn-bw-lis-pt.geant.org 10-24-2023,esmond data perfsonar-ankara.ulakbim.gov.tr to psmp-gn-bw-lis-pt.geant.org 10-24-2023_mr10_Linear_imputed.csv,esmond data perfsonar-ankara.ulakbim.gov.tr to psmp-gn-bw-lis-pt.geant.org 10-24-2023_longest.csv,Linear,,1015,125.12026483394533,0.007928939899679386,6,15,0.6,0.4,0.9624183468639537,10,0.9495825503686658
esmond data perfsonar-ankara.ulakbim.gov.tr to psmp-gn-bw-lis-pt.geant.org 10-24-2023,esmond data perfsonar-ankara.ulakbim.gov.tr to psmp-gn-bw-lis-pt.geant.org 10-24-2023_mr20_Linear_imputed.csv,esmond data perfsonar-ankara.ulakbim.gov.tr to psmp-gn-bw-lis-pt.geant.org 10-24-2023_longest.csv,Linear,,1015,241.35872050948709,0.004126115197744061,6,7,0.14285714285714285,0.8571428571428572,0.921724263101344,6,0.8423199087785326
esmond data perfsonar-ankara.ulakbim.gov.tr to psmp-gn-bw-lis-pt.geant.org 10-24-2023,esmond data perfsonar-ankara.ulakbim.gov.tr to psmp-gn-bw-lis-pt.geant.org 10-24-2023_mr30_Linear_imputed.csv,esmond data perfsonar-ankara.ulakbim.gov.tr to psmp-gn-bw-lis-pt.geant.org 10-24-2023_longest.csv,Linear,,1015,349.3103760849137,0.002854611419667468,6,13,0.5384615384615384,0.46153846153846156,0.8797625001960022,9,0.7756573944066605
esmond data perfsonar-ankara.ulakbim.gov.tr to psmp-gn-bw-lis-pt.geant.org 10-24-2023,esmond data perfsonar-ankara.ulakbim.gov.tr to psmp-gn-bw-lis-pt.geant.org 10-24-2023_mr40_Linear_imputed.csv,esmond data perfsonar-ankara.ulakbim.gov.tr to psmp-gn-bw-lis-pt.geant.org 10-24-2023_longest.csv,Linear,,1015,426.092696782246,0.0023414120811104666,6,31,0.8064516129032258,0.19354838709677424,0.8480785221106892,18,0.7122272835218639
esmond data perfsonar-ankara.ulakbim.gov.tr to psmp-gn-bw-lis-pt.geant.org 10-24-2023,esmond data perfsonar-ankara.ulakbim.gov.tr to psmp-gn-bw-lis-pt.geant.org 10-24-2023_mr10_Mean_imputed.csv,esmond data perfsonar-ankara.ulakbim.gov.tr to psmp-gn-bw-lis-pt.geant.org 10-24-2023_longest.csv,Mean,,1015,113.35164293998243,0.008744955247602791,6,5,0.16666666666666666,0.8333333333333334,0.965123235021125,5,0.9474406901301375
esmond data perfsonar-ankara.ulakbim.gov.tr to psmp-gn-bw-lis-pt.geant.org 10-24-2023,esmond data perfsonar-ankara.ulakbim.gov.tr to psmp-gn-bw-lis-pt.geant.org 10-24-2023_mr20_Mean_imputed.csv,esmond data perfsonar-ankara.ulakbim.gov.tr to psmp-gn-bw-lis-pt.geant.org 10-24-2023_longest.csv,Mean,,1015,237.78745142216786,0.004187824753956752,6,7,0.14285714285714285,0.8571428571428572,0.9307926349568122,6,0.8868283568378112
esmond data perfsonar-ankara.ulakbim.gov.tr to psmp-gn-bw-lis-pt.geant.org 10-24-2023,esmond data perfsonar-ankara.ulakbim.gov.tr to psmp-gn-bw-lis-pt.geant.org 10-24-2023_mr30_Mean_imputed.csv,esmond data perfsonar-ankara.ulakbim.gov.tr to psmp-gn-bw-lis-pt.geant.org 10-24-2023_longest.csv,Mean,,1015,357.4982292553034,0.0027894140567368136,6,13,0.5384615384615384,0.46153846153846156,0.8984015150192356,9,0.8082703564143845
esmond data perfsonar-ankara.ulakbim.gov.tr to psmp-gn-bw-lis-pt.geant.org 10-24-2023,esmond data perfsonar-ankara.ulakbim.gov.tr to psmp-gn-bw-lis-pt.geant.org 10-24-2023_mr40_Mean_imputed.csv,esmond data perfsonar-ankara.ulakbim.gov.tr to psmp-gn-bw-lis-pt.geant.org 10-24-2023_longest.csv,Mean,,1015,444.6596158877177,0.0022438649685771537,6,13,0.5384615384615384,0.46153846153846156,0.8810126582194981,9,0.7624017474872445
esmond data perfsonar-ankara.ulakbim.gov.tr to psmp-gn-bw-lis-pt.geant.org 10-24-2023,esmond data perfsonar-ankara.ulakbim.gov.tr to psmp-gn-bw-lis-pt.geant.org 10-24-2023_mr10_SVD_KNN_imputed.csv,esmond data perfsonar-ankara.ulakbim.gov.tr to psmp-gn-bw-lis-pt.geant.org 10-24-2023_longest.csv,SVD_KNN,,1015,115.7145539797769,0.0085679117633716,6,5,0.16666666666666666,0.8333333333333334,0.9614953928578777,5,0.9412627846838961
esmond data perfsonar-ankara.ulakbim.gov.tr to psmp-gn-bw-lis-pt.geant.org 10-24-2023,esmond data perfsonar-ankara.ulakbim.gov.tr to psmp-gn-bw-lis-pt.geant.org 10-24-2023_mr20_SVD_KNN_imputed.csv,esmond data perfsonar-ankara.ulakbim.gov.tr to psmp-gn-bw-lis-pt.geant.org 10-24-2023_longest.csv,SVD_KNN,,1015,240.42031850298014,0.004142153428513747,6,5,0.16666666666666666,0.8333333333333334,0.9248913223595195,5,0.8702344704575925
esmond data perfsonar-ankara.ulakbim.gov.tr to psmp-gn-bw-lis-pt.geant.org 10-24-2023,esmond data perfsonar-ankara.ulakbim.gov.tr to psmp-gn-bw-lis-pt.geant.org 10-24-2023_mr30_SVD_KNN_imputed.csv,esmond data perfsonar-ankara.ulakbim.gov.tr to psmp-gn-bw-lis-pt.geant.org 10-24-2023_longest.csv,SVD_KNN,,1015,351.729612628334,0.002835032739521321,6,13,0.5384615384615384,0.46153846153846156,0.8939170751713478,9,0.7775348296584538
esmond data perfsonar-ankara.ulakbim.gov.tr to psmp-gn-bw-lis-pt.geant.org 10-24-2023,esmond data perfsonar-ankara.ulakbim.gov.tr to psmp-gn-bw-lis-pt.geant.org 10-24-2023_mr40_SVD_KNN_imputed.csv,esmond data perfsonar-ankara.ulakbim.gov.tr to psmp-gn-bw-lis-pt.geant.org 10-24-2023_longest.csv,SVD_KNN,,1015,430.2941243004021,0.0023186033466653182,6,31,0.8064516129032258,0.19354838709677424,0.8715995320163508,18,0.7719255343438679
esmond data perfsonar-ankara.ulakbim.gov.tr to psmp-gn-bw-lis-pt.geant.org 10-24-2023,esmond data perfsonar-ankara.ulakbim.gov.tr to psmp-gn-bw-lis-pt.geant.org 10-24-2023_mr10_SVD_KNN_Hankel_imputed.csv,esmond data perfsonar-ankara.ulakbim.gov.tr to psmp-gn-bw-lis-pt.geant.org 10-24-2023_longest.csv,SVD_KNN_Hankel,,1015,113.26975035369695,0.008751222409296593,6,5,0.16666666666666666,0.8333333333333334,0.9635203078506073,5,0.9455440316607031
esmond data perfsonar-ankara.ulakbim.gov.tr to psmp-gn-bw-lis-pt.geant.org 10-24-2023,esmond data perfsonar-ankara.ulakbim.gov.tr to psmp-gn-bw-lis-pt.geant.org 10-24-2023_mr20_SVD_KNN_Hankel_imputed.csv,esmond data perfsonar-ankara.ulakbim.gov.tr to psmp-gn-bw-lis-pt.geant.org 10-24-2023_longest.csv,SVD_KNN_Hankel,,1015,234.69738149339318,0.004242728509175359,6,41,0.8536585365853658,0.14634146341463417,0.9247936997595448,23,0.9078139376066753
esmond data perfsonar-ankara.ulakbim.gov.tr to psmp-gn-bw-lis-pt.geant.org 10-24-2023,esmond data perfsonar-ankara.ulakbim.gov.tr to psmp-gn-bw-lis-pt.geant.org 10-24-2023_mr30_SVD_KNN_Hankel_imputed.csv,esmond data perfsonar-ankara.ulakbim.gov.tr to psmp-gn-bw-lis-pt.geant.org 10-24-2023_longest.csv,SVD_KNN_Hankel,,1015,349.64254832982994,0.0028519071765910043,6,13,0.5384615384615384,0.46153846153846156,0.8976707188021571,9,0.802206800447921
esmond data perfsonar-ankara.ulakbim.gov.tr to psmp-gn-bw-lis-pt.geant.org 10-24-2023,esmond data perfsonar-ankara.ulakbim.gov.tr to psmp-gn-bw-lis-pt.geant.org 10-24-2023_mr40_SVD_KNN_Hankel_imputed.csv,esmond data perfsonar-ankara.ulakbim.gov.tr to psmp-gn-bw-lis-pt.geant.org 10-24-2023_longest.csv,SVD_KNN_Hankel,,1015,434.20051878400164,0.002297791378544563,6,13,0.5384615384615384,0.46153846153846156,0.879352015470981,9,0.760851410715796
esmond data perfsonar-ankara.ulakbim.gov.tr to psmp-gn-bw-lis-pt.geant.org 10-24-2023,esmond data perfsonar-ankara.ulakbim.gov.tr to psmp-gn-bw-lis-pt.geant.org 10-24-2023_mr10_Spline_imputed.csv,esmond data perfsonar-ankara.ulakbim.gov.tr to psmp-gn-bw-lis-pt.geant.org 10-24-2023_longest.csv,Spline,,1015,92.59123198301583,0.010684761583023844,6,15,0.6,0.4,0.9525005090071036,10,0.928366825796016
esmond data perfsonar-ankara.ulakbim.gov.tr to psmp-gn-bw-lis-pt.geant.org 10-24-2023,esmond data perfsonar-ankara.ulakbim.gov.tr to psmp-gn-bw-lis-pt.geant.org 10-24-2023_mr20_Spline_imputed.csv,esmond data perfsonar-ankara.ulakbim.gov.tr to psmp-gn-bw-lis-pt.geant.org 10-24-2023_longest.csv,Spline,,1015,201.0718958673388,0.00494873369553827,6,7,0.14285714285714285,0.8571428571428572,0.8850250270967174,6,0.758532845882839
esmond data perfsonar-ankara.ulakbim.gov.tr to psmp-gn-bw-lis-pt.geant.org 10-24-2023,esmond data perfsonar-ankara.ulakbim.gov.tr to psmp-gn-bw-lis-pt.geant.org 10-24-2023_mr30_Spline_imputed.csv,esmond data perfsonar-ankara.ulakbim.gov.tr to psmp-gn-bw-lis-pt.geant.org 10-24-2023_longest.csv,Spline,,1015,288.75816160838883,0.0034511538672429543,6,36,0.8333333333333334,0.16666666666666663,0.8370002675293374,21,0.709483769227963
esmond data perfsonar-ankara.ulakbim.gov.tr to psmp-gn-bw-lis-pt.geant.org 10-24-2023,esmond data perfsonar-ankara.ulakbim.gov.tr to psmp-gn-bw-lis-pt.geant.org 10-24-2023_mr40_Spline_imputed.csv,esmond data perfsonar-ankara.ulakbim.gov.tr to psmp-gn-bw-lis-pt.geant.org 10-24-2023_longest.csv,Spline,,1015,370.38754774826555,0.0026926050861506576,6,31,0.8064516129032258,0.19354838709677424,0.7924101178012921,18,0.5882042275504158
esmond data perfsonar-ankara.ulakbim.gov.tr to psmp-gn-bw-poz-pl.geant.org 10-24-2023,esmond data perfsonar-ankara.ulakbim.gov.tr to psmp-gn-bw-poz-pl.geant.org 10-24-2023_mr10_ARIMA_imputed.csv,esmond data perfsonar-ankara.ulakbim.gov.tr to psmp-gn-bw-poz-pl.geant.org 10-24-2023_longest.csv,ARIMA,,1038,99.27296613020246,0.00997277769465321,32,32,0.0,1.0,0.9800831605471515,32,0.9627475384848467
esmond data perfsonar-ankara.ulakbim.gov.tr to psmp-gn-bw-poz-pl.geant.org 10-24-2023,esmond data perfsonar-ankara.ulakbim.gov.tr to psmp-gn-bw-poz-pl.geant.org 10-24-2023_mr20_ARIMA_imputed.csv,esmond data perfsonar-ankara.ulakbim.gov.tr to psmp-gn-bw-poz-pl.geant.org 10-24-2023_longest.csv,ARIMA,,1038,195.56370750097446,0.0050874091291498585,32,32,0.0,1.0,0.954520149761336,32,0.9135709563715739
esmond data perfsonar-ankara.ulakbim.gov.tr to psmp-gn-bw-poz-pl.geant.org 10-24-2023,esmond data perfsonar-ankara.ulakbim.gov.tr to psmp-gn-bw-poz-pl.geant.org 10-24-2023_mr30_ARIMA_imputed.csv,esmond data perfsonar-ankara.ulakbim.gov.tr to psmp-gn-bw-poz-pl.geant.org 10-24-2023_longest.csv,ARIMA,,1038,287.5298818599165,0.0034658455254402655,32,32,0.0,1.0,0.9268392520554855,32,0.8822231347847175
esmond data perfsonar-ankara.ulakbim.gov.tr to psmp-gn-bw-poz-pl.geant.org 10-24-2023,esmond data perfsonar-ankara.ulakbim.gov.tr to psmp-gn-bw-poz-pl.geant.org 10-24-2023_mr40_ARIMA_imputed.csv,esmond data perfsonar-ankara.ulakbim.gov.tr to psmp-gn-bw-poz-pl.geant.org 10-24-2023_longest.csv,ARIMA,,1038,356.0636774500959,0.002800620906448157,32,23,0.28125,0.71875,0.898850232211523,27,0.39667590318842316
esmond data perfsonar-ankara.ulakbim.gov.tr to psmp-gn-bw-poz-pl.geant.org 10-24-2023,esmond data perfsonar-ankara.ulakbim.gov.tr to psmp-gn-bw-poz-pl.geant.org 10-24-2023_mr10_HoltWinters_imputed.csv,esmond data perfsonar-ankara.ulakbim.gov.tr to psmp-gn-bw-poz-pl.geant.org 10-24-2023_longest.csv,HoltWinters,,1038,92.03491751358764,0.01074865251376131,32,23,0.28125,0.71875,0.9786923600880448,27,0.9612959886285323
esmond data perfsonar-ankara.ulakbim.gov.tr to psmp-gn-bw-poz-pl.geant.org 10-24-2023,esmond data perfsonar-ankara.ulakbim.gov.tr to psmp-gn-bw-poz-pl.geant.org 10-24-2023_mr20_HoltWinters_imputed.csv,esmond data perfsonar-ankara.ulakbim.gov.tr to psmp-gn-bw-poz-pl.geant.org 10-24-2023_longest.csv,HoltWinters,,1038,192.09511876650333,0.0051787948156744,32,32,0.0,1.0,0.9513789256469931,32,0.9073055038355824
esmond data perfsonar-ankara.ulakbim.gov.tr to psmp-gn-bw-poz-pl.geant.org 10-24-2023,esmond data perfsonar-ankara.ulakbim.gov.tr to psmp-gn-bw-poz-pl.geant.org 10-24-2023_mr30_HoltWinters_imputed.csv,esmond data perfsonar-ankara.ulakbim.gov.tr to psmp-gn-bw-poz-pl.geant.org 10-24-2023_longest.csv,HoltWinters,,1038,273.7304632178293,0.0036399312558473584,32,32,0.0,1.0,0.9275288126860594,32,0.8906882189678489
esmond data perfsonar-ankara.ulakbim.gov.tr to psmp-gn-bw-poz-pl.geant.org 10-24-2023,esmond data perfsonar-ankara.ulakbim.gov.tr to psmp-gn-bw-poz-pl.geant.org 10-24-2023_mr40_HoltWinters_imputed.csv,esmond data perfsonar-ankara.ulakbim.gov.tr to psmp-gn-bw-poz-pl.geant.org 10-24-2023_longest.csv,HoltWinters,,1038,328.17870205916404,0.0030378636094757663,32,32,0.0,1.0,0.9060162189589348,32,0.8478770626868469
esmond data perfsonar-ankara.ulakbim.gov.tr to psmp-gn-bw-poz-pl.geant.org 10-24-2023,esmond data perfsonar-ankara.ulakbim.gov.tr to psmp-gn-bw-poz-pl.geant.org 10-24-2023_mr10_KNN_Sklearn_imputed.csv,esmond data perfsonar-ankara.ulakbim.gov.tr to psmp-gn-bw-poz-pl.geant.org 10-24-2023_longest.csv,KNN_Sklearn,,1038,99.42310278345836,0.009957867983389171,32,32,0.0,1.0,0.981016400746328,32,0.9687759566483944
esmond data perfsonar-ankara.ulakbim.gov.tr to psmp-gn-bw-poz-pl.geant.org 10-24-2023,esmond data perfsonar-ankara.ulakbim.gov.tr to psmp-gn-bw-poz-pl.geant.org 10-24-2023_mr20_KNN_Sklearn_imputed.csv,esmond data perfsonar-ankara.ulakbim.gov.tr to psmp-gn-bw-poz-pl.geant.org 10-24-2023_longest.csv,KNN_Sklearn,,1038,203.95873761984467,0.0048790308313412314,32,32,0.0,1.0,0.9560545508325422,32,0.9247130706426038
esmond data perfsonar-ankara.ulakbim.gov.tr to psmp-gn-bw-poz-pl.geant.org 10-24-2023,esmond data perfsonar-ankara.ulakbim.gov.tr to psmp-gn-bw-poz-pl.geant.org 10-24-2023_mr30_KNN_Sklearn_imputed.csv,esmond data perfsonar-ankara.ulakbim.gov.tr to psmp-gn-bw-poz-pl.geant.org 10-24-2023_longest.csv,KNN_Sklearn,,1038,295.56873782117776,0.0033718995715690393,32,32,0.0,1.0,0.9327412675683292,32,0.8962463300727509
esmond data perfsonar-ankara.ulakbim.gov.tr to psmp-gn-bw-poz-pl.geant.org 10-24-2023,esmond data perfsonar-ankara.ulakbim.gov.tr to psmp-gn-bw-poz-pl.geant.org 10-24-2023_mr40_KNN_Sklearn_imputed.csv,esmond data perfsonar-ankara.ulakbim.gov.tr to psmp-gn-bw-poz-pl.geant.org 10-24-2023_longest.csv,KNN_Sklearn,,1038,371.03913839073886,0.0026878892482267206,32,23,0.28125,0.71875,0.921075712785364,27,0.8468827620195372
esmond data perfsonar-ankara.ulakbim.gov.tr to psmp-gn-bw-poz-pl.geant.org 10-24-2023,esmond data perfsonar-ankara.ulakbim.gov.tr to psmp-gn-bw-poz-pl.geant.org 10-24-2023_mr10_Kalman_imputed.csv,esmond data perfsonar-ankara.ulakbim.gov.tr to psmp-gn-bw-poz-pl.geant.org 10-24-2023_longest.csv,Kalman,,1038,153.73826170509673,0.006462525744962936,32,32,0.0,1.0,0.9377181104161122,32,0.9063998385446521
esmond data perfsonar-ankara.ulakbim.gov.tr to psmp-gn-bw-poz-pl.geant.org 10-24-2023,esmond data perfsonar-ankara.ulakbim.gov.tr to psmp-gn-bw-poz-pl.geant.org 10-24-2023_mr20_Kalman_imputed.csv,esmond data perfsonar-ankara.ulakbim.gov.tr to psmp-gn-bw-poz-pl.geant.org 10-24-2023_longest.csv,Kalman,,1038,262.76288567099436,0.003791283968766378,32,32,0.0,1.0,0.9002444538903588,32,0.8024149717026439
esmond data perfsonar-ankara.ulakbim.gov.tr to psmp-gn-bw-poz-pl.geant.org 10-24-2023,esmond data perfsonar-ankara.ulakbim.gov.tr to psmp-gn-bw-poz-pl.geant.org 10-24-2023_mr30_Kalman_imputed.csv,esmond data perfsonar-ankara.ulakbim.gov.tr to psmp-gn-bw-poz-pl.geant.org 10-24-2023_longest.csv,Kalman,,1038,340.38563905042656,0.002929238625214368,32,32,0.0,1.0,0.8763040300556177,32,0.7704372483135012
esmond data perfsonar-ankara.ulakbim.gov.tr to psmp-gn-bw-poz-pl.geant.org 10-24-2023,esmond data perfsonar-ankara.ulakbim.gov.tr to psmp-gn-bw-poz-pl.geant.org 10-24-2023_mr40_Kalman_imputed.csv,esmond data perfsonar-ankara.ulakbim.gov.tr to psmp-gn-bw-poz-pl.geant.org 10-24-2023_longest.csv,Kalman,,1038,421.78624494682447,0.0023652614340037813,32,32,0.0,1.0,0.8571142892751846,32,0.29351065297117374
esmond data perfsonar-ankara.ulakbim.gov.tr to psmp-gn-bw-poz-pl.geant.org 10-24-2023,esmond data perfsonar-ankara.ulakbim.gov.tr to psmp-gn-bw-poz-pl.geant.org 10-24-2023_mr10_LOCF_imputed.csv,esmond data perfsonar-ankara.ulakbim.gov.tr to psmp-gn-bw-poz-pl.geant.org 10-24-2023_longest.csv,LOCF,,1038,76.48859408825341,0.012905125093134079,32,9,0.71875,0.28125,0.9702001543416152,20,0.9472082159324343
esmond data perfsonar-ankara.ulakbim.gov.tr to psmp-gn-bw-poz-pl.geant.org 10-24-2023,esmond data perfsonar-ankara.ulakbim.gov.tr to psmp-gn-bw-poz-pl.geant.org 10-24-2023_mr20_LOCF_imputed.csv,esmond data perfsonar-ankara.ulakbim.gov.tr to psmp-gn-bw-poz-pl.geant.org 10-24-2023_longest.csv,LOCF,,1038,134.57600761427787,0.007375936329715962,32,9,0.71875,0.28125,0.938611610844569,20,0.8816863138586768
esmond data perfsonar-ankara.ulakbim.gov.tr to psmp-gn-bw-poz-pl.geant.org 10-24-2023,esmond data perfsonar-ankara.ulakbim.gov.tr to psmp-gn-bw-poz-pl.geant.org 10-24-2023_mr30_LOCF_imputed.csv,esmond data perfsonar-ankara.ulakbim.gov.tr to psmp-gn-bw-poz-pl.geant.org 10-24-2023_longest.csv,LOCF,,1038,208.33369326755474,0.004777061849866063,32,86,0.627906976744186,0.37209302325581395,0.9011853122990482,59,0.8190048849706276
esmond data perfsonar-ankara.ulakbim.gov.tr to psmp-gn-bw-poz-pl.geant.org 10-24-2023,esmond data perfsonar-ankara.ulakbim.gov.tr to psmp-gn-bw-poz-pl.geant.org 10-24-2023_mr40_LOCF_imputed.csv,esmond data perfsonar-ankara.ulakbim.gov.tr to psmp-gn-bw-poz-pl.geant.org 10-24-2023_longest.csv,LOCF,,1038,266.4948086834416,0.003738390307168237,32,86,0.627906976744186,0.37209302325581395,0.8735751628589751,59,0.7547542988667512
esmond data perfsonar-ankara.ulakbim.gov.tr to psmp-gn-bw-poz-pl.geant.org 10-24-2023,esmond data perfsonar-ankara.ulakbim.gov.tr to psmp-gn-bw-poz-pl.geant.org 10-24-2023_mr10_Linear_imputed.csv,esmond data perfsonar-ankara.ulakbim.gov.tr to psmp-gn-bw-poz-pl.geant.org 10-24-2023_longest.csv,Linear,,1038,108.67365542044102,0.009117959971028919,32,23,0.28125,0.71875,0.9667978955876376,27,0.9328201993967331
esmond data perfsonar-ankara.ulakbim.gov.tr to psmp-gn-bw-poz-pl.geant.org 10-24-2023,esmond data perfsonar-ankara.ulakbim.gov.tr to psmp-gn-bw-poz-pl.geant.org 10-24-2023_mr20_Linear_imputed.csv,esmond data perfsonar-ankara.ulakbim.gov.tr to psmp-gn-bw-poz-pl.geant.org 10-24-2023_longest.csv,Linear,,1038,193.55813882033019,0.005139851799895538,32,32,0.0,1.0,0.9405166102082746,32,0.8876627130025045
esmond data perfsonar-ankara.ulakbim.gov.tr to psmp-gn-bw-poz-pl.geant.org 10-24-2023,esmond data perfsonar-ankara.ulakbim.gov.tr to psmp-gn-bw-poz-pl.geant.org 10-24-2023_mr30_Linear_imputed.csv,esmond data perfsonar-ankara.ulakbim.gov.tr to psmp-gn-bw-poz-pl.geant.org 10-24-2023_longest.csv,Linear,,1038,284.69626690776323,0.0035002207443013216,32,32,0.0,1.0,0.9061656668474759,32,0.8770844282277618
esmond data perfsonar-ankara.ulakbim.gov.tr to psmp-gn-bw-poz-pl.geant.org 10-24-2023,esmond data perfsonar-ankara.ulakbim.gov.tr to psmp-gn-bw-poz-pl.geant.org 10-24-2023_mr40_Linear_imputed.csv,esmond data perfsonar-ankara.ulakbim.gov.tr to psmp-gn-bw-poz-pl.geant.org 10-24-2023_longest.csv,Linear,,1038,359.8185341483867,0.002771476255675796,32,23,0.28125,0.71875,0.8776867501214386,27,0.7829941287385606
esmond data perfsonar-ankara.ulakbim.gov.tr to psmp-gn-bw-poz-pl.geant.org 10-24-2023,esmond data perfsonar-ankara.ulakbim.gov.tr to psmp-gn-bw-poz-pl.geant.org 10-24-2023_mr10_Mean_imputed.csv,esmond data perfsonar-ankara.ulakbim.gov.tr to psmp-gn-bw-poz-pl.geant.org 10-24-2023_longest.csv,Mean,,1038,99.42310278345836,0.009957867983389171,32,32,0.0,1.0,0.981016400746328,32,0.9687759566483944
esmond data perfsonar-ankara.ulakbim.gov.tr to psmp-gn-bw-poz-pl.geant.org 10-24-2023,esmond data perfsonar-ankara.ulakbim.gov.tr to psmp-gn-bw-poz-pl.geant.org 10-24-2023_mr20_Mean_imputed.csv,esmond data perfsonar-ankara.ulakbim.gov.tr to psmp-gn-bw-poz-pl.geant.org 10-24-2023_longest.csv,Mean,,1038,203.95873761984467,0.0048790308313412314,32,32,0.0,1.0,0.9560545508325422,32,0.9247130706426038
esmond data perfsonar-ankara.ulakbim.gov.tr to psmp-gn-bw-poz-pl.geant.org 10-24-2023,esmond data perfsonar-ankara.ulakbim.gov.tr to psmp-gn-bw-poz-pl.geant.org 10-24-2023_mr30_Mean_imputed.csv,esmond data perfsonar-ankara.ulakbim.gov.tr to psmp-gn-bw-poz-pl.geant.org 10-24-2023_longest.csv,Mean,,1038,295.56873782117776,0.0033718995715690393,32,32,0.0,1.0,0.9327412675683292,32,0.8962463300727509
esmond data perfsonar-ankara.ulakbim.gov.tr to psmp-gn-bw-poz-pl.geant.org 10-24-2023,esmond data perfsonar-ankara.ulakbim.gov.tr to psmp-gn-bw-poz-pl.geant.org 10-24-2023_mr40_Mean_imputed.csv,esmond data perfsonar-ankara.ulakbim.gov.tr to psmp-gn-bw-poz-pl.geant.org 10-24-2023_longest.csv,Mean,,1038,371.03913839073886,0.0026878892482267206,32,23,0.28125,0.71875,0.921075712785364,27,0.8468827620195372
esmond data perfsonar-ankara.ulakbim.gov.tr to psmp-gn-bw-poz-pl.geant.org 10-24-2023,esmond data perfsonar-ankara.ulakbim.gov.tr to psmp-gn-bw-poz-pl.geant.org 10-24-2023_mr10_SVD_KNN_imputed.csv,esmond data perfsonar-ankara.ulakbim.gov.tr to psmp-gn-bw-poz-pl.geant.org 10-24-2023_longest.csv,SVD_KNN,,1038,93.23852097434009,0.010611371970409922,32,23,0.28125,0.71875,0.9797487403329095,27,0.9679605681556421
esmond data perfsonar-ankara.ulakbim.gov.tr to psmp-gn-bw-poz-pl.geant.org 10-24-2023,esmond data perfsonar-ankara.ulakbim.gov.tr to psmp-gn-bw-poz-pl.geant.org 10-24-2023_mr20_SVD_KNN_imputed.csv,esmond data perfsonar-ankara.ulakbim.gov.tr to psmp-gn-bw-poz-pl.geant.org 10-24-2023_longest.csv,SVD_KNN,,1038,191.6905170677174,0.0051896689843256225,32,32,0.0,1.0,0.9526251463512992,32,0.9124128434450639
esmond data perfsonar-ankara.ulakbim.gov.tr to psmp-gn-bw-poz-pl.geant.org 10-24-2023,esmond data perfsonar-ankara.ulakbim.gov.tr to psmp-gn-bw-poz-pl.geant.org 10-24-2023_mr30_SVD_KNN_imputed.csv,esmond data perfsonar-ankara.ulakbim.gov.tr to psmp-gn-bw-poz-pl.geant.org 10-24-2023_longest.csv,SVD_KNN,,1038,280.58070623733863,0.003551379685641957,32,32,0.0,1.0,0.9269792971556587,32,0.8760436555505228
esmond data perfsonar-ankara.ulakbim.gov.tr to psmp-gn-bw-poz-pl.geant.org 10-24-2023,esmond data perfsonar-ankara.ulakbim.gov.tr to psmp-gn-bw-poz-pl.geant.org 10-24-2023_mr40_SVD_KNN_imputed.csv,esmond data perfsonar-ankara.ulakbim.gov.tr to psmp-gn-bw-poz-pl.geant.org 10-24-2023_longest.csv,SVD_KNN,,1038,356.381017499847,0.002798134067096689,32,23,0.28125,0.71875,0.914203107529778,27,0.8597502934392773
esmond data perfsonar-ankara.ulakbim.gov.tr to psmp-gn-bw-poz-pl.geant.org 10-24-2023,esmond data perfsonar-ankara.ulakbim.gov.tr to psmp-gn-bw-poz-pl.geant.org 10-24-2023_mr10_SVD_KNN_Hankel_imputed.csv,esmond data perfsonar-ankara.ulakbim.gov.tr to psmp-gn-bw-poz-pl.geant.org 10-24-2023_longest.csv,SVD_KNN_Hankel,,1038,92.83263675581284,0.01065727272060327,32,32,0.0,1.0,0.9808303228773076,32,0.9682836427932303
esmond data perfsonar-ankara.ulakbim.gov.tr to psmp-gn-bw-poz-pl.geant.org 10-24-2023,esmond data perfsonar-ankara.ulakbim.gov.tr to psmp-gn-bw-poz-pl.geant.org 10-24-2023_mr20_SVD_KNN_Hankel_imputed.csv,esmond data perfsonar-ankara.ulakbim.gov.tr to psmp-gn-bw-poz-pl.geant.org 10-24-2023_longest.csv,SVD_KNN_Hankel,,1038,194.26094544071734,0.005121351828666667,32,32,0.0,1.0,0.9545191988702386,32,0.9247441415968011
esmond data perfsonar-ankara.ulakbim.gov.tr to psmp-gn-bw-poz-pl.geant.org 10-24-2023,esmond data perfsonar-ankara.ulakbim.gov.tr to psmp-gn-bw-poz-pl.geant.org 10-24-2023_mr30_SVD_KNN_Hankel_imputed.csv,esmond data perfsonar-ankara.ulakbim.gov.tr to psmp-gn-bw-poz-pl.geant.org 10-24-2023_longest.csv,SVD_KNN_Hankel,,1038,282.38983031570496,0.003528708136371617,32,32,0.0,1.0,0.9320178739144975,32,0.9081693427550317
esmond data perfsonar-ankara.ulakbim.gov.tr to psmp-gn-bw-poz-pl.geant.org 10-24-2023,esmond data perfsonar-ankara.ulakbim.gov.tr to psmp-gn-bw-poz-pl.geant.org 10-24-2023_mr40_SVD_KNN_Hankel_imputed.csv,esmond data perfsonar-ankara.ulakbim.gov.tr to psmp-gn-bw-poz-pl.geant.org 10-24-2023_longest.csv,SVD_KNN_Hankel,,1038,353.83926698992684,0.0028181773919299298,32,9,0.71875,0.28125,0.9139724819626269,20,0.8555243127353861
esmond data perfsonar-ankara.ulakbim.gov.tr to psmp-gn-bw-poz-pl.geant.org 10-24-2023,esmond data perfsonar-ankara.ulakbim.gov.tr to psmp-gn-bw-poz-pl.geant.org 10-24-2023_mr10_Spline_imputed.csv,esmond data perfsonar-ankara.ulakbim.gov.tr to psmp-gn-bw-poz-pl.geant.org 10-24-2023_longest.csv,Spline,,1038,109.29079051745113,0.00906694017975845,32,23,0.28125,0.71875,0.9535265975372776,27,0.917597400864379
esmond data perfsonar-ankara.ulakbim.gov.tr to psmp-gn-bw-poz-pl.geant.org 10-24-2023,esmond data perfsonar-ankara.ulakbim.gov.tr to psmp-gn-bw-poz-pl.geant.org 10-24-2023_mr20_Spline_imputed.csv,esmond data perfsonar-ankara.ulakbim.gov.tr to psmp-gn-bw-poz-pl.geant.org 10-24-2023_longest.csv,Spline,,1038,197.16269912596064,0.005046358393434869,32,23,0.28125,0.71875,0.9040482704974308,27,0.8130724868921704
esmond data perfsonar-ankara.ulakbim.gov.tr to psmp-gn-bw-poz-pl.geant.org 10-24-2023,esmond data perfsonar-ankara.ulakbim.gov.tr to psmp-gn-bw-poz-pl.geant.org 10-24-2023_mr30_Spline_imputed.csv,esmond data perfsonar-ankara.ulakbim.gov.tr to psmp-gn-bw-poz-pl.geant.org 10-24-2023_longest.csv,Spline,,1038,287.93822075535684,0.0034609474557770505,32,7,0.78125,0.21875,0.846040187689584,19,0.7406429500432559
esmond data perfsonar-ankara.ulakbim.gov.tr to psmp-gn-bw-poz-pl.geant.org 10-24-2023,esmond data perfsonar-ankara.ulakbim.gov.tr to psmp-gn-bw-poz-pl.geant.org 10-24-2023_mr40_Spline_imputed.csv,esmond data perfsonar-ankara.ulakbim.gov.tr to psmp-gn-bw-poz-pl.geant.org 10-24-2023_longest.csv,Spline,,1038,420.31011481471745,0.0023735485212354255,32,23,0.28125,0.71875,0.7886762328303318,27,0.5097993979474574
esmond data perfsonar-sonda.rediris.es to psmp-gn-bw-lis-pt.geant.org 10-24-2023,esmond data perfsonar-sonda.rediris.es to psmp-gn-bw-lis-pt.geant.org 10-24-2023_mr10_ARIMA_imputed.csv,esmond data perfsonar-sonda.rediris.es to psmp-gn-bw-lis-pt.geant.org 10-24-2023_longest.csv,ARIMA,,299,28.811316194111395,0.033544308929155206,25,5,0.8,0.19999999999999996,0.9828316400572311,15,0.9528802126667448
esmond data perfsonar-sonda.rediris.es to psmp-gn-bw-lis-pt.geant.org 10-24-2023,esmond data perfsonar-sonda.rediris.es to psmp-gn-bw-lis-pt.geant.org 10-24-2023_mr20_ARIMA_imputed.csv,esmond data perfsonar-sonda.rediris.es to psmp-gn-bw-lis-pt.geant.org 10-24-2023_longest.csv,ARIMA,,299,51.57956650398867,0.019018795066028934,25,17,0.32,0.6799999999999999,0.9301385151233672,21,0.9122796827805668
esmond data perfsonar-sonda.rediris.es to psmp-gn-bw-lis-pt.geant.org 10-24-2023,esmond data perfsonar-sonda.rediris.es to psmp-gn-bw-lis-pt.geant.org 10-24-2023_mr30_ARIMA_imputed.csv,esmond data perfsonar-sonda.rediris.es to psmp-gn-bw-lis-pt.geant.org 10-24-2023_longest.csv,ARIMA,,299,78.77971036523854,0.012534515297459867,25,17,0.32,0.6799999999999999,0.9003368874886223,21,0.7927981401776681
esmond data perfsonar-sonda.rediris.es to psmp-gn-bw-lis-pt.geant.org 10-24-2023,esmond data perfsonar-sonda.rediris.es to psmp-gn-bw-lis-pt.geant.org 10-24-2023_mr40_ARIMA_imputed.csv,esmond data perfsonar-sonda.rediris.es to psmp-gn-bw-lis-pt.geant.org 10-24-2023_longest.csv,ARIMA,,299,82.32834522967948,0.012000718329923403,25,33,0.24242424242424243,0.7575757575757576,0.8596517397092533,29,0.7380519499914742
esmond data perfsonar-sonda.rediris.es to psmp-gn-bw-lis-pt.geant.org 10-24-2023,esmond data perfsonar-sonda.rediris.es to psmp-gn-bw-lis-pt.geant.org 10-24-2023_mr10_HoltWinters_imputed.csv,esmond data perfsonar-sonda.rediris.es to psmp-gn-bw-lis-pt.geant.org 10-24-2023_longest.csv,HoltWinters,,299,21.145203030497925,0.04515650629270909,25,25,0.0,1.0,0.9872716808137217,25,0.9666229774211288
esmond data perfsonar-sonda.rediris.es to psmp-gn-bw-lis-pt.geant.org 10-24-2023,esmond data perfsonar-sonda.rediris.es to psmp-gn-bw-lis-pt.geant.org 10-24-2023_mr20_HoltWinters_imputed.csv,esmond data perfsonar-sonda.rediris.es to psmp-gn-bw-lis-pt.geant.org 10-24-2023_longest.csv,HoltWinters,,299,45.771076445987035,0.021380735189082872,25,25,0.0,1.0,0.9556605448519191,25,0.9358035119292697
esmond data perfsonar-sonda.rediris.es to psmp-gn-bw-lis-pt.geant.org 10-24-2023,esmond data perfsonar-sonda.rediris.es to psmp-gn-bw-lis-pt.geant.org 10-24-2023_mr30_HoltWinters_imputed.csv,esmond data perfsonar-sonda.rediris.es to psmp-gn-bw-lis-pt.geant.org 10-24-2023_longest.csv,HoltWinters,,299,62.07823244313495,0.01585332944929141,25,25,0.0,1.0,0.9350726756072473,25,0.9000482539792825
esmond data perfsonar-sonda.rediris.es to psmp-gn-bw-lis-pt.geant.org 10-24-2023,esmond data perfsonar-sonda.rediris.es to psmp-gn-bw-lis-pt.geant.org 10-24-2023_mr40_HoltWinters_imputed.csv,esmond data perfsonar-sonda.rediris.es to psmp-gn-bw-lis-pt.geant.org 10-24-2023_longest.csv,HoltWinters,,299,81.83441695058836,0.012072276679348282,25,25,0.0,1.0,0.903620036606586,25,0.8210864011395813
esmond data perfsonar-sonda.rediris.es to psmp-gn-bw-lis-pt.geant.org 10-24-2023,esmond data perfsonar-sonda.rediris.es to psmp-gn-bw-lis-pt.geant.org 10-24-2023_mr10_KNN_Sklearn_imputed.csv,esmond data perfsonar-sonda.rediris.es to psmp-gn-bw-lis-pt.geant.org 10-24-2023_longest.csv,KNN_Sklearn,,299,18.28092824156162,0.05186472287389245,25,25,0.0,1.0,0.9900144240761708,25,0.9779591262067835
esmond data perfsonar-sonda.rediris.es to psmp-gn-bw-lis-pt.geant.org 10-24-2023,esmond data perfsonar-sonda.rediris.es to psmp-gn-bw-lis-pt.geant.org 10-24-2023_mr20_KNN_Sklearn_imputed.csv,esmond data perfsonar-sonda.rediris.es to psmp-gn-bw-lis-pt.geant.org 10-24-2023_longest.csv,KNN_Sklearn,,299,41.553587218723635,0.02349978146049221,25,8,0.68,0.31999999999999995,0.9658316989582395,16,0.9379248612479951
esmond data perfsonar-sonda.rediris.es to psmp-gn-bw-lis-pt.geant.org 10-24-2023,esmond data perfsonar-sonda.rediris.es to psmp-gn-bw-lis-pt.geant.org 10-24-2023_mr30_KNN_Sklearn_imputed.csv,esmond data perfsonar-sonda.rediris.es to psmp-gn-bw-lis-pt.geant.org 10-24-2023_longest.csv,KNN_Sklearn,,299,59.932437635172334,0.0164116198007277,25,17,0.32,0.6799999999999999,0.9583118211461326,21,0.9181577604558778
esmond data perfsonar-sonda.rediris.es to psmp-gn-bw-lis-pt.geant.org 10-24-2023,esmond data perfsonar-sonda.rediris.es to psmp-gn-bw-lis-pt.geant.org 10-24-2023_mr40_KNN_Sklearn_imputed.csv,esmond data perfsonar-sonda.rediris.es to psmp-gn-bw-lis-pt.geant.org 10-24-2023_longest.csv,KNN_Sklearn,,299,74.7336615526536,0.013204168126807827,25,6,0.76,0.24,0.933935722132594,15,0.8571452809960842
esmond data perfsonar-sonda.rediris.es to psmp-gn-bw-lis-pt.geant.org 10-24-2023,esmond data perfsonar-sonda.rediris.es to psmp-gn-bw-lis-pt.geant.org 10-24-2023_mr10_Kalman_imputed.csv,esmond data perfsonar-sonda.rediris.es to psmp-gn-bw-lis-pt.geant.org 10-24-2023_longest.csv,Kalman,,299,69.87951738479141,0.014108448207557484,25,25,0.0,1.0,0.8895306638548917,25,0.8833507429718972
esmond data perfsonar-sonda.rediris.es to psmp-gn-bw-lis-pt.geant.org 10-24-2023,esmond data perfsonar-sonda.rediris.es to psmp-gn-bw-lis-pt.geant.org 10-24-2023_mr20_Kalman_imputed.csv,esmond data perfsonar-sonda.rediris.es to psmp-gn-bw-lis-pt.geant.org 10-24-2023_longest.csv,Kalman,,299,87.98907910689418,0.011237333951942511,25,25,0.0,1.0,0.8701065137488274,25,0.8935445510274729
esmond data perfsonar-sonda.rediris.es to psmp-gn-bw-lis-pt.geant.org 10-24-2023,esmond data perfsonar-sonda.rediris.es to psmp-gn-bw-lis-pt.geant.org 10-24-2023_mr30_Kalman_imputed.csv,esmond data perfsonar-sonda.rediris.es to psmp-gn-bw-lis-pt.geant.org 10-24-2023_longest.csv,Kalman,,299,103.24821864596265,0.009592490049121124,25,25,0.0,1.0,0.8482671568448662,25,0.8461561057600868
esmond data perfsonar-sonda.rediris.es to psmp-gn-bw-lis-pt.geant.org 10-24-2023,esmond data perfsonar-sonda.rediris.es to psmp-gn-bw-lis-pt.geant.org 10-24-2023_mr40_Kalman_imputed.csv,esmond data perfsonar-sonda.rediris.es to psmp-gn-bw-lis-pt.geant.org 10-24-2023_longest.csv,Kalman,,299,117.8000250760708,0.00841750664075764,25,25,0.0,1.0,0.8183900768773111,25,0.7293470111632683
esmond data perfsonar-sonda.rediris.es to psmp-gn-bw-lis-pt.geant.org 10-24-2023,esmond data perfsonar-sonda.rediris.es to psmp-gn-bw-lis-pt.geant.org 10-24-2023_mr10_LOCF_imputed.csv,esmond data perfsonar-sonda.rediris.es to psmp-gn-bw-lis-pt.geant.org 10-24-2023_longest.csv,LOCF,,299,20.932001825593684,0.04559547313337554,25,25,0.0,1.0,0.9666538890228746,25,0.9225843897627781
esmond data perfsonar-sonda.rediris.es to psmp-gn-bw-lis-pt.geant.org 10-24-2023,esmond data perfsonar-sonda.rediris.es to psmp-gn-bw-lis-pt.geant.org 10-24-2023_mr20_LOCF_imputed.csv,esmond data perfsonar-sonda.rediris.es to psmp-gn-bw-lis-pt.geant.org 10-24-2023_longest.csv,LOCF,,299,47.32397547627716,0.020693661689546058,25,25,0.0,1.0,0.8832802828372908,25,0.9242555645545496
esmond data perfsonar-sonda.rediris.es to psmp-gn-bw-lis-pt.geant.org 10-24-2023,esmond data perfsonar-sonda.rediris.es to psmp-gn-bw-lis-pt.geant.org 10-24-2023_mr30_LOCF_imputed.csv,esmond data perfsonar-sonda.rediris.es to psmp-gn-bw-lis-pt.geant.org 10-24-2023_longest.csv,LOCF,,299,63.9208529279662,0.015403371257453493,25,17,0.32,0.6799999999999999,0.8645297393926343,21,0.8815944526542134
esmond data perfsonar-sonda.rediris.es to psmp-gn-bw-lis-pt.geant.org 10-24-2023,esmond data perfsonar-sonda.rediris.es to psmp-gn-bw-lis-pt.geant.org 10-24-2023_mr40_LOCF_imputed.csv,esmond data perfsonar-sonda.rediris.es to psmp-gn-bw-lis-pt.geant.org 10-24-2023_longest.csv,LOCF,,299,73.21362529491752,0.013474614614581892,25,33,0.24242424242424243,0.7575757575757576,0.8558446460993022,29,0.8321242115610504
esmond data perfsonar-sonda.rediris.es to psmp-gn-bw-lis-pt.geant.org 10-24-2023,esmond data perfsonar-sonda.rediris.es to psmp-gn-bw-lis-pt.geant.org 10-24-2023_mr10_Linear_imputed.csv,esmond data perfsonar-sonda.rediris.es to psmp-gn-bw-lis-pt.geant.org 10-24-2023_longest.csv,Linear,,299,24.1737482677241,0.03972392149809988,25,25,0.0,1.0,0.9789422904397297,25,0.9571080839558529
esmond data perfsonar-sonda.rediris.es to psmp-gn-bw-lis-pt.geant.org 10-24-2023,esmond data perfsonar-sonda.rediris.es to psmp-gn-bw-lis-pt.geant.org 10-24-2023_mr20_Linear_imputed.csv,esmond data perfsonar-sonda.rediris.es to psmp-gn-bw-lis-pt.geant.org 10-24-2023_longest.csv,Linear,,299,46.77680293376811,0.020930659621286866,25,25,0.0,1.0,0.9162366416690846,25,0.9417212942345762
esmond data perfsonar-sonda.rediris.es to psmp-gn-bw-lis-pt.geant.org 10-24-2023,esmond data perfsonar-sonda.rediris.es to psmp-gn-bw-lis-pt.geant.org 10-24-2023_mr30_Linear_imputed.csv,esmond data perfsonar-sonda.rediris.es to psmp-gn-bw-lis-pt.geant.org 10-24-2023_longest.csv,Linear,,299,65.77617852342999,0.014975400241706353,25,25,0.0,1.0,0.8975097747137692,25,0.9149426692781581
esmond data perfsonar-sonda.rediris.es to psmp-gn-bw-lis-pt.geant.org 10-24-2023,esmond data perfsonar-sonda.rediris.es to psmp-gn-bw-lis-pt.geant.org 10-24-2023_mr40_Linear_imputed.csv,esmond data perfsonar-sonda.rediris.es to psmp-gn-bw-lis-pt.geant.org 10-24-2023_longest.csv,Linear,,299,80.15759947171186,0.012321705009874746,25,25,0.0,1.0,0.8641908975293945,25,0.838766767028902
esmond data perfsonar-sonda.rediris.es to psmp-gn-bw-lis-pt.geant.org 10-24-2023,esmond data perfsonar-sonda.rediris.es to psmp-gn-bw-lis-pt.geant.org 10-24-2023_mr10_Mean_imputed.csv,esmond data perfsonar-sonda.rediris.es to psmp-gn-bw-lis-pt.geant.org 10-24-2023_longest.csv,Mean,,299,18.28092824156162,0.05186472287389245,25,25,0.0,1.0,0.9900144240761708,25,0.9779591262067835
esmond data perfsonar-sonda.rediris.es to psmp-gn-bw-lis-pt.geant.org 10-24-2023,esmond data perfsonar-sonda.rediris.es to psmp-gn-bw-lis-pt.geant.org 10-24-2023_mr20_Mean_imputed.csv,esmond data perfsonar-sonda.rediris.es to psmp-gn-bw-lis-pt.geant.org 10-24-2023_longest.csv,Mean,,299,41.553587218723635,0.02349978146049221,25,8,0.68,0.31999999999999995,0.9658316989582395,16,0.9379248612479951
esmond data perfsonar-sonda.rediris.es to psmp-gn-bw-lis-pt.geant.org 10-24-2023,esmond data perfsonar-sonda.rediris.es to psmp-gn-bw-lis-pt.geant.org 10-24-2023_mr30_Mean_imputed.csv,esmond data perfsonar-sonda.rediris.es to psmp-gn-bw-lis-pt.geant.org 10-24-2023_longest.csv,Mean,,299,59.932437635172334,0.0164116198007277,25,17,0.32,0.6799999999999999,0.9583118211461326,21,0.9181577604558778
esmond data perfsonar-sonda.rediris.es to psmp-gn-bw-lis-pt.geant.org 10-24-2023,esmond data perfsonar-sonda.rediris.es to psmp-gn-bw-lis-pt.geant.org 10-24-2023_mr40_Mean_imputed.csv,esmond data perfsonar-sonda.rediris.es to psmp-gn-bw-lis-pt.geant.org 10-24-2023_longest.csv,Mean,,299,74.7336615526536,0.013204168126807827,25,6,0.76,0.24,0.933935722132594,15,0.8571452809960842
esmond data perfsonar-sonda.rediris.es to psmp-gn-bw-lis-pt.geant.org 10-24-2023,esmond data perfsonar-sonda.rediris.es to psmp-gn-bw-lis-pt.geant.org 10-24-2023_mr10_SVD_KNN_imputed.csv,esmond data perfsonar-sonda.rediris.es to psmp-gn-bw-lis-pt.geant.org 10-24-2023_longest.csv,SVD_KNN,,299,19.61631278264533,0.04850527883151798,25,25,0.0,1.0,0.9865572102086816,25,0.975278950102625
esmond data perfsonar-sonda.rediris.es to psmp-gn-bw-lis-pt.geant.org 10-24-2023,esmond data perfsonar-sonda.rediris.es to psmp-gn-bw-lis-pt.geant.org 10-24-2023_mr20_SVD_KNN_imputed.csv,esmond data perfsonar-sonda.rediris.es to psmp-gn-bw-lis-pt.geant.org 10-24-2023_longest.csv,SVD_KNN,,299,42.28770291761907,0.02310124891364881,25,25,0.0,1.0,0.962549045673017,25,0.9513786294491063
esmond data perfsonar-sonda.rediris.es to psmp-gn-bw-lis-pt.geant.org 10-24-2023,esmond data perfsonar-sonda.rediris.es to psmp-gn-bw-lis-pt.geant.org 10-24-2023_mr30_SVD_KNN_imputed.csv,esmond data perfsonar-sonda.rediris.es to psmp-gn-bw-lis-pt.geant.org 10-24-2023_longest.csv,SVD_KNN,,299,54.02164946937271,0.01817466414845743,25,25,0.0,1.0,0.9514855786516365,25,0.9309898417927387
esmond data perfsonar-sonda.rediris.es to psmp-gn-bw-lis-pt.geant.org 10-24-2023,esmond data perfsonar-sonda.rediris.es to psmp-gn-bw-lis-pt.geant.org 10-24-2023_mr40_SVD_KNN_imputed.csv,esmond data perfsonar-sonda.rediris.es to psmp-gn-bw-lis-pt.geant.org 10-24-2023_longest.csv,SVD_KNN,,299,71.94844570614816,0.01370831126448139,25,8,0.68,0.31999999999999995,0.9275370511275911,16,0.8566104731563216
esmond data perfsonar-sonda.rediris.es to psmp-gn-bw-lis-pt.geant.org 10-24-2023,esmond data perfsonar-sonda.rediris.es to psmp-gn-bw-lis-pt.geant.org 10-24-2023_mr10_SVD_KNN_Hankel_imputed.csv,esmond data perfsonar-sonda.rediris.es to psmp-gn-bw-lis-pt.geant.org 10-24-2023_longest.csv,SVD_KNN_Hankel,,299,15.412329929280633,0.06092980121097474,25,25,0.0,1.0,0.990513672119605,25,0.9784991206387685
esmond data perfsonar-sonda.rediris.es to psmp-gn-bw-lis-pt.geant.org 10-24-2023,esmond data perfsonar-sonda.rediris.es to psmp-gn-bw-lis-pt.geant.org 10-24-2023_mr20_SVD_KNN_Hankel_imputed.csv,esmond data perfsonar-sonda.rediris.es to psmp-gn-bw-lis-pt.geant.org 10-24-2023_longest.csv,SVD_KNN_Hankel,,299,42.63839621515581,0.02291559925964226,25,8,0.68,0.31999999999999995,0.9615338187998114,16,0.9396382166675911
esmond data perfsonar-sonda.rediris.es to psmp-gn-bw-lis-pt.geant.org 10-24-2023,esmond data perfsonar-sonda.rediris.es to psmp-gn-bw-lis-pt.geant.org 10-24-2023_mr30_SVD_KNN_Hankel_imputed.csv,esmond data perfsonar-sonda.rediris.es to psmp-gn-bw-lis-pt.geant.org 10-24-2023_longest.csv,SVD_KNN_Hankel,,299,54.75722337819395,0.01793489595450496,25,17,0.32,0.6799999999999999,0.9536945779195736,21,0.9213004493529623
esmond data perfsonar-sonda.rediris.es to psmp-gn-bw-lis-pt.geant.org 10-24-2023,esmond data perfsonar-sonda.rediris.es to psmp-gn-bw-lis-pt.geant.org 10-24-2023_mr40_SVD_KNN_Hankel_imputed.csv,esmond data perfsonar-sonda.rediris.es to psmp-gn-bw-lis-pt.geant.org 10-24-2023_longest.csv,SVD_KNN_Hankel,,299,72.09423760416477,0.013680969017221432,25,25,0.0,1.0,0.9280959691499854,25,0.8817993883391227
esmond data perfsonar-sonda.rediris.es to psmp-gn-bw-lis-pt.geant.org 10-24-2023,esmond data perfsonar-sonda.rediris.es to psmp-gn-bw-lis-pt.geant.org 10-24-2023_mr10_Spline_imputed.csv,esmond data perfsonar-sonda.rediris.es to psmp-gn-bw-lis-pt.geant.org 10-24-2023_longest.csv,Spline,,299,26.384997965454346,0.03651634377557672,25,25,0.0,1.0,0.9675126423338157,25,0.9363312935962862
esmond data perfsonar-sonda.rediris.es to psmp-gn-bw-lis-pt.geant.org 10-24-2023,esmond data perfsonar-sonda.rediris.es to psmp-gn-bw-lis-pt.geant.org 10-24-2023_mr20_Spline_imputed.csv,esmond data perfsonar-sonda.rediris.es to psmp-gn-bw-lis-pt.geant.org 10-24-2023_longest.csv,Spline,,299,52.730409939189194,0.01861143440245061,25,25,0.0,1.0,0.8661396465493091,25,0.9131520233668579
esmond data perfsonar-sonda.rediris.es to psmp-gn-bw-lis-pt.geant.org 10-24-2023,esmond data perfsonar-sonda.rediris.es to psmp-gn-bw-lis-pt.geant.org 10-24-2023_mr30_Spline_imputed.csv,esmond data perfsonar-sonda.rediris.es to psmp-gn-bw-lis-pt.geant.org 10-24-2023_longest.csv,Spline,,299,68.20614902416017,0.014449583080412344,25,25,0.0,1.0,0.8347443800902766,25,0.8759574881499111
esmond data perfsonar-sonda.rediris.es to psmp-gn-bw-lis-pt.geant.org 10-24-2023,esmond data perfsonar-sonda.rediris.es to psmp-gn-bw-lis-pt.geant.org 10-24-2023_mr40_Spline_imputed.csv,esmond data perfsonar-sonda.rediris.es to psmp-gn-bw-lis-pt.geant.org 10-24-2023_longest.csv,Spline,,299,95.09467109345348,0.010406404315880172,25,8,0.68,0.31999999999999995,0.7775425601345939,16,0.7007269343217272
esmond data perfsonar.restena.lu to psmp-gn-bw-lis-pt.geant.org 10-23-2023,esmond data perfsonar.restena.lu to psmp-gn-bw-lis-pt.geant.org 10-23-2023_mr10_ARIMA_imputed.csv,esmond data perfsonar.restena.lu to psmp-gn-bw-lis-pt.geant.org 10-23-2023_longest.csv,ARIMA,,1035,82.9579131142987,0.011910729589462508,16,16,0.0,1.0,0.982310892345233,16,0.9658196594655372
esmond data perfsonar.restena.lu to psmp-gn-bw-lis-pt.geant.org 10-23-2023,esmond data perfsonar.restena.lu to psmp-gn-bw-lis-pt.geant.org 10-23-2023_mr20_ARIMA_imputed.csv,esmond data perfsonar.restena.lu to psmp-gn-bw-lis-pt.geant.org 10-23-2023_longest.csv,ARIMA,,1035,179.8653693932687,0.005528974415359899,16,8,0.5,0.5,0.9435625156552123,12,0.8785674365446453
esmond data perfsonar.restena.lu to psmp-gn-bw-lis-pt.geant.org 10-23-2023,esmond data perfsonar.restena.lu to psmp-gn-bw-lis-pt.geant.org 10-23-2023_mr30_ARIMA_imputed.csv,esmond data perfsonar.restena.lu to psmp-gn-bw-lis-pt.geant.org 10-23-2023_longest.csv,ARIMA,,1035,253.0621502663398,0.003936044778616864,16,11,0.3125,0.6875,0.922545173531855,13,0.8183845040201583
esmond data perfsonar.restena.lu to psmp-gn-bw-lis-pt.geant.org 10-23-2023,esmond data perfsonar.restena.lu to psmp-gn-bw-lis-pt.geant.org 10-23-2023_mr40_ARIMA_imputed.csv,esmond data perfsonar.restena.lu to psmp-gn-bw-lis-pt.geant.org 10-23-2023_longest.csv,ARIMA,,1035,312.0955390034569,0.003193913280217509,16,11,0.3125,0.6875,0.8687290603002175,13,0.5740560433857839
esmond data perfsonar.restena.lu to psmp-gn-bw-lis-pt.geant.org 10-23-2023,esmond data perfsonar.restena.lu to psmp-gn-bw-lis-pt.geant.org 10-23-2023_mr10_HoltWinters_imputed.csv,esmond data perfsonar.restena.lu to psmp-gn-bw-lis-pt.geant.org 10-23-2023_longest.csv,HoltWinters,,1035,68.22562001798151,0.014445518866284588,16,16,0.0,1.0,0.9812316480455247,16,0.9588544912727992
esmond data perfsonar.restena.lu to psmp-gn-bw-lis-pt.geant.org 10-23-2023,esmond data perfsonar.restena.lu to psmp-gn-bw-lis-pt.geant.org 10-23-2023_mr20_HoltWinters_imputed.csv,esmond data perfsonar.restena.lu to psmp-gn-bw-lis-pt.geant.org 10-23-2023_longest.csv,HoltWinters,,1035,164.4800578830328,0.006043024233813332,16,8,0.5,0.5,0.9477339945602035,12,0.8944413894331237
esmond data perfsonar.restena.lu to psmp-gn-bw-lis-pt.geant.org 10-23-2023,esmond data perfsonar.restena.lu to psmp-gn-bw-lis-pt.geant.org 10-23-2023_mr30_HoltWinters_imputed.csv,esmond data perfsonar.restena.lu to psmp-gn-bw-lis-pt.geant.org 10-23-2023_longest.csv,HoltWinters,,1035,234.56543032606834,0.004245105058988518,16,11,0.3125,0.6875,0.9311672353501951,13,0.8342268587291316
esmond data perfsonar.restena.lu to psmp-gn-bw-lis-pt.geant.org 10-23-2023,esmond data perfsonar.restena.lu to psmp-gn-bw-lis-pt.geant.org 10-23-2023_mr40_HoltWinters_imputed.csv,esmond data perfsonar.restena.lu to psmp-gn-bw-lis-pt.geant.org 10-23-2023_longest.csv,HoltWinters,,1035,300.27720022613323,0.0033192023798993687,16,16,0.0,1.0,0.8454995321826576,16,0.5886531871169225
esmond data perfsonar.restena.lu to psmp-gn-bw-lis-pt.geant.org 10-23-2023,esmond data perfsonar.restena.lu to psmp-gn-bw-lis-pt.geant.org 10-23-2023_mr10_KNN_Sklearn_imputed.csv,esmond data perfsonar.restena.lu to psmp-gn-bw-lis-pt.geant.org 10-23-2023_longest.csv,KNN_Sklearn,,1035,77.05829008985293,0.012810939092425668,16,16,0.0,1.0,0.9839980167246364,16,0.966943004258443
esmond data perfsonar.restena.lu to psmp-gn-bw-lis-pt.geant.org 10-23-2023,esmond data perfsonar.restena.lu to psmp-gn-bw-lis-pt.geant.org 10-23-2023_mr20_KNN_Sklearn_imputed.csv,esmond data perfsonar.restena.lu to psmp-gn-bw-lis-pt.geant.org 10-23-2023_longest.csv,KNN_Sklearn,,1035,178.183070398014,0.005580884387005591,16,16,0.0,1.0,0.9513281367216875,16,0.9128793600654216
esmond data perfsonar.restena.lu to psmp-gn-bw-lis-pt.geant.org 10-23-2023,esmond data perfsonar.restena.lu to psmp-gn-bw-lis-pt.geant.org 10-23-2023_mr30_KNN_Sklearn_imputed.csv,esmond data perfsonar.restena.lu to psmp-gn-bw-lis-pt.geant.org 10-23-2023_longest.csv,KNN_Sklearn,,1035,248.09016427374416,0.004014610544401199,16,5,0.6875,0.3125,0.9376092793585008,10,0.8659383732111713
esmond data perfsonar.restena.lu to psmp-gn-bw-lis-pt.geant.org 10-23-2023,esmond data perfsonar.restena.lu to psmp-gn-bw-lis-pt.geant.org 10-23-2023_mr40_KNN_Sklearn_imputed.csv,esmond data perfsonar.restena.lu to psmp-gn-bw-lis-pt.geant.org 10-23-2023_longest.csv,KNN_Sklearn,,1035,348.7427993306191,0.002859243998486669,16,16,0.0,1.0,0.913019607486452,16,0.6914340626260443
esmond data perfsonar.restena.lu to psmp-gn-bw-lis-pt.geant.org 10-23-2023,esmond data perfsonar.restena.lu to psmp-gn-bw-lis-pt.geant.org 10-23-2023_mr10_Kalman_imputed.csv,esmond data perfsonar.restena.lu to psmp-gn-bw-lis-pt.geant.org 10-23-2023_longest.csv,Kalman,,1035,181.8396182702275,0.0054692741620257146,16,16,0.0,1.0,0.9162481691328538,16,0.875088174673142
esmond data perfsonar.restena.lu to psmp-gn-bw-lis-pt.geant.org 10-23-2023,esmond data perfsonar.restena.lu to psmp-gn-bw-lis-pt.geant.org 10-23-2023_mr20_Kalman_imputed.csv,esmond data perfsonar.restena.lu to psmp-gn-bw-lis-pt.geant.org 10-23-2023_longest.csv,Kalman,,1035,270.0140603139979,0.003689845459831111,16,25,0.36,0.64,0.878915551338422,20,0.7706111669438122
esmond data perfsonar.restena.lu to psmp-gn-bw-lis-pt.geant.org 10-23-2023,esmond data perfsonar.restena.lu to psmp-gn-bw-lis-pt.geant.org 10-23-2023_mr30_Kalman_imputed.csv,esmond data perfsonar.restena.lu to psmp-gn-bw-lis-pt.geant.org 10-23-2023_longest.csv,Kalman,,1035,346.3596691610023,0.0028788604112139943,16,25,0.36,0.64,0.8405730217222828,20,0.7014922911222554
esmond data perfsonar.restena.lu to psmp-gn-bw-lis-pt.geant.org 10-23-2023,esmond data perfsonar.restena.lu to psmp-gn-bw-lis-pt.geant.org 10-23-2023_mr40_Kalman_imputed.csv,esmond data perfsonar.restena.lu to psmp-gn-bw-lis-pt.geant.org 10-23-2023_longest.csv,Kalman,,1035,413.5694658848778,0.0024121409855054087,16,25,0.36,0.64,0.7916568558121325,20,0.5647762625715382
esmond data perfsonar.restena.lu to psmp-gn-bw-lis-pt.geant.org 10-23-2023,esmond data perfsonar.restena.lu to psmp-gn-bw-lis-pt.geant.org 10-23-2023_mr10_LOCF_imputed.csv,esmond data perfsonar.restena.lu to psmp-gn-bw-lis-pt.geant.org 10-23-2023_longest.csv,LOCF,,1035,56.35519707285543,0.017435211646640324,16,16,0.0,1.0,0.9645207299509131,16,0.9210719951722968
esmond data perfsonar.restena.lu to psmp-gn-bw-lis-pt.geant.org 10-23-2023,esmond data perfsonar.restena.lu to psmp-gn-bw-lis-pt.geant.org 10-23-2023_mr20_LOCF_imputed.csv,esmond data perfsonar.restena.lu to psmp-gn-bw-lis-pt.geant.org 10-23-2023_longest.csv,LOCF,,1035,101.60629005783775,0.009745991200308614,16,8,0.5,0.5,0.9177340859753533,12,0.8288796221036542
esmond data perfsonar.restena.lu to psmp-gn-bw-lis-pt.geant.org 10-23-2023,esmond data perfsonar.restena.lu to psmp-gn-bw-lis-pt.geant.org 10-23-2023_mr30_LOCF_imputed.csv,esmond data perfsonar.restena.lu to psmp-gn-bw-lis-pt.geant.org 10-23-2023_longest.csv,LOCF,,1035,167.7166641355113,0.005927096799382018,16,11,0.3125,0.6875,0.8822452472068899,13,0.7306249183959993
esmond data perfsonar.restena.lu to psmp-gn-bw-lis-pt.geant.org 10-23-2023,esmond data perfsonar.restena.lu to psmp-gn-bw-lis-pt.geant.org 10-23-2023_mr40_LOCF_imputed.csv,esmond data perfsonar.restena.lu to psmp-gn-bw-lis-pt.geant.org 10-23-2023_longest.csv,LOCF,,1035,229.29316039394337,0.00434229135719612,16,14,0.125,0.875,0.817406912907232,15,0.5213135434644894
esmond data perfsonar.restena.lu to psmp-gn-bw-lis-pt.geant.org 10-23-2023,esmond data perfsonar.restena.lu to psmp-gn-bw-lis-pt.geant.org 10-23-2023_mr10_Linear_imputed.csv,esmond data perfsonar.restena.lu to psmp-gn-bw-lis-pt.geant.org 10-23-2023_longest.csv,Linear,,1035,75.54543851761653,0.013064135752123953,16,16,0.0,1.0,0.9724585551039515,16,0.9274935920566201
esmond data perfsonar.restena.lu to psmp-gn-bw-lis-pt.geant.org 10-23-2023,esmond data perfsonar.restena.lu to psmp-gn-bw-lis-pt.geant.org 10-23-2023_mr20_Linear_imputed.csv,esmond data perfsonar.restena.lu to psmp-gn-bw-lis-pt.geant.org 10-23-2023_longest.csv,Linear,,1035,174.39033570912986,0.005701568424262646,16,8,0.5,0.5,0.9258154802253008,12,0.8561998150036753
esmond data perfsonar.restena.lu to psmp-gn-bw-lis-pt.geant.org 10-23-2023,esmond data perfsonar.restena.lu to psmp-gn-bw-lis-pt.geant.org 10-23-2023_mr30_Linear_imputed.csv,esmond data perfsonar.restena.lu to psmp-gn-bw-lis-pt.geant.org 10-23-2023_longest.csv,Linear,,1035,241.20965829901888,0.004128654517836999,16,11,0.3125,0.6875,0.8917366734927497,13,0.7874991035542952
esmond data perfsonar.restena.lu to psmp-gn-bw-lis-pt.geant.org 10-23-2023,esmond data perfsonar.restena.lu to psmp-gn-bw-lis-pt.geant.org 10-23-2023_mr40_Linear_imputed.csv,esmond data perfsonar.restena.lu to psmp-gn-bw-lis-pt.geant.org 10-23-2023_longest.csv,Linear,,1035,333.69894401192033,0.002987759650548479,16,14,0.125,0.875,0.8281312494725817,15,0.6508054958829883
esmond data perfsonar.restena.lu to psmp-gn-bw-lis-pt.geant.org 10-23-2023,esmond data perfsonar.restena.lu to psmp-gn-bw-lis-pt.geant.org 10-23-2023_mr10_Mean_imputed.csv,esmond data perfsonar.restena.lu to psmp-gn-bw-lis-pt.geant.org 10-23-2023_longest.csv,Mean,,1035,77.05829008985293,0.012810939092425668,16,16,0.0,1.0,0.9839980167246364,16,0.966943004258443
esmond data perfsonar.restena.lu to psmp-gn-bw-lis-pt.geant.org 10-23-2023,esmond data perfsonar.restena.lu to psmp-gn-bw-lis-pt.geant.org 10-23-2023_mr20_Mean_imputed.csv,esmond data perfsonar.restena.lu to psmp-gn-bw-lis-pt.geant.org 10-23-2023_longest.csv,Mean,,1035,178.183070398014,0.005580884387005591,16,16,0.0,1.0,0.9513281367216875,16,0.9128793600654216
esmond data perfsonar.restena.lu to psmp-gn-bw-lis-pt.geant.org 10-23-2023,esmond data perfsonar.restena.lu to psmp-gn-bw-lis-pt.geant.org 10-23-2023_mr30_Mean_imputed.csv,esmond data perfsonar.restena.lu to psmp-gn-bw-lis-pt.geant.org 10-23-2023_longest.csv,Mean,,1035,248.09016427374416,0.004014610544401199,16,5,0.6875,0.3125,0.9376092793585008,10,0.8659383732111713
esmond data perfsonar.restena.lu to psmp-gn-bw-lis-pt.geant.org 10-23-2023,esmond data perfsonar.restena.lu to psmp-gn-bw-lis-pt.geant.org 10-23-2023_mr40_Mean_imputed.csv,esmond data perfsonar.restena.lu to psmp-gn-bw-lis-pt.geant.org 10-23-2023_longest.csv,Mean,,1035,348.7427993306191,0.002859243998486669,16,16,0.0,1.0,0.913019607486452,16,0.6914340626260443
esmond data perfsonar.restena.lu to psmp-gn-bw-lis-pt.geant.org 10-23-2023,esmond data perfsonar.restena.lu to psmp-gn-bw-lis-pt.geant.org 10-23-2023_mr10_SVD_KNN_imputed.csv,esmond data perfsonar.restena.lu to psmp-gn-bw-lis-pt.geant.org 10-23-2023_longest.csv,SVD_KNN,,1035,59.52883856568574,0.01652105052230273,16,16,0.0,1.0,0.9828118491758909,16,0.9606427163383549
esmond data perfsonar.restena.lu to psmp-gn-bw-lis-pt.geant.org 10-23-2023,esmond data perfsonar.restena.lu to psmp-gn-bw-lis-pt.geant.org 10-23-2023_mr20_SVD_KNN_imputed.csv,esmond data perfsonar.restena.lu to psmp-gn-bw-lis-pt.geant.org 10-23-2023_longest.csv,SVD_KNN,,1035,145.5792666354033,0.006822247258797992,16,8,0.5,0.5,0.9500091115249967,12,0.9029121069967647
esmond data perfsonar.restena.lu to psmp-gn-bw-lis-pt.geant.org 10-23-2023,esmond data perfsonar.restena.lu to psmp-gn-bw-lis-pt.geant.org 10-23-2023_mr30_SVD_KNN_imputed.csv,esmond data perfsonar.restena.lu to psmp-gn-bw-lis-pt.geant.org 10-23-2023_longest.csv,SVD_KNN,,1035,192.00442150089503,0.005181228451781155,16,5,0.6875,0.3125,0.9356225605541254,10,0.8678139431299976
esmond data perfsonar.restena.lu to psmp-gn-bw-lis-pt.geant.org 10-23-2023,esmond data perfsonar.restena.lu to psmp-gn-bw-lis-pt.geant.org 10-23-2023_mr40_SVD_KNN_imputed.csv,esmond data perfsonar.restena.lu to psmp-gn-bw-lis-pt.geant.org 10-23-2023_longest.csv,SVD_KNN,,1035,282.3227206718698,0.003529543968900927,16,5,0.6875,0.3125,0.9034231474998612,10,0.6948540088810369
esmond data perfsonar.restena.lu to psmp-gn-bw-lis-pt.geant.org 10-23-2023,esmond data perfsonar.restena.lu to psmp-gn-bw-lis-pt.geant.org 10-23-2023_mr10_SVD_KNN_Hankel_imputed.csv,esmond data perfsonar.restena.lu to psmp-gn-bw-lis-pt.geant.org 10-23-2023_longest.csv,SVD_KNN_Hankel,,1035,64.70296273194863,0.015220013807896997,16,5,0.6875,0.3125,0.9841193135541538,10,0.9657622957295812
esmond data perfsonar.restena.lu to psmp-gn-bw-lis-pt.geant.org 10-23-2023,esmond data perfsonar.restena.lu to psmp-gn-bw-lis-pt.geant.org 10-23-2023_mr20_SVD_KNN_Hankel_imputed.csv,esmond data perfsonar.restena.lu to psmp-gn-bw-lis-pt.geant.org 10-23-2023_longest.csv,SVD_KNN_Hankel,,1035,152.11104647511155,0.006531207401567539,16,16,0.0,1.0,0.950983736426975,16,0.9120341588869326
esmond data perfsonar.restena.lu to psmp-gn-bw-lis-pt.geant.org 10-23-2023,esmond data perfsonar.restena.lu to psmp-gn-bw-lis-pt.geant.org 10-23-2023_mr30_SVD_KNN_Hankel_imputed.csv,esmond data perfsonar.restena.lu to psmp-gn-bw-lis-pt.geant.org 10-23-2023_longest.csv,SVD_KNN_Hankel,,1035,201.5094912311995,0.004938040157625638,16,5,0.6875,0.3125,0.9367801407606999,10,0.856856109751356
esmond data perfsonar.restena.lu to psmp-gn-bw-lis-pt.geant.org 10-23-2023,esmond data perfsonar.restena.lu to psmp-gn-bw-lis-pt.geant.org 10-23-2023_mr40_SVD_KNN_Hankel_imputed.csv,esmond data perfsonar.restena.lu to psmp-gn-bw-lis-pt.geant.org 10-23-2023_longest.csv,SVD_KNN_Hankel,,1035,291.8497236229578,0.0034147206547734147,16,5,0.6875,0.3125,0.9046074334599027,10,0.6966414825896443
esmond data perfsonar.restena.lu to psmp-gn-bw-lis-pt.geant.org 10-23-2023,esmond data perfsonar.restena.lu to psmp-gn-bw-lis-pt.geant.org 10-23-2023_mr10_Spline_imputed.csv,esmond data perfsonar.restena.lu to psmp-gn-bw-lis-pt.geant.org 10-23-2023_longest.csv,Spline,,1035,114.78681488780424,0.008636561951971695,16,8,0.5,0.5,0.9460461480322248,12,0.8450769591423599
esmond data perfsonar.restena.lu to psmp-gn-bw-lis-pt.geant.org 10-23-2023,esmond data perfsonar.restena.lu to psmp-gn-bw-lis-pt.geant.org 10-23-2023_mr20_Spline_imputed.csv,esmond data perfsonar.restena.lu to psmp-gn-bw-lis-pt.geant.org 10-23-2023_longest.csv,Spline,,1035,195.36504977210492,0.005092555936815479,16,8,0.5,0.5,0.8792594390999806,12,0.7450395870812263
esmond data perfsonar.restena.lu to psmp-gn-bw-lis-pt.geant.org 10-23-2023,esmond data perfsonar.restena.lu to psmp-gn-bw-lis-pt.geant.org 10-23-2023_mr30_Spline_imputed.csv,esmond data perfsonar.restena.lu to psmp-gn-bw-lis-pt.geant.org 10-23-2023_longest.csv,Spline,,1035,267.06964958991216,0.0037303738096788686,16,8,0.5,0.5,0.823268570109252,12,0.6643517040645286
esmond data perfsonar.restena.lu to psmp-gn-bw-lis-pt.geant.org 10-23-2023,esmond data perfsonar.restena.lu to psmp-gn-bw-lis-pt.geant.org 10-23-2023_mr40_Spline_imputed.csv,esmond data perfsonar.restena.lu to psmp-gn-bw-lis-pt.geant.org 10-23-2023_longest.csv,Spline,,1035,354.41785974230015,0.002813589617373369,16,19,0.15789473684210525,0.8421052631578947,0.7465494293694468,17,0.5407387631675408
esmond data psmall.lut.ac.uk to psmp-gn-bw-vie-at.geant.org 10-24-2023,esmond data psmall.lut.ac.uk to psmp-gn-bw-vie-at.geant.org 10-24-2023_mr10_ARIMA_imputed.csv,esmond data psmall.lut.ac.uk to psmp-gn-bw-vie-at.geant.org 10-24-2023_longest.csv,ARIMA,,884,20.826574342212943,0.04581570998367728,221,221,0.0,1.0,0.9969818870046937,221,0.9999733780147001
esmond data psmall.lut.ac.uk to psmp-gn-bw-vie-at.geant.org 10-24-2023,esmond data psmall.lut.ac.uk to psmp-gn-bw-vie-at.geant.org 10-24-2023_mr20_ARIMA_imputed.csv,esmond data psmall.lut.ac.uk to psmp-gn-bw-vie-at.geant.org 10-24-2023_longest.csv,ARIMA,,884,51.04439481944978,0.019214365033336595,221,221,0.0,1.0,0.9906851348250433,221,0.9999156955785731
esmond data psmall.lut.ac.uk to psmp-gn-bw-vie-at.geant.org 10-24-2023,esmond data psmall.lut.ac.uk to psmp-gn-bw-vie-at.geant.org 10-24-2023_mr30_ARIMA_imputed.csv,esmond data psmall.lut.ac.uk to psmp-gn-bw-vie-at.geant.org 10-24-2023_longest.csv,ARIMA,,884,72.92374701860747,0.013527452819028347,221,221,0.0,1.0,0.988542576391369,221,0.9997611053763024
esmond data psmall.lut.ac.uk to psmp-gn-bw-vie-at.geant.org 10-24-2023,esmond data psmall.lut.ac.uk to psmp-gn-bw-vie-at.geant.org 10-24-2023_mr40_ARIMA_imputed.csv,esmond data psmall.lut.ac.uk to psmp-gn-bw-vie-at.geant.org 10-24-2023_longest.csv,ARIMA,,884,102.34236522053723,0.009676573570441854,221,221,0.0,1.0,0.9810754421220559,221,0.999670770264351
esmond data psmall.lut.ac.uk to psmp-gn-bw-vie-at.geant.org 10-24-2023,esmond data psmall.lut.ac.uk to psmp-gn-bw-vie-at.geant.org 10-24-2023_mr10_HoltWinters_imputed.csv,esmond data psmall.lut.ac.uk to psmp-gn-bw-vie-at.geant.org 10-24-2023_longest.csv,HoltWinters,,884,26.735234078820127,0.03605522120917108,221,221,0.0,1.0,0.9965784700695065,221,0.9999414802436428
esmond data psmall.lut.ac.uk to psmp-gn-bw-vie-at.geant.org 10-24-2023,esmond data psmall.lut.ac.uk to psmp-gn-bw-vie-at.geant.org 10-24-2023_mr20_HoltWinters_imputed.csv,esmond data psmall.lut.ac.uk to psmp-gn-bw-vie-at.geant.org 10-24-2023_longest.csv,HoltWinters,,884,55.79307916227932,0.017607779235611114,221,221,0.0,1.0,0.9880610474883856,221,0.9999139312080438
esmond data psmall.lut.ac.uk to psmp-gn-bw-vie-at.geant.org 10-24-2023,esmond data psmall.lut.ac.uk to psmp-gn-bw-vie-at.geant.org 10-24-2023_mr30_HoltWinters_imputed.csv,esmond data psmall.lut.ac.uk to psmp-gn-bw-vie-at.geant.org 10-24-2023_longest.csv,HoltWinters,,884,83.2062760457294,0.01187559938474106,221,221,0.0,1.0,0.9841934290701835,221,0.9997084710165568
esmond data psmall.lut.ac.uk to psmp-gn-bw-vie-at.geant.org 10-24-2023,esmond data psmall.lut.ac.uk to psmp-gn-bw-vie-at.geant.org 10-24-2023_mr40_HoltWinters_imputed.csv,esmond data psmall.lut.ac.uk to psmp-gn-bw-vie-at.geant.org 10-24-2023_longest.csv,HoltWinters,,884,119.90000605816289,0.0082712981794138,221,221,0.0,1.0,0.976870687845952,221,0.999595230167114
esmond data psmall.lut.ac.uk to psmp-gn-bw-vie-at.geant.org 10-24-2023,esmond data psmall.lut.ac.uk to psmp-gn-bw-vie-at.geant.org 10-24-2023_mr10_KNN_Sklearn_imputed.csv,esmond data psmall.lut.ac.uk to psmp-gn-bw-vie-at.geant.org 10-24-2023_longest.csv,KNN_Sklearn,,884,81.18846400943468,0.012167157666861942,221,221,0.0,1.0,0.9745079093117321,221,0.9994420203456575
esmond data psmall.lut.ac.uk to psmp-gn-bw-vie-at.geant.org 10-24-2023,esmond data psmall.lut.ac.uk to psmp-gn-bw-vie-at.geant.org 10-24-2023_mr20_KNN_Sklearn_imputed.csv,esmond data psmall.lut.ac.uk to psmp-gn-bw-vie-at.geant.org 10-24-2023_longest.csv,KNN_Sklearn,,884,177.80637632016646,0.00559264171994305,221,221,0.0,1.0,0.9344220469057284,221,0.9976243443355427
esmond data psmall.lut.ac.uk to psmp-gn-bw-vie-at.geant.org 10-24-2023,esmond data psmall.lut.ac.uk to psmp-gn-bw-vie-at.geant.org 10-24-2023_mr30_KNN_Sklearn_imputed.csv,esmond data psmall.lut.ac.uk to psmp-gn-bw-vie-at.geant.org 10-24-2023_longest.csv,KNN_Sklearn,,884,237.34914952983547,0.004195525773733984,221,221,0.0,1.0,0.9168446139582046,221,0.995563144246421
esmond data psmall.lut.ac.uk to psmp-gn-bw-vie-at.geant.org 10-24-2023,esmond data psmall.lut.ac.uk to psmp-gn-bw-vie-at.geant.org 10-24-2023_mr40_KNN_Sklearn_imputed.csv,esmond data psmall.lut.ac.uk to psmp-gn-bw-vie-at.geant.org 10-24-2023_longest.csv,KNN_Sklearn,,884,323.98052994085236,0.0030771074198875964,221,221,0.0,1.0,0.8688196451913477,221,0.9910627838141122
esmond data psmall.lut.ac.uk to psmp-gn-bw-vie-at.geant.org 10-24-2023,esmond data psmall.lut.ac.uk to psmp-gn-bw-vie-at.geant.org 10-24-2023_mr10_Kalman_imputed.csv,esmond data psmall.lut.ac.uk to psmp-gn-bw-vie-at.geant.org 10-24-2023_longest.csv,Kalman,,884,47.78697009199891,0.02049727618079731,221,221,0.0,1.0,0.9910763581921954,221,0.9997284898143973
esmond data psmall.lut.ac.uk to psmp-gn-bw-vie-at.geant.org 10-24-2023,esmond data psmall.lut.ac.uk to psmp-gn-bw-vie-at.geant.org 10-24-2023_mr20_Kalman_imputed.csv,esmond data psmall.lut.ac.uk to psmp-gn-bw-vie-at.geant.org 10-24-2023_longest.csv,Kalman,,884,88.20421542781135,0.011210232556882378,221,221,0.0,1.0,0.9749184454439498,221,0.9995102480983484
esmond data psmall.lut.ac.uk to psmp-gn-bw-vie-at.geant.org 10-24-2023,esmond data psmall.lut.ac.uk to psmp-gn-bw-vie-at.geant.org 10-24-2023_mr30_Kalman_imputed.csv,esmond data psmall.lut.ac.uk to psmp-gn-bw-vie-at.geant.org 10-24-2023_longest.csv,Kalman,,884,130.1617296599057,0.00762417515073138,221,221,0.0,1.0,0.9634935152849221,221,0.9979480902343906
esmond data psmall.lut.ac.uk to psmp-gn-bw-vie-at.geant.org 10-24-2023,esmond data psmall.lut.ac.uk to psmp-gn-bw-vie-at.geant.org 10-24-2023_mr40_Kalman_imputed.csv,esmond data psmall.lut.ac.uk to psmp-gn-bw-vie-at.geant.org 10-24-2023_longest.csv,Kalman,,884,175.24522325079266,0.005673912640327417,221,221,0.0,1.0,0.9522030136008961,221,0.997071737627482
esmond data psmall.lut.ac.uk to psmp-gn-bw-vie-at.geant.org 10-24-2023,esmond data psmall.lut.ac.uk to psmp-gn-bw-vie-at.geant.org 10-24-2023_mr10_LOCF_imputed.csv,esmond data psmall.lut.ac.uk to psmp-gn-bw-vie-at.geant.org 10-24-2023_longest.csv,LOCF,,884,23.750499937496627,0.04040322427932114,221,221,0.0,1.0,0.9966814946675956,221,0.9998883794114906
esmond data psmall.lut.ac.uk to psmp-gn-bw-vie-at.geant.org 10-24-2023,esmond data psmall.lut.ac.uk to psmp-gn-bw-vie-at.geant.org 10-24-2023_mr20_LOCF_imputed.csv,esmond data psmall.lut.ac.uk to psmp-gn-bw-vie-at.geant.org 10-24-2023_longest.csv,LOCF,,884,36.11132504351849,0.026945952450562,221,221,0.0,1.0,0.9896891395200007,221,0.9998146961196428
esmond data psmall.lut.ac.uk to psmp-gn-bw-vie-at.geant.org 10-24-2023,esmond data psmall.lut.ac.uk to psmp-gn-bw-vie-at.geant.org 10-24-2023_mr30_LOCF_imputed.csv,esmond data psmall.lut.ac.uk to psmp-gn-bw-vie-at.geant.org 10-24-2023_longest.csv,LOCF,,884,60.1011854532871,0.01636629457483304,221,221,0.0,1.0,0.9847810554817816,221,0.9995447228633638
esmond data psmall.lut.ac.uk to psmp-gn-bw-vie-at.geant.org 10-24-2023,esmond data psmall.lut.ac.uk to psmp-gn-bw-vie-at.geant.org 10-24-2023_mr40_LOCF_imputed.csv,esmond data psmall.lut.ac.uk to psmp-gn-bw-vie-at.geant.org 10-24-2023_longest.csv,LOCF,,884,96.75862883056882,0.010229276044093849,221,221,0.0,1.0,0.9780868639382202,221,0.9993817344384474
esmond data psmall.lut.ac.uk to psmp-gn-bw-vie-at.geant.org 10-24-2023,esmond data psmall.lut.ac.uk to psmp-gn-bw-vie-at.geant.org 10-24-2023_mr10_Linear_imputed.csv,esmond data psmall.lut.ac.uk to psmp-gn-bw-vie-at.geant.org 10-24-2023_longest.csv,Linear,,884,24.59520940574602,0.03906981123489086,221,221,0.0,1.0,0.9964769982536674,221,0.9999726746449219
esmond data psmall.lut.ac.uk to psmp-gn-bw-vie-at.geant.org 10-24-2023,esmond data psmall.lut.ac.uk to psmp-gn-bw-vie-at.geant.org 10-24-2023_mr20_Linear_imputed.csv,esmond data psmall.lut.ac.uk to psmp-gn-bw-vie-at.geant.org 10-24-2023_longest.csv,Linear,,884,54.55034834773016,0.01800168729348501,221,221,0.0,1.0,0.9902096796062692,221,0.9999235507158947
esmond data psmall.lut.ac.uk to psmp-gn-bw-vie-at.geant.org 10-24-2023,esmond data psmall.lut.ac.uk to psmp-gn-bw-vie-at.geant.org 10-24-2023_mr30_Linear_imputed.csv,esmond data psmall.lut.ac.uk to psmp-gn-bw-vie-at.geant.org 10-24-2023_longest.csv,Linear,,884,84.61267741710053,0.011680513098872634,221,221,0.0,1.0,0.9829376037258402,221,0.9995327788395617
esmond data psmall.lut.ac.uk to psmp-gn-bw-vie-at.geant.org 10-24-2023,esmond data psmall.lut.ac.uk to psmp-gn-bw-vie-at.geant.org 10-24-2023_mr40_Linear_imputed.csv,esmond data psmall.lut.ac.uk to psmp-gn-bw-vie-at.geant.org 10-24-2023_longest.csv,Linear,,884,118.04547309236953,0.008400151421331931,221,221,0.0,1.0,0.9750247269983634,221,0.9995747026772799
esmond data psmall.lut.ac.uk to psmp-gn-bw-vie-at.geant.org 10-24-2023,esmond data psmall.lut.ac.uk to psmp-gn-bw-vie-at.geant.org 10-24-2023_mr10_Mean_imputed.csv,esmond data psmall.lut.ac.uk to psmp-gn-bw-vie-at.geant.org 10-24-2023_longest.csv,Mean,,884,81.18846400943468,0.012167157666861942,221,221,0.0,1.0,0.9745079093117321,221,0.9994420203456575
esmond data psmall.lut.ac.uk to psmp-gn-bw-vie-at.geant.org 10-24-2023,esmond data psmall.lut.ac.uk to psmp-gn-bw-vie-at.geant.org 10-24-2023_mr20_Mean_imputed.csv,esmond data psmall.lut.ac.uk to psmp-gn-bw-vie-at.geant.org 10-24-2023_longest.csv,Mean,,884,177.80637632016646,0.00559264171994305,221,221,0.0,1.0,0.9344220469057284,221,0.9976243443355427
esmond data psmall.lut.ac.uk to psmp-gn-bw-vie-at.geant.org 10-24-2023,esmond data psmall.lut.ac.uk to psmp-gn-bw-vie-at.geant.org 10-24-2023_mr30_Mean_imputed.csv,esmond data psmall.lut.ac.uk to psmp-gn-bw-vie-at.geant.org 10-24-2023_longest.csv,Mean,,884,237.34914952983547,0.004195525773733984,221,221,0.0,1.0,0.9168446139582046,221,0.995563144246421
esmond data psmall.lut.ac.uk to psmp-gn-bw-vie-at.geant.org 10-24-2023,esmond data psmall.lut.ac.uk to psmp-gn-bw-vie-at.geant.org 10-24-2023_mr40_Mean_imputed.csv,esmond data psmall.lut.ac.uk to psmp-gn-bw-vie-at.geant.org 10-24-2023_longest.csv,Mean,,884,323.98052994085236,0.0030771074198875964,221,221,0.0,1.0,0.8688196451913477,221,0.9910627838141122
esmond data psmall.lut.ac.uk to psmp-gn-bw-vie-at.geant.org 10-24-2023,esmond data psmall.lut.ac.uk to psmp-gn-bw-vie-at.geant.org 10-24-2023_mr10_SVD_KNN_imputed.csv,esmond data psmall.lut.ac.uk to psmp-gn-bw-vie-at.geant.org 10-24-2023_longest.csv,SVD_KNN,,884,76.27599350199566,0.012940629485069965,221,221,0.0,1.0,0.9661071170607888,221,0.9993903428904791
esmond data psmall.lut.ac.uk to psmp-gn-bw-vie-at.geant.org 10-24-2023,esmond data psmall.lut.ac.uk to psmp-gn-bw-vie-at.geant.org 10-24-2023_mr20_SVD_KNN_imputed.csv,esmond data psmall.lut.ac.uk to psmp-gn-bw-vie-at.geant.org 10-24-2023_longest.csv,SVD_KNN,,884,159.0666577100042,0.006247397267529126,221,221,0.0,1.0,0.9169202984877391,221,0.9976074479302062
esmond data psmall.lut.ac.uk to psmp-gn-bw-vie-at.geant.org 10-24-2023,esmond data psmall.lut.ac.uk to psmp-gn-bw-vie-at.geant.org 10-24-2023_mr30_SVD_KNN_imputed.csv,esmond data psmall.lut.ac.uk to psmp-gn-bw-vie-at.geant.org 10-24-2023_longest.csv,SVD_KNN,,884,202.02628095403054,0.004925470709018313,221,221,0.0,1.0,0.8709544165542841,221,0.9952499999070136
esmond data psmall.lut.ac.uk to psmp-gn-bw-vie-at.geant.org 10-24-2023,esmond data psmall.lut.ac.uk to psmp-gn-bw-vie-at.geant.org 10-24-2023_mr40_SVD_KNN_imputed.csv,esmond data psmall.lut.ac.uk to psmp-gn-bw-vie-at.geant.org 10-24-2023_longest.csv,SVD_KNN,,884,272.6941754150893,0.0036537131215283727,221,221,0.0,1.0,0.7711587360529435,221,0.9864307485817948
esmond data psmall.lut.ac.uk to psmp-gn-bw-vie-at.geant.org 10-24-2023,esmond data psmall.lut.ac.uk to psmp-gn-bw-vie-at.geant.org 10-24-2023_mr10_SVD_KNN_Hankel_imputed.csv,esmond data psmall.lut.ac.uk to psmp-gn-bw-vie-at.geant.org 10-24-2023_longest.csv,SVD_KNN_Hankel,,884,29.912486996867997,0.03234938683844229,221,221,0.0,1.0,0.995274881462004,221,0.9999049974203862
esmond data psmall.lut.ac.uk to psmp-gn-bw-vie-at.geant.org 10-24-2023,esmond data psmall.lut.ac.uk to psmp-gn-bw-vie-at.geant.org 10-24-2023_mr20_SVD_KNN_Hankel_imputed.csv,esmond data psmall.lut.ac.uk to psmp-gn-bw-vie-at.geant.org 10-24-2023_longest.csv,SVD_KNN_Hankel,,884,74.05222127212362,0.013324056011269935,221,221,0.0,1.0,0.9841648832796926,221,0.9995416271304153
esmond data psmall.lut.ac.uk to psmp-gn-bw-vie-at.geant.org 10-24-2023,esmond data psmall.lut.ac.uk to psmp-gn-bw-vie-at.geant.org 10-24-2023_mr30_SVD_KNN_Hankel_imputed.csv,esmond data psmall.lut.ac.uk to psmp-gn-bw-vie-at.geant.org 10-24-2023_longest.csv,SVD_KNN_Hankel,,884,102.27695284727902,0.009682702407755503,221,221,0.0,1.0,0.9784038775716272,221,0.9989092421645785
esmond data psmall.lut.ac.uk to psmp-gn-bw-vie-at.geant.org 10-24-2023,esmond data psmall.lut.ac.uk to psmp-gn-bw-vie-at.geant.org 10-24-2023_mr40_SVD_KNN_Hankel_imputed.csv,esmond data psmall.lut.ac.uk to psmp-gn-bw-vie-at.geant.org 10-24-2023_longest.csv,SVD_KNN_Hankel,,884,176.7092003229401,0.005627170670864316,221,221,0.0,1.0,0.9524297893858884,221,0.9955117929945559
esmond data psmall.lut.ac.uk to psmp-gn-bw-vie-at.geant.org 10-24-2023,esmond data psmall.lut.ac.uk to psmp-gn-bw-vie-at.geant.org 10-24-2023_mr10_Spline_imputed.csv,esmond data psmall.lut.ac.uk to psmp-gn-bw-vie-at.geant.org 10-24-2023_longest.csv,Spline,,884,27.045108389120244,0.035656842046220716,221,221,0.0,1.0,0.9942609562432217,221,0.9999480122607147
esmond data psmall.lut.ac.uk to psmp-gn-bw-vie-at.geant.org 10-24-2023,esmond data psmall.lut.ac.uk to psmp-gn-bw-vie-at.geant.org 10-24-2023_mr20_Spline_imputed.csv,esmond data psmall.lut.ac.uk to psmp-gn-bw-vie-at.geant.org 10-24-2023_longest.csv,Spline,,884,70.84473430382833,0.013918904561203364,221,221,0.0,1.0,0.981603482616682,221,0.9998433194098015
esmond data psmall.lut.ac.uk to psmp-gn-bw-vie-at.geant.org 10-24-2023,esmond data psmall.lut.ac.uk to psmp-gn-bw-vie-at.geant.org 10-24-2023_mr30_Spline_imputed.csv,esmond data psmall.lut.ac.uk to psmp-gn-bw-vie-at.geant.org 10-24-2023_longest.csv,Spline,,884,115.61218237358756,0.008575433369356941,221,221,0.0,1.0,0.96351385850162,221,0.9976621882483402
esmond data psmall.lut.ac.uk to psmp-gn-bw-vie-at.geant.org 10-24-2023,esmond data psmall.lut.ac.uk to psmp-gn-bw-vie-at.geant.org 10-24-2023_mr40_Spline_imputed.csv,esmond data psmall.lut.ac.uk to psmp-gn-bw-vie-at.geant.org 10-24-2023_longest.csv,Spline,,884,134.59332897781266,0.007374994091070892,221,221,0.0,1.0,0.9600909329186992,221,0.9995524446279506
esmond data psmp-gn-bw-lis-pt.geant.org to perfsonar-ankara.ulakbim.gov.tr 10-24-2023,esmond data psmp-gn-bw-lis-pt.geant.org to perfsonar-ankara.ulakbim.gov.tr 10-24-2023_mr10_ARIMA_imputed.csv,esmond data psmp-gn-bw-lis-pt.geant.org to perfsonar-ankara.ulakbim.gov.tr 10-24-2023_longest.csv,ARIMA,,1001,63.08164539693904,0.015605092438025422,8,12,0.3333333333333333,0.6666666666666667,0.9840209723435547,10,0.9778035662345473
esmond data psmp-gn-bw-lis-pt.geant.org to perfsonar-ankara.ulakbim.gov.tr 10-24-2023,esmond data psmp-gn-bw-lis-pt.geant.org to perfsonar-ankara.ulakbim.gov.tr 10-24-2023_mr20_ARIMA_imputed.csv,esmond data psmp-gn-bw-lis-pt.geant.org to perfsonar-ankara.ulakbim.gov.tr 10-24-2023_longest.csv,ARIMA,,1001,199.47868655146172,0.004988061410424822,8,35,0.7714285714285715,0.22857142857142854,0.8928629125112717,21,0.7402104613636785
esmond data psmp-gn-bw-lis-pt.geant.org to perfsonar-ankara.ulakbim.gov.tr 10-24-2023,esmond data psmp-gn-bw-lis-pt.geant.org to perfsonar-ankara.ulakbim.gov.tr 10-24-2023_mr30_ARIMA_imputed.csv,esmond data psmp-gn-bw-lis-pt.geant.org to perfsonar-ankara.ulakbim.gov.tr 10-24-2023_longest.csv,ARIMA,,1001,236.0894294282014,0.004217817734058166,8,35,0.7714285714285715,0.22857142857142854,0.8676503783139976,21,0.6746740111312022
esmond data psmp-gn-bw-lis-pt.geant.org to perfsonar-ankara.ulakbim.gov.tr 10-24-2023,esmond data psmp-gn-bw-lis-pt.geant.org to perfsonar-ankara.ulakbim.gov.tr 10-24-2023_mr40_ARIMA_imputed.csv,esmond data psmp-gn-bw-lis-pt.geant.org to perfsonar-ankara.ulakbim.gov.tr 10-24-2023_longest.csv,ARIMA,,1001,255.5911594266155,0.0038972504050202783,8,35,0.7714285714285715,0.22857142857142854,0.8303020595869802,21,0.11620942732543582
esmond data psmp-gn-bw-lis-pt.geant.org to perfsonar-ankara.ulakbim.gov.tr 10-24-2023,esmond data psmp-gn-bw-lis-pt.geant.org to perfsonar-ankara.ulakbim.gov.tr 10-24-2023_mr10_HoltWinters_imputed.csv,esmond data psmp-gn-bw-lis-pt.geant.org to perfsonar-ankara.ulakbim.gov.tr 10-24-2023_longest.csv,HoltWinters,,1001,51.728615038066685,0.018965034436767662,8,8,0.0,1.0,0.9911996607202948,8,0.9845519386555031
esmond data psmp-gn-bw-lis-pt.geant.org to perfsonar-ankara.ulakbim.gov.tr 10-24-2023,esmond data psmp-gn-bw-lis-pt.geant.org to perfsonar-ankara.ulakbim.gov.tr 10-24-2023_mr20_HoltWinters_imputed.csv,esmond data psmp-gn-bw-lis-pt.geant.org to perfsonar-ankara.ulakbim.gov.tr 10-24-2023_longest.csv,HoltWinters,,1001,214.441345570259,0.00464163458203933,8,35,0.7714285714285715,0.22857142857142854,0.9042179051743636,21,0.7432899911567784
esmond data psmp-gn-bw-lis-pt.geant.org to perfsonar-ankara.ulakbim.gov.tr 10-24-2023,esmond data psmp-gn-bw-lis-pt.geant.org to perfsonar-ankara.ulakbim.gov.tr 10-24-2023_mr30_HoltWinters_imputed.csv,esmond data psmp-gn-bw-lis-pt.geant.org to perfsonar-ankara.ulakbim.gov.tr 10-24-2023_longest.csv,HoltWinters,,1001,247.81441577458435,0.004019059735292665,8,12,0.3333333333333333,0.6666666666666667,0.8980167220684155,10,0.7492012451031176
esmond data psmp-gn-bw-lis-pt.geant.org to perfsonar-ankara.ulakbim.gov.tr 10-24-2023,esmond data psmp-gn-bw-lis-pt.geant.org to perfsonar-ankara.ulakbim.gov.tr 10-24-2023_mr40_HoltWinters_imputed.csv,esmond data psmp-gn-bw-lis-pt.geant.org to perfsonar-ankara.ulakbim.gov.tr 10-24-2023_longest.csv,HoltWinters,,1001,282.6322836523747,0.003525691741161664,8,11,0.2727272727272727,0.7272727272727273,0.884707395262282,9,0.6975064310092314
esmond data psmp-gn-bw-lis-pt.geant.org to perfsonar-ankara.ulakbim.gov.tr 10-24-2023,esmond data psmp-gn-bw-lis-pt.geant.org to perfsonar-ankara.ulakbim.gov.tr 10-24-2023_mr10_KNN_Sklearn_imputed.csv,esmond data psmp-gn-bw-lis-pt.geant.org to perfsonar-ankara.ulakbim.gov.tr 10-24-2023_longest.csv,KNN_Sklearn,,1001,47.89762394534082,0.020450891460857667,8,8,0.0,1.0,0.9931100983327714,8,0.9870014160067321
esmond data psmp-gn-bw-lis-pt.geant.org to perfsonar-ankara.ulakbim.gov.tr 10-24-2023,esmond data psmp-gn-bw-lis-pt.geant.org to perfsonar-ankara.ulakbim.gov.tr 10-24-2023_mr20_KNN_Sklearn_imputed.csv,esmond data psmp-gn-bw-lis-pt.geant.org to perfsonar-ankara.ulakbim.gov.tr 10-24-2023_longest.csv,KNN_Sklearn,,1001,211.1725988255879,0.004713143947593484,8,4,0.5,0.5,0.9094422751913419,6,0.7861712823128387
esmond data psmp-gn-bw-lis-pt.geant.org to perfsonar-ankara.ulakbim.gov.tr 10-24-2023,esmond data psmp-gn-bw-lis-pt.geant.org to perfsonar-ankara.ulakbim.gov.tr 10-24-2023_mr30_KNN_Sklearn_imputed.csv,esmond data psmp-gn-bw-lis-pt.geant.org to perfsonar-ankara.ulakbim.gov.tr 10-24-2023_longest.csv,KNN_Sklearn,,1001,246.65774246777806,0.00403783055613578,8,4,0.5,0.5,0.9056206465302368,6,0.7680590565730625
esmond data psmp-gn-bw-lis-pt.geant.org to perfsonar-ankara.ulakbim.gov.tr 10-24-2023,esmond data psmp-gn-bw-lis-pt.geant.org to perfsonar-ankara.ulakbim.gov.tr 10-24-2023_mr40_KNN_Sklearn_imputed.csv,esmond data psmp-gn-bw-lis-pt.geant.org to perfsonar-ankara.ulakbim.gov.tr 10-24-2023_longest.csv,KNN_Sklearn,,1001,278.7305459085851,0.0035748687965124707,8,11,0.2727272727272727,0.7272727272727273,0.9018852786890078,9,0.7172520242876996
esmond data psmp-gn-bw-lis-pt.geant.org to perfsonar-ankara.ulakbim.gov.tr 10-24-2023,esmond data psmp-gn-bw-lis-pt.geant.org to perfsonar-ankara.ulakbim.gov.tr 10-24-2023_mr10_Kalman_imputed.csv,esmond data psmp-gn-bw-lis-pt.geant.org to perfsonar-ankara.ulakbim.gov.tr 10-24-2023_longest.csv,Kalman,,1001,98.14315282465628,0.010086425249846464,8,8,0.0,1.0,0.9652700035081827,8,0.9353224302507177
esmond data psmp-gn-bw-lis-pt.geant.org to perfsonar-ankara.ulakbim.gov.tr 10-24-2023,esmond data psmp-gn-bw-lis-pt.geant.org to perfsonar-ankara.ulakbim.gov.tr 10-24-2023_mr20_Kalman_imputed.csv,esmond data psmp-gn-bw-lis-pt.geant.org to perfsonar-ankara.ulakbim.gov.tr 10-24-2023_longest.csv,Kalman,,1001,190.15966934023606,0.005231228969224399,8,8,0.0,1.0,0.8959799162665827,8,0.7404931405321323
esmond data psmp-gn-bw-lis-pt.geant.org to perfsonar-ankara.ulakbim.gov.tr 10-24-2023,esmond data psmp-gn-bw-lis-pt.geant.org to perfsonar-ankara.ulakbim.gov.tr 10-24-2023_mr30_Kalman_imputed.csv,esmond data psmp-gn-bw-lis-pt.geant.org to perfsonar-ankara.ulakbim.gov.tr 10-24-2023_longest.csv,Kalman,,1001,294.8309051390778,0.0033803094356550543,8,53,0.8490566037735849,0.15094339622641506,0.8284875484329596,30,0.4084206417425671
esmond data psmp-gn-bw-lis-pt.geant.org to perfsonar-ankara.ulakbim.gov.tr 10-24-2023,esmond data psmp-gn-bw-lis-pt.geant.org to perfsonar-ankara.ulakbim.gov.tr 10-24-2023_mr40_Kalman_imputed.csv,esmond data psmp-gn-bw-lis-pt.geant.org to perfsonar-ankara.ulakbim.gov.tr 10-24-2023_longest.csv,Kalman,,1001,341.3865215969989,0.0029206757185875312,8,35,0.7714285714285715,0.22857142857142854,0.7728914168087079,21,0.07061690100603847
esmond data psmp-gn-bw-lis-pt.geant.org to perfsonar-ankara.ulakbim.gov.tr 10-24-2023,esmond data psmp-gn-bw-lis-pt.geant.org to perfsonar-ankara.ulakbim.gov.tr 10-24-2023_mr10_LOCF_imputed.csv,esmond data psmp-gn-bw-lis-pt.geant.org to perfsonar-ankara.ulakbim.gov.tr 10-24-2023_longest.csv,LOCF,,1001,108.00815717530034,0.009173625404857182,8,8,0.0,1.0,0.9283300296077511,8,0.9283791050102926
esmond data psmp-gn-bw-lis-pt.geant.org to perfsonar-ankara.ulakbim.gov.tr 10-24-2023,esmond data psmp-gn-bw-lis-pt.geant.org to perfsonar-ankara.ulakbim.gov.tr 10-24-2023_mr20_LOCF_imputed.csv,esmond data psmp-gn-bw-lis-pt.geant.org to perfsonar-ankara.ulakbim.gov.tr 10-24-2023_longest.csv,LOCF,,1001,118.35543346861637,0.008378336628159812,8,35,0.7714285714285715,0.22857142857142854,0.8588078756703181,21,0.7107683526402963
esmond data psmp-gn-bw-lis-pt.geant.org to perfsonar-ankara.ulakbim.gov.tr 10-24-2023,esmond data psmp-gn-bw-lis-pt.geant.org to perfsonar-ankara.ulakbim.gov.tr 10-24-2023_mr30_LOCF_imputed.csv,esmond data psmp-gn-bw-lis-pt.geant.org to perfsonar-ankara.ulakbim.gov.tr 10-24-2023_longest.csv,LOCF,,1001,148.02759928367877,0.006710166471221671,8,12,0.3333333333333333,0.6666666666666667,0.8390525852693509,10,0.7138468435042687
esmond data psmp-gn-bw-lis-pt.geant.org to perfsonar-ankara.ulakbim.gov.tr 10-24-2023,esmond data psmp-gn-bw-lis-pt.geant.org to perfsonar-ankara.ulakbim.gov.tr 10-24-2023_mr40_LOCF_imputed.csv,esmond data psmp-gn-bw-lis-pt.geant.org to perfsonar-ankara.ulakbim.gov.tr 10-24-2023_longest.csv,LOCF,,1001,193.54829681364478,0.005140111819934803,8,11,0.2727272727272727,0.7272727272727273,0.8288146017666865,9,0.6727029721012174
esmond data psmp-gn-bw-lis-pt.geant.org to perfsonar-ankara.ulakbim.gov.tr 10-24-2023,esmond data psmp-gn-bw-lis-pt.geant.org to perfsonar-ankara.ulakbim.gov.tr 10-24-2023_mr10_Linear_imputed.csv,esmond data psmp-gn-bw-lis-pt.geant.org to perfsonar-ankara.ulakbim.gov.tr 10-24-2023_longest.csv,Linear,,1001,81.77704607577611,0.012080643697826276,8,8,0.0,1.0,0.9670711804094321,8,0.9655498586676728
esmond data psmp-gn-bw-lis-pt.geant.org to perfsonar-ankara.ulakbim.gov.tr 10-24-2023,esmond data psmp-gn-bw-lis-pt.geant.org to perfsonar-ankara.ulakbim.gov.tr 10-24-2023_mr20_Linear_imputed.csv,esmond data psmp-gn-bw-lis-pt.geant.org to perfsonar-ankara.ulakbim.gov.tr 10-24-2023_longest.csv,Linear,,1001,196.59255250898667,0.005060919489637744,8,35,0.7714285714285715,0.22857142857142854,0.8807071374970967,21,0.7408707415920798
esmond data psmp-gn-bw-lis-pt.geant.org to perfsonar-ankara.ulakbim.gov.tr 10-24-2023,esmond data psmp-gn-bw-lis-pt.geant.org to perfsonar-ankara.ulakbim.gov.tr 10-24-2023_mr30_Linear_imputed.csv,esmond data psmp-gn-bw-lis-pt.geant.org to perfsonar-ankara.ulakbim.gov.tr 10-24-2023_longest.csv,Linear,,1001,237.90172229473126,0.004185821644124891,8,12,0.3333333333333333,0.6666666666666667,0.8631020132336051,10,0.7467103414545314
esmond data psmp-gn-bw-lis-pt.geant.org to perfsonar-ankara.ulakbim.gov.tr 10-24-2023,esmond data psmp-gn-bw-lis-pt.geant.org to perfsonar-ankara.ulakbim.gov.tr 10-24-2023_mr40_Linear_imputed.csv,esmond data psmp-gn-bw-lis-pt.geant.org to perfsonar-ankara.ulakbim.gov.tr 10-24-2023_longest.csv,Linear,,1001,278.4403747490384,0.00357858094378125,8,11,0.2727272727272727,0.7272727272727273,0.8468371841813832,9,0.689780335296309
esmond data psmp-gn-bw-lis-pt.geant.org to perfsonar-ankara.ulakbim.gov.tr 10-24-2023,esmond data psmp-gn-bw-lis-pt.geant.org to perfsonar-ankara.ulakbim.gov.tr 10-24-2023_mr10_Mean_imputed.csv,esmond data psmp-gn-bw-lis-pt.geant.org to perfsonar-ankara.ulakbim.gov.tr 10-24-2023_longest.csv,Mean,,1001,47.89762394534082,0.020450891460857667,8,8,0.0,1.0,0.9931100983327714,8,0.9870014160067321
esmond data psmp-gn-bw-lis-pt.geant.org to perfsonar-ankara.ulakbim.gov.tr 10-24-2023,esmond data psmp-gn-bw-lis-pt.geant.org to perfsonar-ankara.ulakbim.gov.tr 10-24-2023_mr20_Mean_imputed.csv,esmond data psmp-gn-bw-lis-pt.geant.org to perfsonar-ankara.ulakbim.gov.tr 10-24-2023_longest.csv,Mean,,1001,211.1725988255879,0.004713143947593484,8,4,0.5,0.5,0.9094422751913419,6,0.7861712823128387
esmond data psmp-gn-bw-lis-pt.geant.org to perfsonar-ankara.ulakbim.gov.tr 10-24-2023,esmond data psmp-gn-bw-lis-pt.geant.org to perfsonar-ankara.ulakbim.gov.tr 10-24-2023_mr30_Mean_imputed.csv,esmond data psmp-gn-bw-lis-pt.geant.org to perfsonar-ankara.ulakbim.gov.tr 10-24-2023_longest.csv,Mean,,1001,246.65774246777806,0.00403783055613578,8,4,0.5,0.5,0.9056206465302368,6,0.7680590565730625
esmond data psmp-gn-bw-lis-pt.geant.org to perfsonar-ankara.ulakbim.gov.tr 10-24-2023,esmond data psmp-gn-bw-lis-pt.geant.org to perfsonar-ankara.ulakbim.gov.tr 10-24-2023_mr40_Mean_imputed.csv,esmond data psmp-gn-bw-lis-pt.geant.org to perfsonar-ankara.ulakbim.gov.tr 10-24-2023_longest.csv,Mean,,1001,278.7305459085851,0.0035748687965124707,8,11,0.2727272727272727,0.7272727272727273,0.9018852786890078,9,0.7172520242876996
esmond data psmp-gn-bw-lis-pt.geant.org to perfsonar-ankara.ulakbim.gov.tr 10-24-2023,esmond data psmp-gn-bw-lis-pt.geant.org to perfsonar-ankara.ulakbim.gov.tr 10-24-2023_mr10_SVD_KNN_imputed.csv,esmond data psmp-gn-bw-lis-pt.geant.org to perfsonar-ankara.ulakbim.gov.tr 10-24-2023_longest.csv,SVD_KNN,,1001,48.211209616843334,0.02032057345848564,8,8,0.0,1.0,0.9916547172837847,8,0.9859337322665637
esmond data psmp-gn-bw-lis-pt.geant.org to perfsonar-ankara.ulakbim.gov.tr 10-24-2023,esmond data psmp-gn-bw-lis-pt.geant.org to perfsonar-ankara.ulakbim.gov.tr 10-24-2023_mr20_SVD_KNN_imputed.csv,esmond data psmp-gn-bw-lis-pt.geant.org to perfsonar-ankara.ulakbim.gov.tr 10-24-2023_longest.csv,SVD_KNN,,1001,210.65856817449176,0.004724590214441959,8,35,0.7714285714285715,0.22857142857142854,0.9027713760978311,21,0.7383055776573098
esmond data psmp-gn-bw-lis-pt.geant.org to perfsonar-ankara.ulakbim.gov.tr 10-24-2023,esmond data psmp-gn-bw-lis-pt.geant.org to perfsonar-ankara.ulakbim.gov.tr 10-24-2023_mr30_SVD_KNN_imputed.csv,esmond data psmp-gn-bw-lis-pt.geant.org to perfsonar-ankara.ulakbim.gov.tr 10-24-2023_longest.csv,SVD_KNN,,1001,245.02127234715195,0.004064689164719607,8,35,0.7714285714285715,0.22857142857142854,0.8994438035363522,21,0.7409539793978808
esmond data psmp-gn-bw-lis-pt.geant.org to perfsonar-ankara.ulakbim.gov.tr 10-24-2023,esmond data psmp-gn-bw-lis-pt.geant.org to perfsonar-ankara.ulakbim.gov.tr 10-24-2023_mr40_SVD_KNN_imputed.csv,esmond data psmp-gn-bw-lis-pt.geant.org to perfsonar-ankara.ulakbim.gov.tr 10-24-2023_longest.csv,SVD_KNN,,1001,267.68167613074803,0.0037218764390667715,8,11,0.2727272727272727,0.7272727272727273,0.8886285527734216,9,0.6931730149409624
esmond data psmp-gn-bw-lis-pt.geant.org to perfsonar-ankara.ulakbim.gov.tr 10-24-2023,esmond data psmp-gn-bw-lis-pt.geant.org to perfsonar-ankara.ulakbim.gov.tr 10-24-2023_mr10_SVD_KNN_Hankel_imputed.csv,esmond data psmp-gn-bw-lis-pt.geant.org to perfsonar-ankara.ulakbim.gov.tr 10-24-2023_longest.csv,SVD_KNN_Hankel,,1001,55.371783774283564,0.01773937124296204,8,8,0.0,1.0,0.9853188302383704,8,0.9813349716768447
esmond data psmp-gn-bw-lis-pt.geant.org to perfsonar-ankara.ulakbim.gov.tr 10-24-2023,esmond data psmp-gn-bw-lis-pt.geant.org to perfsonar-ankara.ulakbim.gov.tr 10-24-2023_mr20_SVD_KNN_Hankel_imputed.csv,esmond data psmp-gn-bw-lis-pt.geant.org to perfsonar-ankara.ulakbim.gov.tr 10-24-2023_longest.csv,SVD_KNN_Hankel,,1001,208.42472601131314,0.004774985356533211,8,4,0.5,0.5,0.9088649475023973,6,0.7882329972528112
esmond data psmp-gn-bw-lis-pt.geant.org to perfsonar-ankara.ulakbim.gov.tr 10-24-2023,esmond data psmp-gn-bw-lis-pt.geant.org to perfsonar-ankara.ulakbim.gov.tr 10-24-2023_mr30_SVD_KNN_Hankel_imputed.csv,esmond data psmp-gn-bw-lis-pt.geant.org to perfsonar-ankara.ulakbim.gov.tr 10-24-2023_longest.csv,SVD_KNN_Hankel,,1001,193.60478914859272,0.005138619683385277,8,35,0.7714285714285715,0.22857142857142854,0.8629308336000315,21,0.7310735624067766
esmond data psmp-gn-bw-lis-pt.geant.org to perfsonar-ankara.ulakbim.gov.tr 10-24-2023,esmond data psmp-gn-bw-lis-pt.geant.org to perfsonar-ankara.ulakbim.gov.tr 10-24-2023_mr40_SVD_KNN_Hankel_imputed.csv,esmond data psmp-gn-bw-lis-pt.geant.org to perfsonar-ankara.ulakbim.gov.tr 10-24-2023_longest.csv,SVD_KNN_Hankel,,1001,265.6689365321693,0.0037499680802880694,8,35,0.7714285714285715,0.22857142857142854,0.8688105928120956,21,0.7099037791411025
esmond data psmp-gn-bw-lis-pt.geant.org to perfsonar-ankara.ulakbim.gov.tr 10-24-2023,esmond data psmp-gn-bw-lis-pt.geant.org to perfsonar-ankara.ulakbim.gov.tr 10-24-2023_mr10_Spline_imputed.csv,esmond data psmp-gn-bw-lis-pt.geant.org to perfsonar-ankara.ulakbim.gov.tr 10-24-2023_longest.csv,Spline,,1001,173.47276113031384,0.005731553702260144,8,8,0.0,1.0,0.8891657658633855,8,0.880527523228538
esmond data psmp-gn-bw-lis-pt.geant.org to perfsonar-ankara.ulakbim.gov.tr 10-24-2023,esmond data psmp-gn-bw-lis-pt.geant.org to perfsonar-ankara.ulakbim.gov.tr 10-24-2023_mr20_Spline_imputed.csv,esmond data psmp-gn-bw-lis-pt.geant.org to perfsonar-ankara.ulakbim.gov.tr 10-24-2023_longest.csv,Spline,,1001,189.92736190264293,0.005237593973093898,8,10,0.2,0.8,0.8402797779952392,9,0.6936961145807911
esmond data psmp-gn-bw-lis-pt.geant.org to perfsonar-ankara.ulakbim.gov.tr 10-24-2023,esmond data psmp-gn-bw-lis-pt.geant.org to perfsonar-ankara.ulakbim.gov.tr 10-24-2023_mr30_Spline_imputed.csv,esmond data psmp-gn-bw-lis-pt.geant.org to perfsonar-ankara.ulakbim.gov.tr 10-24-2023_longest.csv,Spline,,1001,235.39718604084973,0.004230168796625179,8,10,0.2,0.8,0.8052272120273655,9,0.6899165622695728
esmond data psmp-gn-bw-lis-pt.geant.org to perfsonar-ankara.ulakbim.gov.tr 10-24-2023,esmond data psmp-gn-bw-lis-pt.geant.org to perfsonar-ankara.ulakbim.gov.tr 10-24-2023_mr40_Spline_imputed.csv,esmond data psmp-gn-bw-lis-pt.geant.org to perfsonar-ankara.ulakbim.gov.tr 10-24-2023_longest.csv,Spline,,1001,295.54498288732304,0.003372169679835608,8,11,0.2727272727272727,0.7272727272727273,0.7896079713655658,9,0.595789499232528
esmond data psmp-gn-bw-lis-pt.geant.org to perfsonar.restena.lu 10-24-2023,esmond data psmp-gn-bw-lis-pt.geant.org to perfsonar.restena.lu 10-24-2023_mr10_ARIMA_imputed.csv,esmond data psmp-gn-bw-lis-pt.geant.org to perfsonar.restena.lu 10-24-2023_longest.csv,ARIMA,,1103,133.29153563760354,0.007446485701813553,10,10,0.0,1.0,0.9709961236580987,10,0.9314682771706734
esmond data psmp-gn-bw-lis-pt.geant.org to perfsonar.restena.lu 10-24-2023,esmond data psmp-gn-bw-lis-pt.geant.org to perfsonar.restena.lu 10-24-2023_mr20_ARIMA_imputed.csv,esmond data psmp-gn-bw-lis-pt.geant.org to perfsonar.restena.lu 10-24-2023_longest.csv,ARIMA,,1103,234.84826516016892,0.004240014228304293,10,17,0.4117647058823529,0.5882352941176471,0.9539000619149873,13,0.8933665944329516
esmond data psmp-gn-bw-lis-pt.geant.org to perfsonar.restena.lu 10-24-2023,esmond data psmp-gn-bw-lis-pt.geant.org to perfsonar.restena.lu 10-24-2023_mr30_ARIMA_imputed.csv,esmond data psmp-gn-bw-lis-pt.geant.org to perfsonar.restena.lu 10-24-2023_longest.csv,ARIMA,,1103,337.8645280794916,0.0029510318051508117,10,17,0.4117647058823529,0.5882352941176471,0.9215628365449721,13,0.8197268750067521
esmond data psmp-gn-bw-lis-pt.geant.org to perfsonar.restena.lu 10-24-2023,esmond data psmp-gn-bw-lis-pt.geant.org to perfsonar.restena.lu 10-24-2023_mr40_ARIMA_imputed.csv,esmond data psmp-gn-bw-lis-pt.geant.org to perfsonar.restena.lu 10-24-2023_longest.csv,ARIMA,,1103,416.50042538459405,0.002395207140397085,10,6,0.4,0.6,0.8920535408484638,8,0.7429452751107406
esmond data psmp-gn-bw-lis-pt.geant.org to perfsonar.restena.lu 10-24-2023,esmond data psmp-gn-bw-lis-pt.geant.org to perfsonar.restena.lu 10-24-2023_mr10_HoltWinters_imputed.csv,esmond data psmp-gn-bw-lis-pt.geant.org to perfsonar.restena.lu 10-24-2023_longest.csv,HoltWinters,,1103,131.20526070538705,0.0075639955222996085,10,17,0.4117647058823529,0.5882352941176471,0.9720795665354979,13,0.9400733049513674
esmond data psmp-gn-bw-lis-pt.geant.org to perfsonar.restena.lu 10-24-2023,esmond data psmp-gn-bw-lis-pt.geant.org to perfsonar.restena.lu 10-24-2023_mr20_HoltWinters_imputed.csv,esmond data psmp-gn-bw-lis-pt.geant.org to perfsonar.restena.lu 10-24-2023_longest.csv,HoltWinters,,1103,220.3783885195945,0.004517152765846829,10,17,0.4117647058823529,0.5882352941176471,0.9481286395323076,13,0.8932703092843474
esmond data psmp-gn-bw-lis-pt.geant.org to perfsonar.restena.lu 10-24-2023,esmond data psmp-gn-bw-lis-pt.geant.org to perfsonar.restena.lu 10-24-2023_mr30_HoltWinters_imputed.csv,esmond data psmp-gn-bw-lis-pt.geant.org to perfsonar.restena.lu 10-24-2023_longest.csv,HoltWinters,,1103,317.91007826402705,0.0031356801435798325,10,17,0.4117647058823529,0.5882352941176471,0.9184378908552967,13,0.8110177021990291
esmond data psmp-gn-bw-lis-pt.geant.org to perfsonar.restena.lu 10-24-2023,esmond data psmp-gn-bw-lis-pt.geant.org to perfsonar.restena.lu 10-24-2023_mr40_HoltWinters_imputed.csv,esmond data psmp-gn-bw-lis-pt.geant.org to perfsonar.restena.lu 10-24-2023_longest.csv,HoltWinters,,1103,364.31836106495246,0.0027373384603086052,10,19,0.47368421052631576,0.5263157894736843,0.8712077335438496,14,0.731700802613796
esmond data psmp-gn-bw-lis-pt.geant.org to perfsonar.restena.lu 10-24-2023,esmond data psmp-gn-bw-lis-pt.geant.org to perfsonar.restena.lu 10-24-2023_mr10_KNN_Sklearn_imputed.csv,esmond data psmp-gn-bw-lis-pt.geant.org to perfsonar.restena.lu 10-24-2023_longest.csv,KNN_Sklearn,,1103,129.24444302560318,0.007677870754174304,10,6,0.4,0.6,0.9735676229831309,8,0.9390982238243697
esmond data psmp-gn-bw-lis-pt.geant.org to perfsonar.restena.lu 10-24-2023,esmond data psmp-gn-bw-lis-pt.geant.org to perfsonar.restena.lu 10-24-2023_mr20_KNN_Sklearn_imputed.csv,esmond data psmp-gn-bw-lis-pt.geant.org to perfsonar.restena.lu 10-24-2023_longest.csv,KNN_Sklearn,,1103,223.61170446283006,0.004452127739253612,10,7,0.3,0.7,0.9565267604088799,8,0.9065642544061578
esmond data psmp-gn-bw-lis-pt.geant.org to perfsonar.restena.lu 10-24-2023,esmond data psmp-gn-bw-lis-pt.geant.org to perfsonar.restena.lu 10-24-2023_mr30_KNN_Sklearn_imputed.csv,esmond data psmp-gn-bw-lis-pt.geant.org to perfsonar.restena.lu 10-24-2023_longest.csv,KNN_Sklearn,,1103,328.9392954023151,0.00303086056718597,10,6,0.4,0.6,0.9334126256827311,8,0.8556534157304527
esmond data psmp-gn-bw-lis-pt.geant.org to perfsonar.restena.lu 10-24-2023,esmond data psmp-gn-bw-lis-pt.geant.org to perfsonar.restena.lu 10-24-2023_mr40_KNN_Sklearn_imputed.csv,esmond data psmp-gn-bw-lis-pt.geant.org to perfsonar.restena.lu 10-24-2023_longest.csv,KNN_Sklearn,,1103,417.17759086663915,0.002391328521281069,10,7,0.3,0.7,0.9188510583310145,8,0.8073611677069052
esmond data psmp-gn-bw-lis-pt.geant.org to perfsonar.restena.lu 10-24-2023,esmond data psmp-gn-bw-lis-pt.geant.org to perfsonar.restena.lu 10-24-2023_mr10_Kalman_imputed.csv,esmond data psmp-gn-bw-lis-pt.geant.org to perfsonar.restena.lu 10-24-2023_longest.csv,Kalman,,1103,135.73174962556956,0.007313590316356156,10,30,0.6666666666666666,0.33333333333333337,0.945804438568915,20,0.8973984156479897
esmond data psmp-gn-bw-lis-pt.geant.org to perfsonar.restena.lu 10-24-2023,esmond data psmp-gn-bw-lis-pt.geant.org to perfsonar.restena.lu 10-24-2023_mr20_Kalman_imputed.csv,esmond data psmp-gn-bw-lis-pt.geant.org to perfsonar.restena.lu 10-24-2023_longest.csv,Kalman,,1103,280.8021348241322,0.003548589156799974,10,11,0.09090909090909091,0.9090909090909091,0.8918452528132162,10,0.770544378330998
esmond data psmp-gn-bw-lis-pt.geant.org to perfsonar.restena.lu 10-24-2023,esmond data psmp-gn-bw-lis-pt.geant.org to perfsonar.restena.lu 10-24-2023_mr30_Kalman_imputed.csv,esmond data psmp-gn-bw-lis-pt.geant.org to perfsonar.restena.lu 10-24-2023_longest.csv,Kalman,,1103,409.88640182891714,0.002433762703143374,10,69,0.855072463768116,0.14492753623188404,0.8458880246771855,39,0.639529049326517
esmond data psmp-gn-bw-lis-pt.geant.org to perfsonar.restena.lu 10-24-2023,esmond data psmp-gn-bw-lis-pt.geant.org to perfsonar.restena.lu 10-24-2023_mr40_Kalman_imputed.csv,esmond data psmp-gn-bw-lis-pt.geant.org to perfsonar.restena.lu 10-24-2023_longest.csv,Kalman,,1103,501.1312764971488,0.001991511078489209,10,22,0.5454545454545454,0.4545454545454546,0.7868856177312453,16,0.4443022904773415
esmond data psmp-gn-bw-lis-pt.geant.org to perfsonar.restena.lu 10-24-2023,esmond data psmp-gn-bw-lis-pt.geant.org to perfsonar.restena.lu 10-24-2023_mr10_LOCF_imputed.csv,esmond data psmp-gn-bw-lis-pt.geant.org to perfsonar.restena.lu 10-24-2023_longest.csv,LOCF,,1103,110.29271705454205,0.00898531392229307,10,10,0.0,1.0,0.9463354966512569,10,0.870905702049344
esmond data psmp-gn-bw-lis-pt.geant.org to perfsonar.restena.lu 10-24-2023,esmond data psmp-gn-bw-lis-pt.geant.org to perfsonar.restena.lu 10-24-2023_mr20_LOCF_imputed.csv,esmond data psmp-gn-bw-lis-pt.geant.org to perfsonar.restena.lu 10-24-2023_longest.csv,LOCF,,1103,196.79389640973375,0.005055767736778295,10,17,0.4117647058823529,0.5882352941176471,0.9193576652257548,13,0.817508933464319
esmond data psmp-gn-bw-lis-pt.geant.org to perfsonar.restena.lu 10-24-2023,esmond data psmp-gn-bw-lis-pt.geant.org to perfsonar.restena.lu 10-24-2023_mr30_LOCF_imputed.csv,esmond data psmp-gn-bw-lis-pt.geant.org to perfsonar.restena.lu 10-24-2023_longest.csv,LOCF,,1103,267.7552700887328,0.0037208572679145527,10,17,0.4117647058823529,0.5882352941176471,0.8779969514184348,13,0.7423342349749695
esmond data psmp-gn-bw-lis-pt.geant.org to perfsonar.restena.lu 10-24-2023,esmond data psmp-gn-bw-lis-pt.geant.org to perfsonar.restena.lu 10-24-2023_mr40_LOCF_imputed.csv,esmond data psmp-gn-bw-lis-pt.geant.org to perfsonar.restena.lu 10-24-2023_longest.csv,LOCF,,1103,322.36214638481295,0.003092507923948411,10,17,0.4117647058823529,0.5882352941176471,0.8537302176504611,13,0.6862837119931703
esmond data psmp-gn-bw-lis-pt.geant.org to perfsonar.restena.lu 10-24-2023,esmond data psmp-gn-bw-lis-pt.geant.org to perfsonar.restena.lu 10-24-2023_mr10_Linear_imputed.csv,esmond data psmp-gn-bw-lis-pt.geant.org to perfsonar.restena.lu 10-24-2023_longest.csv,Linear,,1103,142.64200335087986,0.006961751971373314,10,17,0.4117647058823529,0.5882352941176471,0.9529136386623765,13,0.8969762860903886
esmond data psmp-gn-bw-lis-pt.geant.org to perfsonar.restena.lu 10-24-2023,esmond data psmp-gn-bw-lis-pt.geant.org to perfsonar.restena.lu 10-24-2023_mr20_Linear_imputed.csv,esmond data psmp-gn-bw-lis-pt.geant.org to perfsonar.restena.lu 10-24-2023_longest.csv,Linear,,1103,239.39560196647844,0.0041598098792982215,10,17,0.4117647058823529,0.5882352941176471,0.9244408431394782,13,0.8617238679917179
esmond data psmp-gn-bw-lis-pt.geant.org to perfsonar.restena.lu 10-24-2023,esmond data psmp-gn-bw-lis-pt.geant.org to perfsonar.restena.lu 10-24-2023_mr30_Linear_imputed.csv,esmond data psmp-gn-bw-lis-pt.geant.org to perfsonar.restena.lu 10-24-2023_longest.csv,Linear,,1103,339.6481014524446,0.002935580723145767,10,17,0.4117647058823529,0.5882352941176471,0.8866989604640291,13,0.7992139541028047
esmond data psmp-gn-bw-lis-pt.geant.org to perfsonar.restena.lu 10-24-2023,esmond data psmp-gn-bw-lis-pt.geant.org to perfsonar.restena.lu 10-24-2023_mr40_Linear_imputed.csv,esmond data psmp-gn-bw-lis-pt.geant.org to perfsonar.restena.lu 10-24-2023_longest.csv,Linear,,1103,413.2632005912076,0.002413924284302515,10,17,0.4117647058823529,0.5882352941176471,0.8453846460099663,13,0.7583516770559696
esmond data psmp-gn-bw-lis-pt.geant.org to perfsonar.restena.lu 10-24-2023,esmond data psmp-gn-bw-lis-pt.geant.org to perfsonar.restena.lu 10-24-2023_mr10_Mean_imputed.csv,esmond data psmp-gn-bw-lis-pt.geant.org to perfsonar.restena.lu 10-24-2023_longest.csv,Mean,,1103,129.24444302560318,0.007677870754174304,10,6,0.4,0.6,0.9735676229831309,8,0.9390982238243697
esmond data psmp-gn-bw-lis-pt.geant.org to perfsonar.restena.lu 10-24-2023,esmond data psmp-gn-bw-lis-pt.geant.org to perfsonar.restena.lu 10-24-2023_mr20_Mean_imputed.csv,esmond data psmp-gn-bw-lis-pt.geant.org to perfsonar.restena.lu 10-24-2023_longest.csv,Mean,,1103,223.61170446283006,0.004452127739253612,10,7,0.3,0.7,0.9565267604088799,8,0.9065642544061578
esmond data psmp-gn-bw-lis-pt.geant.org to perfsonar.restena.lu 10-24-2023,esmond data psmp-gn-bw-lis-pt.geant.org to perfsonar.restena.lu 10-24-2023_mr30_Mean_imputed.csv,esmond data psmp-gn-bw-lis-pt.geant.org to perfsonar.restena.lu 10-24-2023_longest.csv,Mean,,1103,328.9392954023151,0.00303086056718597,10,6,0.4,0.6,0.9334126256827311,8,0.8556534157304527
esmond data psmp-gn-bw-lis-pt.geant.org to perfsonar.restena.lu 10-24-2023,esmond data psmp-gn-bw-lis-pt.geant.org to perfsonar.restena.lu 10-24-2023_mr40_Mean_imputed.csv,esmond data psmp-gn-bw-lis-pt.geant.org to perfsonar.restena.lu 10-24-2023_longest.csv,Mean,,1103,417.17759086663915,0.002391328521281069,10,7,0.3,0.7,0.9188510583310145,8,0.8073611677069052
esmond data psmp-gn-bw-lis-pt.geant.org to perfsonar.restena.lu 10-24-2023,esmond data psmp-gn-bw-lis-pt.geant.org to perfsonar.restena.lu 10-24-2023_mr10_SVD_KNN_imputed.csv,esmond data psmp-gn-bw-lis-pt.geant.org to perfsonar.restena.lu 10-24-2023_longest.csv,SVD_KNN,,1103,128.9843503970596,0.007693233815804193,10,6,0.4,0.6,0.9702000222405521,8,0.9331237437365263
esmond data psmp-gn-bw-lis-pt.geant.org to perfsonar.restena.lu 10-24-2023,esmond data psmp-gn-bw-lis-pt.geant.org to perfsonar.restena.lu 10-24-2023_mr20_SVD_KNN_imputed.csv,esmond data psmp-gn-bw-lis-pt.geant.org to perfsonar.restena.lu 10-24-2023_longest.csv,SVD_KNN,,1103,219.05725853067185,0.004544271825783101,10,6,0.4,0.6,0.9528912988324942,8,0.8959780593748362
esmond data psmp-gn-bw-lis-pt.geant.org to perfsonar.restena.lu 10-24-2023,esmond data psmp-gn-bw-lis-pt.geant.org to perfsonar.restena.lu 10-24-2023_mr30_SVD_KNN_imputed.csv,esmond data psmp-gn-bw-lis-pt.geant.org to perfsonar.restena.lu 10-24-2023_longest.csv,SVD_KNN,,1103,308.78300182017733,0.003228066078914425,10,17,0.4117647058823529,0.5882352941176471,0.928994685870908,13,0.8627166105949216
esmond data psmp-gn-bw-lis-pt.geant.org to perfsonar.restena.lu 10-24-2023,esmond data psmp-gn-bw-lis-pt.geant.org to perfsonar.restena.lu 10-24-2023_mr40_SVD_KNN_imputed.csv,esmond data psmp-gn-bw-lis-pt.geant.org to perfsonar.restena.lu 10-24-2023_longest.csv,SVD_KNN,,1103,380.4298492904936,0.002621714063176028,10,17,0.4117647058823529,0.5882352941176471,0.9106727299528232,13,0.8081211444366588
esmond data psmp-gn-bw-lis-pt.geant.org to perfsonar.restena.lu 10-24-2023,esmond data psmp-gn-bw-lis-pt.geant.org to perfsonar.restena.lu 10-24-2023_mr10_SVD_KNN_Hankel_imputed.csv,esmond data psmp-gn-bw-lis-pt.geant.org to perfsonar.restena.lu 10-24-2023_longest.csv,SVD_KNN_Hankel,,1103,129.3977214662976,0.007668845657387184,10,6,0.4,0.6,0.9695782306611022,8,0.9315164361805706
esmond data psmp-gn-bw-lis-pt.geant.org to perfsonar.restena.lu 10-24-2023,esmond data psmp-gn-bw-lis-pt.geant.org to perfsonar.restena.lu 10-24-2023_mr20_SVD_KNN_Hankel_imputed.csv,esmond data psmp-gn-bw-lis-pt.geant.org to perfsonar.restena.lu 10-24-2023_longest.csv,SVD_KNN_Hankel,,1103,217.92438450178125,0.004567787194084192,10,9,0.1,0.9,0.9488751485780487,9,0.9014297849300713
esmond data psmp-gn-bw-lis-pt.geant.org to perfsonar.restena.lu 10-24-2023,esmond data psmp-gn-bw-lis-pt.geant.org to perfsonar.restena.lu 10-24-2023_mr30_SVD_KNN_Hankel_imputed.csv,esmond data psmp-gn-bw-lis-pt.geant.org to perfsonar.restena.lu 10-24-2023_longest.csv,SVD_KNN_Hankel,,1103,313.57291650280234,0.0031789132107025862,10,9,0.1,0.9,0.9234665665464303,9,0.8497852906988261
esmond data psmp-gn-bw-lis-pt.geant.org to perfsonar.restena.lu 10-24-2023,esmond data psmp-gn-bw-lis-pt.geant.org to perfsonar.restena.lu 10-24-2023_mr40_SVD_KNN_Hankel_imputed.csv,esmond data psmp-gn-bw-lis-pt.geant.org to perfsonar.restena.lu 10-24-2023_longest.csv,SVD_KNN_Hankel,,1103,383.85943727676135,0.0025983512502017114,10,9,0.1,0.9,0.912134077409813,9,0.8068248091836563
esmond data psmp-gn-bw-lis-pt.geant.org to perfsonar.restena.lu 10-24-2023,esmond data psmp-gn-bw-lis-pt.geant.org to perfsonar.restena.lu 10-24-2023_mr10_Spline_imputed.csv,esmond data psmp-gn-bw-lis-pt.geant.org to perfsonar.restena.lu 10-24-2023_longest.csv,Spline,,1103,153.3232947687868,0.0064799031247890285,10,17,0.4117647058823529,0.5882352941176471,0.926198680566287,13,0.8375744714562523
esmond data psmp-gn-bw-lis-pt.geant.org to perfsonar.restena.lu 10-24-2023,esmond data psmp-gn-bw-lis-pt.geant.org to perfsonar.restena.lu 10-24-2023_mr20_Spline_imputed.csv,esmond data psmp-gn-bw-lis-pt.geant.org to perfsonar.restena.lu 10-24-2023_longest.csv,Spline,,1103,279.08979875408124,0.0035702835463779234,10,17,0.4117647058823529,0.5882352941176471,0.8721197197454599,13,0.7709536588073058
esmond data psmp-gn-bw-lis-pt.geant.org to perfsonar.restena.lu 10-24-2023,esmond data psmp-gn-bw-lis-pt.geant.org to perfsonar.restena.lu 10-24-2023_mr30_Spline_imputed.csv,esmond data psmp-gn-bw-lis-pt.geant.org to perfsonar.restena.lu 10-24-2023_longest.csv,Spline,,1103,354.9570412540882,0.0028093277674093907,10,17,0.4117647058823529,0.5882352941176471,0.8298004471032138,13,0.7139999310101235
esmond data psmp-gn-bw-lis-pt.geant.org to perfsonar.restena.lu 10-24-2023,esmond data psmp-gn-bw-lis-pt.geant.org to perfsonar.restena.lu 10-24-2023_mr40_Spline_imputed.csv,esmond data psmp-gn-bw-lis-pt.geant.org to perfsonar.restena.lu 10-24-2023_longest.csv,Spline,,1103,464.41801840783324,0.0021486061141786886,10,17,0.4117647058823529,0.5882352941176471,0.768772614094503,13,0.5926779491509379
esmond data psmp-gn-bw-poz-pl.geant.org to perfsonar-ankara.ulakbim.gov.tr 10-24-2023,esmond data psmp-gn-bw-poz-pl.geant.org to perfsonar-ankara.ulakbim.gov.tr 10-24-2023_mr10_ARIMA_imputed.csv,esmond data psmp-gn-bw-poz-pl.geant.org to perfsonar-ankara.ulakbim.gov.tr 10-24-2023_longest.csv,ARIMA,,1018,75.6929719131046,0.013039004423156655,7,7,0.0,1.0,0.9616389055836395,7,0.9169349330100158
esmond data psmp-gn-bw-poz-pl.geant.org to perfsonar-ankara.ulakbim.gov.tr 10-24-2023,esmond data psmp-gn-bw-poz-pl.geant.org to perfsonar-ankara.ulakbim.gov.tr 10-24-2023_mr20_ARIMA_imputed.csv,esmond data psmp-gn-bw-poz-pl.geant.org to perfsonar-ankara.ulakbim.gov.tr 10-24-2023_longest.csv,ARIMA,,1018,129.91701288396172,0.007638426648844714,7,7,0.0,1.0,0.950326987969568,7,0.8934308139090728
esmond data psmp-gn-bw-poz-pl.geant.org to perfsonar-ankara.ulakbim.gov.tr 10-24-2023,esmond data psmp-gn-bw-poz-pl.geant.org to perfsonar-ankara.ulakbim.gov.tr 10-24-2023_mr30_ARIMA_imputed.csv,esmond data psmp-gn-bw-poz-pl.geant.org to perfsonar-ankara.ulakbim.gov.tr 10-24-2023_longest.csv,ARIMA,,1018,202.00178037406562,0.0049260651712380475,7,15,0.5333333333333333,0.4666666666666667,0.9306487142767003,11,0.7140579418997138
esmond data psmp-gn-bw-poz-pl.geant.org to perfsonar-ankara.ulakbim.gov.tr 10-24-2023,esmond data psmp-gn-bw-poz-pl.geant.org to perfsonar-ankara.ulakbim.gov.tr 10-24-2023_mr40_ARIMA_imputed.csv,esmond data psmp-gn-bw-poz-pl.geant.org to perfsonar-ankara.ulakbim.gov.tr 10-24-2023_longest.csv,ARIMA,,1018,299.9836159726001,0.003322439983215015,7,15,0.5333333333333333,0.4666666666666667,0.8717896344658078,11,0.038789459756461586
esmond data psmp-gn-bw-poz-pl.geant.org to perfsonar-ankara.ulakbim.gov.tr 10-24-2023,esmond data psmp-gn-bw-poz-pl.geant.org to perfsonar-ankara.ulakbim.gov.tr 10-24-2023_mr10_HoltWinters_imputed.csv,esmond data psmp-gn-bw-poz-pl.geant.org to perfsonar-ankara.ulakbim.gov.tr 10-24-2023_longest.csv,HoltWinters,,1018,66.3011721778565,0.014858582215437564,7,7,0.0,1.0,0.9813864748893818,7,0.9642805497619202
esmond data psmp-gn-bw-poz-pl.geant.org to perfsonar-ankara.ulakbim.gov.tr 10-24-2023,esmond data psmp-gn-bw-poz-pl.geant.org to perfsonar-ankara.ulakbim.gov.tr 10-24-2023_mr20_HoltWinters_imputed.csv,esmond data psmp-gn-bw-poz-pl.geant.org to perfsonar-ankara.ulakbim.gov.tr 10-24-2023_longest.csv,HoltWinters,,1018,120.90794308976304,0.008202910939639773,7,7,0.0,1.0,0.9695352371056795,7,0.9386104634283814
esmond data psmp-gn-bw-poz-pl.geant.org to perfsonar-ankara.ulakbim.gov.tr 10-24-2023,esmond data psmp-gn-bw-poz-pl.geant.org to perfsonar-ankara.ulakbim.gov.tr 10-24-2023_mr30_HoltWinters_imputed.csv,esmond data psmp-gn-bw-poz-pl.geant.org to perfsonar-ankara.ulakbim.gov.tr 10-24-2023_longest.csv,HoltWinters,,1018,173.72399836802327,0.00572331224869115,7,15,0.5333333333333333,0.4666666666666667,0.957561238502655,11,0.9197213051411055
esmond data psmp-gn-bw-poz-pl.geant.org to perfsonar-ankara.ulakbim.gov.tr 10-24-2023,esmond data psmp-gn-bw-poz-pl.geant.org to perfsonar-ankara.ulakbim.gov.tr 10-24-2023_mr40_HoltWinters_imputed.csv,esmond data psmp-gn-bw-poz-pl.geant.org to perfsonar-ankara.ulakbim.gov.tr 10-24-2023_longest.csv,HoltWinters,,1018,492.33246010173497,0.0020270306150010483,7,15,0.5333333333333333,0.4666666666666667,0.8349045857301509,11,0.43245791663166994
esmond data psmp-gn-bw-poz-pl.geant.org to perfsonar-ankara.ulakbim.gov.tr 10-24-2023,esmond data psmp-gn-bw-poz-pl.geant.org to perfsonar-ankara.ulakbim.gov.tr 10-24-2023_mr10_KNN_Sklearn_imputed.csv,esmond data psmp-gn-bw-poz-pl.geant.org to perfsonar-ankara.ulakbim.gov.tr 10-24-2023_longest.csv,KNN_Sklearn,,1018,71.31814016225398,0.013827789234573595,7,7,0.0,1.0,0.9785587658830512,7,0.9568092396302393
esmond data psmp-gn-bw-poz-pl.geant.org to perfsonar-ankara.ulakbim.gov.tr 10-24-2023,esmond data psmp-gn-bw-poz-pl.geant.org to perfsonar-ankara.ulakbim.gov.tr 10-24-2023_mr20_KNN_Sklearn_imputed.csv,esmond data psmp-gn-bw-poz-pl.geant.org to perfsonar-ankara.ulakbim.gov.tr 10-24-2023_longest.csv,KNN_Sklearn,,1018,127.24042176681021,0.007797853330663398,7,7,0.0,1.0,0.9691773572032715,7,0.9330725370309322
esmond data psmp-gn-bw-poz-pl.geant.org to perfsonar-ankara.ulakbim.gov.tr 10-24-2023,esmond data psmp-gn-bw-poz-pl.geant.org to perfsonar-ankara.ulakbim.gov.tr 10-24-2023_mr30_KNN_Sklearn_imputed.csv,esmond data psmp-gn-bw-poz-pl.geant.org to perfsonar-ankara.ulakbim.gov.tr 10-24-2023_longest.csv,KNN_Sklearn,,1018,181.44405551526663,0.005481132269153716,7,15,0.5333333333333333,0.4666666666666667,0.9589515099316693,11,0.9088935864734733
esmond data psmp-gn-bw-poz-pl.geant.org to perfsonar-ankara.ulakbim.gov.tr 10-24-2023,esmond data psmp-gn-bw-poz-pl.geant.org to perfsonar-ankara.ulakbim.gov.tr 10-24-2023_mr40_KNN_Sklearn_imputed.csv,esmond data psmp-gn-bw-poz-pl.geant.org to perfsonar-ankara.ulakbim.gov.tr 10-24-2023_longest.csv,KNN_Sklearn,,1018,525.2296468503779,0.0019003110257760306,7,9,0.2222222222222222,0.7777777777777778,0.8417610314414637,8,0.459190302463421
esmond data psmp-gn-bw-poz-pl.geant.org to perfsonar-ankara.ulakbim.gov.tr 10-24-2023,esmond data psmp-gn-bw-poz-pl.geant.org to perfsonar-ankara.ulakbim.gov.tr 10-24-2023_mr10_Kalman_imputed.csv,esmond data psmp-gn-bw-poz-pl.geant.org to perfsonar-ankara.ulakbim.gov.tr 10-24-2023_longest.csv,Kalman,,1018,305.1671885275533,0.0032661893157437593,7,7,0.0,1.0,0.8837605029056845,7,0.4871221995392775
esmond data psmp-gn-bw-poz-pl.geant.org to perfsonar-ankara.ulakbim.gov.tr 10-24-2023,esmond data psmp-gn-bw-poz-pl.geant.org to perfsonar-ankara.ulakbim.gov.tr 10-24-2023_mr20_Kalman_imputed.csv,esmond data psmp-gn-bw-poz-pl.geant.org to perfsonar-ankara.ulakbim.gov.tr 10-24-2023_longest.csv,Kalman,,1018,332.971802131197,0.002994264766122864,7,7,0.0,1.0,0.8783981899747177,7,0.4989321188856886
esmond data psmp-gn-bw-poz-pl.geant.org to perfsonar-ankara.ulakbim.gov.tr 10-24-2023,esmond data psmp-gn-bw-poz-pl.geant.org to perfsonar-ankara.ulakbim.gov.tr 10-24-2023_mr30_Kalman_imputed.csv,esmond data psmp-gn-bw-poz-pl.geant.org to perfsonar-ankara.ulakbim.gov.tr 10-24-2023_longest.csv,Kalman,,1018,429.5080268998259,0.0023228370611372783,7,15,0.5333333333333333,0.4666666666666667,0.8014485138464655,11,0.23543782727885573
esmond data psmp-gn-bw-poz-pl.geant.org to perfsonar-ankara.ulakbim.gov.tr 10-24-2023,esmond data psmp-gn-bw-poz-pl.geant.org to perfsonar-ankara.ulakbim.gov.tr 10-24-2023_mr40_Kalman_imputed.csv,esmond data psmp-gn-bw-poz-pl.geant.org to perfsonar-ankara.ulakbim.gov.tr 10-24-2023_longest.csv,Kalman,,1018,448.7944985150304,0.002223237508020752,7,41,0.8292682926829268,0.1707317073170732,0.7686185843074438,24,-0.14899760900936054
esmond data psmp-gn-bw-poz-pl.geant.org to perfsonar-ankara.ulakbim.gov.tr 10-24-2023,esmond data psmp-gn-bw-poz-pl.geant.org to perfsonar-ankara.ulakbim.gov.tr 10-24-2023_mr10_LOCF_imputed.csv,esmond data psmp-gn-bw-poz-pl.geant.org to perfsonar-ankara.ulakbim.gov.tr 10-24-2023_longest.csv,LOCF,,1018,62.74361487194465,0.015687845786733504,7,7,0.0,1.0,0.9641946227445278,7,0.9365210400825075
esmond data psmp-gn-bw-poz-pl.geant.org to perfsonar-ankara.ulakbim.gov.tr 10-24-2023,esmond data psmp-gn-bw-poz-pl.geant.org to perfsonar-ankara.ulakbim.gov.tr 10-24-2023_mr20_LOCF_imputed.csv,esmond data psmp-gn-bw-poz-pl.geant.org to perfsonar-ankara.ulakbim.gov.tr 10-24-2023_longest.csv,LOCF,,1018,109.42296574468635,0.009056087139627663,7,7,0.0,1.0,0.9442255064372468,7,0.8941901874949617
esmond data psmp-gn-bw-poz-pl.geant.org to perfsonar-ankara.ulakbim.gov.tr 10-24-2023,esmond data psmp-gn-bw-poz-pl.geant.org to perfsonar-ankara.ulakbim.gov.tr 10-24-2023_mr30_LOCF_imputed.csv,esmond data psmp-gn-bw-poz-pl.geant.org to perfsonar-ankara.ulakbim.gov.tr 10-24-2023_longest.csv,LOCF,,1018,153.1073958771427,0.006488981234860518,7,15,0.5333333333333333,0.4666666666666667,0.9328638385536131,11,0.8611378926589052
esmond data psmp-gn-bw-poz-pl.geant.org to perfsonar-ankara.ulakbim.gov.tr 10-24-2023,esmond data psmp-gn-bw-poz-pl.geant.org to perfsonar-ankara.ulakbim.gov.tr 10-24-2023_mr40_LOCF_imputed.csv,esmond data psmp-gn-bw-poz-pl.geant.org to perfsonar-ankara.ulakbim.gov.tr 10-24-2023_longest.csv,LOCF,,1018,468.1445883739441,0.002131539028225822,7,24,0.7083333333333334,0.29166666666666663,0.8099237993714591,15,0.4541364785598825
esmond data psmp-gn-bw-poz-pl.geant.org to perfsonar-ankara.ulakbim.gov.tr 10-24-2023,esmond data psmp-gn-bw-poz-pl.geant.org to perfsonar-ankara.ulakbim.gov.tr 10-24-2023_mr10_Linear_imputed.csv,esmond data psmp-gn-bw-poz-pl.geant.org to perfsonar-ankara.ulakbim.gov.tr 10-24-2023_longest.csv,Linear,,1018,83.04948954033328,0.011897752210858158,7,7,0.0,1.0,0.9713519267794085,7,0.9461735669301145
esmond data psmp-gn-bw-poz-pl.geant.org to perfsonar-ankara.ulakbim.gov.tr 10-24-2023,esmond data psmp-gn-bw-poz-pl.geant.org to perfsonar-ankara.ulakbim.gov.tr 10-24-2023_mr20_Linear_imputed.csv,esmond data psmp-gn-bw-poz-pl.geant.org to perfsonar-ankara.ulakbim.gov.tr 10-24-2023_longest.csv,Linear,,1018,146.88191990632353,0.006762151861657291,7,7,0.0,1.0,0.9558606880472622,7,0.918614331917283
esmond data psmp-gn-bw-poz-pl.geant.org to perfsonar-ankara.ulakbim.gov.tr 10-24-2023,esmond data psmp-gn-bw-poz-pl.geant.org to perfsonar-ankara.ulakbim.gov.tr 10-24-2023_mr30_Linear_imputed.csv,esmond data psmp-gn-bw-poz-pl.geant.org to perfsonar-ankara.ulakbim.gov.tr 10-24-2023_longest.csv,Linear,,1018,200.60307866053495,0.004960241711803562,7,19,0.631578947368421,0.368421052631579,0.9447377652931642,13,0.8941660180244593
esmond data psmp-gn-bw-poz-pl.geant.org to perfsonar-ankara.ulakbim.gov.tr 10-24-2023,esmond data psmp-gn-bw-poz-pl.geant.org to perfsonar-ankara.ulakbim.gov.tr 10-24-2023_mr40_Linear_imputed.csv,esmond data psmp-gn-bw-poz-pl.geant.org to perfsonar-ankara.ulakbim.gov.tr 10-24-2023_longest.csv,Linear,,1018,473.98464813352746,0.002105331201607342,7,15,0.5333333333333333,0.4666666666666667,0.8128256927662115,11,0.4455405693041446
esmond data psmp-gn-bw-poz-pl.geant.org to perfsonar-ankara.ulakbim.gov.tr 10-24-2023,esmond data psmp-gn-bw-poz-pl.geant.org to perfsonar-ankara.ulakbim.gov.tr 10-24-2023_mr10_Mean_imputed.csv,esmond data psmp-gn-bw-poz-pl.geant.org to perfsonar-ankara.ulakbim.gov.tr 10-24-2023_longest.csv,Mean,,1018,71.31814016225398,0.013827789234573595,7,7,0.0,1.0,0.9785587658830512,7,0.9568092396302393
esmond data psmp-gn-bw-poz-pl.geant.org to perfsonar-ankara.ulakbim.gov.tr 10-24-2023,esmond data psmp-gn-bw-poz-pl.geant.org to perfsonar-ankara.ulakbim.gov.tr 10-24-2023_mr20_Mean_imputed.csv,esmond data psmp-gn-bw-poz-pl.geant.org to perfsonar-ankara.ulakbim.gov.tr 10-24-2023_longest.csv,Mean,,1018,127.24042176681021,0.007797853330663398,7,7,0.0,1.0,0.9691773572032715,7,0.9330725370309322
esmond data psmp-gn-bw-poz-pl.geant.org to perfsonar-ankara.ulakbim.gov.tr 10-24-2023,esmond data psmp-gn-bw-poz-pl.geant.org to perfsonar-ankara.ulakbim.gov.tr 10-24-2023_mr30_Mean_imputed.csv,esmond data psmp-gn-bw-poz-pl.geant.org to perfsonar-ankara.ulakbim.gov.tr 10-24-2023_longest.csv,Mean,,1018,181.44405551526663,0.005481132269153716,7,15,0.5333333333333333,0.4666666666666667,0.9589515099316693,11,0.9088935864734733
esmond data psmp-gn-bw-poz-pl.geant.org to perfsonar-ankara.ulakbim.gov.tr 10-24-2023,esmond data psmp-gn-bw-poz-pl.geant.org to perfsonar-ankara.ulakbim.gov.tr 10-24-2023_mr40_Mean_imputed.csv,esmond data psmp-gn-bw-poz-pl.geant.org to perfsonar-ankara.ulakbim.gov.tr 10-24-2023_longest.csv,Mean,,1018,525.2296468503779,0.0019003110257760306,7,9,0.2222222222222222,0.7777777777777778,0.8417610314414637,8,0.459190302463421
esmond data psmp-gn-bw-poz-pl.geant.org to perfsonar-ankara.ulakbim.gov.tr 10-24-2023,esmond data psmp-gn-bw-poz-pl.geant.org to perfsonar-ankara.ulakbim.gov.tr 10-24-2023_mr10_SVD_KNN_imputed.csv,esmond data psmp-gn-bw-poz-pl.geant.org to perfsonar-ankara.ulakbim.gov.tr 10-24-2023_longest.csv,SVD_KNN,,1018,71.04237880715566,0.013880718773554356,7,7,0.0,1.0,0.9746276621362269,7,0.9487040130650338
esmond data psmp-gn-bw-poz-pl.geant.org to perfsonar-ankara.ulakbim.gov.tr 10-24-2023,esmond data psmp-gn-bw-poz-pl.geant.org to perfsonar-ankara.ulakbim.gov.tr 10-24-2023_mr20_SVD_KNN_imputed.csv,esmond data psmp-gn-bw-poz-pl.geant.org to perfsonar-ankara.ulakbim.gov.tr 10-24-2023_longest.csv,SVD_KNN,,1018,128.35002569551767,0.007730960969068077,7,7,0.0,1.0,0.9637435073558005,7,0.9290740478638221
esmond data psmp-gn-bw-poz-pl.geant.org to perfsonar-ankara.ulakbim.gov.tr 10-24-2023,esmond data psmp-gn-bw-poz-pl.geant.org to perfsonar-ankara.ulakbim.gov.tr 10-24-2023_mr30_SVD_KNN_imputed.csv,esmond data psmp-gn-bw-poz-pl.geant.org to perfsonar-ankara.ulakbim.gov.tr 10-24-2023_longest.csv,SVD_KNN,,1018,174.10007299115827,0.005711019892324633,7,15,0.5333333333333333,0.4666666666666667,0.9526865672817133,11,0.9064920513090914
esmond data psmp-gn-bw-poz-pl.geant.org to perfsonar-ankara.ulakbim.gov.tr 10-24-2023,esmond data psmp-gn-bw-poz-pl.geant.org to perfsonar-ankara.ulakbim.gov.tr 10-24-2023_mr40_SVD_KNN_imputed.csv,esmond data psmp-gn-bw-poz-pl.geant.org to perfsonar-ankara.ulakbim.gov.tr 10-24-2023_longest.csv,SVD_KNN,,1018,485.50511574946,0.0020554768441838527,7,15,0.5333333333333333,0.4666666666666667,0.8350460784611795,11,0.3648012122077451
esmond data psmp-gn-bw-poz-pl.geant.org to perfsonar-ankara.ulakbim.gov.tr 10-24-2023,esmond data psmp-gn-bw-poz-pl.geant.org to perfsonar-ankara.ulakbim.gov.tr 10-24-2023_mr10_SVD_KNN_Hankel_imputed.csv,esmond data psmp-gn-bw-poz-pl.geant.org to perfsonar-ankara.ulakbim.gov.tr 10-24-2023_longest.csv,SVD_KNN_Hankel,,1018,71.12947433842183,0.01386395796132014,7,7,0.0,1.0,0.97779879590138,7,0.9559570227892474
esmond data psmp-gn-bw-poz-pl.geant.org to perfsonar-ankara.ulakbim.gov.tr 10-24-2023,esmond data psmp-gn-bw-poz-pl.geant.org to perfsonar-ankara.ulakbim.gov.tr 10-24-2023_mr20_SVD_KNN_Hankel_imputed.csv,esmond data psmp-gn-bw-poz-pl.geant.org to perfsonar-ankara.ulakbim.gov.tr 10-24-2023_longest.csv,SVD_KNN_Hankel,,1018,129.57655132032258,0.007658342863925544,7,7,0.0,1.0,0.9627121081192969,7,0.9335606358834994
esmond data psmp-gn-bw-poz-pl.geant.org to perfsonar-ankara.ulakbim.gov.tr 10-24-2023,esmond data psmp-gn-bw-poz-pl.geant.org to perfsonar-ankara.ulakbim.gov.tr 10-24-2023_mr30_SVD_KNN_Hankel_imputed.csv,esmond data psmp-gn-bw-poz-pl.geant.org to perfsonar-ankara.ulakbim.gov.tr 10-24-2023_longest.csv,SVD_KNN_Hankel,,1018,179.22630273711803,0.005548579673515366,7,15,0.5333333333333333,0.4666666666666667,0.9586877498690385,11,0.9159245811139171
esmond data psmp-gn-bw-poz-pl.geant.org to perfsonar-ankara.ulakbim.gov.tr 10-24-2023,esmond data psmp-gn-bw-poz-pl.geant.org to perfsonar-ankara.ulakbim.gov.tr 10-24-2023_mr40_SVD_KNN_Hankel_imputed.csv,esmond data psmp-gn-bw-poz-pl.geant.org to perfsonar-ankara.ulakbim.gov.tr 10-24-2023_longest.csv,SVD_KNN_Hankel,,1018,506.14727557717185,0.001971813806673662,7,9,0.2222222222222222,0.7777777777777778,0.8394843196155357,8,0.45884204543875756
esmond data psmp-gn-bw-poz-pl.geant.org to perfsonar-ankara.ulakbim.gov.tr 10-24-2023,esmond data psmp-gn-bw-poz-pl.geant.org to perfsonar-ankara.ulakbim.gov.tr 10-24-2023_mr10_Spline_imputed.csv,esmond data psmp-gn-bw-poz-pl.geant.org to perfsonar-ankara.ulakbim.gov.tr 10-24-2023_longest.csv,Spline,,1018,78.13605070499186,0.012636465821725932,7,7,0.0,1.0,0.9630476411567032,7,0.9307129292513974
esmond data psmp-gn-bw-poz-pl.geant.org to perfsonar-ankara.ulakbim.gov.tr 10-24-2023,esmond data psmp-gn-bw-poz-pl.geant.org to perfsonar-ankara.ulakbim.gov.tr 10-24-2023_mr20_Spline_imputed.csv,esmond data psmp-gn-bw-poz-pl.geant.org to perfsonar-ankara.ulakbim.gov.tr 10-24-2023_longest.csv,Spline,,1018,135.6524370316718,0.007317835098456612,7,7,0.0,1.0,0.936431797606192,7,0.86964863669068
esmond data psmp-gn-bw-poz-pl.geant.org to perfsonar-ankara.ulakbim.gov.tr 10-24-2023,esmond data psmp-gn-bw-poz-pl.geant.org to perfsonar-ankara.ulakbim.gov.tr 10-24-2023_mr30_Spline_imputed.csv,esmond data psmp-gn-bw-poz-pl.geant.org to perfsonar-ankara.ulakbim.gov.tr 10-24-2023_longest.csv,Spline,,1018,190.1383399264326,0.0052318127299049,7,7,0.0,1.0,0.918141442951042,7,0.803044488963973
esmond data psmp-gn-bw-poz-pl.geant.org to perfsonar-ankara.ulakbim.gov.tr 10-24-2023,esmond data psmp-gn-bw-poz-pl.geant.org to perfsonar-ankara.ulakbim.gov.tr 10-24-2023_mr40_Spline_imputed.csv,esmond data psmp-gn-bw-poz-pl.geant.org to perfsonar-ankara.ulakbim.gov.tr 10-24-2023_longest.csv,Spline,,1018,454.57909885647524,0.0021950085122650416,7,11,0.36363636363636365,0.6363636363636364,0.766025121388984,9,0.3742257378342816
esmond data psmp-gn-bw-poz-pl.geant.org to pspmp-anella.csuc.cat 10-24-2023,esmond data psmp-gn-bw-poz-pl.geant.org to pspmp-anella.csuc.cat 10-24-2023_mr10_ARIMA_imputed.csv,esmond data psmp-gn-bw-poz-pl.geant.org to pspmp-anella.csuc.cat 10-24-2023_longest.csv,ARIMA,,1227,107.17722929679482,0.009244089597233093,61,5,0.9180327868852459,0.08196721311475408,0.9820876128648045,33,0.9807045996275067
esmond data psmp-gn-bw-poz-pl.geant.org to pspmp-anella.csuc.cat 10-24-2023,esmond data psmp-gn-bw-poz-pl.geant.org to pspmp-anella.csuc.cat 10-24-2023_mr20_ARIMA_imputed.csv,esmond data psmp-gn-bw-poz-pl.geant.org to pspmp-anella.csuc.cat 10-24-2023_longest.csv,ARIMA,,1227,224.9869543354951,0.004425034192528754,61,5,0.9180327868852459,0.08196721311475408,0.956118735000042,33,0.955643390387972
esmond data psmp-gn-bw-poz-pl.geant.org to pspmp-anella.csuc.cat 10-24-2023,esmond data psmp-gn-bw-poz-pl.geant.org to pspmp-anella.csuc.cat 10-24-2023_mr30_ARIMA_imputed.csv,esmond data psmp-gn-bw-poz-pl.geant.org to pspmp-anella.csuc.cat 10-24-2023_longest.csv,ARIMA,,1227,350.7591498763053,0.002842854266482183,61,12,0.8032786885245902,0.19672131147540983,0.9153877220677622,36,0.914842230046709
esmond data psmp-gn-bw-poz-pl.geant.org to pspmp-anella.csuc.cat 10-24-2023,esmond data psmp-gn-bw-poz-pl.geant.org to pspmp-anella.csuc.cat 10-24-2023_mr40_ARIMA_imputed.csv,esmond data psmp-gn-bw-poz-pl.geant.org to pspmp-anella.csuc.cat 10-24-2023_longest.csv,ARIMA,,1227,451.060301704521,0.002212094263153475,61,31,0.4918032786885246,0.5081967213114754,0.8876786832766752,46,0.8597410492035743
esmond data psmp-gn-bw-poz-pl.geant.org to pspmp-anella.csuc.cat 10-24-2023,esmond data psmp-gn-bw-poz-pl.geant.org to pspmp-anella.csuc.cat 10-24-2023_mr10_HoltWinters_imputed.csv,esmond data psmp-gn-bw-poz-pl.geant.org to pspmp-anella.csuc.cat 10-24-2023_longest.csv,HoltWinters,,1227,89.31035710833886,0.011072927092962015,61,61,0.0,1.0,0.9832340019766532,61,0.9519908524075541
esmond data psmp-gn-bw-poz-pl.geant.org to pspmp-anella.csuc.cat 10-24-2023,esmond data psmp-gn-bw-poz-pl.geant.org to pspmp-anella.csuc.cat 10-24-2023_mr20_HoltWinters_imputed.csv,esmond data psmp-gn-bw-poz-pl.geant.org to pspmp-anella.csuc.cat 10-24-2023_longest.csv,HoltWinters,,1227,197.2895701254686,0.005043129597624553,61,61,0.0,1.0,0.9578144434851344,61,0.9481073002612121
esmond data psmp-gn-bw-poz-pl.geant.org to pspmp-anella.csuc.cat 10-24-2023,esmond data psmp-gn-bw-poz-pl.geant.org to pspmp-anella.csuc.cat 10-24-2023_mr30_HoltWinters_imputed.csv,esmond data psmp-gn-bw-poz-pl.geant.org to pspmp-anella.csuc.cat 10-24-2023_longest.csv,HoltWinters,,1227,317.95323514616155,0.0031352558613859057,61,153,0.6013071895424836,0.39869281045751637,0.9166531352657876,107,0.9588197157660252
esmond data psmp-gn-bw-poz-pl.geant.org to pspmp-anella.csuc.cat 10-24-2023,esmond data psmp-gn-bw-poz-pl.geant.org to pspmp-anella.csuc.cat 10-24-2023_mr40_HoltWinters_imputed.csv,esmond data psmp-gn-bw-poz-pl.geant.org to pspmp-anella.csuc.cat 10-24-2023_longest.csv,HoltWinters,,1227,411.13287801870223,0.002426401904180576,61,31,0.4918032786885246,0.5081967213114754,0.8673630508588761,46,0.8607836228350632
esmond data psmp-gn-bw-poz-pl.geant.org to pspmp-anella.csuc.cat 10-24-2023,esmond data psmp-gn-bw-poz-pl.geant.org to pspmp-anella.csuc.cat 10-24-2023_mr10_KNN_Sklearn_imputed.csv,esmond data psmp-gn-bw-poz-pl.geant.org to pspmp-anella.csuc.cat 10-24-2023_longest.csv,KNN_Sklearn,,1227,98.28741818752906,0.010071769598351833,61,5,0.9180327868852459,0.08196721311475408,0.9843261451564553,33,0.9868842197743152
esmond data psmp-gn-bw-poz-pl.geant.org to pspmp-anella.csuc.cat 10-24-2023,esmond data psmp-gn-bw-poz-pl.geant.org to pspmp-anella.csuc.cat 10-24-2023_mr20_KNN_Sklearn_imputed.csv,esmond data psmp-gn-bw-poz-pl.geant.org to pspmp-anella.csuc.cat 10-24-2023_longest.csv,KNN_Sklearn,,1227,205.1348226611569,0.004851193927790617,61,5,0.9180327868852459,0.08196721311475408,0.9617754271763073,33,0.9638735849518607
esmond data psmp-gn-bw-poz-pl.geant.org to pspmp-anella.csuc.cat 10-24-2023,esmond data psmp-gn-bw-poz-pl.geant.org to pspmp-anella.csuc.cat 10-24-2023_mr30_KNN_Sklearn_imputed.csv,esmond data psmp-gn-bw-poz-pl.geant.org to pspmp-anella.csuc.cat 10-24-2023_longest.csv,KNN_Sklearn,,1227,315.8382042083673,0.0031561850392964426,61,5,0.9180327868852459,0.08196721311475408,0.9395008979930114,33,0.9410942592771648
esmond data psmp-gn-bw-poz-pl.geant.org to pspmp-anella.csuc.cat 10-24-2023,esmond data psmp-gn-bw-poz-pl.geant.org to pspmp-anella.csuc.cat 10-24-2023_mr40_KNN_Sklearn_imputed.csv,esmond data psmp-gn-bw-poz-pl.geant.org to pspmp-anella.csuc.cat 10-24-2023_longest.csv,KNN_Sklearn,,1227,424.90968300229054,0.0023479156260333765,61,5,0.9180327868852459,0.08196721311475408,0.9165651157107171,33,0.9135041776937182
esmond data psmp-gn-bw-poz-pl.geant.org to pspmp-anella.csuc.cat 10-24-2023,esmond data psmp-gn-bw-poz-pl.geant.org to pspmp-anella.csuc.cat 10-24-2023_mr10_Kalman_imputed.csv,esmond data psmp-gn-bw-poz-pl.geant.org to pspmp-anella.csuc.cat 10-24-2023_longest.csv,Kalman,,1227,117.33011468052327,0.008450934089769766,61,61,0.0,1.0,0.9611793368127352,61,0.757183406547027
esmond data psmp-gn-bw-poz-pl.geant.org to pspmp-anella.csuc.cat 10-24-2023,esmond data psmp-gn-bw-poz-pl.geant.org to pspmp-anella.csuc.cat 10-24-2023_mr20_Kalman_imputed.csv,esmond data psmp-gn-bw-poz-pl.geant.org to pspmp-anella.csuc.cat 10-24-2023_longest.csv,Kalman,,1227,264.15084221687516,0.003771438143055449,61,61,0.0,1.0,0.9142134886860196,61,0.7500240457871286
esmond data psmp-gn-bw-poz-pl.geant.org to pspmp-anella.csuc.cat 10-24-2023,esmond data psmp-gn-bw-poz-pl.geant.org to pspmp-anella.csuc.cat 10-24-2023_mr30_Kalman_imputed.csv,esmond data psmp-gn-bw-poz-pl.geant.org to pspmp-anella.csuc.cat 10-24-2023_longest.csv,Kalman,,1227,473.31018955954204,0.0021083249359003407,61,16,0.7377049180327869,0.2622950819672131,0.8294485103377252,38,0.8721366372927254
esmond data psmp-gn-bw-poz-pl.geant.org to pspmp-anella.csuc.cat 10-24-2023,esmond data psmp-gn-bw-poz-pl.geant.org to pspmp-anella.csuc.cat 10-24-2023_mr40_Kalman_imputed.csv,esmond data psmp-gn-bw-poz-pl.geant.org to pspmp-anella.csuc.cat 10-24-2023_longest.csv,Kalman,,1227,575.3356685367472,0.0017350999679386317,61,26,0.5737704918032787,0.42622950819672134,0.7849357768678511,43,0.6536802578492743
esmond data psmp-gn-bw-poz-pl.geant.org to pspmp-anella.csuc.cat 10-24-2023,esmond data psmp-gn-bw-poz-pl.geant.org to pspmp-anella.csuc.cat 10-24-2023_mr10_LOCF_imputed.csv,esmond data psmp-gn-bw-poz-pl.geant.org to pspmp-anella.csuc.cat 10-24-2023_longest.csv,LOCF,,1227,113.91158162793025,0.008702343017415586,61,12,0.8032786885245902,0.19672131147540983,0.9548285885733276,36,0.8903675778343894
esmond data psmp-gn-bw-poz-pl.geant.org to pspmp-anella.csuc.cat 10-24-2023,esmond data psmp-gn-bw-poz-pl.geant.org to pspmp-anella.csuc.cat 10-24-2023_mr20_LOCF_imputed.csv,esmond data psmp-gn-bw-poz-pl.geant.org to pspmp-anella.csuc.cat 10-24-2023_longest.csv,LOCF,,1227,223.1173738220789,0.004461947697075349,61,12,0.8032786885245902,0.19672131147540983,0.9059069691976286,36,0.8663449666602666
esmond data psmp-gn-bw-poz-pl.geant.org to pspmp-anella.csuc.cat 10-24-2023,esmond data psmp-gn-bw-poz-pl.geant.org to pspmp-anella.csuc.cat 10-24-2023_mr30_LOCF_imputed.csv,esmond data psmp-gn-bw-poz-pl.geant.org to pspmp-anella.csuc.cat 10-24-2023_longest.csv,LOCF,,1227,306.6712281683408,0.0032502226677265217,61,12,0.8032786885245902,0.19672131147540983,0.8643269578476594,36,0.8260933732368515
esmond data psmp-gn-bw-poz-pl.geant.org to pspmp-anella.csuc.cat 10-24-2023,esmond data psmp-gn-bw-poz-pl.geant.org to pspmp-anella.csuc.cat 10-24-2023_mr40_LOCF_imputed.csv,esmond data psmp-gn-bw-poz-pl.geant.org to pspmp-anella.csuc.cat 10-24-2023_longest.csv,LOCF,,1227,366.2776595546691,0.002722735712301473,61,12,0.8032786885245902,0.19672131147540983,0.8357934173195019,36,0.7382672997794965
esmond data psmp-gn-bw-poz-pl.geant.org to pspmp-anella.csuc.cat 10-24-2023,esmond data psmp-gn-bw-poz-pl.geant.org to pspmp-anella.csuc.cat 10-24-2023_mr10_Linear_imputed.csv,esmond data psmp-gn-bw-poz-pl.geant.org to pspmp-anella.csuc.cat 10-24-2023_longest.csv,Linear,,1227,145.24271174505068,0.00683794760140478,61,61,0.0,1.0,0.9603230334829908,61,0.839673470587838
esmond data psmp-gn-bw-poz-pl.geant.org to pspmp-anella.csuc.cat 10-24-2023,esmond data psmp-gn-bw-poz-pl.geant.org to pspmp-anella.csuc.cat 10-24-2023_mr20_Linear_imputed.csv,esmond data psmp-gn-bw-poz-pl.geant.org to pspmp-anella.csuc.cat 10-24-2023_longest.csv,Linear,,1227,253.22601041034804,0.003933507820013746,61,61,0.0,1.0,0.9226351997733484,61,0.8489935829745725
esmond data psmp-gn-bw-poz-pl.geant.org to pspmp-anella.csuc.cat 10-24-2023,esmond data psmp-gn-bw-poz-pl.geant.org to pspmp-anella.csuc.cat 10-24-2023_mr30_Linear_imputed.csv,esmond data psmp-gn-bw-poz-pl.geant.org to pspmp-anella.csuc.cat 10-24-2023_longest.csv,Linear,,1227,364.03766129057567,0.002739443367198171,61,8,0.8688524590163934,0.1311475409836066,0.8750292787907293,34,0.8621135995817567
esmond data psmp-gn-bw-poz-pl.geant.org to pspmp-anella.csuc.cat 10-24-2023,esmond data psmp-gn-bw-poz-pl.geant.org to pspmp-anella.csuc.cat 10-24-2023_mr40_Linear_imputed.csv,esmond data psmp-gn-bw-poz-pl.geant.org to pspmp-anella.csuc.cat 10-24-2023_longest.csv,Linear,,1227,452.79445260179926,0.002203640864859781,61,153,0.6013071895424836,0.39869281045751637,0.8393888764603634,107,0.6630660592397403
esmond data psmp-gn-bw-poz-pl.geant.org to pspmp-anella.csuc.cat 10-24-2023,esmond data psmp-gn-bw-poz-pl.geant.org to pspmp-anella.csuc.cat 10-24-2023_mr10_Mean_imputed.csv,esmond data psmp-gn-bw-poz-pl.geant.org to pspmp-anella.csuc.cat 10-24-2023_longest.csv,Mean,,1227,98.28741818752906,0.010071769598351833,61,5,0.9180327868852459,0.08196721311475408,0.9843261451564553,33,0.9868842197743152
esmond data psmp-gn-bw-poz-pl.geant.org to pspmp-anella.csuc.cat 10-24-2023,esmond data psmp-gn-bw-poz-pl.geant.org to pspmp-anella.csuc.cat 10-24-2023_mr20_Mean_imputed.csv,esmond data psmp-gn-bw-poz-pl.geant.org to pspmp-anella.csuc.cat 10-24-2023_longest.csv,Mean,,1227,205.1348226611569,0.004851193927790617,61,5,0.9180327868852459,0.08196721311475408,0.9617754271763073,33,0.9638735849518607
esmond data psmp-gn-bw-poz-pl.geant.org to pspmp-anella.csuc.cat 10-24-2023,esmond data psmp-gn-bw-poz-pl.geant.org to pspmp-anella.csuc.cat 10-24-2023_mr30_Mean_imputed.csv,esmond data psmp-gn-bw-poz-pl.geant.org to pspmp-anella.csuc.cat 10-24-2023_longest.csv,Mean,,1227,315.8382042083673,0.0031561850392964426,61,5,0.9180327868852459,0.08196721311475408,0.9395008979930114,33,0.9410942592771648
esmond data psmp-gn-bw-poz-pl.geant.org to pspmp-anella.csuc.cat 10-24-2023,esmond data psmp-gn-bw-poz-pl.geant.org to pspmp-anella.csuc.cat 10-24-2023_mr40_Mean_imputed.csv,esmond data psmp-gn-bw-poz-pl.geant.org to pspmp-anella.csuc.cat 10-24-2023_longest.csv,Mean,,1227,424.90968300229054,0.0023479156260333765,61,5,0.9180327868852459,0.08196721311475408,0.9165651157107171,33,0.9135041776937182
esmond data psmp-gn-bw-poz-pl.geant.org to pspmp-anella.csuc.cat 10-24-2023,esmond data psmp-gn-bw-poz-pl.geant.org to pspmp-anella.csuc.cat 10-24-2023_mr10_SVD_KNN_imputed.csv,esmond data psmp-gn-bw-poz-pl.geant.org to pspmp-anella.csuc.cat 10-24-2023_longest.csv,SVD_KNN,,1227,89.43281653770553,0.011057932709450167,61,61,0.0,1.0,0.981381589412057,61,0.991089512432021
esmond data psmp-gn-bw-poz-pl.geant.org to pspmp-anella.csuc.cat 10-24-2023,esmond data psmp-gn-bw-poz-pl.geant.org to pspmp-anella.csuc.cat 10-24-2023_mr20_SVD_KNN_imputed.csv,esmond data psmp-gn-bw-poz-pl.geant.org to pspmp-anella.csuc.cat 10-24-2023_longest.csv,SVD_KNN,,1227,190.67311477383217,0.00521721578521832,61,61,0.0,1.0,0.9577673118598836,61,0.9723369490663543
esmond data psmp-gn-bw-poz-pl.geant.org to pspmp-anella.csuc.cat 10-24-2023,esmond data psmp-gn-bw-poz-pl.geant.org to pspmp-anella.csuc.cat 10-24-2023_mr30_SVD_KNN_imputed.csv,esmond data psmp-gn-bw-poz-pl.geant.org to pspmp-anella.csuc.cat 10-24-2023_longest.csv,SVD_KNN,,1227,298.50849678815274,0.00333880344205165,61,5,0.9180327868852459,0.08196721311475408,0.9252015218963,33,0.9269829580959587
esmond data psmp-gn-bw-poz-pl.geant.org to pspmp-anella.csuc.cat 10-24-2023,esmond data psmp-gn-bw-poz-pl.geant.org to pspmp-anella.csuc.cat 10-24-2023_mr40_SVD_KNN_imputed.csv,esmond data psmp-gn-bw-poz-pl.geant.org to pspmp-anella.csuc.cat 10-24-2023_longest.csv,SVD_KNN,,1227,402.2521610868196,0.002479837919045154,61,153,0.6013071895424836,0.39869281045751637,0.8938163455084195,107,0.9432440094638008
esmond data psmp-gn-bw-poz-pl.geant.org to pspmp-anella.csuc.cat 10-24-2023,esmond data psmp-gn-bw-poz-pl.geant.org to pspmp-anella.csuc.cat 10-24-2023_mr10_SVD_KNN_Hankel_imputed.csv,esmond data psmp-gn-bw-poz-pl.geant.org to pspmp-anella.csuc.cat 10-24-2023_longest.csv,SVD_KNN_Hankel,,1227,90.41905972779583,0.010938637992750558,61,5,0.9180327868852459,0.08196721311475408,0.9834170603164815,33,0.9838394299554544
esmond data psmp-gn-bw-poz-pl.geant.org to pspmp-anella.csuc.cat 10-24-2023,esmond data psmp-gn-bw-poz-pl.geant.org to pspmp-anella.csuc.cat 10-24-2023_mr20_SVD_KNN_Hankel_imputed.csv,esmond data psmp-gn-bw-poz-pl.geant.org to pspmp-anella.csuc.cat 10-24-2023_longest.csv,SVD_KNN_Hankel,,1227,195.92836096198872,0.005077988742276796,61,5,0.9180327868852459,0.08196721311475408,0.9596294548081536,33,0.9535548888971264
esmond data psmp-gn-bw-poz-pl.geant.org to pspmp-anella.csuc.cat 10-24-2023,esmond data psmp-gn-bw-poz-pl.geant.org to pspmp-anella.csuc.cat 10-24-2023_mr30_SVD_KNN_Hankel_imputed.csv,esmond data psmp-gn-bw-poz-pl.geant.org to pspmp-anella.csuc.cat 10-24-2023_longest.csv,SVD_KNN_Hankel,,1227,293.0855349577823,0.0034003712564222377,61,153,0.6013071895424836,0.39869281045751637,0.932248698203995,107,0.9643046001480956
esmond data psmp-gn-bw-poz-pl.geant.org to pspmp-anella.csuc.cat 10-24-2023,esmond data psmp-gn-bw-poz-pl.geant.org to pspmp-anella.csuc.cat 10-24-2023_mr40_SVD_KNN_Hankel_imputed.csv,esmond data psmp-gn-bw-poz-pl.geant.org to pspmp-anella.csuc.cat 10-24-2023_longest.csv,SVD_KNN_Hankel,,1227,412.51229789382484,0.002418307762776052,61,5,0.9180327868852459,0.08196721311475408,0.9121476893890605,33,0.9005645939456698
esmond data psmp-gn-bw-poz-pl.geant.org to pspmp-anella.csuc.cat 10-24-2023,esmond data psmp-gn-bw-poz-pl.geant.org to pspmp-anella.csuc.cat 10-24-2023_mr10_Spline_imputed.csv,esmond data psmp-gn-bw-poz-pl.geant.org to pspmp-anella.csuc.cat 10-24-2023_longest.csv,Spline,,1227,192.10538567413045,0.005178519472716943,61,12,0.8032786885245902,0.19672131147540983,0.9205914114450696,36,0.508981610795193
esmond data psmp-gn-bw-poz-pl.geant.org to pspmp-anella.csuc.cat 10-24-2023,esmond data psmp-gn-bw-poz-pl.geant.org to pspmp-anella.csuc.cat 10-24-2023_mr20_Spline_imputed.csv,esmond data psmp-gn-bw-poz-pl.geant.org to pspmp-anella.csuc.cat 10-24-2023_longest.csv,Spline,,1227,302.6526931093025,0.003293236064400855,61,5,0.9180327868852459,0.08196721311475408,0.8676090305400279,33,0.5628997000731705
esmond data psmp-gn-bw-poz-pl.geant.org to pspmp-anella.csuc.cat 10-24-2023,esmond data psmp-gn-bw-poz-pl.geant.org to pspmp-anella.csuc.cat 10-24-2023_mr30_Spline_imputed.csv,esmond data psmp-gn-bw-poz-pl.geant.org to pspmp-anella.csuc.cat 10-24-2023_longest.csv,Spline,,1227,423.44667828139893,0.0023560085428139966,61,8,0.8688524590163934,0.1311475409836066,0.8086708841587176,34,0.5373600939089854
esmond data psmp-gn-bw-poz-pl.geant.org to pspmp-anella.csuc.cat 10-24-2023,esmond data psmp-gn-bw-poz-pl.geant.org to pspmp-anella.csuc.cat 10-24-2023_mr40_Spline_imputed.csv,esmond data psmp-gn-bw-poz-pl.geant.org to pspmp-anella.csuc.cat 10-24-2023_longest.csv,Spline,,1227,573.336620432106,0.0017411391933316795,61,10,0.8360655737704918,0.16393442622950816,0.7412816225917898,35,0.36946031817931035
esmond data psmp-gn-bw-vie-at.geant.org to psmall.lut.ac.uk 10-24-2023,esmond data psmp-gn-bw-vie-at.geant.org to psmall.lut.ac.uk 10-24-2023_mr10_ARIMA_imputed.csv,esmond data psmp-gn-bw-vie-at.geant.org to psmall.lut.ac.uk 10-24-2023_longest.csv,ARIMA,,1102,105.59656430325653,0.009381165392489578,29,7,0.7586206896551724,0.24137931034482762,0.9791015866340259,18,0.9608572583361985
esmond data psmp-gn-bw-vie-at.geant.org to psmall.lut.ac.uk 10-24-2023,esmond data psmp-gn-bw-vie-at.geant.org to psmall.lut.ac.uk 10-24-2023_mr20_ARIMA_imputed.csv,esmond data psmp-gn-bw-vie-at.geant.org to psmall.lut.ac.uk 10-24-2023_longest.csv,ARIMA,,1102,208.57822197398536,0.004771488137370153,29,79,0.6329113924050633,0.36708860759493667,0.9538004966191349,54,0.7621071767389348
esmond data psmp-gn-bw-vie-at.geant.org to psmall.lut.ac.uk 10-24-2023,esmond data psmp-gn-bw-vie-at.geant.org to psmall.lut.ac.uk 10-24-2023_mr30_ARIMA_imputed.csv,esmond data psmp-gn-bw-vie-at.geant.org to psmall.lut.ac.uk 10-24-2023_longest.csv,ARIMA,,1102,333.306778814816,0.0029912645012619807,29,4,0.8620689655172413,0.13793103448275867,0.9157914495065818,16,0.8310402546435962
esmond data psmp-gn-bw-vie-at.geant.org to psmall.lut.ac.uk 10-24-2023,esmond data psmp-gn-bw-vie-at.geant.org to psmall.lut.ac.uk 10-24-2023_mr40_ARIMA_imputed.csv,esmond data psmp-gn-bw-vie-at.geant.org to psmall.lut.ac.uk 10-24-2023_longest.csv,ARIMA,,1102,417.2235510387526,0.0023910657291208834,29,79,0.6329113924050633,0.36708860759493667,0.8940162300020237,54,0.6535915535892604
esmond data psmp-gn-bw-vie-at.geant.org to psmall.lut.ac.uk 10-24-2023,esmond data psmp-gn-bw-vie-at.geant.org to psmall.lut.ac.uk 10-24-2023_mr10_HoltWinters_imputed.csv,esmond data psmp-gn-bw-vie-at.geant.org to psmall.lut.ac.uk 10-24-2023_longest.csv,HoltWinters,,1102,106.38235718410807,0.009312516750638008,29,79,0.6329113924050633,0.36708860759493667,0.9773942802841248,54,0.9744900348394041
esmond data psmp-gn-bw-vie-at.geant.org to psmall.lut.ac.uk 10-24-2023,esmond data psmp-gn-bw-vie-at.geant.org to psmall.lut.ac.uk 10-24-2023_mr20_HoltWinters_imputed.csv,esmond data psmp-gn-bw-vie-at.geant.org to psmall.lut.ac.uk 10-24-2023_longest.csv,HoltWinters,,1102,199.3317526329256,0.004991719918870438,29,79,0.6329113924050633,0.36708860759493667,0.9466158145234336,54,0.7907154469419495
esmond data psmp-gn-bw-vie-at.geant.org to psmall.lut.ac.uk 10-24-2023,esmond data psmp-gn-bw-vie-at.geant.org to psmall.lut.ac.uk 10-24-2023_mr30_HoltWinters_imputed.csv,esmond data psmp-gn-bw-vie-at.geant.org to psmall.lut.ac.uk 10-24-2023_longest.csv,HoltWinters,,1102,319.54758670787214,0.003119661608656377,29,79,0.6329113924050633,0.36708860759493667,0.918987710403191,54,0.6080774218424664
esmond data psmp-gn-bw-vie-at.geant.org to psmall.lut.ac.uk 10-24-2023,esmond data psmp-gn-bw-vie-at.geant.org to psmall.lut.ac.uk 10-24-2023_mr40_HoltWinters_imputed.csv,esmond data psmp-gn-bw-vie-at.geant.org to psmall.lut.ac.uk 10-24-2023_longest.csv,HoltWinters,,1102,387.99224694911,0.0025707453242142003,29,79,0.6329113924050633,0.36708860759493667,0.8831549825248207,54,0.614707159574193
esmond data psmp-gn-bw-vie-at.geant.org to psmall.lut.ac.uk 10-24-2023,esmond data psmp-gn-bw-vie-at.geant.org to psmall.lut.ac.uk 10-24-2023_mr10_KNN_Sklearn_imputed.csv,esmond data psmp-gn-bw-vie-at.geant.org to psmall.lut.ac.uk 10-24-2023_longest.csv,KNN_Sklearn,,1102,105.25536118283891,0.009411289829218593,29,7,0.7586206896551724,0.24137931034482762,0.9795344824191272,18,0.9629464465204508
esmond data psmp-gn-bw-vie-at.geant.org to psmall.lut.ac.uk 10-24-2023,esmond data psmp-gn-bw-vie-at.geant.org to psmall.lut.ac.uk 10-24-2023_mr20_KNN_Sklearn_imputed.csv,esmond data psmp-gn-bw-vie-at.geant.org to psmall.lut.ac.uk 10-24-2023_longest.csv,KNN_Sklearn,,1102,202.9482641303282,0.004903204272241191,29,7,0.7586206896551724,0.24137931034482762,0.9579914864052678,18,0.9138831702834825
esmond data psmp-gn-bw-vie-at.geant.org to psmall.lut.ac.uk 10-24-2023,esmond data psmp-gn-bw-vie-at.geant.org to psmall.lut.ac.uk 10-24-2023_mr30_KNN_Sklearn_imputed.csv,esmond data psmp-gn-bw-vie-at.geant.org to psmall.lut.ac.uk 10-24-2023_longest.csv,KNN_Sklearn,,1102,325.8456371450619,0.0030595482587279454,29,4,0.8620689655172413,0.13793103448275867,0.9265205173081555,16,0.8564188697216566
esmond data psmp-gn-bw-vie-at.geant.org to psmall.lut.ac.uk 10-24-2023,esmond data psmp-gn-bw-vie-at.geant.org to psmall.lut.ac.uk 10-24-2023_mr40_KNN_Sklearn_imputed.csv,esmond data psmp-gn-bw-vie-at.geant.org to psmall.lut.ac.uk 10-24-2023_longest.csv,KNN_Sklearn,,1102,413.91101160252896,0.002410155363526401,29,4,0.8620689655172413,0.13793103448275867,0.9133230280706284,16,0.8163035082388356
esmond data psmp-gn-bw-vie-at.geant.org to psmall.lut.ac.uk 10-24-2023,esmond data psmp-gn-bw-vie-at.geant.org to psmall.lut.ac.uk 10-24-2023_mr10_Kalman_imputed.csv,esmond data psmp-gn-bw-vie-at.geant.org to psmall.lut.ac.uk 10-24-2023_longest.csv,Kalman,,1102,146.65251166320883,0.006772658241540595,29,79,0.6329113924050633,0.36708860759493667,0.9606681348867391,54,0.934292059468216
esmond data psmp-gn-bw-vie-at.geant.org to psmall.lut.ac.uk 10-24-2023,esmond data psmp-gn-bw-vie-at.geant.org to psmall.lut.ac.uk 10-24-2023_mr20_Kalman_imputed.csv,esmond data psmp-gn-bw-vie-at.geant.org to psmall.lut.ac.uk 10-24-2023_longest.csv,Kalman,,1102,254.90136351096857,0.003907755653506463,29,19,0.3448275862068966,0.6551724137931034,0.9071118779757615,24,0.7909569964870146
esmond data psmp-gn-bw-vie-at.geant.org to psmall.lut.ac.uk 10-24-2023,esmond data psmp-gn-bw-vie-at.geant.org to psmall.lut.ac.uk 10-24-2023_mr30_Kalman_imputed.csv,esmond data psmp-gn-bw-vie-at.geant.org to psmall.lut.ac.uk 10-24-2023_longest.csv,Kalman,,1102,362.70583081977037,0.0027494747547655808,29,28,0.034482758620689655,0.9655172413793104,0.8479908039862419,28,0.6626813650586943
esmond data psmp-gn-bw-vie-at.geant.org to psmall.lut.ac.uk 10-24-2023,esmond data psmp-gn-bw-vie-at.geant.org to psmall.lut.ac.uk 10-24-2023_mr40_Kalman_imputed.csv,esmond data psmp-gn-bw-vie-at.geant.org to psmall.lut.ac.uk 10-24-2023_longest.csv,Kalman,,1102,453.36755054928943,0.0022008613924808015,29,38,0.23684210526315788,0.7631578947368421,0.8080785587066994,33,0.6415892035563671
esmond data psmp-gn-bw-vie-at.geant.org to psmall.lut.ac.uk 10-24-2023,esmond data psmp-gn-bw-vie-at.geant.org to psmall.lut.ac.uk 10-24-2023_mr10_LOCF_imputed.csv,esmond data psmp-gn-bw-vie-at.geant.org to psmall.lut.ac.uk 10-24-2023_longest.csv,LOCF,,1102,93.93722923358402,0.010533275597706724,29,7,0.7586206896551724,0.24137931034482762,0.969523947596084,18,0.9450627617497261
esmond data psmp-gn-bw-vie-at.geant.org to psmall.lut.ac.uk 10-24-2023,esmond data psmp-gn-bw-vie-at.geant.org to psmall.lut.ac.uk 10-24-2023_mr20_LOCF_imputed.csv,esmond data psmp-gn-bw-vie-at.geant.org to psmall.lut.ac.uk 10-24-2023_longest.csv,LOCF,,1102,200.26349763324808,0.004968610859691247,29,5,0.8275862068965517,0.1724137931034483,0.9273929633730204,17,0.847291402795412
esmond data psmp-gn-bw-vie-at.geant.org to psmall.lut.ac.uk 10-24-2023,esmond data psmp-gn-bw-vie-at.geant.org to psmall.lut.ac.uk 10-24-2023_mr30_LOCF_imputed.csv,esmond data psmp-gn-bw-vie-at.geant.org to psmall.lut.ac.uk 10-24-2023_longest.csv,LOCF,,1102,273.25870594983286,0.0036461923662066686,29,18,0.3793103448275862,0.6206896551724138,0.8738379804596923,23,0.746014348449871
esmond data psmp-gn-bw-vie-at.geant.org to psmall.lut.ac.uk 10-24-2023,esmond data psmp-gn-bw-vie-at.geant.org to psmall.lut.ac.uk 10-24-2023_mr40_LOCF_imputed.csv,esmond data psmp-gn-bw-vie-at.geant.org to psmall.lut.ac.uk 10-24-2023_longest.csv,LOCF,,1102,347.9945083937514,0.002865374600312492,29,79,0.6329113924050633,0.36708860759493667,0.8432199632690395,54,0.5086999458884882
esmond data psmp-gn-bw-vie-at.geant.org to psmall.lut.ac.uk 10-24-2023,esmond data psmp-gn-bw-vie-at.geant.org to psmall.lut.ac.uk 10-24-2023_mr10_Linear_imputed.csv,esmond data psmp-gn-bw-vie-at.geant.org to psmall.lut.ac.uk 10-24-2023_longest.csv,Linear,,1102,118.19654856451409,0.008389504663037778,29,79,0.6329113924050633,0.36708860759493667,0.9672756536835178,54,0.9534785172289931
esmond data psmp-gn-bw-vie-at.geant.org to psmall.lut.ac.uk 10-24-2023,esmond data psmp-gn-bw-vie-at.geant.org to psmall.lut.ac.uk 10-24-2023_mr20_Linear_imputed.csv,esmond data psmp-gn-bw-vie-at.geant.org to psmall.lut.ac.uk 10-24-2023_longest.csv,Linear,,1102,237.7267503916001,0.004188889591801633,29,79,0.6329113924050633,0.36708860759493667,0.9225782091208075,54,0.673609622819065
esmond data psmp-gn-bw-vie-at.geant.org to psmall.lut.ac.uk 10-24-2023,esmond data psmp-gn-bw-vie-at.geant.org to psmall.lut.ac.uk 10-24-2023_mr30_Linear_imputed.csv,esmond data psmp-gn-bw-vie-at.geant.org to psmall.lut.ac.uk 10-24-2023_longest.csv,Linear,,1102,340.3656393261338,0.0029294102416811208,29,19,0.3448275862068966,0.6551724137931034,0.8729051684307705,24,0.7776224517613688
esmond data psmp-gn-bw-vie-at.geant.org to psmall.lut.ac.uk 10-24-2023,esmond data psmp-gn-bw-vie-at.geant.org to psmall.lut.ac.uk 10-24-2023_mr40_Linear_imputed.csv,esmond data psmp-gn-bw-vie-at.geant.org to psmall.lut.ac.uk 10-24-2023_longest.csv,Linear,,1102,415.28347981495733,0.0024022091879420996,29,79,0.6329113924050633,0.36708860759493667,0.8393002202868357,54,0.5687625694791307
esmond data psmp-gn-bw-vie-at.geant.org to psmall.lut.ac.uk 10-24-2023,esmond data psmp-gn-bw-vie-at.geant.org to psmall.lut.ac.uk 10-24-2023_mr10_Mean_imputed.csv,esmond data psmp-gn-bw-vie-at.geant.org to psmall.lut.ac.uk 10-24-2023_longest.csv,Mean,,1102,105.25536118283891,0.009411289829218593,29,7,0.7586206896551724,0.24137931034482762,0.9795344824191272,18,0.9629464465204508
esmond data psmp-gn-bw-vie-at.geant.org to psmall.lut.ac.uk 10-24-2023,esmond data psmp-gn-bw-vie-at.geant.org to psmall.lut.ac.uk 10-24-2023_mr20_Mean_imputed.csv,esmond data psmp-gn-bw-vie-at.geant.org to psmall.lut.ac.uk 10-24-2023_longest.csv,Mean,,1102,202.9482641303282,0.004903204272241191,29,7,0.7586206896551724,0.24137931034482762,0.9579914864052678,18,0.9138831702834825
esmond data psmp-gn-bw-vie-at.geant.org to psmall.lut.ac.uk 10-24-2023,esmond data psmp-gn-bw-vie-at.geant.org to psmall.lut.ac.uk 10-24-2023_mr30_Mean_imputed.csv,esmond data psmp-gn-bw-vie-at.geant.org to psmall.lut.ac.uk 10-24-2023_longest.csv,Mean,,1102,325.8456371450619,0.0030595482587279454,29,4,0.8620689655172413,0.13793103448275867,0.9265205173081555,16,0.8564188697216566
esmond data psmp-gn-bw-vie-at.geant.org to psmall.lut.ac.uk 10-24-2023,esmond data psmp-gn-bw-vie-at.geant.org to psmall.lut.ac.uk 10-24-2023_mr40_Mean_imputed.csv,esmond data psmp-gn-bw-vie-at.geant.org to psmall.lut.ac.uk 10-24-2023_longest.csv,Mean,,1102,413.91101160252896,0.002410155363526401,29,4,0.8620689655172413,0.13793103448275867,0.9133230280706284,16,0.8163035082388356
esmond data psmp-gn-bw-vie-at.geant.org to psmall.lut.ac.uk 10-24-2023,esmond data psmp-gn-bw-vie-at.geant.org to psmall.lut.ac.uk 10-24-2023_mr10_SVD_KNN_imputed.csv,esmond data psmp-gn-bw-vie-at.geant.org to psmall.lut.ac.uk 10-24-2023_longest.csv,SVD_KNN,,1102,114.44837175155097,0.008661880499727062,29,79,0.6329113924050633,0.36708860759493667,0.9776431224526316,54,0.9677635907870897
esmond data psmp-gn-bw-vie-at.geant.org to psmall.lut.ac.uk 10-24-2023,esmond data psmp-gn-bw-vie-at.geant.org to psmall.lut.ac.uk 10-24-2023_mr20_SVD_KNN_imputed.csv,esmond data psmp-gn-bw-vie-at.geant.org to psmall.lut.ac.uk 10-24-2023_longest.csv,SVD_KNN,,1102,201.1612752623231,0.00494654576502056,29,79,0.6329113924050633,0.36708860759493667,0.9528839127873455,54,0.8356082662906268
esmond data psmp-gn-bw-vie-at.geant.org to psmall.lut.ac.uk 10-24-2023,esmond data psmp-gn-bw-vie-at.geant.org to psmall.lut.ac.uk 10-24-2023_mr30_SVD_KNN_imputed.csv,esmond data psmp-gn-bw-vie-at.geant.org to psmall.lut.ac.uk 10-24-2023_longest.csv,SVD_KNN,,1102,326.0551437366117,0.0030575883582657643,29,4,0.8620689655172413,0.13793103448275867,0.9217202019616617,16,0.8417391846624055
esmond data psmp-gn-bw-vie-at.geant.org to psmall.lut.ac.uk 10-24-2023,esmond data psmp-gn-bw-vie-at.geant.org to psmall.lut.ac.uk 10-24-2023_mr40_SVD_KNN_imputed.csv,esmond data psmp-gn-bw-vie-at.geant.org to psmall.lut.ac.uk 10-24-2023_longest.csv,SVD_KNN,,1102,394.121764315238,0.002530865394704441,29,79,0.6329113924050633,0.36708860759493667,0.9019342919238699,54,0.7362625112341264
esmond data psmp-gn-bw-vie-at.geant.org to psmall.lut.ac.uk 10-24-2023,esmond data psmp-gn-bw-vie-at.geant.org to psmall.lut.ac.uk 10-24-2023_mr10_SVD_KNN_Hankel_imputed.csv,esmond data psmp-gn-bw-vie-at.geant.org to psmall.lut.ac.uk 10-24-2023_longest.csv,SVD_KNN_Hankel,,1102,112.31862074261187,0.00882467500439638,29,7,0.7586206896551724,0.24137931034482762,0.9775411191305076,18,0.9590703802991261
esmond data psmp-gn-bw-vie-at.geant.org to psmall.lut.ac.uk 10-24-2023,esmond data psmp-gn-bw-vie-at.geant.org to psmall.lut.ac.uk 10-24-2023_mr20_SVD_KNN_Hankel_imputed.csv,esmond data psmp-gn-bw-vie-at.geant.org to psmall.lut.ac.uk 10-24-2023_longest.csv,SVD_KNN_Hankel,,1102,206.36128298349723,0.004822501026286496,29,6,0.7931034482758621,0.2068965517241379,0.9550025719502323,17,0.9043225827959706
esmond data psmp-gn-bw-vie-at.geant.org to psmall.lut.ac.uk 10-24-2023,esmond data psmp-gn-bw-vie-at.geant.org to psmall.lut.ac.uk 10-24-2023_mr30_SVD_KNN_Hankel_imputed.csv,esmond data psmp-gn-bw-vie-at.geant.org to psmall.lut.ac.uk 10-24-2023_longest.csv,SVD_KNN_Hankel,,1102,326.9088886983601,0.003049627608356446,29,4,0.8620689655172413,0.13793103448275867,0.9202166549012775,16,0.8143729583109697
esmond data psmp-gn-bw-vie-at.geant.org to psmall.lut.ac.uk 10-24-2023,esmond data psmp-gn-bw-vie-at.geant.org to psmall.lut.ac.uk 10-24-2023_mr40_SVD_KNN_Hankel_imputed.csv,esmond data psmp-gn-bw-vie-at.geant.org to psmall.lut.ac.uk 10-24-2023_longest.csv,SVD_KNN_Hankel,,1102,403.78803558024237,0.0024704287481386463,29,5,0.8275862068965517,0.1724137931034483,0.9095008732204116,17,0.8133332353813454
esmond data psmp-gn-bw-vie-at.geant.org to psmall.lut.ac.uk 10-24-2023,esmond data psmp-gn-bw-vie-at.geant.org to psmall.lut.ac.uk 10-24-2023_mr10_Spline_imputed.csv,esmond data psmp-gn-bw-vie-at.geant.org to psmall.lut.ac.uk 10-24-2023_longest.csv,Spline,,1102,113.17325422644758,0.008758618704312588,29,19,0.3448275862068966,0.6551724137931034,0.9491047303921399,24,0.921019477679375
esmond data psmp-gn-bw-vie-at.geant.org to psmall.lut.ac.uk 10-24-2023,esmond data psmp-gn-bw-vie-at.geant.org to psmall.lut.ac.uk 10-24-2023_mr20_Spline_imputed.csv,esmond data psmp-gn-bw-vie-at.geant.org to psmall.lut.ac.uk 10-24-2023_longest.csv,Spline,,1102,280.82372659518984,0.003548317283577741,29,29,0.0,1.0,0.871873334645879,29,0.6960116469276908
esmond data psmp-gn-bw-vie-at.geant.org to psmall.lut.ac.uk 10-24-2023,esmond data psmp-gn-bw-vie-at.geant.org to psmall.lut.ac.uk 10-24-2023_mr30_Spline_imputed.csv,esmond data psmp-gn-bw-vie-at.geant.org to psmall.lut.ac.uk 10-24-2023_longest.csv,Spline,,1102,370.52121121401876,0.0026916363583449326,29,19,0.3448275862068966,0.6551724137931034,0.8080800480582014,24,0.45808320533269903
esmond data psmp-gn-bw-vie-at.geant.org to psmall.lut.ac.uk 10-24-2023,esmond data psmp-gn-bw-vie-at.geant.org to psmall.lut.ac.uk 10-24-2023_mr40_Spline_imputed.csv,esmond data psmp-gn-bw-vie-at.geant.org to psmall.lut.ac.uk 10-24-2023_longest.csv,Spline,,1102,611.6401772130871,0.0016322794965048174,29,14,0.5172413793103449,0.48275862068965514,0.7589867421941049,21,0.16363155209910288
esmond data pspmp-anella.csuc.cat to psmp-gn-bw-poz-pl.geant.org 10-24-2023,esmond data pspmp-anella.csuc.cat to psmp-gn-bw-poz-pl.geant.org 10-24-2023_mr10_ARIMA_imputed.csv,esmond data pspmp-anella.csuc.cat to psmp-gn-bw-poz-pl.geant.org 10-24-2023_longest.csv,ARIMA,,731,74.70535305764568,0.013209105560059302,7,7,0.0,1.0,0.978196290086708,7,0.9427066909142028
esmond data pspmp-anella.csuc.cat to psmp-gn-bw-poz-pl.geant.org 10-24-2023,esmond data pspmp-anella.csuc.cat to psmp-gn-bw-poz-pl.geant.org 10-24-2023_mr20_ARIMA_imputed.csv,esmond data pspmp-anella.csuc.cat to psmp-gn-bw-poz-pl.geant.org 10-24-2023_longest.csv,ARIMA,,731,145.88490072619646,0.0068080517129808235,7,7,0.0,1.0,0.9518201591242416,7,0.8649725262979885
esmond data pspmp-anella.csuc.cat to psmp-gn-bw-poz-pl.geant.org 10-24-2023,esmond data pspmp-anella.csuc.cat to psmp-gn-bw-poz-pl.geant.org 10-24-2023_mr30_ARIMA_imputed.csv,esmond data pspmp-anella.csuc.cat to psmp-gn-bw-poz-pl.geant.org 10-24-2023_longest.csv,ARIMA,,731,209.1423355776675,0.004758679383909318,7,8,0.125,0.875,0.9272211515749303,7,0.7825718948140776
esmond data pspmp-anella.csuc.cat to psmp-gn-bw-poz-pl.geant.org 10-24-2023,esmond data pspmp-anella.csuc.cat to psmp-gn-bw-poz-pl.geant.org 10-24-2023_mr40_ARIMA_imputed.csv,esmond data pspmp-anella.csuc.cat to psmp-gn-bw-poz-pl.geant.org 10-24-2023_longest.csv,ARIMA,,731,286.91308837919865,0.0034732703734640246,7,15,0.5333333333333333,0.4666666666666667,0.8766677097980125,11,0.6551734493220543
esmond data pspmp-anella.csuc.cat to psmp-gn-bw-poz-pl.geant.org 10-24-2023,esmond data pspmp-anella.csuc.cat to psmp-gn-bw-poz-pl.geant.org 10-24-2023_mr10_HoltWinters_imputed.csv,esmond data pspmp-anella.csuc.cat to psmp-gn-bw-poz-pl.geant.org 10-24-2023_longest.csv,HoltWinters,,731,75.01732249963656,0.013154896372531154,7,7,0.0,1.0,0.9784201990492499,7,0.9437343676183629
esmond data pspmp-anella.csuc.cat to psmp-gn-bw-poz-pl.geant.org 10-24-2023,esmond data pspmp-anella.csuc.cat to psmp-gn-bw-poz-pl.geant.org 10-24-2023_mr20_HoltWinters_imputed.csv,esmond data pspmp-anella.csuc.cat to psmp-gn-bw-poz-pl.geant.org 10-24-2023_longest.csv,HoltWinters,,731,139.4644335235239,0.00711923990233818,7,7,0.0,1.0,0.9516140360861262,7,0.8675744608937791
esmond data pspmp-anella.csuc.cat to psmp-gn-bw-poz-pl.geant.org 10-24-2023,esmond data pspmp-anella.csuc.cat to psmp-gn-bw-poz-pl.geant.org 10-24-2023_mr30_HoltWinters_imputed.csv,esmond data pspmp-anella.csuc.cat to psmp-gn-bw-poz-pl.geant.org 10-24-2023_longest.csv,HoltWinters,,731,198.3373392364721,0.0050166215914706725,7,8,0.125,0.875,0.9124464628208654,7,0.7478899836787538
esmond data pspmp-anella.csuc.cat to psmp-gn-bw-poz-pl.geant.org 10-24-2023,esmond data pspmp-anella.csuc.cat to psmp-gn-bw-poz-pl.geant.org 10-24-2023_mr40_HoltWinters_imputed.csv,esmond data pspmp-anella.csuc.cat to psmp-gn-bw-poz-pl.geant.org 10-24-2023_longest.csv,HoltWinters,,731,260.8841016694806,0.003818483037439527,7,15,0.5333333333333333,0.4666666666666667,0.8607884403440326,11,0.6479028397341756
esmond data pspmp-anella.csuc.cat to psmp-gn-bw-poz-pl.geant.org 10-24-2023,esmond data pspmp-anella.csuc.cat to psmp-gn-bw-poz-pl.geant.org 10-24-2023_mr10_KNN_Sklearn_imputed.csv,esmond data pspmp-anella.csuc.cat to psmp-gn-bw-poz-pl.geant.org 10-24-2023_longest.csv,KNN_Sklearn,,731,74.21241892117254,0.01329567662287347,7,7,0.0,1.0,0.9781382719262679,7,0.9440933460102774
esmond data pspmp-anella.csuc.cat to psmp-gn-bw-poz-pl.geant.org 10-24-2023,esmond data pspmp-anella.csuc.cat to psmp-gn-bw-poz-pl.geant.org 10-24-2023_mr20_KNN_Sklearn_imputed.csv,esmond data pspmp-anella.csuc.cat to psmp-gn-bw-poz-pl.geant.org 10-24-2023_longest.csv,KNN_Sklearn,,731,142.67353303908666,0.006960224189154923,7,7,0.0,1.0,0.9556262405270369,7,0.8838077148038906
esmond data pspmp-anella.csuc.cat to psmp-gn-bw-poz-pl.geant.org 10-24-2023,esmond data pspmp-anella.csuc.cat to psmp-gn-bw-poz-pl.geant.org 10-24-2023_mr30_KNN_Sklearn_imputed.csv,esmond data pspmp-anella.csuc.cat to psmp-gn-bw-poz-pl.geant.org 10-24-2023_longest.csv,KNN_Sklearn,,731,203.9590630805359,0.004879023083780703,7,8,0.125,0.875,0.9306912563821995,7,0.8108450723578076
esmond data pspmp-anella.csuc.cat to psmp-gn-bw-poz-pl.geant.org 10-24-2023,esmond data pspmp-anella.csuc.cat to psmp-gn-bw-poz-pl.geant.org 10-24-2023_mr40_KNN_Sklearn_imputed.csv,esmond data pspmp-anella.csuc.cat to psmp-gn-bw-poz-pl.geant.org 10-24-2023_longest.csv,KNN_Sklearn,,731,282.57522827121585,0.003526401110902339,7,15,0.5333333333333333,0.4666666666666667,0.9028133095085515,11,0.7195573647506566
esmond data pspmp-anella.csuc.cat to psmp-gn-bw-poz-pl.geant.org 10-24-2023,esmond data pspmp-anella.csuc.cat to psmp-gn-bw-poz-pl.geant.org 10-24-2023_mr10_Kalman_imputed.csv,esmond data pspmp-anella.csuc.cat to psmp-gn-bw-poz-pl.geant.org 10-24-2023_longest.csv,Kalman,,731,91.93330562946629,0.010760404929391974,7,7,0.0,1.0,0.9459738044506906,7,0.875160631468627
esmond data pspmp-anella.csuc.cat to psmp-gn-bw-poz-pl.geant.org 10-24-2023,esmond data pspmp-anella.csuc.cat to psmp-gn-bw-poz-pl.geant.org 10-24-2023_mr20_Kalman_imputed.csv,esmond data pspmp-anella.csuc.cat to psmp-gn-bw-poz-pl.geant.org 10-24-2023_longest.csv,Kalman,,731,196.08802432276804,0.005073875002990113,7,5,0.2857142857142857,0.7142857142857143,0.874423915139644,6,0.6788503685974488
esmond data pspmp-anella.csuc.cat to psmp-gn-bw-poz-pl.geant.org 10-24-2023,esmond data pspmp-anella.csuc.cat to psmp-gn-bw-poz-pl.geant.org 10-24-2023_mr30_Kalman_imputed.csv,esmond data pspmp-anella.csuc.cat to psmp-gn-bw-poz-pl.geant.org 10-24-2023_longest.csv,Kalman,,731,260.29238817037685,0.003827130239048317,7,8,0.125,0.875,0.835380669838709,7,0.5182426466790118
esmond data pspmp-anella.csuc.cat to psmp-gn-bw-poz-pl.geant.org 10-24-2023,esmond data pspmp-anella.csuc.cat to psmp-gn-bw-poz-pl.geant.org 10-24-2023_mr40_Kalman_imputed.csv,esmond data pspmp-anella.csuc.cat to psmp-gn-bw-poz-pl.geant.org 10-24-2023_longest.csv,Kalman,,731,319.3255131225271,0.0031218243912325893,7,17,0.5882352941176471,0.4117647058823529,0.7925999364241474,12,0.4991432347927611
esmond data pspmp-anella.csuc.cat to psmp-gn-bw-poz-pl.geant.org 10-24-2023,esmond data pspmp-anella.csuc.cat to psmp-gn-bw-poz-pl.geant.org 10-24-2023_mr10_LOCF_imputed.csv,esmond data pspmp-anella.csuc.cat to psmp-gn-bw-poz-pl.geant.org 10-24-2023_longest.csv,LOCF,,731,51.45385727014952,0.01906437490096807,7,7,0.0,1.0,0.9625112123114781,7,0.9030333881675416
esmond data pspmp-anella.csuc.cat to psmp-gn-bw-poz-pl.geant.org 10-24-2023,esmond data pspmp-anella.csuc.cat to psmp-gn-bw-poz-pl.geant.org 10-24-2023_mr20_LOCF_imputed.csv,esmond data pspmp-anella.csuc.cat to psmp-gn-bw-poz-pl.geant.org 10-24-2023_longest.csv,LOCF,,731,97.13584986487153,0.010189956080035513,7,15,0.5333333333333333,0.4666666666666667,0.9218397434699964,11,0.7673020296131707
esmond data pspmp-anella.csuc.cat to psmp-gn-bw-poz-pl.geant.org 10-24-2023,esmond data pspmp-anella.csuc.cat to psmp-gn-bw-poz-pl.geant.org 10-24-2023_mr30_LOCF_imputed.csv,esmond data pspmp-anella.csuc.cat to psmp-gn-bw-poz-pl.geant.org 10-24-2023_longest.csv,LOCF,,731,150.75713165659786,0.0065894761523487425,7,8,0.125,0.875,0.8900847201425014,7,0.7012040781311402
esmond data pspmp-anella.csuc.cat to psmp-gn-bw-poz-pl.geant.org 10-24-2023,esmond data pspmp-anella.csuc.cat to psmp-gn-bw-poz-pl.geant.org 10-24-2023_mr40_LOCF_imputed.csv,esmond data pspmp-anella.csuc.cat to psmp-gn-bw-poz-pl.geant.org 10-24-2023_longest.csv,LOCF,,731,193.99886567314732,0.005128234959459597,7,15,0.5333333333333333,0.4666666666666667,0.8446304179173066,11,0.593213356321846
esmond data pspmp-anella.csuc.cat to psmp-gn-bw-poz-pl.geant.org 10-24-2023,esmond data pspmp-anella.csuc.cat to psmp-gn-bw-poz-pl.geant.org 10-24-2023_mr10_Linear_imputed.csv,esmond data pspmp-anella.csuc.cat to psmp-gn-bw-poz-pl.geant.org 10-24-2023_longest.csv,Linear,,731,75.31290662960136,0.013103943279918335,7,7,0.0,1.0,0.9671223788883156,7,0.9219099600115418
esmond data pspmp-anella.csuc.cat to psmp-gn-bw-poz-pl.geant.org 10-24-2023,esmond data pspmp-anella.csuc.cat to psmp-gn-bw-poz-pl.geant.org 10-24-2023_mr20_Linear_imputed.csv,esmond data pspmp-anella.csuc.cat to psmp-gn-bw-poz-pl.geant.org 10-24-2023_longest.csv,Linear,,731,144.35222728156293,0.006879839536706185,7,15,0.5333333333333333,0.4666666666666667,0.9271436343627689,11,0.8043251640823451
esmond data pspmp-anella.csuc.cat to psmp-gn-bw-poz-pl.geant.org 10-24-2023,esmond data pspmp-anella.csuc.cat to psmp-gn-bw-poz-pl.geant.org 10-24-2023_mr30_Linear_imputed.csv,esmond data pspmp-anella.csuc.cat to psmp-gn-bw-poz-pl.geant.org 10-24-2023_longest.csv,Linear,,731,202.26155634407544,0.00491976947331461,7,8,0.125,0.875,0.8908499646725774,7,0.7142484248553252
esmond data pspmp-anella.csuc.cat to psmp-gn-bw-poz-pl.geant.org 10-24-2023,esmond data pspmp-anella.csuc.cat to psmp-gn-bw-poz-pl.geant.org 10-24-2023_mr40_Linear_imputed.csv,esmond data pspmp-anella.csuc.cat to psmp-gn-bw-poz-pl.geant.org 10-24-2023_longest.csv,Linear,,731,280.87068443050845,0.003547726156838197,7,15,0.5333333333333333,0.4666666666666667,0.8240357234636486,11,0.6283705887382329
esmond data pspmp-anella.csuc.cat to psmp-gn-bw-poz-pl.geant.org 10-24-2023,esmond data pspmp-anella.csuc.cat to psmp-gn-bw-poz-pl.geant.org 10-24-2023_mr10_Mean_imputed.csv,esmond data pspmp-anella.csuc.cat to psmp-gn-bw-poz-pl.geant.org 10-24-2023_longest.csv,Mean,,731,74.21241892117254,0.01329567662287347,7,7,0.0,1.0,0.9781382719262679,7,0.9440933460102774
esmond data pspmp-anella.csuc.cat to psmp-gn-bw-poz-pl.geant.org 10-24-2023,esmond data pspmp-anella.csuc.cat to psmp-gn-bw-poz-pl.geant.org 10-24-2023_mr20_Mean_imputed.csv,esmond data pspmp-anella.csuc.cat to psmp-gn-bw-poz-pl.geant.org 10-24-2023_longest.csv,Mean,,731,142.67353303908666,0.006960224189154923,7,7,0.0,1.0,0.9556262405270369,7,0.8838077148038906
esmond data pspmp-anella.csuc.cat to psmp-gn-bw-poz-pl.geant.org 10-24-2023,esmond data pspmp-anella.csuc.cat to psmp-gn-bw-poz-pl.geant.org 10-24-2023_mr30_Mean_imputed.csv,esmond data pspmp-anella.csuc.cat to psmp-gn-bw-poz-pl.geant.org 10-24-2023_longest.csv,Mean,,731,203.9590630805359,0.004879023083780703,7,8,0.125,0.875,0.9306912563821995,7,0.8108450723578076
esmond data pspmp-anella.csuc.cat to psmp-gn-bw-poz-pl.geant.org 10-24-2023,esmond data pspmp-anella.csuc.cat to psmp-gn-bw-poz-pl.geant.org 10-24-2023_mr40_Mean_imputed.csv,esmond data pspmp-anella.csuc.cat to psmp-gn-bw-poz-pl.geant.org 10-24-2023_longest.csv,Mean,,731,282.57522827121585,0.003526401110902339,7,15,0.5333333333333333,0.4666666666666667,0.9028133095085515,11,0.7195573647506566
esmond data pspmp-anella.csuc.cat to psmp-gn-bw-poz-pl.geant.org 10-24-2023,esmond data pspmp-anella.csuc.cat to psmp-gn-bw-poz-pl.geant.org 10-24-2023_mr10_SVD_KNN_imputed.csv,esmond data pspmp-anella.csuc.cat to psmp-gn-bw-poz-pl.geant.org 10-24-2023_longest.csv,SVD_KNN,,731,77.10675544663283,0.012802989885852566,7,7,0.0,1.0,0.9746923333029769,7,0.9424104150020433
esmond data pspmp-anella.csuc.cat to psmp-gn-bw-poz-pl.geant.org 10-24-2023,esmond data pspmp-anella.csuc.cat to psmp-gn-bw-poz-pl.geant.org 10-24-2023_mr20_SVD_KNN_imputed.csv,esmond data pspmp-anella.csuc.cat to psmp-gn-bw-poz-pl.geant.org 10-24-2023_longest.csv,SVD_KNN,,731,132.51684717315578,0.0074896915346054915,7,7,0.0,1.0,0.9529998438589203,7,0.8879392553313522
esmond data pspmp-anella.csuc.cat to psmp-gn-bw-poz-pl.geant.org 10-24-2023,esmond data pspmp-anella.csuc.cat to psmp-gn-bw-poz-pl.geant.org 10-24-2023_mr30_SVD_KNN_imputed.csv,esmond data pspmp-anella.csuc.cat to psmp-gn-bw-poz-pl.geant.org 10-24-2023_longest.csv,SVD_KNN,,731,193.5201098002522,0.005140856649869645,7,8,0.125,0.875,0.911399893408274,7,0.7657156689357999
esmond data pspmp-anella.csuc.cat to psmp-gn-bw-poz-pl.geant.org 10-24-2023,esmond data pspmp-anella.csuc.cat to psmp-gn-bw-poz-pl.geant.org 10-24-2023_mr40_SVD_KNN_imputed.csv,esmond data pspmp-anella.csuc.cat to psmp-gn-bw-poz-pl.geant.org 10-24-2023_longest.csv,SVD_KNN,,731,258.9892133557598,0.0038463134185172383,7,15,0.5333333333333333,0.4666666666666667,0.8930972299162206,11,0.6903776455293458
esmond data pspmp-anella.csuc.cat to psmp-gn-bw-poz-pl.geant.org 10-24-2023,esmond data pspmp-anella.csuc.cat to psmp-gn-bw-poz-pl.geant.org 10-24-2023_mr10_SVD_KNN_Hankel_imputed.csv,esmond data pspmp-anella.csuc.cat to psmp-gn-bw-poz-pl.geant.org 10-24-2023_longest.csv,SVD_KNN_Hankel,,731,76.35919858566788,0.012926710957231493,7,7,0.0,1.0,0.974049416436984,7,0.9412878395278849
esmond data pspmp-anella.csuc.cat to psmp-gn-bw-poz-pl.geant.org 10-24-2023,esmond data pspmp-anella.csuc.cat to psmp-gn-bw-poz-pl.geant.org 10-24-2023_mr20_SVD_KNN_Hankel_imputed.csv,esmond data pspmp-anella.csuc.cat to psmp-gn-bw-poz-pl.geant.org 10-24-2023_longest.csv,SVD_KNN_Hankel,,731,132.62718385783043,0.007483507256008081,7,7,0.0,1.0,0.9488523372123421,7,0.8749373836133988
esmond data pspmp-anella.csuc.cat to psmp-gn-bw-poz-pl.geant.org 10-24-2023,esmond data pspmp-anella.csuc.cat to psmp-gn-bw-poz-pl.geant.org 10-24-2023_mr30_SVD_KNN_Hankel_imputed.csv,esmond data pspmp-anella.csuc.cat to psmp-gn-bw-poz-pl.geant.org 10-24-2023_longest.csv,SVD_KNN_Hankel,,731,207.09052787206332,0.004805600765330427,7,8,0.125,0.875,0.9188136683395239,7,0.78365186593198
esmond data pspmp-anella.csuc.cat to psmp-gn-bw-poz-pl.geant.org 10-24-2023,esmond data pspmp-anella.csuc.cat to psmp-gn-bw-poz-pl.geant.org 10-24-2023_mr40_SVD_KNN_Hankel_imputed.csv,esmond data pspmp-anella.csuc.cat to psmp-gn-bw-poz-pl.geant.org 10-24-2023_longest.csv,SVD_KNN_Hankel,,731,269.43967514890466,0.0036976822999413746,7,17,0.5882352941176471,0.4117647058823529,0.8865873799704553,12,0.6616714900489166
esmond data pspmp-anella.csuc.cat to psmp-gn-bw-poz-pl.geant.org 10-24-2023,esmond data pspmp-anella.csuc.cat to psmp-gn-bw-poz-pl.geant.org 10-24-2023_mr10_Spline_imputed.csv,esmond data pspmp-anella.csuc.cat to psmp-gn-bw-poz-pl.geant.org 10-24-2023_longest.csv,Spline,,731,92.81464445831327,0.010659316632003568,7,7,0.0,1.0,0.93434787174925,7,0.821397869476682
esmond data pspmp-anella.csuc.cat to psmp-gn-bw-poz-pl.geant.org 10-24-2023,esmond data pspmp-anella.csuc.cat to psmp-gn-bw-poz-pl.geant.org 10-24-2023_mr20_Spline_imputed.csv,esmond data pspmp-anella.csuc.cat to psmp-gn-bw-poz-pl.geant.org 10-24-2023_longest.csv,Spline,,731,165.40641964270063,0.006009383545100898,7,15,0.5333333333333333,0.4666666666666667,0.8789273529919919,11,0.6764562513478473
esmond data pspmp-anella.csuc.cat to psmp-gn-bw-poz-pl.geant.org 10-24-2023,esmond data pspmp-anella.csuc.cat to psmp-gn-bw-poz-pl.geant.org 10-24-2023_mr30_Spline_imputed.csv,esmond data pspmp-anella.csuc.cat to psmp-gn-bw-poz-pl.geant.org 10-24-2023_longest.csv,Spline,,731,270.22675550940977,0.003686951894262167,7,9,0.2222222222222222,0.7777777777777778,0.8091149454254901,8,0.4586629292142596
esmond data pspmp-anella.csuc.cat to psmp-gn-bw-poz-pl.geant.org 10-24-2023,esmond data pspmp-anella.csuc.cat to psmp-gn-bw-poz-pl.geant.org 10-24-2023_mr40_Spline_imputed.csv,esmond data pspmp-anella.csuc.cat to psmp-gn-bw-poz-pl.geant.org 10-24-2023_longest.csv,Spline,,731,321.53563037814854,0.0031004326524408355,7,15,0.5333333333333333,0.4666666666666667,0.7321677969358511,11,0.4279570750731392
